reviewId,userName,userImage,content,score,thumbsUpCount,reviewCreatedVersion,at,replyContent,repliedAt
gp:AOqpTOGOuGc08jCk4zkD0766gjGK8NpKtEqgCjVTuvUMFgK_rbT8j1OC-_v4oAQwdBtuzCmBtyGfCpv-7Z_SQg,David Z.,https://play-lh.googleusercontent.com/a-/AOh14GiPDh4YMYTCkROARKMxWJ9A5wIjqU-0KlWsIYzIqw,Good app if you want to follow the recommended routine.,5,0,1.4.2,2021-02-06 04:07:16,,
gp:AOqpTOGu3IQvRblcgEdirIZ9zZ7Loy3mHcc_G0I0_3sVuwUbkB6JWVQfGYoViFkdz0E-E35xORohEtLyzOf43Q,adam goldsmith,https://play-lh.googleusercontent.com/a-/AOh14GgJOtHDr1tn_7Cl7IjporE5wAjmzefkIyXN3nyG,"Excellent but, please update to the latest recommended routine. Useless until you do.....",2,1,1.4.2,2021-01-26 23:19:53,,
gp:AOqpTOGR5KCfdO044sXRhqOPhXuAwzw6L1iWviRR6iYEPFd3bboprLjw8-6xeu72JlxnJxFjXQWT-Oy2wPvBAg,James Holub,https://play-lh.googleusercontent.com/a-/AOh14GhFLo7XV2UKihzgKTx3ADAWp-vKDBOsjil86LGSFgg,Great workout app. Perfect for beginners and experienced folks alike.,5,2,1.4.2,2020-12-01 04:10:59,,
gp:AOqpTOFrxf6vJBwetCd5xMH_27PG8N19Pa4JlKRwbwuxmSTGUefOAvvAKRPH2Uz-b-H5PJ99Pwa3cx-LGE5Tjw,Josua van Dyk,https://play-lh.googleusercontent.com/-eMshDHRgjSI/AAAAAAAAAAI/AAAAAAAAAAA/AMZuuclDPCcQRR_Z51V06ACZNjE4fbm-mA/photo.jpg,Good,5,0,1.4.2,2020-11-17 12:25:03,,
gp:AOqpTOFw3tOOfzIutkYzZv5qp-w6zAYken6-jx1h2RjIwEAi_Z3EZ2XcxJQ_0VcsBSGZ2dOMp0JPvb-k-1Q0FA,Brett Naughton,https://play-lh.googleusercontent.com/a-/AOh14GjIkyxYcjv1iS8KxaA3EM6YRe0XrGdfUZ4Pj9_OFEM,"Bought this app years ago, I will get around to using it any day now.",4,0,1.4.2,2020-10-21 09:05:44,,
gp:AOqpTOGejTKaAGcfIGBQ3jm9bgafVNHyhCbw52hnHz2AvXKvLo5fSMAwICYtcG2_VibzMHZ8qNjyuvIlqhvGNg,Craig Ballantyne,https://play-lh.googleusercontent.com/-pXBLxpMhR2k/AAAAAAAAAAI/AAAAAAAAAAA/AMZuuclfVxhfpjyILLGAh8J5avU3ulGe8w/photo.jpg,"I used to train at the gym lifting weights! Then the corona virus struck & I had to find a home workout, did my research & this was recommended on reddit! I feel like I've gained more from this than any other workout I've done! Very intense & very effective. I highly recommend it. I bought the paid version in support of the creators to show my appreciation.",5,3,1.4.2,2020-10-16 12:37:18,,
gp:AOqpTOHYoLkQjbilxYQEPV6a5TYiXSBsp7wZf-_RMF6CMq-56p_8D98sxz_rNhc55302f3xJft5C18zv9JFztg,Profundity's Brother,https://play-lh.googleusercontent.com/-iVnWnfZFK48/AAAAAAAAAAI/AAAAAAAAAAA/AMZuucl7RaTdWHAFET-z3_fL3CLZoEVu2g/photo.jpg,"Very useful overall and easy enough to follow, the it isn't the most intuitive user-interface in the world",4,5,1.4.2,2020-08-17 01:45:29,,
gp:AOqpTOHzOiE7JQTYNwq5AUN9GfX2GL6XW38GyOgI_peqPZ897Zl12EKLz8bi-bdyr4YkkcC-3TnQ1nlzqbrs2A,Sam Verrydt,https://play-lh.googleusercontent.com/a-/AOh14Gh1C0in0Kg27TPB8ukThKhLyo7mvX2SYlUay15TZg,Works great,5,0,1.4.2,2020-07-30 09:53:02,,
gp:AOqpTOHNXXlCktsilfUQb-gp7s__NwPPuQypyW5PQipWtT4RDxQMPHD9ygp6wNPg3vYw8xyf1Mnl9RS8mkCHpQ,Jonathan Sills-Martel,https://play-lh.googleusercontent.com/a-/AOh14GjiUoJb81lEj0Ek8h29OH2ZpypN2HkVnbzJMgS_Jw,"Has huge potential, however the current exercices list is extremely limited and contains only entry level exercices. It is also impossible to add custom exercices rendering this app almost useless to anyone intermediate to advanced fitness level.",3,6,1.4.2,2020-07-05 18:25:29,,
gp:AOqpTOEzIJNUKSFrFMH6q_Bv_rQjy2ZhyHGaDyNCq4bgIrby-NFOXQ8X4lQtPLiyJi3ZGh_sln7zewrD67cNuA,Daniel Kuske,https://play-lh.googleusercontent.com/-xle8eSXxGQE/AAAAAAAAAAI/AAAAAAAAAAA/AMZuuck8ixLE3qnF1Nmrjb8YnMVcfv_qBA/photo.jpg,Great routine to follow along. The menus aren't super intuitive but it works.,5,2,1.4.2,2020-07-01 12:32:23,,
gp:AOqpTOFDkXxhExTEaYzPyZcx3QtZF3gejYXgitknKi52ErkKaovpq9b36KddnYqxV91DuZPfTKLc3bJRBn4BWA,DeepEndDiving,https://play-lh.googleusercontent.com/-TOSzcwaVUkA/AAAAAAAAAAI/AAAAAAAAAAA/AMZuucmlx27KLcWqUE9hvx9u6tgjZusIYQ/photo.jpg,Great strength results. Very happy with this app.,5,0,1.4.2,2020-06-11 13:40:44,,
gp:AOqpTOHWqkZj06Co6zm7Tfw4jdCGxySu7q7Q7c-3lS7_DBGV6ZMBWGYcIe0hwPu1ua9NmknlCJsLNa--ktGg-w,Tariq Alaujaili,https://play-lh.googleusercontent.com/-NZJU2spSaSs/AAAAAAAAAAI/AAAAAAAAAAA/AMZuucnG9VJGcQpuOCXjRGZ1eZzcHHb-XQ/photo.jpg,Shockingly simple & effective,5,0,1.4.2,2020-06-07 20:41:30,,
gp:AOqpTOEY7MiJaPiMcKLZiAmphQnbeMGOltYcmJ655Tyf_vI0OhM7oPoa4NBUiWQIqnS2QHAySA3MS47_he66xw,Mark Fitzgerald,https://play-lh.googleusercontent.com/a-/AOh14GhNHGiUFw2ixtdmzX8XFme_rQHBj8TJY_11b-p4PR4,Love it,5,0,1.4.2,2020-05-27 03:19:28,,
gp:AOqpTOH21-tXnYjozaUGlJa5LXr7j4eH2EpsJ5V3QojRUmCXYz5ujSTy2UGAtt_fqRwSnIEVnJqrTf9NZ3Hz1w,Lpkyt Tbbt,https://play-lh.googleusercontent.com/-QG_O-og7Xag/AAAAAAAAAAI/AAAAAAAAAAA/AMZuuclH_nW58ysdjMyIS1fjjCVhYWq6mw/photo.jpg,"Simply put, it works well and properly employed minimizes injury risk.",5,2,1.4.2,2020-05-17 13:11:20,,
gp:AOqpTOFujjQUozPK353VMSoPAkvA_c3TmBsDz5plIazdTL_Bk4rcdr4nc6pnuRBaIHR_b_eR5hiflGVsNc9Shw,Christian Wrona,https://play-lh.googleusercontent.com/a-/AOh14GghmYOY85GkjmxkEBUpMDL-03kODEYn3XCPMPyNTg,This app should cost more!,5,0,1.4.2,2020-05-08 07:12:31,,
gp:AOqpTOFeQtQe-rQ7zw2UWT-ykOTZWTTkJDE-PkIGWg3YoCoVZvwobFZds1VvaKdIAedkUvd-D7NTl9u5S_u3-g,James R,https://play-lh.googleusercontent.com/a-/AOh14Gi5B4aYgIkhzhDDDNAgem1LoXgjF8PaV4z9rffuvls,I paid the two dollars extra because there's a lot of work in this app. It's bodyweight with progressions and all in a tidy pretty straight forward package. A great service to bodyweight and general fitness fanatics. Thanks for making this available 😊,5,3,1.4.2,2020-04-20 06:28:59,,
gp:AOqpTOE3_u8rarfqEA99fxYmZWXcYg85U8SHbUT0cSsw6aNZ7ZUX17ext_8U21aYgn8tRHNpnyD2a9A42spgTg,Simon Cherry,https://play-lh.googleusercontent.com/a-/AOh14GhXSFz0SCV2woH18Sz8Lb4fQ0eOkf9zQ8qhwLSf,Not to bad at all but for a home workout you still need a bit of gear,4,2,1.4.2,2020-04-12 14:21:00,,
gp:AOqpTOG3Tg_Jd2c26LtgaQPdN02l6gBcIVGDNcASpLqS_klyjBK3MLR8EE-hPml1zFUm_yXEfG7zxZfLjerRkg,Nathanael Hooper,https://play-lh.googleusercontent.com/-_l9SydS5tZA/AAAAAAAAAAI/AAAAAAAAAAA/AMZuuclX6-eJzkkdzlWomTom9TXOXroIBw/photo.jpg,Amazing app would recommend 100%,5,0,1.4.2,2020-04-04 19:53:15,,
gp:AOqpTOGhSc_PO7kk-m3BP48C4d-iVHqEpSbkwBnLLCQARXMsF2kzLLPFLQ5DLnbjp2loijb_Pg5Z_wTaXL7aMA,Vileblood Hunter,https://play-lh.googleusercontent.com/a-/AOh14GgIc4qtuvA4dqHQemi--ExI120heZcMb45NljRS,Absolutely great for homeworkout,5,0,1.4.2,2020-04-02 16:29:55,,
gp:AOqpTOFp2tLPeNKduxvoJFezjTD_fvMech5eCiinfnMkEZ44CkbM8tfA6zU2kS12qAvqNdEnmJje_0drkqeglQ,A Google user,https://play-lh.googleusercontent.com/EGemoI2NTXmTsBVtJqk8jxF9rh8ApRWfsIMQSt2uE4OcpQqbFu7f7NbTK05lx80nuSijCz7sc3a277R67g,"Love the apps simplicity and ease of use, but it desperately needs an update.",4,0,1.4.2,2020-03-21 06:12:31,,
gp:AOqpTOFH-ihPO889w7hSudjf8XIdpgItBWyBG036WvzIEegeJOqLtL2AgGWRDwRmThcybK85WJeVYlbLEHLe5A,Ryan Milfelt,https://play-lh.googleusercontent.com/a-/AOh14GihSFdR0p7bqRuHNZ0HGZw9piZE3n-rguVLoxSyKg,Incredibly intuitive and helpful. It has videos and clips built right into each exercise to give reference for each exercise. Fantastic little workout companion!,5,3,1.4.2,2020-02-29 20:40:45,,
gp:AOqpTOGq1nllZMse_sHRaRbldNwDG9iJc_W0CA4HBHMO5UhUTYwGh5DRwAB0w8OTu5Q1kXAIf0c_7ezVngOBxg,Mike T,https://play-lh.googleusercontent.com/a-/AOh14GiB2IzFYu_akBeWTE8Iix7nZ3ZXvtPxMoffZnzK,So far,5,0,1.4.2,2020-02-09 17:29:24,,
gp:AOqpTOE22_QkFYE2ZIhZvHy7Mrc5ynDfmfrivP8tubkpswuRuspw0HRxRxHRHyJE5nOVwqGOt1d3BQ2huEfsRA,Eric Stevens,https://play-lh.googleusercontent.com/a-/AOh14GhhCXzXqQ_HK2hjPnkNHxQ2FsXNles2lvKGrECY,Great App,5,0,1.4.2,2020-01-16 21:52:29,,
gp:AOqpTOE6I7bnvQ3sYWxdZvAUz7hO87zsPDJRwSAL22wMu6YowJs_dhpZoVxjnJX0GAWiCPcut2240yxR89ZeUQ,Scott Hussey,https://play-lh.googleusercontent.com/a-/AOh14GjxJcO_DO4yIu5zzU5e16jRgNBJCQ6PeM6F3aTZow,Is this a new or old recommended routine from r/bodyweight fitness? It seems old. Otherwise it is a clean app.,4,3,1.4.2,2020-01-06 03:09:09,,
gp:AOqpTOHtWV49IzhBWPFcdNiRzzBvHviZOfAjU47i-2rRzuSkBtyteUyTqFDfyPsH5pQyJaUs0RNKHUh1ZK7rtw,Travis Becker,https://play-lh.googleusercontent.com/a-/AOh14GgeI3GqZO6_4BUJ7-ur6HU7_4S2EIHAZ__PfjAy,Great program!,5,0,1.4.2,2019-11-08 12:27:51,,
gp:AOqpTOGk2-MoxaUuUZ6XlsuepPhjcuF_TV24Y5I-IEMfU0YNpFqVg0xDaAu_-b9gZEOZhjYZ_N9j5z0Gy0iGqQ,Saad,https://play-lh.googleusercontent.com/a-/AOh14GhD5fFji6YTv8oMCworPz6mEn0SKo6QWOkBHl40kxM,"FANTASTIC app, follows the Reddit Bodyweight Fitness routines. It logs all your workouts, shows all your stats in graphs, shows how-to videos. In short, the only app you'll ever need for calisthenics goodness!",5,3,1.4.2,2019-10-22 11:12:12,,
gp:AOqpTOEzDIhgU3pjTz84UfJRmuSSX0ymahsxWMc4DiZipiIxyiKpt2ooI8afdTAdmWt7KDkpJMC_g-qhUzk_aA,Jon Smith Johansen,https://play-lh.googleusercontent.com/a-/AOh14GitDhhLe9ImPOfhswmcuiyUPkMoIbv0d4W7B5UxuA,Good,5,0,1.4.2,2019-10-16 07:47:46,,
gp:AOqpTOEjGnrALwEZVCIhrUziko3Wd49lWsYHoogQQcv9ND514jGNhOfQEjGoX5nwdkz9Ka9WXEyCAhC86F8xng,Abinav MR,https://play-lh.googleusercontent.com/-X08b8QGq1n8/AAAAAAAAAAI/AAAAAAAAAAA/AMZuucn7EIxvgvBEKBiqiR1031bOOAi8Hw/photo.jpg,Best calisthenics trainer on market,5,0,1.4.2,2019-09-14 08:22:54,,
gp:AOqpTOEEoi-Fxb4FI_IXBcuDH3wzV-pFTRMeQ00BC-IitRAgs7bhIJ8bZshR4iFcwoWVO10_Yscq9UzBVJzhzg,Norbert Simán,https://play-lh.googleusercontent.com/a-/AOh14GjNuOmQvIUh68GTs0OJIs1Div6lVRYlaLsSYzrr,"Hello, how can I change progressions? Seems like Im stuck on the lowest level for every exercise. Otherwise, 10/10",5,2,1.4.2,2019-09-03 04:55:27,,
gp:AOqpTOF0DSeiDwF4Z2VP01SEOPzERaYLm4_7TmNburgWzftyGSOwuONdfn9_fDiz-muahrso7S0OUC3ODXPyRQ,Timothy Stoddart,https://play-lh.googleusercontent.com/a-/AOh14GhN0Wc6i9r9gLy_FInQAal4BbCKIS-KCeA_FuguXw,I wasn't prepared for the handstand planks.😯,4,0,,2019-08-13 15:44:03,,
gp:AOqpTOHY9e8bObgxoBNCK_la1UOT2H6VDkp5W5n3rSOnu4x-QOC3JJGhp7AhP3GFFCg655ChxMd3IjI9HOq1JQ,Nicholas Moore-LeFauve,https://play-lh.googleusercontent.com/a-/AOh14Gg2ppUPXuuxcEXk2cnjcKLrpnXH3ClEoZ_gRLFWBD0,wonderful and simple workout app.,5,0,1.4.2,2019-07-25 05:26:21,,
gp:AOqpTOGzmT8hKsUiVoubV3kKJQ6XYdJEf_tbx3zANxy8He4tUjIeu_JbcfcmCfNfYNUIrFyzvqln5bF3aVm6Ug,Brandon Ringler,https://play-lh.googleusercontent.com/-r2jULXlKwW8/AAAAAAAAAAI/AAAAAAAAIJY/AMZuucns1Sy8vdYydIwOwXockbj1F5d89Q/photo.jpg,"Everything I need for my stretching, mobility, and strength training! Love how you put this together.",5,4,1.4.2,2019-07-24 09:00:22,,
gp:AOqpTOFRRDvL_Tin0sNa8odE_fRKQUUFeHh-jtbvA9xYS-9SMaY1qD8V8LsA2biO77xPMXidYKySNYR_KfzD9Q,Maxwell Edison,https://play-lh.googleusercontent.com/-90K9qoj_CXM/AAAAAAAAAAI/AAAAAAAAAH0/AMZuucmm3hZu9ZAfO1COfCotpyhAqSX27w/photo.jpg,"Has everything you need, is very clear and userfriendly. Bought in 10 min of trying the free version. Thanks man.",5,6,1.4.2,2019-07-07 06:59:22,,
gp:AOqpTOFNZXnc0-wI-9WV0sfMN_8X1oImxummRBRml1EKDOEEAG_TNkB525UwBlBaEtpngLouU_oASEYC-ZBt9w,Juhani Hakanen,https://play-lh.googleusercontent.com/-L7Log2I_as8/AAAAAAAAAAI/AAAAAAAAAAA/AMZuucm8WIIaCe_X0KicQcgMIqsnDgHv0A/photo.jpg,Need some QOL changes but does it job beautifully!,4,0,1.4.2,2019-06-30 12:20:20,,
gp:AOqpTOEtD7Ga8uYh1TEO3VKQfnyOiFnwM_n0AHxz56NcCR_r9Xm1dRC-DleL6lIMBZ5s-KRDZGAH8Lytlt7Vaw,Connor,https://play-lh.googleusercontent.com/a-/AOh14GiSyb8RERU1rrtAL6Bs1WOU86dsOxzIEvIxAqOdNQ,Very good developed app that has a community on reddit.,5,0,1.4.2,2019-06-03 13:09:55,,
gp:AOqpTOGIjxOowVJ3kcBhPprzRy--5VQDnF4IuPFJ4ZEnNyt1LXTi7CwSmks1Wy9Tyms8uDRT3gBxkgMw20gAvA,An Vo,https://play-lh.googleusercontent.com/a-/AOh14GjK3G9cVjdtJJkKvYJQTNa-XTsMQcyAe7bedvfGcg,Excellent design and ease of use. Bought the pro version to support the developer,4,1,1.4.2,2019-05-23 10:22:25,,
gp:AOqpTOFqxGVZN9KXxBi34-XDaraTpwpw5wzjCqqk9TShDnUsuOMvjVfhQQ5WeSlaj-BDXl5C7v4PB-M5lKM09A,Tom Connolly,https://play-lh.googleusercontent.com/-RvAl7JeG2_8/AAAAAAAAAAI/AAAAAAAAAAA/AMZuucleOVmRI6RzZNjqG6-klP3GiZgx7g/photo.jpg,i love it,5,0,,2019-05-17 19:03:32,,
gp:AOqpTOH3YGaROuXeO9Ph7GFrEqkUDluFS_AqE1TZ3i_usfYhv1cjKLKWSgWhHHcfUIhrin7r3H4CY1vu7022rA,Grimnail,https://play-lh.googleusercontent.com/a-/AOh14GgeHxpLBtvi0cY0gv17TrUQhEnhbhYCHSqPPcR3hQ,Simple. Efficient. Has enough features to be convenient. I love it.,5,0,1.4.2,2019-05-01 08:29:15,,
gp:AOqpTOHtQgStn7_KZqVRTOxTAKmi_85RT4UXvSllA-gZCqEFc4-9QYMG1YigFxvQPOGEEKyX96JnxeG5Su6rdA,steve schneider,https://play-lh.googleusercontent.com/-lJZ0P-OkkYw/AAAAAAAAAAI/AAAAAAAAAAA/AMZuuclAl1UPnQi3bZSadpdri83J2loJuA/photo.jpg,"I was looking for an app to simply log body weight exercises with a calendar, not a regimented workout. I didn't see an option for doing that.",2,0,,2019-04-07 19:26:26,,
gp:AOqpTOHO9cepmuS4v5UH8aqBha9HoJ3omGLoAAuXm01nIrYwuw5hTL_uihvrclsX5OoJCJY0i60El4FC2xiCrA,A Google user,https://play-lh.googleusercontent.com/EGemoI2NTXmTsBVtJqk8jxF9rh8ApRWfsIMQSt2uE4OcpQqbFu7f7NbTK05lx80nuSijCz7sc3a277R67g,Great app but please update to the new recommended routine,5,0,1.4.2,2019-02-24 03:17:41,,
gp:AOqpTOFgxXoAkkGw99sVGfLL4fWzUmqV70VE-O_Q-byENOjkRT5Te5PQFIO_Hlw4E8LbJDlO0YF3pS6DFgXfvA,Nathan Williams,https://play-lh.googleusercontent.com/a-/AOh14GgvsPZw2xh7yV19xtR2UZpA0VZgwePrcXOgw3yhN74,best fitness training app out there,5,0,1.4.2,2019-01-29 18:10:00,,
gp:AOqpTOHyUezIMlevdyzsZFrYpbfXofEwISrgjHR8jLq_I-CxrBur8sEVurDnI04otNtwJrHQNA26OnI3dEq4xQ,James Gray,https://play-lh.googleusercontent.com/-tqLs4DlwaoQ/AAAAAAAAAAI/AAAAAAAAAAA/AMZuuckyGbMAzKMqaMdKcPrnXI6zzaWHYQ/photo.jpg,"As an old man wanting to do Rippetoe's Starting Strength, I found myself struggling mightily to properly perform the lifts. This program is the answer, and fun to do. Awesome app. Also the gym I joined has all of the equipment needed (bands, cages, etc).",5,1,1.4.2,2019-01-23 11:01:20,,
gp:AOqpTOHlURzpx_uxhI1jRAR0wJqS4eCJM5lNNlbOm36Fq1NoiTZbmdHaAiswWFjM2h2Vy6-a0XM1Uy3ipNQLsw,Taha Haji,https://play-lh.googleusercontent.com/a-/AOh14Ghp3R5Au4Gw6qvaUY0OdbS7qAIHo5rXp41RjFkNOw,"Love the app, but I have been waiting for an update to the content for some time now.",4,3,1.4.2,2019-01-03 02:43:02,,
gp:AOqpTOFDpiHY1l5_QVw0y1yK99FPPuYu06G8ple-twD5ztsn_pXWjoq_aIMq5s0cJFugOoXLn8eiKIgPY73Fzg,Caesar Sams,https://play-lh.googleusercontent.com/a-/AOh14Ghye7vIMuQRzaeJdqgSdwZKNCuhpkC2DBbQ11-c8TY,"A great application, but I wish it were updated to reflect the new Recommend Routine, per Reddit's r/bodyweightfitness sub. So much new great content there it seems like a real missed opportunity.",3,30,1.4.2,2019-01-01 10:53:48,,
gp:AOqpTOFk3x0SXaFSPOB_UGWGaPExBUgENOAk5-gFoFg5bzxO1JUWeDX3_-XBrFAjsVYR6HdftOkbsrJ2CFJW9w,Random Grannypants,https://play-lh.googleusercontent.com/-osix-fbAqy8/AAAAAAAAAAI/AAAAAAAAAAA/AMZuucnFChPf6whvnwhF77JQuE_z9AVJww/photo.jpg,Excellent app!,5,0,1.4.2,2018-11-07 19:11:43,,
gp:AOqpTOHC5zdE-8vWNENqnBLW01O3AbgnZ6IH7EeEYXE6cPv8ec_g0kQtcBLXzpIHQr7masQMZc0py5Pe69bFmw,Joshua Bell,https://play-lh.googleusercontent.com/a-/AOh14GgVeWkIvKZoUFuGhX6amaN4IDGqPdKA2Ihnf6pphVw,"Great app for carrying out a bodyweight fitness routine. Short videos of proper form, a timer, and a log. Pretty much all of the essentials.",5,6,1.4.2,2018-10-09 18:23:08,,
gp:AOqpTOGC4qIesH3x_AUx0VIpY12oub52qhSP2_-K00ffhXqFFm5_6ngeAaGDSfJ4b9sX7tlR7UB5r0Iq4mMpQw,A Google user,https://play-lh.googleusercontent.com/EGemoI2NTXmTsBVtJqk8jxF9rh8ApRWfsIMQSt2uE4OcpQqbFu7f7NbTK05lx80nuSijCz7sc3a277R67g,Great stuff,5,0,1.4.2,2018-09-04 05:49:35,,
gp:AOqpTOGpYtfvQdRF7u7nAjbqg_o8Rt7a6DhbQRQrq0StQHbBTbhQvT6IDMPgE6tT9hohLg9Ghvz5h80J-hn_tA,William Smith,https://play-lh.googleusercontent.com/a-/AOh14GgA9jbhTteoUiERv0Io5xOkm8hfJTtZCo_j0Az9,Meh,1,1,1.4.2,2018-08-26 14:48:22,,
gp:AOqpTOHuPjahK5diaFf6cgPR9zBrhXb1UCbyQvGuiQ9FiakV9uZ99yLFSuhTAErhxVGxkJx8Ag2d5i3XUclTwg,Drew Davis,https://play-lh.googleusercontent.com/-tMfPDjg7HwA/AAAAAAAAAAI/AAAAAAAAAAA/AMZuuckC3BoLcuGJBg5JgXUw5iG3Td_3tg/photo.jpg,Hoping to see the new recommended routine available soon!,5,2,1.4.2,2018-08-25 16:27:01,,
gp:AOqpTOHJlEWafkR5Pkqzq08BhKJqFDX1DzUdWbw_aARjLHywjEzV7Bagki6AB8ybWE0p94vymFX4vF-V2m5LuA,Alec Reilly,https://play-lh.googleusercontent.com/a-/AOh14GgLvhiIz1qcY7mpbqDyvaPPd59E2371vdOQvnZPKQ,"Good app, starts with the basics for beginners and progresses. Great stretching plan.",5,0,1.4.2,2018-08-24 16:56:10,,
gp:AOqpTOGWGBEtTDaiXuIrjQ37YdS05LzKWmqrjMVjUjJvGLhZMFNop0VW5K5XoXIob2inA_lXnI7qYsLxDemSPA,Michal N,https://play-lh.googleusercontent.com/a-/AOh14GgPNFEsTTxooy7WbrJOGBDw058S1uNkQ5_np_0Z,"Great app! Buy the pro version! One question - will you be updating it to 
take into account the new recommended routine? And will you be able to keep 
both versions in one app?",5,4,1.4.2,2018-08-17 06:19:15,,
gp:AOqpTOGrQpQAbswAJ6IMRwcRS0CxpojNfcQHSaPYPIe142WVmrXVyWCqM5bbpWJL4m5I_k67qt0BivY-TtE0ug,Jeremy Bee,https://play-lh.googleusercontent.com/-8IPHUzA3_iM/AAAAAAAAAAI/AAAAAAAAAAA/AMZuucl7ISXmSwD-7O5uARI5Nae4INHNKA/photo.jpg,"Well put together app, but needs updating for the new new Recommended 
Routine (released in July). Integrated videos are high quality and the 
interface is mostly pretty clear. I hope you can include both skill work 
and strength work in the next update as separate programs. It would be 
great if you could add the move program at some point too.",4,5,1.4.2,2018-07-22 21:04:07,,
gp:AOqpTOGdKRrQY6HQP9dnYA0TB7K6Kqv7yMlnMtrkxYcwffY8b1SsYkdhDna96Awq3twuySjlzMSZrIwRdsMTCw,A Google user,https://play-lh.googleusercontent.com/EGemoI2NTXmTsBVtJqk8jxF9rh8ApRWfsIMQSt2uE4OcpQqbFu7f7NbTK05lx80nuSijCz7sc3a277R67g,"A great tool, thank you very much! Buying this so that I can support you in 
updating the app to the latest RR :)",5,1,1.4.2,2018-06-13 07:15:13,,
gp:AOqpTOEErlUAKjzid_Rgz2oKj0cD1yFswLmOXZX1KFhIoSloa73hrIDtSjR6TUR1egXhThJyrHt-9xvWFPRtGg,Buril Crohns,https://play-lh.googleusercontent.com/a-/AOh14Gh5QGgyt4vlCIxpjumAEhs0IXAHk8qxtngtUgSCoUg,Any plans to update to the latest RR?,5,4,1.4.2,2018-05-31 08:20:32,,
gp:AOqpTOFrK4_QsNihrQ9jFPWyl4doF6nMxRCizJpRPHn-1Q_BQIJ6gyOaNYjF4FDVgCTsEykSMGQZ0v-sQeUtlQ,Michaela Paterson,https://play-lh.googleusercontent.com/a-/AOh14Gi0inecilvmOvFYZ8xj0VP2PMoUiz0Ds_l6Q45Q,"Takes a while to get the hang of logging sets. But a super nice program for 
beginners. And good for basic mobility work",5,0,1.4.2,2018-05-27 22:24:06,,
gp:AOqpTOGHdBD79hfZ8Zs0V-crjZDAcCQPOkV7sECgo5MYLYnOgM6Y6Fp9vCTwwocoR85-5_GDYZfpZOFldPpvjA,John Berlin,https://play-lh.googleusercontent.com/a-/AOh14GhKdiwnTH8plJAc0mAwvdNC-tSbOzUmDOSFjm85Ew,"One of the best apps I have found for body weight exercises. Includes three 
different routines: strength, mobility, stretch. Each routine has good 
number progressions. Highly recommend.",5,1,1.4.2,2018-05-08 17:56:31,,
gp:AOqpTOF8bphbybQGkB8i16Cs2nVCa-1HSTxfG_NVPmhk9fR8WoRYSRRqBS6UHEsKnWmW5EPpmL7gI0k58Ty9RQ,Oliver Huxter,https://play-lh.googleusercontent.com/a-/AOh14Gh_ay7ihIowTz52vCwFpPfvx1jUsJrGRBbYVVaz,Just brilliant. Free. Simple. Couldn't ask for more. Thank you.,5,1,1.4.2,2018-05-01 05:59:23,,
gp:AOqpTOHolqvW2kcIj7MDO6ZyB4Jygc44YMGJwdmeTcepV7Vv8fYDcxr4LlluXt_TP55xdmG74AC56AUzdS103Q,Leon Feil,https://play-lh.googleusercontent.com/-deLwhyGdidc/AAAAAAAAAAI/AAAAAAAAAAA/AMZuuclZhRz0Wx3rpdsc08-UjoIdYT9rbA/photo.jpg,Nice and easy to use,5,0,1.4.2,2018-04-27 13:13:52,,
gp:AOqpTOE02VM_fHAe7VSZ-iA1pLgdGxx5f4E8LhhC0OyzMYrIKf5oH_0BhRNBt0AFSOnk7Osa3ntWuVD-ZUK-ZQ,Musta Khrakhish,https://play-lh.googleusercontent.com/a-/AOh14Gi5JZrnX4U-K2ChzZTx1QDeCdaOADNlVE9l8jP9_PU,"I downloaded this app on a friend's recommendation, I love it. Really love 
the programs that let me work out on my own.",4,2,1.4.2,2018-04-23 22:18:23,,
gp:AOqpTOFyurEfNltvyAAIiP85gfZ2GLQ3Ors7A0eS2z82-GNX12vofomNa22gM0SE-_GLwOs1W1vcJ1XYGSa4cQ,Gary Fritz,https://play-lh.googleusercontent.com/a-/AOh14Gh9p34dlC65_MAo7IrJyu-ccrBRdClmwySQnZ5J3w,Great work! Good usable routines that produce significant results.,5,0,1.4.2,2018-04-22 18:36:05,,
gp:AOqpTOFjRq2M-G2bjAw5a-8fN8SZeb6X1lnWCD8MN_u45-2yjGrra_WqFEu3kz_X8f2XibKTezTVRRYC2W_3HA,Richard Sciotti,https://play-lh.googleusercontent.com/-_ZUawhPhFYM/AAAAAAAAAAI/AAAAAAAAAAA/AMZuuckrwp5h-uscWYQMmydjAPXZLzRT4Q/photo.jpg,Big fan of this. I appreciate being able to export workouts as a csv. I only wish that you could modify the routine by adding exercises.,5,1,1.4.2,2018-04-16 11:22:52,,
gp:AOqpTOH0TF2u8MVLf30-75cbpc8ParJ9sYS-LHz27oefS7FuMz2tPaYjVVin7YIfN_Yc0tKM3U1EPJB_LYxJ1Q,Leonel Diaz,https://play-lh.googleusercontent.com/a-/AOh14GjeaK-er0_XqXJgbO9CtCYf0fmGNxO5xCWrDrTd,"Great, concise exercises with a progression system that anyone can start at and work towards.",5,0,1.4.2,2018-03-28 08:03:08,,
gp:AOqpTOHWq3X1ifYHXf2x-hmUVORNHXfPlNcV5rDAtzr0wcWPu76aPYCTqf3qR3yI6Wso9riMJZgyhW2GL1RrPQ,Sherard Roberts,https://play-lh.googleusercontent.com/-E5ZmcGpyKzI/AAAAAAAAAAI/AAAAAAAAAAA/AMZuucnRzyy413OOpWYKOl-6cdeHvZRMHQ/photo.jpg,I'm good.,5,0,1.4.2,2018-03-15 05:40:18,,
gp:AOqpTOFmuTyKmxdY0d0n9Q9WOelWQPVFl6f0TmQnLX3sv53unnkd-9yN3zQqcAIptfPoUhB7LYBJz9Sbx3i9Ug,lwatts1123,https://play-lh.googleusercontent.com/-MjMIuA8afeQ/AAAAAAAAAAI/AAAAAAAAAAA/AMZuucls3_CCES3dqvYtZNgo8BsjNcNU4g/photo.jpg,"Solid app, walks you through your daily workout with video support.",5,0,1.4.2,2018-03-10 09:38:50,,
gp:AOqpTOHdoakvwITgK0rzcNG-Dq-jZDdE5aWAXJbOlnmYuFFMb226aB9qBlZqvFXt_fXSJuHksw4Q9exprkHo2g,Sam Friedensohn,https://play-lh.googleusercontent.com/-7-5ErOfHokE/AAAAAAAAAAI/AAAAAAAAAIg/AMZuuclu6pKFrY_9CR9syzXS3XGWS3tBdw/photo.jpg,"Really useful, with regular improvements. Developers are responsive to user feedback. Love this routine, app makes it even easier to follow",5,4,1.4.2,2018-02-20 08:27:06,"Hi Sam,

It is fixed now with the latest update (1.3.5) - it should take up to an hour for Google Play Store to release an update. Thanks!",2016-09-13 14:15:10
gp:AOqpTOEQ3pLCFytmF0S0nWJgOaO4lwdG5EWDOmNHikHThx5z9IQaS23KbU3Hc8QDJ3acZAO3LzYSKSrqFfri9g,A Google user,https://play-lh.googleusercontent.com/EGemoI2NTXmTsBVtJqk8jxF9rh8ApRWfsIMQSt2uE4OcpQqbFu7f7NbTK05lx80nuSijCz7sc3a277R67g,This app was made for bodyweight training and it fulfills that purpose very well. The addition of short videos demonstrating the suggested workouts is a very helpful feature.,5,0,1.4.2,2018-02-16 17:59:47,,
gp:AOqpTOEkkujlYzaBmOKEAA59b61QUm_c8YBt5IwBfAeZNiGSpX0Erbkh3McBDyuSWFMCBT_K9j9U8My3ZzO88w,manish nargas,https://play-lh.googleusercontent.com/-1e0cmVo1mC4/AAAAAAAAAAI/AAAAAAAAAAA/AMZuucmNxNcZQOWxWm0VOMfWuhUV-VnwwA/photo.jpg,great app! workout technique explained and easy to use,5,0,1.4.2,2018-02-06 15:31:58,,
gp:AOqpTOE1AKgYqlfNrBJ0zzldcxbUucF5tkfloHN1AYFrekDmvTwJg2KVL5pFdx2nd5abH-jNlNgqtBbX3pFtfg,Messinian Salinity crisis,https://play-lh.googleusercontent.com/a-/AOh14GhuRXkf57dqjC7RuMQSYySTXPLCkeFGphGuOrwlBw,I recently started the recommended routine and this app has been invaluable. Thanks.,5,0,1.4.2,2018-01-17 20:54:12,,
gp:AOqpTOFS6BB_wriViBQ3US31wtDb-fODcJHWNvQzKi8WbBtMABP16qGy38_V1xYWv2d21Mt8xGBkrX-h6ANLjA,nik ponzio,https://play-lh.googleusercontent.com/a-/AOh14GjWCKNhcw3W5yPUlEiexkJUuJ-vsUSU8nJ9-D7wHjE,"Great fitness app! Here are 2 small things that that I would like to see changed to give it 5 stars:  1) Give some indication that workout is complete. First time through I wasn't sure how to end after I completed the final set. (Apparently you just hit the Back button...?)  2) Allow importing logs. When I purchased and downloaded the pro version, it didn't automatically import my exercise logs over from the free version. And I couldn't find a way to do so manually.  Otherwise, excellent job! Very clear instructions and good layout. Thank you!",4,15,1.4.2,2018-01-15 09:42:18,,
gp:AOqpTOG_JrNMxljygT442gnpJ0ZiSErytLAQrFy3rBis8CR1As3402jPQELHyOqL3B2nIjgpkGOE6AO68CNBMA,john o'riordan,https://play-lh.googleusercontent.com/a-/AOh14GgmwsK6PXKtXHC3vgfVgeSFYXi7vditTKCTkE1i,Love the app,5,0,1.4.2,2018-01-15 06:36:05,,
gp:AOqpTOHGN3xG_YPkH-ZsG6RqgOnan4mERiMQn_cqeTo_IiUPi94uRBi0oHuD-IK34mufQECvuZeocLfPcq7kXw,James Morrison,https://play-lh.googleusercontent.com/-oC9-m2S5aSs/AAAAAAAAAAI/AAAAAAAAAAA/AMZuucnmx-7z5QTh2nD264tZOCO1oT5ZTQ/photo.jpg,"Amazing app for the recommended routine. I'm very happy to upgrade to the pro version to support the developer.   I do have two changes that I wish could be implemented so that I don't have to do any thinking when using the app (the whole reason I downloaded this).  1. take away the rest times in the Bodyline Drills. The RR says that one should move straight into the drills with as little rest as possible. It might also be good to have it written at the top (rest not required between drills).  2. I wish there was an option to change the top color to black and white. I feel like this green? (sorry, I""m red-green color blind) makes it hard to see the numbers CLEARLY, though it's not a deal breaker.   Thank you. Looking forward to updates!",5,13,1.4.2,2018-01-11 07:09:57,,
gp:AOqpTOFveja0X5YZPabZo-9-myvRalhvtl2q7a2ng4nvWAO2MUFqEP8i9inFsOLxmf-UnMT5MXdKglEd7WruyA,Robert Bonathan,https://play-lh.googleusercontent.com/a-/AOh14GhQp6teSPQVxtkgXZylAhkR2nAlyMYUgFL_1zVw,"Great buy!  The 3 programs they have are very manageable and help you towards a truely desirable level of health and fitness.   I've been using it for only a short time and I feel holistically very well.  Mobility, strength, and flexibility.   Very functional.  Love it.",5,2,1.4.2,2018-01-02 12:32:07,,
gp:AOqpTOEbQYNUaFWXNQf-ubz27kIl9R3VS1WnzlwFXNOsjGhEKertPD3n1C8hm0hTvLz0HPBuma2--2Arnvty6w,Kane,https://play-lh.googleusercontent.com/a-/AOh14Gg-UPrN1EWBbORj2YKMY7MEEQo83wbmXeq27KL_yWE,Excellent app to track your progress on the Reddit /r/bodyweightfitness recommended routine.,5,1,1.4.2,2017-12-30 22:50:15,,
gp:AOqpTOEidhtkCyTZczh27aVIkcGWOlINlNVNZt2tkZqKiBS2JRSaIRaCKtDLKBC7s8c3bbOJCGn566UQR-CfqA,David Austin,https://play-lh.googleusercontent.com/a-/AOh14GjzO6gyQLdGbbnUNi6YQT-FoNid9ghE9S6N59N1Hw,"Excellent design, very user friendly and has helped me increase the amount of time isend exercising.  Would be useful to have stretches targeting progression e.g. toe touch routine or progression to side splits and the facility to log photos to see progression   Overall brilliant app would recommend",5,0,1.4.1,2017-12-25 04:44:50,,
gp:AOqpTOF3K2gHhbF3Ewm-KqxbLK-AvjtaXWTWAjhTwpyA4IHCl-KnErZCWy9mSEH6OXvWXUt8K-4GUESGjDdFKQ,Anthony Panozzo,https://play-lh.googleusercontent.com/a-/AOh14GihcdYWb7nhyvc_CIBQBDJj03Q3x_GKS_h4EwSuNhA,"Bought this to support the developer since I used the free version for a little while. Overall works the same, which is good! Wish that my previous workouts and settings were preserved.",5,0,1.4.1,2017-12-24 13:25:12,,
gp:AOqpTOEP9JyVUP_m7don4E7kyt3ztn9DK6K8UFYkOxRiHKFYQ-aKTgFHN4HLz0mj48qdW5s4O7GCDygc17AECQ,R Latimore,https://play-lh.googleusercontent.com/a-/AOh14GhWhR0eQmPll_CGUjJWnF_LCCjQ7jg6g2GPVUcTrA,The mobility has helped improve joint stiffness from rhematoid arthritis.  It has other more challenging workouts too.  I love seeing the exercises performed so that I know I'm doing it right.  It was difficult at first to figure out how to log my activity but that was because I skipped reading the instructions.😀,5,0,1.4.1,2017-12-18 10:11:32,,
gp:AOqpTOG4HnMJMZ3DJDa6hp8ynXbIxNISJbQfRCHD4RGVD6vaaoPXdI1wbmSippuv0VzBpXv-jIMGFVkwWcFnaw,Bagus Dharmawan,https://play-lh.googleusercontent.com/a-/AOh14GjIfPABpBk--c-EzJbCNvVSh-XNhPi2mgiPKXBE,Good,5,0,1.4.1,2017-12-15 17:16:47,,
gp:AOqpTOH_S6omm3vfdz9n5rruTyBLLaA0foQ0j_lKyWK6p5uIR6N-Eo06WygvLIo_XECGZ6tbhQ_x0ANdUEJAfw,Tyler Freday,https://play-lh.googleusercontent.com/a-/AOh14GgluJzcJJ44uGjOW1CGvOFI429xM-3OCzzTXV4Zbg,Fantastic information presented very cleanly,5,0,1.4.1,2017-12-11 21:55:03,,
gp:AOqpTOFiBYol4eMKLKJMNEJ0RA1Xw2due6EqahKV8wjdoiroZeuWtIn5Z20So3vW-92godiqeeXQ3W-tvXWsLg,Siôn Haswell,https://play-lh.googleusercontent.com/a-/AOh14GgctZOTqRYBa75ckbccnONS8TpRzWwqus_ReuPniQ,Great.,5,0,1.4.1,2017-12-09 08:01:43,,
gp:AOqpTOFkWGScMFEmMsfaoBWxAqhQxhJ_nZOblXTZUvfPPf6mQLRRMxuIDWvMmCYrjQkVuSm_65Hq8y385Rj7fw,Phillip Burleigh,https://play-lh.googleusercontent.com/-EaoxXkhgxBA/AAAAAAAAAAI/AAAAAAAAAAA/AMZuuclv12aW4ip9mPGL3q2FTQk-9iBlIQ/photo.jpg,Makes following the Reddit recommended routine very easy. Even as somebody experienced I still got a lot out of it.,5,0,1.4.1,2017-11-15 18:18:25,,
gp:AOqpTOHlWFq_EmCbETYScj1s0YfxmDTXxp2lGB0R_9RanCCI0Igj_B9sFrkIL-hd_u_fPXBhw243_LkKYnsBsQ,Rick Raddue,https://play-lh.googleusercontent.com/a-/AOh14Gj5xPB5YwnpmvzQ6-OrQFOWqhRatuyvp3RNNrdjnJo,"I have been using this app for sometime, and I am actually updating my original review from a year ago. This app is fantastic and so is /r/bodyweightfitness.",5,3,1.4.1,2017-10-27 06:54:43,"Hi Rick, I am 100% sure I fixed this issue now - let me know if it works.",2016-12-30 03:08:13
gp:AOqpTOEBexBSN47aKSvanRst51OBpFAuCh23nDijeCyOkil9O_lfqOPJau1wJv44RAX50febzVx_7JM4C3JRGw,A Google user,https://play-lh.googleusercontent.com/EGemoI2NTXmTsBVtJqk8jxF9rh8ApRWfsIMQSt2uE4OcpQqbFu7f7NbTK05lx80nuSijCz7sc3a277R67g,Started using this app today and I love it. Great job.,5,0,1.4.1,2017-10-21 01:52:03,,
gp:AOqpTOHeUTi5SetD_aHGR2VDSU10aKleaGXclHYg4G_LPjJiZseiYazc67w4mTugcuIriPrCG-aPKqioigupKQ,william conklin,https://play-lh.googleusercontent.com/-gVoojBj7zb4/AAAAAAAAAAI/AAAAAAAAAAA/AMZuuckrE1Ax1H1l8ZN-sG6ATchGxH0kdw/photo.jpg,"Considering getting a refund, perhaps a dev can offer advice?  When I select ""watch full video on YouTube""  it starts to open the video, then inexplicably closes.  No clue how to accese these full videos.  Otherwise seems like a useful app, and I'd love to return to this review with an update if I can get everything working.",2,1,1.4.1,2017-10-05 11:38:35,,
gp:AOqpTOHhh-H1Ck_QdJU8b5jcQfFY6Sja2gRyzvJjlD59sdEQMUPtaivjJ19hRqT_619hJZ9lIPcJZAiYONKxJQ,Marcus Miller,https://play-lh.googleusercontent.com/a-/AOh14GjgfWOBMI3G_QYXu9opMCwzrxmso0JOlLsnT-LD1w,Worth £2 of anyone's money. Great set of progressions to take you to an intermediate level of bodyweight fitness. Why wait til summer?,5,1,1.4.1,2017-10-04 06:27:32,,
gp:AOqpTOEsMRwno3yfo6RIYn6632LEhgn7uqUKxO-qDzWT0iR559fGDE04U_XnuNA-bChMIbo36XKiIrg-5jhOJQ,Damian Pieries,https://play-lh.googleusercontent.com/a-/AOh14GjDjfb8Ml_2lqwWUMqMjrQVGfw1X8xdvaaat7swOg,Just bought the app to say a big thank you - it's very effective,5,0,1.4.1,2017-09-29 12:43:08,,
gp:AOqpTOEYpDjmtEgGbYxQkeZlkDSdcHEiFg7-nAr-BrILiXycQ0Zgc84x_aHsgshxSozgd97phwcIYVteuvCP9Q,Thomas Huth,https://play-lh.googleusercontent.com/a-/AOh14GhwJttZQ6mt0275ad8SNfJz1teOYtJHzr9Dit_lPA,"Great app I got heug doing the recommended routine, UI changed since I last used it.",5,0,1.4.1,2017-09-26 20:18:11,,
gp:AOqpTOGdjKbFtaEn7Z60FsLE1xUD3u_dhqqd20abIFmYJ7CrbOjC1IH_xYO_MvvCAC2Yti8tddXp3wrXvjnu5A,"Mary Hoyer, LMT",https://play-lh.googleusercontent.com/a-/AOh14GjUWNxl1Y5WRamlbmY-vR5zVl-HGR0HjR77J9PpnYo,"This app has everything I need for an awesome workout, plus an excellent user interface and no adds, even on the free version. I did one workout on the free app and was so impressed that I immediately bought the pro app so I could support the creator of the app. Fantastic product, thank you so much!",5,0,1.4.1,2017-09-25 11:34:26,,
gp:AOqpTOEzmiZ-1UuC5e-apwcyPOLziYcDOR5wasWELVEEBKfpeAKLwBpFxv4QF6jVj7vPr8zJRaf4tmxrb2jSYQ,Andrew Plunkett,https://play-lh.googleusercontent.com/a-/AOh14Gj9z8NfytYe72elnY8u-Q4_5TEkExPPbGWyxvPlmw,This is about the best app for the money in the whole Play Store.,5,0,1.4.1,2017-09-11 07:47:49,,
gp:AOqpTOHyC3EMwkQ9RrSgqIgW_wKfboq-aV06OAKUd4sFvqkmAxIABJTGEf4dxS7qQWVH8lIhyil73yqoz0-H0g,Eric Loebach,https://play-lh.googleusercontent.com/a-/AOh14GhCLeUpHPwqLyEKeIvFh2u5v4I7KJ2TelKniKMk,Key words... no equipment necessary,5,0,1.4.1,2017-09-08 06:20:42,,
gp:AOqpTOHG-ixc2POeh5WfXPnj9anrF0dGJzdQUBPFbzgPnSgv50GmeyLMAqHjcKs-g7AS6DERANakLxkQ7la8zQ,Alan Page,https://play-lh.googleusercontent.com/-PO8WwS3qUow/AAAAAAAAAAI/AAAAAAAAAAA/AMZuuckWkkUFXmxVVZ3kj1AtXVvacePdUQ/photo.jpg,Big help starting the recommended routine.,4,0,1.4.1,2017-08-24 12:48:06,,
gp:AOqpTOGkECVT0xTRpuJE-Oeg53c4CaTCsvjp8L_v7nbtZCbBWwYYUXaFwKMRylFIwy_BExwJ6fsydHQ_DZPk5g,Edward Lilly,https://play-lh.googleusercontent.com/a-/AOh14GiZh1fG3PSbANjZEWbxa4bLswcu_-eKWW4RJY51,Great fitness app. A must use.,4,0,1.4.1,2017-08-23 04:43:07,,
gp:AOqpTOHziz1cgNQtEhLKjN9-_8xABun5tc-NVjhnRVJYTKrYs4BWzTB_4e6UXikWcCAexcwlK-jq7_2QwJFzfA,A Google user,https://play-lh.googleusercontent.com/EGemoI2NTXmTsBVtJqk8jxF9rh8ApRWfsIMQSt2uE4OcpQqbFu7f7NbTK05lx80nuSijCz7sc3a277R67g,Great way to progress through the Reddit Bodyweight Recommended Routine. You'll want to read up on that before downloading this app. Developer is responsive and active.,5,0,1.4.1,2017-08-10 15:35:58,,
gp:AOqpTOF90KiPrmC_A_5UZNb7sORUPeunvZ_63WvGNYL3zaOM5_vgUXoRQd4JKXq0nsscR30ZVgA7EQqp9Bnyyw,Tommy C,https://play-lh.googleusercontent.com/a-/AOh14GhV2dQzYlhuxFUhrTdu01-7WWTwQlnR25Y3cIQC4w,Great routines in a really well made app,5,0,1.4.1,2017-08-07 22:57:17,,
gp:AOqpTOE5XGF4B7dnYNS2IS6Wsakl1SD1IUGySurJf9RqFCIA5y9_ljdWBAszfupygyyT4KA1BW0lGjxfUv9lMg,Kevin Glunt,https://play-lh.googleusercontent.com/a-/AOh14GgBXcFMLEvz7Xszy2oNOQpoItrV8jfWSeTKgXQh3Q,"Really good app, it isn't perfect but that's okay. I bought to support the developer, this is a really solid app I use daily.",5,0,1.4.1,2017-08-03 00:00:10,,
gp:AOqpTOGxT_AI0hpcqXPOHQnt5vDtpqMd-zYTCy5F_gDUMs4WzRpFVMzXlz24DGHOOxr7sd5kImimvNWMBkzesQ,Mike Sands,https://play-lh.googleusercontent.com/a-/AOh14GhVIA6NzQkqSynEJNwmLHJOie0qe3KbxEgf6MI3Lw,Nice app,4,0,1.4.1,2017-07-29 05:53:33,,
gp:AOqpTOFtxVOmRmH-vwO0VXdhpEmfYdBT6fPn_e-0mUnKlUkwIgVU1M_nqsNRIOO-g4z31b6GfjCIrPalQHFtYw,David Trevaskis,https://play-lh.googleusercontent.com/a-/AOh14GheWugyKPF_AVU285Xbh7d30q_aBsZXFR2fh0s39A,"Great stuff, highly reccomended!! Get on it!",5,0,1.4.1,2017-07-06 15:00:30,,
gp:AOqpTOGL_9fr8aMWQqw-t1EcEdvKU8JrfYtkCLG_SxIOs2HJRcvF23NCg5ce7tzW643jJ8dWdy_gDO7Pgh5YNg,Edgar Vazquez,https://play-lh.googleusercontent.com/a-/AOh14GipdoufOJyLjridVCT0f6F7aEKMXZw0XNESEUqgaA,Great app to use as a guide for users at different levels.,5,0,1.4.1,2017-07-06 04:01:59,,
gp:AOqpTOEJUd0IKn3MeBB7oR_7sbUHCJ5_-PjJBbvIE3ZsgkUpGV6a5BMhN1hserl4gV8xGqWR34RBzBK0vls9Tw,Ross Harvey,https://play-lh.googleusercontent.com/-9V3YQKt6v-8/AAAAAAAAAAI/AAAAAAAAAAA/AMZuucl2p4ZTNH-jr17tFBiMCAgaS8WLtw/photo.jpg,"Great workout, very functional progressions--I purchased the""pro"" version after I surprised myself by doing 6 pull ups in a row (3 times!) after a decade of struggling to do 2. Only rated it a 4 instead of 5 because some of the video links don't work.",4,0,1.4.1,2017-06-28 15:52:24,,
gp:AOqpTOFyg2jh-OYisTqfLW9-X9dCPEOyx6hCuOUorz0TbfLcq9he4LrzF-vCY9TJb86VhXsppALuVmPmm8px_A,Stefano Pongelli,https://play-lh.googleusercontent.com/a-/AOh14GjGxRn1q-ZbF_qDG0r5WqiFhw3XEc0c3WofoxM4oA,could be more configurable,3,0,1.4.1,2017-06-28 10:10:44,,
gp:AOqpTOFlMpe9BDp19kxcs7SwR7AECyDMCepXbt8Drikub4KHhFXbIaXTxbkXfQ-dc-L2HjVu0wRidDQT6k6REg,Geoffrey Brown,https://play-lh.googleusercontent.com/a-/AOh14Gg2KskdLZGgkJ18xtm5jpqks-D22qY2A8tCQ7Be8zQ,Easy to use a piece with high quality instructions,5,0,1.4.1,2017-06-20 07:44:17,,
gp:AOqpTOFGmtjyUGSt1Cvo7GyIFkADj5B9vTcHwEH2uOvF4Z6_sxPUyWD9FgcPlX_17t8NsD6JmK0RIech00m6qQ,Samuel Holt,https://play-lh.googleusercontent.com/a-/AOh14GiW-NykifqTZYNV4nOrMPxXzWGHvkRKGeZ8RlvHiA,Great simple interface and created with knowledge,5,0,1.4.1,2017-06-19 02:46:18,,
gp:AOqpTOEtSphFn3IQLCtwbvplQZT-b7s917l3NjAjN_Hz8UZpK1L-4fBBGHIqKHZiyDcTtua5pBVTCn7WKGB9aQ,James T,https://play-lh.googleusercontent.com/a-/AOh14Gi8s4fNXNE2x_d0KGci5jL0D0fSndH_yYnTc4Jrxw,Really well put together and always getting better,5,0,1.4.1,2017-06-16 12:50:10,,
gp:AOqpTOHzlLcC2FL0vFrIhb6hBBtNKR4cmbQm73hZio8fwS3bsCPs7TikF93p5lMVpungo02MHVR03Q01paAXew,Aaron Bonar,https://play-lh.googleusercontent.com/a-/AOh14Gh16RdQx_dRAwaY69aUBVbxHSYN1C5-PFHOBSf51rk,Best routine!,5,0,1.4.1,2017-06-10 17:45:01,,
gp:AOqpTOHWhuDIMhCcRdV96wdcfTRCRLgnFqwKFyirJ6qvzP9zrf7RHpRsxI6hnAmsLflc9lJCq-GDZ0NQ4YiTWg,Nomik Guy,https://play-lh.googleusercontent.com/a-/AOh14GgVvvg6jyuNYnCkLm9-ahH7_8bJGVKfpqpGL3gYIaI,Awesome!,5,0,1.4.1,2017-06-10 10:14:13,,
gp:AOqpTOGytpGsO8z29RLVVzNGh6eyO0rURndXErFlSE0cKE_5EU_Psm3Ow7LbPpVCm-7POmvX0V_XQkkcsloR6w,John Williams,https://play-lh.googleusercontent.com/-_UY5RYRPGi8/AAAAAAAAAAI/AAAAAAAAAAA/AMZuuckuE3nfHwhAQ5QLYicreign-fSxOw/photo.jpg,Not worth the time nor money,1,0,,2017-06-09 15:16:41,,
gp:AOqpTOHcfhZJ7Ae2NNRALMiribY0NdlLXBctKtNoK_jQhVoY3FHvIEFB9mFGWiOYwqCs-Gc_qr1i0YcRp_Z89Q,Tom Connolly,https://play-lh.googleusercontent.com/a-/AOh14Gg9gByTVOLbnHZAeMcNDKbJ36AJVznVfLRsZ9dpPg,Great app to help keep track of my progress. East to use and follow.,5,0,1.4.1,2017-06-07 08:58:22,,
gp:AOqpTOHeSPSOlYItDCWrcApjKAfsT2OPNNJYj98pYzPe83Urzcy17YYa9rZo2px12CE6p_F0cgoZiB_oWs4xfQ,Mudassir Syed,https://play-lh.googleusercontent.com/a-/AOh14Ghvtc8WmTolW6W1wj73qBz7w-Z-vzZkCucfeGjm4w,Can you add the Move routine to this app?,5,0,1.4.1,2017-06-07 08:15:41,,
gp:AOqpTOG_Uu6HQE4I5ZCVrAQCtCjHvI7qC7v5CR-yHXrKIGkY467nGgcMT2P_-urC1X2-2hmXf1pH71TcdK5hBQ,Jason,https://play-lh.googleusercontent.com/a-/AOh14GgMGdME10YiQqrbvM_6Rt6hXXnafKErF5TpX0dvDg,"I purchased this app because it happened to combine the 3 routines I want to do regularly, and it does a really good job at visualizing and recording your workout. I'd like to see more information on proper form, and perhaps a main home view that shows all three routines on a calendar.   Proper form is a must and it would be nice to get that information in the app too, because I'm probably not the only one wondering how to do these excersises without hurting myself.",5,2,1.4.1,2017-06-05 16:24:19,,
gp:AOqpTOFo4qVb29--NLWXgeV-N3k0Indn-K6eJnHGUU5GhyELM8xwuXC3V1VPl_umYjQ6L2NAD1CMp5LDM1UlcQ,Jason s,https://play-lh.googleusercontent.com/a-/AOh14GjUS2m1Fx78nM7tz-Mr0AM2l_dfYKo0hE86zMoEiw,"Great routine, easy to navigate, and it's nice to have timers for everything.",5,0,1.4.1,2017-05-29 02:53:06,,
gp:AOqpTOFtpE9dp0tlJydziXNFfTLcBd57QndtSw1yTJFqqrSquKQmu1SwZmhkTfR7rwuNbFhVKV51JrHwDggbXg,Jack Crux,https://play-lh.googleusercontent.com/-Tqe3dxVTfL4/AAAAAAAAAAI/AAAAAAAAAAA/AMZuucnTFidWuWXt9mUN21JoB6euJkGLow/photo.jpg,Great app from bodyweightfitness. I bought the pro to support these guys but they offer the whole package for free. Its worth it just for the stretching and mobility routines. An excellent introduction for people curious about trying calisthenics!,5,0,1.4.1,2017-05-27 04:48:16,,
gp:AOqpTOHa-S69XILuAGYGXdOFDL1P4R1RrLG-MDrC2bayUzUNGYN2-fPZKq_I9mdynsxydrjMK3MGu65Y9ritMA,Dman O,https://play-lh.googleusercontent.com/-LUYBDlHpVuI/AAAAAAAAAAI/AAAAAAAAAAA/AMZuuckUWLaEcxDFL0rsmVoT1OynMjUsSw/photo.jpg,All I need for my workout without tracking or privacy violation,5,0,1.4.1,2017-05-22 13:00:49,,
gp:AOqpTOHntYkkD_EEcIfg664q9LVTdAXwqLBWsBUSzsa8iOvEA6joRgsJBKvZuT0MyIELXkC8L2gF3n0wzv8Iqw,A Google user,https://play-lh.googleusercontent.com/EGemoI2NTXmTsBVtJqk8jxF9rh8ApRWfsIMQSt2uE4OcpQqbFu7f7NbTK05lx80nuSijCz7sc3a277R67g,Absolutely awesome app. Made bodyweight training so accessible and easy to follow. Highly recommended,5,0,1.4.1,2017-05-15 02:14:21,,
gp:AOqpTOHODFrAGd0jhAu6ficA2-6iu7dmZIY-rrX5sowXQSs3jhwKRHo_5LLdqJ7FC-E5V4mkrg-ol11mN4DZZQ,Courtney Hartman,https://play-lh.googleusercontent.com/-VAEnA1DFVBE/AAAAAAAAAAI/AAAAAAAASDY/AMZuucmCLE0p-ob-BnLSViuBZ_-wmv0Gxg/photo.jpg,Easy to follow instructions with video demos and links to more resources if needed. Well written app with a smooth user experience. Thanks so much for taking the time to create this!,5,0,1.4.1,2017-05-14 10:14:07,,
gp:AOqpTOHeqiN5vk8bGvPbM1BLIyIG_Oon8XkBICe0zLw8BA4upZMpMGOGXF3lSsfqN-t7HyJFesf0mHhz_pTPAw,MG Mateo,https://play-lh.googleusercontent.com/a-/AOh14GgVU9mRNdbBdP6IXs-LwDYh7qaoHQRg9XEXX9Yo5g,Excellent work out app.,5,0,1.4.1,2017-05-12 10:33:20,,
gp:AOqpTOEY0cT-0qrxvl-nGO5xgY-YGsZE6KM0r40wpfEU4zFOHNC4I_3Kh3ltqADVUDheeqfFTmO6DZ2U-3tUfg,Marc Randhawa,https://play-lh.googleusercontent.com/a-/AOh14GiiTXoTye1kov4zj85At1QVQ8mHijStSUD-OVqI,"Great app. YouTube videos don't load, but the gifs are enough. Really like the last big update. Made it more user friendly.",4,0,1.4.1,2017-04-25 10:09:25,,
gp:AOqpTOGGYhTT7y2ShXjnZnsW-Whe1slYZxo8477ZH6JCY3Aj5Zga-94lTlhwYIAGkfSgekMP8rmq_ps9pppVbQ,Jerry Lee,https://play-lh.googleusercontent.com/a-/AOh14GiFEq5DCeL4MWxszgyTpKW-ckNEt6B-B4GsdYoORQ,"Great app, good info, clean design. Upgraded to pro to support the immense effort!",5,0,1.4.1,2017-04-22 23:51:44,,
gp:AOqpTOEbLE3sO4KPrOb9EiwK0DPH4M5A6WZQFDNTIs4uFP7riPRVC2BLA38x_olePPA4v7BijIabGiYfD1Y0xQ,James Hickman,https://play-lh.googleusercontent.com/-VheXdbJrQao/AAAAAAAAAAI/AAAAAAAAAAA/AMZuuckc7ZKZ0lP7VRGdNyTkSQsgVBeyrg/photo.jpg,Very useful indeed. Could do with some more of the progressions though.,4,0,1.4.1,2017-04-17 02:00:11,,
gp:AOqpTOESVXXOCk04hFiLSkSJcE9tHI13YhLSytSiwfKiksWKSwE7thuo_whv00-HrXwH1EHByYAR1O9R8l_mFw,Jeremy Carroll,https://play-lh.googleusercontent.com/a-/AOh14GjQ5W5kgPxpNcwxErCF6b_a4w7oT-m-7lfMjTti,Easy to use app for anyone getting into body weight fitness,5,0,1.4.1,2017-04-14 11:22:44,,
gp:AOqpTOE4l78jp-UFLZ7-ZcV9iUqEWYv0-xwbFHYG1mnK6-QgqdC74TNLedEcrLH9DIAMWzO5UZKuKDm7rxZ08A,Matthew Greenacre,https://play-lh.googleusercontent.com/-9auUfxAZ9u0/AAAAAAAAAAI/AAAAAAAAAAA/AMZuuckEdLdLUVQEIZOwRQ0b0Lk6sQWXJw/photo.jpg,If you add more ways to modify workouts that would be great. Such as adding weights to squats or pull ups.,4,0,1.4.1,2017-03-29 07:45:14,,
gp:AOqpTOGwvvV_oxngZH97xU2yPf4ngB6rAn6FcKvn7trHqfU5Fb3UVIvkb__yh5iM0XAaO_5oJMUSbbZW78Pm6g,Johnny Goss,https://play-lh.googleusercontent.com/a-/AOh14GjHHFp2CQ71wynUZ2Gy7fbigcSzTp8LMko2vSttKA,Great app. Would just love the ability to delete work outs done. There have been a few times I started one by accident or just wanted to look at the exercises without actually doing the work out. Thanks a lot!,5,4,1.4.1,2017-03-26 22:13:00,,
gp:AOqpTOHI-7XAcVW4PK522hkgEk2vybjd5ZEnHCAZBaOiLyUxDQ5G3_ZGlKKZWZASd27wlGybkSWcEJbawoxY3w,A Google user,https://play-lh.googleusercontent.com/EGemoI2NTXmTsBVtJqk8jxF9rh8ApRWfsIMQSt2uE4OcpQqbFu7f7NbTK05lx80nuSijCz7sc3a277R67g,Well worth the price of upgrading from the free version.,5,0,1.4.1,2017-03-26 11:16:25,,
gp:AOqpTOEskJ9YBjCTHr47fZBcC3JTpy3Sp7_NjfC3Y_JOZbUED0s7AMMUQYxzuys4GSL-LRFgLD0r7jxy3_tzNg,Zutrex,https://play-lh.googleusercontent.com/a-/AOh14GiSuZWZVtafM8uGcXb0LYgwsg8l5GHgNBXwctoq,Keep it up,5,0,1.4.1,2017-03-12 14:37:50,,
gp:AOqpTOHcC-QFGvlqEcH_bjapxy71gX1VQPkQQyBwKzxe1xmDHlXaPNNqHyvQOsjrmymm5avPKVnmhaXqpKPeTw,anthony spoon,https://play-lh.googleusercontent.com/a-/AOh14GjlSB2bNEeulecdATEyqhdgwm-7QZF_SSG_-QF3,Great way to keep up with the RR,5,0,1.4.1,2017-03-07 05:48:34,,
gp:AOqpTOFkY9pLRjKwzyIeCwheDFgvVpOL16d_EN8ZR--Mp_eT034_m88rYVcK61z9uC4h-2j3yQ2DeHeJb9AZ2g,Ivan A,https://play-lh.googleusercontent.com/a-/AOh14GiiAjyCHw6n9aThaKghXIdOC8RHOogx30dBo3v_2A,"Started using the free version about 6 months ago and I loved it. Decided to purchase it to show my support. This only works if you do it consistently and consider it part of your everyday lifestyle. For me I don't eat the healthiest so my results weren't so fast but my gains in strength were very noticeable within 2 weeks. Stick with it, make time for it, and if you can't do all the reps and sets, do what you can,rest and try again next time!",5,9,1.4.1,2017-03-06 22:33:15,,
gp:AOqpTOEF9jzlZ3SVInrhBJjAtzV36rQTLA1FymCihJ03U-4ordDYvZbh9c9uEcRRbtJoYw3_J9-kDWacg51e3g,Jose Ocampo,https://play-lh.googleusercontent.com/a-/AOh14Gj8mxH5XTythcJHiBvwQbIYgaG_gc-78ZjUMmv_wA,Great job!,5,0,1.4.1,2017-03-04 09:34:05,,
gp:AOqpTOFqmNvuz_8N5gpmE7pDt7PonJjid9SYzNQq5eVDxrsNPtLzvq-xsH7ooHsEbQ5pnFKLJdGYDYhdXtKVZQ,Eric Belesky,https://play-lh.googleusercontent.com/-PeJCZ9hKRPg/AAAAAAAAAAI/AAAAAAAAAAA/AMZuucmEaTJZU2iZHVq9EWRyvfeyKzwF0w/photo.jpg,Great app and great routine.,5,0,1.4.1,2017-03-01 09:56:42,,
gp:AOqpTOHM6uRMUbeJ8ex6uVJvIOF9uoRqV3sTJbUKjAGnujcz0pPt4mH141kZVfwAEOBALxELAytdkWIk25_TCg,Maddox Mishou,https://play-lh.googleusercontent.com/a-/AOh14GjBlqNM9DahqVJLaMYMOIuPbLC54K1hKvSKZM2GM7o,Great app. User interface is pretty easy once you get used to it. Would love the ability to add custom exercises and workout routines.,5,0,1.4.1,2017-02-20 17:18:14,,
gp:AOqpTOEqHr8tfjcR7wWniw1Ip2EvhDCndGEZ-wQOzGO0Q_FLebKHvrUsNz73VPSsDDHPqb4tDlW1l58KMyIMGQ,James C,https://play-lh.googleusercontent.com/a-/AOh14GjoOdauxFqHByzAo6l1nw9zsWRoXVDQF5qBQb54CSo,"Great app, missing a few features like importing workouts and it would be great if you were able to add comments to particular exercises but that's really just nit picking. Great help out for my workouts.",4,1,1.4.1,2017-02-20 15:57:39,,
gp:AOqpTOGvYNAKWM1WmNFxIeZ9uQ8wckZxKdDC8rCQX5RUsX642M11BJJZl5tOk4uw-igiIuL3gYO-AdUHjn035w,Carter Golden,https://play-lh.googleusercontent.com/a-/AOh14Gj17gRwgLXFy3H-dviqT708_15BWLxHESQ5E6Gc0Q,A must for anyone wanting to follow the Recommended Routine.,5,0,1.4.1,2017-02-16 20:17:27,,
gp:AOqpTOF4t_MIXqNA4nbjE9WEqfHBQmru9r3i8PUiqHOWWb95uUcQ8gdBzN4YqyVOie3EzQwikOea3LpgmouipA,Mattias Gyllenvarg,https://play-lh.googleusercontent.com/a-/AOh14GjS7O7E29FKWstX5y6UNilfDzY5tciGLmKGYH3X7w,This is the way to go! I have done this for about six months and have never progressed faster.,5,0,1.4.1,2017-02-14 11:17:57,,
gp:AOqpTOGYhMDSxHVmNJByNWzi49EublWOIKF8-c3fDej9hv1CEBgAAg3wIEnChkeUz_EM-Rm51a4sWgDaw8cr8w,Rylan Henderson,https://play-lh.googleusercontent.com/-Wg1xDBa_Fc0/AAAAAAAAAAI/AAAAAAAACF8/AMZuucmAQBVhcVDLdYlwCqYlSnJGNG9S0Q/photo.jpg,Very helpful especially if you're a beginner,5,0,1.4.1,2017-02-13 04:22:01,,
gp:AOqpTOFoH_BZ7d52lpLo0ZBDD-deg6VwZtl7TsNZZvuOFYXCOiggeRS1RVqAqNm0u5fMGMQKtf9ad88ZVXn2Hg,A Google user,https://play-lh.googleusercontent.com/EGemoI2NTXmTsBVtJqk8jxF9rh8ApRWfsIMQSt2uE4OcpQqbFu7f7NbTK05lx80nuSijCz7sc3a277R67g,"Stupid simple, minimalist design, couldn' t have been better! Thanks for making my bwf routine easier to track.",5,2,1.4.1,2017-02-12 07:39:39,,
gp:AOqpTOGbio7I9CwbXuW3X_Amb1-T266HzK70hRSTHJw480EyszCObMaEEtEos5D-hpj16XMhLy5iOY6V1cO7FA,Charles Barclay,https://play-lh.googleusercontent.com/a-/AOh14GgOw4FWdCh3d-P4pVOaLa4Jl5iuUYO-nc-0C_7S0Q,Great app for a simple workout tracker,5,0,1.4.1,2017-02-11 17:52:50,,
gp:AOqpTOF3Yayoshr7wqm8Ob45xTQlfthMKj2GGu_W6faLCJGnGBPNLGsgTRjRgI24kXAf0i0uqO2cbKeaIR257Q,Ryan Douglas,https://play-lh.googleusercontent.com/a-/AOh14GgAE9fZEySIeDE7WsOytZ-CeRGgus-ivK6ftGV8,Found this workout on Reddit.  So glad they made an app💪💪💪,5,0,1.4.1,2017-02-08 15:50:46,,
gp:AOqpTOF2A8fxEY7misjuX8HchqsEOZWAq7HFAjG3fka1NCUL3KFWuIrIDXIgUzEJQZCJrN3e93vgkaseSdYvXQ,Jacob Williamson,https://play-lh.googleusercontent.com/a-/AOh14GjRlyEjaaVqNo-Vq_EXCNdITPXnx8lKEWXHai99Rw,Very helpful in bringing the Reddit body weight fitness recommended routine to life. Perfect for a beginner.,5,0,1.4.1,2017-02-05 11:56:47,,
gp:AOqpTOGWld5W39G8BU4zwawtqBs2HFNW--9qfF-IuNkcL529jfSknoLOrswAajmtUquqe53osmU4x4A1DhNUAQ,Nick Antipa,https://play-lh.googleusercontent.com/a-/AOh14GhmfITnUY5szekDznDM7pXbIHULiNTU5tYNBKreHg,"5 stars because the workout in conjunction with the tips from Reddit has enabled my to address form issues I didn't know I had. My only complaint is that I'd like to be able to import my workout log from the free version into pro, but the apps function identically so it's not a big deal.",5,4,1.4.1,2017-02-04 10:27:08,,
gp:AOqpTOFAmMRmncTNet3S3dfJht8HRU8OixOn3ahn5NWy-RsehO7ukYwfCgzo8cBgmP9JPDV_W6L96_65SyjbHQ,Jacob Chang,https://play-lh.googleusercontent.com/a-/AOh14GhTic-xAaRzYthwJclFSY7aub60_0cd0u7rwYQjnw,I love having the video. This alone for me is enough to contribute to a good guy developer. Thank you!,5,1,1.4.1,2017-02-01 05:26:00,,
gp:AOqpTOFLFSENx0Aa1zvfOjSpJ-h4jL7PMA9f1X4S4zwsYXNnBim8X5azMcJZg1uI87Nu2qgN3HuV1EK3r9rl-g,Eric Tegethoff,https://play-lh.googleusercontent.com/a-/AOh14GiWDbsmJ0ljvnBPB92VG7ErVcypzfePTzkJp0Mljg,"This app takes all the difficulty out of getting started. Took me a little bit to get used to the interface. For the first week I didn't even realize there was a drop down menu to switch between RR, SS and MM. Overall great great great app!",5,16,1.4.1,2017-01-31 05:05:59,,
gp:AOqpTOGXozPEF_GBawv0eGJVs6hkIU8ct4GEC1FgiOLEd_d79bbpcaXdXzuco6PLeEoSNP6lAuz9p-bLex0uJA,Jason Woodcock,https://play-lh.googleusercontent.com/a-/AOh14GhUw6zHCPvhRdfPZYD0lvUhpfQiU6dEHkKsdOzr3w,App paired with the subreddit is absolutely fantastic! 4 weeks strong!   Very happy to drop two fitty to support them!,5,0,1.4.1,2017-01-27 18:24:25,,
gp:AOqpTOHmqUVybFE8iJRbb3UK6KoJd-ytTk9yCQMF8O-OGofEC08pMBLGbqW47mI8EjTW4tWLXy2hcGZhWc0cEA,Greg Hawrysko,https://play-lh.googleusercontent.com/-1wu6fLHndlo/AAAAAAAAAAI/AAAAAAAAAAA/AMZuucmfQozMSYWydfTXt63tMltGdjkeQg/photo.jpg,Good tool for stretching.,5,0,1.4.1,2017-01-27 10:00:43,,
gp:AOqpTOGcGlrCb-pP0FnfpfhIBcM80tSXOt2tbbYND5AQNb-H6Jss_j-q22LnuOo2Lmn7mk-N6U2_hg8IT1AwIg,Haurence Li,https://play-lh.googleusercontent.com/a-/AOh14GiO2BbTmJ8Osyphp2O7M0bOIaHcEeL7_BL9vcjQiA,"Great routine overall, many issues and equipment questions are addressed in the subreddit FAQs and threads. Finally decided to switch to the phone app instead of the good old pen and paper. Perhaps add an option for adding and subtracting sets so side plank (where there left/right hand) of workouts don't need 2 entries? Just an organizational pet peeve.",5,19,1.4.1,2017-01-24 17:43:53,,
gp:AOqpTOF8WTx3sMgIM6yOaGyTaYLxmcrog4EiU7PjG5QcD6YT7tLdsFR75byZNQVQbtWkmRYn0JOPIkxty82Uvw,Christopher Smith,https://play-lh.googleusercontent.com/a-/AOh14GgQgnY_0QVkRWJ8HqWoey4HnNkVzyO8D3l9gdqUAcU,Great app,5,0,1.4.1,2017-01-18 13:10:04,,
gp:AOqpTOFFklBbjNnwpSDtbSkNPxek3cDhRe_yeXoIqlkZFRZO9QF1AHesuBWRKZ9KXf7-sTeOPrlyyybv2AF-ug,William Gentry,https://play-lh.googleusercontent.com/a-/AOh14Gi5zWt8BJ9XMmPCyLF2iXk3-uO0MGdK1OhDme6yQg,Mobility is much needed to keep my joints lubricated and extremities pumping ! This machine runs like a beast and with the help of this I can Damn sure keep truckin 👍,5,2,1.4.1,2017-01-15 15:20:56,,
gp:AOqpTOG1awk_JX0bHoTUJy07vfsO22q5MmlhPsNnVti-I5plTUAA4q6Zp4WhuQo9gwVjKsMrZ1CIQvqZSaZwiA,Ben Coates,https://play-lh.googleusercontent.com/-4ypYgE4Jcc4/AAAAAAAAAAI/AAAAAAAAAAA/AMZuuck6E1-ZTCpB0wO6aML82_oqG-7VuA/photo.jpg,Love it,5,0,1.3.6,2017-01-14 17:34:29,,
gp:AOqpTOEAM8DWlV4p495FwdMLVGGxYXsdKTj2hC_EYN04cwSR3YpCQiUHuIsAOJ3YURjAYoAFIwIhE7123em8ZA,Benjamin Laurent,https://play-lh.googleusercontent.com/a-/AOh14Gh9SwSeS3S_IaZze-oU5C2Vcer_KeVrgFPmmAnZOTE,Excellent app,5,0,1.4.1,2017-01-10 03:33:19,,
gp:AOqpTOEUaFSzAIb5-RKYcieZDJPRfd_p8lDFljMDq9t1lM-eJbXAD6DGsERtd06WJJ3AwEMl5qlHdp90j_834Q,Y0gs,https://play-lh.googleusercontent.com/a-/AOh14Gh6ejdM2SDhU1eB1rqOza2DtW7JQE8KzPSdkYrU,This routine is amazing. You can do the exercises without the equipment here.  There are plenty of work arounds!,5,3,1.4.1,2017-01-09 22:13:43,,
gp:AOqpTOF0fllmFTn_R5UNhuFb2SR47DNi2WFMoLOssSDsQQI2KPsz4tBXFT6J0_AfSvJCWYG8Vb6vz9dTxxnywg,Ayoub Ouaad,https://play-lh.googleusercontent.com/a-/AOh14GgE8O9EK5H-r82HM8aSEjlzjBgvpuiLnNT-JPCBxA,Good but not great,4,0,1.4.1,2017-01-09 14:38:43,,
gp:AOqpTOFl0fkApg8GmmRiMYP5HU1yP--YhV9t_5isDO2kfVreAFx4X1IfjZvbt_kPLzkBPkjIc9n8inhZMEMPkw,Dmytro Neshchadin,https://play-lh.googleusercontent.com/a-/AOh14GjTijhThdXpzqdz3OudRiq0_fDI-GLUw2FsNNPd8Ds,Possibility to add weights to some exs would be even more fantastic,5,0,1.4.1,2017-01-08 08:46:13,,
gp:AOqpTOFjMJSkYlyf5M-7VEyOZF2DweYGDH33Kg2lKHAYNQYljGAMejjkyvoNrt0t52ocA9o981znvVgPvybiag,Dustin H,https://play-lh.googleusercontent.com/a-/AOh14GidPVQc_ID-J-Wl0P8wSkaSl0TD0R_K0SQLQVvSwA,"I downloaded this thinking it would be a bodyweight only type routine program but many of even the beginner exercises require special resistance bands, pull up bar or even a dip bar? Glad it wasn't too expensive. Looking for a better app now.",3,6,1.4.1,2017-01-01 21:14:08,,
gp:AOqpTOGM9fAqBnYjV57DMNCrIFO7BKBlvoARRaUfOm02NdF3QhELQRvERbZ7-fO5oF5RUcEbgsXeg8l8dMFlug,Mathieu Lacroix,https://play-lh.googleusercontent.com/a-/AOh14GhQOBNRjnbcbPWWkOh5t2iyXAJ-r6S6XkdaxcZihMY,"Now that the app includes the Recommended Routine, Molding Mobility and Starting Stretching it's truly the only app someone would need to keep in shape and what's even better is that everything can be done from home with the right equipment!",5,6,1.4.1,2016-12-30 04:21:21,,
gp:AOqpTOGgKm5XLUNeOI0qNvbXIDsaJXADa6P9RthHo3hPls7WKnMu2E6KWIFQlUZit25vMDIYYkKitB-8Igpvgg,A Google user,https://play-lh.googleusercontent.com/EGemoI2NTXmTsBVtJqk8jxF9rh8ApRWfsIMQSt2uE4OcpQqbFu7f7NbTK05lx80nuSijCz7sc3a277R67g,Good,5,2,1.4.0,2016-12-28 14:48:41,,
gp:AOqpTOGPoASAwDmZDsBO6ciFc8MbLQN4d6KqG3oW3E_mBGk_ruJUL0twzgMFUnvV8ixU20zBNKgXmm8grK092A,Alejandro Ramos,https://play-lh.googleusercontent.com/a-/AOh14Gh3U6PsVGa3CrAMpbnob3jZg4rFRPiFcKn5D0CBWZg,Great way to get started with bodyweight fitness.,5,0,1.3.6,2016-12-23 13:42:37,,
gp:AOqpTOHiFSVgJev2Fa30Q-XyK6v2HyYIjHqGGEhLYEkSJWlp7-A1YWRTxCdSkfBQNz81iNK0cR-HvQGF4Isx7A,Salvatore Gennero,https://play-lh.googleusercontent.com/a-/AOh14GgvQv5QcyLD_ztNNk8wh7vak9IQc_0gRUhU4KnaSg,"Great routine, excellent app",5,0,1.3.6,2016-12-22 06:54:01,,
gp:AOqpTOHqe7HTUAkbCV6HNw8sKFUqDylAmmx1DZgi1DmxmYaKGjDqxJhAhAMGQ_O2-Sj7Bnrr-oY6aSGBs4i7ZA,Patrick Donohue,https://play-lh.googleusercontent.com/-Kt32tVfO1jY/AAAAAAAAAAI/AAAAAAAAAAA/AMZuucmFY1yDy0QIpE4ZT5xyCn0u-Rb8MQ/photo.jpg,"Ok, it works well.  The interface isn't as intuitive as I would like, but it has a lot of information.",5,0,1.3.6,2016-12-07 06:55:43,,
gp:AOqpTOECJefW-hzR4isU82aMDGUiVF1ggFc2HPMqjsaK3A9B0Jgn6gby-uinHLPFRAxvPn31V39KwHe5WSLj9g,Tim Cheng,https://play-lh.googleusercontent.com/a-/AOh14GgoxrdzR4mKdFKwr666OzgmZOoRjDah_qWFXD0XeC0,I'm also getting installation problems like other users but I just bought it to support you so I'm going to keep using the free one,5,0,,2016-12-06 11:15:56,"Hi Tim, This issue is now fixed :-)",2016-12-30 03:07:52
gp:AOqpTOHeqFqPDmkjrjvlrNcicVj_wN3SCogIE7UjWYJ8BmDeyFsuzOuwBG0Xc21Pevh5jnAhxVc8QRlATP7Dwg,Thomas Laugle,https://play-lh.googleusercontent.com/a-/AOh14Gi6ILvPC55YchMbTSVTpE9D2ZqgfdUHGtDMnSy6uO8,"For those getting the error 505 when installing, I had to remove the free version of the app before this version would install. Also, if doing so, be sure to export your workout log before you remove the app, unlike me :(",5,3,1.3.6,2016-12-06 07:11:15,,
gp:AOqpTOGNixLiMzXt43MGlpy4Sjnc8nmS7SPzI1tJTkYgTDHkJBMGROTHfUSttTialh5ULuhI7iz0e8PhT3JW4g,Lester Han,https://play-lh.googleusercontent.com/a-/AOh14GhJFICrmZuAKDLF1pDU0SG8D9AXk2C43t-SNBjLT3g,Good work!,5,0,1.3.6,2016-11-25 19:09:32,,
gp:AOqpTOElMQ-4Ezo9q8ifTjHLb5lZ7-PzUess9rrd8tcRGx5vOZ2775b-jjdEf_4a8GI0iZIPqQ_tlQ24DA_jMg,Adam Huske,https://play-lh.googleusercontent.com/-QBxUCgjVJYc/AAAAAAAAAAI/AAAAAAAAAAA/AMZuuclnWOt6m0jypeoRT99E1DhvEjHg3g/photo.jpg,"Awesome, very simple to follow hope theyll be more! For other body weight moves!",5,0,1.3.6,2016-11-25 15:19:13,,
gp:AOqpTOFuI6bHs62iCFXqhIiL1fs7LIWoI4EexXpQAoIgFu-9a97yheYoMSxA_pkWi6sE7lV86lW9JhLdJ75g3Q,Mellow Turtle,https://play-lh.googleusercontent.com/a-/AOh14GiUQYc9V1XV7zqVR10e5zP43tDadJ4vlElEm3DjMw,I keep getting an error which states that the pro version can't be installed after it downloads. Still 5 stars since I'm just getting it to show my support and the non-pro version is great as is.,5,3,1.3.6,2016-11-16 12:30:01,"Hi Sonny, This issue is now fixed :-)",2016-12-30 03:08:24
gp:AOqpTOEoxrSsgqKT8StorcWGOHRi4tykV1MpYUiTvdfnyLSGTFme2Eq8h_PqxTTE3JTRWQwKbqQflpn__MNjaA,A Google user,https://play-lh.googleusercontent.com/EGemoI2NTXmTsBVtJqk8jxF9rh8ApRWfsIMQSt2uE4OcpQqbFu7f7NbTK05lx80nuSijCz7sc3a277R67g,The app and content helps visualise the exercises for those new to the Recommended Routine.,5,0,1.3.6,2016-11-14 05:57:06,,
gp:AOqpTOHYKGIZcfo_OitMy18KiAKNlqcjUVYC7mEOsj8a6d2agGvXSySnR2c-O_MoKcD2n71Y51pfzcP5UjdiNA,Kamil Kubacki,https://play-lh.googleusercontent.com/a-/AOh14GhoVSc1KaiA0Yqdf_R_-sE5WrVWpMJftIXe2Mc3EGM,Very well created with lots of forethought. This is one app where a daily workout push notification setting would be appreciated.,5,0,1.3.6,2016-11-13 07:28:09,,
gp:AOqpTOFOyc0tVWgq_vrLmyGo1SteLcRcyS33xP9fzeKvp_o3WXaNrrZ0tuwm_vBirDIBzDgCpljmrEEcR21fHg,Sara Cutsinger,https://play-lh.googleusercontent.com/a-/AOh14GgWmI1bhHX76FGTeeJuyTD2OhvF0JZhpBYq6FwT,"Paired with reddit's subreddit this is awesome! Simple, sleek, easy to use and well worth the donation.",5,2,1.3.6,2016-11-13 05:47:07,,
gp:AOqpTOEdcJXT_2iqiXePoRqnekskFHTWVjm7_q6buv6GGhG2_kCaBXOukq-525Vq8Sj9L13qXAQeJESSiINATQ,Nicola Onose,https://play-lh.googleusercontent.com/a-/AOh14Giio3-KidwXAI5GCzkAYBlLR-0q5frccF4a78TGqg,"I liked the effort the developer put into helping the community, so I bought the pro version. The interface is very easy to use and the videos are good the first few times you switch to a new step in the progression. The app could be improved by adding support for custom exercises, even without videos, like in FitNotes. For instance, many people customize the squat progression by adding shrimp squats or barbell squats.",5,0,1.3.6,2016-11-11 08:25:15,,
gp:AOqpTOH7A1kivBEfqxPlOIMts1pUoinBQd129D6teaXkLVpHDmaOoxuHX1FUSaS5-aOgHVvAMkHg1sPHc4DuuA,Ángel Cáceres Licona,https://play-lh.googleusercontent.com/a-/AOh14Gj_gslriK_5ALncuQ1hwVl73vYCpU_7_HvPGr0p,"I love it, the workouts are suites for anyone to start right away.",5,0,1.3.6,2016-11-07 19:07:49,,
gp:AOqpTOEYtKsVYCD75mdxImHRhQzDvCoY-7PC6rAWt7L6fEaluwzINXggoAGdtJ3V-2_MR2K2E7smXIvIJkhZcA,Nadim Jauffur,https://play-lh.googleusercontent.com/a-/AOh14GjNOpXuEsukq5D6o5JB-xO3FlF8-HD2iGXYDjUmZA,Still being worked on despite already being a near perfect app - really helps me to keep track of my workouts. Couldn't love it more.,5,1,1.3.6,2016-11-07 15:46:12,,
gp:AOqpTOHhcUHalHUDim51ORh1mgOk_I1f0Hwyah23A3A7ZaiFXmtJjxjMAGjGBsB7IbkIeGrf7tNBM_4BHQPkNw,A Google user,https://play-lh.googleusercontent.com/EGemoI2NTXmTsBVtJqk8jxF9rh8ApRWfsIMQSt2uE4OcpQqbFu7f7NbTK05lx80nuSijCz7sc3a277R67g,"Helpful demonstration video with handy way to time and track exercises. Default bodyweight fitness program is flexible enough for beginners and for the more advanced, just extend time, choose more challenging exercises or do more volume. There's enough here to provide a good level of fitness no matter your fitness level or age.",5,0,1.3.6,2016-11-05 19:44:12,,
gp:AOqpTOH71EamqXQnnpeAHytX-pAEHJfxDjCSi-UBcSIDcjyHXKa8MMByH6qLI_ew8s_epll9usXiil39xhxgLw,A Google user,https://play-lh.googleusercontent.com/EGemoI2NTXmTsBVtJqk8jxF9rh8ApRWfsIMQSt2uE4OcpQqbFu7f7NbTK05lx80nuSijCz7sc3a277R67g,Perfect to keep you motivated and keep track of your progress!,5,0,1.3.6,2016-11-05 08:38:12,,
gp:AOqpTOFbVRKGgKuGfs14zbtbwuElXDD9cN00Fh1rmsUX_wYc_rHZjZztQjdBC70UO0gUFKTemG2xFhBKGmBJUg,Taylor Ikari,https://play-lh.googleusercontent.com/a-/AOh14GhJfra3odnlQr4KgFFAuI57FTrpGURoVtRjd7BE2Ps,Love this app. Simplest workout app I have used,5,0,1.3.6,2016-11-04 18:17:53,,
gp:AOqpTOGnL0l8pn9qUpQ_g5e5tIdEEzmb6kTNsWaeWgQVp-z8ZtVN1zE0fIp7BMNE1Hg2x7RsTl6K8y7qp1N3xg,Rick Meijer,https://play-lh.googleusercontent.com/a-/AOh14GjUoWNclI_fg_VrG4Loo8BBNshbsriuNrEfT7hV1A,"Regular updates made me buy this version instead of continuing using the free app. Some small bugs notwithstanding (can't start countdown in portrait, timer amount sometimes carries over from previous excersises), and some ux improvements (would be fantastic if you anticipate the progression of the exercise based on the previous one, and add a rest timer for in between exercises).",4,0,1.3.6,2016-11-02 06:14:49,,
gp:AOqpTOEUezcX1DdZFrwAQimgffgXqSZ7XUL5WmCJmRilfBe170nklbFyGHEUYZVqla2JJJZ1C_QaaLpwZP4AAA,Kasia,https://play-lh.googleusercontent.com/a-/AOh14GjXUKW9EkZctnczwdCJU2CnO5QR9gU1oEOrDM1EWg,"Works fine, but little exercises",2,1,,2016-11-01 13:49:53,,
gp:AOqpTOFc0mPkH50qpZwP3tEF8mWaBUSX9Ohiiia968EaB23thb0eOH8A23FM4NxdrOsJiL_W5SJabasOYFCDpw,Christopher Williams,https://play-lh.googleusercontent.com/a-/AOh14GgW94VHuVSvOvR56StezxHhl5w0SNQ4ufljNKfntlw,"It is an invaluable resource to the beginner (such as myself), and sets you up for success.",4,1,1.3.6,2016-10-29 09:39:14,,
gp:AOqpTOHcz3VN09EVS_u6ILB8S-1dYzyMiiGX6SrTI41r2pLCX1gxAuMdr472bbdtXryuKis3ydJm5g1tS7MKew,A Google user,https://play-lh.googleusercontent.com/EGemoI2NTXmTsBVtJqk8jxF9rh8ApRWfsIMQSt2uE4OcpQqbFu7f7NbTK05lx80nuSijCz7sc3a277R67g,Use this app every time i workout. Thanks for an awesome product,5,0,1.2.2,2016-10-17 01:57:14,,
gp:AOqpTOFKI8Ld0ctft6BcB1GOyeDAH5jo2Ttix8zYv07I90uxj4BPuznXSfG1691bRLt6N84e0sizGn-JaIkidQ,Tom Bain,https://play-lh.googleusercontent.com/-LZg0npveUTM/AAAAAAAAAAI/AAAAAAAAAAA/AMZuucnx1PnpKnnBUVodY16uIGpZNQb_NA/photo.jpg,Shows how to do each movement very clearly and simply. Easy and intuitive to use,5,0,1.3.5,2016-10-04 00:26:00,,
gp:AOqpTOHa5Cd3ZTY1NJRaKEQPah-yAX-EMa3uLC4nfzGuIsxJm_qAoXSXa_4oPGZE8i9nTg9Mh3IQGExN3LWmOw,Thomas Phelan,https://play-lh.googleusercontent.com/-sNYcz5niLgs/AAAAAAAAAAI/AAAAAAAAAAA/AMZuuclknRaaETnoaKqmYVa_81vcjfar1Q/photo.jpg,Great for tracking workouts and progress. Would like the ability to delete exercises and all sets on the workout log. Other than that it is fantastic,5,0,1.3.5,2016-09-29 04:56:27,,
gp:AOqpTOG7vsfyj98Mt-BHSUInml3tKqoJViOB8ELupevQyQKeKLK3mipQJoRSSzbZIsrcy0t7fmPzrJ6dFE1Gpw,Eddy Perez,https://play-lh.googleusercontent.com/--xms9gT5eto/AAAAAAAAAAI/AAAAAAAANCc/AMZuucnnhVsxs-Sml7-U1oKblEcjp5LQ-g/photo.jpg,"Paid for it a couple months ago, but never pulled the trigger on actually working out, first day on the routine and wow i feel great. This app is amazing, very easy to use, no bs. Keep up the good work.",5,0,1.2.2,2016-09-28 07:21:49,,
gp:AOqpTOG4AlK-Y1vkQCKcwKGoSBwh5a5orQhitCN69VtGpEQdkjXzB46URopC3hAENAEAyedjjDRAH-0okHAlVg,Dee Wongsa Glazebrook,https://play-lh.googleusercontent.com/a-/AOh14GicTEk2dLs7VQwsobCeRXOe8sZ4C6IfsyYg9-9U,"No ads, nothing behind a paywall and great videos. The only ""complaint"" I have is that the routine is hard. But I'll keep at it! I also like how the routine doesn't involve any cardio, just flexibility, strength, and skill work.",5,1,1.3.5,2016-09-27 05:07:43,,
gp:AOqpTOF4XI-4BGILVgXrHySsM12xk4pJ28_luQk5POmzuW0bNu6bZi3nR5cy4C3pMJ-q5GCExbfR9ILGzOa0Dw,Evan McGann,https://play-lh.googleusercontent.com/a-/AOh14Git_KYexGs8TSFMZ_9eF0PRCAjjBlkcjTfdjCba,"Great app, but I think it will be perfect if it included starting stretching, or a similar stretching routine as well. Also, the option to modify streaks/reset workouts would be great.",5,1,1.3.5,2016-09-20 18:24:54,,
gp:AOqpTOF1IdTquw90oIqKV9-Fuyvu4yTfc0qRe4M_0cxDHjyLhr046y3ea2yFmgzWdAUvHcupRV41qAGCTs1kNA,Hugh B,https://play-lh.googleusercontent.com/-AdMkdLm82CI/AAAAAAAAAAI/AAAAAAAAAAA/AMZuucllzsNWCQbCBG0QFtZOPZPXJHZIkQ/photo.jpg,So good I just had to pay.,5,1,1.3.5,2016-09-15 22:36:52,,
gp:AOqpTOEFqHvacCkIGeR4QmAjTmLq2Z2dK9KiwZJm62_Y2ucW9iRH56GJwIc--a1A-d95g1ka_b-XHeRbWqK1gg,Liam Jenkins,https://play-lh.googleusercontent.com/a-/AOh14GidiWyv-NIMRaPnQN1cH2s7u36FUqlkidkZ70YV,"Great app built from the knowledge of a fantastic and supportive community. Also, the creator is really quick to acknowledge issues, fix them, and communicate while doing it. Good stuff 😊",5,0,1.3.0,2016-09-14 13:38:51,,
gp:AOqpTOGbTP7s2IVOaNQ1z4418g-ETMynZ_MA4u4rHHjTASLdaPbKXrZv4IlQ2DPaiFY0JTwDBgIzqsLam9kfig,Steve Ickes,https://play-lh.googleusercontent.com/-C7QMZbFbNig/AAAAAAAAAAI/AAAAAAAAAAA/AMZuuckivICtTVurKdgnjH8hucnF2WxlcA/photo.jpg,Terrific app,5,2,1.3.5,2016-09-14 05:53:22,,
gp:AOqpTOHMj6AWxhxabUp7CmPA18YcL_Nwzx5Twq3eFGgHZ2DdpQy1OYnFtnQSjOIuwohwZSYIBodK324W1PS4nA,John Foster,https://play-lh.googleusercontent.com/-S8iRgZX9JSQ/AAAAAAAAAAI/AAAAAAAACmg/AMZuucmBh-a-gr13IMHIsZsHA37jSX-Fjw/photo.jpg,Everything you need to get very strong,5,0,1.2.2,2016-09-10 10:50:25,,
gp:AOqpTOE9bedKia494IHypO1gi79pjSYZW32CaAbq2Bx10D5HYU_z06Fz05Sv4N7KrEV8J3SHQ1LO7HlogSMR5g,A Google user,https://play-lh.googleusercontent.com/EGemoI2NTXmTsBVtJqk8jxF9rh8ApRWfsIMQSt2uE4OcpQqbFu7f7NbTK05lx80nuSijCz7sc3a277R67g,"Love the clean and simple UI. The added progression charts are a nice touch, though they could use axes and a scale. The stats from the previous workout in the reps logger are very useful. I also like the newer videos/GIFs, though some of the linked videos don't match the GIFs.",4,2,1.3.0,2016-09-10 09:11:36,,
gp:AOqpTOFyISAR3UTLP2t_NnSTS7Gt9GM-N1-Gt-U2uMjv-R-GC6ah1qVFd9QQhRRlaLmDwQH69g8ihxbPowb0YQ,Scott Burgeson,https://play-lh.googleusercontent.com/a-/AOh14GgMdgPMOEdQ5pgYPlURXhyYSUYbYDJLw0zdZv4MYMY,"Good app for starting out, videos are a nice touch. Really could use a couple additions. PLEASE add a view where I can see prior performance for each exercise easily. It sucks not knowing how I am progressing without exporting each days data and logging myself. Even just a simple line at the bottom that shows the previous logged reps. Also, please add a timer for between sets.",3,0,1.2.2,2016-08-31 15:47:10,"Hi Scott, the app has just been updated! Let me know what you think :)",2016-09-10 05:59:34
gp:AOqpTOEf6y27nIrvSCBKkXOeJsU6H7fda8MOqgjnVCMozlw5nqtE3BOsLkRNfEN-n9XpoFTnSjbwbraWJ8cjGg,M,https://play-lh.googleusercontent.com/a-/AOh14GgHq0ZeKSGfZOfwzNgWunI8O9htb25bhj1_di8JBg,"Very simple, does what it's meant to. A good buy.",5,0,1.2.2,2016-08-30 05:00:26,,
gp:AOqpTOHk4ES2j5JPTTQhiMMK59QmgWnppUaVZb5ByD37LYNGuLDfS_-INAA1_NCJZ42oCss__-9HcOPie7y91g,Adam Stubbs,https://play-lh.googleusercontent.com/a-/AOh14Giv_IqyqUTgjH5C85qtZU3ZUcLDNBRGo5clq8Gs0g,Great app,5,0,1.2.2,2016-08-28 06:24:08,,
gp:AOqpTOFFm_VhzVH74MytkXF1I1m1ESX8G016ZrrkWzPXLB_lgrQsdtU7wQGHy9C7510q4d3FfOyfZyKVNwKkHQ,A Google user,https://play-lh.googleusercontent.com/EGemoI2NTXmTsBVtJqk8jxF9rh8ApRWfsIMQSt2uE4OcpQqbFu7f7NbTK05lx80nuSijCz7sc3a277R67g,Bretty gud,5,0,1.2.2,2016-08-15 18:49:57,,
gp:AOqpTOE6C6nBd_diPsodN-nJ8Hfw2g2ReaH2DE-_UMZW00ZWMMhq1Bjedh9C3xF58r00OCD7VLahgt-84UTLLg,Matthew Arcuri,https://play-lh.googleusercontent.com/a-/AOh14GhMbGxCMb2OQ1VK_K353xSEKwLyJRGuZQv-iE4l814,"UI is not that intuitive but you'll figure out and otherwise it's a great app. Pro version should allow for you change out to a nondefault/alternative workout video. Also at an exact time to start playing it, if YouTube API allows it. Save the data to a format you can import in over Google drive or something would be great. Syncing even better.",4,2,1.2.2,2016-08-13 11:36:46,,
gp:AOqpTOG4hz6OZM3H-kcW2jiDt0VEYh7B62yRUaMBTnWnO284jd5EX7-ET4IW4Colr_VusLoJ9tWnJlPvK44iFA,Ben Graham,https://play-lh.googleusercontent.com/a-/AOh14Gj09_pGXEmuJnAkn7qbUC18emFoYRxrcD18KdMBzw,"Clear exercises, UI great once used to it.",5,0,1.2.2,2016-07-25 04:21:58,,
gp:AOqpTOFkh8cZpy4IbZyHeZfrlT-vcRCws5Qdmr8KbbbmB2XNK7Alz2Mdd_7MZlW-eYe1VrT3UDCsKxtFOJImmA,mike. len,https://play-lh.googleusercontent.com/a-/AOh14Ggz47kcPBNAHAnaF1NE62JK7qYl_t8h4ulpWgTVeQ,"Great app,  would love if I could save my progress on an account so I can work out with either my phone or tablet with me",5,1,1.2.2,2016-07-09 12:48:27,,
gp:AOqpTOEOs-Al9972yP_9TRyxxyYyLNqyj5HJJ6vw83-u6VsKWGrEYcD8RdMniNcUwcsn5UXjWYg7zDpg4KHO3Q,Eli Mullins,https://play-lh.googleusercontent.com/a-/AOh14GgvG_CRNpcBxsetQGue9pBJA4Yxi_Pqe0RmqJzA9w,"Easy to use, great info",5,0,1.2.2,2016-07-09 09:23:31,,
gp:AOqpTOGNkZZ4wTDJfcnFJTqvf3baF5tJJkJWYqI4IfhrzpfkqPx5NXrhF59176yXd-0LxpDJYqR_YAmWUoV9IQ,Patrick Robinson,https://play-lh.googleusercontent.com/a-/AOh14Gg2cBGnBdmDY0etsRuQi6svqVErPC6mtXb5gFtgXg,Great app,5,0,1.2.2,2016-07-07 06:03:55,,
gp:AOqpTOEXhxEPOmlO_lXE5GhNH0Rj6qB68Nt477NVKHmqIE7hXju8xiYJlye7Gq0UrqP__MpztLpK3PMFwnvl-w,Bart Fischer,https://play-lh.googleusercontent.com/a-/AOh14Gg_7LRcj6nGVHf-V71sB-PDU8cE4D9_VY20bceuuQ,Maybe a bit confusing to start with but when you get used to the UI it works perfectly well.,5,4,1.2.2,2016-06-16 12:58:30,,
gp:AOqpTOG3ATcVNXi6wn2LO9mpi7LNISIJP_00vzdlQbgV-HhbxOzUZcUWZoE4nHCdk5O9a_CQxtBN7lzhdQrL-w,A Google user,https://play-lh.googleusercontent.com/EGemoI2NTXmTsBVtJqk8jxF9rh8ApRWfsIMQSt2uE4OcpQqbFu7f7NbTK05lx80nuSijCz7sc3a277R67g,Love seeing the new updates and improved functionality. This developer checks community's needs and appropriately adds features as desired. Great APP!!!,5,0,1.2.2,2016-06-03 09:12:54,,
gp:AOqpTOFlJFVJgfHt1XnGshYkerNie3WDAMM9Or6LjQEel_wGx6P01nVbI4YB0UTdyKzQFS16alXcqYaM-Fjn6g,jack w,https://play-lh.googleusercontent.com/a-/AOh14GjsyZviJijr8u3i3UirOvLfCnvG-w4sl85KRBX7,"Challenging app, thank you for making this!",5,0,1.2.2,2016-06-02 13:29:00,,
gp:AOqpTOFEmUAG0UoakrDESa72MFV9ew5X-WCaYjCZarxP4YiD8XPjLJEomhsu8jGj5OOvfr3Fe-aNEWYxgMXg3A,Kohl Sudduth,https://play-lh.googleusercontent.com/a-/AOh14GjzHHUzkc2dXfyGJw_cQV13locIk_Fm1jQMKPbJ,"Great app. Simple, efficient, and effective. Good to support the developer.",5,1,1.2.2,2016-05-29 05:04:00,,
gp:AOqpTOEpS-X4y6h3jKc8DiFhbQ5klxMWbSQH8mvnniR0UTS7422MIP_uMznGvsZglpKMgO8_-Hdoo-78x8dbRg,Thomas Berumen,https://play-lh.googleusercontent.com/-8Ul5UQ1MA30/AAAAAAAAAAI/AAAAAAAAAAA/AMZuucmjNSbvXOAWPAel1B8KGdZqQ_ZMyQ/photo.jpg,Extremely easy to use and straight to the point,5,0,1.2.2,2016-05-24 20:51:44,,
gp:AOqpTOE5UoTIB94M47vsXIhDdXnKwWdEWXU6CBu8swoi2dRg_5-O2xEyrZ_VUdcPE_l9xVmej37xPoyyMR3dXQ,A Google user,https://play-lh.googleusercontent.com/EGemoI2NTXmTsBVtJqk8jxF9rh8ApRWfsIMQSt2uE4OcpQqbFu7f7NbTK05lx80nuSijCz7sc3a277R67g,Money well spent to support the developer.,4,1,1.2.2,2016-05-18 10:40:08,,
gp:AOqpTOFge_kcB4PPgGkgJetn5HSlMdNB0eouovs_iyyy8iu1H1iwy56S4X4sNIfA_l4lShFalDGJ4UiptNeOlw,Jordan Martin,https://play-lh.googleusercontent.com/-4S6HRBk49Yk/AAAAAAAAAAI/AAAAAAAAAAA/AMZuuckoqHo4PnqlUq5DRoQA9jzbHy3uuw/photo.jpg,Great and simple to use.,5,3,1.2.2,2016-05-16 11:02:37,,
gp:AOqpTOFRcwOIJoqHBUeV4Qng7nVerfeqmQvxWYVB1sgNWiimFv0T5-jjc_I8Q1udJvjeDtXNj5MNQG9T1iVOnA,JD Pelayo Petit,https://play-lh.googleusercontent.com/a-/AOh14GhbbxHiZGsRXmCU6AYfVUuzEYpTJOSWwReZoi1U4Q,Really cool!!!,5,1,1.2.2,2016-05-10 22:13:05,,
gp:AOqpTOEQ6X4DyJE5dzXwy1vyL6sbFZ-pmf_nDlrbRagKlRiY0MDmOmUUoB37__vGt3ubvRtW8wXkvavEDBJi0Q,Jonathan Lange,https://play-lh.googleusercontent.com/a-/AOh14Ggc2f1Au53dhPQDJ1QgEKplwXhusUKXPrdQSXvsaA,"Great to have all the stuff necessary for a bodyweight workout in one place. Would prefer if I could select a Level 0 progression for the dips and pullups, since I'm not strong enough for those yet.",5,0,1.2.1,2016-05-08 15:19:11,"Hi Jonathan,

You can just ignore them at the moment and make sure you can do Diamond Pushups before trying Dips & Pullups. Sorry for not being able to disable them at the moment. 

Damian",2016-05-09 03:14:44
gp:AOqpTOHkEnLPs6e4oFcE2DrghwOMYs56HM0GCEfb2WIYuT7qUkM4WmDFxh3e-1b5HtzatbYkfXS_4mPa3xGKYw,Jonas Schluter,https://play-lh.googleusercontent.com/a-/AOh14GhoYmghi738V40adwsuXuat-WSbljrWUcemvnEYdwk,I very much appreciate you making the effort to build this app. I use it a lot. I very much like how you keep it simple.,5,0,1.2.0,2016-04-17 22:50:08,,
gp:AOqpTOEJ1XuYP5an-DjA1CYSdEPM6nXF6h4hJ0bDqISMChlwyDWxg8j5oATgGgSoILIGcG2clyf8zTlxrlX6EA,Dominik Wenzel,https://play-lh.googleusercontent.com/a-/AOh14GhrOiLXO0I7rXuBQ6q6_qIZRb1oNWRPb77U7Up83Q,Great app that deserves support,5,0,,2016-04-08 06:07:33,,
gp:AOqpTOGKohUzFRSuabef7PERCDzzzsjlAm_1wa2KycvTmkIo0kSekKnpGHzUCnUe4knarsU_NzBHM2YwYsqmjQ,Chris James,https://play-lh.googleusercontent.com/a-/AOh14Gjaq2wjYASBKKPEIvVhI0RELuMOkhWKPvKrMbxRLHY,I have been using the free app for the last 2 weeks and its fantastic. The upgrades look great. Thanks!,5,1,1.1.2,2016-01-13 04:35:01,,
gp:AOqpTOEv1q7BjJ_VFscEG1RQfY4rzazLkW_M00q_PHjWabWHQ_myp09YGq561D4_6HqzXk9i5KGwUE7FahW2QQ,Kris M,https://play-lh.googleusercontent.com/a-/AOh14Ghqb_9XxVm0BGKlrkfsMn3U8U5qE0AfCIdGX0zX1w,Been doing the reddit bwf beginner routine and this app is a great way to learn and track the routine,5,1,1.1.0,2016-01-12 15:14:12,,
