reviewId,userName,userImage,content,score,thumbsUpCount,reviewCreatedVersion,at,replyContent,repliedAt
gp:AOqpTOHwG7Oj0bMdCHaDDTa0Xbq9zDmNwNTgFXJ5D-HZ3027ldFcJMv68wFtFR3KdJUC0jplhqzNZQ1wcqwXPgs,eileen gurrey,https://play-lh.googleusercontent.com/-dlhupU1ONv0/AAAAAAAAAAI/AAAAAAAAAAA/AMZuucn9t11z4Lhmw5f80WMq3Ltln2tweQ/photo.jpg,Downloaded and didn't work,1,0,,2021-02-01 13:56:36,,
gp:AOqpTOFPemUDko0FkpKEHz-QQyvrqEaUC4AkcSnpOKG1qOlmqdDYssWPzZ6YvoBbRZpZq1GQe9aGOhETpSYhmIU,Dee Tee,https://play-lh.googleusercontent.com/a-/AOh14Gg95TY49KYXC6QHa2Bl8dtzUTlAA11g3hjnUStz-7E,"This game has not been updated for newer Android versions. I bought the game 5 years ago and wanted to play it again, but it won't load on my new tablet (as so many reviews have said) I think the developer is not being fair, many other developers have adjusted and upgraded their games, but it seems that this developer made their money and turned his back on their game.",1,2,1.0.0,2020-12-24 11:06:48,,
gp:AOqpTOHUcaj9Mtp5hVPHgvAMgEVr1qfv4qSkWfGOVlZuZzCmPExp5SzzjxYf_QEAwgvHj0QTMs4CzZL5sZ9gBtg,Jennifer Tenbrink,https://play-lh.googleusercontent.com/-6UQLnmmWptc/AAAAAAAAAAI/AAAAAAAAAAA/AMZuuckvwYm5sENjwSUQF9CITFg8R3R9bg/photo.jpg,Crossed my fingers despite the reviews because the game looked fun. Same black screen. Yay for refunds!,1,0,,2020-12-05 11:13:54,,
gp:AOqpTOGCDxafomuj8pfWHVBOraSSsrSGCFa5qNUIzA0PHtR6D1QB78VKho3F30uiq6vjw7Bow4-woqaggUdNz1c,Colin Bewley,https://play-lh.googleusercontent.com/-z4opgZFQP6U/AAAAAAAAAAI/AAAAAAAAAAA/AMZuucn2sHfodLCh5AhA8EGfK4oJHhWAWQ/photo.jpg,"does not work, black screen. waited a long time after repeatedly reinstalling. no good. Please refund. Samsung galaxy tab A android 7.0 UPDATE - 21 months later and STILL NO REFUND, SCREEN STILL BLANK. UNINSTALLING AGAIN.",1,4,1.0.0,2020-11-29 19:54:51,,
gp:AOqpTOHnYYxciCUJLxXfwQ_ogY6WMelmws9btspJEz5AFdoLnQQl9Tuiuqcs9U_IoXfYzCcve1WTrFVDULfY7b4,Brian Hawley,https://play-lh.googleusercontent.com/a-/AOh14GjSZLZuQaALO6xsDI6KNuESsdZNrT_UCnOh0-Qjsg,Ripp-off will not load! Black screen.,1,0,1.0.0,2020-10-24 21:01:18,,
gp:AOqpTOEEPxQRpU2qP6eNO75BoHzwRGqae4zcb0N7W412vDmhAFJzaiVN0MgLW5u93Bf5j5Tw9kWYBafXKJtu9Xs,Kristi Gordon,https://play-lh.googleusercontent.com/a-/AOh14Ggg4aaWmhHmR_fyXsBYufFRAU6CYSHMspr_4QCDWA,Wouldn't open. Requested Refund,1,0,,2020-10-20 21:08:07,,
gp:AOqpTOEehZKWtg0QJMrhGVCuBJbqCSJLTEMqV7b1DpU35TKQ7qcdzjxJciQwK6QdbJnvjcOhmflakCjZt28clNU,Amber VanHoose,https://play-lh.googleusercontent.com/-fC-PE4uWOG4/AAAAAAAAAAI/AAAAAAAAAAA/AMZuuckASzviC8OkEqRZnsELgG7cxgv0tw/photo.jpg,Wont load,1,0,,2020-09-05 18:07:57,,
gp:AOqpTOHfFQHFZT6jMekcN6FpFSsxNYMNwwHNjOrKe1VCJ6bkASfrXTiTg8s8gg-PF5YLTLylnai0bPrfGb25-Po,Gemma Gibson-Hardman,https://play-lh.googleusercontent.com/a-/AOh14Ggabns9qkyk-JXq23fsXjGAL4Sc6RZqbVCRlsMgTA,"Not Happy this game will not load i keep getting a black screen, I have downloaded it a number of times but nothing. If I could give no ☆ rating I would",1,4,1.0.0,2020-08-26 17:08:12,,
gp:AOqpTOH7jtRE_dxwpeSuN6W6n5NOoQWVfHNjNyg9AlDvrOknvh574PDQut7YY63GBN07McYXqNcMAqXM_Th609c,Debra Hanna,https://play-lh.googleusercontent.com/-vB2-CTgFLek/AAAAAAAAAAI/AAAAAAAAAAA/AMZuuck-qT6h8njcZ0idwIXBkdm0z8UfZQ/photo.jpg,"Purchased today, will not load. Second game like this within a month",1,4,1.0.0,2020-08-15 16:32:46,,
gp:AOqpTOEtvWUrFReC6c6hZqNR_MboxLlnqmEuUQ6Ldxr5uT5oYFzEvI3ZXNcZ9CZP-YcpF9CXj4RXRSh2kGTo-VM,Rachel Stromain,https://play-lh.googleusercontent.com/a-/AOh14GikIy8Z1qk0Fpj6isRaob1uvqORSFRCGmsO3aM,This game sucks want refund. I'll give it a one just cause no hints no help sucks,1,0,1.0.0,2020-07-08 11:38:38,,
gp:AOqpTOFVbN0Eptq9ohJSbQ_XJakmh2hYNcEqSYq1G9pApbzrMjquBLX0tqZp4Cn-9fi0g1GYA57luB6nYWw96NM,Peter Ashcroft,https://play-lh.googleusercontent.com/-ECwx98_iVq0/AAAAAAAAAAI/AAAAAAAAAAA/AMZuuckdzYT-s3MqD58V9iaQkNheoMUrWQ/photo.jpg,I agree paid for this game and will not work. I got this from the big fish app first-time I have paid for a big fish upfront and have been ripped off like many others who have done a revie,1,8,1.0.0,2020-07-05 11:08:12,,
gp:AOqpTOHZ4eIyIcSS3CVv44sd9Tbe5AFH1wjtyiFBSr6_ipqwX8cEHLvN-mK6rpPZ-Q_O5Mtyge27PzAUkOt488o,Jeff Maddox,https://play-lh.googleusercontent.com/a-/AOh14Gg4uhg0R6gY8bDQTvXGcnHmJAkb6btpDHy_0Plh,Game is currently broken and will not work on modern android versions. Company will not assress this. Do not buy until patched.,1,7,,2020-05-16 22:01:06,,
gp:AOqpTOH7Zbd9NGZabtvYY_qKM-1F-j1XfGRzgrdxWFBYFmf0iSh7sZB3VQB0Of9L_uSs_eoIOiaAEQlIuERyu6o,A Google user,https://play-lh.googleusercontent.com/EGemoI2NTXmTsBVtJqk8jxF9rh8ApRWfsIMQSt2uE4OcpQqbFu7f7NbTK05lx80nuSijCz7sc3a277R67g,Paid for it. Installed it twice and it will not even load. Want money back,1,2,1.0.0,2020-05-12 21:58:31,,
gp:AOqpTOFbLzTTPPPPgdkLVpZB9feT0ZXs6kHaVO4r_OWFpstTqkJmdj5cKjllHNa3dY2Zsdtg0ojIOs1Q3f2sMNE,Patricia Miller,https://play-lh.googleusercontent.com/-mwt147CZvc0/AAAAAAAAAAI/AAAAAAAAAAA/AMZuucliG8rjSeQMGRzlG8soGrAzGZHlNw/photo.jpg,"The game wouldn't open, just looked at a blank screen",1,1,,2020-04-20 14:39:29,,
gp:AOqpTOEgUXLyepik43eAuPcuq5KRmYPPbVFp12M-e8Ouk8c_yWzfZrnBqBeL0pYp9tY7VH7OpQusagpgmK0BNOY,Lynn Hewitson,https://play-lh.googleusercontent.com/a-/AOh14GjRJJWyw8YkCEekkPaF0lOJEz0pzPD73dUx6Oy7,"Don't waste your time, just get blank screen when downloaded, waste of money. If I could give a zero rating I would",1,3,1.0.0,2020-03-25 18:34:58,,
gp:AOqpTOHr_XuLNBP4x-z07F4dCMSZ7Oqid0MJRyyjwMNY_hiKC-8_Qi4z-H9adbnc1OihcEVJezillI5VnMSJ9cw,Denell Alleyn,https://play-lh.googleusercontent.com/a-/AOh14GhaUFZSG3jdYFsKZfRAnY9XNogLxkIDP_pYEvKE,I purchased this game and tried to download it twice. I just get a blank screen when I try to open it. Don't waste your time or money on this one.,1,3,,2020-03-11 16:49:45,,
gp:AOqpTOGAcJI4yOC92S4_e9YZRQiYE8S5WlvcoT-g3E3yDFKAAei5qNfncqTt4LaMRZQZSotvjGfK2S0Qi8Aiy5A,Danielle Carriere,https://play-lh.googleusercontent.com/-FvJE88jcmZY/AAAAAAAAAAI/AAAAAAAAAAA/AMZuuclrJ65R7CA0OQRAKwUOcuUYotPOgQ/photo.jpg,It won't open on my phone and I can't get a refund,1,0,1.0.0,2020-03-11 16:18:38,,
gp:AOqpTOHxlufE_xz9TPa64RT1kuyP6IArblUrl75faQn1jJuWb54jdtiRVrjplAvAnovldcbn8DD6UopfzumKROE,Nickie Brough,https://play-lh.googleusercontent.com/-YAzIyBomnSo/AAAAAAAAAAI/AAAAAAAAAAA/AMZuucnQ90DPrKUg8H0DDR6LYCiR5bW76Q/photo.jpg,downloaded it and it didn't work,1,0,,2020-02-27 15:01:44,,
gp:AOqpTOFy9m5-bKrlhDyFwNOyeYLt5pHnLMbsIO5njibLsqZ91fI2fcF6pUdx99NM9Pt9QKla5pUPcyKh3sznekA,Iain Brown,https://play-lh.googleusercontent.com/a-/AOh14GjIGJSHsHZRbVY8Q6YONL7RexzGCpvHjnwpJz-vdgg,won't load 😡,1,0,1.0.0,2020-02-20 12:23:29,,
gp:AOqpTOG-idC2B_klQVctZ-gcFBG4LDi2dbD3mofWznH5xbnyW9LXRYaTkbJuWpZBO2fHWEnCKQYzW2l9U66l2QE,William Crawford,https://play-lh.googleusercontent.com/a-/AOh14GhZxH7gyJBAK1GtKht6vH1RUzMR3ctaN2F79ouSSA,Very crappy i vant even play it and i paid for it. Sorry bug fish but this ones a bummer.,1,1,,2020-02-18 21:08:40,,
gp:AOqpTOE7WJygrEj_8IPhaGcr9yAlWYHF1Mz2LOEZtYj5MWtC_JylfrbBs576s6NB5vv17y7Q8rUThy1LHR_QfL4,Gorgis,https://play-lh.googleusercontent.com/a-/AOh14Gg5j8CZuqaFFtpnqMujDe0DSlxjL_cHGfnzx_dktNU,I had to download this on an outdated device. It worked just fine but with a modern phone it wont work. Most of the puzzles were ridiculously hard but this game was still good,4,4,1.0.0,2020-01-22 19:29:13,,
gp:AOqpTOGrDmfaWe_hkaDow0YZqMcuvVbiamw3A2e4Cw19JgMtTrdE8qqlEDq00n96uEe-62d4nabgFEhuYeVIByQ,Kim Cancela,https://play-lh.googleusercontent.com/-BAxNZTkC8PM/AAAAAAAAAAI/AAAAAAAAAAA/AMZuuckmwwJYNJnUmZmdsi0tYHh479cwbQ/photo.jpg,"I bought the game, downloaded it and it would not load. All I had was a blank screen. Not happy at all.",1,5,,2020-01-12 11:07:14,,
gp:AOqpTOHcFmbWzgzWnkdGp_0LT-OBTFxxzSj3nVhVnyrR0XFRhNfCfRztFMv-Tx0gCtZzUcdhlVcCcY66zQKeCeI,Socially Geekward,https://play-lh.googleusercontent.com/a-/AOh14GgRN64Ah2fHbQsH_-nLF3HxPNobgW1LSxIlngw7Mg,Bought and installed the game. Didnt load at all when I opened it.,1,2,1.0.0,2020-01-03 18:13:03,,
gp:AOqpTOFrPpdTTt3xp_Lc_VC1U1KJHvUGLJpXMcXKI289YEy3OzD3UJ_ndngX1F80nSv6Xx2t6jxOf1DkVOpDEkA,maureen cavanagh,https://play-lh.googleusercontent.com/a-/AOh14GgaLioz4EMg93wAkWxMrKJdVI83UOu-lJSbi3lE,Game wont work,1,0,,2019-12-26 04:50:00,,
gp:AOqpTOGV7-aOj-nxqipB3V6rfCSEb-8yU5VdDT1WhxN62D2oFiY5XaUckLhjVZ9y3ShTT0XRBJyUo41JGrQNTGc,Gaynor Rollinson,https://play-lh.googleusercontent.com/-br7tpr1u8-I/AAAAAAAAAAI/AAAAAAAAAAA/AMZuucmNZSd8Ldu1nW6JKWOCTS53ks_BoQ/photo.jpg,Dont work,1,0,,2019-12-22 11:15:32,,
gp:AOqpTOEqLFywsKWk6eBq_D2RCEUG5UVb9c6exPIoOjxVizVtR7FwQ4cxfJR7yHGzwriIymGqclTlnlDz9Yt98zA,Melody Stablein,https://play-lh.googleusercontent.com/-FTH2V-Y6yTI/AAAAAAAAAAI/AAAAAAAAAAA/AMZuuclagxdiVMN51uEVbN1mgSGkYEuxjQ/photo.jpg,This game wont play. Whom ever made it should be ashamed of themselves and sued for misleading their customers.l,1,0,,2019-11-24 19:27:53,,
gp:AOqpTOFH11wU-4Pg5kZmkm0gk0F0fZoxt2Bk3f5sL2YnBRwxF8Vrs-bTRxcjPl_9q-5XLRYMJuyWrSfBYYeglQw,Shayna Adkins,https://play-lh.googleusercontent.com/-wmmzJAPj37A/AAAAAAAAAAI/AAAAAAAAAAA/AMZuucnU8JYwV1gkn3Ua2ntMPS1cgIymsg/photo.jpg,Seems like I'm not the only one that had issues with it not loading. Very disappointing seeing as it looked like a fun game. Undowndloaded. Fix this please!,1,7,,2019-11-02 09:43:25,,
gp:AOqpTOGwgt_Um-LMe9NotYNYV0kobUWmT4L7vK3eVMUeM-m7WtRk3hppKS8UttUgq78adxVa8L5VNlho4fmyrmA,Dani Golladay,https://play-lh.googleusercontent.com/a-/AOh14Gg1t9MbaxfV5UaHVIycQCU6x95LpfSJYwE6vLkmk44,Couldn't even get the game 2 run.,1,0,,2019-10-21 05:57:19,,
gp:AOqpTOHZpsoRf9X4z0GHx_xKqmss8tt92hWCfnphrXqL8o6JZRgqgB8AEwtzg_GVsC7obAIw3S9T8v2fhmppMMY,anne watts,https://play-lh.googleusercontent.com/-081hL5VuAaI/AAAAAAAAAAI/AAAAAAAAAAA/AMZuucmhLVHPiZpzBoHVlUaRNe1jiD_fOQ/photo.jpg,Won't load don't buy,1,0,1.0.0,2019-09-10 13:16:38,,
gp:AOqpTOEqH0pyg7_10pMCjoZzlReNohY3jnIShiIeHUDpFp5nqqFULGExsW7rbV_m4FNoY5EGtnpYuIwuVtt-Qqo,rebecca richardson,https://play-lh.googleusercontent.com/a-/AOh14Gjd_NeBnlMeekHCjk30P_tX8U9g7yurN4hr4p0gZA,wont load i want a refund,1,0,,2019-08-13 11:39:07,,
gp:AOqpTOEOE8LTuuYD-M38D_6uSH3cUYFeslmBNGsQsHt0HnLaTdOGr_Kvjkb2LVXoDDEhohKSV7OvLenETd7beu4,Kerry Boxall,https://play-lh.googleusercontent.com/a-/AOh14Gi9wMZ5t_1UQLVHEaGYUZ4a1ht8DN7FbFmem5BO,doesn't load refund please,1,0,1.0.0,2019-07-21 10:05:53,,
gp:AOqpTOG7Ll_R0j2Nh6ApfIMjjOj5Vad-h6WFyiIbSA40mYmYGPnev3yJ20LMxQO6TLKgq0yQVEXTcxv3tuRo9Vc,S Schultz,https://play-lh.googleusercontent.com/a-/AOh14Gg2s61y4twprU15drkH53dzlr1kS7QY8VZ4737HgZU,"I just bought this game and installed it, and it doesn't work. Just a black screen of nothing. Very disappointed.",1,8,1.0.0,2019-06-18 16:40:42,,
gp:AOqpTOHkzaucbuhzGTfkRbcWiTIZNLw019HR04ff51pvJCSO1zLHrH7s6qJ1Q-_ifJPIt2LUYB9mUqQ9fJ74P2U,Ashley Robison,https://play-lh.googleusercontent.com/-dG18Nz3L4XI/AAAAAAAAAAI/AAAAAAAAAAA/AMZuuckq71k62exNI9Yo8OgII0t5iU_Qyw/photo.jpg,I didn't get the option to get a refund. But I'd like a refund for the $1.99 I paid for this game. It installed fine but will not open.,1,3,1.0.0,2019-06-04 07:33:35,,
gp:AOqpTOFP7cZb6bfo_nm9Mu4GrKuWQPW2imiPZ0wnBb0PViABUdlbxKGVVplKK6RSmk9oRH7WobXHBUIoZ9Yi3Bg,Nellie Hughes,https://play-lh.googleusercontent.com/a-/AOh14GgS0YE8pFoulp7rCGVHMJYHdXRlAA0nXKoevt7OGDc,doesn't load on a s9 plus. pretty lame sauce.,1,0,1.0.0,2019-05-18 18:14:44,,
gp:AOqpTOGHZlgt0C5d_H7raZeL1WASquyFKH8XVvyOBOOrO_koXgmRidfaljsjdEWsfcxL1JxLusVf3IJMoihThJk,Victoria Weatherill,https://play-lh.googleusercontent.com/-iIZloP-GLUw/AAAAAAAAAAI/AAAAAAAAAAA/AMZuuckA98ggfeqJMz7lFViloPIxj3GF5g/photo.jpg,I've paid for the game and it will not open I'm gutted as I was looking forward to it I was looking where to go for a refund,1,1,1.0.0,2019-05-18 14:49:25,,
gp:AOqpTOHniA_DmKsgcg_xiISSnyFqcyg71GZe2p-Icn_gpkqc_8yaKBkf6b_Os0qIKZoq6KDO9S7w4CgDaio5WNo,Carrie Jaynes,https://play-lh.googleusercontent.com/-iU1Kxihop84/AAAAAAAAAAI/AAAAAAAAAAA/AMZuuck7pBu53q9d754ln6tGgGNMdLga-g/photo.jpg,so frustrated when you purchase a game an it doesn't load no matter how many times you uninstall and reinstall also its even more irritating when you read the step by step instructions on how to get a refund an you can't even find that option.,1,21,1.0.0,2019-04-27 06:49:59,,
gp:AOqpTOEx2G5zbhNBM_o8QCb_AQPgKXGmIHTuCvA3hGenaklr1m14k1IwltQGABS_wV7cuCkrQweMq7NuNVbrmso,Lilith Van Hel,https://play-lh.googleusercontent.com/-l7BEtgWSwzs/AAAAAAAAAAI/AAAAAAAAAAA/AMZuuclH6t_bceau-CZ7BJMZfDWVgxsNHg/photo.jpg,Game doesn't even load and I've paid for it. Refund pls.,1,1,1.0.0,2019-04-16 08:32:28,,
gp:AOqpTOG7Fd5QRGnK5oT3MZrjBqpIOH3WjDaMgtwiNetDJA8n0Q5vyNwJ0d9-UtYA_fHy7Ul6Yz8sZ2DizNwjkTg,Bruce Dullea,https://play-lh.googleusercontent.com/a-/AOh14GgC3JJWkYeeh7UwV_yplvdpnmMoTnH2K2jHh6fQFnE,Will not open!!,1,0,,2019-04-13 06:54:05,,
gp:AOqpTOFq_Truqze2WlxnHthsA8H4bsGH5z9VBadH7BRLSE1rkvWva8LiJ3K-b_bCGQk0ZDelNVk5OcBIUAdbccs,T G.W,https://play-lh.googleusercontent.com/a-/AOh14GhLGFmiInvP7LgVeM7VWdaiKADUm3Ie_781OhFe_9g,"wont work, bought this and couldnt refund",1,0,1.0.0,2019-03-23 15:13:53,,
gp:AOqpTOHKMpBMursw72fYyP38bASbeCb_TFhi5Z-1htirvF0JnzyL6HrkW0fYiE0DrZsWE_qJVFfSaA_jX-bW8Js,Val B,https://play-lh.googleusercontent.com/-_eck3NIoG6U/AAAAAAAAAAI/AAAAAAAAAAA/AMZuucntBVAL34wCiK1l8OrJi0IfrnBbHg/photo.jpg,won't even load,1,0,,2019-03-16 21:03:52,,
gp:AOqpTOGbHsDH6D2aFdZCQP4rYd8l63TiG9LULgIDlsPHDvXnBpzaETq9AWoHA5Urn0Uv7rrn2K2vrY1lLxfEo34,Julianne Baker,https://play-lh.googleusercontent.com/a-/AOh14Gh3RWMNROnHpRNW3LMTD37-QEI3zCw5b_RlD23n,"Can't get the game to load, just goes to a black screen. Refund my money please!!!",1,3,1.0.0,2019-02-22 01:02:20,,
gp:AOqpTOEyQWaRZmwbSxxTm8hAkW2cWPDPX6nMeNMU-96pDWhpAZPNJZWY7JgiJFlJiCJu4iESxw-XzCalIDrnSSg,up up n away,https://play-lh.googleusercontent.com/a-/AOh14GjUmNmkTPFpwVzFyX544uaFQW113BUu21YQNJ5y,paid for this game for it not to work pressed the button for refund and never recived my refund this isnt the first time this has happend iver i got a game back in december and applied for refund and was never refunded for that iver,1,1,,2019-01-18 06:28:43,,
gp:AOqpTOEDUVCZTlSA4GM0P1CTussnWI8nw6HMxbEclmx89QlO7dYA1jJ4QrggsYRIgbUc3s6hOQk-25KaOebqbhc,Laura Walker,https://play-lh.googleusercontent.com/-ZxJjbapuESE/AAAAAAAAAAI/AAAAAAAAAAA/AMZuucmb9_jZ-Cz2xuE7h33H8-0y9aYTVw/photo.jpg,"The game will not load at all. uninstalled and tried re-downloading but again the game would not even open, instead I got charged twice because of re-downloading. DO NOT DOWNLOAD!",1,10,1.0.0,2019-01-07 08:06:33,,
gp:AOqpTOHARK9nF7nbD9gquJfgBSVXgVSp9QWF_J1OS4QJE7d6Rx9UpELar5s4ck_mxaepgfMlGFKZsqPCkpRU-jk,Keryn Dittmar,https://play-lh.googleusercontent.com/-9ZIWvOZJ03I/AAAAAAAAAAI/AAAAAAAAAAA/AMZuucmsv7GQcPKEprdr-PKaWK9UO0XP2Q/photo.jpg,it wont load paid for it and it wont load ;(,1,0,1.0.0,2019-01-06 09:19:00,,
gp:AOqpTOETkbLfgZrFi3Z9j314tObmMaOw6redsfB2yMbwveFeJr8uw7q2s1WiwKYrbBNC80g4OJ14QLV6LQuVib0,Ayesha Makki,https://play-lh.googleusercontent.com/a-/AOh14GjmB6PLUaWxIsDSpKx7QtCPWKhhTHYvTPuYVDOj,"i loved this game when i played it on my laptop! but i installed this game on my s9 plus, its not working. plz help!!!!!!",4,1,1.0.0,2019-01-05 01:22:10,,
gp:AOqpTOFzcXU4zMpTjFjZBydvhBUi5_yuPFs4K7_xGWKDg8DQ48GH34teuXIjA5BbQvDtY23VWJe0lS42AIyK_ko,The Clark Family,https://play-lh.googleusercontent.com/a-/AOh14GglbpJcaUhPHksvkM7VrClPWYq7g-fMEbU1ImTdpQ,i purchased that game and cant play,1,0,1.0.0,2019-01-03 17:15:28,,
gp:AOqpTOHmFad_wZzC3ppB_PJ83W_mBv_zZ-YmfZRffhUg7hi9UvxoWHBCmVmhW8Y1s1P9OWkDvIhMz4YpjQqQSSg,A Google user,https://play-lh.googleusercontent.com/EGemoI2NTXmTsBVtJqk8jxF9rh8ApRWfsIMQSt2uE4OcpQqbFu7f7NbTK05lx80nuSijCz7sc3a277R67g,wont open blacl screen,1,0,1.0.0,2018-12-20 10:34:44,,
gp:AOqpTOFb8iVmhnkqavmQNZs5HclVyDSOoVcVdSLSufUEnjkEOzRPEsVPkxR-dIJ7KQ5ZTfEAx1p_rcYs5p7IBfw,Melord Gaberial,https://play-lh.googleusercontent.com/a-/AOh14GhsbD6-1PYwM_KzEii5oe13enxejKlGq1aUeePecw,It a blank screen can't get in to it a black screen,1,1,1.0.0,2018-12-01 11:40:20,,
gp:AOqpTOHpjjYl9LcROsXS0qzk2kmu7nLbxO5gVJn4Plo_0Uf7sUS5pzuIzxtNshjXkwbhfER3O9cwk5va_iH4FNk,Koki Niehaus,https://play-lh.googleusercontent.com/a-/AOh14GijdcyMcHHC92xK8lv7EWLGr75dXVk7q9VMCyWv,"Originally played: 2015 So basic and no hint just a so-called guide that's VERY evasive. Basically tells you what needs done BUT not how to do it. Then the graphics... Terrible! Had to look online at the walkthrough to see effete items were and then had to do a barrage of clicks to take. NO bonus, absolutely no frills or extras. Had to skip almost all mini·games... Definitely would NOT recommend nor will I play EVER again!!!",2,1,1.0.0,2018-11-18 20:15:58,,
gp:AOqpTOE78ZYBw4ZVXG_34gm55Vy-EZ7ZIFkbMr6McdPFCCpojG0VbeoKuglJuvsQdClizrQMNmo1g9Kjd-Tp2s4,Sheila Wallace,https://play-lh.googleusercontent.com/-TjLlCNlXjvI/AAAAAAAAAAI/AAAAAAAAAAA/AMZuucnBhl-ZTISff9NC3rnqPsRXsOfeBQ/photo.jpg,"I purchased this game and as soon as the installation completes,it disappears and goes back to install again.Ive done this for 3 days,I want a REFUND....what happened to Bigfish?Ive been a member for years...but no more.",1,3,,2018-11-02 03:34:16,,
gp:AOqpTOFDhKXCQ1PrXZcIeHsLK5j34MQZ3KRCeIIoksBV4bc5SU749pTUq4-PbGzou--gbsv_UCIlxipIp6Ezjac,A Google user,https://play-lh.googleusercontent.com/EGemoI2NTXmTsBVtJqk8jxF9rh8ApRWfsIMQSt2uE4OcpQqbFu7f7NbTK05lx80nuSijCz7sc3a277R67g,This game like drug,5,6,1.0.0,2018-10-24 06:25:04,,
gp:AOqpTOFS4VpdWE6dBYDRIuy6ORosTVFGNMmnbJgskk8_V9NlZkYBe0_-lfbW4xYJk1aZG6RByCrP3hsfsv4RucU,Debra B,https://play-lh.googleusercontent.com/-tqnNNbaTBjg/AAAAAAAAAAI/AAAAAAAAAAA/AMZuucnD2gj2AHGmSBCSngm3coLTV1tw5Q/photo.jpg,"I loved it, i have tryed to play it for 5yrs, i was still new at these bf 
games, but now i feel like i am a old pro. At your games now, you cant put 
out a game that i cant play, its a heavy game, you have to think, and stay 
on your toes, but it is ONE OF YOUR BEST, I LOVE YOUR OLD GAMES, NOW CAN WE 
HAVE THE SECOND ONE? PLEASE!!!!",5,1,1.0.0,2018-06-27 17:19:50,,
gp:AOqpTOH5pt2kwOcFwHejVynz7y7gyVPYZYqiZ7Ce9FaKFmz51xpd5UcUaF4rLZw2RJHzQjqDFp68yKlgM2SJFt0,jo Lennox,https://play-lh.googleusercontent.com/-exb6J9t_408/AAAAAAAAAAI/AAAAAAAAAAA/AMZuuck29Dbu1RqPQuVxyL7BFYBUCtNKPQ/photo.jpg,Love it! More please!,5,1,1.0.0,2018-04-12 03:23:05,,
gp:AOqpTOH5q2abyH_zutIeZGwG77ZQ_OO19rFEfWzkzgC4SIhwuxewMuxD_IQYEfMEpsuik6fyaA6TH4Ucnd-9eB4,Karen Smith,https://play-lh.googleusercontent.com/-ZlONh7z1PoY/AAAAAAAAAAI/AAAAAAAAAAA/AMZuuckIN_mDgAJyQ8kamjXQGyc4NKWLIg/photo.jpg,"I, too, cannot get this game to run.",1,1,1.0.0,2018-01-23 15:10:38,,
gp:AOqpTOF_qRJ4nkZ9jdjGW0IzZeQJ3jYb9xYYqNz9SuI-JlBdMAAr0zjBCAdfZAerkmwJY3bz3wf9csOVfvTP47w,Dorothy Mormando,https://play-lh.googleusercontent.com/a-/AOh14GiwdCdMSUqh5FU8BviYISXmT1xJH60SAIhw3EiuaHE,Loved it,5,1,1.0.0,2018-01-11 10:27:33,,
gp:AOqpTOHm4kiu0oUvrilteh1ojvEkXSeg9H4KRXdtjDZDWfYnF5cao27Prn6vdV0fnu6mXSaurxkBmcE2_YsiMIE,robin may,https://play-lh.googleusercontent.com/a-/AOh14GjWkcqi2Uw64T0F7EyELKKnL_UzlB9lueySoK9icg,Does not work on nougat,1,0,1.0.0,2017-11-28 18:04:58,,
gp:AOqpTOECmjAJsyVIqWJbLGXaWkLBvyHYnPrBcjNh-VM_WVt3lz7frheo0TKA7BAvW-kwzBCGYDA-Gy0ZVqXCUIE,Carol Johnston,https://play-lh.googleusercontent.com/-W8T_Gy55XEw/AAAAAAAAAAI/AAAAAAAAAAA/AMZuuckn-bGJHK7l6cX40L3CyURcgOQZLw/photo.jpg,UNABLE TO OPEN...DESPITE UNINSTALLING AND REINSTALLING SEVERAL TMES!!,1,1,,2017-11-12 16:08:19,,
gp:AOqpTOHOsG6XMd8_fslA9eD0y9r2FEhy6If5YIxGSDS2YK3f3rYm4LNRUzbJKYnFCdWYR9pEZXZCBfQV_CQA5CM,Selah Wilson,https://play-lh.googleusercontent.com/-RX1y_yYlJMw/AAAAAAAAAAI/AAAAAAAAAAA/AMZuuckVdX29_dc_9sizMK4-kUd7qM2bnQ/photo.jpg,Takes some thinking. Definitely worth the story line.,5,1,1.0.0,2017-10-23 10:45:07,,
gp:AOqpTOGnTj6qIhvhGZVNrh0dkUHLnKvKQhSUDi5jDhxHiEsS-yWHp-2lVJFngQeRuUbKTTA4vKdKr_C5B4WR6ho,Kimberly Mealhouse,https://play-lh.googleusercontent.com/-5AnjxjiDB2c/AAAAAAAAAAI/AAAAAAAAAAA/AMZuuclHZt4TcZpuSlGebZjG3KfVa3k05Q/photo.jpg,Excellent plot line and graphics.,3,1,1.0.0,2017-10-07 10:27:07,,
gp:AOqpTOGCXDeERQIYJi1iMMkWuxNtYuepwEfWFLaM_yJbZwCTTSfNSoKRIVHcIY34W40wQfxEreyJ1D-YcHUgB5c,Kate Osborn,https://play-lh.googleusercontent.com/a-/AOh14GjDTuorJe000M_MqXLnpcAoiYmQizXXIBxgAvvo,Game won't open on my phone....all I get is black screen,1,1,1.0.0,2017-09-07 00:30:52,,
gp:AOqpTOEQlrC1buIFje5XB3FrTLzhpZ1bsfs2QCphTFpqnmL0W684TZ5OXILAf4joeCcCdNUUW85Qp_7CziDK6ro,Samantha Brown,https://play-lh.googleusercontent.com/-sgzElEuB7ls/AAAAAAAAAAI/AAAAAAAAAAA/AMZuucnkOW6CA77BTMRp-3KP2hob2bufSQ/photo.jpg,"Paid for full version and can't even play it, it just gives me a lit up black screen. Refund would be greatly appreciated.",1,4,1.0.0,2017-06-23 13:29:34,,
gp:AOqpTOEUcq2NZHfVh4U_cxoz_e3UTbjpAv_PKXmDIWDJSpuZNMv_lVSezk1ndOTDiMPVVEmQCvMX0Hr6EMEkGdc,Alicia Tutt,https://play-lh.googleusercontent.com/a-/AOh14Gjp_i7W52kmkJiYuKITPoKYT74_k9c0WrwuPegMOQ,"I paid for the full version, and I can't even open it. Just gives me a black screen and locks up my phone!!!  Refund please!!",1,1,1.0.0,2017-04-19 09:14:59,,
gp:AOqpTOET3ydAJ4HuPD5VGakeb4w8VrHwLpg5HMCmfrGRh-aHH06Ee3XuFlF9IAgCBl7v6dX0e6TaXGQ9R_MGGxo,Lisa Gonzalez,https://play-lh.googleusercontent.com/a-/AOh14GiFjwVKqz_SZX008sSpO97BIClvCsOv7DL-zUH3,Awesome game!,5,1,1.0.0,2017-04-08 07:17:03,,
gp:AOqpTOFyWV3xrhoJH3DgPjLAUNnUCrNYLQOT18803NmvJSvQVNMAV94GB3iKzu5QFslzS-MNfoZRnkhC04NMyg4,William Tibbetts,https://play-lh.googleusercontent.com/-6QD76M9tXDk/AAAAAAAAAAI/AAAAAAAAAAA/AMZuucn80h_9FakDMV2a2ZAofELCkmoyNA/photo.jpg,WCT3,5,0,1.0.0,2016-10-24 07:05:36,,
gp:AOqpTOFqZKFu-_mDosNcPMKxO26PV9U7BI82HB6G4QJxtHly1lEwhRKW7ii8ihuXYuuJpSHZ_Bsy-tDJdPrVeL0,Lois Bolcsak,https://play-lh.googleusercontent.com/-uUA8B-vnwwQ/AAAAAAAAAAI/AAAAAAAAAAA/AMZuucnR0c3icq5Qd6Vbw7A5iHUVhNDA1Q/photo.jpg,"Would not ""play"".  Refund option successful.",1,1,,2016-08-28 17:30:18,,
gp:AOqpTOG6KlPlDhHNwqh_FJ_H2KmVJugDokkjaFnE6j_VFfYpkL6hoIsq3oHuIz1R8C_7IuUh50oms-9weAHdamI,Peter Kazavis,https://play-lh.googleusercontent.com/-F3i4eTVt9Ic/AAAAAAAAAAI/AAAAAAAAAAA/AMZuuclT7Hcz5MJfQCH9gl5eav6WR-9mCg/photo.jpg,"Very compelling story. Very macabre. Challenging puzzles, wonderful art style. My only complaint was that it's a bit too short so the replay value isn't really there. Still, if you like point and click adventures, this one is certainly worth your time.",4,11,1.0.0,2016-08-19 12:03:30,,
gp:AOqpTOGeuxhBocF0ZQaolmMt8zhfOoviCUz8UcBY4l-w3mFQx-zN27WFjqY4fcn05yMbEYDx9R_GKh6b1ztuR00,Mary Beth Smegal,https://play-lh.googleusercontent.com/-TuuSqcgHp_k/AAAAAAAAAAI/AAAAAAAAAAA/AMZuuckvMOXCcluxvyVaszqmAe5jsAaEcQ/photo.jpg,"Very different, challenging puzzles but fun to play",5,0,1.0.0,2016-07-06 11:08:18,,
gp:AOqpTOHi2FKtPMgMfzmIuCA8f8M5FbQNoV_2eQGi9H0xonjpHEyKEMLPhk6cLow40jAb-xKNgvTvLIQ4YnHDhO4,Lisa Engelstad,https://play-lh.googleusercontent.com/-6TWkczrR7f0/AAAAAAAAAAI/AAAAAAAAAAA/AMZuucm0xvqb5QjUzjXNjNeHmNk2sXdQlw/photo.jpg,"Great mini-games!! Challenging and different. If you like mini-games but no Hops, this is the game for you. Only downside is it's difficult to pick up objects, you really have to press hard.",4,1,1.0.0,2016-06-25 17:08:14,,
gp:AOqpTOHOas7Ve2Zx9wkOldCHxJyfFhrru9B6uL3im412lhbEjU3KUlcA7iCrfU4u-Uhh_bmt5fJGQlcZXbRGAT4,Merri Ann Norton,https://play-lh.googleusercontent.com/a-/AOh14GjpTA2W8gV8kUWsdx0hpIEm2IDqQ23WzN1EJGkxQw,I like it a little hard,4,0,1.0.0,2016-06-14 18:17:32,,
gp:AOqpTOHYJA1n-eebioGDzV0UmHiCgKZP_r8Wp8HwbL34fpZRH2nGLwpEZZr73A-XxucXtGl1GfV8-G59OJWBDZU,H L.,https://play-lh.googleusercontent.com/a-/AOh14GinXR7F0JiTZFO2jUlM7zU3kA-hzLDWEmdQ6ZyIUg,Good game so far. Really enjoying something a little different.,5,0,1.0.0,2016-05-30 12:56:39,,
gp:AOqpTOFPWLit61CntSse_DQL3kr-laoCsF05n3nXjOTokeiEMsZAc_Rhoy-soxouspr8Ah_X9J41xkFfbcgwwNU,Carmen Paslay,https://play-lh.googleusercontent.com/-dwfnRBDNQ3A/AAAAAAAAAAI/AAAAAAAAAAA/AMZuucnAxGughzKUozhWgrylguYKYlp4bw/photo.jpg,Fun and easy. Too short. Great animation.,4,0,1.0.0,2016-05-12 01:01:20,,
gp:AOqpTOErDSfb1wXQl_fxZu6FUQ6i7rSWTQpWhVwamPcTye_MiZK1lxs3_K9Z2SByiFnv3uPn84WvvV0rFeB6fN8,Debbie Osborne,https://play-lh.googleusercontent.com/-m6r_51AMAtU/AAAAAAAAAAI/AAAAAAAAAAA/AMZuucnw-kw-v2JMdKSfwjiOu7QbiIxMuQ/photo.jpg,Was ok,4,0,1.0.0,2016-05-02 04:18:37,,
gp:AOqpTOEAw5bRdHEY9NNd5tsxK1sh5nVIC5OMbzZICm19CEA7ZIv6Yw8yoG1ypdpJDgemaevbKXw4gI9dZ9Zzr0c,ZerciaMaze,https://play-lh.googleusercontent.com/-BJVAD13Vjks/AAAAAAAAAAI/AAAAAAAAAAA/AMZuuckPDeelMBgQ6EBZxVXUvDNPmvgxgw/photo.jpg,It was actually fun I did have to look up a walkthrough a few times all was good.,5,0,1.0.0,2016-03-20 15:48:17,,
gp:AOqpTOHs3JgjAIVrpgcHM2dvrWxTX5Yu3TKaZtCvbN105dsERDccR06CrbcvkaK84hRvD2Ja7YCWpTnlcKUfVhM,sparkle Carlton,https://play-lh.googleusercontent.com/a-/AOh14GgZRoglGYeh87FVUycwPt2Dgjwo5lzCpyew6LGkhQ,But it was ok,3,0,1.0.0,2016-02-14 13:31:47,,
gp:AOqpTOG139N8XDq3u-xjrdptABsWhNIbj2mDcmfsk1gHRhix46vev_S5bAU51r1W1GunEnrR7mxXb4sK9rATxT4,Brenda Barnette,https://play-lh.googleusercontent.com/a-/AOh14GiB5BFg5b0oQTB0kpyUVEwzFAKFyvJZnXKwKoHvZw,"Could not understand what to do. Map sucked, worse game I've tried to play. Good thing I didn't pay alot",1,1,1.0.0,2016-02-01 16:25:13,,
gp:AOqpTOFYOrmhVUGSDpcKP3PqgkcoMqzzfFfKO4D725JickJ7Am2OVfNo9cYYO80d5F7wfj5fRDC083RhZpakmko,Looby Lou,https://play-lh.googleusercontent.com/-yJFXMlvjuuI/AAAAAAAAAAI/AAAAAAAAAAA/AMZuucllsU7eafiF4KxZ1Y4j7bpaHgjLBA/photo.jpg,What a good game! Different mini games and not to easy.,5,2,1.0.0,2016-01-07 15:27:17,,
gp:AOqpTOGc7hnGLYRVz5eo2rRSfU0noHuyHFPQsg8ol26prcOz8Qu8OLlS9WJT2oI7GT3QWguIidNMCZ7Zt2tymQU,Linda Mcdonald,https://play-lh.googleusercontent.com/a-/AOh14GhBhuiCJ1eFCVSVjnz5p3n4QGsnbdvfiencitaC,Alright game,5,0,1.0.0,2015-12-16 13:48:07,,
gp:AOqpTOE8oLlNCafDk04jP6p0qkgmlptMuA5ruCR1fMVG35a-Ze8fr-B7JhrDspL-Ba_irzFiZrmXcGfqk44jLjQ,Lesley Shergold,https://play-lh.googleusercontent.com/-CpkX2HNBM3Q/AAAAAAAAAAI/AAAAAAAAAAA/AMZuucnk8UvTtVKY_3mcbNwYrXdUMzxpgg/photo.jpg,"Frustrating at first but soon settled into it, some parts quite challenging which is good. Recommend.",5,1,1.0.0,2015-12-15 12:07:05,,
gp:AOqpTOG0dcBn_h9aaFK2DBdhYf3xnJ3RGkD6BvTHql29awcX6udjgdVcchTa1lEYWOnWx3RfrZw795BfvF9oNZE,River Nelson,https://play-lh.googleusercontent.com/a-/AOh14Gi_DZN40XgT7OjtPoStsUYx74PKDcf96Rq5ag3KKA,I love this game please make another one,5,1,1.0.0,2015-11-18 22:48:51,,
gp:AOqpTOHdRjihMtm22_IuUlIuc_POCdO18H3WNeR9bVq0vaxSBeFKORFw9ql3OZbEGBv70x9ldG3Ja0uH34k51qA,Emily Faith,https://play-lh.googleusercontent.com/a-/AOh14GgtuWijfL0MUXx1QweiJHjTilbuAi9RdIRIg-Uz_A,Only wished it were longer!,5,0,1.0.0,2015-11-12 20:47:23,,
gp:AOqpTOGoXyaPGv1Aj0JyWdjGMA-KDxEXb8b5Rmpq9zeglQ5-tPe73ojZ49uhU6vwjFszuuBvr55IPcX3ifAscQE,Nadia Wilkins,https://play-lh.googleusercontent.com/a-/AOh14GjW1CsMHBHwOIOrM063W-FbcQy8QnH7k7DPdRDATw,"Yes, at first I didn't like it as it was quite different and I found the controls a nightmare! Not sensitive enough or something, I don't know, but picking up items and moving from scene to scene I found frustrating. I had to keep tapping the same area until it finally did something. Anyway, I'm not sure if I just got the hang of the controls or they did become easier, but I enjoyed it after a while. Challenging puzzles, no HOS, which was cool. Give it a try. Make more like this please.",4,3,1.0.0,2015-10-25 12:52:17,,
gp:AOqpTOHaKzmxPfCpCvk0YrSK4tkbYrmESrqvULoPG2sbEwLM_0GinKDZJIqWafU1IhZVIOzk60BSm6I3YTa7LMg,Joseph Durham,https://play-lh.googleusercontent.com/a-/AOh14GjreKeRlwARrSD04mqICIpCtm5Vh0FZScLZljNf,Good story. Good artwork. Good puzzling. Only frustration on phone is the difficulty reading writing on pop ups and the diary as it is way too small without being able to zoom it. Had to use a magnifying glass. Otherwise would be a five star but it takes away from pleasure of game.,3,5,1.0.0,2015-10-14 23:48:00,,
gp:AOqpTOFYw6IN-DzkJ6m7AG59ZJ26qLbo5OA8808uHv91EPpBZj2WcOCmMD4ceiUtBEpwfsy8HC50U8rpfdjshOE,Amber Stanley,https://play-lh.googleusercontent.com/-hRulM8QOWYE/AAAAAAAAAAI/AAAAAAAAAAA/AMZuucl4pm7mkkOJM41DF7jK2COIVtEWnQ/photo.jpg,Loved it,5,0,1.0.0,2015-10-07 20:08:48,,
gp:AOqpTOGvs6wPT1XqvzyEBahwADo5PSt8113llV4RYJtAsojymMsnSh4cfCox08AhtlvvBXfv6xIpUl2ym01GS5w,Kim Murray,https://play-lh.googleusercontent.com/a-/AOh14Gjrx444z0kC7UKfPGndrwF4E3tX7uoi39EtLaNUnA,Age of,5,0,1.0.0,2015-10-04 17:15:09,,
gp:AOqpTOG1bVckA0oByvZtn5pjOkua6iORpZTYIEht5VEgoI3-s5R1FMIcbNwc5K5HQqfCOiX1NnWitxRhs9q0vWA,Kathleen Peek,https://play-lh.googleusercontent.com/a-/AOh14GgQ0bK1sOD2D-jUVq91iDoJOBWf-LvlaPSy825jsQ,Beautiful gameplay,5,0,1.0.0,2015-09-30 12:01:09,,
gp:AOqpTOHcifRypct3EqQ03YSX7O7pmKvfDi-dWYjpUSWfc0TuF98aX8NZXzp2MmT8EN2xs-SE5LeqGcKLTlgS3w0,Judi Thompson,https://play-lh.googleusercontent.com/a-/AOh14Gjldqk1WDRngYTOVj3Ik_wsDu4M-NbcpgXHr6mt,"It is rather stupid, but it does pass the time if you are tired of the samo, samo...",3,1,1.0.0,2015-09-21 04:51:02,,
gp:AOqpTOG7wVmD2WuzLE9R3XE4_Vi9nTvr4IZmX7bukONjR7cLVKOgNm_ON1W9I8angbrad5smudfyZNOdFDb-yRY,Lisa Shaffer,https://play-lh.googleusercontent.com/a-/AOh14GgMACLOUGv81uageVssGMmJAIsmBf1ST5OoaTgT,"It was OK, kind of boring. Storyline was uninteresting.",3,0,,2015-09-14 06:48:42,,
gp:AOqpTOFplzV0jgkwuZr2Ref8X-0fQOKwifHn_DaQangg2Ck6zoKlsd0mxXZW63pIHBVl_sAqfg1TK1JH-Aq9Djs,Jessica Chaiken,https://play-lh.googleusercontent.com/a-/AOh14GhV9OBvxWxIkc4nLvO3jtx4Y8b5PEDxD-AJQzcrTA,The puzzles were moderately challenging. I would have liked the option to turn hints on and off after play had started.,4,1,1.0.0,2015-08-26 15:19:37,,
gp:AOqpTOG9Fvy1BSU-DKAMT7SNM6uTFQFx_UdDgRhegO5EJJ_Fxbz6WK01T5vGuGnTbywRAQ8fO8bhQQQciHRO_eE,Anne Cochrane,https://play-lh.googleusercontent.com/-FlNuLYjIbWY/AAAAAAAAAAI/AAAAAAAAAAA/AMZuuckV7AcJtB_3NuOfcWb8XXoDbMT4Mg/photo.jpg,Boring,2,0,,2015-08-18 11:08:13,,
gp:AOqpTOHFopU_2t64fXdDv-JsCCn6M4P-XCxVx1KlNIWkWMnlP772QSeG_WnDPhJSrM4UDBxErXN_iWV5Q6PcQIw,Jennifer Cowzer,https://play-lh.googleusercontent.com/a-/AOh14GgkyiiaqhO3UDJQleSEgkS9iqS0acYkpg5gWZDL,Very unique game.,4,0,1.0.0,2015-08-15 12:21:35,,
gp:AOqpTOFMvarZFNIEff4UzNQq3cLTRHpCyXatE1iZLKv6IeKVLSglnI0b-qDFummdTHJQ7jjeoaAkFY1Jj9rxrJI,Steve Smith,https://play-lh.googleusercontent.com/a-/AOh14Gg98ahIgdCAyQ8ha0KPBpRy0E0DEJAs9MEuRzBIgA,Downloaded but wouldn't load. Got a refund,1,0,,2015-08-14 11:30:37,,
gp:AOqpTOFu3L1Nf60PhOKMdNoE9v89HU-opYlFNJk3QXhSlFFshMYc_s7HcaQmFJYDmYtts8BI70Iz-RupxExP_8Y,Linda VanVolkenburg,https://play-lh.googleusercontent.com/-wmFj2u9ntio/AAAAAAAAAAI/AAAAAAAAAAA/AMZuucnNnQlzs6QDZpZ8sKhZYz-XvFPL9w/photo.jpg,Really enjoying this game....keep making more!,5,0,1.0.0,2015-08-11 09:06:26,,
gp:AOqpTOEbwsNf03iktPzO5xYYrP2-79t6CWdzgvu8aY9W7T4KkZgWIxiA5XJt5Rq1zuy24eqWPkFq9YatFJQ-78c,Diana Ostmeyer,https://play-lh.googleusercontent.com/a-/AOh14GjNyqX-pn0WeUKlUL_d7S_QWN8RJ7wqQvG4mvZzCY0,"I really like this game!  A little hard to get used to,  but once I did,  it's really fun!",5,0,1.0.0,2015-08-11 06:57:04,,
gp:AOqpTOHR-77721aZB1YHn4jV0Lw8T7Wrce5A6IDEyA7DQzIpBuGM8M7j44b3hasnrgBY2kWRbKQui2v0-WTCNPo,Lauren Harvey,https://play-lh.googleusercontent.com/-iFaoZdK1Sdc/AAAAAAAAAAI/AAAAAAAAAAA/AMZuucnovoRYRZzPpfw3EI8rH70RejTSYA/photo.jpg,Enjoyed it a lot!,5,0,1.0.0,2015-08-10 22:28:11,,
gp:AOqpTOFoxmAJR04GJpxtwd6HkoEJfmwajyot_BNeA26gyfaxPXQH1mvivIo2eHqUYl-GXpQX9IJGApss01OYrNU,Faith Conant,https://play-lh.googleusercontent.com/a-/AOh14GiDINlAPfyw9CFApKpEMs5vnNQte0kTg3jLxQ4Q3Q,A little different in style of play. Good job.,5,0,1.0.0,2015-08-01 12:47:58,,
gp:AOqpTOEFb5LWQwDMXwL7XBfWDpEbX1xcUzkxbFwkiBnlbcrhkzTjq-07ptfzgrr8n2JMhLy7Y6pNvacLYHW4nOk,jenna miller,https://play-lh.googleusercontent.com/-M9eWE-emkD0/AAAAAAAAAAI/AAAAAAAAAAA/AMZuucniWnwlngdb77NkjTWu45KSXgVHRw/photo.jpg,I absolutely loved this game. Just lovely from beginning to end. Not easy either. It's one of a kind! By far my favorite and ive played all of the point and click adventure games. Cannot wait for the next one!,5,7,1.0.0,2015-06-13 12:04:19,,
gp:AOqpTOF4GMndG8I4pE8qyorJqujDk08ddEVtqPKLbeL5YxKeoTxA0-nmtwrEf8lYFwGvSaBip4sIBwraAQMMd28,Aimee Bradley,https://play-lh.googleusercontent.com/a-/AOh14GgYily2Ad8MQzQJsnaJmbQkzjldH8OQ7O9rTxpd5Q,Not very detailed,4,0,1.0.0,2015-06-10 19:57:07,,
gp:AOqpTOEBNvbhS2BNekVY8zwDgoRlGPG7_AWwFQVcirOSHQlWoiV-MIW1Ttn5zBX05yXhZfTYjOJ9WuT_M-wYRm4,Second Hand Guru,https://play-lh.googleusercontent.com/a-/AOh14GiHh_92-C1ZyxsL7zcsnuiyG70wG4LD5iLX6A5A4Q,Why is there no hint??? The guide does no good! How the hell do I get the key to the cellar??,2,2,1.0.0,2015-01-28 07:19:32,,
gp:AOqpTOH1_9_6TrrCYnHug8khNVyiZaRUU3Ur0ksXLjLJCL0FAd6yh0tYa6AnyuLylV5ADDgXyBB2sR8KUepr_8M,Charna Knights,https://play-lh.googleusercontent.com/-YsAtqqBk41k/AAAAAAAAAAI/AAAAAAAAAAA/AMZuucmApIw8jxaLvpb1-prAQiSgNzqCog/photo.jpg,The game it self is good but it constantly flickers to the point I feel like I'm going to have a eperleptic fit,2,0,1.0.0,2015-01-11 09:00:48,,
gp:AOqpTOFWFW8jGrfqvdwdbX6xyH7bmXE6qZB9F8ODRZmNc5is_uDOBe8OonmGYPR3MxlYUtY2blQKnMevevGr17I,Lindsay Racher,https://play-lh.googleusercontent.com/-kb_UNK1prQM/AAAAAAAAAAI/AAAAAAAAAAA/AMZuucljH2Fl1xNE89T-a0FjMj7Iq7d2Uw/photo.jpg,Loved this game! I just wish it was longer. I hope they make many more like this.,5,1,1.0.0,2014-09-05 22:25:49,,
gp:AOqpTOETrbyrCP_5rRmlNc7nBVukZhY8KcS1CC4OT60cXd9NWmHfIgAMjJH8Ackq96CibxSkfflwvQHWemI2GM0,Penny Drake,https://play-lh.googleusercontent.com/a-/AOh14GhvjwfTSBvMEtsn1ix4OlEXfcm19zuMjgRjUHuCfZU,I like it.I've purchased it.,5,0,1.0.0,2014-05-31 21:07:46,,
gp:AOqpTOHWn1ykYvIDvqkXvlqFmAF7ibD40DIdOKH2ikR-HgJYIl_BUmworq8aPhm7-whOAVKA13CuZZJfClqeAXk,Dee S,https://play-lh.googleusercontent.com/a-/AOh14Gj0eG-gmDQoPocDASGYYKNtrXcO70wshN3eBtQK3g,Game flows well with just enuff to keep you playing when you should be in bed asleep! Mini games could be more challenging but enjoyed anyway. Can't wait for the sequel!,5,0,,2014-04-30 11:37:11,,
gp:AOqpTOExCfZfErLqTf7_1C1CH3jnANr7O2g3ZTBSr9Y5XRAH28YCmhM6Fcrop4yzqbNyrvFLIbN_esHtBnN4VqQ,Stardancer Nightshade,https://play-lh.googleusercontent.com/a-/AOh14GhJPz9BqnT0UIiRYufcPcEMt3AF16jmXUbbkN9r2A,Love the fact of no hints so it is challenging.  Keep up the great work.,5,1,1.0.0,2014-04-11 12:42:47,,
gp:AOqpTOF2tncRn7I5fK9rgltIBCi9ypd7cpwINDHuH6crvvyPR-Cv9yXZShVONBOz_0wx3vn1bblxKDxeHRyqVUQ,Elina Chin,https://play-lh.googleusercontent.com/a-/AOh14GgZnNs37iR486A6qpahgXfChjVQaf_aTnWpl1EoBg,Nice way to spend a few hours,4,0,1.0.0,2014-03-22 14:41:04,,
gp:AOqpTOEaaLZRhPPL8n0dBPcTD8t8V0yBFUvMRtBN9eXEO7QUx5TpMHrAeUSEiZHKIWCQXXOEWcncXqU4R22BGtw,blarkk m,https://play-lh.googleusercontent.com/-RCXEQHvMypU/AAAAAAAAAAI/AAAAAAAAAAA/AMZuucnOK7KpstgFn4zgE6opFjV3LtLuAA/photo.jpg,"Most in game info is delivered by way of a ""diary"" that is unreadable on a small screen and can't be zoomed. Objectives are vague or nonexistant, and the controls are difficult (too close together, too sensitive). Might work on a tablet but not a phone, uninstalled after an hour of frustration.",2,15,1.0.0,2013-12-04 18:00:17,,
