reviewId,userName,userImage,content,score,thumbsUpCount,reviewCreatedVersion,at,replyContent,repliedAt
gp:AOqpTOETWL66rsIr5K8yUdk3pwm65bi3XVVJYxh8_-jNFGDWkYFy8XNdUSHuroOVTum7GOsNPcwDMO5UI1csmMY,Tracy Egan,https://play-lh.googleusercontent.com/-wTlHX9oG5Zc/AAAAAAAAAAI/AAAAAAAAAAA/AMZuuclzyfa5rPc6a2lzXDx79R64BBc63w/photo.jpg,"Good, but hard to on the phone",4,0,1.0,2021-02-09 19:32:12,,
gp:AOqpTOHOBq3dz3lJ0rFRuiboIqSAWnUJqwgTscgqgBnCadoIQAqKsaqS4Ykri-p073qADx_TKAaJNXq9lkTKmXc,Sandie Borejszo,https://play-lh.googleusercontent.com/a-/AOh14Gib6M1XXuKzETuZflVnhKK55C1tHebnqyTZ1DM0_A,Very good. Map is very useful,5,0,1.0,2021-01-28 04:15:56,,
gp:AOqpTOGeSH3PxwBQV03R-2OMtu8LqsqmH2ITjPm5V8393tTnJUxzTFsnO4StgrzNqiwZDRiJygC1JWAb7tK65LM,Verena Garton,https://play-lh.googleusercontent.com/a-/AOh14Gjfw1SZibgrngogVtmqEbwYu_GExOjaRc5f-p_LiQ,Wonderfully done!,5,0,1.0,2021-01-22 07:51:15,,
gp:AOqpTOG5cic6imTyWBqISxsMlCkzmiU-ltxVr0XhQzjATcHhJqnc8nRoF8kIr7MYJZgs2ibHLPXzJnzf1ngDrdM,Jean Manners,https://play-lh.googleusercontent.com/-fdKbRcR_PE0/AAAAAAAAAAI/AAAAAAAAAAA/AMZuuckRpjjM1HxH9zi1mL7Zm0fPi4tJoQ/photo.jpg,This is a good game!,5,0,1.0,2021-01-03 13:30:40,,
gp:AOqpTOGWtzb0y60-8k6Y1r5kLrOmQas76esPf930zHXM52EVL_UmOUwpv05Xb62AHaLbTcIhxzWtdHS1ydL__s4,Nadine Lipson,https://play-lh.googleusercontent.com/-En5LvLP66TA/AAAAAAAAAAI/AAAAAAAAAAA/AMZuucnZ1KiXbiPdxPV0dMu49XW1J8lAdw/photo.jpg,"Great game. The graphics were beautiful, as always.",5,4,1.0,2020-12-02 19:59:47,,
gp:AOqpTOFxOaOKVdRHgS6YbXbr9n_Fh8GMp895XrXM3TQGdhZoPfkyTnpJU-hy2U3L7HcN8FSyUQZIqeNpQM4M-GQ,Nikki Dodd,https://play-lh.googleusercontent.com/-JlBUK1xBkBI/AAAAAAAAAAI/AAAAAAAAAAA/AMZuucnHmfOYGsOcPVg-cMDTkBlDaZP0lw/photo.jpg,Love it so far,5,0,1.0,2020-11-27 06:17:50,,
gp:AOqpTOHlaPn7PdWgSCqy24M3NvK_RYCpyFte0ExGCvFQGq9s3xfOMweF4OSw5dTkqNCtBbgR5q7GJP45ZfV82Ns,Robert Hampton,https://play-lh.googleusercontent.com/-xR_Fd-6e5K4/AAAAAAAAAAI/AAAAAAAAAAA/AMZuuclORk6VdGmj7NRjc36EJHBSQW9Bcw/photo.jpg,Fun. Challenger,5,0,1.0,2020-09-20 11:44:33,,
gp:AOqpTOE4e5QpnJ7HQcoMjZQ-4GzuNtM8WB7ziGsVqmRXv1A0dHRuoYbFYWvMyPf5dM2YHku2xoVNlwtrP-P5ceQ,Angie Tjelmeland,https://play-lh.googleusercontent.com/a-/AOh14GhZTnW2L_BDFIVOzpV_1BrOmbE2S_P782HQP-aGhKk,Fun,5,0,1.0,2020-09-19 08:02:28,,
gp:AOqpTOFfrIQZwNpszV6sNkbYY6SVCcGu9o8f5IXf-qXc2a4XA52Zc-0n4iACKwMQHaYZgaEUnuLQS_AuTqmMfY4,Darlene McGrath,https://play-lh.googleusercontent.com/-HxwbE3-l-5g/AAAAAAAAAAI/AAAAAAAAAAA/AMZuucnuqEucO460FxTFyouUQvlV26yiCg/photo.jpg,Loved the game !!!!!!! Please make like it. Loved the story line. The hint button was fast !! The skip was fast also. Love it..,5,8,1.0,2020-08-01 19:22:25,,
gp:AOqpTOEgtvVQmGpBasT9ovRmnP-ItAOTAXrVhcXsmv8ZejlaEXJ3m1y-3HlI3sKvd0Uy6pWkuIe5tlr3XYt0_WU,Maxine Gray,https://play-lh.googleusercontent.com/a-/AOh14Gi48VjbuCNeWeeOawPWKA5YD2_o6RHgKjhXmSym3g,Interesting game so far....not too much going back and forth between screens.,4,3,1.0,2020-01-06 17:55:58,,
gp:AOqpTOGeHnQ-zoSxM6xnBALsFWE-21Incj9hki8jbw5wpRNHOpEGUdKL4U1zCP8YGKpflJXX1_82RebbdjI-JSk,robert dickerson,https://play-lh.googleusercontent.com/a-/AOh14GiucedbhL7DqkVnkhVHslw2HG1wkTtw-QQqFNeARg,Paid,5,1,,2019-12-18 01:18:18,,
gp:AOqpTOH9v8JbQuwLPSKUWM5q5nnEpvaJfXxckKEY6PDpkGu5DTzaptn0yzyCiK4wA9az-37guk-93n3mJwTTp5k,pamela mills,https://play-lh.googleusercontent.com/a-/AOh14Gjb3fViEbCODRdR8eIqskP2_r7rXfM-zhGCthVW,"Playing this game for the second time and enjoying it all over again, thank you.",5,0,1.0,2019-11-17 20:59:48,,
gp:AOqpTOG09EGeWp8OH6qHc4tRW4JZc7KP0uxMGLoklqwm-zPCV7YTl4uwRg2gXGh0offmDhuXuy3drnMoqfKBJi4,LORRAINE TAYLOR,https://play-lh.googleusercontent.com/-AoT8SsfoZIY/AAAAAAAAAAI/AAAAAAAAAAA/AMZuuckmmz1HFX_uwHZkQBGfBreVJ8RMnQ/photo.jpg,Enjoyable,5,0,1.0,2019-10-23 06:44:26,,
gp:AOqpTOEhJ1qZhuBCoMhA8u_ffVaAGUMQXWiPBNYwQM-K-gMID2OCgYDSltTgrM1FW2SJdY_ZXpdtWLmjH6Lk42c,Simon Reeve,https://play-lh.googleusercontent.com/-0TKPZh2W4gM/AAAAAAAAAAI/AAAAAAAAAAA/AMZuucnq8EjzIqsHAkMOtWUPy-y-WJhqEA/photo.jpg,"Game was OK, but text was really small and a stuggle to read on a phone. This spoiled the game play a little, and half way through the game, I'd had enough and wanted it to end. In fact, I seemed to be wanting it to end for ages, and it just went on and on. I don't usually complain about long games, but in this instance I found I was skipping through the puzzles, particularly the lantern puzzles, just to get to the end of the game. Might have been better on a tablet.",3,5,1.0,2019-07-14 15:16:40,,
gp:AOqpTOEO87toskkNunf9ps4A2c6Z0uAy8h8BTOem56dFacCTH_hxR4zXuFTOhoEI4CtF98mH4JLHAXhbmVifBfY,Sydney Moore,https://play-lh.googleusercontent.com/a-/AOh14Ggqlgk2t8-DKox4D47VCp9StyVy-bz9PALrLgFUCw,"Awesome graphics, easy story line.",5,0,1.0,2019-07-01 18:34:31,,
gp:AOqpTOHD5LPZey3UGSfLRbH-imN4-AorPcLktmUiLb6gtzQFvtIWyWzWF2q1Aehl5lW-6LsANno2F76LjmcAHoQ,Rose Burns,https://play-lh.googleusercontent.com/a-/AOh14GghuiaswHOidzWZRu0a-XLqp2VNV5wd5MnVqn49,great game,5,0,1.0,2019-06-19 18:11:28,,
gp:AOqpTOGrErfKgRJT9v6PCJczJyiLk2ZdJLdiqTM5RDowkDxIxc2EUttvtd7yrGX19VhNFMnj9fwlXXPCwcf_mzE,Pam Jernigan,https://play-lh.googleusercontent.com/a-/AOh14GhpBnh87GtvPQ3SbILsJRrxeAq1HbWUtFYoTieT4Q,really appreciate good game 👍😊👌,4,0,1.0,2019-06-09 21:34:13,,
gp:AOqpTOEZbXZuIoBdZluXEwy0pd8tPMi6jFvlcD7R5L69Tu2Ex_eescGn0LeFoqXGksgHjR4IHtH5RZ7k4AKaKi8,Jimmy Digilio,https://play-lh.googleusercontent.com/-6aW6uM9xcTA/AAAAAAAAAAI/AAAAAAAAAAA/AMZuuclxCVFHQ07mEC5TTX0jBoBj0g3-xA/photo.jpg,fun and interesting game,5,0,1.0,2019-06-08 08:14:16,,
gp:AOqpTOEytOBA7DHrzFHzpm1erBDTHTdiwp_GxdKvKIGYNddne4WJ0_d0yyVozPOYe4G_t5MohQqDTSKtwAcSyCs,Kelly Skebe,https://play-lh.googleusercontent.com/a-/AOh14GjleAnTQLVTtBGro5xtSWjamBBWnQoccjAqw1xriw,"Constant crashing. I would have scored higher but the continuous crashing and having to start over, made what gameplay I had aggravating. It was a waste of money",2,3,1.0,2019-06-08 04:50:11,,
gp:AOqpTOHI1E3VetNkyd4OW6a13XertIalmwZrfzWFwQnBHJChzHGlMMIBFEcRIF4zB91-ocJA6bl9FCbNXx3eq74,sherry taylor,https://play-lh.googleusercontent.com/-iZhH1cposo4/AAAAAAAAAAI/AAAAAAAAAAA/AMZuucmO9EOD_yXW7HaJcBtXTqpvAdYePw/photo.jpg,"Love The Mystery,The Puzzles And The Graphics Are Awesome,Love Everything About The Game It Was Worth The Money I Spent To Unlock The Game",5,1,1.0,2019-03-07 01:19:37,,
gp:AOqpTOFbiBWwJNAe3cydYX7MQcjtlyNfdhGVzyo0TwOKZ6FS72p-j6J3BnDfZlbiSijqJhcitJcQDl9KUOxp8rY,Robyn M,https://play-lh.googleusercontent.com/a-/AOh14GjsIALk8VeREWZLINl0-3VS_j6EYE2bdEoHKZWh,Pretty good. Challenging puzzles and unexpected plot twist. Controls were a little off and I prefer to customize difficulty. Wish I could give 4 1/2 stars.,5,1,1.0,2018-12-24 21:00:32,,
gp:AOqpTOGDvsX9ROuLA6bMuVyX3uFt-tE-xleLzmz-rKIOW_XzSPRjZfWBzJKRx0UuTNY7CJDKzLE-TUMOMAe7sik,Nikole B,https://play-lh.googleusercontent.com/a-/AOh14Gg07UqGjJQ_9xE7EDRWOrb-vQVkR5LzDwsuzqdT,"Great graphics, good puzzles, interesting plot, and a decent length of gameplay",5,1,1.0,2018-09-18 19:51:12,,
gp:AOqpTOF0e1RrK-scTuFwtkSJrI-Gf-Wf-iq251RBRjOkxsxQ6ZYjW8SsVr9Ztz3xXG3uVL3dKIV_hkHKynCMeag,A Google user,https://play-lh.googleusercontent.com/EGemoI2NTXmTsBVtJqk8jxF9rh8ApRWfsIMQSt2uE4OcpQqbFu7f7NbTK05lx80nuSijCz7sc3a277R67g,Fun & interesting,5,0,1.0,2018-09-14 12:33:55,,
gp:AOqpTOEq1YIZQpDPCXtecv3QgmzM2jb9OtCIrhFx6ceereLBOKsLnB_vcg-JSMcDtbbymFoYBqX892Wer-xuDRo,A Google user,https://play-lh.googleusercontent.com/EGemoI2NTXmTsBVtJqk8jxF9rh8ApRWfsIMQSt2uE4OcpQqbFu7f7NbTK05lx80nuSijCz7sc3a277R67g,Nice game lots of play time and not too challenging.,5,0,1.0,2018-08-12 19:41:12,,
gp:AOqpTOHyuWkZ5TzEEuLg9MGh-rs8u0_sKAmdK9-mM_z9O2tsCpnBcB9HOC_uDvn7ANqDb5sET1hD1867sP12VWM,Leslie Delsied,https://play-lh.googleusercontent.com/-QwduzGOQ5jM/AAAAAAAAAAI/AAAAAAAAAAA/AMZuuclHKbf2CjSWos-7t-5OldJ-NVfaFA/photo.jpg,"Graphics are awesome,very interesting and entertaing!",5,0,1.0,2018-07-12 21:29:04,,
gp:AOqpTOFVhPb9tyzIfTgzFnEpJcOVMQXOpPSx0Xn_WNipXKB2xJl4ck1mlWSaN0iTEz4QtDEVMbLFa9BIcP87yqY,T G.W,https://play-lh.googleusercontent.com/a-/AOh14GhLGFmiInvP7LgVeM7VWdaiKADUm3Ie_781OhFe_9g,Meh-not a fan of the story,2,0,1.0,2018-07-05 16:42:14,,
gp:AOqpTOFQmpD-l-hVMYP--u1GjsyAW7RopMMLc5xI5G6D0pdY1BYNjsK7jY9ro9y7XubVqY2vFTN5EesABI-gklM,sylvia griffin,https://play-lh.googleusercontent.com/a-/AOh14GjgzDrTHmoXXOWj_qxkTrGv5_sfsd2tWoB46tuUyQ,Loved it. Really love it when they let you go back and find all the collection items you missed,5,0,,2018-04-09 14:46:48,,
gp:AOqpTOGPQ6UMZjCAfM49q4bOpxssJFRkpU8PiMS1nscJPHagQ7jkz9QS0-3Xnb-PXpmSko5jksJ0zSwMTSEpmcA,Linda Davis,https://play-lh.googleusercontent.com/-EAeaBCD5LGQ/AAAAAAAAAAI/AAAAAAAAAAA/AMZuuckjAjQOP4WQOchdkFfQMEpvRb9HWQ/photo.jpg,"Interesting story, so far no bugs, so far has my interest peaked! I'll give more later....",5,0,1.0,2018-02-19 21:05:56,,
gp:AOqpTOGbg4ML8fKpHdbGe9-s68QuHHYvtTYs5blmFYpcRc9h7NpmSOQB_JHSr0LGtwPNkyIfTFeXbiZ-6yRN5RM,Shannon Houseman,https://play-lh.googleusercontent.com/a-/AOh14GhUJXBMPapSn2PRiOTAGCWUjsXqMNOQ7wdcYr1Fzg,Love these games! Plays similar to the computer!,5,0,1.0,2018-01-11 12:08:28,,
gp:AOqpTOGbyX3ZCLtKK9-9KnbG_N6EblpcCZl6GlixUHLarJvjS1HaDTm_Qc7xL3ScBbUR732dezD7ON-wAAhZENI,Denise Jones,https://play-lh.googleusercontent.com/-XSS-3vthoME/AAAAAAAAAAI/AAAAAAAAAAA/AMZuucmqPEvjvaz7PMItWM-8dC1-BIOUDQ/photo.jpg,"Small problem getting things to move sometimes. Only problem so far, great game.",5,0,1.0,2017-12-14 20:17:47,,
gp:AOqpTOHz7tDSk80GS8RclIvEpdR1JAbXxiWb-bDNGCVM82ow7Ker3X_PVLOShPjgCiYJCp7WtViH1oEYxVWNKqQ,Roz May,https://play-lh.googleusercontent.com/-5VVZEAVKSjM/AAAAAAAAAAI/AAAAAAAAAAA/AMZuucnHuCnmagZRG9U28tahq9CFL65O7g/photo.jpg,Loved  the interactive HOGS. Some  of the mini games  were great & some where hard to understand,4,0,1.0,2017-11-28 16:38:52,,
gp:AOqpTOGwtzHPYq0Xvs4gcoH7WXkwJaizMyOKvzxBfY6THrGxmHPUZsD4HIPASe-dV35JFLxVVtdYQEctC9XbL7g,Laura Williams,https://play-lh.googleusercontent.com/-Alq9Wb9TqT4/AAAAAAAAAAI/AAAAAAAAAAA/AMZuucmLFZSJ2h4Wx3DQVp9P73WzJu_eyQ/photo.jpg,Good long game. Bonus round. Lots of collectables. Different types of hidden object. Good variety of puzzles which weren't super complicated. Game guide.,5,0,,2017-11-23 02:17:18,,
gp:AOqpTOEzu5ryRmDrc7jie6Sq-h0c_g6xjABkqOI-S1WJiiVcxryi-BFtCgWqtxJWkM3KA_Ri2m7_RzgmhSemBXQ,Richard Mowery,https://play-lh.googleusercontent.com/-hJwPj79uAT8/AAAAAAAAAAI/AAAAAAAAAAA/AMZuuckpNPrvPExBnjW3PRNAymDgV0IQvQ/photo.jpg,"I like most everything about the game - great graphics, good story, new ideas. But, not a 5 because 1) some directions are not as clear as they could be, 2) if I pay for a game, I should NOT have to deal with pop-up ads every time I come back to the game...irritating!!",4,0,1.0,2017-10-30 23:33:45,,
gp:AOqpTOHuF5AbgQ6ragvzEZVjDzWM2SxzR7cPKuWJUcu5uGoLZZuO-hV0CYjPrTNICMpPUShaRymjdWS0_-CNvho,J Louis,https://play-lh.googleusercontent.com/a-/AOh14GiENkSRU9jvrsx9bhEp2jPF2OWvjOHpjhHyCg8qoQ,I love big fish games and this one was no let down I give it a 8 out of 10 it would be a 10 out of 10 if the price were a big lower  keep the great game's coming,4,0,1.0,2017-04-23 12:12:03,,
gp:AOqpTOEzjShi4TOXbf3Syg5_oCAydE-X1GECr_XaQCRyUqYU1fGY3kQnVG7EzlLOF6zotUqS1uIxIB2w3WJOl5g,A Google user,https://play-lh.googleusercontent.com/EGemoI2NTXmTsBVtJqk8jxF9rh8ApRWfsIMQSt2uE4OcpQqbFu7f7NbTK05lx80nuSijCz7sc3a277R67g,This was not a good game in my humble opinion.... The story line was actually interesting but I pretty much skipped every puzzle. I thought the hidden object games were different and I liked that as some can be boring and stale..BUT many objects made no sense or were just plain incorrect.. The ending was torture and just felt like someone turned the lights out ...it just ended!  Just saying!!,3,0,1.0,2017-03-30 08:47:19,,
gp:AOqpTOGeWOHsF4Q5BCT3kTMe3UU7n-k8kfKHemrBmfSGJbH1nszNf_Ta2aqXf40_7s--FTCPziUeWYIzlg1Qauk,Sharon Luhr,https://play-lh.googleusercontent.com/a-/AOh14Gg7ZAUuag0Xi0lDBPMoyNo4AX-OirfbiyhYwVLDdw,Liked the game.  Would have given it 5 stars but can't get the bonus chapter to work it just goes to a black screen.,4,0,1.0,2017-01-25 12:41:55,,
gp:AOqpTOFKAOalN90s_HNKzdZjPl_RsSsUa7riezwkZI3OHzBY0R6Z6PMHhlTIbIY49YwplQJo_KsrNk2SOVuN8jM,Kim Harrison,https://play-lh.googleusercontent.com/-eLQWx7RAjF8/AAAAAAAAAAI/AAAAAAAAAAA/AMZuuck9WL2WLKsr_--b4Xeahem67UA23Q/photo.jpg,I really liked this game. It's a good length and detailed. Great Game,5,0,1.0,2017-01-17 16:34:45,,
gp:AOqpTOF15ROXh6-9OO0uaFlycC7x9w31KccrlldVQuDfGsP9_zzWRm01wqippHlEEJk0Uky3hZciP8GX83A-0Pg,A Google user,https://play-lh.googleusercontent.com/EGemoI2NTXmTsBVtJqk8jxF9rh8ApRWfsIMQSt2uE4OcpQqbFu7f7NbTK05lx80nuSijCz7sc3a277R67g,"Beautiful graphics ,Great story good game play , puzzles, hops, I have had no problems or glitches while playing this game.The entire series of myths of world games are my absolute favorite I would recommend them all. But this one by far was my favorite hope there's more to come.",5,0,1.0,2017-01-05 11:50:14,,
gp:AOqpTOE3n81zmqnbmP3cFrkarMOEwjnX4lie0rMA4__uOTyQBOvE4NidJQx7I0chYL13ueeeomVQQPD_Ka9wbaE,Robin Bowman,https://play-lh.googleusercontent.com/-LoOwXzwU5Ac/AAAAAAAAAAI/AAAAAAAAAAA/AMZuucm1X1odAi4aea9oNseNWz7bXOvnuw/photo.jpg,I like it. Games can be quite challenging sometimes. Finding objects not too hard or easy. Good way to wind down.,4,0,1.0,2016-12-26 22:04:15,,
gp:AOqpTOFY1bB9nm5XkxLMRI21virFvaZvx-L-yBmLa-sDqjZVaK3cgMBlFH2MdqgxtqgOwWQSJmbG1TotWYs1V84,Tom Trembley,https://play-lh.googleusercontent.com/-YdIn51JKDUg/AAAAAAAAAAI/AAAAAAAAAAA/AMZuuckRbvPPhBfwCdDtAHG1IVTHtBkXcw/photo.jpg,Gameplay was good as well as story. A few minigames didnt work well and some were complicated. But in all a good long game.,4,0,,2016-12-13 07:58:49,,
gp:AOqpTOGPRPb5O4xU2cJ2RaLKXkmtEuqQ9SbetNvE0iCJhooG5VXjI-zD8k_JgiHs3lXiCuR4Bk8xRQ_NwCleDa4,Laura Duffy,https://play-lh.googleusercontent.com/-mj4EpB9toWA/AAAAAAAAAAI/AAAAAAAAAAA/AMZuuclzYbAcVZWU2zkofld1aR5iGp_3SA/photo.jpg,What fun! Nice job!,5,0,,2016-11-28 07:57:40,,
gp:AOqpTOFGB2LfKpFASlMz5A3za1p2_yLa0IdzCEqBydlt3CdghFzsc4GrA4NRk_Ieo7OPPpaMjRw2JGELYit8Jvs,A Google user,https://play-lh.googleusercontent.com/EGemoI2NTXmTsBVtJqk8jxF9rh8ApRWfsIMQSt2uE4OcpQqbFu7f7NbTK05lx80nuSijCz7sc3a277R67g,I loved it! So addicting.,5,0,1.0,2016-11-26 01:26:36,,
gp:AOqpTOGUL2KWJldRbsz6HGMtegn2p2kdKVEF6A-acdsmgBouQAZS6PhvTZ5dgRB9y8IF1zGL1uWNmgaExfYFha8,Laura Hewes,https://play-lh.googleusercontent.com/-vufNbmQtFjs/AAAAAAAAAAI/AAAAAAAAAAA/AMZuuckhoxiwWdbtP2cnjUWLH3oCOlqyEw/photo.jpg,😊😆😄🤗😸😹,5,0,,2016-11-24 11:02:25,,
gp:AOqpTOE-r732s6uApffgkK_DCnYg7EmvMz1UzCKTVV91mJjzYaOU8aDiPs8yhy9mYQLF2MrL8VztTkRg32HSTII,Elizabeth Johnston,https://play-lh.googleusercontent.com/a-/AOh14GgjrpyAGciMjImvCcQd9YZ9scnNQxz1GOUHgu_eXQ,Works well so far,4,0,1.0,2016-11-21 16:57:03,,
gp:AOqpTOFNJM-Lsd5aUTXdD-toie_YV7ym-e3dk0F7ffhc_hEXVdBb0h9byB0hYatfRnxAoSUPs4QFjONGpC99JTs,Jamie Martinez,https://play-lh.googleusercontent.com/a-/AOh14Gigq3Y8tgU6I729WY4p9zwy4jT9El09qwOgvRFK,Very good graphics and addicting puzzles!! Love Big Fish games.,5,0,1.0,2016-11-13 08:18:56,,
gp:AOqpTOG9D_PnanLR8e_jrdX7Y2LbR2gvaD4_2Vui5EyNFd__gBpolbemPjLeklaeCMgEk_Ex1eJ7PPo9VNJRTnE,Lisa Shaffer,https://play-lh.googleusercontent.com/a-/AOh14GgMACLOUGv81uageVssGMmJAIsmBf1ST5OoaTgT,"Very good game as I've always come to expect from Eipix. The graphics were great, storyline was interesting, good length and bonus content, mini games and HOPs were challenging without being too difficult.",4,1,1.0,2016-11-04 20:07:09,,
gp:AOqpTOGvLjVYR7H77uP6ybEMUat3bddlz58O535ZTxU2LQ7BAPaFuuvPfAkqoe3WLArlYHf9jnwAR7Sr9MMDq9Y,Kelly Olson,https://play-lh.googleusercontent.com/-cofuQJg42lE/AAAAAAAAAAI/AAAAAAAAAAA/AMZuuckKclNMU3jIxAsNc28-aAQheXdhRQ/photo.jpg,I can't believe I paid full price for this game. I wish I could get a refund. I can't even finish it. The hidden object games are the worst... I've loved all other big fish hidden object games starting with Ravenhearst. This was a disappointment.,1,6,1.0,2016-11-04 16:36:38,,
gp:AOqpTOF5WVEbVHrzR08e3a1srJMlPStU8_HWskiu80ylXnRlLqYw4i8MLAhQIIh8rkOHhHD2jKygchu4c-wqQGg,gail hogg,https://play-lh.googleusercontent.com/-s_BIE4QsFF0/AAAAAAAAAAI/AAAAAAAAAAA/AMZuuclfUnJsYFgq1R1UdUHaKfYXH68q_g/photo.jpg,Great game good story line plenty to do and nice and long.,5,0,1.0,2016-11-04 08:19:51,,
gp:AOqpTOEYbJl2V4UIY12q5kimuEn4CroOsbd2-vgCuJaUgfUoQdb9kUW_-YmgqCOJjNd3VQT-mZ6gdnl3Z1tcX7o,Heidi Zoo,https://play-lh.googleusercontent.com/a-/AOh14GhLCMR20gfMNScChTVgUmwNfVC7KFiBxvDD5I68Lw,"So far, I love the game, but none of the souvenirs are showing up. I even started over, but where the guide shows there should be souvenirs, nothing is there. I can find the acorns though.",3,0,,2016-11-03 05:43:41,,
gp:AOqpTOGho_w-V25JZg9E-wmDZDBSquCK1ePUlGhC8JFZy3YNiVSYHmQbs4ZQmIigDB18Z2OIB9DiHLIb1xOaHiM,Jan Tweety,https://play-lh.googleusercontent.com/-eeF8xs29LhU/AAAAAAAAAAI/AAAAAAAAAAA/AMZuuckENLgXTSbDyrNMHUn0RyLVymEIJA/photo.jpg,Would b a fun game but printing so small I had to use the hint button to progress. Mini games and HOGS were just right. Excellent graphics and music. Story line flowed. Would recommend to a friend IF played on TABLET. Not recommended for phone.,3,2,1.0,2016-11-02 09:48:51,,
gp:AOqpTOE8J2LDfnyV2nNO_GPEVqPs0pQsk5WD3Qq4RHsMjbFIM4xRh49Rj9uwuhi4KqGXhexcm1EqbXlUDRUe6RM,Tim Garner,https://play-lh.googleusercontent.com/a-/AOh14GgkhMX4ZS0xR_6tLtL6hKMb7jZHsmepCk-92rmyfw,"Game says ""Enter Profile Name"". Tried and nothing enters. Have downloaded the game twice and still cannot enter a profile. Therefore require a refund please immediately.",1,1,1.0,2016-11-01 10:58:32,,
gp:AOqpTOEpWJrXw-RlumuVWUXLyT-AqDfZej8Xe4ireop-yK67cPHF8r0Bz9Tsi6V_jmpZwKz-wFeo5JrdTR_37xs,Beverly Rapp,https://play-lh.googleusercontent.com/a-/AOh14GilkRL5Lz_VExGmBdUt5Miy85oQCmkNUmN_df_T,Entertaining,3,0,1.0,2016-10-30 18:00:59,,
gp:AOqpTOEZv9d0EoSt0zWzGh92UYhYmNkR0SReTXPlnuQ9c_0oApbVNss9sKV-oa4Z3gLeJk7KRVEQmXBJdBnKt-Y,A Google user,https://play-lh.googleusercontent.com/EGemoI2NTXmTsBVtJqk8jxF9rh8ApRWfsIMQSt2uE4OcpQqbFu7f7NbTK05lx80nuSijCz7sc3a277R67g,I'm being optimistic about this game. So far it's standard... Was a fine game.,5,0,1.0,2016-10-30 09:00:50,,
gp:AOqpTOHb6BLhQ1Z8iG5qX_CGyz4sVvVil3jk69-CAjxAYuhQBleTN0dGiiwRwFngz9nmhedc0ETCQVA_0Ps7njc,Katya Nichitina,https://play-lh.googleusercontent.com/-2MKVMwvcSd4/AAAAAAAAAAI/AAAAAAAAAAA/AMZuucm5O2BYfTYYzKASuOgp-kVCwBn_Iw/photo.jpg,"Eipix are great at designing HOGs. Artwork is beautifully detailed. The game play is simple, but smooth. Some touch response issues in puzzles, but a good game.",4,0,1.0,2016-10-28 10:28:58,,
gp:AOqpTOHnlHdIm3e8aTl4Gzc1iaz-b301n_pMb4Uo7i2ibURUUfj68SymIRl-SyVbIubhzOEs1bqfcizce6e2Qr8,Susan Anthony,https://play-lh.googleusercontent.com/a-/AOh14Gi_s7IjuLHp6aLbkys942QNLUr8HB0Ia6pdG7P5gQ,Enjoying the game but loses a star for the repetition of the puzzle using the lantern.  Suppose it's for continuity but gets boring.  Overall tho interesting storyline and quite long gameplay so it is worth a buy.,4,1,1.0,2016-10-25 09:26:50,,
gp:AOqpTOHlGMyuVnw3GMU5QOuh2-Xjz1fS8kot_D6WI6tZuCgTaDgNTUeOLYEh0Jn4QB4jtraJ1oAnJcpk4FuhcHY,Kathy Pitts,https://play-lh.googleusercontent.com/-FgRdFDSfnpc/AAAAAAAAAAI/AAAAAAAAAAA/AMZuucmwlXbnUwU-5a-5vYYP23K7NQ0Lvw/photo.jpg,Great game  just like the others in the series thought the story was weak. I just didn't care about it and I wanted to,4,2,1.0,2016-10-24 19:44:35,,
gp:AOqpTOGw9zyD-ePGg_Kxz-Ecd7F_PMkzfMwPMEKJR_aOkzQmoEZeV5hj_pwUJDJmtejuAY3Nf9xCS1vmi-fW6ds,Sheena Spaw,https://play-lh.googleusercontent.com/-8vgw6_RCHAM/AAAAAAAAAAI/AAAAAAAAAAA/AMZuucnrihaFWtU8eDXIQIYrxNZw3yt41w/photo.jpg,"Good long game, I definitely feel like I got what I paid for. The story kinda baffled me a little but the mini games made up for it! I hope Big Fish continues to have mini games like these I don't know about everyone else but I get tired of the same old seek and find words to the picture. Way to go big fish another job well done!",5,0,1.0,2016-10-24 12:16:30,,
gp:AOqpTOGvnPGP1WYUt5xNJQqeZMpp2ebci_50EOlVyS6WJToy0mu0WU3s7roAJld4jNlDh9d32pOOd13Fmi5GF1k,Donna Kennedy,https://play-lh.googleusercontent.com/-TckELlCHCwg/AAAAAAAAAAI/AAAAAAAAAAA/AMZuucnkgUBUTwVWppDJ_2XKg--eUA-tHA/photo.jpg,So far really good.I had to Uninstaller then reinstall. Because I got stuck at the rocks. Hope it doesn't happen again. 🙅,2,0,1.0,2016-10-22 20:24:14,,
gp:AOqpTOG4UjxF9aJbJhc-WjN-0C6luP6V5fyZuU67YVRdpualZ_Lu2s6XyhyDjhcH8juKsPioa1JJK5bY1y6tUY0,Stacey Jones,https://play-lh.googleusercontent.com/a-/AOh14GhsqoGouheGy9nMshW4E22HBzShQtvGRpWNXcCmZA,"Very good game. Not too short, the story line was good. Some of the puzzles were challenging, but not too hard.",4,0,1.0,2016-10-21 19:22:23,,
gp:AOqpTOHIzucSHY246utsYJ8VZYYQTslsan8D8oPMbYFHfBcmpzyic56FB1wk1xNuOQrKBfHfenMNR9fbnDkc4FM,Jeniece Fairbairn Summers,https://play-lh.googleusercontent.com/a-/AOh14GjzjIw7_5AIzEJ4JBKhMvgbBLnC-ZjUDGeqNpF8Gg,"Amazingly well done in terms of graphics, length of play, puzzles, and HOPS. Love the travel map, the collectibles that you can revisit in the extra content, bonus game, and the credits were very enjoyable, almost like Monty Python. The story really didn't make sense but nevertheless fun, slightly creepy, and can't wait for another one!",5,3,1.0,2016-10-20 19:37:37,,
gp:AOqpTOHPAjBUarDB81hN7KrWe3fLBdOyahHWSaeHqdi-Blk0pG1AiNIOTq62ltai_2otVB_Pn_b-oBRT6jhBuJs,Madelene Langelier,https://play-lh.googleusercontent.com/-3k-8ye8ooUQ/AAAAAAAAAAI/AAAAAAAAAAA/AMZuuckEH6gnxOCZuqhh7vOEfUIjImx_0A/photo.jpg,Whispering Marsh,4,0,,2016-10-19 20:57:01,,
gp:AOqpTOGHA0_MddeNT5oP-z69lKvT5VMQxeLOtDpQa7xsZ2wnLjyU18uGxAzMby3Twx5ETxjbBvg23dpP9WcUIiA,Selina Oakley,https://play-lh.googleusercontent.com/-cjMLZprQjWQ/AAAAAAAAAAI/AAAAAAAAAAA/AMZuucmFNhp9kTLDc-hfYb4Dh2zd9R9pUg/photo.jpg,Very very good. Highly recommended.,4,0,1.0,2016-10-18 16:29:00,,
gp:AOqpTOGkjcDEz1iAKU10HDNnSAozIurhY-eQHGeqI8VwmRWs-C_8Ryzh2E3FMZiZnfnnU9PEggaCcKiMJ4Xp5sY,Dawn Abbott-Simons,https://play-lh.googleusercontent.com/-XKf359i4oBw/AAAAAAAAAAI/AAAAAAAAAAA/AMZuucmi58pi289dUiJDR6_A0pzRfXDYbQ/photo.jpg,"Would be 5 but ...           Couldn't finish properly because there was no morphing object in the book. Found out where it's supposed to be, but in my game it didn't do anything. Love eipix games so much I restarted phone and went through game again hoping it would help. Boohoo 😢",3,0,1.0,2016-10-18 14:24:25,,
gp:AOqpTOGjnYV37XlQBHVTna0fQ6RcZmHvlKp5lAuhTUXkfNxIDL5bB-Q2pIU6tk-fGeu8PX_D2IRUISPOXV7Ck7M,Monica Finnell,https://play-lh.googleusercontent.com/a-/AOh14GgPy7pFBfaHXGHdVPB5YLm7UhkqgGs_DZCsHW2ieg,Good game!,5,0,1.0,2016-10-18 09:51:50,,
gp:AOqpTOF4q8ssOdQyWAgHeUp7tfbZEpDrbbnLriB9XfXXzpGTNuFOOq3zcNPgyZ3adjA4Ja1r9cvmF4ZGfL8n194,Maggie Madden,https://play-lh.googleusercontent.com/a-/AOh14Gg64UGLIyWDc_mZ4VAzZ1SzWOhW7-CWxzVRyGyt,I love the Myths collection. Well worth the small amount of money. The puzzles are fun and different and not so hard that you need a degree in rocket science to solve. Keep up the great work!,5,0,1.0,2016-10-17 00:11:58,,
gp:AOqpTOGZ6JHeZ4V8CLcvijHWwD9h-4Y2Xr_pl1UEp8qa4CnjLQdgRSVJ9u1FPDP5GU9r4CxqdACCWqLUIpBQaew,Leslie Jude,https://play-lh.googleusercontent.com/a-/AOh14Gg63uRRch5Qa9reaEIoqqsNNHmQXTHFktYJUVez,"Love,,love,,,",5,0,1.0,2016-10-16 21:03:09,,
gp:AOqpTOE89AbZIUYOFZBTjhdv7vjM4k2f1LayX6RaqTtsMwPcj1NcTCRMc2zdRjMMZhhYiiHe49yqShddm9bwHcs,Joan Hall,https://play-lh.googleusercontent.com/-I3htBSafeqg/AAAAAAAAAAI/AAAAAAAAAAA/AMZuucmMLncgBwmJ6-HQPGIGkKon5JX0UQ/photo.jpg,"Would of given a 5 but I can't get the bonus round to open, have uninstalled and reinstalled but still the same problem help please",3,0,1.0,2016-10-16 18:24:52,,
gp:AOqpTOHLapBYVHxPl6V6ryslz0Y3n6aSz7ghsIcbkCT8zbtI1fUio_chk7e9yR68B6V8jeiETbJeQsr1P27VE5M,Sue Dyett,https://play-lh.googleusercontent.com/-2sUERYDvF-0/AAAAAAAAAAI/AAAAAAAAAAA/AMZuuck_nD-LDDoeUws3e_5wM5EV4l01Gg/photo.jpg,Could have been better.  More interaction with characters would be good. Overall not bad.,4,0,,2016-10-16 17:30:11,,
gp:AOqpTOHKIrB2-c2EJElQh4kmBViXI9UdQlNz-7vdSXf1cnIrtl0MjehJ8rzrKCfscmIH-uT3kfR32uwK1P5lbEc,Dana Lock,https://play-lh.googleusercontent.com/-gueQyR7HGjY/AAAAAAAAAAI/AAAAAAAAAAA/AMZuucmfPAvHvbS9Numt3fNcHiAA8EdRLQ/photo.jpg,Really enjoying this game.  Gotta go!,5,0,1.0,2016-10-16 11:54:20,,
gp:AOqpTOFSHA88NDxT-jq2NemClYndgHW7AJ_D0sB4xAxoTbG6Nz9RrMchOpLYMqSpAQWqNL77Vc5ybn4sb5jzfv4,Wendy Balchin,https://play-lh.googleusercontent.com/a-/AOh14GhHP7foDb456OfCbDVkMr3-S1-FhL0IOs0VpZKt,"Thoroughly enjoyed this. Had all I come to expect now - map, collectibles, souvenirs, plenty hogs, puzzles, etc.. Great graphics, not too long waiting for scene  (although hung once or twice.)",5,0,1.0,2016-10-16 04:15:52,,
gp:AOqpTOEMiY4sOeMFC-6fqYT_5y8jeqF82RxxyXGmwg3gD6Em_XcfKQU8PjumUtn3I-WOzOAG209kquHR56h2TB8,Julie Gervais,https://play-lh.googleusercontent.com/-QOZ47CqEEgs/AAAAAAAAAAI/AAAAAAAAAAA/AMZuucmg3q1gkdRNPbh9AEDh53frWgVR3A/photo.jpg,"The mini games and HOP are fresh and new. Not your typical games, which is great.",5,1,1.0,2016-10-15 08:38:04,,
gp:AOqpTOGz-W9Rv6Tt7Rg_crpXcWicrC87uLPUtjs6atzt_Vc8ZbTJnDuZgBRaX0hyQ8oa5GNMlLTLGYBO1nXkRak,Jane Taylor,https://play-lh.googleusercontent.com/a-/AOh14Gj23pSGjfDPyvO5zm1Rftx5OxfQpX-KSC-gaXVeTtg,"Love this game, loads of great puzzles,  good graphics,  loads fast and very addictive.",5,0,1.0,2016-10-14 08:08:39,,
gp:AOqpTOHXG1xmxe8hSv0gpGHv5cvSGdznMnSL3H3k6jjdPr2WwuIMM-f9o-1vyEA_duPOHe-Lq_HC1WQclml38yA,lex 8396,https://play-lh.googleusercontent.com/-I8MTtNrBUv0/AAAAAAAAAAI/AAAAAAAAAAA/AMZuuclUeuzuhKk88-7Df4wDsdmKo6ePRw/photo.jpg,Perfect. Unique puzzles and very long.,5,0,1.0,2016-10-14 07:24:52,,
gp:AOqpTOE1WtKnPWSj0TduTkCWxSXDVCmEaIHH21curJQ2P7ja5yr3LDUDFXv8453POTxp8bAWGuischWrwl_Kwqs,Deanna Schultz,https://play-lh.googleusercontent.com/-ngCpHHI9N-A/AAAAAAAAAAI/AAAAAAAAAAA/AMZuuclEVz11tbayJkQXEArG128wefKtIw/photo.jpg,"Very fun, includes a map and hints to help you along the way.",5,0,1.0,2016-10-13 02:28:02,,
gp:AOqpTOEFyssKLihdz6sSnMUsp3TexPrAWffCGENv9Bf679mihoAZW7uf1zQR0Qfln8VAu5WQH7JjIphZUyK6ass,California Screaming,https://play-lh.googleusercontent.com/a-/AOh14Gg2WeV-mIh558-2qu03SbwXXa9IYEIgjTNFgOOrfA,"Storyline isn't exactly fresh, but it's another installment in the ""Myths"" collection and it's a fun well engineered game.",5,12,1.0,2016-10-13 00:12:00,,
gp:AOqpTOEYs8AHUujl7nq_SXTDyxJ2szaCIuTuDJU-HTJkDt602B8Q6CLtfqppvTvaFF4EmrZD_n4ebF1J9b3qO84,Anna Andersen,https://play-lh.googleusercontent.com/a-/AOh14GgeZY9wA9jGsCn5WfS2xG4eiQS93zR9h9j0UynIQg,I really enjoyed this.,5,0,1.0,2016-10-12 22:58:22,,
gp:AOqpTOHhnourpfimzgpLwS6llIb7JIgoTIXUk_KnAkCZ_sBHM1qM1KO_FCV3XMNM3kki4eSFpBcSLVGZE-GHIWw,Melissa Jarrett,https://play-lh.googleusercontent.com/-71OrLNrKgjs/AAAAAAAAAAI/AAAAAAAAAAA/AMZuuclXSregNBLxH-ZnxrPn4eVTmPl4vQ/photo.jpg,"Absolutely love these games... play so many hidden object games that they all seem the same , but this one was definitely different. Another long play too so well worth spending!!",5,1,1.0,2016-10-12 13:45:58,,
gp:AOqpTOHfHhl6D_3lOa2raIAvXT-cPJIGaigcQWWEFziC_Kaco6tcZJPQT045O8n_FXvOF8vhm1gmw9Tgvz1SQ2Y,Jacqui Donald,https://play-lh.googleusercontent.com/-waS3ps110qY/AAAAAAAAAAI/AAAAAAAAAAA/AMZuucljCJ2oQXSeuaavaqD-cdnGJI-qUw/photo.jpg,Great game loved it!!,5,0,1.0,2016-10-12 02:35:09,,
gp:AOqpTOGovD8uD2V0HWYkrnL3nLtDAnW732tK5kK5IAUncrqSoSmEXYLHifJpyLQPEzX4GW8HHYXz7_suOILMrEg,Amanda Huber,https://play-lh.googleusercontent.com/-o9uo0ZlvaOw/AAAAAAAAAAI/AAAAAAAAAAA/AMZuucm4BHMDq0lVQFsFydTfio6Uepw4iQ/photo.jpg,I think this one is the best of them all in this series,5,0,1.0,2016-10-11 21:33:46,,
gp:AOqpTOFJd7uYudvc62i1oRAezzLYT7SE3UqCdwRD_M3ZQuxP_eWKAW2xE06Dq15qsn1EO_ZG4c_axwx3GdTX1dM,Kristy-Lee Bornatici,https://play-lh.googleusercontent.com/a-/AOh14Gj6Ngk8wa_2tbXKN_CkIoHRmErgq7qU-N34gph2vw,Loving the mini games,3,0,1.0,2016-10-11 05:40:21,,
gp:AOqpTOFT3htrgwSiIcY9l9RhamKa3BKzEAyiuKlYjtvS6g_IJg0lNMZpc8zXHpgXw3t1LxTQRpByx3yXmRDfPIQ,Sharon Miramontes,https://play-lh.googleusercontent.com/-2mgN_JdD_9E/AAAAAAAAAAI/AAAAAAAAAAA/AMZuucm455g1VIi6Kut_PlmhopmDF5CdxQ/photo.jpg,"Love the interactive mini games, they are my favorite! :-)",5,0,1.0,2016-10-10 23:22:25,,
gp:AOqpTOGD3_kRTJpsrdheeKFWv4K1gpxtYHGgAcsr-uMzk-GscWhGoSmv5MKMkcyfJQgBVW4GjyvOYa7LouGZqEA,Sue Just,https://play-lh.googleusercontent.com/--G7QL9XY6mc/AAAAAAAAAAI/AAAAAAAAAAA/AMZuuckVsEU1QwpO1NNtdw8o12rzSSzIUA/photo.jpg,Fantastic story and easy to follow game,5,0,1.0,2016-10-10 11:12:02,,
gp:AOqpTOGhzC6aUnOcT1Z3UnMaYmXicncgXkcIroRkR6zGVukjUIp2yE_ZfAGGB-tfzGgrrL9bnG6IwTQzWF8tnY4,Magic Mike,https://play-lh.googleusercontent.com/-IdW7LiMnSUg/AAAAAAAAAAI/AAAAAAAAAAA/AMZuuckyxKIqxHONxCNm9LNYhtPY1V58wg/photo.jpg,Pretty good,5,0,1.0,2016-10-10 08:56:06,,
gp:AOqpTOEVOWszeNBH0oFF4qPvmpNcANc-nBpkEgyq0DtyvvgK_ZHOGmQxRc0oAAPy0sSqfV5H-OuwSsJc0jUdVFg,diera kelley,https://play-lh.googleusercontent.com/a-/AOh14GiWUgJRcG5HCFbw8uRZQjtkGa--YXC6CqiT1-hprw,Game has a black screen.,1,2,1.0,2016-10-09 23:13:09,,
gp:AOqpTOE0OFLnq2hJqzUxpqRFvuwdw3rL3tjiIWVhWq2FVbk2vk39ciR6lFjDr1SeQePBzwbWilB0mn9WovxamYw,Kathy Eldred,https://play-lh.googleusercontent.com/-zTuaYxHoqWE/AAAAAAAAAAI/AAAAAAAAAAA/AMZuuclgHzxpZChPebOP4FxTJp0NEPMZXQ/photo.jpg,"Some stuff really tiny even on large tablet. Can click on right thing and if not in exact spot it doesn't work. That said, great graphics and good story. Some new puzzles. Transfer map and collectibles marked which I like.",4,10,1.0,2016-10-09 20:02:21,,
gp:AOqpTOHv09XhsBGOb5237ZWQLkHYeUiv3J-X6N6rpwTk5UaMYpE8SLiC9ypHgMgr9VKFTfeKsSGbujtL0mRBNfY,Debbie King,https://play-lh.googleusercontent.com/-tEiHlpTpjN0/AAAAAAAAAAI/AAAAAAAAAAA/AMZuuckTMhzLi7qCIeZFIB6-P0dcyGXttg/photo.jpg,Mystery seek n find,5,0,1.0,2016-10-09 16:47:56,,
gp:AOqpTOHST1a5-5H8Bdq8M1fNrL759qZnpl07_0ZQzbMJlz8VSI1-dPOurzdl9TNfONabv2v4LLcsBFyveiHOseY,SJ,https://play-lh.googleusercontent.com/a-/AOh14Gjn3JeET-ua1Xh2zcot1ldxWwoYc9FyaWuw6FuM,I have been waiting for the next installment of myths of the world and was happy to see this one.  It has excellent graphics 😀 good long standing story line that you can actually follow. Looking forward to the next one ☺,5,1,1.0,2016-10-09 15:09:33,,
gp:AOqpTOEnYHeothOyV4Rmbmr-HHoOx4-9uDgos0K8g1GNnFKf-CMS03N4hGjH64l33ayiAY5m_7XJtrDJjFFIx-Y,A Google user,https://play-lh.googleusercontent.com/EGemoI2NTXmTsBVtJqk8jxF9rh8ApRWfsIMQSt2uE4OcpQqbFu7f7NbTK05lx80nuSijCz7sc3a277R67g,Love this game so fat,4,0,1.0,2016-10-09 10:50:30,,
gp:AOqpTOGcvnTTKr5PC8dfM0LkFy2YPNuWQd9YjRTI5T97To6k1i-5Ph4keY5IAkjA4npMmT5hTY3W6CPqfTWugK8,Jan Evanoff,https://play-lh.googleusercontent.com/-ldV2JMfHmuM/AAAAAAAAAAI/AAAAAAAAAAA/AMZuucmJQ2AMJXp-2uaLkZM_IfeG0Uiurw/photo.jpg,"Good long play w/all the whistles & bells. Eipix is on top of their game. Only complaint is get rid of the silhouettes in ho games. When you're playing on a phone it's  pretty much impossible to figure out what you are looking for. And I like mini games that are not too taxing. I play for fun not abstract thinking or to brush up on my geometry/math, etc. Also like the games w/a map that shows the morphs, collectibles. More of those would be be nice",4,43,1.0,2016-10-09 10:41:30,,
gp:AOqpTOEN7dofapbZyNQPxqd2ckrTENLOYz6RWVJPEtRVU1RWG3On4dl6pijI3Z3Tl6FteRtTGX7o7nJjp3-yqPU,Patsy Ward,https://play-lh.googleusercontent.com/-qwH6xhsFNEk/AAAAAAAAAAI/AAAAAAAAAAA/AMZuucnuPJfxgQ7SQCQB9vOM8P_f7ON10Q/photo.jpg,Great game,5,0,1.0,2016-10-09 06:57:38,,
gp:AOqpTOEdCYvbTRPQ473pURZMyOcPU1-12DHZtjPznM-BB6xGM03gq1V4nXVKdRiYuElqq8FGDMVI_NGCIDqLxFs,Christian Toftegaard,https://play-lh.googleusercontent.com/-Uy-G3qum2Vc/AAAAAAAAAAI/AAAAAAAAAAA/AMZuuckYZKoQFSHock2neOjaIXBo9ST4_g/photo.jpg,Too much other crap,1,0,,2016-10-09 06:34:19,,
gp:AOqpTOFwgEunbDwp8BR1DQkMmYPdlF19yoe5M_IHmQn1foW5dMneALgvwjODrfrlpK1Rd1xPLPrBAV0Z06BKgS8,Judi Thompson,https://play-lh.googleusercontent.com/-Wz8REKN_hXo/AAAAAAAAAAI/AAAAAAAAAAA/AMZuucmwuOdHJpLCFYTtg0M68WmYGq4YuQ/photo.jpg,REALLY GREAT FUN GAME,5,1,1.0,2016-10-09 03:56:26,,
gp:AOqpTOERY0HJQC-w3Ax9Ld0TP9Yq-v46JW5wE4RZfcbBg3O_lHZymMJRTXJxj1GMfBYD83vzbh1QNKnU8tyZZk0,Melissa Ulysse,https://play-lh.googleusercontent.com/a-/AOh14GhDc5iHk7GM9bZp5ZG7-oO8NHdaZEjLJOPqW3IgYQ,Good game,5,0,,2016-10-08 20:14:17,,
gp:AOqpTOGcihZe2eEQtWcblsfxSgXzQe9teD04Y3AR7YOqhAN01P4CAKeXQMR04CgnTq8RJlZWnM8I74ZNGyg-dj8,Aileen Robinson,https://play-lh.googleusercontent.com/-1OQ5PyEO2cw/AAAAAAAAAAI/AAAAAAAAAAA/AMZuucn9tBCRYJFZWeUdeuxZ8vOG20SSvw/photo.jpg,"Good  story,  good  length,  good  graphics. Lots  of  different  HOPs but  mini puzzles not too challenging. Rather  too much going back and  forth for my liking but an enjoyable game. Useful interactive map and  strategy guide",4,3,1.0,2016-10-08 18:41:36,,
gp:AOqpTOEmHmUlJCje3trQvWjgymk044v2gukTq9Nw-Tm4z4lj4pQrFdIfp-v43HZIW-JoX_uaMf5pFnqtC4kx11o,Gema Trevino,https://play-lh.googleusercontent.com/-5_WuG9O6Hj8/AAAAAAAAAAI/AAAAAAAAAAA/AMZuuck3d1ByYNM9uxAMbjUbquJxhkljFA/photo.jpg,It looks nicely  game thank you fish games!,4,0,1.0,2016-10-08 17:14:15,,
gp:AOqpTOHP4cV2WrucT24VMiWrxAFghm1OWFtAclku0CPDfIzItzuFjHGtGcoivwByqCe2WYgmTUCZ2f0ax4HsMzg,Kelley James,https://play-lh.googleusercontent.com/-MxgvyU9RN3E/AAAAAAAAAAI/AAAAAAAAAAA/AMZuuckY1o0u7xPAgkAvXmnnbIbODuoQGA/photo.jpg,Lots of fun,5,0,1.0,2016-10-08 16:44:36,,
gp:AOqpTOG5G22H43o0PMb0z9Hm2ncP2s803CMJW2ERBH2KeYY5R5k6L0VZo_Nc_D9knE8Eykrpo8gKFY5PpfMygLk,Vicky Sherratt,https://play-lh.googleusercontent.com/-owH_DIYiU0Y/AAAAAAAAAAI/AAAAAAAAAAA/AMZuucnSnh1Y9Q2gm0Hto6J2wP9ESV47mQ/photo.jpg,I love all films that have eipex as the designer cuz you know the graphics will be amazing. I enjoyed the game with its different HO games,5,0,,2016-10-08 12:55:28,,
gp:AOqpTOEdn7AhBQJJZ5o6Zehrw-UO1f7PeZtj3uc5r_S-iwSjRaNZX3BeL6eo4yZrnx2YOuJBrAdostg1Ri9r69g,Debra browner,https://play-lh.googleusercontent.com/-lMIr9Ho0gdw/AAAAAAAAAAI/AAAAAAAAAAA/AMZuucmnKsxzOVFOt0tIFMW4MjdDfJcWmw/photo.jpg,Great game wish there was more of them,5,1,1.0,2016-10-07 18:53:55,,
gp:AOqpTOFq6m78GoHDTdArkhl9wqhjYe-TGxVzQfBz_JOI-iZjCFU6sz07OTeD3QBVniZ3GmlpClDvW62lV8eYZ3k,Anne Valentine,https://play-lh.googleusercontent.com/-wjnuTtzDC_M/AAAAAAAAAAI/AAAAAAAAAAA/AMZuucnXQjaP0yeVMPKnU1GIg9Ds1HZFBw/photo.jpg,I haven't played a game as nice as this in a long time and I play a lot of hidden object games,5,2,1.0,2016-10-07 14:35:15,,
gp:AOqpTOE0u6hLZXDPIQ0Kdpn3H08RaFQzRJaXtRxlYYvp_wvRifaM6J16JjmEPMgnatGkT2pgkmxCqTjeeOZ7_e0,Deb Winemiller,https://play-lh.googleusercontent.com/-hbV5SA0WeVo/AAAAAAAAAAI/AAAAAAAAAAA/AMZuucnSc1TXA5jZLRUpCsFsQ1CepC-CDg/photo.jpg,Great game. Just got started and so far job well done.,5,1,1.0,2016-10-07 10:31:09,,
