reviewId,userName,userImage,content,score,thumbsUpCount,reviewCreatedVersion,at,replyContent,repliedAt
gp:AOqpTOH9NckKnEdIZK8HWK6-5mJGsDq0YVhp-lMt1vLtaPMoG6U-8tQ7ABIprfQoFw8o2PSdLPgHhJRXU5my-GQ,MADAME 5719 Discord for MADAME MATRIX,https://play-lh.googleusercontent.com/a-/AOh14GjHAJ-KPuh6pwYWkuFw5RYrCYrNu21fjFS8rePQpg,"HOW IS THIS GAME FREE?!? ....UNBELIEVABLY GOOD 👏AND VERY LARGE OPEN WORLD TYPE EXPLORATION ! I play daily I am addicted started playing months ago and Was blown away by how 👌great & EXTREMELY DETAILED STORY CHOICE BASED OPTIONS ARE SO IN DEPTH! 💯 Its been over a month of reg daily play & still being surprised! There's so much effort in creating this im shocked its free!!! TY AGAIN, HOPE U CAN CONTINUE UPDATING. 💡(ADDING [SKIP] OPTION 4 ENEMY TURNS WUD B GREAT) 💯B👍R👏A🙏V👌O💯",5,0,1.20.3,2021-02-10 03:01:20,,
gp:AOqpTOEhvfivIipOTSVODglrj5tOtLNFbjl9Xq-Ijh5cv-Te-5tYX4nF77qB6R9AtqkP3flHsVaPWpk13QMOGAc,MARK ANTHONY PABALATE,https://play-lh.googleusercontent.com/a-/AOh14Ggr1Es9eudgLh5Dyjuv7D6PZo87TurxMjBK9oEe1w,Nice game and story.. no part 2 of this game,5,0,1.20.3,2021-02-09 07:15:10,,
gp:AOqpTOG3BxnQc6gbS6rSGSefZpl4uVw1WF319E-WkIiZBhUQcGGNZKYRNZLWmhY6LyI0xE9FmElXFfa5TcN9vF8,KlimBoom Games,https://play-lh.googleusercontent.com/-ofPfvs7hTrQ/AAAAAAAAAAI/AAAAAAAAAAA/AMZuucmaaN0t5tzI3FGue5GlTQeBVnIbvA/photo.jpg,"Detailed world with a great eastern european atmosphere. Im pleased to see charisma stat, or personality in this case, actually matters. Crafting makes sense and resources are scarce enough to keep it interesting. Enemies are tough, ammo is always low. This game is a thrill to play, even on my MaraX mobile. Great job!",5,0,1.20.3,2021-02-09 02:45:57,,
gp:AOqpTOHa8RCwd5o8LaU1uoF8NNY-VGIk8-Gqs3c2WBlO3B2CG05fDkrkw2k8i4HzXG8X1gUv8i3Gz7jgV9cB-q8,Giannis Android Game Reviews,https://play-lh.googleusercontent.com/a-/AOh14GhmsX541qYmKk8Cy_ruEA1oRsEk2CetCVN7gS9m,Awesome experience for the previously made for pc game. This being available on mobile makes it a greater experience,5,0,1.20.3,2021-02-08 10:14:31,,
gp:AOqpTOFWMJY1zbAKmRxXaXoVqqHzZn5PcKNyHcnYW9OtMv5at9UWESAbo9CobPvnMTuivlH_Qvvbz_C2BrnvJKA,Ita Ita,https://play-lh.googleusercontent.com/-zTPaw-PthbY/AAAAAAAAAAI/AAAAAAAAAAA/AMZuuclIL7hE0y01r65vy54XkPjC1jycww/photo.jpg,"Just what I have been looking for. I am sceptic gamer. I read and re-read reviews before getring this one. And I am graciously pleased. It's the fine details that get me, the care given to make this. I give the devs 2 thumbs (and 2 big toes) up.",5,0,1.20.3,2021-02-07 10:06:51,,
gp:AOqpTOEBQkjk1Jn70vWqXlad34GOukCm-4SgresU7zw6atfrKhShlhG69Ruwk917nNfuPmRL9N-OtA3sPYd86hY,Jan-Georg Krüger,https://play-lh.googleusercontent.com/a-/AOh14GhaiL0hunxMzWoaiWUSzjohOOQ3R4roZoh5XgYvQg,Nice game like Fallout 1/2....,5,0,1.20.3,2021-02-06 07:22:57,,
gp:AOqpTOGXc7h7Xso8p_LcTyLM2HBLD9JlCPhwZehST7JKpyFBD3Jxk7QOicN6t-tWcT4SYqS96ep9Qjd6toKW4yM,Sergej Chatkevic,https://play-lh.googleusercontent.com/a-/AOh14GjBwLfajTo9L4Pz8Cd9FytwjOwXDc8DfB3PDeRC,Never played something as good as this on Android,5,0,,2021-02-05 11:00:45,,
gp:AOqpTOGOHmeuAj0UrG2OidciHicVt6ztkcXkfrfrD0l5wq0f8DRLNLsDWi0oqi5RLUklO5uTBXpVk7Q7RBecI4M,Jay N.,https://play-lh.googleusercontent.com/-7LABJkAL0FI/AAAAAAAAAAI/AAAAAAAAAAA/AMZuuckYaNeTnP1KTaS6BUhJAph9W2s6jQ/photo.jpg,"Tiny font even on a 10,8 inch screen. Cannot see what my character's stats are without a magnifying class, and character build is one of the most important things in this game to get right. Not refunding, but if this isn't going to be fixed, I will request, as it's completely unplayable this way for me. The PC version's font is perfectly readable on an 14,4 inch screen, for comparison.",1,3,1.20.3,2021-02-05 04:04:26,"Hello. There are two types of screen resolution in the game - for a smartphone and for a tablet. Probably there was a bug in your case. Moreover, your device was not detected by the playmarket. Please write to our support@atomrpg.com and we will help you + try to fix the problem in the next patch.",2021-02-05 04:22:40
gp:AOqpTOGSr2XoSOFQl2kNIuYDCpsj3ssPyma5vHzKgXIy3aWbvnwIgeFlbxA8cCnuCg_MGEdeMeMtl3ZsZ0O7Cw0,Mike Elsass,https://play-lh.googleusercontent.com/a-/AOh14GhtvSn7mWzgRMOW2b7tEN4V2jiVOl9yspMLNxRB8w,200 hours I've put into this game and honestly I didn't want to stop please give me more I'm begging you \\\\ what's the time Frame looking like 😆😆😆😆 I just need a lil info help relieve my nerves......... Please 🙏🙏🙏🙏,5,0,1.20.3,2021-02-04 03:52:06,Hey! We are in progress :),2021-02-04 01:08:21
gp:AOqpTOEqYtdMSCiGuDP8VBpYsJjcGxRrjzs91MRg5WY1KKy-mPIID0INJoPeNyZZWlrPub4gvJmVwWa1sXBFNiE,monkey club,https://play-lh.googleusercontent.com/-jTDH0U36S74/AAAAAAAAAAI/AAAAAAAAAAA/AMZuuclGwyvtcLuCK3dZ10NQnKIjMFT2WQ/photo.jpg,Very good game tack a wayal to learn Nice graphics top job 👍,5,0,1.20.3,2021-01-29 23:18:32,,
gp:AOqpTOGdaYwX_IrG1r5z4bpu9etHzgfEFt8oQsi8eWw8DZ1E5-g79hYGAjyuMHhJiUl3sQLwQTird7LlUOThvlk,urban oslaj,https://play-lh.googleusercontent.com/-HykxYrgbIZQ/AAAAAAAAAAI/AAAAAAAAAC8/AMZuucn55cLsRD9C2O41qg1MyUnKIFhRGg/photo.jpg,"Ok so i bought this game on a whim not expecting anything i was looking for good fallout like rpg on the phone. And i found it, dialogue and the world are emersive the combat while a bit rng is very responsive and feels good, aside from that i only found two minor hiccups, the movement and camera being clunky and my frames tanking while having the search function activitie while in settlements with alota items. Otherwise i recommend the game alot!",5,23,1.20.3,2021-01-25 22:13:29,,
gp:AOqpTOGp3NoF078qJTTnDzezX1yxPiTaa_LplNukNxS_Pp-gEZ1h1_CuyfQ2AQiIIxPqLaRAmRgthCtDZuJbdHo,James Staniswalis,https://play-lh.googleusercontent.com/-Euvmtg2yYbI/AAAAAAAAAAI/AAAAAAAAAAA/AMZuucmBFfix5pzWf0WdkPWwUHkKaCFThg/photo.jpg,I made a pretty expensive mistake. Not very well optimised for mobile.,2,0,1.20.3,2021-01-24 16:57:06,Hello. Our game is very well optimized and your phone is defined as a high end device so there should be no performance problems. We recommend you lock framerate on 30FPS and change the graphics settings if necessary. If you want to make a return of your purchase - write to our support@atomrpg.com,2021-01-24 19:34:10
gp:AOqpTOEZ23oDDPzKExr_Xh-kdm6gJjBX56S3nYGkjgZqG7fRFirvp3Mum6OyorbtnbLndl-4rvIDLW2gYSqqako,Oli G,https://play-lh.googleusercontent.com/a-/AOh14GjAfJa_XjPVgv382KmFxzBn0wlPXZ7LcOSlJ_kkmA,"This game is amazing, cionsidering it's a mobile game! I have no doubt that this is the best game on google playstore! I also purchased the DLC and really enjoy the HD gallery included! Although this game is perfect, I'd really like to see a radio that can be played in the background, that would be amazing. Somehing along the lines of Fallout 3 / Fallout New Vegas radio.",5,8,1.20.3,2021-01-20 14:39:24,,
gp:AOqpTOErHBn0Mi5ultHMLXUcjJiq1ehEmYBRHAbgDS1U8GgaTdDh2fZwqt9Z8oKMwHmVbUvvOagyNdt5IJq7xZE,Craig Vincent,https://play-lh.googleusercontent.com/a-/AOh14GgeMzr3e4U3Q1tokU8PtvOkmbj_SFWw75HJ9hRQcw,"Absolutely excellent. As the initial game of an indie studio, I can't recommend this game enough. No pay-to-win, and I wqs happy to spend a tiny bit more for a sneak outfit and knife thay I stilll use, 30 hours in. I'm ready for the sequel!",5,0,1.20.3,2021-01-20 10:23:15,,
gp:AOqpTOGaOCI_97VLUm22-e7XQCWdwaGEq8Yxs2eNGAcNBHkCje027EnqTKkHoBjEaeTeY4GlYtM-64v5B6-HZto,Jevgenij Kiseliov,https://play-lh.googleusercontent.com/-qCPOqNJrrv0/AAAAAAAAAAI/AAAAAAAAAAA/AMZuuckf15ioniyisFJ0vkpqNwfbo7N59g/photo.jpg,"Awesome! There are some things to improve in control, but generally its the best rpg on android. Who knows fallout will agree",5,0,1.20.3,2021-01-20 09:58:40,,
gp:AOqpTOGy9PaUMFvtznZ-VlAi4rwrtMbLoDzyZBTU3ZVMG_N-n1lly3zGKUs7Ptq7d4B-rgiQ0PlMgLMIkGOjn3s,drumin gypsy,https://play-lh.googleusercontent.com/-edNL-DIzoBQ/AAAAAAAAAAI/AAAAAAAAAAA/AMZuucmALmqP4sh_u-RHjN6Auulp_yw_WQ/photo.jpg,"Totatly stunning, its satisfing as what I dreamed fallout3 could have been. Pc version is the one but im certanly good with portable. My PROBLEM is hot hot phones. Sony z3 2014 can play this but not well touch is buggy so I would like controler support. Otherwise my sony XZ2 this game is AWSOME n works great but eats battery and heats up more than running Dolphin so. Im not asking for any fixes as of yet Just info for people, anyway thanks for what you guys do.",5,3,1.20.3,2021-01-19 16:16:47,"Hello. Thank you for the nice words, we are glad that you like the game. In case of extreme heat, we recommend lowering the graphics settings and removing the phone from the case.",2021-01-19 21:21:47
gp:AOqpTOE92J14heOn4a9zdxqK17OfnYpEe84kypw_A9ktGvL488HIQhofrNUlVE_Td9yprjr1Wbb7wyswy81V6nM,Tristan George,https://play-lh.googleusercontent.com/a-/AOh14GjZZa_F6K_KnhpdS8JdzGqaW_l7cjGF1SrCYNJG,Pretty sure interface issue is still a thing.,3,0,1.20.3,2021-01-18 15:47:29,Hello. We added the ability to customize the interface and worked on its usability. What problem are you talking about?,2021-01-19 21:24:37
gp:AOqpTOGCoa3dUPlWHNpm6MFSwBbzs8Aguj1Iw9OZNeW1FHXTakydt1dn08zEDSmgroGPi0y-oSHPmldb1Ufcj0g,Wayne Mason,https://play-lh.googleusercontent.com/a-/AOh14GhwkWrUjJt1IZH_S273s_x1SlQLgoIpPDhyXnZ7,Fighting controls are awful,3,0,,2021-01-18 13:24:31,"Hello. We plan to continue improving the interface, especially its combat part. Hopefully, over time you will appreciate our work.",2021-01-19 21:25:46
gp:AOqpTOGMO3vbTi6jbsvmcpwR8DslGO0m7zsBprcBU3MAgW1FCGadj5gmoVac68oGii2tDVyVdb3A5O45NpAEOEo,Alexander Blunt,https://play-lh.googleusercontent.com/a-/AOh14GjK2eGT9I4bu2jWKVtJflilTCf5enpQs70-sMnh,"I want to ask, is there any plan to bring trudograd on mobile? Keep up the good work, we are waiting.",5,2,1.20.3,2021-01-17 20:14:40,Hello! Of course but first we need to release Trudograd on PC.,2021-01-17 09:52:59
gp:AOqpTOEaFzyWPgKpG7enouCTXS9NNmGSpYe6RWCBrKNV3aYRu2Bx-drZ8XR_8b_4RKleM2rGafWhK9rtRjM5f0o,anivar G,https://play-lh.googleusercontent.com/a-/AOh14GhAkY79qEC1YOyegGFqQC0vy3xZZqb399px1gux_40,About an hour in pretty good but I just wish there was voice acting I would've payed more.,3,0,1.20.3,2021-01-16 13:51:36,"Hello. Unfortunately, dialogue voice acting is an extremely expensive thing, too much for our small studio. So we had to do without her. Hope for understanding.",2021-01-17 09:51:48
gp:AOqpTOEwg5KWgSQ__xRGxspjW2XUrzTEHcnte5-73_QvbyAjJnFJ4Jngzs8XRCg6ClF6177zhJ8q9OChFJSDghE,Einsamer Bär,https://play-lh.googleusercontent.com/a-/AOh14GhmxTLc2BjLfzVAyOuS8kl-b4H59aLz6eGuoLYX,Great game but just realised this is steam ported game to mobile.. Still awesome tho coz not so many game ported to mobile & I can play anywhere lol.. Btw is there a way to play with mod?,5,0,1.20.3,2021-01-14 03:42:00,,
gp:AOqpTOFAa_BkU4-KfVdJxhYcvV6Kgp0LOETyQ18aU-7NgeCOPw4gA-vsSZEQQW5tbem6iYvZiVC8bHQT9F7KjqE,javier dorcas,https://play-lh.googleusercontent.com/a-/AOh14GgdhRh5UK5QBuaqtgZAQhTWbtszDu8VHWAiHQ-Vxg,Excellent! Just that 90's style rpg that I love!,5,0,1.20.3,2021-01-12 16:41:29,,
gp:AOqpTOFVLAcHoouc3yFVCMPhvknTtG3L70VyuVfr6FC5uGhxViBSkjzle6gycDROYeO9pHYtHCu6ZrcpsnkDNR8,Ruben Padilla III,https://play-lh.googleusercontent.com/a-/AOh14GjxXSIZj41ych4RJSKBD0hEBRZttIa-FX5qiW5ZDQ,For some reason my review was deleted. I am enjoying the game very much and expect good quality rpg's from you guys in the future.,5,0,1.20.3,2021-01-12 14:25:53,"Hello. Developers cannot remove reviews of games. However, we are grateful for your kind words. Thank you!",2021-01-13 01:19:13
gp:AOqpTOGLlm54sgcaMO4RL58eeNsanwHvlyGbZOMPzVGkB55MOQtbeC93pCj3zjFxrt4QtTUvbERM3OhDD_QIo9k,Eivinas Smolskis,https://play-lh.googleusercontent.com/-z-U2mr5MdcA/AAAAAAAAAAI/AAAAAAAAAAA/AMZuucn6w4nVIE6EtQgdzR-iADAUgaG4Bw/photo.jpg,Best game in app store !,5,1,1.20.3,2021-01-11 06:59:48,,
gp:AOqpTOFmwyeuxwDWotzt7hdLYQQ_vwj9yOKQwy5wlzfRp1DUpXloPbFYzVHVDUlP5jdZpypkbJmbAkgguzAV2WA,Misha Pinsky,https://play-lh.googleusercontent.com/-JYaTS84pUC4/AAAAAAAAAAI/AAAAAAAAAAA/AMZuuckc_Yxw5aZokUWS8LXyjL1ET4vysQ/photo.jpg,"Great game with intersting story, cool quests and characters. In classic fallout style with better grafics. Respect to developers. Waiting for continue...",5,4,1.20.3,2021-01-09 04:02:16,,
gp:AOqpTOFJ-ur9vpSO78xlrnIfHKJXww1pXoJ9te6nfSJ-4lZQSKn4FQ29Kqa_AWN9n_8kefEeUfWPTprSP55IltY,Thibaut Laguerre,https://play-lh.googleusercontent.com/a-/AOh14GgS0etuxX_7gCnX_55iuUhgcCRpok2Kl5XJJ45yDA,"Jeux exceptionnel, graphismes et gameplay incroyable. Je recommande fortement. De plus je remercie l'équipe de sa disponibilité et sa réactivité lorsque j'ai rencontré des difficultés lors d'une quête.",5,0,1.20.3,2021-01-04 01:02:34,Hello. We have responded to your last email and hope we helped you. Is there anything else we can help you with? :),2020-12-25 09:17:28
gp:AOqpTOGD5EFsG5uJSau2duzinGQu-4qlxbTrCndqM52J8cdmewj_knKshAPmY2gBxdNs58IJjlR0CCQfKP_Z0Vc,Aidan Hatter,https://play-lh.googleusercontent.com/a-/AOh14GgO0Z6DRd64hzqR4OCdS1tOK9v-Ilqjy1QkREHI,Perfect replication of the first fallout with a different story. Would recomend buying the game and the .99 dlc.,5,1,1.20.3,2021-01-02 10:54:57,,
gp:AOqpTOEW-LYzp49V7VlClAgv994SLmjubOJzAhlGMUHG4rQLP5ABzLRZBLiWXPYd5C7OXpCdBPMqQlzpoRgrOPo,Mohd Abid,https://play-lh.googleusercontent.com/-IENZfVQvoGw/AAAAAAAAAAI/AAAAAAAAAAA/AMZuuckgJ-I5h8rEyCjcYAFiHLfiQyPeiA/photo.jpg,This game is worth to buy and play..seem very realistic just like pc version of fallout.trust me.this game is very fun to play to those who like survival story .this is the choice..,5,16,1.20.3,2021-01-02 00:29:29,,
gp:AOqpTOE-UcNLjnwUEGSdurTbZni4EeMbafd31019dPLzTs1e_pHy86v3mUHVI3KX-ARyS8QhBH2nxfzKsC_rKes,Shaun Pangburn,https://play-lh.googleusercontent.com/-RmPaggMKrC4/AAAAAAAAAAI/AAAAAAAAAAA/AMZuucntAEtEcNgDVo8KCEViigfXtkIMWA/photo.jpg,Awesome game favorite game on my phone right now,5,0,1.20.3,2020-12-30 23:15:41,,
gp:AOqpTOHtlEWXJop9l0Ha8bB3RysreyOioDkHIBmjwgJ_bLRau4SPSgoNLo7NmjYCr1Nq72hSOupkSeUtQMSbGSE,marvin rivera,https://play-lh.googleusercontent.com/-pRdv-sGsn9g/AAAAAAAAAAI/AAAAAAAAAAA/AMZuucnBhFWI82a3GnsqEhs0zSRG3mylkQ/photo.jpg,"At last, this is what im looking, like fallout, love it so much.. but where can i get the kickstarter code?",5,0,1.20.3,2020-12-30 18:42:39,,
gp:AOqpTOEKmxa6Qx-o4bbA03C6zPeeOEfYKf-T5sYA5LXe0n4It7Hq7uvVUGXYiS-Da_K4OE37i6CLiP8IeMEbFas,Roshan Prabhu,https://play-lh.googleusercontent.com/a-/AOh14GhhKC52xCAC8eT3y_MMuT6sVeDoq1msNQEkruyg-Q,Looks too outdated. Not intuitive. Requesting a refund,1,0,,2020-12-30 18:18:54,Hi! We working on QoL features can you explain what we should do better? Thank you! support@atomrpg.com,2021-01-03 12:29:13
gp:AOqpTOH5NL6peQsKoa_v1_sl2kfjsJZ5Zcw4DZ-YZ_LCIrZdg0cQHCLrbqBLgS-k2l0V_kT5Wxkjon998V0HPu8,Aether Vagrant,https://play-lh.googleusercontent.com/a-/AOh14GhN_H_urdUru-dwx4lv_TekozoyYXsS1cQOwlpTpQ,"Great RPG, similar to old fallouts. Many solutions are not obvious at first, and the game rewards creative experimentation. Port runs a little clunky on mobile, and interaction is more tedious than with a mouse, but it's a full scale unity rpg from pc with no corners cut for phones. Runs tolerably on low settings with even budget hardware, quite an accomplishment. Edit: recent update killed performance on my phone.",4,27,1.20.3,2020-12-29 17:12:08,Hello! What about performance after the update? Can you write to our support@atomrpg.com? We will definitely help you.,2020-12-29 20:28:03
gp:AOqpTOGdyFiyWn9JW68e620DPH5F48pEAE2kqaEAAT6DgwhLLqucTSOG5pUX6AiTDLhxKDo07tmKJ61R-uvneeM,Nigel Jakobs,https://play-lh.googleusercontent.com/a-/AOh14Gga4oB0KKNCXLz8LqGL384x7anYomInuUZvURkYhMo,So complicated I wouldn't waste your time. Ok if it was a pc but to wade through this on a phone is crazy. Zero development put in for phone use.,1,0,1.20.3,2020-12-27 23:19:15,"Hello. We are constantly improving the game and improving it in every possible way. In the last patch, we added the ability to customize the controls and this greatly simplifies the gameplay. Besides, you can always lower the difficulty level of the game :)",2020-12-28 00:00:11
gp:AOqpTOEZ7Hh0fAeJyL8lXF6zfOS3Xe6Ath8FRwCJfYQK4W7CMvllg1LQW_aDbG0p5OzrxQ72MCBD0C1i-6j1xBw,Nathan Holmenschlager,https://play-lh.googleusercontent.com/-Xgbyc83KsEE/AAAAAAAAAAI/AAAAAAAAAAA/AMZuuclSbrkEM8ckvawWib___roQrym_pw/photo.jpg,One of my favorite game on phone,5,1,1.20.2,2020-12-25 14:58:12,,
gp:AOqpTOGEI2RivSzewDw8vvqJC38B9JxLwfv1Yboy8ekUQ44UDZpPPTfGv2kYE3ebbMzhiXq0BUME59VD5eor80w,Winston Moses,https://play-lh.googleusercontent.com/a-/AOh14GgsVkXTf5DPeyNbW-2aoeHsD9FB3PVTprJPhVuo9A,Love it! Fallout 1 and 2's russian successor,5,1,1.20.2,2020-12-25 10:24:47,,
gp:AOqpTOGpH8JiLfwJqwSMFP5g6HGJTAKFvlwEvcHP9QSL_rQXwGs5XqhZZHKeNKeSDu_WXWuvIpeNPZSzF3SLTKw,Jay Jay,https://play-lh.googleusercontent.com/-91B61_37BnM/AAAAAAAAAAI/AAAAAAAAAAA/AMZuucng0xSkXGe0lK-yj3F78C9bViOa1g/photo.jpg,"DO NOT BUY THIS GAME. Game controls are unresponsive and awful. Trouble even scrolling up and down just in settings. Game does not register camera movement or zooming in and out until numerous attempts. My phone has NO trouble running dead cells, stardew valley, minecraft pe so this game has serious control problems due to bad programming/bad pc port. I would love a refund as the game is unplayable. Can't even hardly get thru the beginning! Who came up with drag item to equip? Try a equip button",1,9,1.20.2,2020-12-25 08:07:57,"Hello. Huge number of players have no control problems and enjoy history and gaming experience of ATOM. Moreover, we are listening to our players and have added extensive customization of controls in latest update and it works well. So if you need, we are always ready to help the players, for this you just need to write to our support@atomrpg.com",2020-12-25 08:59:20
gp:AOqpTOG2ou7CZn9xJ4bOk-SOI3MOi-4-uEH3yLdymII69_JLB9Ss1IG5Jh_k2vBQ_nruGaAQ7qL5trbAyBN9j6E,William Wade,https://play-lh.googleusercontent.com/a-/AOh14GgZcrKq50KvZzO7gAZEUb6OcMrzkIUppMN0w9io3w,Games is fun but I wish it had controller support,4,0,1.20.2,2020-12-24 22:22:40,"Hello! Thank you for your opinion. We are currently working on support for controllers, but at the moment the first stage is implemented and the game already supports the mouse.",2020-12-25 09:06:49
gp:AOqpTOEZ7Fe0eKzy0KLXTu97MLIbw80wbo0nlWohZEqv--BZOib3ojvajalGxymXM7S9QNbVUMLdQSyujMh-qLo,Reige Carandang,https://play-lh.googleusercontent.com/-osJ0D0ZkRk8/AAAAAAAAAAI/AAAAAAAAAAA/AMZuuclXuF9nrXldoRNdWhCcFpuYckwfww/photo.jpg,Put that hand on me again and you won't get it back. I'm playing survival difficulty. It takes me hours and hours of game play then one day when I try to continue loading loading I see my game was automatically deleted. Five Stars with Happy Face to One Star with Sad Faces. One star to 3 star because they try to help me.,3,5,1.20.2,2020-12-24 01:54:20,"Hello, can you please describe how this save deletion happened by writing us a line to support@atomrpg.com ? We're looking to fix this problem ASAP.",2020-12-19 10:03:47
gp:AOqpTOHAP-ymhQUH2DxL9LnZON7gSZ6lQTaN9RZ06m3sJNTll340nYAK_M6g4K5MeOHWAKx5i6Y8lyk8AwOeMnM,Central Intelligence Agency,https://play-lh.googleusercontent.com/a-/AOh14GjE82EF_2_8rLZNqFAfaOgYUTnc5_VoWJb-qxpMRg,Would recommend. One of the best post apocalyptic game. If you enjoyed fallout 1 and 2 this is the game to your liking. But I have a problem with the ending. After the credit if I click continue the game will just load a previous safe before the end mission. That means I have to do it again. I tried it 3 times and the same result. It's kinda sad you can't see what happens to Karsnoznamenny or the red fighter as the narrator describes. Idk if it's intentional or glitch. Overall nice game.,5,43,1.20.2,2020-12-22 19:58:42,,
gp:AOqpTOGUc1m_7iLZHS9VqNEoV6q9HnodinqhUs_zdAg8NOMJg2stEcP6OFahXAZzQ4Q3Kn1uV-Or6r9EQLLYIaI,Matthew Yates,https://play-lh.googleusercontent.com/-VN7Fa71MOpg/AAAAAAAAAAI/AAAAAAAAAAA/AMZuuckAFSKOCZJaEV7dQ0LYyzyP0K7rVA/photo.jpg,I am really really excited to play this. I need a good survival fallout inspired rpg for my phone. I look forward to coming back to five star this after I play!,4,0,1.20.2,2020-12-19 22:09:21,,
gp:AOqpTOG-U8k_4s4CAaBEHzZ-r6g9M1y9X21AzFKCc9c34TT3SMNCEzD_B6TRrCwFT1t7DS6ERtWqbnp8mSOUnZs,bert lancaster,https://play-lh.googleusercontent.com/a-/AOh14GgNQ7oraFwhzGJ5qLR4HnNiRHDOg6YQbF52k6Yo,Fun game but buggy.,3,0,1.20.2,2020-12-18 16:51:29,"Greetings!
Can you please elaborate on which bugs you found? We're actively working on supporting the game all the time and if you send us a bug description to support@atomrpg.com we'll fix it ASAP!
Thank you!
Atom Team",2020-12-19 10:04:17
gp:AOqpTOEaz93VwBV43w66QOo__lERBKwL_pbjXCN-0o2EzXXzM__4tyjX9vCj4p6QfmY-_d5wMgMwypHkjDeJMOQ,Amer Emam,https://play-lh.googleusercontent.com/a-/AOh14GhF2VBs-LSW_Dn_urUNRlmDRDQo_y8HToXrX3qJ4A,"Hi, so I'm a Huge fan of the game, really loving it and spending hours playing it, but I believe the game is not yet ready to be called fully obimized for mobile devices, as I'm still seeing descreptions belong to pcs and stuff, anyways I bought this nz-75 helmet but I'm stuck, It seems that there is noway to turn it on as it requires you to "" press use "" to turn it on, and of caurse there is no use button to be pressed as I'm playing on a mobile ! So pls fix this ASAP guys",5,10,1.20.2,2020-12-17 21:41:04,,
gp:AOqpTOH_XBGU6mXhDS5_ncm0oDRRohVZ0RB-apGqPfeGQt3knt-oSzu0ouloRW4B2-mGmNcaK4xAn6sSDCnLcLQ,Victor Barbus,https://play-lh.googleusercontent.com/-94C8-8QEh7o/AAAAAAAAAAI/AAAAAAAAAAA/AMZuucnvNvu1K30RAr6Z8BeVxwQBzCRpeA/photo.jpg,"Awesome survival RPG, with Fallout 2 notes that will make any nostalgic sigh happily. The Android port is not greatly optimized and it may be a bit slow on mid-range phones. The inventory menu needs a bit of tweaking because when switching between tabs it seems to forget some items that you have, only to remember them again when closing and opening the inventory again. Over all, great game. I haven't played the PC version.",4,15,1.20.2,2020-12-17 00:55:30,,
gp:AOqpTOFC6Ks9FzQx-yI9QGkuDJo_PVdIEqLMoIdIRlzN6_4xMnHcY-pYQZ344mRmJbmcmMTCZsZWdm7V5-RdLnY,Louthor,https://play-lh.googleusercontent.com/-XK077RmEBM0/AAAAAAAAAAI/AAAAAAAAAAA/AMZuuckM85PsFxKoEPFYT4mUuBHH-93mLw/photo.jpg,"Game is great only watched Fallout vids and it does come close, might even be better. Looking forward for the mobile version of Trudograd expansion and will there be an option to transfer character save file?",5,0,1.20.2,2020-12-14 22:46:27,,
gp:AOqpTOEWa5qVs427TdAVI9iYhUVDkrZtTz07PmtkGa-goAElEWwHu9IagPOeSoUSgxQrz3D9yy1bFsOgFhlcIrc,Erock 316,https://play-lh.googleusercontent.com/-g6pJBnqcv8A/AAAAAAAAAAI/AAAAAAAAAAA/AMZuucmNqTbCdf2KNqOUMgmJzvvKNw4ATA/photo.jpg,ggg,5,0,1.20.1,2020-12-12 11:33:49,,
gp:AOqpTOGKtZn2UP6ozbye5FKZvmj2feJtU2g7hG-jG84cAas-YtHvMncmWX4Mt1DWlDgLhOGy3z_Yk6grOG-EtiM,Robert Carico,https://play-lh.googleusercontent.com/a-/AOh14Gi0qhta6UXb-fDah4JVr58mcyzg5dL-g8irH8zldg,"Still currently playing and is very intriguing. Would like the add on wallpapers to be sized for android phones instead of desktop though. ,,👍",4,3,1.20.2,2020-12-11 16:58:54,,
gp:AOqpTOEnTAzJBLvZrASPLqZNkmRcMkAQ_e98k2-crbmQNpfTO23OQG6DS3YChzJStlW_gBv6t280JZCkUYqRJYg,AceSpade,https://play-lh.googleusercontent.com/a-/AOh14Gi_7y5sot5DsaSWGmh1c0t4FyzNUxELsLV1tDi4Aw,There a skill that still does not work..monster lore expert ability does not work..i cant see the enemy equipment or guns they are using..pls fix it..,3,4,1.20.2,2020-12-11 04:54:28,Hello. What skill does not work in your opinion? We always try to fix any bugs ASAP.,2020-12-06 17:19:01
gp:AOqpTOHrUEbBOKzUI4Dq9bKNAWgnK3T0KKtPbzVmLh4p8nfl0PCDtpVqxVJ671wbUV-oxbyCDzg1BVLd9gJAasI,Hqyden Kelsey,https://play-lh.googleusercontent.com/--2BUkhrH6CQ/AAAAAAAAAAI/AAAAAAAAAAA/AMZuucknz-5Q2ZCODTCNCAB-oH5dMOK38A/photo.jpg,bad ass game,5,0,1.20.1,2020-12-10 12:07:18,,
gp:AOqpTOF9hqrUWWwGUKoZajNNMFxWwfDPZTxZN_xc87AJ-XyvIoGW3Bc9gz4BCQJssGqOyuk-NZT3G9xuLEh0MbM,Jurijs Solovjovs,https://play-lh.googleusercontent.com/-YzbQDxw1eGA/AAAAAAAAAAI/AAAAAAAAAAA/AMZuuck6jsrekel_D27-Ya0MCSzQYr7e9g/photo.jpg,"Atom RPG, Xiaomi mi 9 , 128Gb . Midgame, 14 lvl character...freeze in a battle starting from second move ( no any buttons work) each second battle and only restart can help. Annoying and disgusting. The game is excellent , but broken. Regards, Jurijs PS: Yes, this is all about random encounters.",3,0,1.20.1,2020-12-08 06:38:45,Hello. Can you write to our support@atomrpg.com with a description? We will definitely try to help you!,2020-12-08 08:34:29
gp:AOqpTOGiPwN_HGi5gHwlXK36Kw1_XQ4pUhPB28bvSRDwx3Wb-emDOYgA59-iXvO6Uj5xQ12ODTkl74xKYg_wM4w,Matt Farrell,https://play-lh.googleusercontent.com/-u--SmciR-50/AAAAAAAAAAI/AAAAAAAAAAA/AMZuucnGRRp8r610IDyXw_Rn-r6YGtKVow/photo.jpg,"Unbelievably good game, though I'll admit it took a bit for me to adjust to the pace of it somewhat. It's a fairly slow paced game, and that's perfectly fine, just not something I've encountered in a while. Having tons of fun playing it and would recommend it to any fans of rpgs",5,2,1.20.1,2020-12-06 14:48:58,,
gp:AOqpTOFNUfcpYJV_shS-GhkY2ufpizMBjZjbQZjexyclU79UwzvAREB1eIdJGZypNh_GQK09BPho3rnqRPaPcUU,Alex Levi,https://play-lh.googleusercontent.com/-3nEbSSZ6n3o/AAAAAAAAAAI/AAAAAAAAAAA/AMZuucmhTlu9BfVYhefMdAAEpsOHF-T74Q/photo.jpg,This is a great game definitely worth the money love the classic fallout and wasteland vibe I see they made a part 2 to this game hopefully it comes out for mobile too I'd love to I continue on the story I highly recommed anyone thinking of buying this to do it,5,0,1.20.1,2020-12-05 06:56:32,,
gp:AOqpTOGt_2L9hsPypyXoISMprbqgkTTkyMV2Zehkl6SdYt81n7ftVTwffS9LNKh0I9RrkgqcqmkuNFwpaJo8O18,ToFu,https://play-lh.googleusercontent.com/a-/AOh14Gg_oUTbfjNJlNfvf3JAMW7cnmY2MYY7TkBVxDbH,"There are plenty of things that could be improved, but overall, I think this game is well made. In regards to controls, it isn't self-explanatory how to do certain actions, such as unlocking, precise movement etc. It's also not clear that you can scroll down in the settings. Still, I recommend this game, it's fun!",4,0,1.20.1,2020-12-05 04:28:15,,
gp:AOqpTOEvQFFZPStml9Svy41WnbA_FWFmJOl4sGDxKMeM9LQFw8Eizi_pp4Aq3D2hJuyLgMCnghx9T-x6zKetGfs,John Boespflug,https://play-lh.googleusercontent.com/a-/AOh14GhSFh8MEAhuY05H_uxaYy-kxyFqjWLBDhsl_2zQ4A,Best RPG on phone yet.,5,0,1.20.1,2020-12-04 10:49:23,,
gp:AOqpTOFRvUCsecitdeS2U4yr4ZkP7AitldGfdY6-EJo_eIVbxcFBR2pnwxAPi-TLURefK8I72LxESe0trMHN4dY,Devin,https://play-lh.googleusercontent.com/a-/AOh14GjBBkaPTyZXC3MX8kuKQl_X3hCf846JRNxYe-2t,"Pretty good, ive been waiting a long while for this. But, itd be awesome to get full support of s-pen. Im on a note 10. Update: Has been fixed fully, with even better GUI. Thanks for the support.",5,3,1.20.1,2020-12-03 13:14:35,Thank you for review. Can you explain what is wrong with pencil usage. support@atomrpg.com,2020-11-08 00:23:42
gp:AOqpTOGOO5vqB91WZGKY75VlNZjPJRjPCe9FS_BV5m0Ijmiw_-SD3Q87eaony6y0oThHfRJ7jUYCyVyz1ct9aZQ,Denis L,https://play-lh.googleusercontent.com/a-/AOh14GjprXs6RwFWVMSuFrNF10BPLIZekGbyikoHban8Mg,"Good game. But problem. In the area ""Red fighter"" I can't remove barricades, to get to character Geksogen. Can interact with barricades is it bug or I do something wrong?",5,0,1.20.1,2020-12-02 11:13:09,,
gp:AOqpTOGH7yHCJhdQae2jSOEbN9TX0dMkIQp6OAcno6heGAD9AnEAQ5_LI5-zPIvdgsdC0QL0IyZYT4jJhM5zcoQ,William Newnham,https://play-lh.googleusercontent.com/-uHd1nJT9rXM/AAAAAAAAAAI/AAAAAAAAAAA/AMZuucmrn9GWQtuWkwjTDzYmiUCPyUQ1ag/photo.jpg,"WOW My new favourite game I started playing and can't stop great game reminds me of fallout 1,2 and tactics. Story is great with so many outcomes funny Dialogue I love the choice of kill em all or a peacefully resolution and exploring is fun with the unique encounters (please add more). Thank you for a brilliant throw back to the original fallout 1,2. Keep it up look forward to seeing new quests, game improvements and more.",5,8,1.20.1,2020-12-02 06:03:52,,
gp:AOqpTOF_nJugAqGbR9mL75j8-mcvP_VU2DbdJealRDin_K8k0kxlux9N-g8BW2hdP8_aQV07PuGWsCduyOh1Wcs,Chris W.,https://play-lh.googleusercontent.com/-xj50pf6U9Hk/AAAAAAAAAAI/AAAAAAAAAAA/AMZuucmE5UXO_KJFnt0R1QSQvlByJjGGeA/photo.jpg,No wonder everyone is afraid of Russians. Best Fallout 2.5 on Android (usually I don't give a toss about rates&reviews but this one feels like personal),5,0,1.20.1,2020-11-30 17:06:38,,
gp:AOqpTOGlSQLkNW9FzE9g5dzNjen663MDZuNxWc2tHqBF56sIHxh2WLsCXuBlipHcVK4ZaJbc9zvrIcekyn80guU,Rocky Rocket,https://play-lh.googleusercontent.com/a-/AOh14GiopNm8M4UaBgADTGKGaR2SBV7QuP5gneJx14YTSQ,Love it keep up the good work,5,0,1.20.1,2020-11-28 13:51:45,,
gp:AOqpTOHR38lAyXdm3fQmzAsG3NFbPcQCjxw2wg7jbQZGcNYqhy9JayhVMZ64yY19EZx1XGPwtE-vWlUndYDBqww,Ryan Fletcher,https://play-lh.googleusercontent.com/a-/AOh14Gje90qEFvq3SALW7cAauKN55sIRG03gpwmzMWfG4l4,Absolutely wonderful game play just make sure you save before important dialogue !! Making this game was a great idea ! And playing it was even better ! Can't put it down no matter how hard I try !! The dlc is worth buying and supporting the creators! Plus the gillly suit is just awesome !! Thanks for an amazing game !!,5,2,1.20.1,2020-11-28 11:55:06,,
gp:AOqpTOH6arfEsiYxzSOSw3WU5CGnkie8ACpKFYQSIOktDk_VtxqOYAI6-TM1jPoKR-rB9Z9teHWb6DqLdN5KEYY,boi boi,https://play-lh.googleusercontent.com/a-/AOh14GjJMF--C_wPhLf5ytW6kYHG_KEO7ScdbGYH0lh6VQ,Definitely a breath of fresh air away from the mainstream games. It brings back the old school rpg style and honestly does it so well. Yea there are some bugs but nothing that cant be taken care of. I believe this game and its sequel have a lot of potential. I do hope this game gets more updates since turograd isnt on mobile yet. I just beat my first playthrough and was extremely impressed with the story telling and i enjoy all the text to read. Keep up the good work guys!!,4,18,1.20.1,2020-11-26 00:19:56,,
gp:AOqpTOFZc9V0z5hGAUsB08D80MVDY7Bjzqb9L94J3AOTpeNeeqgf8tl8vWqQ_1tbsqW145WmwbGflVUwFVUlXPA,Tuan Tang,https://play-lh.googleusercontent.com/a-/AOh14GgBrGcP0iHLk2ftwiXxJmqZOGABQfw95fcYXYYXdXQ,"amazing pc game in mobile format will give 5 Stars for keyboard and mouse, controller support for those with higher end devices that support a desktop mode",4,0,1.20.1,2020-11-25 11:53:38,,
gp:AOqpTOF7a7bfAfo3FhYa44Iyd0yFq-BmBopBZMj2xSObsauCja9sAA6jTFZdB3BK5i5eqn_rfDuW9yKrIPeSAVo,Master X,https://play-lh.googleusercontent.com/a-/AOh14GichtdnmbajpeeJraF3HzAkXUbrMGQBqIp_OwVxow,It good old fallout classic game! But i tired figure out about getting more loot material run out like what? Where any loot left to go? Where i supposed to? Slow to stopped play.... i just want know what going on?,4,0,1.20.1,2020-11-24 16:34:41,,
gp:AOqpTOE_3xsSMSfZAmhjIQkMwpAUqA5kNVKvUC2hfMwMqIgZZSGB1NyacSA0i_VpkY0bZ2TyBV-hDkVM2aQuNBg,Amanda Moffitt,https://play-lh.googleusercontent.com/a-/AOh14GgmzUkPQhWW-Q9XA9tPDWj-qm7zji6L-oesPNBRWw,game doesn't open keeps crashing,1,0,1.20.1,2020-11-20 15:16:21,Hello. Please write to our support@atomrpg.com we will help you.,2020-11-22 02:39:54
gp:AOqpTOFIeWxB8vD0XstMYDlOOm52OUO4GIwRhdE6vREvuXgjYyQzFR-WlL3Ff6jzUyjxwQOUiZDAWDJKqgJkdQg,Dot 2375,https://play-lh.googleusercontent.com/a-/AOh14GgR2nSdGThc3_JdbQBQmRubnElLe34M24BwotTVkw,Pocket fallout 1🤟❤,5,0,1.20.1,2020-11-16 12:15:56,,
gp:AOqpTOF8V3xryqCgTfCxGkGmrbUtreNimXcHR-CEA_FW49_0pDEh138XG7lPTtc-TpOWHZpywpwjNXJ4bioq1K0,Darren D,https://play-lh.googleusercontent.com/-G7X-aGkcfjw/AAAAAAAAAAI/AAAAAAAAAFo/AMZuucngc8lslOyV8h_tuajwHMKFB-SjIg/photo.jpg,Great game. You guys gotta make more. Please make ATOM RPG Trudograd for android. Lone Wolf trait needs to be buff!,5,0,1.20.1,2020-11-15 20:19:49,,
gp:AOqpTOHbvM5BoJAQ8MTEyDL3cOXm7_VE7AkjTu3m-jhPEKKBLHZB819fNoi6aObDlNXIBSeIb9ed6i56bP7IkZ4,Mohd Fadhli,https://play-lh.googleusercontent.com/-aGDLYaZ7sCY/AAAAAAAAAAI/AAAAAAAAAAA/AMZuuclWE6YFV4vn0ZIQkSluYcXC1DPSLw/photo.jpg,"Can't use equipment properly like the night vision helmet. There's no ""USE"" button appears after I equipped it to my cadet. The button ""unloaded"" seems to appear only when I try transferring my gun to sell or store inside locker. Is that a bug? Overall the game is great. It's Fallout alright.",4,0,1.20.1,2020-11-15 07:25:36,"Hello. You can unload your weapon in inventory, just drag n drop weapon to hero's avatar.
And also we know about PNV issue. It will be fixed soon. Thank you!",2020-11-15 07:47:22
gp:AOqpTOFAKQPS4Dj1OQ2U1uZzTtE1TBGTY9GG9NY3xPXyfyLOvuoGuzaIs0rU8Io6l7SXTWaqd6JVtnuPOdgRQdM,Martin,https://play-lh.googleusercontent.com/a-/AOh14GjTSEQifRUr2OELi_tnPPbVzRrJls4ROVDgmZNT7Q,"I'm updating my review as I think the game deserves it. The camera controls now are excellent and make the game so much better, it runs great on my galaxy 9+. Still think it needs exit markers on the area you are in and it really could do with some kind of map marker system for say shops etc, I can't remember where they are all the time. But great game regardless, 26 hours play time so far 🙂",4,11,1.20.1,2020-11-15 04:21:47,Hello! We changed the camera control mechanics and added halloween event on the first Global map :) Please update the game and try that :),2020-10-30 18:43:45
gp:AOqpTOEM05xwRzlTfJcH55a-G6HAyQlWB8SnBBsqrXEjINr5usJXW6vP0ExNh1rcQHb_JxZ5gIs9WF2uorVLnWc,komodo gamer,https://play-lh.googleusercontent.com/a-/AOh14Gh5PMWFztfusjd2bR_ZgCoV5eyhbp4kvpudfEmolg,"It's a fun game but when I got to the place where you buy a pass to enter. It froze and all I could do is read what the people are saying. When I got pass the first area it kept giving the""you can't do this action when your backpack is overloaded""message, constantly. Back to back to back,over and over. My backpack is halfway filled. It might be me but I don't see a waypoint and it makes it hard to see where I got to go. Please give me pointers or please refund.",3,4,1.20.0,2020-11-11 17:41:11,"Hello!
We had a bug related to the message about the overload of the backpack. Please update the game, because you are currently using NOT the actual version, which means we cannot be sure that the game will work fine. 
If the problem persists after the update - write to us at support@atomrpg.com.",2020-11-11 19:30:21
gp:AOqpTOGLp8V6IZcOsI-muXjdTN9nWeSWrMvP8ra7CcRoiQDZa-VOUAL6ay-rQHWD8zcvw_e8STU0NfsDeQZlsOQ,Potato Face,https://play-lh.googleusercontent.com/a-/AOh14Gim7jndLHqN8_DHm45pYLoAyC12D8xOQOVPeQipag,Irritating lack of loot/items from most things you kill and the objects you search. It badly needs mod support since base game sucks without them,4,0,1.20.1,2020-11-10 11:09:54,,
gp:AOqpTOEuZka4-ng0zSQ67jQy2ySnl8PC-SvGBnhPuAHSaLk28Y4RBSy7jBvVJiOEBVxYAQonwn_yUCw1HV0FLx8,Tempestive,https://play-lh.googleusercontent.com/a-/AOh14GifkoDD13iQdebIuIEXnnprtBC46pn-ERVmU5LM,"Game is pretty neat, price is not overwhelming for the game it is. I do have an issue though - in caves and mines the game goes down to like 2-3fps, even lowering the settings to ""fastest"". I'm fairly certain my phone is not the issue, it runs fine outside on maximum graphics. Maybe you need to optimize underground for mobile? Idk what exactly happens but it seems like a memory problem.",4,3,1.20.1,2020-11-10 06:09:44,"Hello. We are constantly working on optimizations, and we hope that in the next patch it will be much better. Thank you for your feedback!",2020-11-10 06:41:43
gp:AOqpTOG02eUktuyVpfKAnIGrWcyqVVAAyDjZfl2SF5-XSnCPGnG4DPRjGXxW67DJCPCNlbm4lj8-ujA_7euIBeo,VAN BRUSSEL Maarten,https://play-lh.googleusercontent.com/a-/AOh14Gg4C_Fah4ppos4sL4ppDJ5ssxwhrHj1ULnix9_NMA,"Atom RPG looked promising, especially during the first couple of hours. It captures the spirit and vide from the original Fallout games. As the story progresses, it gets more and more convoluted and it becomes a bit of a mess. Locations feel mostly empty, with some exceptions. Sadly, it feel like the team really wanted to make a Fallout-like without considering the strength of original games: the story. In A-rpg, there is hardly one, it is just a nice nuclear sandbox.",2,6,1.20.1,2020-11-09 12:45:12,"Hello. Our game has a huge number of unique characters with personal stories. Perhaps, somewhere we lacked experience, but this is the first game for an amateur studio, so this is an indie RPG. We will try to improve our game, so thank you for your feedback. 
We hope you enjoy ATOM RPG further.",2020-11-10 04:29:40
gp:AOqpTOFmKg7MdaseSPZQ7xdk6RihY15h1bwrKvAT1f3lhxR6ADMXW8rfjDv-wIdn5_laKn_afb2DOc8y3c_I_J4,Simple Life,https://play-lh.googleusercontent.com/a-/AOh14GhOhYSIzTjhuQFJ6O4SJ4vRDJqSVM-sZzVdjJTM,Give it a try,4,0,1.20.1,2020-11-09 04:16:13,,
gp:AOqpTOGO1CFFmqw8S4adW1mv9QLJb7vzrzNar-APTdFGdaYQlarpMUAQ6LEflAk3soCKxxf7krKWWUxxn8xsHBI,Sergei L.,https://play-lh.googleusercontent.com/-LCcpBd4q2Ko/AAAAAAAAAAI/AAAAAAAAAAA/AMZuucm8_k50d6XM7cJC7BOoo5y-ocXzAg/photo.jpg,"This game is... heavily inspired, obviously, by Fallout-1-2, and it seems to borrow both good and not-so-good for a game of 2020. Combat and health system is the same primitive one. Dialogue system tries to be more complex, though I can't say it adds much fun. Crafting added, but it looks rather redundant. And the overall mood of the game... too serious? Thus mixed feelings. On the good side: the game is quite playable on the phone, and it's perfectly stable! A really good job by the devs.",4,36,1.20.0,2020-11-08 15:34:03,,
gp:AOqpTOEDACF7SzEL2pdPnmsqwYYLp5qiEJoLMMkbfGQNb5S3v8PS9OJK5KR7qJZMXiLZ2OAzOlt2P7eCeRSMdlA,Nicolas F,https://play-lh.googleusercontent.com/a-/AOh14GgZorVDih6Rqh0UuIer2LczpMrC7qvkrvS5wdpZ48o,Very nice game. However received a strange message from Android system telling me temperature from my phone was too high and asking me to reduce brightness (which wasn't at the max at all) and system had to shut down some process. Was just playing the game without charging my phone and with no app in the background. I have a OnePlus 8pro 12 gigas... Very strange isn't it?! A feedback would be much appreciated,4,0,1.20.1,2020-11-07 07:32:48,"Yes! It is very strange. I saw your post from XDA and we will try to reproduce it. Can you provide more details of the phone case, maybe photo or model. support@atomrpg.com",2020-11-08 12:11:44
gp:AOqpTOG8VBMLM86Va53-2394eQUkoqc0taWJnLqkAN8N-TpKy-2dqUvDUtBO_8ZsDUHrt5q8jnAXEcaQCNheuSg,chris hicks,https://play-lh.googleusercontent.com/-ClTDX0sJeQ8/AAAAAAAAAAI/AAAAAAAAAAA/AMZuucmysx12QwPXIwL0ikcV6TvXoudl6g/photo.jpg,Great game could use some tweaking but hands down one of the best post nuclear apocalypse games I've played on mobile.,5,1,1.20.1,2020-11-06 08:49:21,,
gp:AOqpTOFGHiG3Gf_DtkmZzBmE6ALbXzOtlfRmq0F0J0vd8LlQsBfcDCyYLiFOx2Gyma0qNqXDByTb_vgA7QolZMw,Maxmilian Aryo,https://play-lh.googleusercontent.com/a-/AOh14GhshsthvyWN3bZ1r-KcebOB6mKbkSct7eIyvQFt6Q,"A very addicting game... Have immersed lots of hours into this game... Probably the best offline RPG in the market... There are some bugs though, like when you can't tap the tiles accurately in death tunnel (probably caused by the toxic gas but idk) and you rarely get stuck on walking animation when entering combat mode right after entering a map cell... I also suggest adding more weapons, especially Russian-made ones (SVU, PPSh-41, RPG)...",4,3,1.20.1,2020-11-06 00:16:40,Hello. Please update the game. All these things was fixed :),2020-11-05 19:12:55
gp:AOqpTOHgsps-z0OMaS2rzaBh925XC_GE_sLXfiPXhPzoCrYUCDcmfeeUroYLPnIK8yFkiN_zko5OQOgZCIKj570,Milani Jace,https://play-lh.googleusercontent.com/a-/AOh14GhRyeOu0zRhh4GAa4sH5ROCFj_-2NQr8cRyP4BiDw,Cucumber Brine doesn't remove alcoholism like it's supposed to,5,0,1.20.1,2020-11-05 05:47:31,,
gp:AOqpTOH2IQhxADjXbyBiDxYRYlcaYyB19XGr9U81KbNw5Kq29qmCRwb_YkwlgMFJAbrHFfcS7_iHnatALFBtXpo,Odysseas,https://play-lh.googleusercontent.com/a-/AOh14Gh2CEC2eWnTsnHa2JFXu3weTHR8uawN5P6qMnwZnu4,Good. Fun. Wish it had a better quest tracking system but I'm sure that's on the way.,5,1,1.20.0,2020-11-05 01:13:47,,
gp:AOqpTOFnRZjXr54dBBgpICGHQ43O11Sr2S_WV4I1CSB4WHE_T7DfA4Q98FcTGUqfYXk9p9NKhQksc30dfV7-Qa0,XcluEzy 7,https://play-lh.googleusercontent.com/a-/AOh14Gha2D6wZYKAqoikB5OMPzLwU8WI2_t7ubh34RvQuPY,"Game is awesome for Die hards of the traditional old school RPG concepts, though a bit wordy, and you may not get rewarded for all the talking you do, and FYI Melee Builds are tough to progress but fun when you KO an enemy up close. Would like more alternative items to the crafting system materials. But I'm only 30 hrs in and I do try to take my time and look under every rock so..if that give you an idea. Bug: skills or stats that have modifiers are flickering back and forth",4,22,1.20.1,2020-11-05 00:07:23,,
gp:AOqpTOEi7ZobX8GsATpOvGfCMt5fSQyZlZgl2b8YHFnkVcQyX_0R4sDMeYvwk4O55BIxOP47Sz22AlU7JjvEAE8,Douglas Francis,https://play-lh.googleusercontent.com/-ZZTQebXe76k/AAAAAAAAAAI/AAAAAAAAAAA/AMZuucneKczP-vLhiIEYUlekvP9eptRzFg/photo.jpg,Awesome work....wish you had an American map. Something to thing about....,5,0,1.17.5,2020-11-04 23:31:17,,
gp:AOqpTOHvV0N1ygwOZD9s7hNSjrWKqKq0q8axBJqbqbC4vD9zDYp-ksy_mMk41LKczT_8bzRPFzrEXkPnMjkLwi0,David Ryan,https://play-lh.googleusercontent.com/-vIbRH_hbSq0/AAAAAAAAAAI/AAAAAAAAAAA/AMZuuck3e2he9HPPnolU7oRuBLlK2AiyuQ/photo.jpg,"Loved it, wish it was longer, make an expansion guys i need more",5,0,1.17.5,2020-11-04 21:18:35,,
gp:AOqpTOEB3vq3nj5jGxU24-HLMLZXyhckEnhwVAiSbFBNQ8-Zy8I0nAdaEI9o4_lkjxcd9Q6s6c-dzx_VmwL5Z3E,Senior Cigar,https://play-lh.googleusercontent.com/a-/AOh14GgTS7nNR8u_XPjBz3wFWhuBdKH4qOHQeXzO50Ww,"Great rpg experience, especially for mobile. But it's a bit hard (even on easy)",5,0,,2020-11-04 19:54:45,Hello! So why only 3 stars? :(,2020-11-04 19:51:06
gp:AOqpTOGSYn5c5XTBJq16J2d3RWIaAF80y1SdC6vVnQ8R_FavIU8M8uIkvL3XMdTUPczFSv1EzOKjqmLjUzHoqO4,Pedington Bear,https://play-lh.googleusercontent.com/a-/AOh14GjeFpzr8j1rMZu0-9mIcrEb6pc_Flid87Qu9-Xs,This game is fxxxxing awsome please add more dlc i have no problem supporting the team,5,0,1.20.0,2020-11-04 16:08:36,,
gp:AOqpTOEt5KZVwv3h0DtXgLbnEdQWOMAlxZ3MJjoxW9eRnfGoAwRIhVYJcfawzF-EyI9ThaLNFqC7z2amLDu_c2A,Justin Laberge,https://play-lh.googleusercontent.com/-1IwU-VbNdNM/AAAAAAAAAAI/AAAAAAAAAAA/AMZuucmzAiJP5Hxyhy53P3_oMdPfjWP5Tg/photo.jpg,I refunded because my lg30 cannot handle it very well. Looks awesome but I will buy it on steam. Sorry about that.,5,0,,2020-11-04 12:22:02,,
gp:AOqpTOEhYeJLX9vPgLJ8nMdv3pZDC8uOApT83QDyedK9yVWteZ2kzKfqu5_4RWel3T1OUfps60MzM1v8ozLGUHw,Damian Du Preez,https://play-lh.googleusercontent.com/-ETUtJfR7BNg/AAAAAAAAAAI/AAAAAAAAAAA/AMZuuckWRROdoggvgUjQGNV_EQrh03Nj6Q/photo.jpg,"Love the game.....has a real fallout vide....one problem , the new update .....I can not interact with the NPCs . On a side note would love to see more DLCs ....",5,2,1.20.1,2020-11-04 10:41:21,Hello! Please update the game. We fix that problem two days ago.,2020-11-03 19:46:49
gp:AOqpTOG5HDFcg50IZBhGJj_iPlor68uXl-Feump_SmUAfXOv7lEEnSgT2Jt0PyIoG82FyLyIgg39GCmQWS_T46E,Mike Trobough,https://play-lh.googleusercontent.com/-ZU5yUMs2dL0/AAAAAAAAAAI/AAAAAAAAAAA/AMZuucnPesnixF8YrtxIMSsyTRQaOf7qUA/photo.jpg,Great tactical/survival RPG.,4,1,1.20.0,2020-11-04 08:36:26,,
gp:AOqpTOGOrbbPoXVnNvbwZz7ucNDyA_gz-j_OAoKZWeivWQXvPWrvaNSySHCCW-jadLYC3nmIKdGGxBFVBDu4iV0,Cerius Reval,https://play-lh.googleusercontent.com/-bEcxk-R6ec4/AAAAAAAAAAI/AAAAAAAAAAA/AMZuuclURF8TG7SXXrTv5ZzrNs4GNndNcQ/photo.jpg,The devs are friendly and fast to reply to the issue I had. Add to that the game is very well made. 5 stars!,5,2,1.20.1,2020-11-03 20:05:10,"Hello. Please update your game, problem was fixed. And thank you for help!",2020-11-03 19:44:05
gp:AOqpTOHMN_sCkFa-8Gjpyjy9j1wzhy1B-wEr9GZLhYLF7nNTB-3pywCkRMXk_GayvhSa6z7UimFVWhu5h5Qn9yM,James fun & games,https://play-lh.googleusercontent.com/a-/AOh14GipWERbpBsETPbCOo3Q-YjG-WhfPv0SdL75Q4YlNQ,Im changing my review so i played it abit more and i do like it im still learning and for a mobile game it so good i mean you can steal travel gamble and kill all sorts of stuff to do i mean what more can you ask for.,4,1,1.20.0,2020-11-03 06:50:42,,
gp:AOqpTOEY64O2Q5t-IX8VmPVhpXjp_-psQdB7JVxjTayZfstGGTMbaX067ZNzWXD4fru6PCQkJa4BWd-LA26vxKU,Daniel Kennedy,https://play-lh.googleusercontent.com/-Vf1zTKyjoTw/AAAAAAAAAAI/AAAAAAAAAAA/AMZuuclz3Kt56aEzvgMTgbrd1FPE_RxL3Q/photo.jpg,"Holy GECK, this game is the one. If you loved fallout and wasteland then buy this game. Best rpg I've found for android (well on par with bg2 anyway). Only qualm is the annoying camera which constantly zooms in when adjusted. Speechcraft 115 ftw🤟 Edit: looks like the link to purchase doesn't work! Maybe it's just my phone??",5,2,1.20.0,2020-11-03 02:35:46,Hello! Bug was fixed. Please update ATOM and keep playing :),2020-11-03 19:40:33
gp:AOqpTOFFEb3PeJIRiQGR2zfRV5031MKURHOxMToP_ubfvrNvMKdsLxUYEOohHUgG1zSYYATGN7F-msPtzF09vIc,Hubert Hubertson,https://play-lh.googleusercontent.com/-32fFNQcpmLs/AAAAAAAAAAI/AAAAAAAAAAA/AMZuuckHBP4S2D1BJxDGEXItLjA4hHkJMw/photo.jpg,Atom RPG is a wonderful game in the vein of Baldurs Gate or Planescape Torment. In fact the dialog system reminds me very much of Planescape with skill checks and consequences and I love it. The writing is great. Edit: Thanks for solving the Problem so quick. I love the game and I will definitely buy it on PC too.,5,26,1.20.0,2020-11-03 01:48:45,Hello. We already fix that problem just update your game. And thank you for support!,2020-11-02 03:07:05
gp:AOqpTOE_u_UTXuYRUVXEs5bPZ2_ppE4PKGgt_9OuUqRBNa9HmQA32vnD3Ai4MVvsEpEq-2qyJSjSlCh67v8iSpw,Arkady Bessarab,https://play-lh.googleusercontent.com/a-/AOh14GhfuMbECtxw6-Mlr_Ml-KCVLSGoK-Pv-Wj_hW2phA,"Игра очень интересная по сюжету и по гейм плэй мне очень понравилась, приобрёл её также в стиме. Но есть у меня проблема (не здесь а в стиме), игра тупо не запускается. Последний раз играл около пары недель назад, а сейчас просто не включается. Остальные игры запускает, перезагрузка компа не помогла. * На телефонной версии все работает.",5,0,1.20.0,2020-11-02 22:52:35,Здравствуйте. Напишите нам на support@atomrpg.com и мы вам обязательно поможем!,2020-11-02 22:55:54
gp:AOqpTOFbZ7GHc8YIVN-rRU3kZDkIhqoYxfnOJsVTHV_FyhUcu-jyVICTpwxgjqh3KQMPv12em1vtZ1HClmT3JmQ,Bambang Lasmono,https://play-lh.googleusercontent.com/-DkVILjr7tm0/AAAAAAAAAAI/AAAAAAAAAAA/AMZuucmwiBJ0vZEYXptNWxyfNemscChRWA/photo.jpg,Great game.,5,0,1.20.0,2020-11-02 20:59:27,Hello! We fix problem with the Death gang. Please update the game and made your justice :),2020-10-30 18:34:05
gp:AOqpTOGPCaPDCbbYz1QW2c7I0MAGoxzRWzKyDb2dW3UnXO0IL99NSi57ffdwElHEtCBUtzsB1tiMe5Lcw6xU9cc,Matt Wood,https://play-lh.googleusercontent.com/a-/AOh14GhobQa8uCCSViH3c1YWjsQpCpmzW_evxDldUx-c,"Looked great, right up my alley. Unfortunately, long clicking on something is sometimes impossible, every time I hold, the screen just starts moving, so annoying. The camera was terrible as people have noted. Could have lived with that, but not the long clicking nuisance.",3,2,,2020-11-02 19:26:01,"Hello. You can disable new camera joystick via settings. And what about ""long click""? We probably don't understand what you mean. Can you write to our support@atomrpg.com?",2020-11-02 21:13:36
gp:AOqpTOGsompUY3kUhLFhEwQUZfGc24SFJFeaVCd2hYYj0WNIJWdYxacaGKdltyHaPqz3O7ooImPSNoYIRUYtDgw,Kristopher Lippencott,https://play-lh.googleusercontent.com/-8QI5j3_vx5w/AAAAAAAAAAI/AAAAAAAAAAA/AMZuucllny2r2Y-Io_ggWuI2XdsppmKqYQ/photo.jpg,"Love the new update. The handling is so much more comfortable. Just please continue to add more content! Perhaps a new dlc map. I will gladly give more money for more story, weird companions, and gross, horrible mutants to blast/stab.",5,2,1.20.0,2020-11-02 08:13:01,,
gp:AOqpTOGCukS3nj6_9FdUlSNdgaEYD3XAZvxgim2gy8tpmz7-i_1zzpyPhYc9BpsZnLZkF1CRO66pMgYTgw89fpw,Drew Murphy,https://play-lh.googleusercontent.com/a-/AOh14Gj-GTSTCSyNnGdp-GFAdDVl7K7Aq2uq8q_KGPTh,Game is great. One thing I would like is companion specific quest. :),5,1,1.17.6,2020-11-02 07:06:03,Hello! You can disable new joystic in settngs so controls turn back to old version :),2020-11-02 03:57:25
gp:AOqpTOEc9SfrlXSrtGJ24I__g9a1Tu6SGNdbHkPDWE3fnwtHCDOBPSEUGLAni61GpuO6cYWYqS4NQCQxv06DMzM,Siddharth 12Gurav,https://play-lh.googleusercontent.com/a-/AOh14Gg7WQ0lQutjT7IWOf7fNmRZNzhMejS6w1DeSjb7nA,"One of the best RPG experience available on playstore, the lore is kind of awesome but the bunkers could have been more scary, the partner system is cool, love papa Hexogen and his SKS, great jobs Dev's on this title, waiting for Trudograd, please make it available as soon as it's finished, can't wait!!!!",5,2,1.17.6,2020-11-01 18:23:22,,
gp:AOqpTOGF6W-B4IpK02Tt8s6fuAX8DQuxTwx3DBKq-l9C7RIfqFaZyl_yHExZWE9VYucsEYRZGTRdm58j5e6QNgg,Kharl Louis,https://play-lh.googleusercontent.com/a-/AOh14Gh8Cs7s4Ffn5r_UJSkMqKDyZmk9FX4okEPwOJLV,What happen when i update the game.i cant talk anymore to people insteas of target i cannot have a conversation with them and i cannot barter when latest update come??? What happen,1,2,1.17.6,2020-11-01 10:43:33,"Hello! Please update your game, that bug was fixed. Sorry for that problem! And btw new patch was released today, so you have to update the game two times. We are sorry for the inconvenience.",2020-11-03 19:50:04
gp:AOqpTOFbdS64MoPbpGCcvw0FewyVb-X5X3Qd0B_ZQkTcEVbxPnOyYWPQpsfeK9UjssiHv2B3W5lCSZIG1DnGAz0,cvc,https://play-lh.googleusercontent.com/a-/AOh14Gjiy6MyPNbqU9AUahuPvB0KhkLFz0llsNaSMaNk8g,"I'm enjoy to play this game since u give us facility to play cross platform via cloud base save data. I don't see any combine button or mechanism to activate console command in this platform. This is SP games so it would be great if u consider this feature. Controls needs to be improve a bit. Will be good if we have permission to change some control template to locate any button in game. Also, cloud data often disconnected. Idk why so i have to put ID's again. Overall I like & enjoy this game!",4,8,1.17.6,2020-11-01 03:09:10,,
gp:AOqpTOF6iOOPtFQyRZ5wWQSsymMLaOyaSjNJ46Rtwp-5Ad9q64UbnwR_UWdkkVBUjl1UPaH6ZtHeDjjKnmnmE28,Dario Stojanović,https://play-lh.googleusercontent.com/-BGJKhZL9_SI/AAAAAAAAAAI/AAAAAAAAAAA/AMZuucltp14dq96A7kGIjYiCDxPNEoN9qw/photo.jpg,What have you done?? How do I interact whith NPC-s now?,4,0,1.17.6,2020-11-01 01:11:02,"Hello. It was fixed in actual patch, please update your game. And again, sorry for that problem.",2020-11-02 03:03:51
gp:AOqpTOGs7vJA9QT95JlN86ozJnlz9BCaIVE_uodGnBAIh8ZJv1iiNEkgvBQG5ds1yer4_8BLBwiKRTjBRAWG2Wc,Benjamin Idalski,https://play-lh.googleusercontent.com/a-/AOh14Ggh_xMiIWdacw24snESylgZO3GdKGc5rJgJlllx,"Amazingly developed game! A lot of Fallout vibes but unique in its own way. I hope this continues to receive updates. This is worth every penny, could easily be worth $10 or more",5,1,1.17.6,2020-10-31 08:22:24,,
gp:AOqpTOHh6fpgTLlofyxJwX95gQkS6oORj4F_58Rrk4A0w4UGdHBlg85G508mr9N0NCAulLTrP5sIdaUf4cuV6c4,BoB Tomato,https://play-lh.googleusercontent.com/-YGSwWGgFWVY/AAAAAAAAAAI/AAAAAAAAAAA/AMZuucnU475NfDaB8r5GJQwNa8LXe2BXEQ/photo.jpg,Good game. Minor bugs here and there. Just save and restart,5,0,,2020-10-30 16:27:58,,
gp:AOqpTOGXuyrCgP-_48tAUciMhhIi2zY-IEhR0caZ1DNoqW8Ss45A2kZKyJfYSJxSSSYDfNudkYuGRTdT8S8S6cE,Megan Grove,https://play-lh.googleusercontent.com/-OU1xZae3RKA/AAAAAAAAAAI/AAAAAAAAAAA/AMZuucl44R6wnJrFljm8kiRXQeZzgvTnvw/photo.jpg,Poor tutorial and the controls are bad.,2,1,,2020-10-30 13:55:13,"Hello.  Please don't be so hard on us. Every day we are working on improving our game and in this patch we have added improved camera rotation mechanics, but the next update will be devoted to a new tutorial as well :)
Play ATOM more and be sure you will like it :)",2020-10-30 18:23:00
gp:AOqpTOEruilu4kYB53ad8TJqjqm4wwYlUoAeyDOpaOI4F8vc-kl0PpbaukkuhwXAkAc5rWOP_eqc7nUzl3MYmrE,Dotan Roitman,https://play-lh.googleusercontent.com/-7jD-8FaJcnw/AAAAAAAAAAI/AAAAAAAAAAA/AMZuucmsTwRkgdUA4dJf6tMsrsi4GsWffw/photo.jpg,"Great game, up there with all the old school classics",5,0,1.17.5,2020-10-30 03:23:42,,
gp:AOqpTOEgLH4rAvJ7slQv6Dmxi3lf6-WrB8C8s6yyg3DUBHILxKJRzdxOxsE4orIMN5yWSDk72YTfiAapnyOXJMw,Jerry Yeo,https://play-lh.googleusercontent.com/-MLb-4cO_M78/AAAAAAAAAAI/AAAAAAAAAAA/AMZuuclQ_kZ9vuoZWpepWPSuaX_5au0eEA/photo.jpg,"Game is quite the same as the game from pc but still have plenty of bugs like in the quest on the container yard, I stuck on a bug that keep making walking endlessly and I can't do anything while I get shot.",4,1,1.17.5,2020-10-29 08:32:06,Hello. Please update the game and try again :) The bug has been fixed :),2020-10-30 18:29:16
gp:AOqpTOG2xcYIAHgRGDA1pY1NwpwFifqPh_A26z3F_yF14318paGzZuXQQCpTDEEeOrus_lgDnk01yi2Rwr707qM,nercon Ks,https://play-lh.googleusercontent.com/a-/AOh14GjjlhaG0b3P3w2is_tnl4-Pl0s6ZBFfcj8qDBaY,What happen at early game scolia worker I attack them like nothing happen no damage at all with melee weapons,4,1,1.17.5,2020-10-25 23:42:14,Hello! We fix that problem in patch. Please update the game and try again :),2020-10-30 18:32:13
gp:AOqpTOFr7VgEDoPlLY5PwGQvhkeJQL30-E2s1tmj8dNCnkan_5Lbcu6kRfNf8GuJj2ZYqpfSx57qI1vajdC_X3I,Greg Bruce,https://play-lh.googleusercontent.com/a-/AOh14GgMCOHHXt-7xf8ZrWNJx42Ka7eIRWAUr_PXXEkIFPI,"It's like playing a fallout game on my phone. Absolutely love it. Only problem is: cloud syncing your saved game doesn't work, the virtual keyboard won't pop up when I highlight the input fields (pixel 4 XL). Tired using a usb keyboard and it won't accept any input at all. I have this game on my PC as well, if I could carry the save game from my PC with me on my commute to work..... Oh man, that'd be worthy of a 6 star review.",5,12,1.17.5,2020-10-25 17:32:16,"Hello! We are know about that issue. This is due to Unity problems, we will try to solve this problem in upcoming patch. Thank you!",2020-10-24 08:57:48
gp:AOqpTOEmofUOLsvPQ5jt11CyMNc2r4JsvF2hvLhxapYBAi8aG6y5LEmfo6eqrkVcRwUMp_zbz3Y4ApPNuUfxmpg,Craig Johnson,https://play-lh.googleusercontent.com/-fAu98A-vr7s/AAAAAAAAAAI/AAAAAAAAAAA/AMZuucniNCSkB_Uo42J78-LopXRTJF81Cw/photo.jpg,"Great game, alot like fallout and baulders gate. Few issues with combat missions where you can't fight so it freezes but very minor",5,1,1.17.5,2020-10-25 15:10:59,,
gp:AOqpTOEc80m19Bsw3ymHTfqWcTIrwTiesxi9tt8btYOlVq_dshJafqq6Hw9H-cyMYcSZ2nqqSeA8SVqmWGzuzUg,Hunty,https://play-lh.googleusercontent.com/-Wq-eNyZB5-U/AAAAAAAAAAI/AAAAAAAAAAA/AMZuuclMQ1sobVWQjbJAHLwzaj3PjFspBA/photo.jpg,Thanks for fixing some of the issues i was having. Still a bit laggy on galaxy s20 on the higher graphics settings.,4,12,1.17.5,2020-10-22 06:39:02,,
gp:AOqpTOE9kstvpeqBF-xElktRy75i-EW9sPyCiNr-Fx8tguJ-VjvPc7TxKzhxeT8dbkeig9neOGKjnq6uA0A8LaE,use. adblock on my channel please,https://play-lh.googleusercontent.com/a-/AOh14GjlZe58d_OFzHX8Zr6u7Hcr1ZeP1UeNVdyQs-Sinw,"Edit: I appreciate the reply thank you, I completely agree you should not make the game world sterile, and the setting would have such things, I just thought a way to stop it like baldurs gate 2 has would ease the feeling and also add more immersion to a well made world already. I'd even be willing to pay the a few pounds on a 'dog saviour dlc' and donate some to an animal charity, just a suggestion though, again thanks for the respectful reply I will make review 4 due to your explanation 👍",4,0,1.17.5,2020-10-21 05:53:26,"Hello. ATOM RPG has a ruthless post-apocalyptic world, in which there are many horrors that have no place in the real world.
We love dogs as much as you do, but we will not make the game world sterile. It is cruel and merciless place. But out of respect for you, we will think about how to make this moment better. :)",2020-10-20 20:19:02
gp:AOqpTOF_lfWgWre3W5M1LgPdk6_d1mIh2IpPMD9ETOwaQK8KlL3qsBDq-EtFTDpcVL5PNDu4vjuWQ8PZyTbBxms,Mike Lorenzo,https://play-lh.googleusercontent.com/-SNbdL03nuA0/AAAAAAAAAAI/AAAAAAAAAAA/AMZuuckJ2C9ZRuq6OQcVsICwfn_Wb0NxYA/photo.jpg,"Rough controls, I wouldn't spend the money on this game. Graphics are good, just about it.",2,0,1.17.5,2020-10-20 17:52:19,Hello! We are working on controls improve but unfortunately it need some more time. We think it will be ready in mid of november :),2020-10-20 19:09:48
gp:AOqpTOEzQEG01Kj_XhDa0e3cSadN5i2jymWp4uIVSAhc8YWmSK5QgzU4z9UHEyM4cXPdO6HtYcK7BbU2QpzwvVg,elpedro navajaz,https://play-lh.googleusercontent.com/-TQzSqQTi1PQ/AAAAAAAAAAI/AAAAAAAAAAA/AMZuucmAnj31zwdQmRDTezUDQUMxMEChVQ/photo.jpg,can there be a button or a more visible place 2 tap 4 the drop down so we can look at stats an unload guns in normal inventory its a good game :),5,0,1.17.5,2020-10-20 15:29:38,Hello. Yeah that good point. We are also working on a more detailed tutorial!,2020-10-20 19:11:34
gp:AOqpTOEK9DN3LDIWgiLfWDbappCuFZ1tEx7m6myXstJeV2qKJy-sUOA3j-UwUuT2o7FwVe7Uu3JVQ31wb_o1XWo,Слава Шанин,https://play-lh.googleusercontent.com/a-/AOh14GjMWFAEAemaejWcbkiYxe1HEuCq6IwZgMvs0c59,Thank you. Exactly what I needed. This game is superb. Recommended for anyone loving the post apocalyptic theme. I really like that saved games can be taken to PC version and vice versa 🤠,5,1,1.17.5,2020-10-20 14:53:07,,
gp:AOqpTOFueAyqp60d69aCLeXZ0GjaeDoA5uNJwT_L4_NTfKGBeIYhfrQuuFxY5-g0G4XZAV9xB1clu1vkNHLZhlU,Raymond Villarreal,https://play-lh.googleusercontent.com/-otPhQCUK7HA/AAAAAAAAAAI/AAAAAAAAAAA/AMZuucle5cY1h_qxcZ1SHnF25KmndLlalA/photo.jpg,Games too much fun!!!,5,1,1.17.5,2020-10-20 11:56:48,,
gp:AOqpTOGtxV2wHA7UsL5OXO7wv-cfZH0BiHu50RaU1gK2rfzzRxOxNJeg1Y5vNplMV4SEgHShVeUd470dwBZxpf4,southside suicide89,https://play-lh.googleusercontent.com/-Z9dDduvw1o8/AAAAAAAAAAI/AAAAAAAAAAA/AMZuucnysAPKL9zDPQgLN6Atb6hKBrSNQw/photo.jpg,"One of the best games I've ever played period. The atmosphere is perfectly dark and hilarious, all the people you meet and quest you do are interesting. The combat is slow, but engaging. I hope to see trudograd on here next, I had the pc port but the mobile is so much better because I can play it anywhere now lol.",5,10,1.17.5,2020-10-19 16:56:36,,
gp:AOqpTOHiz78Xr1W32f7LRY5wNQZtczEV1kzZ7CwZitiETYlIMqp-X3ycDI4mdAsiloNc7TjUUFCEfsSBrJKZ3S4,Joseph Peters,https://play-lh.googleusercontent.com/a-/AOh14Gg6C7RhbgBlmWVoegdtE6_77Spui1x-29so5yBP,After some download hiccups I couldn't put the game down. Amazingly well done!,5,2,1.17.5,2020-10-17 18:02:12,Hello! Make sure the device has enough free memory. If this condition is met please write to our support@atomrpg.com and we will try to help you!,2020-10-17 01:05:58
gp:AOqpTOE7C97QIP7aJRJqgCfy7eLqo7BWdk07Rr-skEmXqRsuDbvdumGltKV6LOqAEIT-Q-FlYRND12TECi6kEy0,gunblams again,https://play-lh.googleusercontent.com/a-/AOh14Ghn0s0VOMu_wSnVC6hpLMGDv8hG2BOIB2XlPtXf,3 stars game looks fun and the developer response is great they don't brush you off like most games.,3,2,1.17.5,2020-10-17 06:44:29,"Hello. We are deliever some improves for a game. For example, we changed the camera mechanics and added a Halloween event. Just try this!",2020-10-30 18:39:23
gp:AOqpTOHsLeOoOG3M2G35JptH3MfvqbT56D6d4gE_XkQWdPNdlVXdufExb3T3XR_wMRIXJdXeHj70UkpMdYAbSYc,Ralf Stephan,https://play-lh.googleusercontent.com/a-/AOh14GimXSfoH5y_KLx07PNfoBW8ImD8VmoL51onWOrXhg,Game needs autocombat. No way I'm wasting an hour constantly missing those rats that just sorrounded me.,4,2,1.17.5,2020-10-16 22:13:35,,
gp:AOqpTOHgwjIn-cBCITWqoakfDRRmXezGmOZNJiU8SKCRJVrAJn3xAwYyQrTYgHBDGV4Wh4z9QIpsjmeQ1crcjpI,Paul Wade,https://play-lh.googleusercontent.com/a-/AOh14Ghb8qv1_7ymumk34n8JV_S3LaoPYrcqWtZxQEKv,"Good game, well done port to andriod. I'm enjoying it but I have a minor problem. On a samsung note with spen tap and hold to bring up the action menu does not work. It would also be cool to have a way to zoom and rotate the camera without swapping to my fingers.",4,4,1.17.5,2020-10-16 11:20:02,Hello! We are made new camera mechanics so you can use the camera with a separate on-screen joystick. Just update ATOM and try this :),2020-10-30 18:41:55
gp:AOqpTOERzSP6UyfdK0CalYm1DsWmDK7rPJvB3WTo9F8tC0oWlt85eeCIrduXkS1uC1t8Si6RRXs9Pp9AD0tqFpM,Benjamin McCooey,https://play-lh.googleusercontent.com/-Q-e4qIJ2sH4/AAAAAAAAAAI/AAAAAAAAAAA/AMZuucm9wX8cg9hDnYFohV3gfsfNCPKDWA/photo.jpg,Best game on mobile,5,0,1.17.5,2020-10-15 08:14:04,,
gp:AOqpTOH8MIS7j9Q4rLcGvr1NQH9UYlswmlNpCJWvRrvEAlt1MmT5_78hn-StAx3aI37hSutAOdqmVhOo8otynvA,Chris louthan,https://play-lh.googleusercontent.com/a-/AOh14Gj3cCBaOXTItc_0xpFPrm8eTNrLGs-spUW6SErcYg,Love it,5,0,1.17.2,2020-10-14 05:41:20,,
gp:AOqpTOE7GiwqoVuz6SsyD5TIFY95TrpQiqxW-FBpg5g46TISCpYaHSetNLKiatruN3-tolM0PobR8TtdxhXj9u0,Furry Petal,https://play-lh.googleusercontent.com/a-/AOh14GjX5B6pSvZmTcCQ2GMMnTOdZmKIJ_Ylrh1yHdKwGg,"Hahaha! I'm Impressed With This Mobile Game!! It's Highest Quality In The Playstore! It Eats Away The Battery For My Samsung Galaxy S9 & Heats Up Though. But All I Have To Do Is Put A Fan On My Phone While I Play. 😆 This Game Is Worth It. So Until I Get A New Higher Quality Phone, I'mma Play This ATOM RPG Game On That. I Have 50 Other Huge Games On My Phone To So.. Yeah.. I'm Addicted To High Quality Games.",5,2,1.17.2,2020-10-13 08:30:20,,
gp:AOqpTOGlH0f4TEEmtVTYpTwGxm9iGr4XBROU0HDw298CzwVy5w7qh1tLKfXwIUeyAjP80W7cQyJJXieLQJyB4cI,Ricky Sanjaya,https://play-lh.googleusercontent.com/-bUwnqHxJ5Zw/AAAAAAAAAAI/AAAAAAAAAAA/AMZuucnLNRoJrswJO24ydZZ3WlknisyDNA/photo.jpg,Awesome. I like this genre,5,0,1.17.2,2020-10-13 06:59:08,,
gp:AOqpTOF2wu2MVVh_aMTA0VrmODQWuZKJkHtB3HSaP706154hHDA8UXcLMWH-0cdV4kBD1a-dK4RGovb_PjpjZxM,Josh Noir,https://play-lh.googleusercontent.com/a-/AOh14GjZMMOFzuCAJI8N7djahAUstilWTOwCt3qwgVPRJQ,It's great. Just doesn't play well enough on my phone.,5,1,,2020-10-10 14:53:27,,
gp:AOqpTOEP8Pq5iJT1Apowj73SiCPJpwOGLmkiUKNPOyaaVzsLbpzGFyZXJNEOnVfEuNHLhGFy-9N98fGmYa6lFfI,Natan Malki,https://play-lh.googleusercontent.com/a-/AOh14GgwoNWSc7ibbJ93mZACPjBNt6FhjE8NL3aAafG0LQ,"This game deserves 5 star i finished atom on Mac 3 times . And also here, suport the developers its indie company not some chinise trash give them all the respect",5,0,1.17.2,2020-10-10 01:58:17,,
gp:AOqpTOFrBDDfy4tWRdbWwkWX5wjizXjJNXdDpqkOnuQ0isAvCuCvInWN0uYD3u36JUSZ9BG5NoPj2azX5SxukDI,Alex Filatov,https://play-lh.googleusercontent.com/-QIs3MtVn3DQ/AAAAAAAAAAI/AAAAAAAAAAA/AMZuucnyna_wqYPQTLVL9VmBOBVx0TQSdA/photo.jpg,"The ultimate old-school Fallout experience in post-nuclear USSR setting. The game is long, story-rich, your choices matter. The mobile port works extremely well, I actually enjoy playing this game on mobile even more than playing on PC (I own a PC version as well). Cloud saving feature helps a lot. There are some minor bugs (sometimes in-game interface buttons don't react, and cloud sync is a tad slow), but they don't ruin the experience. Can't wait for the Trudograd add-on here!",5,11,1.17.2,2020-10-09 04:37:47,,
gp:AOqpTOHTi29TYbC6li6tQG1ysNbgF8fE61mo0iwD8_cL5A4Mc1Rrr_lLYc_kfP-dIgBttgLtdwtevlgMowccWpk,Ioan Stoica,https://play-lh.googleusercontent.com/-l9WGBHydvb8/AAAAAAAAAAI/AAAAAAAAAAA/AMZuuckBMQxEGKER9PDIXUeXLvQOnGEZ1g/photo.jpg,Well all in all its a great game to bad that its not for consoles to oh well but the android version its pretty good I just whis one thing from this game I meant 2 things one better camera mobility and joysticks compatibylit it's very hard to play it after a couple of hours so please devs make it happen thank you for this game 😁😍👌😊 ok devs I'm really glad that you answer but there's a bug in my game I've sold a lot of stuff but I don't have any money huawei 10 Pro please devs fix this bug,1,3,1.17.2,2020-10-09 03:56:38,"Update: We upload the new patch with new camera joystick and new movement mechanics, please update the game. Thank you.",2020-11-08 00:14:05
gp:AOqpTOGtI2e7rVokqaowFUKR3AykXzuDfK2aDXl7F2eXf1Kb04oYd04m89K46yd65iRGoKyx_PQtuwXJiUFac0c,Guadalupe Flores,https://play-lh.googleusercontent.com/-b_kuXUn45es/AAAAAAAAAAI/AAAAAAAAAAA/AMZuuckhneOyRtt54IhDASWq3gGepAxo-g/photo.jpg,"Really great game, true RPG experience! Theres so much content in my first 30 hours of playing and i think its well worth the money I paid for.",5,1,1.17.2,2020-10-06 00:47:30,,
gp:AOqpTOGoMiio_F686ddZdnhaLmfiqsXnU-v1RIYIr6l6CAP9GEtvgrKtNUtsgYkPUBSkTPYFwWcKEsUosB2CW2A,Ernest Akins,https://play-lh.googleusercontent.com/-R4h-OZoIyR0/AAAAAAAAAAI/AAAAAAAAAAA/AMZuucmXHbNFKDgT5QeHn5Si0srjJhPwuA/photo.jpg,I paid for this app but I have not received any of the items that is supposed to come with the paid edition.,2,0,1.17.2,2020-10-05 08:27:44,"Hello! You can find all DLC items on Crash Site location. And thank you for support!
Upd: We are added Halloween event on first Global map, just update your game and try it :)",2020-10-30 18:50:07
gp:AOqpTOHSBxdHtTUzrNx_wnwIrUQQaWHkLIBmuTeE8UXxM-XlLEOjbDV5C4CKZ1oqTOqDFnwwSWMjPQkjR7EqLho,Paul Bartnik,https://play-lh.googleusercontent.com/a-/AOh14GjqLajwlxDNv_p6cQKnnrPj36-eS7hBF0H_o-AsMQ,"Almost Fallout, almost Wastelands...",5,1,1.17.2,2020-10-04 14:45:39,,
gp:AOqpTOGA9CDpd71uul_qyHfVFCqbFZnPgnv1Vko-S05_xkBRTStU2v2Day32FxGct9UGnqxACyH8LFhl2426g-0,David Williams,https://play-lh.googleusercontent.com/-cGGwXLoCpek/AAAAAAAAAAI/AAAAAAAAAAA/AMZuucmU7SEi-RSNZSTSoWvFBP2-KrwrvQ/photo.jpg,Got to wounded tourist tunnel now I can't shoot or move in battle,5,0,1.17.2,2020-10-02 08:22:52,,
gp:AOqpTOGQ4BGnwoJmItB1HDABk-rIGIlg46hlgzByCc23lmP2Sq_MfLhPPH2RAW-zbIG1616J95B-O94NyHdwlLk,Gregory Nelson,https://play-lh.googleusercontent.com/a-/AOh14GgSo2zGqQUjpScEx4jMYIc88Uo-LalAvsW0bZZh6A,"I really love the game. I own the game on pc via Steam also. I've got an online account with Atom, but can't seem to get Keyboard to come up so I can type in the email user and password. I've purchased this on my Google Pixel 4XL which recently updated to Android 11. Is it a problem caused by the Android 11 update?",5,4,1.17.2,2020-10-01 14:59:02,,
gp:AOqpTOFbVLYUEIHtFR_lgfmk7yxne11iiOgpVEXexFvcoKWp20NvJPTCXM0-jfMYHv7dEOySlvcJtF07Y7ss6ZY,Zhou JiaQing,https://play-lh.googleusercontent.com/-SvqeSr4g6sY/AAAAAAAAAAI/AAAAAAAAAAA/AMZuuckLcRu3XlRgGIkgaL4lqq39FqIH6Q/photo.jpg,Great game but need an isometric mode because the camera controls are so wonky,4,3,1.17.2,2020-10-01 07:55:13,Hello! In last patch we reworked the camera control mechanics and also added Halloween event. Please update the game and try that :),2020-10-30 18:51:50
gp:AOqpTOFgjK-zKG7xfl8WaxGDNcMzzvihLEtjJ4tx7fSC9MkmE3aGnmqRh06q8UWSQtdHzkIERzsJyDfeGMav_QI,Paul Calderon,https://play-lh.googleusercontent.com/a-/AOh14GhC7t2uzFhbQlADUDbLYSd7VxeQRuEWJiS8hKA5eA,"Game feels great, but I am a little frustrated all dialog text skips on its own so I hardly know what I'm agreeing to. Wish there was a way to control that. Overall feels pretty solid.",5,0,1.17.2,2020-09-30 22:44:07,Hello. That's seems like a bug. Can you write to our support@atomrpg.com?,2020-10-01 00:49:48
gp:AOqpTOGMTzxoF35jHGD8IQksxfdqZSYEI6R-r5zUTsaq97C3DF5jFzaWnNL0KNf69hICtxsi9hieV6M-w0_0yAw,James Reynolds,https://play-lh.googleusercontent.com/a-/AOh14Gg6s6Uc9wNtSCTOWfTVSEP51E2Aa7C2D2fjTsKj,Great!,5,0,1.17.2,2020-09-30 02:47:28,,
gp:AOqpTOHlCbk3nPXkOUs4il98W8Z6FfBfcykIfcBQ_qMurHzMC7C61vQHnIzVQgRxiQQphJ4TLctA8Ev4iMp1bZ0,Aditya Ferdiawan,https://play-lh.googleusercontent.com/a-/AOh14GhPoRCB3J-FwKlHX-h56ySK04Aqc2-78v1Wmo91XQ,My car stuck in a lake near Fogelevka and I couldn't go anywhere. Fix the bug guys!!,1,0,1.17.2,2020-09-29 21:02:58,Hello! We fix that bug and also we reworked the camera control mechanics. Please update game and try again :),2020-10-30 18:54:33
gp:AOqpTOESV26yEzRpNTdA6yTYMPOBlJHzgDtlf9R-7KtBp1AAygzl5xXqYuxvHqbe-ZPJ5uQU9gQa0oj6-qPTLA8,Chris Douglass,https://play-lh.googleusercontent.com/a-/AOh14GjxHt9_09FshELjto1gt-dZ5MZpTfN8iIzhhZvZdw,Great game. Especially if you like the old school fallout games. Bit of a pain to control camera sometimes but great none the less.,5,0,1.17.2,2020-09-27 18:37:43,,
gp:AOqpTOGeYRbw9F-xYtkG3bzakydV0OeLQangIrYEIoO4LjlnjsWbK7sHIBJwnW6RYnEfRs1KoACti7qAPgX0P74,Adeptus Rallaeus,https://play-lh.googleusercontent.com/a-/AOh14Gi1yAWoLtfoHkJff6Zhon6bwMSIT4-pfu7yBCtZzQ,Utterly lost for words Besides some interface clarity issues and a steep learning curve it's perfect.,5,1,,2020-09-26 06:01:49,,
gp:AOqpTOEu7jk1Oe6RkFmY0Fk_bJn4L0-1YCL4y89Kx04in_PTE1Gm8wTPaPe87u-SK7ZXHWuLG1bPLPzL3VbJs3k,Saint Jackula,https://play-lh.googleusercontent.com/a-/AOh14Gj4tH1ZF9BcCbw_S3UEp5GAo3J2hG5sWlbi7ZC-_w,"I played on PC and it was ok. I have a pretty beefy tablet with 4gb ram and it won't run this game very well. Bummer. It runs most other premium games on max, so not sure why so laggy.",1,1,1.17.2,2020-09-22 11:08:29,Hello! What graphic settings do you use? You can lower graphic settings and also lock FPS on value 30. Also you can write to our support@atompg.com and we will try to help you.,2020-09-23 02:30:57
gp:AOqpTOFjl7QZ3UqJQ1stD5icCQCIXx427g990uC-L-LTAo-6w4Gfi9BnHuqN27vC3d486KxAeG5o5ceeHkvX5AM,Steppenwolf Lee,https://play-lh.googleusercontent.com/a-/AOh14GjD8zU8DOagfaK4zMuOdKjtB1vfH2Muug_9xJ7HaQ,"Spiritual successor to the original isometric Fallout games, ported beautifully to mobile!",5,2,1.17.2,2020-09-21 05:42:15,,
gp:AOqpTOE6eLXwv2ZcXMRiqlY4xGipD94Zw8bYGS8ojHqSLTmixWMdI6Rc5Q2yb1eqIXl4WV52O9Yrm25hElW3l9U,Anthony Munoz,https://play-lh.googleusercontent.com/a-/AOh14GgsB4oH0R6TZP-O279K49mydXYGOVdWr3ziG7FgnA,Great game to kill time.,5,2,1.17.2,2020-09-20 22:19:09,,
gp:AOqpTOHQH7dq_mDWe6wZIloYgg_6GVK42qtb54DvGOGNiakrdx4Do54ET8OkSwxdlQ9reSdBCSL1a4RpWMXZ8sA,Andrew Moore,https://play-lh.googleusercontent.com/a-/AOh14Gh1XOm9Z5nrFdS2AOzU6SCFcMlGRjn9957Qz9d0OVw,"Downloaded it so I wouldn't forget to do it tomorrow. I haven't played it yet but I know it's gonna be awesome! If your reading this review, this game is awesome!",5,1,1.17.2,2020-09-19 22:08:23,"No, you're awesome! Thank you for support :)",2020-09-19 23:41:37
gp:AOqpTOGcYQq47IE2k9jUz5bT3lX85v3JF88aLbZdczWfXfuCpyB57JiY29yPR1i3Gpg5R4cV3DeVt18_s2RC32A,Clint Christie,https://play-lh.googleusercontent.com/--mHVfZe4EAg/AAAAAAAAAAI/AAAAAAAAAAA/AMZuuck5Xxwnq83UYNF5wo3A5ybmXquXPg/photo.jpg,"This game is really really good and with a few more tweaks could be one of the best ever. Load times can be a little annoying at times and more control of your party members would be nice. There's also a bug I'm experiencing in Krasnoznamenny in the building with the police chief. When i enter the building i get teleported inside the furnace thing and get stuck. I have to reload from an earlier save to keep playing. Other than that, i can't stop playing it.",4,17,1.17.2,2020-09-18 16:32:20,Hello! We fix that bug just update your game and try again :),2020-10-30 19:00:15
gp:AOqpTOHdyi5NQScvU8TZzCn-g10k1VqJi9_z04kFLvhpMorZ-jIoHijKDyduMu_4_0VeBzCmqP346LnQGWukuO4,luis vasquez,https://play-lh.googleusercontent.com/-PQmDt7Px5-Q/AAAAAAAAAAI/AAAAAAAAAAA/AMZuucn84t5DdG_O9lRUpHK2L5AKXtMoyQ/photo.jpg,"Very good , game a few bugs here and thier but nothing too major, it's like fallout in your pocket!!",4,3,1.17.2,2020-09-16 11:39:55,,
gp:AOqpTOH-LVAhV6dIl4_wDWWX9Ud1mM3f7FlzGIA37lH6Jhehi1lzIuii3DPKg1g0B0k9vdGTcPa3jpN9K5gPhEU,Brandon Butler,https://play-lh.googleusercontent.com/-V_FwnPsJ5UI/AAAAAAAAAAI/AAAAAAAAAAA/AMZuucm-grZUCYnGICiZdhgBIDpKFx0OFA/photo.jpg,Very good game and the Dev team was always helpful with any questions that I had and they got back to me within a few hours the overall experience was great. I can't wait for the next game!,5,11,1.17.2,2020-09-16 07:37:28,,
gp:AOqpTOHTceCmuOTzbydmvt6-if40xEwk9l4QGYvzo7n9frRd5TZFoQIvianjJerRyBJCOwRVxGDfZ1ki5qCt5X0,Cantripping _,https://play-lh.googleusercontent.com/a-/AOh14GjMg4zhuMURtllsc5ZGhAzV-WtSqMOr9nN5UXs3Hw,"A brilliant homage to CRPGs of old, and a fantastic game in it's own right. One of the very few rare gems on the playstore, and at a very fair price, to boot: Once I picked this up I literally could not put it down. I commend the devs in making what is very clearly a passion project, and a fantastic experience. A must-play for fans of the genre, and a worthy entry game for curious newcomers.",5,40,1.17.2,2020-09-15 11:01:25,,
gp:AOqpTOFUvKbFq3WwqTr4El_3PkU3MXjqoKlqs55LwwE_cSehsRE8xVeVaEHEZkfU405ab7WgE3Z2Kr9HZE9ot_k,Brice Dowd,https://play-lh.googleusercontent.com/a-/AOh14GhUKXAl3qgfmjzm7mptwcMqr2cMsHaPJPOiZGyX,Bought the dlc but didn't receive a knife of camo or nothing,1,0,1.17.2,2020-09-13 10:04:59,Hello! You need to find crashsite location. This location is available after purchasing DLC and contains all items you need!,2020-09-13 20:44:34
gp:AOqpTOGzTEY-vyDrmQXe4mj0BBEC61Ydu4djplo_Fio0rpvtLgZFJ8Wwvb3mdpjoB50Cm5EOL-ibvgazwGT4IpI,Joshua Thompson,https://play-lh.googleusercontent.com/-Z1onCyudfcA/AAAAAAAAAAI/AAAAAAAAAAA/AMZuuckpWI2rThqXh9wP4OhL1bWBtAVcHg/photo.jpg,Awesome look forward to seeing more updates and improvements,5,2,1.17.2,2020-09-13 01:18:08,,
gp:AOqpTOHPKJHRCuV-wKMXJDbLspq41FD9bwR-gSz_skowvwMteb1PJ5yO0lMNRYc9dZ0sdMz9AOOBIOuxBVZ3FT4,Eugene Griffin,https://play-lh.googleusercontent.com/-KSttYOt5Ndg/AAAAAAAAAAI/AAAAAAAAAAA/AMZuucmU5NCEGl75pZFOw4LUsyzV78Opig/photo.jpg,I didnt save my game to cloud and now all of my things are gone to where i have to start all over,4,2,1.17.2,2020-09-12 19:44:03,Hello. What exactly happened to you? Can we help you?,2020-09-13 08:14:22
gp:AOqpTOGQ7kvO4GhC11jLS4ABFWT68NwH7JuoRgXXFuk35cUR7IeuWKr_BRkyPUaK0Rp-bpDvjpc4zAnyKS-fC80,Dovahkiin069Nightfury,https://play-lh.googleusercontent.com/a-/AOh14GjukDcw5Gyqo-QwQpd7udlIUa-VCPQlBa9eAGfJ,Few forgivable bugs here and there but EXCELLENT GAME overall! It's a very worthwhile premium game both as a whole and it's supporter content (The stealth suit is very useful.) 10/10. A very sweet love letter for the fallout 1&2 fans out there. Devs are also very professional and responsive but also has a heart and love for their fans and their work. Hoping for the continuous sucess of this game and the team and ofcourse looking forward for the ATOM TRUDOGRAD here at the playstore soon. ;),5,25,1.151.27,2020-09-10 09:55:25,Hello! Thanks for your feedback! We also want Trudograd in the play market and will work on it! :),2020-09-10 10:45:05
gp:AOqpTOFNJqgu_O0lZyyqUhkpQUWBL4iOGOkVI2n6HH4wZskru1cG0v6GaW-dFXl9R4Bim6BaMBvdvDlNcWbL-7k,Bradley Fite,https://play-lh.googleusercontent.com/a-/AOh14GikeC8Is86PPRb8ypEyUwpFApVt04eIwDMJNGi6,"Not the best experience. I was having fun until a rat pinned me down and killed me 2 or 3 times. I finally got past the rat. I got a toy gun, went ""PEW"" (literally) and the whole village, including the pigs and other animals rallied together to kill me. What the hell is going on to make anyone think either of these 2 instances make any logical sense as a mechanic? So, I didnt get far because the fun was quickly killed..like I was with the Rat from hell.",3,2,,2020-09-09 20:38:46,"Hello! This rat has its own name Mouserinks and is a miniboss. The battle with that creature is very difficult and if you could not cope with it right away, get more experience and come back later!",2020-09-10 05:05:35
gp:AOqpTOFifMa2iui9phasUnYL-AlnCsJ9Viiy57C3sfrf1v18aFBbUo-UrLmhAQgyKpu2aHZT_f-ImK02xuvBL64,Vixen Hunt,https://play-lh.googleusercontent.com/-A2WkjGbAPm0/AAAAAAAAAAI/AAAAAAAAAAA/AMZuuckM-j1wXOhzxFgYLnF024sRml9-jA/photo.jpg,This Is Very Good Start.,5,3,1.17.2,2020-09-03 19:41:51,,
gp:AOqpTOE8CspydGUTzEVkpEbBPPOZns4Ls7EfESctEu0O2AJJHvGl-Ul1tmCxTbRjp76WG5aBTxZ45A7ZzlluYF4,irfan muhammad siregar,https://play-lh.googleusercontent.com/-yqUMIWSnZ90/AAAAAAAAAAI/AAAAAAAAAAA/AMZuucnW7ZGLn8MLrvSDHckEmiA10FUF6w/photo.jpg,"The performance improved now, a bit optimization for the next few patch is appreciated You should give hardware requirement configuration in your description EDIT: Can confirm using SD 845 its still a bit laggy and the game only run on lowest graphic setting",3,5,1.17.2,2020-09-03 04:27:00,"Hello!
We are already working on an update to improve optimization. We hope it will be in the next patch! Thank you for support!",2020-08-20 05:57:55
gp:AOqpTOGSyPECZLRSAbNAWyW-wp9c8p2DZVHaF8jaAHf4rcVhhDSYo-DN-ENJUCUnrSJ9iXc0S5989k5VjNj7-gQ,Добрый Самаритянин,https://play-lh.googleusercontent.com/a-/AOh14GgvSe-3lmyKYw7RKUBFIx8de6ahaTxX4SwVmM4zag,Спасибо за прекрасную игру.,5,1,1.17.2,2020-09-02 07:31:05,,
gp:AOqpTOFMJ5Ewsy0BHXD2GSyxGgkvbNJZpU85wYsUeSpWGXGqG3u7RAOkfO4yGyzvMbwu3Rod18nC6hBnBitKw4s,Ryan Stansbery,https://play-lh.googleusercontent.com/a-/AOh14Ghj1700swsy94q067-6fWnr1FH1__CRBnOfwJ-Wqg,This game is awesome. Going to be the best game on android for me. Only problem for me is sometimes I have no idea where to go. The people add an x to my map but I can't see it,5,3,1.151.27,2020-09-01 09:43:46,,
gp:AOqpTOFLGC26ewvmS3QfBqKKZgVRNd3ehHeMrWA8yrlv7OjpEWDlXwOyOMWMThbfqPQxdBeham_Gp6Zscnk1k1Q,Bryan S.,https://play-lh.googleusercontent.com/a-/AOh14GjIlvQAExZWkgX7A7PPeNXHy1yz1Rf6fUwcN7SDAg,"This game has wonderful potential, although I've had poor luck with it. This is the second time that my character has locked up in combat. I can't move, shoot or anything else in combat. I've entered into multiple combats, reloaded and nothing works. I can't invest anymore hours into leveling up a character only to have to restart. Please, fix your game. I am otherwise enjoying it tremendously.",2,17,1.151.27,2020-08-29 08:48:36,Hello! We fix all type of thats problem in actual patch. Please update the game and try again :),2020-10-30 19:07:44
gp:AOqpTOEv4m5CjIJXAnVaIozz6aGhtHTfVXTlyz9HNRfM9Yw35XoBJapWiMPtFKqs3OPWtzXvRGMp0q2RTOnkO5E,Tom Rivest,https://play-lh.googleusercontent.com/-a205HlYvJgA/AAAAAAAAAAI/AAAAAAAAAAA/AMZuuckzTY2VNLO59K6PHo3f66a6ByPsGQ/photo.jpg,"I have a Galaxy tab S2 and the game does run but only at the lowest graphic setting. It's nice to have that option but it's a big compromise. I gambled when I purchased this game not knowing if it would work, I feel you should include some recommended hardware configuration in your description. Great game!",5,10,1.151.27,2020-08-29 06:22:57,,
gp:AOqpTOFSSmlxcY8S7zFB1-0l48HhXJaxEcrYYwt4-Jvd5pjnsBHZF1QApWgWK6-TRqEtvuDQNBSrDszyAxraVwI,Madeline Sherrod,https://play-lh.googleusercontent.com/-ge0h2ndb-SM/AAAAAAAAAAI/AAAAAAAAAAA/AMZuuck4bNw8Y5L2adB2L8FrB0e_F1svAg/photo.jpg,"ATOM is a fully developed CRPG for fans of traditional turn-based tactics games. The writing is what really shines. Each NPC has an exciting tree of dialogue and its tone is surprisingly modern. Topics of conversation can be dark, gritty, and sorrowful, but suddenly switch to playful without a sharp loss to cohesion. For the price of admission, players get a full PC port with 50-60 hours of isometric CRPG greatness. Combat is fun, survival, crafting, cooking, hunting, etc. It's all here!",5,4,,2020-08-28 11:37:06,,
gp:AOqpTOHscLOxJhp_1zBS6c_fb3GIMCSNGov9YiAVENzTyDQO0FXddAJ2fHXJTl6yFAg8xhJfTEA8VMwvr10yqsE,Biff Hitler,https://play-lh.googleusercontent.com/a-/AOh14Gj4IoDnVmIj3f-Utb88dya8M1QVwXl7ShMJ-LaVYpI,"Atom created a splash when it came out by it's faithful recreation of the fallout 1/2 experience. I'd call it more true to the fallout/canticle for liebowitz-ish vision than 3/4/NV, though those are great games. This seems like a great port, so come wander the Soviet wasteland. Dasvidanya!",5,17,1.151.27,2020-08-26 11:26:57,,
gp:AOqpTOGaAMRIP_ne-Vt8lZJQTIFxahEs28J76lwaMoaFSvKKo1xmU1MKQFfqwJS6_xLtQH40liXC3atVj3bRIcE,Tyler Wintringham,https://play-lh.googleusercontent.com/a-/AOh14GjPM-bYK08FJ8paG7ax5p4Olm7ofGYzHyJ_FG4_bQ,Too awesome,5,2,1.151.27,2020-08-25 15:25:01,,
gp:AOqpTOFnKJgIx6AFsxZRUOZv0gNw1sts9f4UEMtYTxDdFqsNY1AqacV5_DpTIgrh2YMTry60Bfh95L4PZN7dJn8,Alex Andrilovic,https://play-lh.googleusercontent.com/a-/AOh14GgbdaEJtbktbhwHzzAHLESuS8tU6JhYJwYVcoHw,"Game is good but lacking content and seems rushed. Dont know if it will be updated, bought DLC but I didn't receive the knife or ghillie suit like the DLC said included. Dont know what happened there, because I got the wallpapers and songs, but nothing else?",4,2,1.151.27,2020-08-24 05:24:39,Hello! You can find Crash Site location on Global map. That location contains all additional items. And thank you for support!,2020-08-24 06:43:48
gp:AOqpTOEWzCySdIDx1BFOHMmpYsLJlIu_1fzTe_DSje2Dw5ldIcm2Ayu_0l8XujkP5pPPXHq458s6MTTNtnhCAb0,Schmeat,https://play-lh.googleusercontent.com/-hvb2ZbJfa4g/AAAAAAAAAAI/AAAAAAAAAAA/AMZuuclLkeqMZ81GmNASjhAgGhu_hrzM_Q/photo.jpg,If you loved baldurs gate then you'll probably like this as well.,5,4,1.151.27,2020-08-23 17:50:06,,
gp:AOqpTOHVyD1zyiPqUPkRe0CMDusGHxICvUHYxTprJCLhGPxcUEYqk5u7WtJiHbcqYnyEvUW_O5CVyXg4qAjnMN4,Евгений Попов,https://play-lh.googleusercontent.com/-26guU36yS7M/AAAAAAAAAAI/AAAAAAAAAAA/AMZuuckAJFdYkA9S52x9ldrNmXh6G0X90A/photo.jpg,"Good port of a good Fallout 2 style PC game, no in game purchases or begging for money. It runs smoothly on my Samsung Galaxy S8. The only not so nice thing - it drains my battery to zero in about 2.5 hours, but a power bank can help with this issue. Definitely worth buying if you are a fan of good old Fallout 1-2.",5,19,1.151.27,2020-08-18 15:22:31,,
gp:AOqpTOFgRt3wpCQvbOrTvlpUf9H772VbI0YK6QVIbUWVTVRuRgBp6yxNpduRNqrf1MfMKY1MMK0KeUfYfRQcyh4,Gatot Aditya,https://play-lh.googleusercontent.com/a-/AOh14Ghju2VHYEqAqwVHETs4Ar9z3cd4-89v-DSOx3fGdw,"so far so good , I will try another path this time , not the same as my character on pc",5,5,1.151.27,2020-08-16 04:26:14,,
gp:AOqpTOEp-bP32SAh54U18XQp6WE-lvTlS98oFfW-KCA7hi3ZtWIzdHHQpskM1qmR0pdObB-zZTPJiylxI8E0dSU,Alexey Smirnov,https://play-lh.googleusercontent.com/a-/AOh14Gh9KOJYhC2z3iIWRr7RApiVIJu6LAREPgg2vw5V5A,"If you miss old-time CRPGs (Fallout, Arcanum, you name it) - complex plots, lots of possibilities, real challenge, grim humour, easter eggs, ATOM RPG is your choice. This time with Soviet flavour. Play on PC, continue on phone.",5,14,1.151.27,2020-08-16 03:30:36,,
gp:AOqpTOGgZzHU4NATX8N3enWOj-ePKb_9NRwh4qJ1QjesnWO4i3CmqEmE-fDcQTFcjU-ISvQnT650B3PfLAEhDZM,Matrim Cauthon,https://play-lh.googleusercontent.com/-oCpI8pmYND0/AAAAAAAAAAI/AAAAAAAAAAA/AMZuucmm7OlDsKDeHJjAhKTj1EvKu2H1Jg/photo.jpg,"While ultimately I did end up refunding the game, my phone was overheating. It is a very well done port and a much needed change to the standard shovelware on the play store. This is a solid 4/5, would be 5/5 with a little more optimization or possibly tablet only.",4,8,,2020-08-15 19:17:57,Thank you very much for addressing the issue! We are looking into the issue and it should be fixed in a few patches for most devices. Were you by any chance using a case on your phone while playing?,2020-08-16 02:55:03
gp:AOqpTOFIvIdJmG6wHZELDr9CJKI6RX-cOPH2oljkrQbMZtDdb2rLSgT224_zmDMR65y2LNKDV-bIxX3KQMM8okE,Florian Gheorghe,https://play-lh.googleusercontent.com/a-/AOh14GhwKv2HF_F-2jfASahHaGA2Ogv6AkJL_nwuyYwyNPY,I have played many hours on PC and I can finally say we got a real Fallout game for mobile now. Hope the devs will improve on this one like they did with the PC version.,5,17,1.151.27,2020-08-15 12:55:54,,
gp:AOqpTOEqmJkG7EXBBCwmYLGYwIw91tMYMfB4k4nqzfsnZXQcGYjKtS59ScPbMKiCuZsabKg22iRTQ6GOiDna80k,Pindyk Alexander,https://play-lh.googleusercontent.com/a-/AOh14GiKTCBDkEsZR_OMXagTmkB9aNMv5Wb-iakCs9cTH1U,Лучшая RPG старой школы на Android,5,6,1.151.27,2020-08-15 07:50:29,,
gp:AOqpTOEo2P-FrnH-C-cJEg5RgmWPqvVnV2igv8gw0TBOuHjyS6z5PXmNf7uweVEd1F3Gc2A4seL3RSLcBFq-OUc,Dmitry Martynenko,https://play-lh.googleusercontent.com/-cUIJ6bLw7dU/AAAAAAAAAAI/AAAAAAAAAAA/AMZuuclE4ZgRe0SNxEEpwW8JL3e23508kQ/photo.jpg,Ждал два года,5,3,,2020-08-15 07:33:11,,
