reviewId,userName,userImage,content,score,thumbsUpCount,reviewCreatedVersion,at,replyContent,repliedAt
gp:AOqpTOEz-G1-8rZddrFxyw2i9qG1898C62Uutwmhahw5084fC9UeUR5nRKddwKCyt70fotOIWhF058abV0KTCwQ,Tamika Thompson,https://play-lh.googleusercontent.com/-XWxBjRXfzXc/AAAAAAAAAAI/AAAAAAAAAAA/AMZuuclko4W6LJLu4Hrk-qh6nouUjb-8Dw/photo.jpg,Only was able to select one picture.,1,0,1.1.5,2021-01-26 06:51:13,,
gp:AOqpTOGoVaSSNZkKi7Yr3zs1Z_akIYJlW90A5v-24r4Wt8HizbKMdvn1dphXSpZSUGj3J0tdXpfxFZogQSPqTqE,Michelle Abdo,https://play-lh.googleusercontent.com/-qtm6_X5RLDA/AAAAAAAAAAI/AAAAAAAAAAA/AMZuucnPGh1DLxWQFk7P-1NI8XWSj0iD6g/photo.jpg,It doesn't allow me to choose from all of my pictures. The newest picture in the gallery it lets me choose from is October and its only 17 pictures. The free app on the fitbit versa was better. Not worth the money unless the bugs get worked out,1,4,1.1.5,2021-01-02 08:53:52,,
gp:AOqpTOGCBIK-6-Lkcgm0aj93Ny8pk75qlluLBQz_zlU0m1XmooLOLnPEACPMTiyaZ5fHPryNAUh6YT321-7UP3k,Oliver Gastelum Jr,https://play-lh.googleusercontent.com/a-/AOh14GgTt5XuTamYCWNqUj_R5LVVxAXV9PBAEUq59sTQPA,Horrible,1,0,,2020-12-03 00:13:16,,
gp:AOqpTOH2n5dY5V-rn3W_On1XKuhUPUTpvcS_akYUUPLTZzYbxTzTjOi1J1EKdHvI0riP95aOCWHXq2guHpqRW7U,Margaret Roberts,https://play-lh.googleusercontent.com/a-/AOh14GhadqDsF_OQ_RTTy0aYZL51piQN5loQWhLM5aM7qQ,Been trying to get pictures on my versa 2 for 3days all it says is connecting finally as I was about to give up it worked ☺️ then annoyingly they were all gone next day🙄,1,0,1.1.5,2020-11-06 05:38:50,,
gp:AOqpTOFnPbAh0Jm1SJZARwQ-r-cdu4cYtOLYvlS3j4DITPHd-PZuIpVeMEkwQaP-BTtDIA2zptCSpxPuOlEFDI0,Rosie Lynn,https://play-lh.googleusercontent.com/-K9c412GrKwk/AAAAAAAAAAI/AAAAAAAAAAA/AMZuuckIvj6oRnC7_WME72Bt_cufJqQY6g/photo.jpg,"I have downloaded my pictures to my watch multiple times. They showed for maybe 2 hours the first time and then they reverted to the stock pictures. Those arepretty, but not what I want. I just downloaded them for about the 10th time. Within 2 minutes the stock photos were back. I even Uninstalled and reinstalled. No change. There's not even an option to delete the stock pictires.",1,7,1.1.5,2020-10-31 00:52:36,,
gp:AOqpTOE0qnWKFNfnWcICsZJ60L1RLIHqeNq9b2qILMg3P5WlKrUVGCWsst7yWWodqPK-FKs89oyB94Cu6vFc_Ig,Kayla Bennett,https://play-lh.googleusercontent.com/-FUwKqQQbOsk/AAAAAAAAAAI/AAAAAAAAAAA/AMZuucle4a2YW_j5gabb9t3D0iJf7XeOZA/photo.jpg,Difficult and slow. Never did get it to work properly 😑,1,0,1.1.5,2020-10-01 01:04:28,,
gp:AOqpTOHSavw2L9W_tfxnOnkXM5lEneVdTaJGBvEWRPCySytTMmwLTCTch_WDeizP_Tyo09IKt8MAk8iiu9W1_Zs,Cindy Kasper,https://play-lh.googleusercontent.com/-xg0zOrHyBSU/AAAAAAAAAAI/AAAAAAAAAAA/AMZuucklPUI1AFkDSMYPjcq9VzhAAvy0TQ/photo.jpg,Never downloaded!!!!,1,0,,2020-09-20 06:39:27,,
gp:AOqpTOFEYhuKX-BRztygenAZKFtZo2c9lKbeoMPVa0UusdzafD7H-jwQDp2rnXpVh--HbDavppCLAl85VzGLQ4M,Diana Dlt Torres,https://play-lh.googleusercontent.com/a-/AOh14Ghte8yvSNTwcD9Md997LJNIKc5WnCC6LWRseSq-eQ,"Is a nice little app to get your favorite pics on your smart watch, once you see the video is easie and everything works good, I was pleased, the only thing that I didn't like was that I had to pay for the app but it was minimum payment so I guess is not that bad.",4,3,1.1.5,2020-07-29 04:05:50,,
gp:AOqpTOHNy5dvJ7cFxbRbuXCL9n-JLumesyFaPcxYESPepKfp4mYSv7K7ftOIRIm8qp3Gse6wWkQFWiWc61Q4Kok,jon garth,https://play-lh.googleusercontent.com/a-/AOh14GhMhcRYo4q8elFGWPqksgShF-ePQBdwU3HhyHyo,Terrible,1,0,1.1.5,2020-07-20 05:54:03,,
gp:AOqpTOHJMFuElGuxb9Z1-jm5dlPIwhSz-qAHqQgy_BjffTIhTXywkBNvpgu8WPpyS0XXzSw68f_OV4AUcMfLgc8,Naomi Walsh,https://play-lh.googleusercontent.com/-PDbXxT-69LE/AAAAAAAAAAI/AAAAAAAAAAA/AMZuucnK2IdAvZITygqHs7Dd6aaQ-h6VUg/photo.jpg,terrible...doesn't work,1,0,,2020-07-17 05:42:52,,
gp:AOqpTOESJfZbK_va9I_q1dBcUGo1IFDLEyHOMTHvfOoyH227JqyJT_6o5ERaUE3K08OCPw5Atrray7NXUsTq7WM,slay tanic,https://play-lh.googleusercontent.com/a-/AOh14Ghzd-ULtH2j-24rIt2tnhxm2x-n9etNm74gdArHTA,"Agrivating, I FINALLY FIGURED THIS APP OUT, at first I had all the same problems. *Read Reviews* The trick is to ONLY LOAD 6 PICS AT A TIME *possibly more, I wasn't going to push it*. Every time you add more pics you have to redownload again. Works just fine for me, for now.",4,7,1.1.5,2020-07-08 06:56:45,,
gp:AOqpTOEj73lmIgJ6mFMbb0DchMLxm7GHElkmt2CJFRzrj2mx8zZs21jy5PSxeyap1l82OofsviSN2jHK-AZGtm4,Pammie B,https://play-lh.googleusercontent.com/a-/AOh14Gi6q7CCAbg8CzbpJdtSRLR3Mhu752p8KxhpxqPViBs,I have to wait 10days to see if it applies to account. :(,1,0,,2020-07-05 19:02:46,,
gp:AOqpTOE1tULc-WrAgRfdpWg3ZzsD94cjY29E5iRZ6WQpP1l0jW8-k41Y1cbLnw-RM_JYlIFNWqAxgbIlD71dY1c,Vicky Vic,https://play-lh.googleusercontent.com/a-/AOh14Gig43AkVvfHySzw2-jzMAKPNXlD-oMQkYA7GdQ3,I didn't get any options to connect the damn app with fitbit ionic hence i lose my 160/- I wasted almost 4-5 hours of my life connecting with app but it didn't happen. I don't know if I could get my money back PS: Do not use this app its a nightmare,1,8,1.1.5,2020-06-14 01:48:28,,
gp:AOqpTOFwrkUXaC3D-U5zpcfG_p5H02qnkuO0yHxW2YQP2lAF4rnemLnCO-aUpkdhVsBXQPn7608dv5ZVzXKzEME,Kristen Moulton,https://play-lh.googleusercontent.com/-t1YlQVRXYHE/AAAAAAAAAAI/AAAAAAAAAAA/AMZuucnmrGhI3CmE7AAoRGUQ-AJmnplwyQ/photo.jpg,Terrible,1,0,,2020-06-07 18:06:27,,
gp:AOqpTOG7DSFVArqs2ii5TxPMxxbXs9OWn3spmEgxFX0-hXFEQcL-GpFCWLh-_tBLv-TS7rk_lB30242BzPjLDZ0,Brett Dobbs,https://play-lh.googleusercontent.com/a-/AOh14GgJsDl6hHQGWwfz9x1c6FhkYCzoOJBPD8cJcbEwJA,"+ and - buttons only work on their video. I'm not sure what version of this app they were using for this app, but I want THAT one. Epic fail. I would say to hang your head in shame, but you probably don't care.",1,4,1.1.5,2020-05-26 05:29:19,,
gp:AOqpTOHgH7V01J7H2Dfmf-tWE_DHzXZ8oXUkd_NTquTtcivCR3c8cgoRssaw7DbQyhXybbsDY9CP7iQbOEjWHdc,Darlene Wagner,https://play-lh.googleusercontent.com/a-/AOh14Ggozoj5yGJmkQWby6sq7ATERpGaF4J_AhTJ-GM,Does not work. Dont waste your time or money,1,0,1.1.5,2020-05-04 01:31:21,,
gp:AOqpTOF0vtMve18gbU5aGM8OFwQx1XYadowOo_mMW5lNru-9FxPUeFVQHNhJ87PhE5yHJXB07Mq48JTkgT5wu-k,Ariel Hunt,https://play-lh.googleusercontent.com/a-/AOh14GiJ9F3Lbl7PoTuc8WvjNBPJne2ATdZF74kSXHRE,0 stars. Absolutely unusable. Don't waste your time.,1,0,,2020-04-28 11:21:38,,
gp:AOqpTOEVCyQg4wBpfoPR0ZWaqRduamqQz9Mv3l3sAybtH2zeJl6M2uQZw7CUWwUV0CX7dnt-VPw5slPDDg-8SDI,Elizabeth Contreras,https://play-lh.googleusercontent.com/a-/AOh14GgtepXrhqS_zt99lReG4Q-lCpUVRzEGgILiocvb,Did not work there were no option to run app just upload foto and choose time frame? Did not auto run,1,0,,2020-04-04 06:35:19,,
gp:AOqpTOHbFrzU63cayIJPnR4OaSxPSO4Mtm_mfHIMDEDLsF6IfMGG9ji359ffF292Bv5RHc1LkGjdCxftpgqz3iw,Jocelyn Rodriguez,https://play-lh.googleusercontent.com/a-/AOh14GgNXOFRAwbBBamMsV-fgUV1Q241Sp250LVfpqTbPX4,Horrible doesn't work was a waste of money.,1,0,,2020-03-22 13:03:01,,
gp:AOqpTOE0p7xbgRr1m-daV6BfvEGq83s4rd03anhnSUFaO9ismBpE9kJA3h3fGKGFCM3aHzRxHdb_2dH7t1y3R8Y,Natalie Biswas,https://play-lh.googleusercontent.com/-ddbBJmyghrk/AAAAAAAAAAI/AAAAAAAAAAA/AMZuucnds8-E82pff8--2GfB-_tnBtnteA/photo.jpg,This app does not work please can I have a refund,1,0,1.1.4,2020-03-07 01:40:15,,
gp:AOqpTOHQHPNcoIZUCn8qpP5eboE5hR1i95aSCF6VRrq_vfwkCYEx-2WfhnhnG9Xqycy7OLpMOVcqaTVGKLn6Lqc,Danielle Williams,https://play-lh.googleusercontent.com/a-/AOh14Gi_7G94ZCHTZkcmINSCTkxAZyuBuAF6OMzwwoiXm4M,I purchased this app months ago and still unable to load pictures to my FitBit Versa. It continues to say connecting when trying to download my photos. Watched several YouTube videos but with no luck.,1,7,1.1.4,2020-02-09 09:38:07,,
gp:AOqpTOEKxrMLnmc4NfYmt-uepnuJLCZYQbPldX_VsWuHCgZJGj4BGG6vSi0ffBYEFXqpn2YxK5dSCXlozkPxH3s,Aidan Williams,https://play-lh.googleusercontent.com/a-/AOh14GjIHxPPPujafEJsP81vU7-Zg6W5cIdr2pZ_JZuQLw,Absolute garbage doesn't work waste of money and time,1,0,,2020-01-20 17:00:08,,
gp:AOqpTOFpqGz081oHK5AKWVDC4tHCZB4aJx_vBupUQ_LRntvUUk-6xp6oQ_2EV0MzTpMXXGdRnmonaeWcK1KyDPw,Heather Sansom-Day,https://play-lh.googleusercontent.com/a-/AOh14Gj2WHQ9VrWdtNKYtQIHFWOPYldQJ7L9f_UbnnGHAw,"Never could get it to connect. Three hours, and nothing! 😡",1,0,,2020-01-15 09:25:17,,
gp:AOqpTOHFdLJH4LbmxhCvfU0QtZc6dQQWGN2Wdf8iCUW525hKluKkQCzKjWQU-fgJQr28x-QVUybTwn_NJDiPyRk,Jennifer Glassmoyer,https://play-lh.googleusercontent.com/a-/AOh14Gie7VKZ-XdAhZIrCyPYwPK0xnxfczLAyJYzbm3wD04,Never got it to work..,1,0,1.1.4,2020-01-12 17:35:09,,
gp:AOqpTOG12kI5LMm7DEvNNOVMBwIR7qR1JW9Y7L_ucyfPjKnkq71EJOhe16P8HwS9u5oQ7pmgbcdlqTOkZNd3GW4,Jazmin Hernandez,https://play-lh.googleusercontent.com/a-/AOh14GgP76JrkjbHeTjMPxpO1JBjxiRuXdiDSVO9YxQQfsg,Have been doing exactly what the video said for the past 45 min... IT DOES NOT WORK,1,0,,2020-01-11 00:20:27,,
gp:AOqpTOFe8WK3slyjH4VZRxz5tPNkAbbHLD8lCP0ygY3pjEDb9XBEPA9y47zyuWCijvi3VM4XZNG7H9hpPd06Pok,manuela coelho,https://play-lh.googleusercontent.com/a-/AOh14GhbMFUqF6kNsoSPALqRuUskNUI-tOMaTM-6AcRZGQ,"DON´T BUY IT SCAM. SIMPLY DON´T WORK!!! (I tried it with 2 smartphones Android 9),",1,0,1.1.4,2020-01-09 10:20:33,,
gp:AOqpTOE7968pGml2SW6obpM9ibv8eilAjxt_pxXUZzQAE9T7OAMwe3WcHfduXcuprOrVeMolaCobNTTEAAPgfsg,tiffany minter,https://play-lh.googleusercontent.com/a-/AOh14GhIWIbXZLMassvByK2O4icQBhaATnF6vjaaXpXiUg,This app is terrible I've tried 5x now for 20 min solid each time to download the photos. I even tried doing only 3 photos total to start and NOTHING! I have a Google pixel 3xl so maybe it only works for certain smartphones or fitbits? I have the Versa2.,1,13,1.1.4,2020-01-07 12:48:32,,
gp:AOqpTOFAPHDkyS_A3xCFmx8tVobaYK3LyWgudW5hMzxUWJjJGsbAcGnooGJTmVTPxFl7Al846k8uccdmMb5eitU,Kiley Megan,https://play-lh.googleusercontent.com/-hfNSaINc9lo/AAAAAAAAAAI/AAAAAAAAAAA/AMZuucko_e0oeZ1hufARq1vbAy4ueWDwEQ/photo.jpg,My phone says that this app isn't up to date for the most recent android version. Please update.,1,0,1.1.4,2020-01-01 16:12:16,,
gp:AOqpTOGiqisvhNTlsnqXO22qg25-eXGfaWpYxjM8nXr636XJdMN0SgKlO1NLazNNtiF9jPPNrKGboMd6eZiGVFg,Tawnia Matsko,https://play-lh.googleusercontent.com/-tAekPVRIzWQ/AAAAAAAAAAI/AAAAAAAAAAA/AMZuucnUy4U5dyO9rqT9RaV3w0XIXmA8pQ/photo.jpg,"Do not buy this app! Does not work and developer only tells you to read and follow the video, or otherwise contact Google Play, which will not refund your money either. Someone's making money selling a defective product, don't give them yours!!!",1,2,,2019-12-30 12:14:17,,
gp:AOqpTOEJL2SlZ9DVS0N7UDNTbLMlzsEZW4tKHyE8vk-VCToJ_-IFOLabkZfGyIUbHFbCX0__G3zrR5qe35unREw,Jose L. Huertas,https://play-lh.googleusercontent.com/--VkuDG6wmxE/AAAAAAAAAAI/AAAAAAAAAAA/AMZuucm2Gz4u0XJCXt5N0gmU2IrgRYqfTw/photo.jpg,Is useless. Don't works. Is a fraud. I waste my money and time. I don't give any star. Only give one for can to post. I want my money back.,1,0,1.1.4,2019-12-28 23:41:13,,
gp:AOqpTOHF1TaEXZCGKrkosVG6eeinYE6g1SitvLFJKHwxcrcodjTk5CoQbcFqy41CWOT47rem6FSA0sYvwLbt22I,Michelle Moseley,https://play-lh.googleusercontent.com/-ir32leBB1QU/AAAAAAAAAAI/AAAAAAAAAAA/AMZuucn1BRmBNXCJyANaAuCj75-s_jUcag/photo.jpg,Doesn't work and I want a refund. Waste of time followed the video and still no use,1,0,1.1.4,2019-12-28 00:42:14,,
gp:AOqpTOG4rOmSiLISogVJJaqbZKySVAMpSv15q8trd4W9-JJbnOxgmoY0NsilGv_af0X60YubXZ7emYV-QrpP4IY,Deb Snyder,https://play-lh.googleusercontent.com/-p7k-HBr4-Zk/AAAAAAAAAAI/AAAAAAAAAAA/AMZuuckR9mqK2FZqPb-PsqLRTFo-nwl0lQ/photo.jpg,"Awful. Can't get this to work with my fitbit versa. I would love a refund, but I suppose that's not going to happen.",1,0,1.1.4,2019-12-26 13:35:54,,
gp:AOqpTOFNO5kkBPbdiRiOcJxq8O3nX7swV9C31MnU-GUr9BPMHIRy4wL7AjKxabxLoPUSYp246a7UjSKj6S-jHSA,Amanda Elford,https://play-lh.googleusercontent.com/-fy4Z1bcJv3Y/AAAAAAAAAAI/AAAAAAAAAAA/AMZuuckJGnwy-F_HlIYPqQwrrth5Ew0T9w/photo.jpg,Didnt work at all on my versa light,1,0,1.1.4,2019-12-25 13:11:58,,
gp:AOqpTOF6vpYJpGh14O2dsvfCtaXdWik-gQEYjozipV0668kiAkW8fw2NKuBTaWt-Ewgkml_NYw9Ky0I0yeH_qog,T T,https://play-lh.googleusercontent.com/a-/AOh14Ggtw-9kaVnpA8SVRyENzWLCKYmn24ZYWftC4y3QD5Y,"I have purchased this app few days now and the stupid app will not work. I got the right phone follow all instructions, watch their video and still they too my money only to be frustrated 😠...SUCK AS THEIR RIP OFF PUNK ASS...",1,3,1.1.4,2019-12-23 04:31:31,,
gp:AOqpTOHBOYZEVM_rdEfxY2dSHwdRFasLpgNiDGfGOoWzm4kGpRX5NJoyilF61JmgQDRhmy0WUF3O9VgtwwjAo1g,Prabish V T,https://play-lh.googleusercontent.com/a-/AOh14Gjb4XdJwMV2_AYCFTMlvPRUAC3L5PhuIzNlqsVfFw,Not able to sync to my fitbit versa 2,1,0,1.1.4,2019-12-22 19:21:41,,
gp:AOqpTOHyK1_G5j4nT8J39A-E6pwZcCi2Oodmro1KwtDZ0PtmfPQ6__VTQH43I9DAuEmBKPSQ14DuS_uLciRE7qk,ANTTRAVESE SMITH,https://play-lh.googleusercontent.com/a-/AOh14Ghk7v0Bfm68s9QU3JcR2rEkuHPZNydU5xzHDCJyxQ,Major NO GO!!! #Next,1,0,,2019-12-19 15:13:58,,
gp:AOqpTOFyUiVW5FKxR53QESnwpXUf-aGd_ttqRrFJEHPP0lsrQ8TyaERrrO5WQLD9vrVOaCFJntNjnABFdnWyS7I,Muhammad Taureza,https://play-lh.googleusercontent.com/a-/AOh14Giz-tammzHY-eCaNFbVxOidV2LQhjN9_Sku5ttXP-g,It did not work! I tried downloading like 10 times still not doing anything!,1,0,,2019-12-19 02:17:26,,
gp:AOqpTOEZO-Suc5dONkuHm8KNs4_SKm-oA98grP0YSr1aHXNtWuTMgUwzd-uUF7u6fKOjL90lOvscx4pIa74Imzs,Tene Greene,https://play-lh.googleusercontent.com/a-/AOh14GhYDOEWeA09tqz-WX-NF0HyphITGHCDl0dmBVHsmQg,If I could give this app 0 stars I would. I should have heeded all of the negative reviews before purchasing. This app does not work at all! It is a waste of money. I have been trying for 2 days to get my Fitbit Versa 2 to connect to the app with no luck. I have tried every Troubleshooting method I could find online. I know my Fitbit is connected to my phone because I am receiving all of my texts and notifications. Do not make my same mistake. Do not purchase this app!,1,34,1.1.4,2019-12-15 15:17:17,,
gp:AOqpTOGwOsUKbnrF7boJEgfJ4nlFF4VenlA_CW7MLSa8ahnYAkatMPXOKptYFY4OOxCHgfeVU6NXq5yeSA_ceCc,Lauren Gerheauser,https://play-lh.googleusercontent.com/a-/AOh14Gigg9rRtVUJfWXvxyCqyzhlKY0HcxxBFhjtjI1J,Does not work. Android phone. Versa Lite.,1,0,1.1.4,2019-12-14 22:01:10,,
gp:AOqpTOFfrW0Kx6kjfKo1zXFGLP3cjfSjYAYx3qrQweGj2HMCZWcxjRhjxzoci2Jk4WXUWZLvrW89HIes_jCRR_0,Paula DiBacco,https://play-lh.googleusercontent.com/a-/AOh14Ghdq_nMnaBMxwAkDYL1YpEWgESpQ4D1aF6uy2zVAMg,"Doesn't access all photos, and can't easily browse.",1,1,,2019-12-13 18:39:04,,
gp:AOqpTOGDGayBH3ydqrw6xeJZ0K1cPOZuzRqyjCwqnWHYDw1RIbEhKdfhoeoKoWVY-iJJfzvTqQMPApA_4uX3PhM,Debra Overton,https://play-lh.googleusercontent.com/-5TwPj-i6ohc/AAAAAAAAAAI/AAAAAAAAAAA/AMZuucm2VET9g_NpgGcQbgAry5DJqpQFxA/photo.jpg,DOES NOT WORK.,1,0,1.1.4,2019-12-08 15:15:18,,
gp:AOqpTOFW0_ZphmrVqt9qb9UBZpl435Z2JufUN2RpqiqK35X1h1SC1KsaKHjMbLjhe2YmY4C7Xh5BmUBFqxvfoco,Chris Murat,https://play-lh.googleusercontent.com/a-/AOh14GiucsCX7P8-QRn1r_NPfF5M-4GlCyeySvKEGNvUTg,I am giving up. It keeps telling me to run the app while the app is clearly open and running. Pass.,1,2,1.1.4,2019-12-05 19:36:02,,
gp:AOqpTOHgxTRgc4ypaEuBfsJAbZ2mO_qjCWvkLIdyNxrpv7w_Flvsb_Jm01PaWIYQ6yYhhYcZycMYiPqsKV0Ssik,Tammy Burt,https://play-lh.googleusercontent.com/-0J2QikM9e6A/AAAAAAAAAAI/AAAAAAAAAAA/AMZuucl4eeup2k7AMHw-d7yNWY6zBpZ4qw/photo.jpg,I want my money back this app does not work,1,1,1.1.4,2019-12-03 11:12:16,,
gp:AOqpTOF4P1oPV6RaHmBYgXofDv9BOGsT6LNRwx7SohfrJDK-ATVx8NGtRwPjmF-YNKFTGsh-TJ3oU8sJz5B39Wk,Enoch Harris,https://play-lh.googleusercontent.com/a-/AOh14GjrkRoy3eE_zHX3axccTjXEB9N-KFR6R6o4xSm6Wgo,Doesn't work.. I waited an hour to download.. Nothing,1,0,,2019-11-29 13:27:44,,
gp:AOqpTOH15A69hhh4rHB6rtevj7uU9UDeRZiSbF6PQSkn4Xjf6HddBexL_A_Qhwby_TFp59HWeaWSdkpN-2Dr6aA,Rahul Hegde,https://play-lh.googleusercontent.com/a-/AOh14GiBrn4TmjknHsC7PZhRwJ5z2G3S1PY3aCDr3UVffQ,Does not work...followed video on website...not getting refund from Google as of now.,1,0,,2019-11-29 10:00:54,,
gp:AOqpTOFjSGnZU6BGZLiKULZ2-cYpeAG2VKAzm_9GrEnAbCKpDGHZ4Cli3YVSRR92hO5pBTHorOHMX7dRyb2xngA,Kimberly Williams Lewis,https://play-lh.googleusercontent.com/a-/AOh14GikAGLW-b9ac3CIiYMtg1Hfy8plHLuh1XZLjwlYmQ,Would not download my pictures!,1,0,,2019-11-24 13:56:36,,
gp:AOqpTOESjph1yabbF0mQei2nt32OnDzKEzv3PCE3VQ-ksajNI8YP1sfbim86ASg3StB4riVzibxDrL7MOiQG6Ww,helen R,https://play-lh.googleusercontent.com/a-/AOh14GiCRXk7SUNq6YgfqDY_cMVlsKbeSpnPduKqBEYesws,This app sucks sucks. Not worth paying for it at all. It selects an album for you and it doesn't load.,1,0,,2019-11-22 12:15:43,,
gp:AOqpTOExJBxAbtgAY3FhycsJS6GVOEHzQzkCwIlRNcmj8s791n0xHX287WxXXAF8CX54OZcrZtc7syW8YYLJtlw,Jay Yates,https://play-lh.googleusercontent.com/a-/AOh14Gj1-kcyFb6vqarNtbmXZLbbBP0HwpFpk9T78tIFgU0,Total waste of time and money don't bother,1,0,1.1.4,2019-11-16 01:37:38,,
gp:AOqpTOHNXd6MTT1PB2l21WrjYMkssDx75LMbCnK3hoVxpDPmchUp2hnUqZIPKg7ezZ2B6JhV5obLRSqADUfv458,Thomas Grambor,https://play-lh.googleusercontent.com/a-/AOh14Gh_8K6EeC-MYop7aLi-tRqsOm0HgKZsQpyjy1KiQQ,Very hard to understand..cant download any of my photos from google photos! Not a good app,1,0,,2019-11-12 02:56:43,,
gp:AOqpTOFhUw0MICmQ_tKTeBjjzkYFfgzP_hADMEImhgUzXhI_pOHN_sptCKqTJTfbFa5l1GQVzKXS3qLYbmSIapU,Kristine Blanton,https://play-lh.googleusercontent.com/-PcWH6qkJfv8/AAAAAAAAAAI/AAAAAAAAAAA/AMZuucnOX5wU7c8NuoryaXGWw8fnm95Dgg/photo.jpg,Can not get this to work!!,1,1,1.1.4,2019-11-09 21:11:24,,
gp:AOqpTOH9zMm6DQ5yh4o0nJZijgy4Ze2yaUx7cIOsSNoQxSFLmYDwc6AGLpnjwelpKoSkQ6KUvMSrR1rEfiufsRA,Alecia Miller,https://play-lh.googleusercontent.com/a-/AOh14GiwVywwmdaovGcgVM5h8AH43ClEk8YLIfY__Di1yA,"Wish I could give this app 0 stars!!! It by far the worst app I have ever used! And to think I spent money and tried to download my photos despite the bad reviews..... I should have listened to everyone else when they said it didn't work, because well... It doesn't. DON'T WASTE YOUR MONEY OR TIME!!!!",1,13,1.1.4,2019-11-05 14:52:12,,
gp:AOqpTOGFwKTMhuukseKack-rMsPc31qWnHXHRJn5aITzG8W5imxQ_6dMIW14wl8tixE2-Gwn2qKgN1tMcJnROE4,Blades Dark,https://play-lh.googleusercontent.com/a-/AOh14GjS3D594HdEwLmsFXDRTBheBA8DGmTs-a6BPF1Kxg,Could not find the app on my LG Urbane,1,0,,2019-10-30 21:30:34,,
gp:AOqpTOGDk23svd0dMVb8HoAqtVvayXXKj0E0JYjXuOe0P0VmORLn9nExPpnPY_2txq-7Y1MMf8YpDZV2n5yGNaU,Charles Nature's Way Video,https://play-lh.googleusercontent.com/a-/AOh14Gi0-07kcCTcj35q6h_en-Fn_Jkh_luKHiDhIqh2,Worked for me. I love looking at my own photos. Thanks,5,1,1.1.4,2019-10-11 15:39:44,,
gp:AOqpTOEeKTPvSr7ytiuJ4knsXGKE_p3nQjUtIHneaUg7_Sanhewn_YFT0EqLTuDJrLVjY0AGsixOa7aTOCCCMD8,Perla Carabantes,https://play-lh.googleusercontent.com/-YuFqmxikJR8/AAAAAAAAAAI/AAAAAAAAAAA/AMZuuckQRhWG0qqTBIvQDrvQL88cueC4uw/photo.jpg,"I watched the video, and I followed all the steps, still it did not work with my fitbit versa. Soooooo disappointed. Want my money back!!!",1,1,1.1.4,2019-08-28 20:01:45,,
gp:AOqpTOEvnD09xYKvDMpVPbKHR5_oCfiOeXOceCzWz9OdcJsOQHLixwQ3IzpfRbWafMob2eGj7R4rUR2L2u-c2mw,Theresa Rodriguez,https://play-lh.googleusercontent.com/a-/AOh14GjZG5HqqYx25I3Q3s2n0pLxZz1LxI7r9in9mVDD,Although took a moment to get it to work - the video is very helpful. All steps must be followed for this to work. Able to load personal photos for a watch face - love it.,5,11,1.1.4,2019-08-18 04:55:28,,
gp:AOqpTOGof0wChLch8lZeGQW1U1kKpjjIpm7Cus67M3ZDGFNP9xf9dgej-xfNIyVUI199z8vm7LCq6QouwGjWZP4,RaBecca Thomas,https://play-lh.googleusercontent.com/-xvoZ3Zzn7SM/AAAAAAAAAAI/AAAAAAAAAAA/AMZuuckyvpAEeySTGd6aPrPBZorEtS8sUA/photo.jpg,GARBAGE!!!!!!!!! COMPLETE WASTE OF MONEY,1,0,1.1.4,2019-08-09 18:19:54,,
gp:AOqpTOEEQqwp2wsgKCASS72nzsNjH4oJxKxBbVpb8Tzc_rFrpjamIBEqAgoF4b2wiuuvA_Jn_Do-y8YLCzwGmaM,Scott Tadema,https://play-lh.googleusercontent.com/a-/AOh14Gg3k1d0tJLrBWyX19OAtKc20o3G_MasE-WgBB5x,they must be a better way...,1,0,,2019-07-30 14:01:50,,
gp:AOqpTOFf8QM6fVo3Aw_JSfcOzbQb-aiRdKUi51eDR7Hzal7tcaR5lpQ8WA8Jx68RO5zyRU_MedfeFBhJfuxO3lI,Sarah Jansen,https://play-lh.googleusercontent.com/-pZv0ZU6byUE/AAAAAAAAAAI/AAAAAAAAAAA/AMZuucmbhiy-9eFvWr1DV_8r8qJpk2K43Q/photo.jpg,I've tried using this app multiple different times using my fit bit versa and I can never get it to work. I followed the video exactly how it says to do it and have sat waiting for 10 plus minutes for it to connect and download my pictures to my watch and every single time it says 0% downloaded. Waste of time and money.,1,13,1.1.4,2019-07-20 09:48:42,,
gp:AOqpTOFInv3p-o262TsJv3STvjXx6kxsL1Vs6Rmml9fEqEneMihRgPxEdgCTP6yo81G96ruv3lXD9t5K1wJeA3I,Valarie Cervantes,https://play-lh.googleusercontent.com/-pQkuYW2KwZI/AAAAAAAAAAI/AAAAAAAAAAA/AMZuucnTfrtad1k47DkW3cP2RY-n27Y8xg/photo.jpg,This app sucks! It does not even work properly! Waste of time and money 🙄,1,1,,2019-07-09 19:57:40,,
gp:AOqpTOFe0YqKRuXFRGukNMRJPWqKq5x0Cn64DCLfrFmFsR7ZuRt4sZrSyM8yW_XtJM1JAvtYNWJg9spzGsCGEbg,R V,https://play-lh.googleusercontent.com/-qNvYVVnocDU/AAAAAAAAAAI/AAAAAAAAAAA/AMZuucniHgusvY-jNudrv0LDLC7LifK9XQ/photo.jpg,Total waste of money.,1,0,1.1.4,2019-06-08 21:27:50,,
gp:AOqpTOFM5i4eQn4eHAFE0qm3dZJ4TgTHtbOfLiGCwDmV0kI9iaBntGW1zz1opSAiFbgTEe3ZtgofC5q-hHaj0Vs,Chancy Hansen,https://play-lh.googleusercontent.com/-rEGMsDvd7Bs/AAAAAAAAAAI/AAAAAAAAAAA/AMZuucl7syiOMSraHi6CtCccGrx8Gh3RXA/photo.jpg,Horrible. Very hard to use and impossible to use the photos you want,1,1,,2019-06-08 13:43:37,,
gp:AOqpTOEupg4WMwjh9ls0nuwMzYGcrkbOx5AADfk4azKBRzbEalMdrTK4cpRIClxvyNNIbdSkfdqsh_JHc8W0INk,Melinda K,https://play-lh.googleusercontent.com/-rRXeey-ahNs/AAAAAAAAAAI/AAAAAAAAAAA/AMZuucl7JC5L2TqzYo5kYv4zb0VXFePpWA/photo.jpg,couldn't get it to connect despite watching the video and giving a person who does have to do it for me and still nothing I give up. wish I could get my money back.,1,2,,2019-05-09 10:54:37,,
gp:AOqpTOHkz68fGuDqusTP5RUdAaTGXe-RJXEH4Z4Ol35wCKK_43UdtLWEy4UkVsZXffIPscEZzro6H23IGlSjPYA,Mary M,https://play-lh.googleusercontent.com/a-/AOh14GhHZ_rxYJ1GKv3rjstKrUYkg_6NE0-VU5phZh5zhgQ,"tried over 1 hour and it never worked. watched video on iPad while using phone and watch. the sync option, the closing of app... nothing worked",1,2,1.1.4,2019-04-16 08:31:00,,
gp:AOqpTOElT3sy0k9cbi7_WYTdyldXN-Qn8sdRblkSwFFRqdNSnopKV7XLeW6XMZXEvSfj8NW1kXJLh4pKZcIar2I,Stephanie Alvarez,https://play-lh.googleusercontent.com/-AYZmMYBVghU/AAAAAAAAAAI/AAAAAAAAAAA/AMZuuclwERMJJ9Yp1W6lOjskLBX0WKVGGg/photo.jpg,I purchased this app although the reviews were bad and that was my mistake. There's hardly any features on the app and I can't change the pictures. It's basically stuck and it won't update. Save your money!,1,3,1.1.4,2019-04-12 19:27:20,,
gp:AOqpTOGcWLD73B6YLUmPATp34i5uGbMQCOKPpbDFjrLG6jbf4EuLSiZf8H8mR0udHQYjuuBmIuwfUZemaOB8-VE,Michelle Moore,https://play-lh.googleusercontent.com/-hphf0iO2wJo/AAAAAAAAAAI/AAAAAAAAAAA/AMZuucnj_UZGuSHgxdJxjyltkOhUSS9UNQ/photo.jpg,rubbish it will not work... and i have watched the video and followed all instructions i love the idea so please let me know when you improve this app but please don't waist your money until they do,1,1,,2019-04-07 13:04:51,,
gp:AOqpTOGJlJfotSH0pLSBol_eeZyIFG59dnlDhQ6mTpoAkGQYyhMp0nutE25RYN-KqOu_GvT91EcqI2takP-jB7s,A Google user,https://play-lh.googleusercontent.com/EGemoI2NTXmTsBVtJqk8jxF9rh8ApRWfsIMQSt2uE4OcpQqbFu7f7NbTK05lx80nuSijCz7sc3a277R67g,Awful!,1,0,,2019-02-12 10:49:55,,
gp:AOqpTOHMTXeeHbiRXlteIEKHji0htxvQ-6zk5Jp2Awz-5RytWBdsQsKDtnfPfIZFxaD2RFSpI3okIw4qcH_7Slo,Kim Walton,https://play-lh.googleusercontent.com/a-/AOh14Gjt_PZJudLpaILEWuKDIwcBGVNKs1P-aImNaWQOEg,don't waste your money or time on this app!! never downloaded pictures of my own. no feedback from developer. very frustrating when product doesn't deliver what it's advertised to do!,1,1,,2019-02-07 01:44:07,,
gp:AOqpTOGU0iTYmwG1A21K9q4cbvNrmQg17O0B5zs_PAxfkyNKmbILqyyEv12C2HiRPAs5uJ-ScY3zUqEqOYby3sA,nikole jones,https://play-lh.googleusercontent.com/a-/AOh14GhuSEEBV-ebFU1QeLVvCbNCwmPZJhiDIcXB6tIihyE,"i have tried for 2 days toget it to work with my Fitbit versa, abd it wont upload my photos at all 😒",1,1,1.1.4,2019-01-13 19:10:30,,
gp:AOqpTOGd9i8niW6fAxIwhPg48WaqzFgr7wwdpu9SVZl1xZmKQxNfcKlf0nTY1vRy5UsZpm7KFbLxv0rIbaLEKu0,A Google user,https://play-lh.googleusercontent.com/EGemoI2NTXmTsBVtJqk8jxF9rh8ApRWfsIMQSt2uE4OcpQqbFu7f7NbTK05lx80nuSijCz7sc3a277R67g,Shouldve read the reviews before buying It does not work. Simple as that,1,1,,2019-01-07 08:14:09,,
gp:AOqpTOGLO7m1_Rq481IReqtOuLnKRG5I11smZ-xOMT3lTcN-0NwaHOn34o5efuaG_A2hbMQJE6EaRwNF2uDnTg4,Alicia Turner,https://play-lh.googleusercontent.com/a-/AOh14Gh1SIzHrzDp38fHKIR96MJZllni_eVsyXIYuW4iFiw,"Works for Fitbit Versa. I was a bit skeptical at first after reading the other reviews, but I'm glad I gave the app a shot. I only gave 4 stars because it is not a quick install the app and your good to go. I received several error messages and had to use a few of the trouble shooting tips including a restart of my device Samsung Galaxy 8+. I like being able to add multiple pictures versus having only one.",3,7,1.1.4,2019-01-02 14:23:53,,
gp:AOqpTOHGBa2rZhgrcTvr_zrDrD9MqYOgzQoplCLWJydZ5IdoYqrWnniVxorICYHi3vLcqryZjIXTIhc-sepPWvI,ericka thompson,https://play-lh.googleusercontent.com/a-/AOh14GhQkDjYzDrN-VH7VPMd9Qgf9oVKX1B-lvjvsKcmlhQ,does not work like advertised,1,0,1.1.3,2019-01-01 08:18:17,,
gp:AOqpTOFYGjrYPs4nQNcU9sklKdnYWsbhySiG-Cktc2EA4IhkU_d4KvIFU4TYhvLGCMc4hHgx8fEYnXqFfxqrbdw,Chase Origins,https://play-lh.googleusercontent.com/a-/AOh14GiLsXADqvp8qFv74qmMnUfc25j259IHTfaxbkWqWw,couldn't figure out how to connect my phone to my watch,3,0,,2018-12-26 14:34:21,,
gp:AOqpTOGR2z9KouNt4pdHrs-cFrIouuDWZxTHsXgMZO81GdvyED88Ci7WppgnVc4jv0DtJUa8DDEy_rjg_bw0vUw,Joel Osterhout,https://play-lh.googleusercontent.com/-JM4Woa0Zgyw/AAAAAAAAAAI/AAAAAAAAAAA/AMZuucmGsMvJTp1ebJ-1vO7OE429-E48aA/photo.jpg,doesn't load photos into my Fitbit. so its worthless to me. Should have read the reviews,1,0,1.1.4,2018-12-23 06:36:16,,
gp:AOqpTOFdSgOfFxns2p3-VRltcDAB3uZ1wS9Z-HuhHB99b46i6Bcq8hcqy2HtVE0zo947mkgMbDI0jGqJsBNviRQ,Brian Carberry,https://play-lh.googleusercontent.com/a-/AOh14Gi48ciOvdrwiuHJNwBrHBtQv5nmTg0n7cYyv1ezFQ,"it doesn't work with my fitbit versa and huawei. does not allow selection of photo or download. stocl photos appear on watch and it say connecting but no pics are downloaded. Update got it to work but dont know how, I did everything im the same way but this time it downloaded.",1,7,1.1.4,2018-12-20 13:48:58,,
gp:AOqpTOFSRyal4LEUAyn_rlktuynqgDEq43Qnyje-AiBoCLrwRRSobhIgz0yhsDDVl37qQHAUIqn1Iem1NxvvEMQ,MELANIE PACE,https://play-lh.googleusercontent.com/a-/AOh14GhtXnxBuv-yb0hhEQQDygdTRSK3E39rz_MWOlVjog,Very hard to use,1,0,1.1.4,2018-11-14 08:38:54,,
gp:AOqpTOESVuj1yepL-Gb8i7oaA0vOK8MyXoUmSQBKOsdgySPJVqUKKwNSaQSNORO1QcMIqkk-odlFUCoM8qNQC3M,D Walton,https://play-lh.googleusercontent.com/-2VLmAK-0fck/AAAAAAAAAAI/AAAAAAAAAAA/AMZuucn3-cxRg1u653_n1Skk9-zfaPCQIg/photo.jpg,HATE IT...DOES NOT WORK WITH MY VERSA,1,0,,2018-10-02 08:14:54,,
gp:AOqpTOEyfpYLF9Kuvkqe-YriSwoN528Sn7r8stOE5cFwL0FhZ-RKs0nmPlIDzez7c3DsJ8qNO8J2mYldOvug1YE,Angela Grange,https://play-lh.googleusercontent.com/a-/AOh14GhkiDRZSCf_RWjym81pcYDsANYuV38bnNcMn5Oxfw,I tried again and again to download photos tomy fitbit. I watched the video over and over and i still couldnt get it to work. Load of rubbish,1,2,1.1.4,2018-09-20 11:39:12,,
gp:AOqpTOF28y8k7YslgZ8dZTkpdk0FqkIfpjsocEECkLafXOuvSk36U_7t1IKEOChouE74aH3203SRsUeePH9kxAs,jennifer cano,https://play-lh.googleusercontent.com/a-/AOh14GhYEaHfcahbtpX-vjrhSf1DCTpfKUpUvq5W_4VoIEw,Doesn't load pictures to my fitbit Versa!,1,1,,2018-08-24 09:40:50,,
gp:AOqpTOHKFicacLScx4ZTiq6aare5cavLsG-aftLYtRuIpfElHZFNd39cbbXtUWAaJAf3SH-M5ABnI0nw6b6IAEw,Maria Senior,https://play-lh.googleusercontent.com/a-/AOh14Gh8yneFHiYQKtuVXuF6ksBKWFFNOyXPzn4qcvwA,I should of read reviews and looked at the star ratings first before purchasing it doesn't work and everytime you try and hit download it closes you out and doesnt save your pictures after downloading and when I finally got it to download it only saved 3 pictures. Very unhappy about it,1,0,1.1.4,2018-08-22 22:50:48,,
gp:AOqpTOFxhvhyGwSu0p8NRTJ2746QmfdMbfASSBo5moarlboOg2tEvzGV6CCETqIvY4_7j6ke-Ix2pO7SM8xG_MM,Doreen Ayers,https://play-lh.googleusercontent.com/a-/AOh14GiJAjWUkzeEL1dwPsOFqcKGV1X4RcfyssTZCvHn,"The app kept shutting down as I was searching for pics to download. I 
finally got 10 pics downloaded, but after they were loaded, I needed to 
edit the placements of some of the pics. I couldn'get it to delete the pics 
so i could start over. Not perfect, but I like it.",4,4,1.1.4,2018-07-21 21:05:58,,
gp:AOqpTOEJgEOXjL598R1CUFtlkFRllHT3kRW3Kph0rUhA7LGO-NS70b7JcH_VWcGH0iriQ09di9Tvg3zfl2QhFZ0,Jessica Oliveira,https://play-lh.googleusercontent.com/-7C9WFdcCGX4/AAAAAAAAAAI/AAAAAAAAd0k/AMZuuckgkndzDGOA8ieSaU18oGIIuRanWw/photo.jpg,"Make sure both your fitbit device and phone that you are using are 
connected to the same wifi network and make sure to sync your fitbit device.",5,0,1.1.4,2018-07-02 09:06:19,,
gp:AOqpTOF0PcOJIBWf7l-dtCce_y9-21cggTzIjXJlfj09KRHDnvk0OST8XgYofbs82jCBpLXgm5Ewjqkk9dDoyW0,Julie Singleton,https://play-lh.googleusercontent.com/a-/AOh14GhFBK-v8NmTyYCb0y_3AzhdNxMH6XMWUZadXmXbYA,Not sure why some are having problems. It was really easy.,4,0,1.1.4,2018-06-24 10:04:45,,
gp:AOqpTOF_GWzUr0NpxCC1tNEVc-_FtitwoZ_8da0CjcPvEQX99Vyit4NpbMo_eLwiM14mdPMUfjlZ_XSx87-jdw8,Stephanie McLaughlin,https://play-lh.googleusercontent.com/a-/AOh14GgfZH_f3u1NjIcGEzEPkWSySKulSeu8Tc87_UirhfA,"The app worked perfectly for me this morning! My Fitbit now has some of my 
photos downloaded. I will update if I have any issues later. I am using a 
Fitbit Ionic with Google Pixel.",4,1,1.1.4,2018-05-26 08:25:47,,
gp:AOqpTOEsqr1X-6W12mXB58_G3mKPyFnrSdu4IZubLivN0mO7qLaKOg38mlPpbFmiKV4dTCbvIhJdB8NbRx8llnY,Angel W,https://play-lh.googleusercontent.com/-ml1uzFY7LRI/AAAAAAAAAAI/AAAAAAAAAAA/AMZuucmJrFN5aRSmiewfYFAAUtOonL8GOg/photo.jpg,"I should have read the reviews first. Watched the video and followed step 
by step. DID NOT WORK! Tried starting over and went through the 
troubleshooting link provided as well. STILL did not work. Just a blank 
screen on my watch. Even tried taking it down to 5 simple pictures. 
Anything to get it to work and nothing. I definitely want a refund!",1,2,1.1.4,2018-05-02 07:11:12,,
gp:AOqpTOFS7Bs_hS97N8aFRt91SD3Ny9frX6xIS3hwcrVu2nSEWG51WqPKB3RABmqyhClXnc8lo7rWA2mCMhgvCD4,A Google user,https://play-lh.googleusercontent.com/EGemoI2NTXmTsBVtJqk8jxF9rh8ApRWfsIMQSt2uE4OcpQqbFu7f7NbTK05lx80nuSijCz7sc3a277R67g,"Can select photos but album in app doesn't update. Waste of money! If album doesn't update it therefore can't upload.  Your ""standard"" comment doesn't cut it...the fact remains that the Google App itself doesn't update the album internally, much less actually upload it.  Updated version still doesn't work.",1,0,1.1.4,2018-04-13 17:52:27,"Please read the app description: 
""On your watch(!!!): tap the ""..."" button and then the Download button to download new pictures from your phone.""

Watch the video
http://www.PhotoAlbumWatchFace.com/ 
 
Read the trouble shoot suggestions at: 
http://www.photoalbumwatchface.com/faq/",2018-02-01 18:39:43
gp:AOqpTOE6aRbo4d5dssNBSz83d0_P9_0ozwS3aRenCFLXeTOzChtlLVtwnj_7XGfiVNjH4m1o9OI9r1IcUQFDDWY,reza etemadrezaei,https://play-lh.googleusercontent.com/a-/AOh14GjciuVF5A4z2EpObiaFPpOp9_U_BadNWJa8t2wQ,Not work with fitbit ionic,1,0,1.1.3,2018-04-13 13:51:32,"Please read the troubleshoot information and watch the video:
http://www.PhotoAlbumWatchFace.com/faq/",2018-04-13 16:43:08
gp:AOqpTOErqpP_P4vF1ATq0GvoGH51rDc_lN5p-g2dDbTX6uxmOcV5-lSRtFdYnFyZrLDhVkfDseoosVvWyf77bU0,Daniel Ellis,https://play-lh.googleusercontent.com/a-/AOh14Gi7Stp95ayMcIqQ53ZZxqKzP5VZ5iQl7N4loDVCqw,On Android it only recognizes Gallery and only in the calendar view. The round selection circle dors nothing. Just to undeveloped. Should give choice of photo viewer apps. Very un-intuitive. Works but very clunky.,2,0,1.1.3,2018-04-05 20:06:43,"Please read the app description and watch the video: 
http://www.PhotoAlbumWatchFace.com/",2018-04-06 12:23:03
gp:AOqpTOGNOobGjTPyM5Sig-Hal2oqqmY3ae5lNzzblTqZZdoRUFjU8-q_b7OZseTIMN5LeyddWy-EKuK35DiEgz0,Mary Salonick,https://play-lh.googleusercontent.com/a-/AOh14GgYPX5hKzokjjgfLiCsHuwUdmyB6RBP_svGLpJlMw,"I have been trying for several hours to add photos from my phone and sync it to the app on my Ionic and it will not work no matter what I try. I have followed videos from online and tutorials and this app does not work. I am not computer illiterate and very tech-savvy so it's not for lack of misunderstanding how to use it, but rather the inability of it to work possibly on the new operating system that was just downloaded for it my Ionic. Waste of $1.99!  *UPDATE*  I have tried your troubleshooting tip and techniques and this still does not work!  It says ""connecting"" and then bounces right back out to the app screen on my watch.  Your blame is then placed on Fitbit for not correcting the problem.  I want a refund!!!",1,1,1.1.3,2018-04-04 06:21:22,"Please read the troubleshoot suggestions:
http://www.photoalbumwatchface.com/faq/",2018-03-25 20:22:27
gp:AOqpTOH7tqc3h807XTmwOlSBNS0yXwZdSACrHlaLNMjY5__Y0RNv7Gfj5T3-VjvoWyp4EriT1fGADUno-XRzONs,Nik Nak,https://play-lh.googleusercontent.com/a-/AOh14GinFiERGkRxnurPZmFqNdLxi4b5XDQh2VDTELR-,"Will not download your own photos onto the watch so completely useless. Don't waste your money, refund needed!",1,0,1.1.3,2018-03-22 04:19:22,"Please read the app description and watch the video: 
http://www.PhotoAlbumWatchFace.com/",2018-03-23 20:07:21
gp:AOqpTOFrDylS9bAFKcGn4ZpZnRK1yW33AwzSVKFX8GyK80aoMVKMJWCRSPeMMGioA83Qyg85zPGk2NWjTsHY9ac,Oscar Holm,https://play-lh.googleusercontent.com/-95Owhl_r7zQ/AAAAAAAAAAI/AAAAAAAAAAA/AMZuucmkjtKhSP8WCMLRgmT6-5xvecW1qA/photo.jpg,Eh worked for me,4,0,1.1.3,2018-03-07 22:25:01,,
gp:AOqpTOHYoOwApR_TcyluB-hjVICAw1ffjrh6W6YIA2vFsq9wdCmzeiezFV7i86U0gwW5bv0Ec4AOv1AXYWHSgAU,Virginia Bunker,https://play-lh.googleusercontent.com/a-/AOh14Gj6iC7Hs8H2OFVMjilVot0WINvHVqu1N9cG8YxusQ,"Can't get it to work, won't download, gets to 78% and won't download any more. Tried many times and months.",1,0,1.1.3,2018-03-06 21:01:42,"Please read the trouble shoot suggestions:
http://www.photoalbumwatchface.com/faq/",2018-03-10 12:39:20
gp:AOqpTOEscBVRpyZXkvvLT6O8JBWY6w7dYc2D8HmiUF20ZjJNoTqXHa-NwmauerGNDXhghBhFe_kP9SmXt0JZbvo,Lindsay Morrell,https://play-lh.googleusercontent.com/a-/AOh14GhF06jWMC4_o4Mz7HbFK5uclhM1GKoHNerWriIiUQ,The only thing this app did was remove the default pics. Not it's just black and my photos won't download. I followed the video on site. Don't waste your money. A refund would be nice  Edit** reply to the reply *** I did read the trouble shoot and it still doesn't work as multiple other people stated.,1,1,1.1.3,2018-02-15 20:49:46,"Please read the trouble shoot suggestions:
http://www.photoalbumwatchface.com/faq/",2018-02-15 19:18:44
gp:AOqpTOG2JTcQpv5mPbYb136t2eAaVeUCzE3-mAYT8Yy7Dh7SJ4VVZjC0gTe4hFm4P8hKNLBsWa0rQ_2pHQHYg8g,Heather Karnes,https://play-lh.googleusercontent.com/-V89twAGGw_0/AAAAAAAAAAI/AAAAAAAAAAA/AMZuucnf9WN5ITbs4a5uRCcqyMHzEbUW7A/photo.jpg,Waste of money!,1,0,1.1.3,2018-02-15 19:01:04,"Please read the trouble shoot suggestions:
http://www.photoalbumwatchface.com/faq/",2018-02-15 19:18:53
gp:AOqpTOH_-6TnogS8D0pUqUiJHehNERcfA9mR18PPdbZFp9jjfeA9x8Kfk_aCzYiXQI0PCvx5057bQ0lz616XchY,Yau Siang Choo,https://play-lh.googleusercontent.com/-NNl6pXCxAAk/AAAAAAAAAAI/AAAAAAAAAAA/AMZuucnw-3eI5a4xXmMyeOKTXP8CtZd9Uw/photo.jpg,"This app work. But too hard to use, cause lot of bad review.",5,0,1.1.3,2018-02-14 09:51:24,,
gp:AOqpTOFf4-5XMqh_wG0rhlKoT2yVLnwXxvUgPdSWR8-2PAEWBcdfCgwjUvlBs7KGwfea5hIRhexryF1l1ZzoNFQ,Fabio Valente,https://play-lh.googleusercontent.com/a-/AOh14GhLoD101jx_G97srNsZIlg6PqdHyLmGeNE2iN1d,Garbage I want my money back,1,0,1.1.3,2018-02-11 07:35:06,"Please read the trouble shoot suggestions:
http://www.photoalbumwatchface.com/faq/",2018-02-11 09:49:03
gp:AOqpTOEGEDQSFZX4bRkr_DCZNXbnOML2CdtYPTKIF0p_YfB2tBiOhd-xGdQLPd6AvSdvZLYO80-C4tNqJlAuwE0,Jendayi R,https://play-lh.googleusercontent.com/a-/AOh14Gi5-pAqGCeJQvdoqyQ_rFQHO7i2-YaGqVAWNO4l1g,I've been had😑,1,0,1.1.3,2018-02-04 16:16:26,"Please read the trouble shoot suggestions:
http://www.photoalbumwatchface.com/faq/",2018-02-11 09:49:16
gp:AOqpTOE_BxXhxsCGIxYSMsQpDTW8RPaSKfiUhN-7CTsE8Al_UHRlFsW5pa0d-C7IOWQ9_MzQqJWKcj3uAtuUn1o,Elise,https://play-lh.googleusercontent.com/a-/AOh14GimTyJgHGnItBZGDAAIWjaFJoPdCsDkc6vkVtDZWA,I wish I could get my money back. I can't upload my photos. Only the dumb photos that come with the app are on my watch. Cheesey app. Not worth it. And I've read the description and you still suck so do us all a favor and delete this ridiculous app that doesn't work. Ya hacks!,1,1,1.1.3,2018-01-31 17:15:52,"Please read the app description and watch the video: 
http://www.PhotoAlbumWatchFace.com/ 

Read the trouble shoot suggestions at: 
http://www.photoalbumwatchface.com/faq/",2018-01-31 11:56:34
gp:AOqpTOGErWMzsrZ4WI3TLqcKMIJ7olqfpIxBVOX25tMRxhcFgT2bW02VTkzsWxAg7pvka0DvXd3hKIMF_Vkq6EY,Sophie Fish,https://play-lh.googleusercontent.com/a-/AOh14Gje10m7atUNo8DVeOCHqwezhPAPWVn5ByaCK4pauA,DO NOT BUY. the app doesn't work.. unable to make a photo album.. all my fitbit displays is the photos already on there (that I haven't taken).,1,2,1.1.3,2018-01-24 07:15:16,"Please read the app description and watch the video: 
http://www.PhotoAlbumWatchFace.com/ 

Read the trouble shoot suggestions at: 
http://www.photoalbumwatchface.com/faq/",2018-01-24 11:29:52
gp:AOqpTOGWNiN_mpNHTswpD1l0zw2Aie9PuLPaaRPCRiEvIQyx1gvlR2iUhkEv6CxP8ZOZFPG7v_WbEg0q-3x0V4U,nicole graham,https://play-lh.googleusercontent.com/a-/AOh14GjxEcioTfmMCtxFftKPitxcpEAX8u4MRTuryqQk5Rw,Paid for an app that doesn't even work.,1,0,1.1.3,2018-01-19 09:10:33,"Please read the app description and watch the video: 
http://www.PhotoAlbumWatchFace.com/ 

Read the trouble shoot suggestions at: 
http://www.photoalbumwatchface.com/faq/",2018-01-19 09:51:48
gp:AOqpTOEwkP2I4Ne7ut3vhbIjq07MPAjJZQo-3RfVYcK2f8RWcZyOf-94h1qb6TxmLhrLYLKhrzBFvbEI6__xGbo,kimberly hardy,https://play-lh.googleusercontent.com/a-/AOh14GhKGATnY6ymDUXZ4gbQeqgNN0m63iLLT7ZxpBxQVQ,The app would only display photos from 3 years ago or more. No button to fix that.,1,1,1.1.3,2018-01-17 06:50:05,"Please read the app description and watch the video: 
http://www.PhotoAlbumWatchFace.com/",2018-01-17 11:23:47
gp:AOqpTOFoiS8K7WJ3jtNDaFNNEGLTngAE2skXauf7NhLdiqsStZIcZJ02Acs-nxH4Tqbag_S9_EW8bOH2wwsnOPY,Georgia Erbez,https://play-lh.googleusercontent.com/a-/AOh14Gi3p4S8WenCtTBYdI_aSYvIAdMfMnD2WdSy8p0gCw,"This app is a waste of money.  It doesn't work at all, and the support is horrible.  They have two answers to any question:  start over or it's Fitbit's problem. Great idea, but seriously you should not put out a product that users can't use.  Ridiculous.",1,7,1.1.3,2018-01-13 14:24:16,"Please read the app description and watch the video: 
http://www.PhotoAlbumWatchFace.com/ 

Read the trouble shoot suggestions at: 
http://www.photoalbumwatchface.com/faq/",2018-01-13 15:09:42
gp:AOqpTOFpKd4G0dc4YoX3k_Yq89eEPWXf6IyfU-0mOGxyYd-GGKAybyuDx2OPn2UeQbjIrXAlBhmAcY9BuNdKGBQ,A Google user,https://play-lh.googleusercontent.com/EGemoI2NTXmTsBVtJqk8jxF9rh8ApRWfsIMQSt2uE4OcpQqbFu7f7NbTK05lx80nuSijCz7sc3a277R67g,Downloaded app and when i click download it says that its connecting then the app swithes off on my watch and then nothing happens. Nothing downloaded. Waste of money and time... :/,1,3,1.1.3,2018-01-09 10:57:05,"Sorry, we can not help you with watch connection problems.
This is a problem in the Fitbit Android app, which is responsible for all the communication between watch and phone.

You could try some of the suggestions at:
http://www.photoalbumwatchface.com/faq/",2018-01-11 14:03:12
gp:AOqpTOH8yYtn6aGpiQPVv6dPclg2Hr08A_-mNUYpI2GoM22YW3umM0sRv1dMPVjltBnxEmIGISNQczsSiRsjJt0,Anthony Hoang,https://play-lh.googleusercontent.com/a-/AOh14GjlV6H6qZOXF3yeKRC5eY4Y_maUuFUeUpVJuFL_IQ,I tried to develop this photo gallery app for the ionic. I know fitbit smart watches are in its infancy and it's difficult to create apps for the ionic. The photo album app on the watch will work the first couple of times.  If it stops downloading new photos. Try uninstalling the watch app and the companion phone app. This worked for me.,4,0,1.1.1,2018-01-03 21:39:48,,
gp:AOqpTOF-JMiIcjwuwR2K8pCmGAl41ugrhCHwAZg-CoG5ilJrOoFmJ5Cb19VIcho26KwHewWAK3vAzzgR6KI31Yc,Anthony G,https://play-lh.googleusercontent.com/-Qb8fCgSq_X8/AAAAAAAAAAI/AAAAAAAAAAA/AMZuuckGijgPTmVnS3PfqR07gZeIraWIsg/photo.jpg,"Tapped on the ... and tapped download. Now its just frozen on a black screen that says ""Connecting..."", but it never connects. Its been one day so far. Any help would be appreciated. Any solution will change this to 5 stars. Thanks. While I appreciate a quick response from the developer, I think pointing the finger at Fitbit is a waste of time and is not an attempt to solve the problem. I would think that since this is an issue that I see in nearly every review, you may consider working on a solution with Fitbit and communicating that with the people who regretfully paid for the app. Changed from 2 stars to 1. Will change to 5 if a solution is found. Thank you.",1,0,1.1.1,2017-12-30 15:10:22,"Sorry, we can not help you with watch connection problems.
This is a problem in the Fitbit Android app, which is responsible for all the communication between watch and phone.

You could try some of the suggestions at:
http://www.photoalbumwatchface.com/faq/",2017-12-30 14:55:07
gp:AOqpTOGHC_HbU1yt06gKzerjngqrRtAfh8H1o19I640WpxqktZbSDXegqPxeqIgPoFlX_teQV5I-HbRnuXrNUGk,Dirin Nihalani,https://play-lh.googleusercontent.com/-THTWo1FBbXQ/AAAAAAAAAAI/AAAAAAAAAAA/AMZuucnTmQZq2hMh0krVcU5iv2Z9ghT1sA/photo.jpg,Selected photos on the app but just says connecting on the Fitbit when I click download. Nothing happens. Can someone help me with it?,1,2,1.1.1,2017-12-28 00:56:17,"Sorry, we can not help you with watch connection problems.
This is a problem in the Fitbit Android app, which is responsible for all the communication between watch and phone.

You could try some of the suggestions at:
http://www.photoalbumwatchface.com/faq/",2017-12-30 14:54:45
gp:AOqpTOFZZDJ9ZEE-MgRshaeD_NLqlxrodn8qt5CG3ZPu4yuqyjYLO7c4sMkoMHZB-MPfIBPyxrc8Ht2B78aGJwg,Jake Amos,https://play-lh.googleusercontent.com/a-/AOh14GghiYYSjE2tqdDxHnLpOVzC12j7GKKaz1Ai0eTTiaY,"Great once I got it working... Run down for how it worked straight away for me after a playing around... Set up photos on app, then sync Ionic and make sure it connects, then click to download whilst synced up, then a warning will appear on the watch about opening app, then open the app and instantly click on retry and then download... Voila, worked in 5 seconds... Hope this helps!",5,1,1.1.1,2017-12-27 15:23:45,,
gp:AOqpTOG2KS2zXStzusZAIGbGVWwfe3o8simlGJCFYKD00kJhjFF-4itPi5PJFF5F4kv6pGKCFsrZQK_uJJnnses,Alice Haines,https://play-lh.googleusercontent.com/-CnKogvWdCKs/AAAAAAAAAAI/AAAAAAAAAAA/AMZuucnz4RljQXR3t4OFylOC1mkHSnDVfw/photo.jpg,Paid for it doesn't do what it says waste of money,1,1,1.1.1,2017-12-27 06:58:37,,
gp:AOqpTOE39VuQNdxnSa-qMTwOOCRotzbMdbV2MrrnSjI4gQYB1VyJpDV69sJBBUNKdwta3FzCVWaJZo3XZtBb7HI,Graham Sweeton,https://play-lh.googleusercontent.com/a-/AOh14GhxaGAsgdjtiNeyZ70beN24TNRrRVGdx-vLQz-2hg,"The app is pretty much useless for Fitbit Ionic users. However, the developer was quick to respond to my complaint and worked to fix it. Apparently problems lie in the Fitbit app's connection to one's phone. Once this issue is solved I'm sure this app will be very well received.",4,3,1.1.1,2017-12-26 18:11:17,,
gp:AOqpTOHNy9aedMd6zf-RHc5gOpdGNXZfYX2YIbRMRavrTCL1YDwAV4voS4TejQh9SF8XVD7TGNrqQ6ycD2tjr9c,Amber Forsythe,https://play-lh.googleusercontent.com/a-/AOh14GgBwfK8MS7rxkQhwMsITpY4zmPORi4rYtYMmGI9,"Does not work, there's no download button like it says",1,1,1.1.1,2017-12-26 04:37:21,"Please read the app description:
""On your watch: tap the ""..."" button and then the Download button to download new pictures from your phone.""",2017-12-26 19:16:47
gp:AOqpTOFe6NyFSSI8d9RUywkfhcY5jkdfzlDrXZGtR_eFW7oDO0_NYZs26HA8Kjqof7R7fDwSVIFC75ZwywoIuMY,Andrew Attack,https://play-lh.googleusercontent.com/-_TikYEjQLXI/AAAAAAAAAAI/AAAAAAAAAAA/AMZuuclRxArFsmp_Gs3ZD91jTmAVWCxqxQ/photo.jpg,"Paid for this to go with the app for the Fitbit Ionic, it does not work and is a total waste of money",1,3,,2017-12-25 19:25:21,,
gp:AOqpTOEq9_eXTMqeIQEUjd69GK-jCyXDCzGEEI46xki0VdIRNzwWL5afrI8e8iE_Dki7e1OZpE8mqa9OplYYHcw,A Google user,https://play-lh.googleusercontent.com/EGemoI2NTXmTsBVtJqk8jxF9rh8ApRWfsIMQSt2uE4OcpQqbFu7f7NbTK05lx80nuSijCz7sc3a277R67g,"This is a decent app for the new fitbit ionic, as far as a watch photo display!  However they could definitely add some more features.",3,2,1.1.1,2017-12-25 16:14:34,,
gp:AOqpTOHJ2ExLatKtvyZaQrbOc3_qoiP5riWaQ-tDWwsYD93gbrT9Jv4wpa2JrW8Sy1QjsAzhAsnsbY5MZY0DYuQ,Jackie Page,https://play-lh.googleusercontent.com/-c1BD3AcR85s/AAAAAAAAAAI/AAAAAAAACXc/AMZuucm0S9oVJXljNyUf6j4J4VkR0xdg0Q/photo.jpg,"After 24 hours of trying, would not transfer my pics to my fitbit ionic.",1,3,1.1.0,2017-12-25 04:20:51,,
gp:AOqpTOEH0Oi4OBqI9DbKjUV2XeSWCdg9Dy83n8UFFP0pYMblXw_1cc4IBLHo-G1M1yXcWRypCHTARZIkO1EeWYE,Tasha Juliegh Davis,https://play-lh.googleusercontent.com/a-/AOh14GjuqRVt99oBWNo4M_nTU_uGaRMKSrBztpcPmIyRV7c,App failed to provide download photo feature for my new Fitbit Iconic. Also doesn't allow you to pick just one photo.,2,4,1.1.0,2017-12-24 16:31:17,"Please read the app description:
""On your watch: tap the ""..."" button and then the Download button to download new pictures from your phone.""",2017-12-26 19:17:35
