reviewId,userName,userImage,content,score,thumbsUpCount,reviewCreatedVersion,at,replyContent,repliedAt
gp:AOqpTOEJ8c-u-8ToB732ZWIAPEzUgnj-Krl0ptrezE_fD3LtmTMh_sc6Z288tMK5eV_kvivx9NKubH5DuCpdcuE,Tiffany Ashmore,https://play-lh.googleusercontent.com/-vy2fGP4mEtE/AAAAAAAAAAI/AAAAAAAAAAA/AMZuucnULQ_LdvHuwV6a7n1C4LxlHQfMpw/photo.jpg,Absolutely terrible. How is this even an app? Lol,1,0,,2020-05-23 15:51:05,,
gp:AOqpTOEV9IiGPC_KhftJ-xpK35ZGvV9QLONwxneREtmanDhQTtrp0Lww3rsHmH9F0n41eYYg8IzDrq31mYRwda0,Deezeezed 1,https://play-lh.googleusercontent.com/a-/AOh14GgBvphBk1ha6wVfBEIqsOEbSOxcmLHnBLnjQc_2qw,I guess it's jusy not my kind of game it's the same thing every level trying to make him turn where he needs to by setting something down in his way when you can hardly beat him there is aggravating not entertaining,2,1,1.1.3,2020-02-15 11:21:38,,
gp:AOqpTOEAHSauMBulGfFrBPJmNsDV3A0XV9MvGbFe-XrYmnfXc7X-dVetB93RgbtPAwtiWbclMpwvKrfuahUcPSk,Samantha Groth,https://play-lh.googleusercontent.com/a-/AOh14GgMAOhjdbXJ28q0GK5UyPpNLRIE1Y_D8DmT5UxzWA,Seems pretty repetitive. You just move an apple around,1,0,1.1.3,2020-01-01 01:53:56,,
gp:AOqpTOFuix6nOGaZQwEDpuJE1EYwSbHGHjTWzRMWEqtKeEWzQMi9eazTCtruHESEgvqMC4PtpyhtPt2oK7UuyDc,jar8425,https://play-lh.googleusercontent.com/a-/AOh14Gj9RxJBLRrjLdat9H0TagWTb4y-KYLsXP35kn7-Rw,Controls like a bar of soap in a fishbpwl. USELESS. Delete,1,0,1.1.3,2019-07-08 20:50:10,,
gp:AOqpTOGpveuDkFZk0mhZhJnzisgmnFI2LcRCSJdlxhIqMlOYCS6v9zkc_D7gtXguqzE6XPpwlVPAdA_h81oqKxI,Eduardo Passeto,https://play-lh.googleusercontent.com/a-/AOh14GgLX7TRE51mAxqjk6unieouxPQITjf9GAoOYCxKvg,"os gráficos são legais, a ideia é boa. mas é realmente impossível controlar.",2,0,1.1.3,2019-06-30 18:33:03,,
gp:AOqpTOHEJHiDVrc4iUDWByYi0vCrKqVKJylYKOdtK86M2P9pkr35Bvm9cJZwCAU4v05j_Ceq_nXbFmA8OkyiuYI,maria coleman,https://play-lh.googleusercontent.com/a-/AOh14Gie92rHwCzxtj20ZHh8VP2zbpfu-QMayeN8JCHh6g,"very difficult to use the controls. Controls don't respond! I bought this game thinking it was like Sleepwalkers Journey, but sadly its not. First few levels were easy. The controls are bad and impossible to move the apple or the creature! An awfully disappointing game.",1,12,1.1.3,2019-01-09 17:19:28,,
gp:AOqpTOFS_OwnvMLGGfyrhKZAGuRaXbG4lOPNWQh-b_RJpBnIQytskzP5FNVewSd65AGGrD4ppKG9EePSg4q47mw,Aung Myint Naing,https://play-lh.googleusercontent.com/-r4W6apIxDH8/AAAAAAAAAAI/AAAAAAAAAAA/AMZuucnps67jA6TsgnXsgWLf-mus8YXp0w/photo.jpg,I think it is a little difficult to place the apple on desire tile. But graphic is smooth and idea is innovative. Keep developing 🤗,4,14,1.1.3,2018-10-23 21:03:20,,
gp:AOqpTOFO0e3AECP9Ha8VjbZc_0-kmOcZdG9MB33E4HqJW4kaN41wYYLkvNVgiKDqn4Pisbp7vz_KWDB3v_bXgQ4,Ricky-John Kirkman,https://play-lh.googleusercontent.com/a-/AOh14GjMPrr0xywIXbFmj3ASONY16zX3QKNUhsH3Gv-p,"Boring me to sleep! Awkward controls, crashed when Bob got on the bed, so great first level. Uninstalled",1,4,1.1.3,2018-09-21 03:35:59,,
gp:AOqpTOH6nvSX8PGMMRO-MI9A04qg1F1qFU-RvMLPSF1VWPc5Mf44JJLz-zF3IEjIoOVLzigoFWEUFH1pc_fk0_M,Thamil Thamil,https://play-lh.googleusercontent.com/a-/AOh14GiguP5EBexokskvbEkQJlMCWRovdpFyBL3mYsIY,Very worst waste of time,1,0,1.1.3,2018-09-20 08:17:38,,
gp:AOqpTOH0pGYg1PBABhDeAbwm4Sf6lCQy_S6zNMBmDJu6bowMp0qqjqwteq0l7JU_Y5sHnXeIhJ_mjun5Udwwxqk,Edward Hauff,https://play-lh.googleusercontent.com/-Y_V2P1Rm2G8/AAAAAAAAAAI/AAAAAAAAAAA/AMZuuclPA5ohEf4SLBYiDXePfwX-a2e3Yg/photo.jpg,INTRUSIVE PERMISSION: Device ID & call information; None of your business for any reason at any price. INSTANT UNINSTALL.,1,6,1.1.3,2018-09-19 18:53:29,,
gp:AOqpTOEK5Zhm-WCBRE3OVajuiQsQl90oF0JVvD9CwacP-0KP66uAehaP9xDhwTN8D-wheYUuHXoGSsnRTW3UK00,bulitz ecroz,https://play-lh.googleusercontent.com/-g0yFd8Z55R4/AAAAAAAAAAI/AAAAAAAAAAA/AMZuucmh_2uCEnO2lj3PR_KUkqYtFtNC4Q/photo.jpg,Well and good.,5,0,1.1.3,2018-09-19 16:40:43,,
gp:AOqpTOGBvKkWTqyaTM4Cy-2Bt8DpU8cSFkAcwUBsT2IQAQ4QMl-q3L5NqL8QU6XD5GbtX6WL6rA0x4kgQCQQWXg,Gonhom Ye,https://play-lh.googleusercontent.com/a-/AOh14Gi_Y0FqOMIeGW8k4N_jIN678bnqqySA55xjARCg,画面不错，游戏挺搞笑的,5,0,1.1.3,2018-02-16 05:30:30,,
gp:AOqpTOHrdd2Po7THDTgRREwzmODcZHThddkRiXliMtT0Lws7fgBlvf-6NL0zxyT2UzfMJWQQzZ8Q81GY2B9ejBM,maggie champion,https://play-lh.googleusercontent.com/-I85GpgpvxE4/AAAAAAAAAAI/AAAAAAAAAAA/AMZuuclWedAZd55_eC5HwsJ88yE7xK2xOA/photo.jpg,Nice graphics but impossible!,1,0,,2018-01-31 15:14:15,,
gp:AOqpTOGXkbTu5GnHyeebQvUH6Up0fH_Xs-wMWYRoQcoP_6i1Z0fGWWPnCHBix3lFJ9IbkEdoZqhGnjWIWxBNi48,gabby uwu,https://play-lh.googleusercontent.com/a-/AOh14GiZW8QRBi0cdc6TsS0R2Ba-osGGRIj4Z-SwdgaORg,AWESOME game but I don't really like it,1,0,1.1.0,2017-10-06 22:46:04,,
gp:AOqpTOH6GPTZfDgigH0rs3QWpM8wJiYSN6OOboHORMyFl4gNDxitk2Lr_DfG_5V6c1P1C327D-nZWkmJ2kMSq_Y,Thomas Chan,https://play-lh.googleusercontent.com/a-/AOh14GieyMGPmvG156oZQsMtXsxshU1gtpmz7QwcH1YvfA,Way too short and way too simple. Needs more complex content to be considered worth buying.,2,0,,2017-07-13 04:52:34,,
gp:AOqpTOHKPgEhuXXW0dmAYFpGnkYJmguRG2H0JCnm_KPg4_bIfwXS3HwPoo2pfxU3YXRiyKwQ046lwoKsUVE8XSs,Nicole Kobrowski,https://play-lh.googleusercontent.com/a-/AOh14GjH9I2ZcGhkGNzZm1-wFNaW6zWA-i5iHvdXZ1pO,I installed this last night and woke up to 35mb of videos added to my phone bc of the permissions it wanted. Uninstalled it.,1,2,1.1.3,2017-06-03 04:32:02,,
gp:AOqpTOGPAgwJPWEJvwmuymJDumB9azwYd0KxHOBJ4nyotNijPl1eNIqChqeQkhuY7kc6VfO_tqLqpO83kY21N3Q,Ananya Gupta,https://play-lh.googleusercontent.com/a-/AOh14GiScOmuJMk10_A_NwB9hoQl7nyMvHBRbjy3tWrXHVQ,This game does not use Google Play cloud game save. The developer also no longer supports this game since 2015.,3,2,1.1.3,2017-03-31 05:41:06,,
gp:AOqpTOH87AO7zQhGNJezmnhEZxmIfsP5IH42cdG6DB5tGQcwQGMegrGB3MtrC5vzNe9WeNWWK63RvwjhnYZnokY,Baba Ganooj,https://play-lh.googleusercontent.com/a-/AOh14GiQYhqzx04OzEsa58IcTyJ5adjUE66Yt06GpXgYfA,No developer support anymore as the game had not been updated since 2015. No Google Play Cloud Game Save.,3,1,1.1.3,2017-03-31 05:40:05,,
gp:AOqpTOEdg3h3wKcUcrxq5KH4JhV2bSatIArzg-hxosxOlZTXTy5cB5DhBHPvEWHpaS267R8_HFsO9DGBgpNu4V8,GUY Quedens,https://play-lh.googleusercontent.com/a-/AOh14Gi7JI-rmmSwNLLks0LhRQkrjBgimoWiPzHDXwKmhQ,Kind of dopey. Glad I only paid 99c,3,1,1.1.3,2017-02-07 04:54:18,,
gp:AOqpTOHiqn7_jPckmsI9xd1rsTBvoJcW-XCkvXk9aY84OREEHqvmYyp6GqYu2dEKJt23EMPZAJDd6sI74bRxio8,Max Borge,https://play-lh.googleusercontent.com/a-/AOh14GhUSaWg-bjc_DZ_kWOEWcPVkwlZi2o5qhZLeCawkwo,Now it just doesn't open.  Please refund,2,1,1.1.3,2016-12-20 18:04:52,,
gp:AOqpTOF8NdGdY18WMoKFEIXH9DOSJ-s_KmhwAfHel6o9la-UHmlV3RCAB3coUualpP5h_zsJuqsmb5IuATq7vik,A Google user,https://play-lh.googleusercontent.com/EGemoI2NTXmTsBVtJqk8jxF9rh8ApRWfsIMQSt2uE4OcpQqbFu7f7NbTK05lx80nuSijCz7sc3a277R67g,This is a really cool game and it wastes your time and this is a really fun app I think everyone should download this game,5,0,1.1.3,2016-12-10 15:20:37,,
gp:AOqpTOHWiLf223HfECWd4U0OG9HTkHwL_EPls6I82U3EzCfTjEZ2vleywFdgd4FUCFNciPnhW_dDaZoAWkFtWH8,Caitlin Slade,https://play-lh.googleusercontent.com/a-/AOh14GjBLACeGRSh_aj63rHlZjVLSLdG8iBlxbAt7shkweU,"i like the concept of this game but you literally can't even play it... can't  get the apple to the spot and put it down in time  &/or you try to put it where it needs to go but there's  a red x on the spot and it won't let u... like uh ok very frustrating and  totally  pointless,  uninstallng",2,12,1.1.3,2016-11-05 18:09:00,"Hi Caitlin, The red X is indicating is because the sleepwalker is on that tile :)",2016-12-09 04:49:37
gp:AOqpTOFmfdDUo8FkkrA96qNpVL-LvOGzny1UW08lWB8DttDbfynZYWOeqnGQhOU9y55-L4S8ZHDHhrSUj0axGho,Vanessa Tackett,https://play-lh.googleusercontent.com/-rm0VTR3Pw-c/AAAAAAAAAAI/AAAAAAAAAAA/AMZuuck8Max3tEcq5b9iu2fa7APvoSXFWw/photo.jpg,"All its doing is saying ""installing""it's been like this for ever,i even paid for it,and can't even play it!!!! Help me, please ls fix it",3,0,,2016-09-03 21:36:46,,
gp:AOqpTOFYCGuK1nBWkT5XVL-gZQgrTI2McU-HslXbWhS4HEsTDWYpJqM1oni8yu-zvL8TMrSAePRuVdiEG_l46mg,Scott Lynn,https://play-lh.googleusercontent.com/-ju2sjG6hMUA/AAAAAAAAAAI/AAAAAAAAAAA/AMZuucm7UZeLBgrr7hsobNAn57lOHiRkVA/photo.jpg,When I first install a game to play and it makes me start laughing it usually means that it's met my criteria for excellent standards and is a new favorite of mine to play. Your game is easy to play and control yet it is challenging enough to make you think.  Nice artwork and sounds with original ideas.  Nice job guys!,5,48,1.1.3,2016-08-10 19:02:08,,
gp:AOqpTOF8VFIlrGMBTPPgON1Zo_68GeyMjCwp0HuoKvRJtS-GsGY6TPsuMTiyJhZbgzq0MgNkF3hraPRC22RdLi0,Katherine Haig,https://play-lh.googleusercontent.com/a-/AOh14GiY8Ks-ECmoExsRceHMzWCXZBvefqh3h6fU51L5pA,Are sticky. Please fix.,2,1,,2016-08-07 12:50:21,,
gp:AOqpTOFXx9XrcKGUMPE81FP1OxyobARBEPFAhNiotVhtXDXNacJ4HlzTpuHfEfhfijn2RPtUzFwR3JKKWHWCQBs,Fredrik Sandebert,https://play-lh.googleusercontent.com/a-/AOh14GhnswZJHvtGAhZFgHO5f9A2TqZfkNjL75an62Ds5Q,"The concept and puzzles would have benefitted by at least half the attention the graphics got. Don't misunderstand me, it's not gorgeous (but nice), it's just that the concept is so very, very shallow. The game made me yawn, which is fitting, I suppose.",2,9,1.1.3,2016-07-23 13:12:07,,
gp:AOqpTOFHkiajBfndJNvkU0aE8jvCJiSVlop_QY9swpH1d2J5T0dMREFP5Js2KxnTLXg4V0Fjn-L3Vc5sReDEIMw,Volodymyr Prokopiv,https://play-lh.googleusercontent.com/a-/AOh14GhVdv4PNPF28Z8aMtW4y3ftp7O1o3WAkCOMwsOKjw,Not worth the money,3,0,1.1.3,2016-07-20 23:19:01,,
gp:AOqpTOGn8hPZZanyTE7AuO65h0uTiH4uWISp8kcqkoWOXts35F_8ZzFf9QZTszEU50X5v4oPJGuW0FDcDs0cPUw,Jesse Augustine Walker,https://play-lh.googleusercontent.com/a-/AOh14Gj2jP4L3CquPvYLOYkjSl8pv2LWURyECJQi96VxDg,"For anyone having control issues, this game is controller compatible. Hook up a ps3, Xbox 360,or Magazine controller and you're good to go. I love this game",5,7,1.1.3,2016-07-08 16:48:31,,
gp:AOqpTOGY-_zO50aDV51AAIJeoRBdPY8ecBSjKbXWHNQGADskAH_6Op1dHhglksEqefPWph3WJq_8wuIdVypFgKo,David Mireles,https://play-lh.googleusercontent.com/a-/AOh14Ggb2XLkDlKFh5tWIe3eMkzv-QWVNGSaqAHCUD6j1Q,"I read an article that this game could help to fill the void left by finishing one of my favorite android puzzle games. But the controls are very difficult, and the puzzles so far are simplistic. I would rather be solving more complex puzzles instead of pixel hunting frantically to execute a simple plan. Not worth the money in my opinion. But maybe I just had false expectations, and will pick it up again. I will change this review if it gets any better.",2,25,1.1.3,2016-06-24 10:44:33,,
gp:AOqpTOGEHe9DrP5n2wizUemkfFZGbYqw89tlPcUVlj4VFfZrkfpnkoWh0NSN1bfFUXuSzuB9Vun9ZooB1YPWEhA,Lynn Burke,https://play-lh.googleusercontent.com/a-/AOh14Gi2MqzG34dR_aKojtZQMgUMK28x0iGimTnncKmktw,"Game sucks. Can not move the characters, slow to respond.  I want my money back!",1,3,1.1.3,2016-06-18 22:50:23,,
gp:AOqpTOGW7vu3GB5u4T7nJhP8iQinVZWeV1MH6Yp0_c4aKV_Tgt_LjTsd8HPzCQZfRDQk58QXrSdBVMdfSuvUCcs,brandon heat,https://play-lh.googleusercontent.com/a-/AOh14Gi1gU1tzZR6g_4mCFalRgAfc3ROZLPMwCrtnzzprA,"Quite a good game, it's not like monument valley like I expected it to be.  Drop blocks (apples change his direction clockwise)  and bridges (fish) to get him to bed.  Only problem is a little bit short at 30 levels.  Once you've figured them out they can be beaten in 30-60 second each",4,0,,2016-06-13 23:38:14,,
gp:AOqpTOE3K9bah9exwBzl-dUW4x9yRYEatpAY7dEQLMqY19r-m-MqAgjtLsX9M_F2ZRpIvEcomqWOtQY_1uyhHQo,A Google user,https://play-lh.googleusercontent.com/EGemoI2NTXmTsBVtJqk8jxF9rh8ApRWfsIMQSt2uE4OcpQqbFu7f7NbTK05lx80nuSijCz7sc3a277R67g,Good game,4,0,1.1.3,2016-06-09 21:34:24,,
gp:AOqpTOFuwbyT6bWw2cdKlDTBWUFdkKVcOckI10kibJWMF-RVDwdKtI5msgqeRldzEChhnuYXuaga8xhv320Yxi8,Catherine Pegg,https://play-lh.googleusercontent.com/a-/AOh14GhU8aWhO6L5XVimWHk_Z0pAgT6IN_FrfyKTjJD9,Would have liked to have been able to play the game I paid for without being forced through a massive sign up sheet of how much total strangers could stare at what I was doing. The tutorial voice was annoying and the controls difficult to work  (couldn't put down the apple). Did not feel inclined to persevere.,2,75,1.1.3,2016-05-11 15:41:09,,
gp:AOqpTOGVSw1QqUyfTK8hhkxEBSzA8DBSNLTNgRoMFEBTpv38GIHnfzUz7S2KlHYnQHPLkCGvoRW1u5Y0v7xDHZo,Lasse Westmark,https://play-lh.googleusercontent.com/a-/AOh14GiJ0uyT2_3jRxRnkSr3PjOKmfWqriXmJV5CAqGO,"A great puzzle game, that is easy to pick up. The art is really great with some surreal aspects. Some of the puzzles are quite hard, but very rewarding.",5,0,1.1.3,2016-04-19 04:24:37,,
gp:AOqpTOFccZMV41zvnuzmV92p2CSYE8DjE-NOgyY-ehF4XVksNk00I_R8PoWjZCrXxUvEYkTgbv3jaQ0pQ1SJQ-E,Nathanael Chello,https://play-lh.googleusercontent.com/a-/AOh14GjdjbA3Bt3m_JDAQjDbc3Z-5sSQap62TDEIuRIOqQ,"Liked it. But hard. But overall I liked it! Why I give 4 star? Monument valley and Hitman GO still the best for me. I just tell the true Bro, let's me tell you.",4,0,1.1.3,2016-04-09 10:02:15,,
gp:AOqpTOFYuvFBz0kIoJH8kx7VxXw3lH5KsOODkziXJ1xo4esH_yde4A0XT36yMtD6r9KIOHDJx-nckK9gyXOCC1I,Brijesh Chopda,https://play-lh.googleusercontent.com/a-/AOh14GjRdPW0s0r-kfHU1d4B56pGbkSoE3XtBVeEgmsvxA,"Not working. Just opened the game, splash logo appears and then black screen. Waited for few minutes but gets nothing.",1,2,1.1.3,2016-03-20 10:42:54,"Hi Brijesh, please contact us with more details about the issue",2016-04-19 04:18:35
gp:AOqpTOEUG_Pnu00FTh2BDolhbp0Ai3lou_gZoh530cLVOK8MiPY95bj70quRTqi-xCkyXTq-7XmjMz6ZhdrKP7s,ahmed madkour,https://play-lh.googleusercontent.com/a-/AOh14Gi_jA3k1SHDLjkimRxvlSlIBHNKcbW7oxbsZGT9Bw,So bad .. can not even  download it after purchase 😕,1,1,1.1.3,2016-03-18 09:34:31,"Hi Ahmed, please let us know what the issue is. Is it possible it hasn't anything to do with the game?",2016-04-19 04:19:44
gp:AOqpTOG6h07atbAnVQcFhoFhvAVUcBv4WuOtXKT1h0CuKBl7rTUEwNsS-NVwoWRYQNWJskiGobfCbUuk9AoGU8g,Venom Frase,https://play-lh.googleusercontent.com/a-/AOh14GjT_nb80aXZ3ulFAHH8iWMwnHumVIBg910_cy3g,"I really love this game. It's beautiful and fun. I also played at nightmare mode, and it's very hard. So, take this right now!",5,29,1.1.3,2016-03-01 08:14:28,,
gp:AOqpTOHPwHdgaPSkzkXP4Zs44yUsE9bPKOVyVP33jsfeXXZvyPaH-webZoU4XWdLFW5K2Bqb0EZIR4UB3srhUlc,Ja Kub,https://play-lh.googleusercontent.com/a-/AOh14GivrdSpXq53Si8D0KPQIfSKuOGH2pgJRpY57TaekA,"Work smoothly, nice graphics and music, thumbs up!",5,5,1.1.3,2015-12-16 13:05:30,,
gp:AOqpTOEf2ZXuQfB3sakhqTbTtJqsIt0ie1dDCagqf97jCKjBxwye3vuCUezO1r0bYUdST1gLr-hA4ju3ZxEZHKQ,Darshan Dedhiya,https://play-lh.googleusercontent.com/a-/AOh14GhATMrtzvzG2cB0xz3mh8pA03dLbIGZeF92caO8,it may look similar to monument valley but concept n game is totally different and fun way to kill some time,5,4,1.1.3,2015-12-04 21:52:54,,
gp:AOqpTOFngzttI9uluHKs-mtmiea7peIC3MylJYADwMB6vlrs2Cts9D3z4301simUFRy7YQ-yC0Xp6rrGv6Fd828,Wylie Carlisle,https://play-lh.googleusercontent.com/a-/AOh14Gg7wL6gZ8htWyKV1bsvoCEnH-jaOntk_U0dm5-Rpg,"Beautiful game, worked well at first. Now goes to black screen while starting. More stars when fixed, but as of now I can't play. HTC One M9",2,7,1.1.3,2015-11-19 16:48:26,,
gp:AOqpTOG7GSg7a7eswQGmeKAT4r83F8PP4vugrGY9NjIfFBTGQFE42LWwp0CcXb4cpac5xZO38eJk_rXp7-Y2jbE,Senthilnathan Sk,https://play-lh.googleusercontent.com/a-/AOh14GiSKX88VYhuK9QIkiV9ZLzQE5m20oKT4Clt5w8lBw,"I don't find any similarity with monument's valley to this game. This game is a very good puzzle with good achievements score. The only gripe is that the device heats up rapidly while playing. After buying nvidia controller this game is more fun to play. Better than on screen touch controller. It deserves better rating. Playing in hardcore mode is challenging, but at times it gets tedious and boring especially after reaching second level in hard core mode. But it was fun for 30 levels at least.",5,97,1.1.3,2015-11-19 08:54:40,,
gp:AOqpTOHKTw5eP0Ume2OsPnS06U-gjdA5EhE4EO29X67zJc94hUbfgDbfAR-n5KnfWiApAxkF1zd5ZYE2KUItw4s,David Nelson,https://play-lh.googleusercontent.com/a-/AOh14GisETkuO6qQxHIFlabXFfvINPVNawIZufcsUvSY7Q,I love this game! The graphics and sound effects really add a lot of life to the gameplay.,5,3,1.1.3,2015-11-18 19:50:15,,
gp:AOqpTOG0SNU2xVpq8lBZXT-0jLZR7bBIe8LcA0JgMj57tlGkvWFeV3MdYLRoTq8cr-LvNdklWKliLQp5H-F3MMw,P W,https://play-lh.googleusercontent.com/a-/AOh14GiTJBrJJgKl1aO_gD1JyvB8DVq2juDkALAPJt_btw,"Can't get away with this game. Wasted my money, really.",3,0,,2015-11-16 13:30:54,,
gp:AOqpTOGYE-dc2msIHkP85vC2-lY6S-OA7lx8buf6eqPMQZA4oos6RxXnPRPtd0VWWOQpmRiq_x8V2vZl8uXsaQo,Emil W,https://play-lh.googleusercontent.com/a-/AOh14GjgQ0DwMs0W3PrcDeYajtlFYG8NAt92uUS304IVP_o,Thank you for making this awesome game!,5,3,1.1.3,2015-11-16 11:22:02,,
gp:AOqpTOH06Nn9LnRDeqgFR7tGn6K3HP6yjWdBF0oWBwLAyktDpj_wO59FbdmA0BQJQdeTVK-gJNzjxyS5b5FfwPg,Dr. Leo Kelso,https://play-lh.googleusercontent.com/a-/AOh14GiwcD1RowrTenl5buz9vM825uHHH0ytnuCTpf30,"If you take this at face value of what you are looking for here (something a little unusual but delightfully very different);  this has a really fabulous graphical interface and artistic delight at least for my eyes that is. The storyline might be suggested as being a tad bit redundant but still an immensely entertaining concept here. Thanks so much to the developers, controls having been fixed now much easier to use them. All the art, ambience of music also makes for an supremely addicting gameplay!",4,1,1.0.4,2015-11-05 08:10:48,,
gp:AOqpTOFKCcmSP0QDJj4iYdKmX3okdEtl4ktL_aEeMwigpprL6V2KfHk-Gbkt9AU7wab5-4q4Brih4Pnl7ZNzhOw,Kosun T.,https://play-lh.googleusercontent.com/a-/AOh14GiEEPWG47iJNZcI2SNZPvtnng737WXWFFtQPXRaFVc,Cannot play on mipad. Blank screen after authen with Google account,2,6,1.1.3,2015-11-05 05:38:57,,
gp:AOqpTOFZSj8QYJbXe2zrlTMCusKtd3rjYE_IzyZf1VLAPbd5ajRv1raGcD3IHE8L-Hpp6dCcdmr7GK5baxH43wk,Jay Lohokare,https://play-lh.googleusercontent.com/a-/AOh14Gi2zE34guRan3d8LAi4kXkYfvbZMctLvVKpeqtQ0WM,The game goes to a blank screen on starting the first level. Developers please fix this.,1,11,1.1.3,2015-11-02 05:42:41,"Hi Jay, please contact us with details about the crash",2016-04-19 04:42:49
gp:AOqpTOEej8O9snAFKEtx0ZlSZutZahSDNAAGgouYP6k3YIcA24Bj62yoFykRVcyqrDKvkYlyaZAZE3o98Hkqb4M,FirstCav Mom,https://play-lh.googleusercontent.com/a-/AOh14GixPpuGswQqyVyslNvVTTJcbJ65yzveRjFz2SS6tA,Great distraction!  Keeps your brain on its toes.,5,2,1.1.3,2015-10-15 10:01:17,,
gp:AOqpTOH9_lfrhrLK0Ffs-_jnnPD1jLa7-jQ8P2ievJnbhwMVTO4wN53E32_hK93RBHHXGjfaGpwD44Bxyp4nbf0,Yoav Feuerstein,https://play-lh.googleusercontent.com/a-/AOh14GjoNB3aIsHg6nf2XvriAoZqE1bp7nkD6dFFIfswWhM,Nice but not as I expected,3,2,1.1.3,2015-10-05 10:04:56,,
gp:AOqpTOGZzDlsiQlDBReGXeTUNSimXNTXRKIs6iI6NN8FC2VMqT4Fa8Rj822etjJDsGbyU-LfEkVB30GWPWefuBs,Danielle Ramos,https://play-lh.googleusercontent.com/a-/AOh14Ggvwn6ae9YZf_GHvLJx3HJWZkJGE1T_ld6AotHMvw,"Ah it's pretty, but gets boring fast.",2,22,1.1.3,2015-09-30 23:18:35,,
gp:AOqpTOF9COu0MAU7UmeshZWApOmXVbjH-YfD06UA-M68UxkJR2LgQi4woCKm71-4FyHCHdBm3vZhzODLSOvjpsA,Louise Funnell,https://play-lh.googleusercontent.com/-13vsX7fJU4M/AAAAAAAAAAI/AAAAAAAAAAA/AMZuucndzbOjadS9XDGEWEZIkXT3VlE12A/photo.jpg,"3 stars for being very pretty, but that's really not what gaming is about and can't carry it. I get what they're going for here but it's just so boring. I'm sure the other worlds are more fun but I saw no reason to push myself through 10 or more boring levels in the first world that were all the same and just felt like a giant tutorial. Many levels were only difficult because of the finicky control of the little guide guy, puzzle-wise very easy. I liked the weird voices, very creepy and surreal.",3,0,,2015-09-27 16:16:27,,
gp:AOqpTOHGGkxkYXLZW_I0kuRZxaA3GDtcWL-FpJ5zfVUu_d_qsm9Pny9o9e03gTpfNXARTi4iO-CGkjHy9Lhmqfc,Lucas Duque,https://play-lh.googleusercontent.com/a-/AOh14Giz2hn_WFxwY9VUN_y92Z0FXRDCVxdYu2OdRqLKGqA,"The apple stuff doesn't work properly, the game could be more creative about how to guide the character",3,0,,2015-09-13 15:02:20,,
gp:AOqpTOHkpLClubJyfT4PTMihMKJVMOmDKmM-Tfsfu3J5_Uy-f4HCSGY-p8kee9tyAgJNSS4946NU5qr5HVozQq0,Ilya Potekhin,https://play-lh.googleusercontent.com/a-/AOh14GjgHPuoVdXxAZwR0iARab2vInweckFPM1-dQAacdfc,"Nice art, but such droll gameplay",4,7,1.1.3,2015-08-14 23:59:34,,
gp:AOqpTOFfZiF74i40FgX4wCfHwOYwxpv1b6zJm7Xnrx0M3hHz7TLZoqRMLnULS7uMgYyIXUD56zz60WTC8pcL6J8,Mark Palmos,https://play-lh.googleusercontent.com/a-/AOh14GjyvdAJybMKjwDHLRwIIBNgv9jIohF4hm2SlJjvYP0,"Lovely game, NOW WORKS FINE on Shield Android TV... funny sounds, interesting and pretty...",5,0,1.1.3,2015-08-06 05:04:47,"We have looked into the issue, and the game should work on all SHIELD devices now. For future reference, we can respond to any issues much faster if you use the developer contact mail, instead of rating the game with 1 star ",2015-08-04 02:12:41
gp:AOqpTOGUjiBf1OnS_RgAw6SW5-ppGLVQfyfNNb6fvBQ0CWV5aVuZuyb0tRESF9FytEW9DaBlGg8YxGm3t5jOiog,Warren Rehman,https://play-lh.googleusercontent.com/a-/AOh14GjnNupOV9l7_9mOkMUv4IU9FbeCSANyCyw4RDqqu-w,Much improved support for Android TV. Would like to see cloud save so I can play on my tablet and continue on the TV.,5,1,1.1.3,2015-08-04 04:57:21,"We have looked into the issue, and the game should work on all SHIELD devices now. For future reference, we can respond to any issues much faster if you use the developer contact mail, instead of rating the game with 1 star ",2015-08-04 02:12:51
gp:AOqpTOEta3-ti8ZYapX1xo226vwcGoHtwmGwH5d9MZghIfsLUKe82KlbSTzVGinbbNMr441i2S6FEgUyhfNIT8w,Marian Gum,https://play-lh.googleusercontent.com/a-/AOh14GjQ-lXERuDjB4WdPYMqupsGXN6kXNzRAWpFVJXRS5Y,Does not work properly (freezes),2,0,1.1.0,2015-07-20 04:19:50,,
gp:AOqpTOF4vWn8QPg3RC6J2gUvHGNSOVroqDRHpIdUYjxuYGfpgNSVzt-E7p5rML-sF3gN1reTBdHw5inA80rC74I,Bill Hall,https://play-lh.googleusercontent.com/a-/AOh14GjnkiShgulKrIjqZ8kwaEa_6jLfyOdqjb2K8govtfQ,Doesn't work with shield controller on  shield portable or shield Android TV.,1,2,1.1.0,2015-07-18 16:09:10,"We have looked into the issue, and the game should work on all SHIELD devices now. For future reference, we can respond to any issues much faster if you use the developer contact mail, instead of rating the game with 1 star ",2015-08-04 02:12:46
gp:AOqpTOGvgkjgjT2B9UC4-NOyj3t2Lpf3_U-ymgtQ8H2lUr8_xtXCI0N6O2vyCApucGz5o3JGnDybvFXB7JBgLGg,April Gonzalez,https://play-lh.googleusercontent.com/a-/AOh14GiBaVuD-q7_dUlaNI8XR0puZYHPD4zncXTei5zutnA,Had its glitches with controls,1,0,,2015-07-06 23:51:31,can we help you?,2016-04-19 04:44:42
gp:AOqpTOF5qX6WVqHzGCUxx4ugp464mGG_Sl7nm-HReeM7I2QxTRJ0NTYv8sL1JVOf2HxnO4XYRCgQ9zoKqbQEvWk,A Google user,https://play-lh.googleusercontent.com/EGemoI2NTXmTsBVtJqk8jxF9rh8ApRWfsIMQSt2uE4OcpQqbFu7f7NbTK05lx80nuSijCz7sc3a277R67g,Nice graphic but control makes me crazy,4,0,1.1.0,2015-06-29 03:52:29,,
gp:AOqpTOHaFSQt-ZWxQKvBxvlF6zJlvosrAgVU6y0LhVd-dFk3vuvQCQYhm59uVTWTOiFD5qg1rwor5WloJGO3fHQ,David Lee,https://play-lh.googleusercontent.com/a-/AOh14GgTj3orgYAJiLW_GsD5TrI9NZwd1iumNaYRCII6LQ,"I know how the monument valley game makes it big by borrowing heavily from M.C. Escher, but it didn't mean you have to do the same with Salvador Dali. But I suppose it's just a matter of time, if it's not you then somebody else will. For lack of originality, you get 4 stars.",4,0,1.1.0,2015-06-06 19:30:20,,
gp:AOqpTOHsbfpEff5JnHMY57YvBQGvAkenl68iTfqY77WZwsP1458rQKHAEdDYh6yJseffNU5UXMnQsta_oFrEI8U,Alice Darkplace,https://play-lh.googleusercontent.com/-M6sIV-tTKUI/AAAAAAAAAAI/AAAAAAAAAAA/AMZuucnF92X2sgnlOQj2elpwmM4MSYdqKw/photo.jpg,The game is a bit confusing and the graphics are too complex - 2D would have been nicer and more simple. Definitely not worth £2 but my money is gone now so they win. I really would like a refund as I don't like this game at all and was never given the chance to get my money back,1,0,,2015-06-05 01:01:34,can we help you with refund?,2016-04-19 04:45:08
gp:AOqpTOFEzlpX44P1WMphJnuiOaY9V4XwD87DldqL684GXSe0ZVE2F3fuCIfOWH3njjd3dRkHaFJ4QZEj1WTc_n8,Ginger Grigsby,https://play-lh.googleusercontent.com/a-/AOh14GhCyMnZt7BH2K7Asv5FuvWtZxxAThYvjtFjOOzmmA,It won't load. 2 stars for creativity but wish I could  play!,2,1,1.1.0,2015-05-19 18:51:46,please report any problem to support and not in reviews,2015-06-03 07:42:09
gp:AOqpTOHCAsKNJpMCDjKWkL-8TUgHaNLscKltCNIOFUszGmnZJCBEHLcPXedfzncCrHahkLEUwwlmKUCkY782P1U,josh spencer,https://play-lh.googleusercontent.com/a-/AOh14Gie4f5Xpv9r8Kl9l3_TtGEWvzFAAudZiAXV0XCTjQI,"So I purchased, downloaded,  and erased about 10 times. The app WILL NOT launch. I read a recent review that said the same thing but I didn't listen. I am using Galaxy S6.",1,0,1.1.0,2015-05-18 06:14:26,please report any problems to support and not in reviews,2015-06-03 07:42:39
gp:AOqpTOFl7n-umA6BCEZlkNnWGwBlJb5hdb5ZU9nKnpm49lpNFluDG6_bnBXZjAu1CJ7BaNX4ZTPDpXFugiKyFw0,Kay Wong,https://play-lh.googleusercontent.com/a-/AOh14GjRQ93INCHqa_A24fD39RPG3-h4eQU0orLQJ4ttwBc,"Game is good, fun and enjoyable, but the control, as some users reflected, is terrible. Developer should spend some effort to improve the control.",4,1,1.1.0,2015-05-14 00:03:45,,
gp:AOqpTOGV_dfxAy4lI64gv1xgXmaQkDQ5PnS-zn-iZYipQMaAwfYr85UkHutuMe1MBKgoltnUMcFdxiu-94hcHqY,Artem Sirota,https://play-lh.googleusercontent.com/a-/AOh14GinNgcPsk0GGPIGGsnsFsK4Monudckkvw-EcTP8Sg,Doesn't start,1,0,1.1.0,2015-05-13 18:21:24,please report any problems to support and not in reviews,2015-06-03 07:42:48
gp:AOqpTOFK1SMJDhApYZThiCogidsejsX9eEqI4cG9aH9VGFyn-PwCOcq427Y_bAmnq3FrpOaLC3T0ACPkwT1TbdA,A Google user,https://play-lh.googleusercontent.com/EGemoI2NTXmTsBVtJqk8jxF9rh8ApRWfsIMQSt2uE4OcpQqbFu7f7NbTK05lx80nuSijCz7sc3a277R67g,Nice graphic but somewhat difficult to control the guardian,4,1,1.1.0,2015-05-13 04:30:37,,
gp:AOqpTOFwR4mDJ_RHx8I3rRFhMycJbDPPTI7pdCFBs3nV0icN0z_xN8AqzpQZx1hOJydyjGym926qBHSPppi9WiU,Morten,https://play-lh.googleusercontent.com/a-/AOh14GiaBtdAh-v1PZOAYs-alxSPaTGPsX2lvBPySYkI,"It's a good and fun game with many cleaver and unique puzzles but the controls are very bad, almost horrible.",3,3,1.1.0,2015-05-12 06:03:34,,
gp:AOqpTOHrYt6aLUXdTLj4bnzzrmC_4CVGTZ28sT7T6VyaMv9fvuuhqUmdLyqjI82Yn4MejhTFEmuB2x9r-bvsWAY,Zaina K,https://play-lh.googleusercontent.com/-rEEfBg4lW2k/AAAAAAAAAAI/AAAAAAAAAAA/AMZuucnbANwZTXpRyfwzyR8Ko7fBLRPF6A/photo.jpg,The game visual and idea are good but it's too frustrating to continue playing. The game is slow and the controllers are difficult.,2,0,,2015-05-10 14:29:13,,
gp:AOqpTOE9Sh34qSKzqOsXYsSWaUyWWl4n6yzilwe0y-p5E5_J3Zo96--NpzxAaoJYYnlTOfetaS_bKI0s0sW0EOg,Michael Busto,https://play-lh.googleusercontent.com/-2QC9zks_rq8/AAAAAAAAAAI/AAAAAAAAAAA/AMZuucmrxnh1-2p3DHU3VFy3moxkf1MYHw/photo.jpg,On galaxy tab s with lollipop it doesn't even open. Refunded. If you ever fix I will repurchase,1,1,,2015-05-06 16:40:29,can we help you with refund?,2016-04-19 04:45:26
gp:AOqpTOFbGq2PyWvW6zm3T0KMF5YvL4e24xn37U0jhroXgQQ8_5syB0ezmB4DU5DwWzlYDxzACrqfE3zG9VbzEds,Martin Bird,https://play-lh.googleusercontent.com/-JEdQvxN8Wwk/AAAAAAAAAAI/AAAAAAAAAAA/AMZuucnRwd1z13ydjUZZ445YlhC-yCDceA/photo.jpg,Will not download to my phone (Galaxy S5) or to my tablet. Now it will not refund me either!!,1,0,1.1.0,2015-05-03 23:36:00,can we help you with refund?,2016-04-19 04:45:39
gp:AOqpTOEXZ9gxp75z-hX4Iol15ffs41DZE1FwCE45_TL9kEVJkAQlFQ38pEE3BHj0bt33GLc-W0X8LHDzhwmwwbY,Aaron Voss,https://play-lh.googleusercontent.com/a-/AOh14GhBiMPXH8IoP4JDOtbivlk4G5eTibOXnbT-p9rAgXU,Just flashes the screen and crashes when launching on tab s lollipop,1,0,1.1.0,2015-05-02 05:45:05,can we help you with refund?,2016-04-19 04:45:47
gp:AOqpTOH6_fSlIkGIY5ej1fbpPp-c9ERoJfNpskWJvl_p682K6qmE9bwQYlU_YBaTM5kZ0W-_8WV0VPj0ptSC3N0,Shaun Williams,https://play-lh.googleusercontent.com/a-/AOh14Ghuqv-66plPCBwqtBvKJw18km_1gtByXP50GQBS7w,Please remedy .Unfortunately  I seem to have to uninstall and download again to be able to play. Otherwise  black screen and no further.  I love the game but unhappy for a paid game to be impossible to play as I have to start from beginning each time. Galaxy s6 Edge Android 5.0.2,3,0,1.1.0,2015-05-02 02:34:21,,
gp:AOqpTOGkIIrDpAHvzOd6mO7VckokokGCm1Yigsu50LZsNIsllPqx0m14Sd5BteQwrR4U0_06XYyq-cPi188tosc,Povl Kvols,https://play-lh.googleusercontent.com/a-/AOh14Gg4Y182KpbZepBsE0AqeglNKLFkdq1boAZ8mfaI6hE,"Very fine graphics, fun idea, but controls are simply too fiddly. I know exactly what I want to do, but the controls just gets in the way too often.",3,0,,2015-05-01 10:29:58,,
gp:AOqpTOHb32irXYNpHu3XHOep1tCmQPsI5fSwiyr2I96ElfjdG6x_7xqJVrXG4ZeOVm4zu02w2nkGie6XdOFwIvk,Marissa Morrison,https://play-lh.googleusercontent.com/a-/AOh14Giy3tTUFkWjbzEwIXIiV8zCBHCFqok5ZI-xYHPwVA,"was looking forward to the gameplay but after it loads for the first time the screen goes black, only says 'press and hold to move'. I press and hold and the little joystick shows up but the rest of the screen is black...pls help.",1,8,1.1.0,2015-04-19 14:24:15,can we help you with refund?,2016-04-19 04:45:54
gp:AOqpTOFdYalY9bseKjceiZFaXSG5yAxfhyaL9RkrBuPHeAdyP40_eOLSU739pJ00ILxDQgvOtdTSxUNqXyMeRn4,Rod Crawford,https://play-lh.googleusercontent.com/a-/AOh14GhK1O0TCZBD-BEktipNNtByMzZXyy944FIc89KiFts,Doesn't run on Tab S 10.5 with lollypop. Epic Fail.,1,0,,2015-04-17 20:51:21,can we help you with refund?,2016-04-19 04:45:57
gp:AOqpTOFMVCdrubkpPJcH8k_08x_HCBumx0qiMiLBM0iVpQ_UA3WASTz9rFGt6jZqM1wDQIAbuHZIGhqL0qCLrL8,Gustavo Ferraz Adami,https://play-lh.googleusercontent.com/a-/AOh14Gjft_uqan9WKKORE8KHabkM6riGsPyHusr9m-telw,"There's a bunch of Twin Peaks and Dali references, nice game.",4,0,1.1.0,2015-04-06 22:35:37,,
gp:AOqpTOHJTjBY8V-lgXHFy6s9C_xNTorzOefZmTPMOkaHIPVEuwb20CQ6pMccvco3tqADn94JW0D3V5l02GhmoK0,Gary Howe,https://play-lh.googleusercontent.com/a-/AOh14GiVupWTxn8dOdLmxCFp5NO_0bkDrswlu4Eh5xH4KA,Has to be played on a tablet really. But it's a fabulous game. You do get used to the controls and once you do that it's got some of the best puzzles in some of the best game scenarios ever. Especially the nightmare levels which are really really good. Have patience. It's worth it.,5,3,1.1.0,2015-04-05 18:09:11,,
gp:AOqpTOF-3CN7SwltIaim7zgv_L01jhNcem4ya4eS4l9eaxty4IYcQQivaIa4cVJZr9D9sJ68q4RFeKv0cx5N_OU,LaTausha Harmonson,https://play-lh.googleusercontent.com/-0hIOVUH4inw/AAAAAAAAAAI/AAAAAAAAAAA/AMZuuclahZjbgGBYNZ8HNG9dmtC2aFLXag/photo.jpg,I can't believe i wasted my money on this. Controls SUCK. So disappointed! !!,1,1,1.1.0,2015-04-01 15:14:58,can we help you with refund?,2016-04-19 04:46:00
gp:AOqpTOFoXrFg4UBNoDUbvzhUMvtjuTG22Whs1cy08h1Gn8py42ZvD-3JIeYenzFOfXjI4uFgs7TftLCTtsT8dgg,Eemu Bertling,https://play-lh.googleusercontent.com/a-/AOh14GjworZQe4g7lR9v2Q3hKqyPyP1zCWrHTNjDo6zkgw,"Bought, installed, gamecenter login, game company splash screen and then black. Tried again, always black screen. Refund. Sorry, seems a good game. Just doesn't work.",1,0,,2015-03-29 10:46:05,can we help you with refund?,2016-04-19 04:46:03
gp:AOqpTOH4X61Z3sZVhxFpmF6JNA1bkzlKdBh2czs3DzKED7R4eE5E6mfjfu-Fu-dKuLw4BdyCaXg__H5jRwyc3vo,Stacy Ellis,https://play-lh.googleusercontent.com/a-/AOh14Ggitzi0TmKIZUxK3hWGNn_b30kyYbdroFFXVtjC,Controls are glitchy. Could be great though,1,0,,2015-03-21 19:47:18,"have you tried the alternative controls yet?
",2015-03-27 03:13:47
gp:AOqpTOFZwFy5cDPogbA9guANj-kzwT3FwSmcbALhaQjfIYHvQzXL8oexBUzIKCAJPEt2oiwNEkXTO83OxfdQkbo,Curtis Ruck,https://play-lh.googleusercontent.com/a-/AOh14GjskXpl-2V_o01SfBdXJY-WHUJU77jbFj40hpegwY0,Gameplay isnt a puzzle as much a race around with stupid controls,2,1,,2015-03-14 07:11:46,,
gp:AOqpTOHTUkHumT5t6gwlfFvHE-zMn5qrrfqQv2MZzmxo1azAbSK9CLcRUfxoLfERYmO6LbnWrbEsVAWyeqBHezM,Emily Walker,https://play-lh.googleusercontent.com/a-/AOh14GhCcEM-V0AZ-xpRUfBAprKu3BYZFSn4ADgnKrA2,"Awesome beautiful game.  I actually love the controls and everything about this game, except on my moto x phone, I am stuck on level 14 in harbour hazards because the controls will not allow me to jump onto the platform where the fish is.  Please fix this problem ASAP because I would really enjoy finishing this game!  Thank you :)",4,2,1.1.0,2015-03-04 11:32:27,"hi Emely, you don't have to jump, just think fishy
",2015-03-27 03:14:53
gp:AOqpTOE-XBZ2-2BcbrCJgEoXL7Utg0stMeyMc8w4OA6lTqau-QYUOIsPIi9Dkz5csR_HkheQlMwVvxdnqpM6L_Q,A Google user,https://play-lh.googleusercontent.com/EGemoI2NTXmTsBVtJqk8jxF9rh8ApRWfsIMQSt2uE4OcpQqbFu7f7NbTK05lx80nuSijCz7sc3a277R67g,Awesome!,5,0,1.1.0,2015-02-25 15:16:53,,
gp:AOqpTOGgXY5OwfT1rY2bom4vuLXuU_oyZrikZLBEFHUkejLUJpXAJe09kUQaoXPtJFAYLfOBKq84vQjJ7AiPU8A,Flang Whopner,https://play-lh.googleusercontent.com/a-/AOh14GjqHtjv5x5F5fz94rUm9JtOfMyOVpnT698HbmI,Racing against the clock is not fun.,3,0,,2015-02-23 12:56:00,,
gp:AOqpTOHxwgs1XiHCBImYYT7n5CFMZqEbQdyhW55hAyRvCEH7sg6T-EiH0tjYRNsrNW10UjBCHSkLwxP8VAj4mZM,Spencer Hutchison,https://play-lh.googleusercontent.com/a-/AOh14GgGZElP0nCVIs0VvPuDmRqcKKC6rlns8gPAAX0NyVs,Trippy but super fun.,5,0,1.1.0,2015-02-11 19:30:22,,
gp:AOqpTOGB4UDh1APDr-N_TkdBYPQSdOzUADResjQpixPyGjOJz872X7mbNnx_LOCK3DEgkJhm8GclXc1UiZPZ4m4,Deax,https://play-lh.googleusercontent.com/a-/AOh14Gjf_af4Eywg62Ipcrf2iYYOS_9YFMyZgqyLRR2PWw,这个游戏做到了—就像它的名字一样—让人昏昏欲睡，那我只能对它说—Good Night!,3,0,,2015-02-11 09:10:30,,
gp:AOqpTOG_4CCYgtGhRJEEC9Ch39vqONZUO_-R6a-lVAUexkLepb1yDeytX6cRV9g3AplemRKxtbS84Ghovj73ggE,Andrew Breeden,https://play-lh.googleusercontent.com/a-/AOh14GgjH8U07lIoutkIHLoRID9TvkiUjfMVnUu2MhLNQ98,Great controls and fun concept! Great job devs!,5,2,1.1.0,2015-02-04 07:35:47,,
gp:AOqpTOEvt8q6a8Y3fMmyxZHKAVKddljCbHcAhhYyraONaIwsMW2h2g8dGX2YJG1MJIULdTHt2tqFI0AawXdnECc,Ember Leo,https://play-lh.googleusercontent.com/a-/AOh14GjMnqLlfBAv6kd6ocE8IbAFrlrFKjRnhPrRt9s6,"Similar aesthetic sense to Monument Valley, but the gameplay reminds me more of Puzzle Pirates Gunnery. It does get too hard to play on a phone at higher levels though. On a tablet maybe a 5* game.",4,1,1.1.0,2015-02-01 03:34:19,,
gp:AOqpTOFlm-EgnqmaIUyKz92hHN_yFd7wa3nvzutqlbuZBZUn1cLDJCKxzGhB-Y59GVjIrtt9eUunqED7mz6KN6o,EJ Espinosa,https://play-lh.googleusercontent.com/a-/AOh14GiBfemqvDh-DctxL5PPTKv_FuuMO_3G0fanjCZzKOk,"This reminds me of Monument Valley, the graphics superb and my only gripe so far are the controls which could use an overhaul.",4,0,1.0.4,2015-01-17 10:08:15,,
gp:AOqpTOGqDQlDcCjbC2qSX5qquGX0SClWw1DM0MeUwT85aDUiZJRd_GAsCPO8fK6xtJQjzPVMO3i0dgzKD5SIGFA,luis lastiri,https://play-lh.googleusercontent.com/-yIsHvDsP-I4/AAAAAAAAAAI/AAAAAAAAAc4/AMZuucn3m7OC4stop95T9wmrN1fVG2PafQ/photo.jpg,"The game is imaginative, and I like it... 😍😍😍 real person , real review.😎",5,0,1.0.4,2015-01-16 14:55:35,,
gp:AOqpTOFkH_JUxITGbJnSU50XLnFEJEtZq9mUyDWltUUonsHamdV-zC7Fvc8sFDxFd9wkuqDkZdOcqVvN_BSFvko,A Google user,https://play-lh.googleusercontent.com/EGemoI2NTXmTsBVtJqk8jxF9rh8ApRWfsIMQSt2uE4OcpQqbFu7f7NbTK05lx80nuSijCz7sc3a277R67g,I've tried both control options but they're both hard to use on my Nexus 6. A simple tap-to-go-here option like with Monument Valley would be great and make this game so much more enjoyable. I can only play one level at a time before the controls annoy me enough to stop playing.,2,3,1.0.4,2015-01-16 14:09:54,,
gp:AOqpTOGilRVFEwBF08OfwFq2CWOp4ds2m-NEwSWIx-kuE5Y3IkTAiKiWZnV9mjBBXutSztaTHYpVtf9KjrTV-Qk,Abdullah Wright,https://play-lh.googleusercontent.com/a-/AOh14Gj_H_XMjB_Yl2j7wmXsmHWSBbbSj7Ni76s75Swq9Q,Boring,2,0,1.0.4,2015-01-10 13:49:51,,
gp:AOqpTOESBh-MwJlaeR0d_D3HeVItV1UJFCxB6hYpV5GlBzDOwUjb4GS_ebU7t8Vj7seRyNM4OGQe5m3y7uuWhV8,Eric Graham,https://play-lh.googleusercontent.com/-n2B7V0pEd9M/AAAAAAAAAAI/AAAAAAAAAAA/AMZuucmgbeLUGOLJkxYiJFgSh6YS2GRz_g/photo.jpg,Just isn't that fun but it looks cool so it's not terrible. Runs like dogshit on my powerful S4 though. That's kind of surprising. Not sure why everyone is complaining about controls though.,3,0,1.0.4,2015-01-07 19:01:54,,
gp:AOqpTOGU-Ir6X6a1_O3MZ3PJIguW0WF-EdS3TVbU6fjt44hHxZP5qkTTH7N9dzzMbbDWgj0zrHqn7lhK0AA3hos,Colin Ewen,https://play-lh.googleusercontent.com/a-/AOh14Ggg0_yLsaOL-lExBYXl5gm2tZMLG_w62GTh3Jn5tdA,Terrible controls Edit: - Tried all options and they are just too sensitive or too imprecise to allow enjoyment of the game,2,4,1.0.3,2015-01-06 00:06:27,Hi Colin. Have you tried to use the virtual gamepad control scheme?,2015-01-05 06:10:31
gp:AOqpTOHyOn8N1IlxmqAY1IDKXuG9kew5hKtCQOqLlzHjASYm4bTO2KgumK9K2iqoNN_OYp0VjUdcXjoMIOFzOQc,colin rowley,https://play-lh.googleusercontent.com/-fEeNShNRuiE/AAAAAAAAAAI/AAAAAAAAAAA/AMZuucmr1skw2DGCnJInT2ylmY2AyDhDVA/photo.jpg,Nice graphics but game is  let down by the poor interface. Dog difficult to steer and place accurately leading to a frustrating game play experience. Has been compared to monument valley but nowhere near it in terms of graphics or gameplay. Disappointing.,1,0,1.0.3,2015-01-03 04:49:15,Hi Colin. Have you tried to use the virtual gamepad control scheme?,2015-01-05 06:00:56
gp:AOqpTOGoGbxHbAm8usxkdUF4f1AFiMRASWPm_OBORELOiRbchDZOs3yRLHnU2Y659DpDSSH28H9mvvBVEc8K4VE,Sis Gough,https://play-lh.googleusercontent.com/a-/AOh14GgwSV8vrPMp8J-WQtFKC1qJ1v77NPvoPIMujwcJ8Vdi,"Can't get it to work on android lollipop,",1,0,1.0.3,2015-01-02 11:56:31,can we help you with refund?,2016-04-19 04:46:21
gp:AOqpTOFDe2ED_XA_D-WU20ufuMlS8BUQdGGC23L064V-zukFt59BCvjYHEpGipH04oEmFmw7XVtgu618wie9noY,MeC,https://play-lh.googleusercontent.com/-rJi996HFECI/AAAAAAAAAAI/AAAAAAAAFLg/AMZuucl9Gvm4LatEedLIc0HtEcj0aL7P3g/photo.jpg,I can't even try it. It freezes up before it even opens. So disappointing!!!!,1,0,1.0.3,2014-12-29 16:27:50,can we help you with refund?,2016-04-19 04:46:25
gp:AOqpTOHp48LyRsDL778pszL39QZQO683biyV3lWB2d5MnHMv_mAcjFkz88dU1PxlGiUFWE__SrU0g-9uZYQyMuc,Anon Ymous,https://play-lh.googleusercontent.com/a-/AOh14GiqMUzyQlw4JAshGYmLTCvuNRxLptVo4siiy44OjQ,"Amazingly beautiful with touchs of Magritte, Dalí and Escher.",5,0,1.0.3,2014-12-29 12:37:10,,
gp:AOqpTOHH5O3tBXwgzZnuWX9B7ULCuPGLPx7GAejbz0MiABzq7-B6fqY7SVIUdlQK_suqdqGatbd3ic2M8_9pO34,Adam Thomas,https://play-lh.googleusercontent.com/a-/AOh14Gh-stvKDDFBqb4MuvnNizFKbCKk1g6X8SOP6LlRDwY,The controls for this game are impossible,2,0,1.0.3,2014-12-28 08:34:46,Hi Adam. Have you tried to use the virtual gamepad control scheme?,2015-01-05 06:01:08
gp:AOqpTOHaxhMfnGI76_TlMTi-lW3x8ImBS85muoQ6DEqThSdTg_CbovcEMSorH3okBHjtnlKBFQ1Ek_F3Je30Qtw,Sherri Fish,https://play-lh.googleusercontent.com/-pEWOjoQQOdE/AAAAAAAAAAI/AAAAAAAAAAA/AMZuucnEo1JSpLYZJLcg57hPxF-NwlM1Zg/photo.jpg,Have a hard time with getting dog to place apple,2,0,,2014-12-28 03:45:14,Hi Sherri. Have you tried to use the virtual gamepad control scheme?,2015-01-05 06:01:26
gp:AOqpTOE52Dl7vynWguLsBpyGrIOBsD_VxDPgWrRCYScSIVp_L658rLYF4MyVA2aKYGCcNdnCDGhyGoU34d3-bqk,David Baker,https://play-lh.googleusercontent.com/a-/AOh14GivYRY0rKpQOd9EmDuyK4Z-BBIi15RmnOy109lTakY,Super lame.,1,0,,2014-12-26 14:34:20,can we help you with refund?,2016-04-19 04:46:32
gp:AOqpTOE34dbXaSgbdkXFxDHTuOsj6gsTzdFj3AQ0D33ZXBAZx-cl_EJVrtXwuahtxwNbRlmfLDckct6YhcS9QkA,Kristopher Wolff,https://play-lh.googleusercontent.com/a-/AOh14GjGrgYPjkZbEUKgiR8kQqXc22tTSdCqtdGqamL12F0,The puzzles are fun but the controls to move around the screen are so horrible I had to uninstall. :(,2,0,1.0.3,2014-12-12 17:54:46,"Hi, Kristppher. Have you tried to use the virtual gamepad control scheme?",2015-01-05 06:02:15
gp:AOqpTOE_hkP_KmbV7xAUvn7m-7EKd9rR11Y-Z9Htu_RpvlpDab8sF9U4Yv1mX5EFeeRgwQjCUyC3VIGrT59TRDw,Susan alma Rasmussen,https://play-lh.googleusercontent.com/a-/AOh14GinMsUm8pHi8e80Re3zT7LiCZM0zrE5ssqn422z-Q,Love this. The graphic artwork and music is surreal and beautiful reminding me of Rene Magritte's surreal artworks.  Challenging play.,5,1,1.0.3,2014-12-12 12:48:14,,
gp:AOqpTOHhe38chagfS5kp-__khQOBm69PUxfHYOCJXAfTE7WZB69RnWljwHyYRW2qOO8t5-ALlqvR-47XFt_6f8E,Al Scarbrough,https://play-lh.googleusercontent.com/a-/AOh14Gipq6xb13zRwo1pWStiXuFlwx3oZbf6icL41NF1mA,"It is obvious that a lot of time, thought, and effort went into making this unique game. I am addicted to it. The graphics, controls, movement, and level designs are excellent in every way. This is a game that is well worth the money. I would recommend this game to anyone that like a game that makes you think and plan. It is definitely a thinking person's game. Excellent job, guys!",5,0,1.0.3,2014-12-04 17:48:58,,
gp:AOqpTOENvHYS6wtpi7xDfcUUfalwdQoZLrIdAAzJqZejDZJ-aF8EwKg2A2Ukpiu36_3E6sL3WqI6KyiGhqGdxrs,Nahla Helmy,https://play-lh.googleusercontent.com/-jz_z79YARBg/AAAAAAAAAAI/AAAAAAAAAAA/AMZuucne__Jb-JjFp6iMM7KZ_LJWyBSS3A/photo.jpg,"The game video and graphics look cool, and i thought it will be luke Monument Vally. But game controlling and play experience just ruined it",2,1,1.0.3,2014-11-22 14:15:03,Hi Nahla. Have you tried to use the virtual gamepad control scheme?,2015-01-05 06:02:55
gp:AOqpTOHHB9fCoMxZqZXUPHe-SpGl-PtpwwNJXD7r6c8qLlBaDOgSb41zbfZA3yHbAnaIGQpKPsXFTmtMskM07ds,Petr Švihlík,https://play-lh.googleusercontent.com/a-/AOh14GjqZc6_kyQIDXOxe274A6vHb8cfvlF-WQEe3hhv2jQ,Lovely surrealistic graphics but that's about it. The puzzles are not very imaginative :(,3,0,1.0.3,2014-11-08 13:36:37,,
gp:AOqpTOF46kPUVf4T2lx07OW1EHLUCRcUUCrAwGVpgUT-JFK5E205-j_KKCiJPxSFW2oOvNORi39SswlkCpZ16vc,David Goemans,https://play-lh.googleusercontent.com/a-/AOh14GjNxMvqqrUxwrR8Dt6L8SyTNy_dB9PouIwK0Z-tGXI,"Love the concept, but the controls are terrible.",3,1,1.0.3,2014-11-02 10:59:02,,
gp:AOqpTOGr6QwcaUJTRSfuaN1h3rCTBJYjr1A1ntv5RAT6JUBumplu-__PJLTnMLKXuwyLnSkFBKXOtvZZc4fB5qA,Jim May,https://play-lh.googleusercontent.com/a-/AOh14Gg5H7M8oTPwbv1U_RM8JmGlN7LStI6shH9G0UxlNw,"Plays great on shield. You need a controller. Complainers are prob playing touch only. The art is nice. No IAP which is a huge plus. Dev needs to charge at least $5. No 3 star gimmick which is awesome. I didn't find it too fun because there is nothing revolutionary. Seems to merge different concepts from puzzle games into one. Unfortunately, its nothing wowing and its been seen before.",3,1,1.0.3,2014-10-28 17:46:16,,
gp:AOqpTOH9VTN2b2SExrakdJSehuoEkKqaqbOLVtY_9WEdp2ZuJuWU9XW04FoLxcNZYOrWw-o9EBLubLBSLCqYZgE,Drew Webster,https://play-lh.googleusercontent.com/a-/AOh14GjMFvJ-VdOwRjQzc-gvcAPMy4oxJ--JwN9exJs_TQ,"Very nice visuals, but the controls are so frustrating. Had to delete for my own sanity.",2,0,1.0.3,2014-10-16 16:55:42,"Hi Drew, Have you tried to use the virtual gamepad control scheme?",2015-01-05 06:03:29
gp:AOqpTOGpDcp2M4cY2Ruqg-6P01-fmPl28oiWY7CEiX3UguhF2VZSMmmmuFx709q-ixJKVJ9zqOEOGyU4G9K3rws,mark holland,https://play-lh.googleusercontent.com/-YF7sXXCba2Y/AAAAAAAAAAI/AAAAAAAAAAA/AMZuuclzWgRBuewhLw6LAWPbxKTJB39IBA/photo.jpg,"Downloaded as I was expecting something similar to Monument which its ripped off visually (really nice art style still).   But sadly its all looks.   Plays terribly, having to place an apple in front of Bob to make him turn clockwise only is just daft.  Makes for very poor gameplay and is just a massive disappointment, looks fantastic, but plays horrendously.",1,3,1.0.3,2014-10-01 23:59:45,Hi Mark. Have you tried to use the virtual gamepad control scheme? And BTW Back to Bed is much older than Monument Valley :),2015-01-05 06:06:17
gp:AOqpTOEp1ek0ThKvoZujd_uXCci4aqrEToR461ImrczVAE-mJA3gPku0PUEs7XYwim3WmhvaZW9yGnCC1QvmWkg,Tamra Morris,https://play-lh.googleusercontent.com/-SpILCzZlObg/AAAAAAAAAAI/AAAAAAAAAAA/AMZuucn1DxK3OyTFZzt2ypWEl5I2b3fGow/photo.jpg,"Hoping there are updates/fixes in the works. Beautiful interesting idea, controls just arent there yet. Its unplayable as it is.",3,1,,2014-09-25 17:56:31,,
gp:AOqpTOE411cwWUpIK_SKzkOt74gWBsLGw-pwJZZBIxkU0Xanb7i4DNY5aroasdHTZEzn7CaZniA67i-lvSlzAds,Cass Morrison,https://play-lh.googleusercontent.com/a-/AOh14GjvAm0kpsdcofP6dBDPfUsrlUIY1X9YPWTBybv2ih0,Nice puzzle game but had problems steering the little blue dog at times. Can't imagine playing on a phone. Art is neat.,3,6,1.0.3,2014-09-24 21:05:49,,
gp:AOqpTOFuAxE0AJ-VUJ2USKe8TFj7RSmlZOIR3u1r_kDntmuQEQ65oDn-UkCKVAJCEnYXdfmKfoQaqDgfu0UxQds,A Google user,https://play-lh.googleusercontent.com/EGemoI2NTXmTsBVtJqk8jxF9rh8ApRWfsIMQSt2uE4OcpQqbFu7f7NbTK05lx80nuSijCz7sc3a277R67g,"Not worth the money, thout it would be like monuments,  It is a decent puzzler, but the controls sap all of the enjoyment out of it.  Other reviews knocking the controls are spot on...Ugh....UPDATE, game is terribly short.",1,3,1.0.3,2014-09-22 10:43:17,"Hi Martin, Have you tried to use the virtual gamepad control scheme?",2015-01-05 06:06:40
gp:AOqpTOEPuaTea_-cIgVn9gXyRrQfwLeXLccxS8B4aUWp1CuMkKycapXxuEzJR1rf0qGBwRjL5QZOCaiq4yirJZc,Hilary Mayo,https://play-lh.googleusercontent.com/-cnoNHZN0qvw/AAAAAAAAAAI/AAAAAAAAAAA/AMZuuclFTAjFOY8ZqMAGxASNrnOwByV47Q/photo.jpg,Like the look of the game but am so disappointed that the game stops working after title screen. Have reloaded it but still doesn't work!!!!,2,2,1.0.3,2014-09-22 09:28:28,,
gp:AOqpTOGy9BJoOsKP8eZj7liOYJnLND4P9Q8HjYkL6vy314xny5LVl2L0wdyot_9_rjWjSWVyKEzvl1LD0aaF6_s,Robert Tan,https://play-lh.googleusercontent.com/a-/AOh14GhewsKUiIo5twC6QhUAXvHuX-zsM0iwmNqIJsbyoQ,"Some cool things can be said about this game. For one, the execution of a simple, thematic idea is done with a nice artistic panache. The dreamscape, where our somnambulist hero wanders with his faithful subconscious, harkens back to those great surreal modern art masterpieces, and thIs dreamy enigma is kept alive by use of portals and other devices. BUT!, this is all ruined by the lousy controls, which is really a shame! Maybe the devs actually intended for the gameplay to be a nightmarish experience? :-(",3,10,1.0.3,2014-09-16 00:46:19,,
gp:AOqpTOEZGN2ziY1KOfJaV4N6aPrgMVZSmdsJvQY7o1icr0xA30ofmlrdwsSSDi0uKnbrKkNgtcGppAG7ySoVRmI,Ahmed al farhan,https://play-lh.googleusercontent.com/a-/AOh14Gi-kyKSPQ6_JnB631SDdqOM6W9oYtRCi0AAmRMjpA,bad controlling. . doesnt refund my money back.. it is bad.,1,1,1.0.3,2014-09-14 20:32:07,"Hi Ahmed, Have you tried to use the virtual gamepad control scheme?",2015-01-05 06:09:03
gp:AOqpTOE7u1YOdFDVwJhR2we3yf9QyX1R66DkS3IDA-qy0Znez0N9DGYCKgXdRjAlbdNLDYbIe4eF-MCZDIRHBr4,Sajjad Rizvi,https://play-lh.googleusercontent.com/a-/AOh14Ggvhk7I7Xl9sSuWGtNASfYxb90CQ5RYh0Q2UXvQuQ,I tried the game and sorry it was pretty bad - kindly refund my money. Thx,1,0,,2014-09-14 04:06:14,"Hi Sajjad. We (the developers) have nothing to do with refunds, please contact google instead. ",2015-01-05 06:10:16
gp:AOqpTOHK8Q7RwQBWAGNVNP-SPl34RsqBfsTU8bnb5VXFeL5Ta_boxSZTeoYX0UOz62KcxAHOkOg-_kxkBtX9DNs,firas al-khamza,https://play-lh.googleusercontent.com/a-/AOh14GgPnWJEJAuw2h8e8uPgjUnzX2d5VTCzz1LGozM2yUg,Не то что я хотел. Тут нужно быстро бегать а не думать.,3,1,1.0.3,2014-09-07 15:54:28,,
gp:AOqpTOHADzLopj9Fj3RT45O7EXY7HbTo6jCWtaUEM_D81VFC83QxHoNLkcTWrUmU1VwfZ7IvDpQwJIAMKW74wAw,Paul Oakham,https://play-lh.googleusercontent.com/a-/AOh14GhrgaOh7ArzLhUAQr78mCt4VReSzsw0ggoXP7ePIw,The challenge comes from trying to put the apple where you want - not figuring out where to put it.,2,3,1.0.3,2014-09-07 00:15:35,hi Paul. Have you tried to use the virtual gamepad control scheme?,2015-01-05 06:12:54
gp:AOqpTOFUKj3VIXW98aamVRo3xab8oCKuz8nFD6NyDR6b5sNZTZg_91c4TmUv6KjTdbKmmKGOfM_O8uxIGHAXj-g,A Google user,https://play-lh.googleusercontent.com/EGemoI2NTXmTsBVtJqk8jxF9rh8ApRWfsIMQSt2uE4OcpQqbFu7f7NbTK05lx80nuSijCz7sc3a277R67g,"I'll add something when I get a chance to play, but I bought it to support development without the IAP garbage. I buy a lot of games just for that :)",5,17,1.0.3,2014-09-06 13:47:30,,
gp:AOqpTOFMmP49PvZY2LlHnBQCVpQFxVn4ZM6Xs8B82WTVz03WBX5BbRuCFlcBe8b1yaqivw29_nJMytxUWlQ7sEU,Mark's Beautiful Landscapes,https://play-lh.googleusercontent.com/a-/AOh14Gj4MeXH-9zS5qi5cCLJVY_AZFND6C0LGyYSsBvSfA,Please fix it crashes as it starts,5,1,1.0.3,2014-09-04 11:45:20,,
gp:AOqpTOFo70ZVmx_ivrpqjJrLrZZ6nb197drawcHKhTtu6_Xfdfse4O9nGq3-Sg_CKBKkJviUTX3R6E2Zqa4AgGw,mladen culic,https://play-lh.googleusercontent.com/a-/AOh14Ggcx69UZaAVxYfK2zeAucQq97a8pdkF4yj1dM5y0to,"After the uninstall , (my daughter didn't like the game on her phone so i decided to try it myself on my phone ) game has gone from my apps list and i had to buy it again. I thought it is a mistake, and that if i press buy , that i'll just get note that it is allready mine. That didn't happen.",1,1,1.0.3,2014-09-04 08:20:21,Hi Mladen. We (the developers) dont handle how the payment system in google play works. please contact Google about the issue :),2015-01-05 06:15:15
gp:AOqpTOGfo7WCB2DDqu2LLI98LzxrdQOQDYCl6crbY-72K1O4IHUpNrTEphCgO7hyS0vXaOuPpsA-DwntyfL-EO4,Carlos Mario Agamez Seña,https://play-lh.googleusercontent.com/a-/AOh14Gi6quh49g5I1U0Jr3S9e1hhzumpNdUmJrR_FM_ILg,"This game is awesome. It have some resemblance with an s60 game called Drakulin, son of Drakula. It's a great puzzle, is not just place and wait for solve the puzzle but rush and modify the environment to solve it. For those asking for instructions, you got the wrong game, this is a puzzle, for God sake!",5,8,1.0.3,2014-09-04 04:50:31,,
gp:AOqpTOEk0tbizd_yObOuI3okl0OeK9RKySzxKJDkpnhkUVduyGvAZ9mHFwBVnscAl9ncXm0mRi9SW90HtqiS4JI,Doug Macduff,https://play-lh.googleusercontent.com/a-/AOh14GgqBjdkF9-EC1V6PwV2UgRMiO0HPi07UJu41UUjfEw,"Had to return to app page to reread and find some sort of instructions. Bob continues to drop off... irritating! Will return once game's completed and re-rate, if ever! Dog picked up apple but game is stuck...it picks it up, puts it down. again & again & again. Now what?",4,1,1.0.2,2014-09-02 19:36:41,,
gp:AOqpTOHFJv8AjAM1M5rmZN6H8p6yY2gyuar7FAEM6dFg3IYrabjt0EQnYVCMUnhZKR0-tDxYmNGkvZRy6qzeAlI,Michael Herauf,https://play-lh.googleusercontent.com/a-/AOh14GhjcRfBu4nynz3EQRHzMmBZNqNkMNai1tegWf_MJQ,This game is so clever.  A nice twist of the puzzle platform genre.  Plays great on my NVIDIA SHIELD with full controller support.  This is a must have for any Android gamer!,5,2,1.0.2,2014-09-01 21:47:07,,
gp:AOqpTOEYjks5yPIQI8EZRx4d9v9JU7PkHZs20Wx-s3ghCpXQZS45AlpNC25VMYQznqdu0DXpyPOBZZdXk8vNBz0,Carlos Romero,https://play-lh.googleusercontent.com/a-/AOh14Gi0NwuQ82NLxm-5_Rau1eRWCKi5JT1Ht7Csmdgf9Go,"The gameplay itself is interesting enough, very enjoyable game. However, I'd encourage you to play this game for the stunning visuals and sounds.",4,0,1.0.2,2014-09-01 18:29:16,,
gp:AOqpTOG-2qAd_4CWkO8sa7gFpyRWRuymJ0wjPdd31mYusWFOJwdcQxaox8nnxtRe37pJmFWPEganC0dILo8_peM,Scott Oakley,https://play-lh.googleusercontent.com/-QTYjdaOaaZA/AAAAAAAAAAI/AAAAAAAAAAA/AMZuucnJ6gRkOjG0UpEyS67YtYSo0HoQxw/photo.jpg,This game looks like it has the mechanics to be something I would thoroughly enjoy. Unfortunately it CONSTANTLY stutters from loading screen to actual game play. I haven't come across a game that does this yet!!,2,3,1.0.2,2014-08-31 17:12:12,,
gp:AOqpTOG1yKG1Z5zSNEDwyV1yW5J9lF3UB3_8XwiOphSnx923fqUw4Zhb3aKcfpkecSgUtQVUnBU_KfzwrCc35_w,Matthew Gile,https://play-lh.googleusercontent.com/a-/AOh14Gil1vqckBL0BC4opihp9Als1slIDXQ1G7d2zys1CR4,"It's great looking and sounding, and in interesting ways, but the puzzles are really conventional and don't take advantage of the crazy setting.  Edit: I'd only played the first 12 levels when I wrote that, the later levels do interesting stuff with perspective, so I revised up a star. Still not the most amazing puzzles, but all around a cool game.",4,3,1.0.2,2014-08-30 07:48:22,,
gp:AOqpTOEXGKf7Pl5etLxqKgzdFxoWj6V4l_Ck404z7bUdbThsB9PiLc7WeKeaQ6HoDrc3b8oY6kZpZovYlKbRegY,Kenny Chong,https://play-lh.googleusercontent.com/a-/AOh14Gg28taAWeqnm9ewMUwvKjuVVSsSd4Z6fi4I6cMluOM,Very nicely done with excellent visuals and sound. Controls are alright too. I have a Nyko PlayPad which sadly doesn't work with the game on my Nexus 7. The direction pad moves the character but none of the buttons is able to initiate the carry action.,4,1,1.0.2,2014-08-29 03:30:36,,
gp:AOqpTOFUcboNlI0TloAr-wM6TJVZsYC1qD6GJXsTOkGK8yLr9Rjck6SVN_bTVC4wctPE7rSFzIasW0i5ajwQvEo,Adam Nickerson,https://play-lh.googleusercontent.com/a-/AOh14Gij3Mqvi0OcMUmwwcHAYvzxRgEmv7se5koYjwCZli4,Excellent.,5,2,1.0.2,2014-08-28 22:53:30,,
