reviewId,userName,userImage,content,score,thumbsUpCount,reviewCreatedVersion,at,replyContent,repliedAt
gp:AOqpTOGih1-pjanaFvdP6I62xoJspxukaXxhjQsT90_GK4_rnWzXRZRVQ_GuIrv6uf4Bk-y8VCSLU_U-YAXm9ls,Jeffrey Gillem,https://play-lh.googleusercontent.com/-v1g-_wMWROg/AAAAAAAAAAI/AAAAAAAAAAA/AMZuucncJjYaI-6HRsvNPdbuGF3Rtal83Q/photo.jpg,Would not auto rotate. Not good game play.,2,0,,2021-02-09 06:59:35,,
gp:AOqpTOHlcozTOBp8KncUWfOTodfPguzaWMWsQzhRKB28tCwWreL6QBgGCZlIWIeENU__7YFL-W-Dwbk4TJKegas,Ryan Shofner,https://play-lh.googleusercontent.com/a-/AOh14GinPspwUGXEa3HHkC4qV2cAibS_cgjTQtwJsrjuqw,"Clean UI, ad-free after purchase without needing to pay a recurring subscription.",5,0,1.5.0,2021-02-06 12:35:49,,
gp:AOqpTOE-3USg1Igpp9Ql4rm6mOeHOtKwUEDMX_YM7Drv_IsabbnFETPSOk0cx33FxwXw0eaaYv4sFlBiV5QB1eo,Elizabeth Higgins,https://play-lh.googleusercontent.com/a-/AOh14GityCdfwqf91v0G0Vhr80Y5pIpT2Gi58J7T2iqr,"I played this for a few mins, but the flashing cards got very annoying when I was using it as a way to relax. Otherwise it is a fine game, just I play to fall asleep and having a card flash constantly didn't help in my end goal.",3,4,1.5.0,2020-09-14 01:44:44,,
gp:AOqpTOHnxxD7aqidNVGlXDrfJ_IWbt9TwBqcKoRhpijQ-juruLeIAOK3MKhei3QWa-o9rUH5xOzXKtokLWFaisE,"Wayne, Orr",https://play-lh.googleusercontent.com/-mHwf1OGAeN8/AAAAAAAAAAI/AAAAAAAAAAA/AMZuucnCxLIeeprnjjzjWr4pGgFPm2qqPg/photo.jpg,Really enjoy playing. A simple game of solitaire. Easy controls.,5,2,1.4.0,2020-08-09 20:38:09,,
gp:AOqpTOEPOjtyuT7cXIxiXkLlMW6_acd9NitH2NaU-jwfz5sspk0OzDzCJ2KOqf7WjBQ87sS_EYoz-tLlbtcMQVU,Donald Mickunas,https://play-lh.googleusercontent.com/a-/AOh14GiWuX9s-Alov7zURenDVhHwU-44VrSzXBkH7z2T2A,simple well designed game of Klondike.,5,0,1.2.1,2020-07-10 19:19:41,,
gp:AOqpTOHZc5g7heBX9XkDezFytDEzgj6Z6Z9_4HXLoYUSIyLMdqmMxSnTZDTN5zg8b65y-OWZ_nvUwVu7ggUn3AU,priori_14 Denver,https://play-lh.googleusercontent.com/-cELBoiUXik8/AAAAAAAAAAI/AAAAAAAAAAA/AMZuucmV1QLWEzaXx0wSy5ovJ4syJZaXvw/photo.jpg,Authentic.,4,0,1.2.1,2020-02-29 14:09:27,,
gp:AOqpTOGybtE6FHreMA7IBNpr88qg6MLDg-XtMg3PnmVBWOUPUA_l_-rxaRsRTgeNp40Ei_pR8QFPUgQiQheQA1w,A Google user,https://play-lh.googleusercontent.com/EGemoI2NTXmTsBVtJqk8jxF9rh8ApRWfsIMQSt2uE4OcpQqbFu7f7NbTK05lx80nuSijCz7sc3a277R67g,Needs an ability for the player to reshuffle the cards. The deal comes up to many times with all black or all red cards to start with.,4,2,1.1.1,2019-10-26 11:47:41,,
gp:AOqpTOH60JAwPCAynvo-JO1d8teYojK75YLoxWtpji0R6ucfCy64ZBneo4Avad-i9sKP4gAgU9xtvcrNIfIROgU,Scott Palmer,https://play-lh.googleusercontent.com/-5kT78zGNP3g/AAAAAAAAAAI/AAAAAAAALTQ/AMZuuckOOPdn4Xcc_sLtYlCVpWc9urn6TQ/photo.jpg,"Good, clean design. Like the layout, menus, etc. Thanks to this app, I will continue to enjoy sucking at solitaire. Wait, who still has Hotmail?",5,1,1.0.7,2019-08-19 18:00:33,,
