reviewId,userName,userImage,content,score,thumbsUpCount,reviewCreatedVersion,at,replyContent,repliedAt
gp:AOqpTOFpVJ9TObuRv7bWZhhik-2i4uvdqOxaHvpFUkoj08squZSfRhYUM6YeF8zjM5n54g4HIw_xgVY8oKAA5rw,Bob Ley,https://play-lh.googleusercontent.com/a-/AOh14GjVvZcn9RC1MfVwWpoiLAkjqn2Y26yLCLBhO6edGw,What happened to the hide battery icon option in personalization?,5,0,488,2021-02-01 06:50:17,,
gp:AOqpTOFTJRFR--p8CRQ2qRmZGni9WrKd_c4dEBh2pDEJGoEN2i81A_aR1FwppWjXg_XJ523cV69TbcVjd5eTEXg,Ronan Tetsu,https://play-lh.googleusercontent.com/a-/AOh14GiHkYvqFTaFtgf8RP8vFs5WGF9umdiZ8BhIn52Kx24,"Needs to stop forcing and annoying me with ""accent too bright or too dark"" BS. If the android system (OOS) (and RICE tweaks) allows me to choose ANY accent color this app should do the same. Don't see why I paid for an app that won't let me customize my phone the way I want it.",1,2,487,2021-01-30 21:28:55,"Hello, Its added to not cause readability issue in many apps which use white color as text or icon on the accent color. For example try white accent on quick settings and you will have broken toggles. Anyways  we will add a toggle to disable this and allow users to use what they want at their own risk.",2021-01-30 21:42:12
gp:AOqpTOHgJFvopfD6eorQPYW_i8rXP9eij1zu4vG8a_1APRxUmhpnylp7p0GPkeM_9xnyvR5zvuGe1kDsXEOS1j4,Ion Ciubotaru,https://play-lh.googleusercontent.com/-2h7-DpLFJSA/AAAAAAAAAAI/AAAAAAAAAAA/AMZuucl5o0zRE6VEtvLFyYyhQ6NXcZ4FsQ/photo.jpg,"I love this app, but it lacks support for android 11 on Miui",3,0,487,2021-01-29 03:58:56,,
gp:AOqpTOHY7dbjvj57l7mIx3KbWAtxWWHJwJOUh9biFskhn62VPIcc1x1hz7OuLjvlKz95iNOYwImaOKG1vrx3YdQ,Mesha Michael Savio,https://play-lh.googleusercontent.com/a-/AOh14GgxpoH1Xobb8EC3Rd8kLjzZqs23ZXf98U_FRAHtJ2E,"Worked very well, but now I have a Samsung Galaxy S21 Ultra with Android 11. Will there be support for this in the future?",5,3,487,2021-01-28 10:49:03,Yes there will be as soon as we get access to it.,2021-01-30 21:42:38
gp:AOqpTOFJlf5u4oNMSHVFnRJks0y_PHKvYoQiOQf4ffOoY8It2xPDxg1ff69PrVr_HThbTk1Mt1ftvDbgVyOfWzA,Jeevan Karnati,https://play-lh.googleusercontent.com/a-/AOh14GikwO7Zhz3y-melzcaCNypMycSQuWMsiTiwC0VtrQ,Happy Birthday🥳,5,0,342,2021-01-25 02:04:44,,
gp:AOqpTOGX4mTiFsXBoaJzQi24hW5uw8CBvjGt3iBJTt4xzEvr4wof0MZ3JoQzpJo4zye5jtnl1f6Nj99h_6iiFQI,Stenlan,https://play-lh.googleusercontent.com/a-/AOh14GhiY3hQZj-dPeEVkeBqC66sXh9l2lmRg_1cn13l,"App is good, but IT BRICKS THE SYSTEM ON LINEAGEOS 17.1/ANDROID 10. Be wary",3,0,485,2021-01-19 13:20:41,,
gp:AOqpTOFcnevoJhRCcF5-D1A3uZjIlsTHG2rXZ5XQmIvQ_wvYLYBH42vWZtjAPWXZFs05ToupTf0BBhHonnTQnK8,Raul Torres,https://play-lh.googleusercontent.com/a-/AOh14GhNUKWEcFxHEqwAjgyALWlHFR85DWMqLjBoocb6vuc,"This is a great app and the ease of installing overlays is very satisfying, but here's why I'm giving 4 out of 5 stars, three reasons... Some of the ""supported"" apps on the list don't work well yet they show up as themable. FB Messenger LITE, not FB Messenger, is just a mess with any dark overlay. 2nd, there is no option anywhere to select AOSP/Stock icons, despite having root. 3rd, the app installs its own navbar icons replacing the stock buttons with no way to revert unless I remove the app.",4,10,486,2021-01-18 14:01:44,,
gp:AOqpTOH5Oxzx1SBq_TiTQDfnaQiRrB851bQdqaIX7pQ58Acj4BwfX_RKq6jyL6wayJjJBI2s7ZpEqxKy7pFN5Vo,Rodolfo Segura,https://play-lh.googleusercontent.com/a-/AOh14GjW5E0FUeR0zCayB0il_phMOanaIdPSVArbSehPeik,Just perfect. Highly recommend. I'm on pixel 4xl stock w/magisk. Would also love the same app for light themes!,5,4,486,2021-01-16 21:14:58,,
gp:AOqpTOGDhS0guBYIhm9Y9dJmOsjT0QArc4OB26-FAK1tO0w4yLvlYQ65hI-OOvhh9sW9HaBwM4IIs_oR4snzEv8,Christopher Zamplas,https://play-lh.googleusercontent.com/a-/AOh14GgBcH8RIIcOPEGu3JX9ioCQuJlhPEnRqGqYmEVOdsM,"Doesn't theme hangouts or google voice on android 11, description should be updated to warn users that app compatibility is lacking on 11",1,5,484,2021-01-08 10:56:15,,
gp:AOqpTOEjyEOKcLlh70iD-is4IwddQywPRoul0ZCopVdM9k5kF063mNmnRpr0ogg3e69D_jConofCJE6e3lTFT0o,ImDiwakar 23,https://play-lh.googleusercontent.com/a-/AOh14GgnmJbtrIdOlONZm2X1hRiMZJVwbnGVbak1D8HSjg,Purchaged and Refunded.. Showing Root access required...,2,1,,2021-01-06 22:26:42,,
gp:AOqpTOHe0cE-v8jWgEAAOxKRoI66977n8QETcNRF7qmWyYB90LM3jPcauOFDbL7TYG5e5_MjvbSO2zUEtFDD5tA,Jeet Sarkar,https://play-lh.googleusercontent.com/a-/AOh14GgcwOmTSvkToG8JOsApbwfxbZ_fyYbMY347VD00yA,does not support android 11 based miui 12.5 before that it was good,3,4,484,2021-01-06 19:24:57,,
gp:AOqpTOH-J6qLvCwkMHAAgipuWJ3pQ1cn4IDIUHmH2P53jbRKTR3L8oWLVFWvqXT16SizZsCOn7H3We2S4zoKmSk,Rakesh Singh,https://play-lh.googleusercontent.com/a-/AOh14Gh-aqOQ0BN0tF5D-82kvtUgdiFYa5kL334UHC5FBA,Actually its a 5 star app but the admins at tg support group are too rude.,3,1,484,2021-01-03 12:07:45,,
gp:AOqpTOGhke4ZdRbzGl0FPs0iv5P3Hs5R9FVWk0QqGbeX_ToKOcIGW--zt399kSsn3KDoOLB7t5LMXYOlLfEU35o,fr0shT,https://play-lh.googleusercontent.com/a-/AOh14Gh0Apkuc8vs5Zo1esMwypV0cQGODdmduK6_cqUQ7w,"Needs to support a lot more apps. Especially ones that don't have a dark mode, like parler and coinbase. I use those two apps often, but they only have one theme so it'd be great if swift installer themed those apps as well.",3,3,484,2020-12-29 16:26:37,,
gp:AOqpTOFt2n8W80u3eKvdzPKcuAz2yBvDj6QsMnga-76dQjXFdz-5XKLOVcs-jehw-5L1KdkGo2_FHWj9C9XAILE,Giuseppe Durante,https://play-lh.googleusercontent.com/a-/AOh14GgWrmJEPvvyteIybB_8pRlRy7mnFcJDEFPv2l-8sg,"Guys if you'll have any kind of problems within this app or any other apps related and you try to contact the developer be assured that he's professionally unable to respond to your emails. I accidentally bought it and so contacted him/her for a refund, no signs of replies and so he/she forced me to contact google. Unreliable and unprofessional developer, definitely not recommend him/her and so his/her apps.",1,1,,2020-12-24 16:50:01,,
gp:AOqpTOE8t7IfAE5GbHYGNq-MATLFluhCJMeAiasYmOlB7RNV4XWT9WGvqcR8WTVV2Hm9uCjdDn9jFaVAxeJb87E,The Smilin Irishman,https://play-lh.googleusercontent.com/a-/AOh14GjZMfpzNzsD_9nMT9noNQS1BFGYzDc7l4XUFbphpA,Swift black has always been my favorite substratum theme! So figured I'd give this a shot! However Snapchat never seems to theme for me. Neither on Oxygen OS or a custom rom. Any ideas?,4,0,483,2020-12-23 21:27:13,,
gp:AOqpTOFAgjB9lZWmUAMio11c-znZZSFkIf0gxwY8GYNwCQmOK5WQT1FtU0h4WTyaMD-tRrO1eYNVAyQQ7X-ryUY,Younes Boufada,https://play-lh.googleusercontent.com/a-/AOh14Gha77fWStlaVCPt_9oR3ap0noJk_x18JcsRYytdKw,When is it gonna support Android 11 ?,4,1,481,2020-12-15 04:22:40,,
gp:AOqpTOEt8ckzeGTtNFRAtnGxsPqO1EMTFR0XUWWB0KMhjtgFkwawKq7t0ROYq-lasaQXFsYXasE9cxAm6xorJ8Y,AbzyTech,https://play-lh.googleusercontent.com/a-/AOh14GjE73_leHnXvgOl__v1PZINTlHyFk2sM5QlQRabsA,"I was using this perfectly, but doesn't work on one Ui currently.. Waiting patiently for the next update!!",4,5,481,2020-12-12 02:27:53,,
gp:AOqpTOESxOU6h2K6Jac2eeIgNWO3Xi8uxJWENDhHjqbdn2wKZ2BPOmENpaZ7y9C_L0evDRYnBliedh8pDrnG1Gg,Adam Zett,https://play-lh.googleusercontent.com/a-/AOh14GhRtyp6NtcAmMRjuAM41qzAM_Bn2bgZBJjjvxV1Ig,"Substratum bit the dust. Found this, it's way better! Has fewer apps supported than Swift Black though. That's my only complaint.",5,4,481,2020-12-08 07:00:39,,
gp:AOqpTOFSYbF-2S7ksi3urgipmA93vEH7t8A9GsgCvq4BbPJWJZNjga2FgZfEViShKIhuAZkco1RMGsSEVDD0jxw,Mohan Prasad,https://play-lh.googleusercontent.com/a-/AOh14GibKyoY8IZSB6rwcCJJIzsO01sqPm11mMvXai72HA,"Currently on derpfest a11, bunch of apps I used to theme in a10 are not showing up for theming like swift backup, vanced music and youtube and magisk.",4,0,480,2020-12-06 05:16:08,,
gp:AOqpTOFvjhwOZByO5rR6hNxRYaUJYfDIygmrRU8qrPNNKXSsixua2oroCTRRK49LuMbbhfue9T-23oPHgvbm7LA,Fathoni Atma Jaya,https://play-lh.googleusercontent.com/a-/AOh14Gj-YcCK0zNJb6_qQKgQgfr2np0jaKmbQtVHodSr5g,Please add new accents for whatsapp 🙏 more so for a bubble chat to be differents,4,0,480,2020-12-05 15:42:09,,
gp:AOqpTOFmNJm2-0-yO_4CLm-wd0BOifpApWLx7NT09fGTwFX-bHgI_3_1_II0q81Iksf9szwREKwgHiREb2deIek,Deepith Sharma,https://play-lh.googleusercontent.com/a-/AOh14GhnzxLl5G6k8b9N9NpJbCwrQvb-tHZPYsB4ZQgdww,Please add Facebook app since it has dark mode now thank you,5,2,480,2020-12-05 10:20:12,,
gp:AOqpTOHq1SENvyrT2ubsybcYk0TQXZkAMWMS01quuDQzEMYp04IMXvCdZ5-TzzjdOJANNAFk_X910g6zLltYnFo,TIEN AUN LIM,https://play-lh.googleusercontent.com/a-/AOh14GgzKi6YmfRGqDv7k-O_e88RIk_w4yLIRpkACxQPfA,"Seconding Oscar's review, if the speed of pushing updates to maintain app compatibility can't be improved (undrstandable), how about a feature that warns us about incompatibility before an app update? P.S.: Not sure how you are going to implement this but perhaps a simulated environment just to update apps and automatically detecting and pushing latest status to rhe other users? Just a suggestion; I'm not a developer so idk.",3,17,480,2020-12-05 04:36:01,,
gp:AOqpTOFTdAmz2rVWeym9TKOJ4IaDVF2cBYpRAjznBFo-Jzah7rKzU-JFhdi4kOynC4DdfjLojDLc9Esa_RohdxI,Stefan Schokker,https://play-lh.googleusercontent.com/-M4U3yZs4PnA/AAAAAAAAAAI/AAAAAAAAAAA/AMZuucmlwpPHuc3RbHkZQbvmDa0RQD2eHw/photo.jpg,"Easier than the substratum theme, and more customizable. Most things work on android 11 now, but the range of apps is quite limited",5,2,475,2020-11-24 15:21:23,,
gp:AOqpTOH61cFdUNU05ExzdSEyO9m0evBRCd8LY8N5u0ziuT-d4QfWZsQ9tswjkTI5IJnhQAfFrWW4rvm92xF1ETs,Aaron Thomas,https://play-lh.googleusercontent.com/a-/AOh14GjHMYKbV49EhWI0WW2nhafyi2bVKLeJwrx6pz8o,Thanks for a great app. Can you add wallpaper themeing like in Hex?,5,1,468,2020-11-21 09:43:30,,
gp:AOqpTOGB8xW074to69Y5VVzozTrNgZh316VHBHfd5LV5O0Le05EYU4YFtM_kdSSxwHaMp48jqzB53Q919bLePUI,Harman Thind,https://play-lh.googleusercontent.com/a-/AOh14GhlnXDYUVKqoVGSjgfwe-M22AWEgbtmHa1L7-7-Wg,Please bring support for android 11,2,0,465,2020-11-11 09:09:49,,
gp:AOqpTOH2xckNQAgYwufzDAvHFJm-2qQ_G8jUE0hs4nooJj5YrSg6qlZu-ExtFL0T8qTyCzPo-ZQLrQ9WBXqlGG4,SKL,https://play-lh.googleusercontent.com/-WjlDIVlv9Fo/AAAAAAAAAAI/AAAAAAAAAAA/AMZuuckyhq9xvzkGMGi0iZOlX1Y9eZG-ww/photo.jpg,"Do not use this App. I had this installed and had everything updated to the themes and colours I wanted. This thing was amazing in customizing things I couldn't customize before. Everything was good until I did a system update on my device. The update itself went fine. After the update though, while android was optimizing the programs, the settings on this app conflicted with the new system settings. This cause the phone to require a factory reset and which everything I had saved on my phone was wiped. I had no option to even back up anything as the phone wouldn't let me get past the factory reset screen.",1,2,,2020-11-04 17:44:49,,
gp:AOqpTOHPrSX8FDYaF9ziHKh1GgVhx7i-zEh3uq0_w1Ltcepd_gSqmSrdR0P51Cj7D31hhqmqYuf0kYGNWAvk6PU,James Schuessler,https://play-lh.googleusercontent.com/a-/AOh14GhNLx-ZGdo424uHAEbdYUA8eCzjD2Joc7v-Qp4i,So... you pay the 1.99 to open then need to pay another 1.99. FOH,1,0,,2020-11-04 16:58:00,,
gp:AOqpTOHwdxt5gA9Q0rzO06hKFxvB_Xhs5vBQu2_JMH1c9MowZHAB52Fhr9RJEB-gKA-JZyZgb9LvdBIGnKNTSfo,Mr. Nice Guy,https://play-lh.googleusercontent.com/a-/AOh14Gi88faIaJWVCqTUzcqq_49U4I-huKd0mv5PAcTau-I,"Hello guys, please update the app for android 11 🥺",4,0,450,2020-11-03 02:50:59,,
gp:AOqpTOFEJkxPi48AIirp-v57vZrBEqpWwmrE0t0YKp8OCvGlPD2oSh-_1jGmVvvDG1BQbrv5JWv_ycgkmiGq30w,Christopher Mlolwa,https://play-lh.googleusercontent.com/a-/AOh14Gh31p-Aly6nqzlYIhE1akhqSjCMvmnL2eDCafJydQ,5/5 Love it.,5,1,468,2020-11-03 01:12:15,OneUI 2 is already supported,2020-11-02 04:58:36
gp:AOqpTOGPlmk_c5kPLGLUxz2-mchlCWCHRrwfsxH1FpkDB5fN4_CYmW0UiKPkNrxSSBW3rXZ7CE685vkTWZmpgkg,Panchajanya Sarkar,https://play-lh.googleusercontent.com/a-/AOh14Ginsn2HuWfzjqyn0BhzXq7oOYsXBSuSikweUuCOYQ,Best !,5,0,466,2020-11-01 10:41:05,,
gp:AOqpTOEUcILofkWosEIw4ic_bE-1JtOQFTerLaSuG3piv7g_Ctn_5tH_lG_WOyJ2ah39Xb-bHZIK1nR9EHAYJSc,Nivesh Varma,https://play-lh.googleusercontent.com/--D8qorggwQA/AAAAAAAAAAI/AAAAAAAAAAA/AMZuucn7BViKCIueV6h2rJnfLF4QmixcVw/photo.jpg,"please add option for transparent notifications, just like transparent quick settings",3,0,466,2020-10-25 12:03:34,,
gp:AOqpTOFnq6UbobFv5mX8V-lSQng8ML6CrGc98oByIH3TW2kmQqOxqcxieyJPSzBnZccurpwHlc1cW3Nmbwx2wJg,Trinoy,https://play-lh.googleusercontent.com/a-/AOh14GjRfRg-yuqF-CsRwYZ9H3LZZRql9MKO2PR_S-FpBw,I love that app when can we expect support for android 11,5,1,464,2020-10-23 21:36:57,,
gp:AOqpTOF4v6dQ2ERhEI5kuYIDFA6m7lKd5y5DlgpSNlHHzrVA783FHOr-k_xtXu0UwlTFAsq4QtMgT6M_tPLcgwk,Gianfranco Portavia,https://play-lh.googleusercontent.com/a-/AOh14GiqCJunhYIyCZg0lNrKcrC8497zmfRKEBtSY_CCD_E,"I hope Android 11 will be supported soon, as of now everything is ok",4,1,465,2020-10-22 23:33:12,,
gp:AOqpTOEDqtJPYokW6AvSgX8jOht0_7QPpzW_uaORjI3ens6ph7cs5Wrwe4ECEw2vBzamZy0P8qQFQhmTHrbkt4k,超可愛い,https://play-lh.googleusercontent.com/a-/AOh14GiD7CwzgFgfBGtLZPQax-wo-R3DK4gxEWmeJ5iz,Awesome. Better than Swift Black.,5,1,465,2020-10-22 00:36:12,,
gp:AOqpTOF9LvQvXZkDE4BC_32PfFxM_5bHbFCeiQgzlfUfrIZoqx1w2h_jo0Hw4UKP-zcloFnpq-9efIAKDTIp9O0,Prateek Singh,https://play-lh.googleusercontent.com/a-/AOh14GguDAZA2gC3cBHf8a1M1DbocdzS7GOVKc6p2Qyy,Not working force crashing my UI and the developer is not refunding the amount I mailed the developer but no response.,1,0,,2020-10-20 22:26:00,,
gp:AOqpTOF1jRu-uP2odHn5YYBZHOVud8pF2WnDobQlAA4qMeM-FQEeIJpoO8D5aMV0HpIdgdnEVdXasvazZ3tM3kA,Pak Penyo,https://play-lh.googleusercontent.com/a-/AOh14Gj45JSFVYAYOw7zwMD4Ljwu8Wwib-Q1o_1_yaYeRQ,Perfect for dark/black. Fast update.,5,1,464,2020-10-16 17:06:41,,
gp:AOqpTOFdiZco158Mg2u5bmaQ6K8VMXjaTdJ_kXoUAwJHSJHpldsTCJlE7s2CNQ5Zoa0W40gOB5aKXjumFRjA4uQ,Theo Drăgan,https://play-lh.googleusercontent.com/a-/AOh14GgtPkcXbo3KpLbSXcGGGUJjLNFuj4d8MA3qDViLTcc,"Thanks, great work. Keep it going!",5,1,463,2020-10-14 06:44:23,,
gp:AOqpTOEa8w8H4VMs7okgnTVj7KTiSny0kvOyTw7LaroLoY92dwymf-nXEv35kFAx0oy07PGqNONropoWpcNdzH0,Azezee Jamaludin,https://play-lh.googleusercontent.com/-CcZS-bZagiw/AAAAAAAAAAI/AAAAAAAAAAA/AMZuucmuz-fTJ_J98car6rtUR5wA8NEbtA/photo.jpg,Used to be good but nowadays swift installer crashes when trying to open,3,3,463,2020-10-11 17:25:42,Which app is crashing?,2020-10-11 11:40:57
gp:AOqpTOG43z5ZwTH3nNfh-i12cuZQA17u_CL_XTiCYHfPX9mVhciMpCLZe0qOPukVZyeKsFFQ8AlIEDPTjLTvJf0,Revontulet,https://play-lh.googleusercontent.com/a-/AOh14GgJd1ivAoMk6nBxCqToyJPVEYJJL4fvi5fT1ZwuUg,Wonderfully made. Very unfortunate that some app developers feel the need to treat Android like Apple and prevent their apps from being themed.,5,5,463,2020-10-11 08:53:52,,
gp:AOqpTOGTMDW0h7eQx_bXS1fEdnm5oaS_OmlVWHQ7h4ffspOlCsR5HLoCscJ1e7Eab85p4Yz2l8Q6bVsdir-Wi-s,Agnis,https://play-lh.googleusercontent.com/-tOr3UtVo5Yc/AAAAAAAAAAI/AAAAAAAAAAA/AMZuuclGXxgEmCX2S6yCKLTEv4l-UVbt3g/photo.jpg,No Android 11 support for Oneplus 8 Pro,1,1,462,2020-10-10 22:18:16,,
gp:AOqpTOG5Uys2bKGT_25TIG7btX8SiO1ouhtG07NN2JwWbSoRAf87VSfHTAl0WQQE3EEqx3_KWyqsqVcwFJyDIwU,TomDom,https://play-lh.googleusercontent.com/a-/AOh14GhOw64TjYtoKSOfNRJSU2WjbdYRZTYpNyxcBcZVBtk,"Best theme app out there, this app works beautifully with a bunch of apps to get your theme truly system wide. Best theming app I've seen on the play store without any doubt :)",5,7,461,2020-10-07 11:56:05,,
gp:AOqpTOEhFEInrdKcYdewtcKsKsmPFbf47Vc72H5s43I388YjDb7xYL56Nb0JtXWoqp58o0uujE3cxhy0InMzDs0,Hawraa Nassir,https://play-lh.googleusercontent.com/a-/AOh14GjR91dWHPFlOaKdKWsiN6cxUKxVXsxI50MXpY9-Pw,It changed how I look to AOSP. Thanks developer 👍,5,1,459,2020-09-21 15:19:17,,
gp:AOqpTOFkV0mMeGXMNJfZrgqaMtaUhuWT81oG7w9LK3dbja119nzO1UgIA8KsFO_z7HCCJjQr1RZHgHUkxe8_yW0,Minsoo Kim,https://play-lh.googleusercontent.com/a-/AOh14GhHkwH4PgiwvHkDlpzY4limVhYjNQ9xFdK9dnKU,Not working on android 10 - actually it works only when I enable the system wide dark mode. I think there should be an option for people who dont want to be using the system wide dark theme though. I only want the system ui to be dark not individual apps.,1,1,9.81.248,2020-09-11 03:58:59,,
gp:AOqpTOHZrKlxe1YP8-ax7h6hHv4NnvE69VBl-Ow0H-0G5eEP5_0h-zNPyFGjrzXtS85Uow9gGOkD4-1JvRSQ7AQ,Braiteyy,https://play-lh.googleusercontent.com/a-/AOh14GijB7mN3D3pRZ5_SNuqYXndbZ1tQVB_XVH8lOqeMQ,Best theming app for rooted devices. Keep it up devs! ❤️❤️❤️,5,1,455,2020-09-07 13:19:35,,
gp:AOqpTOG5ci2VvcWEvrM8L4TIgKtj_f-LcckEkavWvDbVBsn9TJAEYDvV1kagReowbdwhdQaB7yc87yDnzd_Rb3o,N173M43R,https://play-lh.googleusercontent.com/-VEgp1KjVSXY/AAAAAAAAAAI/AAAAAAAAAAA/AMZuucmXz0QtPm_HSNWzsvtRbsTQZyeg4g/photo.jpg,"App does not reliably theme several important apps for me. In addition several apps are still listed as compatible when the developer knows full well that the ming is broken for those apps. Substratum is free and themes more apps that swift anyway. Additionally, uninstalling the app doesn't even get rid of overlays, which is an oversotlght so ridiculous I can only assume the developers hope is that users who try the app and refund it will be forced to buy it again.",1,11,455,2020-09-05 21:41:40,,
gp:AOqpTOHOkiLY_cklbJ4Ghm8-6q1POq88mg2vrBRuUQT-zWsjesxg2AcLoBIGhMUF9cSuQ5nprLjLGHbSZVHNO-I,Pierre Gantt,https://play-lh.googleusercontent.com/a-/AOh14Ggb_8FbWX5-R5T0-2UgWt18-eqJuT4JrPv5tYEAVMc,I'm not sure what has happened but the Swift Installer seems to be broken. Non of the 53 supported apps I try to update is coming out black and they remain in their original white version. It has worked in the past but for some unforeseen reason it's not working now.,3,16,455,2020-09-04 23:29:07,,
gp:AOqpTOFK-6uq9LUK0qTTWpFdlYQDH6uJNn9a8u3PTsuUm66lSyO2rlWIg2PSV8Upm6afH1O34Xki9PPeWX-YrQM,Ηλίας Κ.,https://play-lh.googleusercontent.com/a-/AOh14GjS4TZxEP8te41ZsWttKb8Sa5W1KPy34zKLEQEaiw,"A trully amazing app. Very well made, easy to use, lots of options and very very cheap with minimal to non existence impact to performance. It's a recommended substratum alternative from me.",5,4,454,2020-08-30 08:25:38,,
gp:AOqpTOErZM0xfVw1_SaRlTtBI2kwN79c-q60O5RchaFMsNtUO8hQMZLz2B2chPNdhubY2geo8z7cK40E87TN8DU,Zachary Iverson,https://play-lh.googleusercontent.com/a-/AOh14Gi5l1Nedv0Yz_5DpagQCmCG4liDrxqlISOtN8je,"Great theme, didn't last though. After I restarted my phone after applying it, the theme disappeared.",2,0,,2020-08-20 09:54:23,,
gp:AOqpTOFl6mOHVrys7YjqjodXfkJy-TA8en0uF2Nh8UgeDNndUQ_LBT4mlQIBg4fc9mavccEiVnEdXE2pc8qchQs,Raslin777,https://play-lh.googleusercontent.com/a-/AOh14GjoyBE5kDub8vc2SYZC6MB7xWvh7C6bkK2hzy5zV14,Google search now not working too. Also considering the amount of work required to keep updating app the developer should maybe move this to a subscription I would gladly pay.,5,5,450,2020-08-19 13:32:00,"Sadly Play store and Chrome are not themeable anymore as google encrypted it.
We have a subscription service via Patreon if you want to support us more.
https://www.patreon.com/swiftthemes",2020-08-17 01:18:39
gp:AOqpTOHTPNsvS6x4CCT7UJAQ4mvL-BUSr76-mLZJZy3hFfeJJY7Nybz6bEVmwrWpvWWfCsSC6S-Ghfgje8GjLTU,Javid Ariza,https://play-lh.googleusercontent.com/a-/AOh14Gg7Leuh_--E-Xe7KaaoSBOrjgm0my4LSC6a-X_IcpY,Just BEAUTIFUL :3,5,0,450,2020-08-17 16:18:02,,
gp:AOqpTOG4E6EYjv8AM6ko3kTRi6n_0f2uay2KhkIZzVqo0WxeAb-cUpXcoDlrBo0Ex67XwDdrc0wdQi6nf12kvC0,Ananya A Jain,https://play-lh.googleusercontent.com/a-/AOh14GjbkoWt1EiVkGigfbOLfMnm_s5TFWrodQaw4zakxg,Haven't been able to theme the play store though since 30th July. Hope it gets fixed soon. Have already sent a log of the failed installation multiple times. Edit: Ah! Alas. Alright. Thanks for the response! 👍🏼,5,18,450,2020-08-17 01:31:22,Sadly Play store can't be themed anymore as google encrypted the app,2020-08-17 01:19:40
gp:AOqpTOH2TRlM7evO-n161odYw-pCFxJpPZJwcv-i_ARVn9O_D_iYjvVqcsq003IVMUhw1HCHT_OfZm2ejSVHaC8,Varad Gauthankar,https://play-lh.googleusercontent.com/a-/AOh14GixNop_VD5DJuTB6th9dmy6RmQy7O1R96RzBH48zyw,For some reason this doens't work on custom rom. I wanted to theme the apps. :(,5,1,,2020-08-08 07:23:39,"Hi, What is the issue you facing?",2020-08-17 01:18:57
gp:AOqpTOFxgQIU5aYubSH8F_YniDxxKFNYvz8-djKFSPf8lsgLAQPpxt-UfuEFsyTOJQpyr5SiYTpwWeayMye4z08,Rustdroid,https://play-lh.googleusercontent.com/a-/AOh14Gix6VjucR3bXparuE-QYDEuFzOdecwf4ph2vTs8PA,"Chrome and Playstore are not being themed, it used to work. I've been waiting for a update that fixes it but hasn't happened yet.",3,4,445,2020-08-05 18:06:45,Sadly Play store and chrome can't be themed anymore as google encrypted the app,2020-08-17 01:20:04
gp:AOqpTOF7gHIN-AQYwyvyU0-N1M7Gkw8RqYkpdFsn8C7DYlLgWqtyfiUzCCyQ7E6qURy_t3-UmRswCU8d0ppSsPI,Joyous,https://play-lh.googleusercontent.com/a-/AOh14GhrIpB4ZTp20XhSCPBwMXILhydBpWRakmGqmfx6lA,"Just an easy way to customise your phone's apps as well as system wide appearance with just a few taps, It is also regularly updated as well as good support.",5,4,445,2020-08-02 18:06:57,,
gp:AOqpTOE2-trvZl2_f0t9Bnv7rwm20N7NeNVs_NqKfWeiK4u9jk34sr4PayV79hxorF8clZKSBwy_ji4R2b62DdQ,Saul,https://play-lh.googleusercontent.com/a-/AOh14GiY9sriSoQBEdrNC7t9__pT-MeSaHQD2snIju3zyw,Needs no review. Swift is the easiest way of theming and beginners should start with it.,5,1,400,2020-08-01 16:23:33,,
gp:AOqpTOHSwr3kC73YXXd9D_pIHoAy3ljzCOKUDHECFhZr6s83ZwviDHzmBhUa3pqdvkuC_q3a5LXhYpMkf8aRQfc,Mihajlo Mitrovic,https://play-lh.googleusercontent.com/a-/AOh14GhgLoeQLh2oggHvX8_F-DDqjBA43AwlPx1AfYiJgw,Dont work on Samsung S9+ Oreo,1,0,444,2020-07-31 09:09:40,What is the issue you facing in it?,2020-08-17 01:20:57
gp:AOqpTOG3IMhtdYrmVRGCNNzM9jtCTFS_apUvJmzSRTEf7Y5vjaIo5IyTaBrwIEMhKlWwF1GYcoKObp_43iYYCQw,Sivansh Singh,https://play-lh.googleusercontent.com/a-/AOh14GgHVRFhNKLOJJnY2147C9iSQdlUdrn-rVTfc2PO_Q,And Now google feed is also not getting themed....!!! I bought this application for theming those areas only....and now i have to uninstall it!!! what a waste of money! (The developer response here was for google play store not getting themed),1,3,443,2020-07-27 03:13:30,Just reinstalling the overlay will fix the issue. As no one else is facing this issue.,2020-07-28 01:34:49
gp:AOqpTOHFcwP2mCtWpiL1_bc_SkqKjnmb--bj5W845brm8rcbUpEP4x8tmz_nmlfJYwIOL7mNU038hslz784CBkk,Taymoor Ismail,https://play-lh.googleusercontent.com/a-/AOh14Giw6KIiyLNkoJJGEG86E6IZsX3drzVUUqIdH50c,Really amazing app and priced really well. Just keep updating it as always 😁.,5,1,443,2020-07-26 04:04:57,,
gp:AOqpTOHezJHTL5B2odMd90byhlcm4q7xJTEXjJkCU6tfp8QOx6g_WENmqNsH3Pv0l7dFGQR4rHqF5tuKMBtbtEw,Faraz Khan,https://play-lh.googleusercontent.com/a-/AOh14GiiRWb6CSsk9e3WWxqw8HEf_FbnUtz1bLqQhmuAWrw,"What'd I do without this app, I love making everything solarized dark",5,0,439,2020-07-16 10:54:05,,
gp:AOqpTOH5R7IIXf9DzKUBVhQVo_xewv8rp5ochc7GYUOuXYbD4juiyqugwozemv7i-s93EJi4cljrQBfAYk8Swr4,mauricio chacon,https://play-lh.googleusercontent.com/a-/AOh14Gg8f9PVi4nXyD5oCLz-IRmMZ90KpFTYsJgcLgLzyoI,Good app. Updates are fast. Only instagram takes a little time. They keep doing updates every day,5,2,439,2020-07-12 21:02:30,,
gp:AOqpTOHkPJ3UP-Q2JYTJkcOhNHH2aoVA-amBX4I3JYsepmYs8hn_re_QNNbzFEBfo0YWFTbXuJdP_O0zBtQmcT0,Daniel Campbell,https://play-lh.googleusercontent.com/a-/AOh14GgcGhCOJuztMX-p7BgO-IHsgX-oUuXZ8QVQ3exSmn8,Great theme that if color customizability is important to you in a UI is a must have. I have been changing the UI with my wallpaper by getting the main colors that compose the wallpaper using something like Kolorette and applying two of them as the Swift widget and accent color. Beautiful and well worth the purchase price. (Keep in mind this may not work for certain devices without root so do your research before pulling the trigger but I can't recommend it highly enough if you know what's up),5,7,439,2020-07-11 00:38:55,,
gp:AOqpTOHqJpC7uLhevU5SSfQLEhvRPs97k4DPgVhfmX4Oce0zRA0kAeLfP9DFjLXZ8yqS4aSw2j-JXruippNn588,titours,https://play-lh.googleusercontent.com/a-/AOh14GgcpA4uIGfLt5_qlUOyDfmUlpztOQGdrobxuOCVmQ,Would be 5 stars if it was supporting tiktok... just sayin',4,0,439,2020-07-11 00:14:38,,
gp:AOqpTOFh20zv20CoHghJeUDsbCGw439RYyDyo29nzmp2qPmhv7xbXTWsGBcHz8ZXuHx4NkWdP8kPlfhRhpeM-o0,Sam Cousins,https://play-lh.googleusercontent.com/a-/AOh14Gg00rlv3yUe5J537teyT1W4ECzmhnCXU8jBOzGH,"Could never find a theme that was quite right, until I downloaded this app. Brilliant.",5,1,422,2020-07-07 15:01:43,,
gp:AOqpTOEhxGgS8iGkq01qqRncw1uhm6qeDTIOpjnNRI9UvxCcqQXtihUwypTUp4CC_oFcCyqebV2GCbA2e-5BY40,Debanjan Palit,https://play-lh.googleusercontent.com/a-/AOh14Gi378skrlaNoglPMRN703tHaxf210h8c7QKcJhBsw,"Great easy to use , minimal dark themes ❤️",5,1,414,2020-06-30 09:52:28,,
gp:AOqpTOE4mfJgRXVFAyCLLh8MycG3sLME2MQi4dfmXk4YTj0MIWwE3PFLCL9BUzZg6a2WVnGVFNAPOyYmTuqvVUc,ARMAGHAN AHMAD SALIM,https://play-lh.googleusercontent.com/a-/AOh14GgOtN8F-ty7ZbMzPUtxY-Hxc0zMPFE86_y1fnIGSw,Best theming app on PlayStore,5,0,410,2020-06-24 09:00:57,,
gp:AOqpTOFuOfa_299cMevTeH6Oy1Wcm7KTAmaXtRXzcQ1apdtvB-DNWtzXurO_KBp-UDI40XTOcGx69o6uSwMlwwM,Michael Curtis,https://play-lh.googleusercontent.com/a-/AOh14GjnB8vHOKt4Wf61P0DOTOx1hae07cnN4eWKTBWx,Excellent app for dark themes & accents,5,1,408,2020-06-22 14:58:21,,
gp:AOqpTOFd6Yt_QUJDRA_Urpr1EF3KJ4WWhwxPfqx2NiubLc7-JoI4xEJ5aWt9Fz9LxaHv5VpDxUOOuWEUZeps9Ig,Andy Susanto,https://play-lh.googleusercontent.com/a-/AOh14GicuJd1dIksrPLXKq2rXYdQn2qIFN3Jsn33OVtx-Q,"Works well on rooted miui 11 android 10, only setting screen does not change to dark. It stays black. Any chance to look at it?",5,1,408,2020-06-21 06:26:25,,
gp:AOqpTOH14biq7IRhC-ViY8fRfUdOb1CknPvBc39VANlP73B4xYAWImW5JnjcKailG_vi6dPNZqlU8XOUjDxO_0A,Billy Bill,https://play-lh.googleusercontent.com/a-/AOh14GhkA8aok_o7w9G6fgKbpaOn9nz0zDo7DoXGqvnRjw,Another great theming option for Android that allows you many features and customization options for free. Check app to make sure your device is compatible as not all Android's are.,5,2,408,2020-06-18 18:51:18,,
gp:AOqpTOHrB1TTKP56dPSkn7RQdohP2dJgUJy2NHrjn55vhGwnZqruiXxititKEowou8njrBvxBPzbOhOakdH17kw,kunal shah,https://play-lh.googleusercontent.com/a-/AOh14GhNRi12VXs1A-d0WAl3kbu3qd095E1CfEI29Le-CA,"It's top app and highly recommend all to buy it ... It's just useless to use substratum themes, this is what I was looking for all time",5,1,408,2020-06-17 01:31:29,,
gp:AOqpTOFKWBXNMsUyjVcJ0T51-PTNF3u31nZrgCdHCcpo9ZLx9WCal4ZM9_NsBhgXItZrt5rtQ-o4sa9BSGT7QnM,Sandor Csongradi,https://play-lh.googleusercontent.com/a-/AOh14GiNveFNGZcoDsM3THsYF6Hhs4POkdFi-c8FQxRBbP4,Working perfectly on OxygenOS 9.0.9 (Android 9). Is it working on OxygenOS 10.0.9 (Android 10) with root?,5,1,404,2020-06-15 06:41:35,,
gp:AOqpTOH0brCUKXdP82TGGF-T00g5yzaxOPBP0UhipextXsjEc9WPrBxMhBIoxe0GcUWITOrQpnGOPg4UdHZsyN4,Gabriel Komarnicki,https://play-lh.googleusercontent.com/a-/AOh14GjUuvdJyDOabQ6_02xEtjzFnQZfmKgfEagjsWnpOcw,Works really well on my Pixel 4; I especially like the different dark theme options and pastel accent colours to choose from. It looks a lot better than Google's take on dark theme.,5,3,404,2020-06-13 03:43:14,,
gp:AOqpTOFWl6KJVJH5-gh6fFViapEWqoX2VaiRTPzT-tQ1gaF4KjqLq4ucxd-UBwHjyMB3KRKBjvx5DW6x3Bzk2Ag,Wawan Redblackk,https://play-lh.googleusercontent.com/a-/AOh14Ghufz-1MJqtDzYxS27e9fH87eG_kN6ptSatvaAHzA,It's good but lacks of support admin,3,0,400,2020-06-12 08:01:29,,
gp:AOqpTOFMZ52n3GY04oOYm5vL8TjCnSxpt18Ged-GGIa79yTvRyTlPPUesb2z2Ucp6LQGBQwDGV30_I3WIF50Fko,Domingo Villanueva,https://play-lh.googleusercontent.com/a-/AOh14Gi6GFYSAMNoMfEVa0SAxpHWiBI5aElCLp5V4nQEV3A,Damn this app is much better in theming applications than substratum nothing much to say but it was worth the purchase.,5,1,400,2020-06-11 07:54:15,,
gp:AOqpTOHnu2RQ8s0xXHPQA7C0cqI5RJKzVQ8srxBLXMfGvoasN6gZs6rL1lYipSathJaCtVohOxxMJTfSk_Z-3Q4,Manikandan Barani,https://play-lh.googleusercontent.com/-ysVktM4bRio/AAAAAAAAAAI/AAAAAAAAAAA/AMZuuclK83L7x105RDkgFOa0x5kN34XP7Q/photo.jpg,Keep up the good work 👌👍 😊,5,0,400,2020-06-08 17:11:13,,
gp:AOqpTOHhfO_Fr4tHrpBibAXRCmKDiDaWedExHuJb6uP-5lsi2-2qWQkV30yuWl3xFPoYeuCUx472snq4Htr6X2k,Damian Barczak,https://play-lh.googleusercontent.com/a-/AOh14GhtcepHr_G_6cWmDLjKIlT8MfJATX_v0dfpWdUw,Love the possibilities this app gives me. It would be more ideal than ideal id it would automatically update themes :),5,1,398,2020-06-05 13:46:46,,
gp:AOqpTOGisFxtfSBTOJe8Rp8ZarSV1wKJwfPjc4AdzZ4J0Yx3s8ScrTwSfUeGV02nW9Vin_aUn4W0qBN_dbZf564,Peri,https://play-lh.googleusercontent.com/a-/AOh14GgQDk-j_jNExeczBZd5x3YqIEf6bDnhrYSlcwrW,Great theme app.,5,1,398,2020-06-04 18:13:37,,
gp:AOqpTOEj0bPdF1UZBTWjYEJTf3eRlZ7pQh4HNuj8d2Z5MofjVYnMnIfshKnVK8uomAa53nqlq09RF_5LaMm0E8c,Ivo De Niro,https://play-lh.googleusercontent.com/a-/AOh14GgbhdjgnqdXM_gPsGWNuajR_UwawZX4fMJPS8QF-g,I love it! The new update with youtube vanced capabilities does not work for me though. Crashes my youtube app.,5,1,398,2020-06-02 07:31:09,,
gp:AOqpTOGiBbAfTfZZADcdgqmUR2-Krw1atd6_EQc9wnaVr0G_c-pweICni50345H6lMlwb4l0x-XN_W6pZBQt-GU,taufiq sabirin,https://play-lh.googleusercontent.com/a-/AOh14Gi7QhvYIinlK97e_R1rhfdfm4U-XkVjHIGNnRuyrw,"Not working 100% for ROG Phone 2, especially the quick settings and fingerprint popup card.",4,0,,2020-05-29 17:23:29,,
gp:AOqpTOH9frMMUB10YJAQzBPIuvZZfuwSHCrEJGPQUj2T6gwHGHYnRHY1msBnt-Tyeo4TqUyMo8wpDYVdleol_I8,*******,https://play-lh.googleusercontent.com/a-/AOh14Ghfu9uHQwcXcOYfMPpoWNaZOJjuT2lsAiGVCSF0IQ,I'm impressed by developer's commitment to keep pushing updates. Much better than stock dark theme overlays even from likes of Samsung One UI.,5,1,392,2020-05-27 09:11:54,,
gp:AOqpTOFWkuaJ4ClMMGpG8CYAzs8KBqnPpZqDbPXM4sDyr7vfUuVjUgXtOYnbZ8S4I8-W6C7EywQAewWUHdjXImM,Gerald Chigwanda,https://play-lh.googleusercontent.com/a-/AOh14GjkQzoDVVyiNNeEJw1ClAINWRYu_tQLCgMrpe-O1Q,My current favourite. Always seems to be up to date for most app updates,5,1,392,2020-05-26 16:16:46,,
gp:AOqpTOGSZGQea1IkllQeajZnds6MrQGHJBLQzzUraKcIzlh8dCskawJciww8TMuCSwrYfTrL1c9drJMOGdVllIY,Jam Khong,https://play-lh.googleusercontent.com/a-/AOh14Gg2F25yoPGxLZpxmhEOiJWoJdxrqDA5y8LcEWKGqh8,It will be really nice if it will add change font color in the future,5,2,392,2020-05-26 09:28:42,,
gp:AOqpTOEL80iGr5TO_IQgPKEANSDMwg9sIvW3qi5t3I-xPNvuGAwqqkthQ5fBZ0AATJ3kXJPVYQMTpVl2eqS9TJI,Tiago Cartaxo,https://play-lh.googleusercontent.com/a-/AOh14Gh2lyzQDeiDnvUlkJDYEfV86024ROCuAvRSb_n_4Q,"Awesome theming solution, still getting regular updates, thanks",5,1,392,2020-05-21 14:10:53,,
gp:AOqpTOFhiC_ocL0L4V4SFKcQRy2Z6G3rYzPW05vYLsH6DBqXgsH2jFHKXGwGMxN0EegTqKMQZi3uxRvWLSyqgN0,Hasan Mohammed,https://play-lh.googleusercontent.com/a-/AOh14Gj3yZWtILRB5DiwpWFv9vLEngH-BeUFjztbIDcjmc4,Anyway to theme individual apps without theming whole android system??,5,0,390,2020-05-19 23:30:36,,
gp:AOqpTOEfP0IJ8hZgGAAJcw_hY5Qi_LmdggAKx1Slqdc_JH_IS1YmDMPtY260OCEQr_HOspY9ZGGHrIDQWWzzmO4,Eray Bayram,https://play-lh.googleusercontent.com/a-/AOh14GhAJIy1fMiLAyLTA2-DdUTawsCk_EL86AS7ANEegg,App is not instaling to YouTube Go. Failed to generate table for split. Version: 3.18.51 Please fix bro,4,1,390,2020-05-19 15:08:57,,
gp:AOqpTOFI2zQqshLQYdfLFGT5bf2IV_PsADq1ttTG3Y-zvN4AmOlt_FRTw2xsVwwMUTQrdsjjar7BqBIJgPaOrAY,Shakti Shekhar,https://play-lh.googleusercontent.com/a-/AOh14GgwkS37pFCUfSCFY4d13RQRPKavvWMj4vEwt8Vx,Whatsapp Dark theme not working after update,3,0,386,2020-05-19 13:34:40,,
gp:AOqpTOH_y-SegL1SfiG_ktT0UaI8x5d4ihjTCalLrsfh3zvVX0YBNPjRJOo1S0Aav2Jus0iovoOk5yS8CHvxz1s,Pipe DiSerna,https://play-lh.googleusercontent.com/a-/AOh14GgYszUlRBNqQ2unyYYct9uyQGCsPQXpOvQWDlDdUR4,I'm impressed 😊.,5,0,379,2020-05-14 15:15:20,,
gp:AOqpTOGdEwcY_IdMhs4_HTkeqsL8yXIwLOYoqMIQm9DmcaJ1YAChIVzKJBW3oSt-uhYwG8aypCtFKWAOsxCVWMw,abd salam el khamlichi,https://play-lh.googleusercontent.com/a-/AOh14Gh7ka2fihheAw5CxjrNDwu987rbyAMnFZ26-UVXdg,So far so good 👍,5,0,379,2020-05-08 18:59:56,,
gp:AOqpTOErL__nZDSzA9OYc1EcZOaQlsRNT4M35s8GSYbkyKKtKNUiEWlK-QvYmC0xpnFsVcGN0RPG0GvZQVfNq6A,Harish Kumar,https://play-lh.googleusercontent.com/a-/AOh14GhO6Ppa9Vkn-0cVSC2_nNpIw_DBILr0H1CejpeQqQ,"This is downright the most reliable modding app for anyone looking for it. Huge selection of apps, you deserve 5/5",5,1,378,2020-05-08 09:12:07,,
gp:AOqpTOEx19wrSJE3MV3SlWJCkmJeYFvhyh5abz5Iz4iBdmAEunRkYrMUQVj6uhEzcOMs4KxV9Q5YQqhfMmHeygE,Juan Manuel Mateo,https://play-lh.googleusercontent.com/a-/AOh14GgSzaiQEPzQbeIkGsa_vOfPsUMQFfIwMqM66sMLxKg,"Please fix the pure black in Status bar in One UI, is dark gray 😭",1,2,378,2020-05-07 08:12:08,,
gp:AOqpTOEalejijWtq9_jDMGhyaE5C4QeY-RHLxLC_JFDpcScJDIpVX5HizlwvQuQUoRyx9dYwwwQzf3H3g1XS6Ao,Kvinto Vazhenko,https://play-lh.googleusercontent.com/a-/AOh14Gh2Mu0X5cou86vSPRcKYt6bRrnhX4ijnrUWr40bxg,Please make background /text color or use accent color or do not change for toast notification. I use custom framework-res and accent background color.,5,3,378,2020-05-05 10:17:28,,
gp:AOqpTOErB3QfB2hH8aAl7j9t3DB0umArll5H3mhdbxlHz0Mj7Xv1uhYLvFDpdpH1Xsdx8BPYa868K2xVl6aawO8,KROGOTH THE DESTROYER,https://play-lh.googleusercontent.com/-IG02VbfeeIw/AAAAAAAAAAI/AAAAAAAAAAA/AMZuucnlbOuL-pg83EdMLYmJXKdp-ThaQw/photo.jpg,This app tells you to buy another app which tells you to buy another app and so on and so on.,1,0,,2020-04-29 23:02:10,It tells you to buy one app only for Samsung devices if you want to run it without root. As that's the only way to theme device without root. You can always run it with root and not buy another app.,2020-04-29 23:27:23
gp:AOqpTOH1A8McBdapnvjc2n0qK7xF5Vol2Sup40FAbtVgwfSLX5m-onaEeYvrMAv8H5RVzMhIk5GEwAq6ixSDncI,Farhan S,https://play-lh.googleusercontent.com/a-/AOh14GgVmKh3dhWUquDxecU2bthwfoml1BkZewMneqoThw,"Uninstalling because this makes apps open much slowly. Otherwise, no complaints. Will probably come back if this problem gets rectified. EDIT: Device: Asus X00TD 9.0 Pie stock",4,1,374,2020-04-29 07:35:07,,
gp:AOqpTOGk_IXTWzvOYXsa9dGCQiYB6lxTWBcgWwn3tww28cZn-GOF--mZvfchBveXZG6roJYpxUQh1l5DSBh7oK0,Вова Коломиец,https://play-lh.googleusercontent.com/a-/AOh14GgZtjvohVkj-F0WAovSJTCE82w4ZPAQxpqxK0xMYyQ,"Great, but quick settings colors are not changing. Device: Google Pixel(sailfish) Android: 8.1.0",4,0,374,2020-04-27 14:22:20,,
gp:AOqpTOGWg4Cpl9liPYycvEdp_I9qAfD0q3oWnEI4fkGRR5iz3tudBxQfT8prxPUf7tnPiezjJQmu1MUv85zmVLM,CriticalRange,https://play-lh.googleusercontent.com/a-/AOh14Gj1m2TWN8Do2HmX6xUNvcXJ7RY5y9_KWfHhF3MW,Best dark mode app has some issues (updating) i couldn't download system overlay now everything is green and yellow please update fast,4,1,373,2020-04-26 05:48:54,,
gp:AOqpTOGrf1VCctXx5KtC3COgw6FnbdVHY4j6tjB67KGYXj5MarZJaGzluWMtoRXNRzEDcuWSIUqlDkD8xhD1syg,Amit Kumar,https://play-lh.googleusercontent.com/a-/AOh14Gijd-5vu-0xYiW029WhMatIl7DR1ZJbgEK6_xNO,"My experience with this app has been a very good one. It seems some reviewers do not understand/appreciate how much work goes into developing an all inclusive theming app. My thanks to you, Swift Development Team, for all of your hard work.",5,2,,2020-04-23 11:49:19,,
gp:AOqpTOE1xBYJgn5l_qOuCBcSCuTEplXVHOz_zGkpwMaF0JoKThA4XBvwqAZXxK4dV8n6PxXAP5HIcWVEtFx6OyE,Amit Kumar,https://play-lh.googleusercontent.com/a-/AOh14GjtLzWwZs4Dks3MSys6tLQ0ATBDxbuYEkfGJJxDrQ,"My experience with this app has been a very good one. It seems some reviewers do not understand/appreciate how much work goes into developing an all inclusive theming app. My thanks to you, Swift Development Team, for all of your hard work.",5,17,372,2020-04-23 10:31:07,,
gp:AOqpTOEH5Ud8Di78nmV7xZzxS9wi69mcBLub5d81Jd67U2uFvALfVNhZvS74Nkk768QooVFEz3t1wTB6UYpMK5A,aditya mineni,https://play-lh.googleusercontent.com/a-/AOh14Gj-azVpxInF4e1vw3aWoQ2HkAOEHEEu4YcfwNWdUA,No response from dev regarding refund... Have reached him through mail multiple times before writing here,1,2,,2020-04-21 01:49:02,,
gp:AOqpTOHU_HO0s4OII9eTsAr1VK8_JsUN6SA7GWCoX4yyLQlL3sAWFdbtZRNBEOpxxcHt46Jc7JmkGFnPldtzaqc,Abhishek Panicker,https://play-lh.googleusercontent.com/a-/AOh14GgJzgza8t7TmFTEGvsGQtoPXL_O_TmRK8_xF64HiDg,Noice,5,0,371,2020-04-17 23:46:29,,
gp:AOqpTOHw17Zu06LFOGLQkqEORB70grdcGe9VZTE8VUZy1JwQ_29kE92WA1jachSCAzKsk1kdPm4A-Ixg_S7KS9I,Dudatio,https://play-lh.googleusercontent.com/a-/AOh14Gi9Igh3J3GDQrpKCv-PzLFqGgXrDmK18_quSTKeKQ,Doesn't work on Android 10.,1,1,340,2020-04-15 16:15:19,,
gp:AOqpTOHCXT5w4-Pay94feAi4a5OlSwVjdCbsUE_DnLQ5VLrlEeldrD_6QiFPVPeb5a061SEn9APLCqA_Fn67pko,Dmitry Dembovskiy,https://play-lh.googleusercontent.com/a-/AOh14GgdSMU_c7pX0ADMUJ3XaZjDGT6Exat2l5-j9TXXNw,Thank you !,5,0,366,2020-04-14 21:58:46,,
gp:AOqpTOFhERpxROfvbI2k5dHOm1eYJ_SndiLumfsNW6wP5rG9viPsvLj3Gr2iUw9Msy2E_ZTIzdHRGSClBgyqedg,Niklas Braun,https://play-lh.googleusercontent.com/a-/AOh14GhSBYi5_KhYd_C9OPgT36YGENGZWHX3LS1PO25Jaw,"My #1 APP purchase, ever. This APP is awesome. It satisfies my huge theming and customization needs and works flawlessly in root mode. The only app that always fails on me is AdAway, but that got its own AMOLED mode so it's fine. There is one thing I dislike though: with update of the Swift Installer APP, older versions of other apps loose support, which I dislike as I have reason to not update some of my apps.",4,9,356,2020-04-14 12:29:07,,
gp:AOqpTOEDLBIF87UCPX7HCJ7vUcfq9zDb4MC5I3GQPlciL_uH8GJhVT8NX6TYVuG0v-u1SlIH_ART3JfB2l3MalM,Hiyrzat Damsah,https://play-lh.googleusercontent.com/a-/AOh14GgSeo8GA4d4emOI3RVu8m1dhe9cJ5OLvqVOzD4iRA,"Why whatsapp notification font cannot see, all text are dark even i set put shadow on it, pls fix this, when the norification pop up, cant see anything, just blackbox",3,2,366,2020-04-07 01:00:32,,
gp:AOqpTOFoFcOymBXjWOF8A_stEnBj3IbiF1kcNH1iOYW4t96ntcveRMMy9nX6lkpNZHxXa4Ked6RSj2wV2oZzhq4,Gabriel,https://play-lh.googleusercontent.com/a-/AOh14GgTZm4LJ8t3Zdxnc05KsRoLHcg4-sSdPqCqV93QIg,There's only one thing: the WhatsApp read receipts cannot be recognized once the colors doesn't change,4,1,366,2020-04-07 00:50:04,,
gp:AOqpTOFdAk_6lYNxnBADJjzr_zBSonR5QZMzSLMeQWzRAw91Ic1DtKqJBNIlqfe2rj7EpP25mTUqA8rri14LcoE,Eric,https://play-lh.googleusercontent.com/a-/AOh14GgrXiqW1DXkUayWJEklaLeo6S1nLVr2wa3d9DIv,Snapchat remains broken over months of updates Edit: developer explained the issue. Wish there was a workaround as it seemed to work for a little bit a while ago,5,7,366,2020-04-06 23:48:58,New update caused it. Hope they fix it in future.,2020-04-06 23:50:06
gp:AOqpTOHJ-aeNzcACVOplBOjggH6Qv6L1jp4BrTaKEy-0k1DIlld9i7tGszW8OYDngopRIu5t4SKcxmNAXhL5_Sg,Alwyn Joshy,https://play-lh.googleusercontent.com/a-/AOh14GgdE14OwIPET1UveyXsOOS4GYIk4KjqX258yNLTNC8,Perfect,5,0,358,2020-04-04 04:10:31,,
gp:AOqpTOFnIEWy2x6SNXqtYonE71dYYmPSgoJnvvArij0Xj5PJ9bnXW4bh_R2HvzYp4HVRTE_C0yrGSb2HYaMpeO0,Bera,https://play-lh.googleusercontent.com/-A3iq1vi8wZs/AAAAAAAAAAI/AAAAAAAAHLc/AMZuuclsWb3fgiuaPADNRl8a5X1ynRP5rw/photo.jpg,Great themes works fine on my Galaxy Tab A 10.1 2016,5,1,358,2020-04-02 05:59:35,,
gp:AOqpTOGIKnOMeLC1SiPNlMxEdFj8vH9qBPHIkvVNQHrwXnpERjDkfiG30mbL4h1PHjzNxbbTC3GWyPs12yVVeeA,Samuel Holland,https://play-lh.googleusercontent.com/a-/AOh14Gi8Bd7jLZAph_ZjVi4oChFmL4jELkVLje_SCMpD4UI,"Very nice job on this! This is what other options are compared to in my opinion. Using this, after a while and still amazed just how well this is put together. Could there ever be a glass bg option? Thanks",5,10,358,2020-03-31 09:28:53,,
gp:AOqpTOFzU1G0TGzi_QgrT5DX3BXKyZZFOMBt4o6GjMdTEqq6N0z8BzNAqMwcSwhzktA2FzpUC_i78thicvEjqWs,Eduardo,https://play-lh.googleusercontent.com/a-/AOh14Gil9Axw5KMu5ve7XaQDiiGYlFJHkhvC1uxZ4-cd6g,Don't work anymore,1,1,358,2020-03-28 20:02:00,,
gp:AOqpTOGl0w1xRohGJGLILRKfDCXKyvN3tf5wkwJ5ygMBvlzPcRIHmX0ulR3j8KGaxo5QxEk9JzL09V8E9WyOLl4,Adrian Azri Rostam Young,https://play-lh.googleusercontent.com/a-/AOh14GjT3I4pUz7-z4lYlas7TrVYqwdnxLWrnmjGJi8f6fg,Getting this wasn't a mistake. It's so much easier now to theme my phone! Heck I've even uninstalled Substratum cuz this is easier to use and has more colour options,5,3,356,2020-03-28 02:20:53,"1. This is a standalone theme engine in which you can pick hexes for your background and accent along other customisations depending on your ROM. Swift Dark is a Substratum theme instead.
2. Crash is fixed in v313 which we pushed some hours ago, but we're still waiting for Google to roll out. Sorry for the inconvenience.",2020-01-13 02:44:37
gp:AOqpTOEh7FcW4ga4RwyfqUvyMvtqcGTAWXWtVqx2i53JX0IxEdqiDm01mshLrEnKFKu4XP796wpzxSm65el9CkA,MEMO V,https://play-lh.googleusercontent.com/a-/AOh14Gg9CcGZTBbCeWGUxtEf9XOQP_Amx2lgywPt-ltIdA,"Really good app, totally recommended, please patch Instagram 134. Version",5,1,356,2020-03-24 13:23:33,,
gp:AOqpTOE3EeU8Wq1m7u0V99ojE1qp_Uvb0LdEOsKpVK9eLkmXG-tptunxnaE3PjPguY7c93DJb8ERdCHZqkn_hLY,George Zacharia,https://play-lh.googleusercontent.com/a-/AOh14GgfU3j9jhIwdidGmcpFDDQi8CkMz9uRHBuiDvbtQg,An awesome dark UI experience with great support,5,1,356,2020-03-22 00:52:47,,
gp:AOqpTOGmEO5f6nDrBRC-4G5PZ99jkmdbrUn1nco9c1dWQRiM8eAFrOqAC6R4-H7-vhWh1dXJaLAjdZREt0T8qNM,Roger Johnson,https://play-lh.googleusercontent.com/a-/AOh14Gj2m0ZtaAsyW7mzlbhrvDlvWCLNHFz0SbZz-Qa2o8E,"So far, it's great! So much easier than other overlay apps! Update: unfortunately I'm unable to use this now that android updated to 10. I may be doing something wrong, but I've tried several times. I still recommend Swift Installer to those who can use it.",3,0,9.78,2020-03-20 19:23:42,,
gp:AOqpTOHO_EV7Vwz9GkiAJ_L0t3ZS0-wGpUiYzyG2zTz_wJ7tFR-ccsgLvfrHNFXXXHfXeh1EBVKCHnRfEJA8Tys,Nathaneous CFC,https://play-lh.googleusercontent.com/a-/AOh14Gjs8UJiGQ95nIzTdXGb8ANgksardM8DCOUWfDpInB8,How do you make notifications transparent in the notification tray,4,0,355,2020-03-20 14:48:26,,
gp:AOqpTOGLjIps1M37B5ioKNVs0pmOMOPOAeRye1d7wP1-sMc9GiJYNLgLKYMigLPx6aKRpttB2AN9MA1JuOAl17o,Guilherme Pata,https://play-lh.googleusercontent.com/a-/AOh14GiY5mSgWwaZzoA8fVX5Fabosx35UyPEly04d42YMd0,"Amazing! I can now fully enjoy the fact that I have an AMOLED screen, and set my quick settings and notifications to black! Most apps are also supported for theming as well. Rebooting twice or three times after installing may help with your results.",5,7,355,2020-03-19 18:48:54,,
gp:AOqpTOGEKebygUn1c1ZURwl7OVkyjmTrguQcVkuXqcFsnSDpAIpFzTP-vWQYFtjThhyx44wFH4jZdePfCtQHdyo,Dhimas Ilya'sa,https://play-lh.googleusercontent.com/a-/AOh14GgroxUUQCr8Tdi_sW-I61bE-Cwcs2hqY8ZzuQjEBrw,"Simply the best theming solution, helpful support, and many themed apps! Lit update tho 🔥",5,1,354,2020-03-18 15:10:46,,
gp:AOqpTOGEJK0I1becpJSkupcZ98s4dadNHJ5KiloTiYNoq0mejCIB2h2SMknBMOn_fxf2v8bM7z3R6JrLW4kOK18,danXXone,https://play-lh.googleusercontent.com/a-/AOh14GgRsiZG_YcH9S6EUzaJOnzAdqjpcuSRZMbnw5kADg,"I would like a white topic. It is the setting of the curtain, hours and notifications, but a white theme. If there is a separate application that allows you to configure the curtain, clock and status bar, then can it's name be?) I would be very grateful",5,1,350,2020-03-18 09:08:14,,
gp:AOqpTOECWTA05A1eUVv78oHKrcV2X1LkFG2J27Ucrtj78z9VKPIl5uYx5_BTUO3SlsjwPWZm_WRQe4FM59x7pyQ,Oktay Sezgin,https://play-lh.googleusercontent.com/-VTJX4qX-NA4/AAAAAAAAAAI/AAAAAAAAAAA/AMZuucmNzCFZXJCMW8f8oBd7ivIP2ODGbA/photo.jpg,Works fantastic on my Note 9 but I'm waiting support for Tab S6,4,0,350,2020-03-16 06:39:06,,
gp:AOqpTOEhe35oznVFx-K1jmsWqVAgqQ8jet8iCDpgcBB5fSJsEygkpwpsfUCOZxQJPi2kUjSnGQBUIfZTwO7vBFQ,hypa.,https://play-lh.googleusercontent.com/a-/AOh14GgCPdYCoODUFL1BF1s8Se07x_ZKehNhAprGo5l9Bg,"Pretty neat, been using it for months. Love it",5,1,350,2020-03-15 08:11:30,,
gp:AOqpTOFlie-JpaUpKNX-wl-WkZrZ2-o2xZzplJUP6umqtB-_IgOeaVm4HwBSnddFGaVbWLYsQtdxWPChB-Nn6Sg,Nathan Guerra,https://play-lh.googleusercontent.com/a-/AOh14GjpgGcza51cC0yD3ZtWJr01E7p1Z5vitb7buZm4fQ,Very cunfusing 😕🖕👎,1,0,,2020-03-14 21:59:14,,
gp:AOqpTOEsKT7NcdQjlNCXvYIkEy2MN7fk-abuAhhfGSyjaAGwrGES_Pn9-vPviIK7mffk83VQCTsaHvHf2VAN6y8,George Zaharia,https://play-lh.googleusercontent.com/-g8Ivl2b9ydc/AAAAAAAAAAI/AAAAAAAAAAA/AMZuuckzYFYvGzJex_OZ6BjVM7YAyRS8AA/photo.jpg,exllent,5,0,350,2020-03-12 07:00:58,,
gp:AOqpTOHHLukvIe3iaXn0uIQgIry20oD4a0CNd8cpy8KRnbBy52-krw6B854rpuVkQ-VV1iEUUaeCAAwHT3kH8oo,Mohamad SbehG,https://play-lh.googleusercontent.com/a-/AOh14GgJn06AxoraIvTeJd1c-mTtecD5wSrlxvOgR83Plw,Need more work to be perfect,4,0,350,2020-03-12 04:45:31,,
gp:AOqpTOGzxEdwGH70TuCmgMNv_Ydf5X1e7P-Zs1dNzFoCJoci4r22fbKn0Hi1YuFdKZf8h-ASn7cb4UZ_ShlMEYY,Angel Lara,https://play-lh.googleusercontent.com/a-/AOh14GgMoScu4R8oqD2MWeIdm3m5gfCCTbtmk8oafXkvYw,This Update Bricks My Phone when update que styles... I have an RedmiK20Pro global.,2,1,350,2020-03-11 02:45:56,,
gp:AOqpTOEKFdPgZKx3dosbgOgvSvy4TT_kYtQf7pVIt1wjSLK5ZR2cyhtIReRUbckW0IlJxsvI0w7OPeoovX2Yt5E,Anees Mujthaba,https://play-lh.googleusercontent.com/a-/AOh14Gj0bDO8Q-vh6R2ZxjGONphc7aCB-lb7ER2LBdp9cw,Always a swifter,5,0,348,2020-03-10 06:41:19,,
gp:AOqpTOEw9syo8-l_Ay0hdnDG0LWrnAWi37vIy7FXcJOyovEjZFj6VLsUYrLRTsSTU602XGa9KC1s-rbeGRHuVLU,edwin manarang,https://play-lh.googleusercontent.com/a-/AOh14GiS4FAyT-o3hDGhoFNxuQ7y9Iyt7J3U6fqB_cUi,cool apps,5,0,348,2020-03-09 20:16:06,,
gp:AOqpTOF1MT7ENLxWOYmsxAbVwHqNyAbvIOOWlwmU1_caNwzJNcXYEOThmmBU6XM6HHX-CJM8gyCx9v8rCuVLwR4,Mikel Augustine,https://play-lh.googleusercontent.com/-ty4RXkzOBG0/AAAAAAAAAAI/AAAAAAAAAAA/AMZuucme6Ru5zO9iL-nTIdv_vDILQWL0MA/photo.jpg,Love this app!!! I used to make themes for cm7 theme chooser like 10 years ago and dreamed of an app like this lol,5,2,346,2020-03-04 14:24:34,,
gp:AOqpTOGLlOqvP-bzoTuBxkSplsOkH4aj-lMjdyAr5ORikP9ROggNm60z51Ev01uxixspMhu2XJJWXk1eaMwLhYc,Idris Celik,https://play-lh.googleusercontent.com/-6fXZCRgStvY/AAAAAAAAAAI/AAAAAAAAAAA/AMZuuclwNMSp3SB_EJRtnew4slxn2dM3pw/photo.jpg,A scam. I mailed within 48 hours for refund. They didn't provide it,1,0,342,2020-03-01 11:38:59,,
gp:AOqpTOFkg_cx41I3kMLPf5CMYfQgiJKTHdpc5LEmkfn0hA7-VLGDajKUgxSxI7lMEZKwF9G12R_X0XG901-DhpU,U Gwap,https://play-lh.googleusercontent.com/a-/AOh14Gi98a30kKksDAGclxGXrMsxWmFFV39z_njOWeK7ew,Nice app and overall it's Ok.,4,0,342,2020-03-01 02:40:58,,
gp:AOqpTOEL4AiKBiZmiNZmTpz8q0U-lDN2fbiLgGvFIQhC42nIipAxpPliAxUstNVEDVN4ouyCYcQCaGwvkawGGzM,Anthony Flores,https://play-lh.googleusercontent.com/a-/AOh14GiX-2bmx2vPfLksxTjxMiFAKNjb1oSkpLISloSkUAs,Una estafa completa no sirve no la adquieran,1,0,331,2020-02-28 13:54:26,,
gp:AOqpTOElRijcJjPtSNCKX5Ye6oN_abDQi721gX9q6MUoXlxIvAlTWnSzCtZwoNDE4A0Y2opE8ZUjnWoA6UUJFLY,Rob Mann,https://play-lh.googleusercontent.com/a-/AOh14GgPpXTK8sgyeyb8-3B462sSo_wEYKAIM_4Pd3bRhR0,Great app for theming. Everything looks very clean and updates are very 'swift'... 🤦🏼‍♂️ Easily the best theming app on the play store 👍🏼 Worth every penny.,5,2,342,2020-02-28 02:14:39,,
gp:AOqpTOFoKM8uj5Qm24A4hZwGCm6oZ-n1gY1fbVW_rSUrWQlD0NxaGXH_gGetOA3cidGtvw6DKRKg-M29jCOHKpA,Anaximander,https://play-lh.googleusercontent.com/a-/AOh14GjZrSTwjJHRZkFBiQdPGvYPXV1tsWRCQNs5Jkc5_z8,"I love Swift, but there is a problem now, always shows an update but u cant see it when u click updates section, and google photos stuck in theme and crushes, I've tried everything, uninstalled all layers, fully clean install etc... that happened after last swift update...",5,5,337,2020-02-25 02:06:27,,
gp:AOqpTOHNGNrbzKVkWjjIibdMBcbNVE0ArwBEbIxQMCwRr600vAVSA73DhzAiYdxxYkI4S5BwEaRl3bRLBECsfC4,Daniel Petrov,https://play-lh.googleusercontent.com/a-/AOh14GhiI648unUpuwT2MwVS39b2joK9kdJA53WsLMmPfQ,Best,5,0,337,2020-02-23 14:52:40,,
gp:AOqpTOH8eseeZmDmqF70GN-uzgDWWlT0hBfoNZ5gatWEcfOYrGUibdBnHvn7SwBYMTxJHdSsrVK1NEUiIWIyC9M,cikeZ00,https://play-lh.googleusercontent.com/a-/AOh14GgAVaLWUJYhidIF40BU0DV0mKkIoeBJMrdpEyDimA,Does what it says and is regularly updated,5,0,337,2020-02-21 13:05:13,,
gp:AOqpTOGLO5PsWp_ESMHRATtfeBS6nn13_XnT_JUBnu10eDS9lG2O4Us8TCboTIJLCVnhHP6wRde2v-fIBS74pwk,xLidz,https://play-lh.googleusercontent.com/a-/AOh14Gi5g7RX1lqX6NlWmeLNzlsCvKfH6BKMVFcitgA9qA,Thank you.,5,0,334,2020-02-20 11:29:24,,
gp:AOqpTOFXY6XD-KsLWwHafVakaGUjFzFVbLywJMRLMLKnbQRSes8iYTS7cflmIdxKZKL-DlI3kN3m8hX4o1iVx8E,Tejas Sreenivas,https://play-lh.googleusercontent.com/a-/AOh14GiTQOh2TrBMEpWZ6SH_RBtNTXUnY8VuJr4ZZ-OanA,Nice Theming Service support whole lotta apps..,5,1,334,2020-02-20 06:57:09,,
gp:AOqpTOGv-ZWy74yKTSbHJm9Lxu2B305ECUClrYParwmGthV2ZvSsF-cG7zQVIHwKNP_7wbqOcaUNC7Jui5A-F4o,Jimmy Quach,https://play-lh.googleusercontent.com/a-/AOh14Gi9a0jXGV2HPM-juN9cfMdW4U8Ydo7JNpePY9QI9w,"Great interface and easy to use. I am using a Note 9 and everything works flawlessly. Originally came from substratum, but it had some issues and flaws that forced me to search for an alternative. This is much simpler compared to using substratum and Andromeda on samsung devices. I just needed a way to theme a couple of apps black, why make it any harder to use compared to this? Thanks.",5,5,334,2020-02-14 02:12:36,,
gp:AOqpTOEXjZfUDDX9qoCHsIXitBJD7sgNgoImZItELOQIKjek216wxKYSJ_JkMJKy-OxkmDjy0eiy0qzmEfnwHNk,Skull 88,https://play-lh.googleusercontent.com/a-/AOh14GjQ_hcF_FHiGoPUfP4yv37QUMHqXl9nKX9hOBXPfQ,Awesome keep it up 💪 note working after mi a2 q update.....????,5,1,331,2020-02-10 10:10:45,,
gp:AOqpTOH7sfwYQ6AoEd5pXoDtWvb9oQd80arcMsvyvoT1IZWrrETXA1NxEoX-5m_cRvSqKW9agcrUM23bpIJhnmE,Bangun S Wijaya,https://play-lh.googleusercontent.com/a-/AOh14GgXGBsBMy8mj_FFf93r73dgztX_G3LIxw_KiS47,"Why did I keep getting system ui crash message? Usually, after updating this app and updating the theme, I won't get the message anymore. But, after last 2 updates there's no system ui update in the app, and I keep getting the crash..",2,1,331,2020-02-10 08:50:58,,
gp:AOqpTOEqGCWQxrgTXi52jEyEJxY6fA2RxHeV-oirbQ55Z_WzpHNLjZw4fS3drN2hwScek9GoOripYV3dZ5e02s4,Sam Baker,https://play-lh.googleusercontent.com/-jqRrHEfrKSQ/AAAAAAAAAAI/AAAAAAAAAAA/AMZuuckPVPwg99d615c1W8dVR4AS8BX7zg/photo.jpg,Causes constant crashes if you don't keep up with manual updates.,2,5,331,2020-02-08 17:56:33,,
gp:AOqpTOHLXoWiIow8ZZ2Uj5VcY-vkkn6RneZESK9r8NEkTZmMJoNjV8ZeXVfYIETccODD3UNXHyEFH4Kly97CmAw,Rafael Kukawski,https://play-lh.googleusercontent.com/a-/AOh14GgOfbpdgEM_09Mvy4t6z3w_baNyfOQqZv-A8jvUlg,Works like a charm.,5,0,323,2020-02-06 09:33:43,,
gp:AOqpTOG1mqD9OCT9hDz0FOX8fHrvLtVPX3-k70Gk5SwsXNtbjDYixrEaX7g9z0IgDcY1FQEmpgcfNSA3uKMJbAk,Union Achilles,https://play-lh.googleusercontent.com/a-/AOh14GguvUYBKDZEO9VfdQq77WpHAfIAtqaerLZEHodODw,"I downloaded this app on my Galaxy S7 edge with after the factory reset. I really enjoyed this app. I have a pure black theme with red icon colors. It looks pretty cool and I wanna keep it like that for ever. So my phone's battery life is extended and my eyes relaxed. How lovely that app is. But before applying or when applied the theme, make sure you aren't using other themes, don't apply other themes and make sure the maximum power saving mode is off or you won't see your new theme.",5,6,323,2020-02-06 05:29:52,,
gp:AOqpTOHxEPj7KcJ8lOJjTVZftH070G83uFm_O3qg0bBUnxJIE95cBEP5sBvrQo8ilJcor7y3AVvgYUxGjwJZ5AQ,Jonathan Engel,https://play-lh.googleusercontent.com/a-/AOh14GgHdb8wioilj8tCoNISDvVNFT32KXARu4FbBsfRbp0,"I love what the devs have done, always the first app to download when setting up. Thank you!!!",5,1,319,2020-02-01 14:20:18,,
gp:AOqpTOH5_p8Gtxsmse1v3f3DbUw1-OnnGV9y8FqWOSr_49CCZGVrOAof-AGewA1LdnrwoTJEAlp3hTzRRXKWQB8,Marco,https://play-lh.googleusercontent.com/a-/AOh14GjEmY8aUD0oNd2HcM6E47AqAQcZXUZ7gAEea6H_plQ,This is an amazing product. Highly recommend to anyone looking for dark themes on their Android 9/10 devices. Make sure to turn auto updates off and you're set.,5,2,317,2020-01-29 15:08:02,,
gp:AOqpTOEYk_DgD3qogoBEVMbI4_C7Dea9yYvJfHuWy_8JB-FuZc2YjdxAT2Rx5JiVQz_Jq4yJth0JjdM_doBzG30,Richard Jones,https://play-lh.googleusercontent.com/a-/AOh14GiNaZGGSfcuG9JUk-Kzr09RbiDMAaZsHwL6SOsz3Do,Works like a charm. Better than substratum but then it's not as complicated or quite do as much as subs. Well worth the dough,5,1,317,2020-01-26 22:17:45,,
gp:AOqpTOFftdA6nZFDHjIr1eL5JShDmjqFzewVT0WqJ3y_EqYMVcuPcK20_C1htiCOlniGs684xiNiavf0GonchmA,Cotoi Alexandru Calin,https://play-lh.googleusercontent.com/-DATHjwzPXnA/AAAAAAAAAAI/AAAAAAAAAAA/AMZuucnPU0w8qrSPuYdrK8AfjVp8rZSz8A/photo.jpg,"oxygen os 10 beta 8, can't theme. it says app version doesn't match overlay version. any fix soon ?",4,0,317,2020-01-26 11:51:04,,
gp:AOqpTOHUdl7qsxFJO12Db1YFmuVpQwSMp0V_yq1-SUjJl0v42QlFDBMPIwfX7UFL4biOFQlRt5gmUUU1nAse_h0,Christopher Coulier,https://play-lh.googleusercontent.com/a-/AOh14Gh1VJNqyKRPt3jcToIpyLrj2YPj2KK5jgoJ_rM4FQ,"The ap doesn't work everything just gets themed green and blue, please help fix. It because I think it's a cool idea, swift dark works fine on my phone but this doesn't, I'm using a rooted S10",1,0,317,2020-01-26 09:07:10,,
gp:AOqpTOH-VEjDHNdGOMuDgHI9ABZKkn7efTer-NWKzSzEop-aq6-9zkB7XV3YdTQffbYSpfKf36CUJL7yT9P0220,Ardy A,https://play-lh.googleusercontent.com/a-/AOh14GhcJfiFauJyMJ516618W6HFuERFjO-7QbEac6PwsrE,Arbitrary accent color limitations are preventing me from using the exact white accent used by Android 10's Styles section.,5,1,317,2020-01-25 02:15:06,"Hi, The style section only changes accent in some places. But swift installer changes in third party apps too. So due to that accents are blocked as it causes issues in these third party apps.",2020-01-25 00:59:50
gp:AOqpTOFfdqItFaGKn-GhGD2j8W4KPuF0V5gcqeIBOK8ZNieUMU3284h6suj0HnJBDliFf-AGWjeORjzY5nvrkfI,HTUN LINN LATT,https://play-lh.googleusercontent.com/a-/AOh14GjBaJoSw9_e045QlKC5_SIWWkKYvd9qLQHWW4wfOg,Learned a hard way. I was not receiving any emails with Gmail app this morning. Kept crashing. I was panicked because my work emails and configured all other accounts in Gmail app. Looked for solutions. Tried available ways. Finally gave up. Had to reset all. Had to delete cache partition. Still crashing. When I delete this Swift Installer then my Gmail app is working again. I regret I paid for this app.,1,3,315,2020-01-23 08:52:02,,
gp:AOqpTOGcHj8cp-d_I2ssSAvHvxuiL3Zsie1-JeiE0YGECfNMrGguK8_B3pvaR22jrqXBSa0Ma5TzEwFlb4ZcRnY,Ullas Udayan,https://play-lh.googleusercontent.com/a-/AOh14Gg86Ml3NuGoun0-Tozos3Q7bbFRuMqCg77uiFms1Q,Kindly add support for latest whatsapp version.,1,2,315,2020-01-23 04:29:50,"Hi, We pushed an update v317 that adds support for that version.",2020-01-25 01:28:30
gp:AOqpTOFXzIrRnIa8ln9lghYJHOXjZTlAWyjjsrPRBTvd9NwAYmByROkxz2hOyL1StXST3euxen-2JJpGSipK2i8,Ahmad Yasin,https://play-lh.googleusercontent.com/a-/AOh14GhZ9J_ba8YVeZn0ZzfSPvKfwWBuz4bDuVipgM_MjA,Its the most stable theme tool for the oneui.. But im facing a problem where i cant change the theme anymore.. Its stuck on one option and no matter what i do it stays the same Please support Android 10,5,3,315,2020-01-23 03:05:16,,
gp:AOqpTOEADs7W2gViGQ4TwA0j8s4oDgMP4FnvVKLhbGrMCQnHUYVQgVW7KcNJvcPCgoRqS3VtkIg-iOY-y6zB390,Việt Thành Nguyễn,https://play-lh.googleusercontent.com/a-/AOh14GhpPazz1iRsdsNlBapYUzKAKYjh6hgMjzHCQABDNxs,Best theme app ever. Developers are nice and supportive,5,1,313,2020-01-14 00:05:01,,
gp:AOqpTOEV-bw_XWUXZaN_nR5SVEgFfltZdGaqsCpDiGIQy6BZKHIpY-t6Ydf3MruUYm-IhsfiXtMtmJw88h1bYYU,Abdrabuh Alotaibi,https://play-lh.googleusercontent.com/-VFZQNWhiG-4/AAAAAAAAAAI/AAAAAAAAAAA/AMZuucng7l8hkPQQEAxLRbE0dq4c8RGUwg/photo.jpg,"This app is great, but didn't work correctly on android 10. The color is mixed up. When I chose black -dark mode- I get green.",4,1,313,2020-01-13 17:29:50,,
gp:AOqpTOEu5jOFebaMrnqZkLs3iItZPQVX4lgycSgR4dcKH_Ck34APv9iyq56O6zXjSStY8jEaj7AD5a-mT3LE6Vg,Jeffrey Edmonds,https://play-lh.googleusercontent.com/-KjCVAmsYRUU/AAAAAAAAAAI/AAAAAAAAAAA/AMZuuckfTJvzG-lyEEDvlcX7UcHLJxfSEA/photo.jpg,"Updated Review. Fixed within 24 hours! Super solid work guys! As someone who dabbles in App development myself. Totally understand the ins and outs, and bugs happen. Regardless I'm amazed with your guy's speed, and understand what an enormous undertaking this is. Not to mention the amount of hours work that has been put in to this app. I super appreciate this app, and the work you guys put in. Not to mention IMHO the price is super fair. Well worth the price, and more. A must buy! Kudos guys! :)",5,11,313,2020-01-13 13:30:09,"Hey, we already pushed out v313 that fixes the crash, but we're waiting on Google to roll it out to all users. Hope that you get it quickly and you can go back to use the app. Sorry for the inconvenience!",2020-01-13 02:42:46
gp:AOqpTOHNlFQWiuK1jAjRa1sP_N5rsmNeqKa824j2ug-Mfhx1Rf5HnLrjBNq12sgGIlMHjYHvJb2pr__C1gFcqOU,Prajay Gujarathi,https://play-lh.googleusercontent.com/a-/AOh14GgdL2FnkEvzr2wlrcFxpjhMamTIbxtgj_mumEkBlJo,"Stop telling me the accent is too bright, let me be and choose whatever i want",1,0,310,2020-01-13 02:42:31,,
gp:AOqpTOGBs55x-ZKsHpGHnh6jo96Xqn8DDzZf03qNvieccLhxgBv5LJlR3kIRTqkGoFsTi4IT1zgEuogUawH0O3g,Kuno Mueller,https://play-lh.googleusercontent.com/--4Bjm8LHd0E/AAAAAAAAAAI/AAAAAAAAAAA/AMZuuclWyq7iwirerZBtiqkT2lquWV5IQw/photo.jpg,,5,0,310,2020-01-12 13:12:33,,
gp:AOqpTOFfUf2TepaRwtYV3TapU6rqi_Voyl9EYyC0dro8BeJf8-AqzsxZapmuej0ix5ko65zCHPFcei4FlujXLoM,Anshul Agarwal,https://play-lh.googleusercontent.com/a-/AOh14GjlFA-2zRpmPmO1zj8Um_E7_Tn278dEE_9KV4kha1g,Required to be better,4,0,300,2020-01-12 02:21:38,,
gp:AOqpTOFbggjM2tIUWe9CCrhDHCcROtYU92hYjSJD8QZAA6kiTZCFm3cGKP9xD1fB8Kb7S6EHavYsfRKUBa3AdJg,habeeb rizwan,https://play-lh.googleusercontent.com/a-/AOh14Ghr9QSqDPDz5uGeBNw1F4SHa3edQ14voSUcKOaY6Q,Awesome app right there,5,0,300,2020-01-09 21:56:28,,
gp:AOqpTOEok-2EwYjnLYBcgs9I-wIuT9RmfEo67lOjGuBy_pX50hFwvIu8KdFado1qs9XEmN_RC8jvlU2erjh0bVs,Om Kulkarni,https://play-lh.googleusercontent.com/a-/AOh14GitkuRybve42M2sR6IsHAbZAE1iOMiZSHbRKGSRaac,Happy Birthday 🎉,5,0,300,2020-01-09 21:34:42,,
gp:AOqpTOFTZhojF8gDRB4yLnSON0tgaNAUza5cUpGrtgmjp6G61uFXi5ul_Z494opmriI2XUBAjMbdiCTi-kx4d04,Namit Singh,https://play-lh.googleusercontent.com/a-/AOh14GjiyOv62WxIFmUzcKGX0alTuNo-y5gzYsM7hezdMJg,Happy Birthday 🎉,5,0,300,2020-01-09 21:16:44,,
gp:AOqpTOHAzPT1rBby2yHJ2GQ_rZWF5-ATSwL3QDQaLylSum8ulylevFHDs0irw1oBwVh0Q26wwG7zGUYpDp3P5Qc,Adam Bennett,https://play-lh.googleusercontent.com/a-/AOh14GgmHYswDdi4vwubFv0xf1RyDTxMHzeqjUfy033MmE4,I won't write a bad review I'm only giving 3 stars because of it failing to start on my rooted mi 9 running miui 11 (android 10). don't really like the miui theme engine so thought would find another so came across yours from xda posts. sadly I only get a black screen even after manually giving storage permissions. I'll gladly purchase if mi 9 is fully supported but for now I'll wait. if I have to downgrade to miui 10 then it's not an issue at all but on xda posts show mi 9 users have success,3,0,,2020-01-01 19:09:34,,
gp:AOqpTOGxtvkV8TNB2IlWSRzgi4w8s6hUID73bH8t78tD_h3DqsT6g72CeBCQzrxMuK__EC6EEcmWy3WqHu--jl4,Gareth Perks,https://play-lh.googleusercontent.com/a-/AOh14GgdlrMTRjfxGArBTpXnFUAtEe-BViWgp52Dz6ssEnw,This is legendary. Worth much more than the small asking price. It should almost be a subscription service given the ongoing support/updates.,5,1,300,2020-01-01 00:15:23,,
gp:AOqpTOEIt7rl7I2VUlHVLMq-0Irs-6Rj1EWHZn4_toohQoeePfsJ2mL3H6bwbDKRtIYNQeXRftKEb1stSpANlQY,Edy Sulistiyono,https://play-lh.googleusercontent.com/a-/AOh14GgsSKo6fioAw3zzP48lSJyTtA3tKRMONVUUgfeEZQ,😎,5,0,300,2019-12-30 16:42:11,,
gp:AOqpTOEi6qnYAeVMqx5aO177qLOwl8pfQnyE9s0dVcxqFvlW15Dw-UfHN7jz6R-Osnxv_fuP3EEEr6WEyru_F_g,Clark Patti,https://play-lh.googleusercontent.com/a-/AOh14GjnsXL7eufUWDuPKyFkWQl6YZUFeNi7rHrBsx6plw,"My experience with this app has been a very good one. It seems some reviewers do not understand/appreciate how much work goes into developing an all inclusive theming app. My thanks to you, Swift Development Team, for all of your hard work. P.s. I will add that I have to disable the Magisk Module before updating my ROM, but that is not a drawback.",5,2,300,2019-12-28 12:39:01,,
gp:AOqpTOFroc3oWGaUTYQUPgIgQ-n-VW4awswWAPvsKDip_1fb-uQb9N-h4qmSNY_U8c-iag-k-mtRraGwAqjGU24,Carlos Sanchez,https://play-lh.googleusercontent.com/a-/AOh14GgTeLxzzQF5LptsvGCRz6odqrsjtMDu_LfpJc8KSg,It didn't work on my note 9,1,0,,2019-12-19 18:05:12,,
gp:AOqpTOE-BdXl5iv8_Hl2FAVfW3MXkiWHtm7STJrjfN-WOT3ssX4yB87BrEcCue4-xKpYfNPntgUOLAaXT_smGFE,Mido san,https://play-lh.googleusercontent.com/a-/AOh14GhwGGHosXuv4gOXzRGuUbQm0zxaOUmXJ16R4g28Sw,I'm,5,0,300,2019-12-19 06:49:56,,
gp:AOqpTOHWNn7dRuGV8yvz9BLt2k6_V3J1Yb0qgZ-l72KYl66VhOw-nkeNL7Rc60prEHObUa5XGHDq_Ek7lxou00U,Mike P,https://play-lh.googleusercontent.com/a-/AOh14GixoTWKiuYTqM_2y6xaZW7k3xi6hEOOW9l3VKYd4Q,"Once there was Themer, then there was Layers, and then came Substratum, and now we have Swift. Swift Black Substratum theme was great, but on Android 10 Swift Installer is King!. Swift has always been one of the best, and now it stands alone as the far and away BEST blackout theme!",5,1,297,2019-12-17 19:24:24,,
gp:AOqpTOF-5sbtpSJQpA8HYxEaJ4u4mIg9hwZ11bs1ADMWrykaHmOuIuKS48wy9dX74GNeMo6ydbVfwZthcuTZylM,Murad M,https://play-lh.googleusercontent.com/a-/AOh14Gj3sJ2Ag_gBL7zq3mgj37DDXqppZmCxg7aQHEbe2tk,Please enable force application of themes even if the software version doesn't match,4,3,297,2019-12-15 09:38:06,,
gp:AOqpTOFZxdpoGZfuYeXlKZTVsKIsaiSV6WaRvgbZfvbnDJnYfF3rPJ4R4g-_s9Nm66FivwHj-zKvUqLONw4HINg,Anastasios Papadakis,https://play-lh.googleusercontent.com/a-/AOh14GgNN4u_qpHgvPVTCA-ZLuSHeosWhBFUVXfG_6zC,Refund please? I don't like the app anymore,2,0,,2019-12-10 15:32:59,,
gp:AOqpTOG6RnFH2Jg-0aIare5CQkUCi2ySyZcKJ9FztBdRILEU6rNFnWEjHxOJsMkBr_rQA58YeZdxv7IGeNfjmNA,elmuSSo M,https://play-lh.googleusercontent.com/a-/AOh14GhS26sDpLAeU0zg4z5wEeEIm-mAJ1vD7Pcke6UN,It successfully changed my notifications background. Thanks,5,0,291,2019-12-09 19:09:53,,
gp:AOqpTOHLqO2HwAnJSrs_kIxYroz8lPI73wEL38qmKTLUOtPBxz1XeEkNA02gpzU7NA8zPA8m7y82D2USPBvHRWI,Sachin Sharma,https://play-lh.googleusercontent.com/a-/AOh14GjW-b-LVyj5T0m3HTvSWgLpg65asekQ1jdFthvGxSc,"You guys charged and despite multiple emails to you, no response. The apps didn't work and you have not refunded the money. Wrote to Google also, to no avail. This is cheating people.",1,1,,2019-12-07 06:05:48,,
gp:AOqpTOGvhxkWr7QCmEugKP3lTpZg-NK3XeExbY6z4yc9nKqH-5IxN22TfYQpXidBdAARm9zuFKKtTSgR0qqTuOQ,Daniswara Wicaksana,https://play-lh.googleusercontent.com/a-/AOh14GjquzVEuBwPMUF1b18cBRrt2Nny2Qa_PN51jYRrqg,Please update version for new whatsapp,5,1,289,2019-12-05 06:14:36,,
gp:AOqpTOFv7hy09ZP345mkhYeNJkWcIEmuuIqp9T7Fgic35WTt-N_KraKmVHq3MybkMtCQcbpCdwcFjzS7oRggZ18,Sebastian Schepis,https://play-lh.googleusercontent.com/a-/AOh14GhoXoSqwuoiX1ozEP4RBJ3fBgp8lygCJCb26M4oPQ,Works like you expect. I love this app because i had the idea to build it a week before it's release and then POOF! you guys went and released it. Stellar!,5,1,10.0.286,2019-12-02 23:22:29,,
gp:AOqpTOH76Z1ax_JWWqP5_YD06nTVtk05opjy2TN3BkeHt4YSIGx1zONx8JpeSqeZrrgwJnbFv-cvWoDdLjwFQ78,Mandy thakur,https://play-lh.googleusercontent.com/-m0g0Vk8qQqE/AAAAAAAAAAI/AAAAAAAAAAA/AMZuucmZlVGF-YfxLtrkiznCh12T6eqg3Q/photo.jpg,For a time laggy means start magisk module automatically not grant request but now working fine.,4,0,10.0.286,2019-12-02 13:25:27,,
gp:AOqpTOG-lyxJ9xTWFjDc5RbqKj6RrLf7nSKO3J2rbbbPM3bDZRTsTMxP8MzMeEc3r0U3nd_KQxGqlYsBRmDowJo,Ari O'Neal,https://play-lh.googleusercontent.com/a-/AOh14GjtEMZfqyRv_mJ56ORFbjUGco6alm62uP59UUUWjQ,"Loved it while I had my s9, no root on this n10+. I will miss this app.",5,1,10.0.283,2019-11-28 20:07:44,,
gp:AOqpTOEnboP-GDrV0qCeguXwik3Eyrhnp695suF3sCLzodFSCsfHK9heaSbac7wrbN7s0WOOgxPLtzTnGERxavY,Armel THE GOAT,https://play-lh.googleusercontent.com/a-/AOh14GhUybBrhVgHvDLRdQ08K-nd6Bv-j6RhFSWWehbX1A,really nice,5,0,10.0.280,2019-11-22 21:26:51,,
gp:AOqpTOHFO6GX49ODjTAbwIvM3oKngguGEWfV5eFJ-G52vZ7DmWSNpVSEbdr1cjGAygCAqh6U3vlFgwJO_WVc4KU,Zé,https://play-lh.googleusercontent.com/-6Gp-qJWRJwc/AAAAAAAAAAI/AAAAAAAAAG4/AMZuuckNZssl8X2VfnpO-x4o0xbUK4w94Q/photo.jpg,"Really like the app. Works really well with all the apps and it seems the developers are very quick to fix bugs and update some of the apps. If i had to give any suggestions, it would be to allow us to use some brighter accent colors, like white (which is too bright to be used as of right now). Don't know if it is something simple to achieve.",5,16,10.0.280,2019-11-21 15:41:25,,
gp:AOqpTOGCtXsL37Vtr3HagTIMFFqhb_VYK_PCgNFthISPJBPdyG0_1HPMzG0xU7ks_giBr-0vnn_epbxNuNNsdjk,Cory Hamrick,https://play-lh.googleusercontent.com/a-/AOh14GiVNXirsPZtHxRJ8ckf793OURUOZ2GNzFoHdInnsA,"Smooth experience, easy installation. I own Substratum, Swift Dark, Swift Black and Swift Light, so I wish we could do lighter colors too!",5,1,10.0.280,2019-11-18 06:33:55,,
gp:AOqpTOGlQxSEBDo6xDHhA0_KzSpNDO5rxp-hxIPMgqkUtBJ8TQul_U3P_sfsyigLl3VGL-t_yr3vm3ZucTXAWxs,Buğra Çağlar,https://play-lh.googleusercontent.com/a-/AOh14GiQ7aaW3LPfeK4UjkTFmBMQLXwi-PKsnWrn5aDHXg,🐨 🖤 🐼,5,0,10.0.277,2019-11-16 22:42:48,,
gp:AOqpTOHB85vtHsPIhxYhApyqB3IBOD8w-kvD4W26OGfF9i0JTSJgWsL0IempOas8Wr4PH2BmSF-SPrlnUnQlKHs,Cristian Gradisteanu,https://play-lh.googleusercontent.com/a-/AOh14GgHRqYhQvKXwjGIsFJzwexAEWOSEhJB3HMNNenfXEs,I wish I knew about this app earlier :),5,0,10.0.277,2019-11-16 07:03:30,,
gp:AOqpTOGAj47Q72AUICE0fYVbkTB6ihfPtsVlx0zMSnKk8BA6H3glBGZX81WU2u1TNyOvukSF93tM899HoIzrjXA,Chris H.,https://play-lh.googleusercontent.com/a-/AOh14GiHYpVL-aNElFPPL6NG0ER8fQ974wjxUQXIsmRRm9E,Not working I've even enabled Samsung's built in night mode and it's just default night mode. Update 11/17/19 still does not work.,1,2,10.0.277,2019-11-13 23:29:05,"Hi, Sorry I don't understand what you mean by basic night mode. As you can choose any background color you want.",2019-10-25 01:19:23
gp:AOqpTOFYhOULpoixMW-HsGUQaPZtWhTMaxBd-5IOWDbhPiG1DdEvVnG_HhOre4A3nIa-PvBNRHSfOX3ALoiP85o,Piyush Sood,https://play-lh.googleusercontent.com/-gtIPivubMGc/AAAAAAAAAAI/AAAAAAAAhlg/AMZuuclKe1kyErR0H0pUfZLQSFzOcsmK2w/photo.jpg,"Developer is unresponsive to emails asking for support. Google Voice widget has been broken for a long time. Even when it was briefly fixed, it immediately broke again on the next update.",1,16,10.0.277,2019-11-12 12:59:12,,
gp:AOqpTOFPEhGdCh_XemS3TfwHAJBa6KXk_PzSatwFjW3HwUxwywNFGOSXc-Hrs4Aa59eliFoKNcYgdZlB-J98FqI,Alexandro Cortiez,https://play-lh.googleusercontent.com/a-/AOh14GiZIF4QgEo8YV7dRcpmyOELNSictCUb8FGDNKZt,Great app does the job I want it to do. Lot of updates but it's ok since all apps in play store update everytime developers keep up the good work nice dark theme app.,5,1,,2019-11-12 11:09:03,,
gp:AOqpTOGV4ObL0roO_0OvTkz_eIKoTEexrTmkRyOfI_jnj3nL2Qdy6r8Gohap0KcLZmSO4pfrSYryt3Fqzbams1c,Samir Kumar,https://play-lh.googleusercontent.com/a-/AOh14GjNmU4SIPGhFt3DJvYAtYhr0GkgvkNss0_jCv9hSA,2nd time isn't working.... Wast for money....,1,0,,2019-11-08 00:29:48,,
gp:AOqpTOGZD5-smgTk-mG7re9GnWeMLuJKWVsrD8CsPHfuMuwvzDWOEvlvpICtlHPWU-lFmgdErzkE0u188XdJV3Q,David Chan,https://play-lh.googleusercontent.com/-WoKc9_v1NAA/AAAAAAAAAAI/AAAAAAAAAAA/AMZuuclFZ0amA5yUt2arQBIitYZbo52OUQ/photo.jpg,"I've been using this app for a while on my Note9 and it has always worked perfectly. However, it has been causing problems for a while now on the Galaxy Store App. After I install the Swift overlay the app opens but when I select the settings screen (for the app) it crashes every time. The only way to fix it is to remove the Swift Overlay then the Galaxy Store app works fine, albeit in the native white theme, which I dislike. I've emailed the Developers twice but no reply. It's no big deal as it's only one app that it doesn't work on but is there any chance you can have a look at it please? Btw, the Swift Overlay worked perfectly on this app up until about 5-6 weeks ago! Edit 25/10/19 ~ Hi Beach Road IT, my Galaxy Store version is 4.5.08.6 Btw, my Note 9 is unlocked Exynos running Android 9 with latest Oct updates.",3,2,10.0.271,2019-11-05 01:43:40,"Hi, Can you tell us the galaxy store version you using?",2019-10-25 01:17:02
gp:AOqpTOGNH9naGBXvoE7K33U42sqR7xMYpKUzswBK96elXGAsbfsG4pup6fvq4fSGvNIuxA8VtRhYJo0l6-6Q6Z8,René Reineke,https://play-lh.googleusercontent.com/a-/AOh14GhaDUEA-vD3JyG3pgo9KFQX8hjpdFn5KaAEzEVaWd8,Quite swift updates. Great experience. Supported apps are completely dark. Way ahead of Android OS and iOS. Thanks!,4,0,10.0.270,2019-11-02 06:50:28,,
gp:AOqpTOGe_uH2lB-ka3UFVFO6zpRKXXsqJ0WZ34G0Qdv8dJvbOgmF2BnbMDHjih05E6jwIdZAHhYSd7je9kHrnhI,Shashank Poojary,https://play-lh.googleusercontent.com/a-/AOh14Gg7MVi4_bBCVyFri_PKuOp6Blv7opmHtGXceSLzuA,"Best theme engine out in Play Store, worth the price. Works like a charm...",5,1,,2019-11-02 03:56:46,,
gp:AOqpTOHbOxmhpXkRKLHGwO8ygkenyY90c6MUKnsYSrs3h5mkWYgu9z388vL65k-Xhx7PdAscQmfSbhEA2jj2ltc,Tim Quick,https://play-lh.googleusercontent.com/a-/AOh14GibbBR-SRQ1uKN9nM1U0s1Bb-ZDiXiVb0lBn24FiOU,"Please add an option to be notified on a per-app basis when an inactive overlay has been updated. Frustrating to install the overlay, reboot, check if it's working then if it isn't uninstall & reboot again at least once a day until the overlay is updated. Maybe when disabling an overlay ask if I want to be notified when that overlay has been updated? Also, I reached out to the support email and was ignored. App is pretty good, customer support not so much.",3,3,10.0.270,2019-11-01 04:35:53,,
gp:AOqpTOEYroHzPry8rM-kPPDSpfM6QMb7ECwwl09PoTzKR3ZiB9fqtdurGfNoJEFsMXdx0V_T_JoeJnj4RV2hmLY,Daniil G,https://play-lh.googleusercontent.com/a-/AOh14Gjtou2SHkNh4miR8ZWHdwPfY0CmcHWkQtMn1iL2eg,"I'm using OP6T on Android 9 (beta 17). After reboot I got the white background in Android Settings and every time I need to re-apply Dark theme in Display settings. It's so annoying, please, fix it! Sincerely yours ex-user of Swift Black Substratum.",3,0,10.0.270,2019-10-31 23:23:58,,
gp:AOqpTOHlCJY3V0vvBdP-v020L0ZKNnlWnvMmCzLwVqqekMeOaI6U5mf5boNY5lmXhGyIuYd76G46cs5aFCWzYno,Janusz Wróbel,https://play-lh.googleusercontent.com/a-/AOh14Gi9_oee_IZIl_pDu0jxFYgDeZfnsy4kmAhObkK96A,Massive amount of crashes. If any of your app gets an auto update - then crashes on your phone. Using this app basicly means constant looking why some app doesnt work - to find out at the very end that swift app patch must be applied. And this thousand of agrees to install...waste of my money. The way how it looks is fine but the way how it works - not really.,2,15,9.83.262,2019-10-31 15:24:58,,
gp:AOqpTOGeek4M6VxElBo9aE94VzzLcwciPhjsraAyv4gz33mK7IMCeDkn5vjrYIyfVs12QKL-lHwMHe2_80lDHeo,Jura Tok,https://play-lh.googleusercontent.com/-1MRQ4AXb9jc/AAAAAAAAAAI/AAAAAAAAAAA/AMZuucm9mz9bEPUcBEZv91AgsigKeYeKEA/photo.jpg,"When updated the old themes from oos9 were still installed. Opened the app and it force rebooted my device and stuck in boot sequence. Wiped device, installed oos10 beta 4, installed magisk, installed swift installer. Confirmed working.. I've noticed some parts of settings were not themed black (oos10 dark enabled). Some apps with no suppo; snapchat, mixplorer, bitwarden, messenger lite status bar. Will update list if things change.",5,3,10.0.269,2019-10-25 03:29:41,"Hi, Latest update adds support for Android 10 on other devices. And yes play store updates in the background. So you have to go to update tab in installer and update overlay from there. That will fix the issue.",2019-10-25 01:21:29
gp:AOqpTOGsydoTMquFNPelgUctJumTkzuiCCs-IwAENSY78fuSfGe4HPyQIk-F1TsgcObD9LhyW9_98H7VgO50jIo,Quinton L,https://play-lh.googleusercontent.com/a-/AOh14GievAvfKgMDZbY0AseryzOMkMl551WxnH-m-x94Kw,"Works well except certain apps like Instagram and Duo need to be constantly updated or uninstalled, it's really annoying to have to reboot every time even with root. Substratum doesn't need to reboot or update every time an app changes so I'll probably just stick with that.",2,3,10.0.269,2019-10-25 01:39:55,"Hi, Sadly that's the way Android works. And there is no other way to do it.",2019-10-25 01:32:13
gp:AOqpTOEDISulUwuboTvZ1uS6gbakRB-bBSEy2aAaP2sZ8bHQTihrteACJXdBi_tnzNpHdevsYORiE5P2SG9VYSI,mountainclimber,https://play-lh.googleusercontent.com/a-/AOh14Gg5NKq5tugqlzaYRABGHydC5sblxdjOJScuIxLK,Corrupted default Samsung system theme notifications and other elements even after uninstall it. Required factory reset to fix it . don't even bother!!,1,1,,2019-10-24 15:41:26,Could have asked in support group. Would have given the fix. It doesn't require factory reset.,2019-10-25 01:15:35
gp:AOqpTOGYyguuOWQcCkGHnnCgj9QprQEaOkkrLc9nC4cMKbf1YQ7fqk4ueiGUBdcVBOGx5mY9D0SmGtYyMHSeguY,Santosh Reddy,https://play-lh.googleusercontent.com/a-/AOh14Gh_JEsEk2E0p16EsYr3cPuWgEbd3k6uZB5TzwqkVA,Make it work on Jio savaan,5,0,9.83.262,2019-10-19 13:28:22,,
gp:AOqpTOEpvXQS9tdjBz02gNUhvut620P2OucpLggzvdBrRtNzudkHB0PfOZ20IO8gs4AZmigRoPzM0hS6FpRzwt8,Bruv,https://play-lh.googleusercontent.com/--Kj38IT9NxY/AAAAAAAAAAI/AAAAAAAAAAA/AMZuucmnnqbqzZ3yOieGFHVTcb-OABDfGA/photo.jpg,Waaaaay better than Substratum!! So much easier to use as well. It just works. Survives reboots. No faffing around like with Substratum. Worth every every penny.,5,2,9.82.252,2019-10-14 22:17:33,,
gp:AOqpTOF_VSOfMXdO5Wc13r_ZBjEztNYH1FX3WJwrCW2duKLEMPKpoRKclmDDx1inaC3Lc9i3LnaoEnhCse8NN-o,Prithish Dutta,https://play-lh.googleusercontent.com/a-/AOh14GimW8dNMBjWLXsqjw_SAt2rI4PT9W4z-CdrU07VwA,This is the best theme engine UI is very simple and works flawlessly Be Looking your device sexy? Then try it,5,1,9.82.252,2019-10-14 14:30:12,,
gp:AOqpTOHQu6GJi1d18U4PUGVHR8cGwhDNm_s4lghlI43HY2Gff8Vdv3AcB3lOrL6iKbC3QJmxMMYRU8EvLFAl7PI,KTBL Gaming,https://play-lh.googleusercontent.com/a-/AOh14GjUK5XJJY4hbbR9vUQiWzB0TWmh-7Nm3QLnD4ISjQ,It's alright for the moment,4,0,9.82.252,2019-10-12 19:43:36,,
gp:AOqpTOEkGQe6OGX05mIuiFUw00k2QkhUBgW1gNYaRb8_hhjqnGHKhWjWUib3UM5poWm_YR-73CZMVdo6TTkPNN4,Peter Kionga-Kamau,https://play-lh.googleusercontent.com/-5qJq6Cidz1U/AAAAAAAAAAI/AAAAAAAAAAA/AMZuucnj8Hmn-7RC5xEPoQYFXM91hajWow/photo.jpg,Google voice crashes the instant a call is received,1,2,9.81.248,2019-10-12 14:04:59,"Hi, Few days ago we pushed an update for it. Hope that fixed your issue.",2019-10-25 01:23:06
gp:AOqpTOHcLsbTtyK9LPtCh_xtzi46subOtCJeAkKPc6-0nZAN9kTOjhIPnuXeP0IOr5BClM-LcyWe4pxLLDaBJj4,akshay phadtare,https://play-lh.googleusercontent.com/a-/AOh14GhFhXh4RlO-v1J5w7ctxOA1ugicCAJY-4bWHTpKDA,Easy to use Simple UI,5,1,9.82.252,2019-10-12 07:35:42,,
gp:AOqpTOEZYEvAQWgA-SJ7a8T8mILDmoObHoHNtLTZS_zpBUDU0eVd3XgyGW3rkSmFkE8lvEvipJmFZud2Km7zCF4,Budi Then,https://play-lh.googleusercontent.com/-x2Nb6z959NI/AAAAAAAAAAI/AAAAAAAAAAA/AMZuuckjFffjQxhdfnFqSogEtfaZm8h_4g/photo.jpg,It's work perfect. Thankyou!,5,1,9.82.252,2019-10-11 19:43:41,,
gp:AOqpTOEaEPUGrPyNQH7EOS46gGyf8NH09lqkZwMx3bvfi7L9qIRTMj4eLNO51J57q4VmsS3WDenutndkgknhsr8,Corey Switzer,https://play-lh.googleusercontent.com/a-/AOh14Gji0P9zIYC5vfGlO7OGtgjPCD6A5wlrwVAaYaSVN_k,"It's such a great theming app! I've tried them all, and this simply works the best for my OP5T.",5,4,9.81.248,2019-10-10 15:38:19,,
gp:AOqpTOE5x6jtgs-Y3FZ-xPOMneFTJ4U5R1wwx8ESDnxad9qSCxJxn9x5IqTRuDgJLOQ0_m5PQ3YVCAqc-Fjs6lw,Valentin Courcerand,https://play-lh.googleusercontent.com/a-/AOh14GjLiQU3qob8SO5wMWIwI5zrIPHZpMkx-JVPtdksGw,Top experience,5,0,9.81.248,2019-10-09 14:02:02,,
gp:AOqpTOEnDCiwytx43LuOxWi7jqwtGyQ3vOJ1LlT-sQ5bCph26O-AT6l0DJy6ILC3XRXLfJQlGnRAzxZCuffOAXY,Crossfire_Bolt,https://play-lh.googleusercontent.com/a-/AOh14Gj3sFPgpk0ju8U9zAiLUy5NN9D12uz3l3GbUEkTPA,So with the new Play Store Dark theme. Swift's Dark mode is making Play Store white. Please release tbe fix.,4,0,9.80-243,2019-10-08 20:46:11,"Hi, We pushed an update for it few days ago. Hope that fixed your issue.",2019-10-25 01:25:13
gp:AOqpTOGF2QgcL8XmB9i72gsN6nDKkktKzJ6TKTSm4-7GnZEt0fKIfsR7pkD2YCc8K1tJVb5upF79w1w8-VwK8k8,Carlos Cepeda,https://play-lh.googleusercontent.com/-HRiFsyANFpE/AAAAAAAAAAI/AAAAAAAAAAA/AMZuuclKFAS_HM8lagavurSCjxkvOFK1rw/photo.jpg,Patiently waiting for Android 10 support,5,1,9.81.248,2019-10-08 16:13:21,,
gp:AOqpTOFfBGZbWLEGD2tQfnYXFRuGrb1ltoiDSQByaPtD2V0Ik47Qm6MsII76La_Py7n2O5B8l5jZI3xyVMNhgyM,Gufron Abdi,https://play-lh.googleusercontent.com/a-/AOh14GguFZPKtkibte2e2vmfHO0zNyZIp0WcXZZR8dGA9g,"Bestt, amazing",5,0,9.81.248,2019-10-07 05:35:01,,
gp:AOqpTOHn4fPlItCvPn0ORKKSYWfhLYVsQXaZJXvKtwcgKitqDM1X9JAENH_rQjm-Vn5Wpy0VrO595UtfWyf5A48,alex schultheiss,https://play-lh.googleusercontent.com/a-/AOh14GjL4ScmR0RpsF2YkhCgSpxMbfzgWCp9mLn7AjlPPw,Refunded. No Android Q support. Will come back when it has support.,1,2,,2019-10-05 17:59:42,"Hi, We pushed an update that adds support for your device.",2019-10-25 01:31:34
gp:AOqpTOEdIuyvwqFr5Q2o2RhC8d6_t7HxBxqdN0Zm4AdlE04pImSgvwH7gKVaXQEQ3UxlKMWn6w_V6wU1jeUhC8w,Gastowner,https://play-lh.googleusercontent.com/a-/AOh14GhItdR-kX52Zy-87ftcFtonXA8j8dqjN1pyRWwZ,Great app for theming the phone to make it look a little less boring. Quick updates and proper support for many apps. Highly recommended.,5,9,9.81.248,2019-10-05 13:39:53,,
gp:AOqpTOHHwXUJ6LT2mYMJRAmMe6C226anK_Ptlx3Yk2pf7E0YD3tRIIzTcoaGka__UDAKc3p0mERxq6aeXbEtdio,AK 47,https://play-lh.googleusercontent.com/a-/AOh14Gg2QdhZYwMzCNp-cz5w5YNBK24MD5aWA3mKTSOJvg,"Been using it from the beginning, and it's the most stable theming experience i found. Really recommend.",5,1,9.80-243,2019-10-04 02:39:25,,
gp:AOqpTOGjRJNzy3wSaNWWDMBmSgypp0y0BskPD-g1KCxWwQJLOvk50GeTlp5B3CLJhipy8ofD80Wsf0-CBAqiIP4,Nikhil Singh,https://play-lh.googleusercontent.com/a-/AOh14Gg2qtP8Q9hFe93F8GbA7p5ouF3wt3sSQZvPMQsU1Q,A phenomenal app! It's simple yet customizable. It's works flawlessly and it is worth every penny.,5,11,9.80-243,2019-10-03 20:06:51,,
gp:AOqpTOGhN3XGZkRDIlThu8szaOXgjhs6s0AZqAN9ZzDZRxfu_w_H0NXdPaLGviZNGqXpXmnovE9h0qmS4fugwzI,Frank Charles Agliam,https://play-lh.googleusercontent.com/a-/AOh14Gg5mFb375tbrKBpxvQt93IT69hzrUha_IKleRx2SQ,"Almost perfect. But, not all apps that have material design are supported by this app. But this is still neat anyways. I don't know if I regret buying this since my phone is an Android One device (Mi A2 Lite) which will get the Android Q update. Also, (EDIT) slow updates and you need to become a Patreon to get the latest overlay updates which seems greedy because this app is already paid.",2,1,9.79,2019-10-03 01:41:14,,
gp:AOqpTOFQhGtSxgfLz2vevIiLbpxI8NO6ZGcJc-oxcSy1puKcB1occkK8yrClhr_PPJTYIVXkCjL2vlMO1P8EtX0,Uzair Mohammed,https://play-lh.googleusercontent.com/a-/AOh14GgRNLJ_DcxIiiZeit5coxgxVTFKlsRtq-YmLaoD3g,Amazing app!,5,0,9.80-243,2019-10-02 19:31:50,,
gp:AOqpTOGreSu8ipAJisJDSsZairwJjMlOoaTtVM1NYfgRnO41UoVt0zI4oWTyp1UBy7m-BxJ4in2QLSD7aBseNJI,Bolty,https://play-lh.googleusercontent.com/a-/AOh14GjpQ9qker8pk7kSnak39pO8_wwoHFW8UN2haIgugA,Always works great. But will OOS10 be supported in the future?,5,1,9.80-243,2019-10-02 13:16:09,,
gp:AOqpTOFeaux51mlrOYlIZ2Ly_BAiFm6F3qOCzTWwrwXo0EKkRDPaLOJsqbt1WksRsWV0gNt_0YI4lhSVvtWkhw0,Rnksts,https://play-lh.googleusercontent.com/a-/AOh14GiAU361i74Vdtoo03PT6S3oBt5paSwiJtXUTc-LWQ,"Great app and easy to use, unreplaceable. Working flawlessly, even on Q.",5,1,9.80-243,2019-10-02 08:35:34,,
gp:AOqpTOHgL47go9kIWmn_edTMIJCJIPlUuy5hzeNbx0bGslq0nGkRDCMbgc5tm22xbJjceejxVXXY3frrHWY_LlM,Karan Saxena,https://play-lh.googleusercontent.com/a-/AOh14GgO9JaJT-1ReLn2jnACC-Z2LMCfes6OSJdRkFYVYQ,"1.) Need a white color accent. 2.) If an app is updated, the overlay should be automatically disabled.",2,3,9.78,2019-10-01 07:30:33,,
gp:AOqpTOEDx6_DKtsFcK-zzIea9up4FGJxWVqT8IDRTgJYR3b7hnbOECVHPoTdsoKiNJ2NScZN2J3yaidX-V2-kH8,Timothy Sherman,https://play-lh.googleusercontent.com/a-/AOh14Gib0jemGCm8LpguWbv4vySnV2jPJ2wEnRNS0bsTxiI,"i use an app called Shelter that uses the work profile to clone apps, and none of the work profile notifications get themed, not sure if thats an Android limitation though. also can you add support for Amino notifications? love the theme thanks",5,1,9.80-243,2019-09-30 08:43:08,,
gp:AOqpTOGhe8RYrbTi5NvMePHo1v-SgMLlPqFXVj7Gj6RL_lxVPSjVlBtkAwGCRDSIKaXV10cZiJoAGbDmQvD4sqE,Mr Snrub,https://play-lh.googleusercontent.com/a-/AOh14Ghio739jbdntB8fLC4fv4vTElbxLximXBiRPzY8qw,"Good, installs quick and simple. I would like to see a black theme for apps and black multitasking headers. Other than that noice!",3,0,9.80-243,2019-09-29 19:24:28,,
gp:AOqpTOFxtVsc355FoxytxUOx4FgR6pOMr-GyodCr78wCnWX3Ks1_mo4IQjZ3lZFmA-EyDpkVAVYCr0LyQtQMYbo,ramadhan kadar,https://play-lh.googleusercontent.com/a-/AOh14GiFpX75YFfufiKT1hzlD2aNA3HzflDUBznlPgUFt4Q,An app that worth your money to spend,5,0,9.80-243,2019-09-29 19:13:43,,
gp:AOqpTOEfbGjl_cpLKWjjEgZfNAJXFrCJVkEPXlQtu5OZEEes6AtEWpDD6TAKSr-9nHQLnbf2F2W5PkWjQi623Mw,Anino Gaming,https://play-lh.googleusercontent.com/a-/AOh14GhxLe2zYXMVxE36A_GTpbaW_7QsHcBH2xuSVe1E2Q,Great app! I just wish that you could also support Android 10 on OOS,4,1,9.80-243,2019-09-28 03:53:58,,
gp:AOqpTOHlAN6_gVireu7SVMlElVrbsRe_d-TWHa3pcuZwejfBMJc5GzEcRnvSD3_TSwj9RrlbMUN0b8Ke54gcxbY,Tariq Al-Attiyah,https://play-lh.googleusercontent.com/a-/AOh14Ghc-EQ2Tlw0mq4Kl1hE_5bEGjAbnd_xMN7jHUAe8Q,Very nice app but i paid and i can't use it,5,1,9.80-243,2019-09-28 03:01:20,,
gp:AOqpTOH0QL0QppS-8X9nq_9AeMlIX6u982eZtvu7VyyikjYg3ocbuybfvdwKQaWKXvN-RewJZIWuhi6fNpP1IKI,Jimmy Nolet,https://play-lh.googleusercontent.com/a-/AOh14Gj6b8XcbpvwVedo7Bv3M7zym-RyP-_hnlW6ZsEA8g,Awesome theme application,5,0,9.80-243,2019-09-27 14:19:35,,
gp:AOqpTOEc7cKlQ7Pa2L2bTLE8F_16cB8piOk4XVksjasAOLNQf8N5ff8B2j0k5jzcntsem1x_lL4nKFLd0dwWiQs,Pavlos Ioannides,https://play-lh.googleusercontent.com/-PjLWbqhvSNY/AAAAAAAAAAI/AAAAAAAAAAA/AMZuuclGku20B7_WI1dHewl9AaZRzW2FkQ/photo.jpg,Excellent app with great developer support. Recommended,5,1,9.80-243,2019-09-27 08:49:06,,
gp:AOqpTOFezWvTpObsbi0KlbNL-I2lSxY7w3-4yEf9MU0aAJyu8QLMNrvpRdJsbFvJmpMd34wsW-N54PAgk8IrSD0,Giulio Chinellato,https://play-lh.googleusercontent.com/a-/AOh14GjIhJ9A9tZMVrG3-YteiIhe6UACXpUC24gMTqfj,This app is awesome. But PLEASE update it to Android Q compatibility!,5,1,9.80-243,2019-09-27 04:47:06,,
gp:AOqpTOHi0nlKoh_NtG-mIF7R_IkBh53p_hH9owT90ShfJbQ-VvVxpDHGHXf__sqbOnN_pLc19iwixt3PLB0dvcs,Sourajit Karmakar,https://play-lh.googleusercontent.com/a-/AOh14GjQXrDt-uVHXV3tTHah3N3XexqDV5Y9xS7jHZv7,Epic theme app worth the buy!,5,0,9.80-243,2019-09-26 19:43:10,,
gp:AOqpTOEVzsm5PoWL73pB0PH995hSVLibboM-4gi1VX0qGyafd9ZcyXz0Tc8n-NZzBcaPD3l1fpltZ_1MV0B2GNQ,dashon wells,https://play-lh.googleusercontent.com/a-/AOh14GgJdyrEQQdvt7iDQLcKd4ORKKX68w9bRY_j1nk90Q,Everything must be dark.,5,0,9.80-243,2019-09-26 16:31:12,,
gp:AOqpTOGHxyqnBXgwOPNoq63W-Xexe8HTan1L-mF1_QstAxXCKV3bF4UYbfYQToCGffHwGVGjpNqiSA97sqgRk3E,big retching,https://play-lh.googleusercontent.com/a-/AOh14GjCkrV45PIJKy9uhgS1tuzqIhrKEfopJud95a7WQA,"Easy to use, had no problems so far that wasn't expected. If only the Google play services didn't update in the background, I would have had zero. It doesn't happen that often, but when it does, you will need to disable the theme for the playstore in case you need update install something. But it's fast and easy to switch on and off for specific apps. The menus are simple and powerful. Rooted Lineage 15 build, Samsung s7.",5,3,9.79,2019-09-25 23:02:35,,
gp:AOqpTOGgtACkRJ1QzL6aa3U-6GKIO8F7lEwEgbBenfLFzB_eT4b1EbSgcCRNoJxGqCCNTV0UOsbtcuac83uwcbQ,Vita Vidaurre,https://play-lh.googleusercontent.com/a-/AOh14Gh0hRc85ak7jF83D0yLNWqm_jg-pHn15zYAUP3q,Android 10 support please,3,0,9.79,2019-09-25 17:08:49,,
gp:AOqpTOEdNBer4Y1iSTJ_UzNrh1mpOmfX2hWeEXf6Mry6-V93ZpqaA6JCHlBHBu1y-7vU3kCA-Fae--lOA5SBPrM,Necrotizing Fasciitis,https://play-lh.googleusercontent.com/a-/AOh14GhkexcyUvdhP8-R9QLya2OpDcvaNqpIqxr6rSbc,Best theme. I just wish it supported more third-party apps like Amazon and eBay.,5,1,9.80-243,2019-09-25 10:40:41,,
gp:AOqpTOGZ0g6GJGCIfH6Hqlt4XahIHT8LEwKYjaLSaOQJSYVQCyD_WUFev3wD3zJ8xZnqdOVi8VXQkwHNEBR4Ek8,Aakash Verma,https://play-lh.googleusercontent.com/a-/AOh14GjMTcBdYMLfRzaag4tEkjbyahEq3NX0kf13WvmX,Amazing app. One of the best I've ever bought. Works awesome even with Android 10 Los17,5,1,9.80-243,2019-09-25 10:19:16,,
gp:AOqpTOGMQlYk02Ht2awiB6LQnXpF8M-lOTHy--aU793cp21G2kt5QzmDspMuWZZm4G3S0bHYIYn8WzU4ELC0AsY,Ruben J,https://play-lh.googleusercontent.com/a-/AOh14Ghkg9iE4OHgxKkLzBJbqXrF8ZxJ31wwVDVIvndgcg,Best Themingmod,5,0,9.79,2019-09-24 20:15:55,,
gp:AOqpTOEeZgHk1wan3QNJhQXa417RiQrkVCxlPx2DDB8p9RYrZKa89V4xS5BvjbGxNu8-sbI3p6BoJrfLBkhY2U8,Abigail R,https://play-lh.googleusercontent.com/a-/AOh14GjUrpBCLae4Zb7MxotzWw2ea1KqZhkGggB36OzXBIs,The themes don't work,1,1,,2019-09-21 17:16:25,,
gp:AOqpTOHkjVyc5HJO6UDKXJb3fH3VwkvEaJnS74cajHBxq3TAWcib7cguczH9wmOKBsrSDk-Af4v3PpA7byIn0wA,Malik Danial,https://play-lh.googleusercontent.com/a-/AOh14Ghj97A_w5zy99vQtxQS9R90TaMhbu50t3pn32G0,Everything is good but ad facebook too and you guys take alot of time update it,4,0,,2019-09-19 10:01:51,,
gp:AOqpTOGVh1-XPDrmOgdVLxbZrsuFb_9h9s3bV3Dax_CFvom8cCmLres01hJXD9Ob9T8aE8sOtbMj3V1QcmLG9os,Vendicated,https://play-lh.googleusercontent.com/a-/AOh14GgUvhZ8Ns5X1YRg5RM_huSSFRFc9qIUwaL7Lp-u3A,"Great app, working out well for all apps! Love how you can customize everything and also select what apps you want it being installed in. Could you add Protonmail support? Would be lovely!!",5,4,9.78,2019-09-18 05:11:15,,
gp:AOqpTOHERrXJ2-akk15sl-AIxrvqA1uWwA1ISNQHgn4j0YRqJ98tJ2Sq0eaOf_iGaFNMkeYJInccyYJYmGAeghk,Destha Adi Nugroho,https://play-lh.googleusercontent.com/a-/AOh14GjQqrjUAxOoO9c98r4V839yuRe29fGvDWWinBXMvKM,Perfect app thank you,5,0,9.78,2019-09-17 14:39:23,,
gp:AOqpTOHzvj0e240j234CyZfx0qfrAUFYW5eU_lAGUbkXSsYfLIPSMjj5j2kex9KwYrErFACANF7LFYNa99eVA7A,Ash Wilder,https://play-lh.googleusercontent.com/a-/AOh14Gh8YwyynmghdMT5tHTY9Yh7UYgneZisLMZciO4d5w,Best app to ever,5,0,,2019-09-16 00:14:40,,
gp:AOqpTOFjmYn3UE_h-BkXvaJdJHlyBHLycPCu0yc9vjhhiJSHompT3XGqIIOYDCt6KS_pAxaFq38ejwScoskqM1k,DR DRIZZY,https://play-lh.googleusercontent.com/a-/AOh14Gjx_WI_-GUgL4fWHzShxgUJ-gLyL3GvMcTkp8CE3Ts,Great and easy,5,0,9.78,2019-09-15 01:52:05,,
gp:AOqpTOF_qYgO-f1a0UVfFf0HyBxUJR-RzWeFzONSs2RZnNMFPmTGqlcdWKEypzndB6wjhUIJK8-KaqPKejcItZo,Jovan Plaza,https://play-lh.googleusercontent.com/a-/AOh14GhwpZXc-dcKMgrgUCG9Gh5HldxdGKRlnDBQcVNobw,Fantastic theme installer and it's one of the best out there hands down!,5,1,,2019-09-14 06:12:38,,
gp:AOqpTOGt4SvabqrdUtn1YMmLTgVIYnGSU2N4646u1g1xET_VlHK0_pC09kBpi34PoCwow4AoqKb-_iYucsZuESc,Adrian,https://play-lh.googleusercontent.com/a-/AOh14GizGvEGJfYLv-OTPw5oOwT0NGmQ40RaO_ab-9Tz-A,"Great, but it would be nice to add more apps and add seconds to time in notification line",4,0,9.78,2019-09-14 05:45:56,,
gp:AOqpTOHXutn-aRgdF7_U9bqMbIXpzbq5CJWhdKldhlFesWmF3US6xP5wZ7O19SXpSCURYLzk-eGYYDjVrjgHfWE,Sᴜɴɪʟ Pᴀᴛᴇʟ,https://play-lh.googleusercontent.com/a-/AOh14Gg89fzUpcjiL1ttHqrpYk8cc8uR7zkcaWHoTs_6FQ,Need root on my device Lenovo k8 plus,4,0,,2019-09-13 08:57:48,,
gp:AOqpTOFiS7609Y30f8olfxOeJ0vyvj600X96T-6J6Q0-lE50RE4b80-IadRYsweey--YrxmR0JM772stt6xnL88,Samer al-Abed,https://play-lh.googleusercontent.com/-HHCUHXswnxs/AAAAAAAAAAI/AAAAAAAAgxM/AMZuucmgTO5yQAm2JqngD0DDRKBitt4Wjg/photo.jpg,Doesn't work,1,1,9.78,2019-09-13 00:17:25,,
gp:AOqpTOEtWZhFCOFzj86gKwNtPCx5aKuEEn5qpKeOxYZkt4n6n-PHI4sbo5YfbEwPNDK484W55UkagUWW4TKizmU,I Wayan Gde Sugiartha,https://play-lh.googleusercontent.com/a-/AOh14Gjk4SefcM5JcNAA4UahFBinWvloU2FljVH9V3sIvA,Best theme engine..,5,0,9.77,2019-09-11 03:08:46,,
gp:AOqpTOGe3mFj8tCUYRsQeD-QYab1yamgHdS6zAgdV-_p4d1oIbg-bKfDqAp6QGXQFS-KBdccjfoCX5Btg45xg2Y,jamie robb,https://play-lh.googleusercontent.com/a-/AOh14GjF2H6F5CE5GtEBX6X6tkYD_s55VBxuJN4QBwyuSg,Perfect out of the box on OP7P.,5,1,9.77,2019-09-09 03:02:26,,
gp:AOqpTOGshUsqJ3smQxUfTS0gThdo7EXhkOQgiIHpnW6kzXEXZAScKifbPgR57tb6lu1RmPECqr8_XWXWFMcf9eo,TessellatedGuy,https://play-lh.googleusercontent.com/a-/AOh14GjELUpLd4pbu01lgBXYVjQm0wauPuWEfjzPWjRD,"Has some issues here and there, but oh so worth it for the price",5,1,,2019-09-08 07:46:58,,
gp:AOqpTOGpLjVlH6DrEySRaZWX1uMrjmpiYjkKHpeReVtfeAx8NGq3m7OiSCCOqCxgZGsKedsA0OTTDcs8JbLVaT8,Trupal Patel,https://play-lh.googleusercontent.com/a-/AOh14GifFYei1O_sVMRD93PNHhawmuthtFkum-MzAOsU,"After I applied the theme, I was no longer able to sign in with my Google account anywhere. Gmail stopped working and crashing on opening. Also some other apps like direct chat pro and Microsoft launcher crashed frequently. I had to factory reset since I couldn't find any solution to it. I tried reverting back the changes, clearing cache and data and what not!",2,26,9.75,2019-09-01 23:08:31,,
gp:AOqpTOGe7wcC785rVAtsXlOaOnKRmtkl-txhZUk_wr4C7y3p5_hSbBW0eHYvzGJhvfJjSI2L410flG_QTMU3Gm0,Aspire Wot,https://play-lh.googleusercontent.com/a-/AOh14GiH82H84Nm_QXKbEU3sgtvin-d-2HClPXuyJxrnJ7Q,Nice app but id be glad if your app supported basic chinese apps like weibo or wechat,5,0,9.74,2019-08-30 08:32:09,,
gp:AOqpTOENWv8NaHlGDJ1BJjDkQtDQMLPFpVaq2cXAbGBA-UKPHeoqJWPhuOea6t0Fxcx5pcnxhau1Rp3ztUUcn50,Ibrahim Hajdari,https://play-lh.googleusercontent.com/-JijNenzcdWo/AAAAAAAAAAI/AAAAAAAAAAA/AMZuuclI4kjPCO-zDoAM0tY6Hh_PKBCsJw/photo.jpg,"Well even that Android Q is going to get support for Dark Mode. Swift Installer is unreplaceable for me, i just love the way it works, being able to customize my Phone the way i want is just wonderful. Congratulations for your work!",5,8,9.73,2019-08-27 03:57:14,,
gp:AOqpTOFr6c9wlacw_IlFC9GE3zPHRq7Zob05gpgX-xL-OOhkW3KrpEeoA7EV4NjfGxiMmmeMYhtmb3swiIEfezY,caleb morris,https://play-lh.googleusercontent.com/a-/AOh14GiItC0SFylAev5WfXSCBqinrkG_lQxK06jTy0elIg,This app is able to edit overlays for a lot of my daily apps. I love using the amoled black for everything.,5,1,9.73,2019-08-26 21:05:58,,
gp:AOqpTOF62EbBT31nJZLB266JfHdrg5F5u6dp3kqbWOccLosDwJc7Ixtvvuwog-qFYHwgjCzmjtL3RYSYnjKaF3Y,Ariestya Dibyanugraha,https://play-lh.googleusercontent.com/a-/AOh14GhFmHxvVmwyr9PKX5R-AiHVJj85mZUqiZ4uF_DoQQ,"I've been using Swift Dark since CyanogenMod, then Lineage, continue to SwiftBlack, the only consistent and neat theme that I use. This bring a new whole level of theme-ing. PS: Please bring ""colored bars"" option to WhatsApp like SwiftBlack.",5,2,9.71,2019-08-22 07:44:52,,
gp:AOqpTOG7I8iH33-PjyvSq578yzbWlF5yrqCSgAU95TgPZuhvdCVv1NT24PYd_twu9bgh5SlAQ4SankgW0-SA8gc,scorpion3013,https://play-lh.googleusercontent.com/a-/AOh14Gj_xZnTYgox_8HS0RowP229Kiod8gpBq3E1jbU3Ig,A great way to theme your phone.,5,1,9.70,2019-08-21 23:25:59,,
gp:AOqpTOEL5FgcBlDELHhXSbxgkVIKV3wp1zY7Hv3nsrgX0DlVkGAyfC5hBUMd1X1z-7k3MojiVFjjbB3NJ9EV9gA,Hasan Basri,https://play-lh.googleusercontent.com/a-/AOh14GgPFPh0f9ZtZh41zTSZuwKh8Bydq0PtaEw_1G_KGtE,"So cool, so easy to use.",5,2,9.70,2019-08-21 19:20:48,,
gp:AOqpTOEqGaHz7T73Z0EC9e2C8eEtxhqMhHxbT3VDr7IWX0ub7CDfp7gvXOj8EnpTO-JJ33vspFOuwgYvKPwBkPY,Pavel M.,https://play-lh.googleusercontent.com/a-/AOh14GjWQ20e6gWMLfo5a4WyWGIfLcapj8vEG07dJHLpgPQ,"Definitely worth it. If you tried some Swift Substratum theme or you just like the look, go for it. Everything works fine for me. (Redmi Note 4 running AEX on Pie)",5,1,9.70,2019-08-20 13:33:47,,
gp:AOqpTOGVrQ3T_j4GCSJDmDxDfzkf11djEgp00tva-aTfQUTxvecYxs1zH3AYm9AtC24qsHAedPmy0Wqnq02GpLg,Javed Khan,https://play-lh.googleusercontent.com/a-/AOh14GiMr1x7o6telC730O0P0MSybSAIa0aCilrhs6_w,"Best of all substratum theming app I tested many other themes ealier i find this one more practical and working......frquent updates and hassle free overlay updates.....thanks alot to dev for doing something out of the box, i am super happy with this purchase.....",5,5,9.70,2019-08-18 09:11:02,,
