reviewId,userName,userImage,content,score,thumbsUpCount,reviewCreatedVersion,at,replyContent,repliedAt
gp:AOqpTOEfisY1rYL8ElN61MOWyD6t0ZtfIvyu4lX0Y_SAsB-RECm311t-LF317I6BcobQbGnxbGkvxdnMCNTzRHs,michele johnson,https://play-lh.googleusercontent.com/-9OqAgO4dZ7Q/AAAAAAAAAAI/AAAAAAAAAAA/AMZuucnVClNxWLiGRrXZIgbBkEMFrkM-hg/photo.jpg,I have an Android Tab A and it kept freezing at one point over and over. I'd like a refund for both downloads or fix the damn game or both!,1,1,1.0,2021-02-02 07:56:43,,
gp:AOqpTOF-vagVzFju0_V6rIZld_ihb0YniaEmcbZq7VXZeP6R0RcVADkAVrzvGQi5mtwoMEIW8bvVb07L-6of2Pc,Ekay Cantillano,https://play-lh.googleusercontent.com/-5nLApTridEE/AAAAAAAAAAI/AAAAAAAACQk/AMZuuckfzLz_twdn1gdQxul9wGYPVcTALA/photo.jpg,Everything is cool until i cant pass and got stuck on the cable car. What to do ..... 😭,2,0,1.0,2021-01-20 03:54:54,,
gp:AOqpTOGvv4F6Fzwis6qTJMZQA0Vn_awI40oWI8LCB0azUTyzKCf1w0mjfoSR08zOG8QknGVjR0w1xaTBkBGSQiQ,Ciber Tiger,https://play-lh.googleusercontent.com/a-/AOh14Gjo3R-mhhFJz9QcpZHjSbzsJYihocPbejBzrnGuXA,"Game kept freezing up! And wouldn't load up! Very, frustrating! Hope to switch to another game! I`m on an android Galaxy Tab A!",2,1,1.0,2021-01-08 15:35:12,,
gp:AOqpTOGpArLKlg99_fAnBEwMEgmYaeC05CqD7wDZnHEyHnfYXrxbTFWJHKA12ingO56dA-ou50b1duWnjmtPc3Y,Dee Tee,https://play-lh.googleusercontent.com/a-/AOh14Gg95TY49KYXC6QHa2Bl8dtzUTlAA11g3hjnUStz-7E,"Good game, the graphics are a bit dark, probably intentionally due to the story, but it makes it difficult for older people. Otherwise the game has it all. Great fun.",5,3,1.0,2020-10-14 09:56:20,,
gp:AOqpTOEkDhkfeJg4OSfitxn03OD62O7re5GbVitFeEOC2WglqhPvYv8biZaJLoa9xtu1e6RB5KkU9zNfK2O8IO8,Janice Lawless,https://play-lh.googleusercontent.com/-XBCCtly7MNw/AAAAAAAAAAI/AAAAAAAAAAA/AMZuucleeKFkK7AD9-_2gNxqhtnCezqS8A/photo.jpg,It is good but I like the old original ones better,4,0,1.0,2020-08-13 13:24:53,,
gp:AOqpTOGrTkBsiL54gklLS9G_55ZHLW1jOWoxq6FbLFn_aNQBrax8FB_7M-UjTKXflHCmUjUrYXctQTuqwRp6h18,Leslie Anne Militante,https://play-lh.googleusercontent.com/a-/AOh14GhuKKJkNGCVefCMMi8QkC7wV_cd29txUw1gYuBVEg,Pakyu Mateo,5,0,1.0,2020-07-12 07:33:39,,
gp:AOqpTOHgtzvFt_oXmZKaY_Es6pl1l6v1F382VW-72hyLzndnVNHgZjiCNU_BnggjjDA2rw42t0BtFB9Rk2HYTjo,Cedar Erickson,https://play-lh.googleusercontent.com/a-/AOh14GjQ1u57vAGQVO8J10-boSne5AuTjw7azd9xkprX,It's so apparent how much work and thought went into this. The game is just filled with little graphic details and storyline touches that are so clever. I totally dig almost the entire Ravenhearst series.,5,1,1.0,2020-06-26 09:13:30,,
gp:AOqpTOF1R4TBLyfE39iyBU29JVY4f8Tz950LQBMvZj2kU09rRSapTDPS3tfGJ2RXPlcrAzGpZByaFOM4mtiG9go,Kelly Scott,https://play-lh.googleusercontent.com/a-/AOh14GjH2NFB8CueFzY3lBHrVhkfe4ZqlvN-zrqhQu1z_g,It was good needs to be longer i finished in 3 days,5,0,1.0,2020-06-06 12:26:46,,
gp:AOqpTOGNX8lAFO_qMnhL3m0o5Yr03w3yovoSwpUziUavk680IgYCLR46CA0iPD6xZOwKcLq3iSEqmLSxHcS79TE,Barbara Ragels,https://play-lh.googleusercontent.com/a-/AOh14GhKvYB2RLwkVpwzprQAGbbR8_N_cQswVD2q_B7i1g,"Love the game Ravenhearst series. They have an entertainment factor as well the searches; which are challenging but not stupid-they don't hide all but a corner of the object liKe some other games. I love the mini-games, also a challenge to figure out. So I am not a Mensa I do have some intelligence. This series is entertaining and challenging. Slightly gruesome side for the weak stomach. The first Ravenhearst is not available for my Samsung tablet. Don't try on a cell phone. Way too tiny.",5,2,1.0,2020-05-27 01:21:34,,
gp:AOqpTOFjMrgzt9dXZE616v5N2L40TrstYKePiW-VVFo2_wcldKRdquB3FEHWVCjI7T3xi7dy2SJkW6uW0Jsruvk,Ryan Dumas,https://play-lh.googleusercontent.com/a-/AOh14GhhJUY_kKBCMFGWnH4dxaIDksO7rRsLIaRrjv1jYQ,"I've loved it BUT I was going through my apps permissions, and this app had access to my phone, contacts, allowed to modify system settings, and more! Why on earth does it need access to those???",3,3,1.0,2020-05-12 01:30:42,,
gp:AOqpTOGJoYhFMmy4kF2BxhDyQ8OHEcGS6Y1GEUbFHgkENYqlxFbq6vdQUcBrMjBVEVYGrbS35NDK5Vb_RIU4olA,King Fearless,https://play-lh.googleusercontent.com/a-/AOh14Ggu2SydFaeAds9_AkfT8iWk4pXHMnCFd-tK3Zz2PA,every time i open this game i get ads! even though i paid for full a year ago. also many games i paid for are no longer aviable! i will not ever be a returning custermer!,1,6,1.0,2020-05-11 21:22:32,,
gp:AOqpTOFxz0QjW6SR6-HiqJecPLxh0yMRcO-fAFWBaeaDUYSEIHBGB0yjG4Sxqe-nVWJTojxU8ulXMTQW5snKgbQ,susan wold,https://play-lh.googleusercontent.com/-0BvgzreWUlU/AAAAAAAAAAI/AAAAAAAAAAA/AMZuucm8n1Bgihxt4wfUDxnfkIVn39Kt3w/photo.jpg,Great game,5,0,1.0,2020-03-28 11:29:13,,
gp:AOqpTOFjHyJJvKHv6tSMUN7PdEVhCRa9AX4mGEJk6RiFawSDBfVaZ7Yfj2CBi2_iruT3mtbs71f0I2q0XedpGEE,justin van den berg,https://play-lh.googleusercontent.com/-xvPb59cHsls/AAAAAAAAAAI/AAAAAAAAAAA/AMZuucngjljBQABcYPY4X0XUGzfvRuC0bg/photo.jpg,"Fun game ,as usual irritations from constant requests to rate or to buy some un related other game, just because we buy from you does not give you the right to abuse a customers goodwill , it ruins your loyalty",5,4,1.0,2020-03-18 04:43:11,,
gp:AOqpTOG2ybAZZNY2jCMFvkuhqjGEmuTRYgZAiOuWp53Yj515Qf2vWt_nFF5Phy0g-sRgWhb4GGWjqCYhgtibLWE,Betty Bagwell,https://play-lh.googleusercontent.com/-xUbueIytZkQ/AAAAAAAAAAI/AAAAAAAAAAA/AMZuucleP5hv6EFTeMzRlGBUMnIdNM2uDA/photo.jpg,Tried playing this on my fire 10 and Galaxy 10. Both times after going to the mansion on the trolley it won't work anymore. Won't let me take the trolley again. Needs to be fixed or stop offering this game.,2,4,1.0,2020-03-08 10:33:04,,
gp:AOqpTOGK7Ib0hRICLUYVagNEreCqDYY1nO8ZwvZev4YxhwcSConn7ZKqpKKwNhZ-ucznocTnh-JmHwSj0auYeoo,A Google user,https://play-lh.googleusercontent.com/EGemoI2NTXmTsBVtJqk8jxF9rh8ApRWfsIMQSt2uE4OcpQqbFu7f7NbTK05lx80nuSijCz7sc3a277R67g,Stuck in the cave. Can't get the green jewel,1,0,1.0,2020-01-29 15:40:20,,
gp:AOqpTOFKfPVXEbylrCPzFuCqxIihJa6lSiJtQMsTle3h-DqwyHmvrjcS5bKGhnJVb-BKXlXLTAd2sxQ1SY85jFU,Tuto Puppy3,https://play-lh.googleusercontent.com/a-/AOh14GgEYwSw5Cl7st87kSRqva4hnT6A0goZS8O7Zi1LBA,Nice game and i love it,5,0,1.0,2020-01-03 14:46:34,,
gp:AOqpTOGgcUX98OEOOiW8nmJdZrPwVYR7n8QyOoHa4-gyRhwz9vSM5weuZS14bb9vp4LhOVp7it1716sFoixM3RE,brantley wigard,https://play-lh.googleusercontent.com/a-/AOh14GiVFDLDvTEC4c2mvUDI0X_XqrerliIwGM6NzKAO,Good game,4,0,1.0,2019-09-12 12:04:33,,
gp:AOqpTOF46ES4t5WCQVc2tUunXM-jmCfB3fJbn98fa7_n8AQSM_aSUsuGsVhT4ymETJM09_-5hsOHMbunz66gQbg,Roger Lyons,https://play-lh.googleusercontent.com/a-/AOh14GioIvr796EQa7jHPVgiWwq-KyfUzLxp3XTAlIgJVw,"Great game, with complex puzzles.",5,0,1.0,2019-08-07 10:04:53,,
gp:AOqpTOHmiUVBxTD0xQyKfM6L7tW4EET0rSwPwZsBsj_PdcfQc9Dc8GXW5WE2HDoHXbMLx1G9nVtZxYgfVqDvL9U,krystle poyner,https://play-lh.googleusercontent.com/a-/AOh14Gi-N3W3SkYmI83HEL_6KQX7DMNWBs4GYgOE64jEz1U,cool game,5,0,1.0,2019-07-20 20:26:45,,
gp:AOqpTOGWyQn7DZdrOxMbz0UYPT8ozeb4b3VjazrM2oBJaycyWGtycwVOw6Yre8MGHl0bcV2tPSHXMPWYdTn86MM,Val Watson,https://play-lh.googleusercontent.com/-ziPrk4rfOak/AAAAAAAAAAI/AAAAAAAAAAA/AMZuucmeNnB6EiI2sdkGWWGaWDIUzPJj9Q/photo.jpg,keeps freezing,1,0,,2019-06-29 12:37:18,,
gp:AOqpTOFDYjhR6nBa55olJ1N0spEkHmeQ95OvAUOEC1WHjIFQPjVVcwzxJNROwT_n_4dFs6MFT4CtqP6JDLuKzzY,Kelly Cox,https://play-lh.googleusercontent.com/-Y0VYqW5X2ok/AAAAAAAAAAI/AAAAAAAAAAA/AMZuucnVCudp9WS7HbDaKV7pouRYfVsZYA/photo.jpg,Game crashed,1,0,,2019-03-13 23:25:34,,
gp:AOqpTOG3nTMEz7990Gfs-2g9wqZWH7bVqr2BqPOpaLVciNM18AEj67rIibhPERfcLlgbJyagj9mTysb9P_eSHR8,Nicky White,https://play-lh.googleusercontent.com/-0GFDxN0XNtY/AAAAAAAAAAI/AAAAAAAAAAA/AMZuucnwn33skbx-7tOxLGGtJqlSEtyV7A/photo.jpg,"Great storyline, the games are very good as are tge graphics and i love this series!",4,4,1.0,2019-02-25 11:15:16,,
gp:AOqpTOFGoDdl9r4qeZ9weFOxCO6i5kXV9ALdxNvO_Wq_VwzAWjZRafmUP8IkZ3B9_J2uy0nQJWKEPC3u89l28hg,Nikki Thorne,https://play-lh.googleusercontent.com/-w1_Tqu_65Eo/AAAAAAAAAAI/AAAAAAAAAAA/AMZuucl_7r6EIF4Ky0n_q_VWnPBpD3xfHQ/photo.jpg,I downloaded this but it gets to the end of installation and says can't download try again. twice. Regretting paying for this,1,0,,2019-02-24 14:40:55,,
gp:AOqpTOHhEXH36_vwetsUTCcoU0iXzcPYgXFQma4RLgZ0ttpiX3El9iet4Ra5a-_5i_9MuvpJElhw3zHMwFtVEC4,Tamara Payne,https://play-lh.googleusercontent.com/-rju20JvK8Sg/AAAAAAAAAAI/AAAAAAAAAAA/AMZuucnU5d10VMD_DkG9O6WvvKaCl_RsMg/photo.jpg,"Don't waste your money,game freezes half way through and won't open.Shame on big fish for ripping people off.I used to love big fish games now it seems most of their games have glitches.I won't be playing anymore of their games.",1,2,1.0,2019-01-21 15:02:31,,
gp:AOqpTOGAjo3D_hsolgNYrgmq4VEliEB0jLjTIruX6o8kSuT4_L0DRpdS2BSoJobMLAqiedwFm7S97bYSWoxrTmE,Heidi H,https://play-lh.googleusercontent.com/a-/AOh14GhdUk6z27JmuSeiwrO9A1qpJmh_lR17Q5TvNWE2-Q,I paid full price for the game but still have to endure all the ads.,3,0,1.0,2019-01-20 13:38:43,,
gp:AOqpTOFvjVhc5Fz00BKqJbG2asWm6aT2fuo_R1PcPM4-YUPvd-BLHFRYtpLSCphCHytLN9_YWg-2pflwE8Yrhfw,Christine Jackson,https://play-lh.googleusercontent.com/a-/AOh14Ggno7SIe5Wyph6d-n27fNLJJuzmKtBHmFc35itFpw,Purchased this game and never got to play it because it would never load. I uninstalled and reinstalled several times to no avail...very disappointed!,1,1,,2019-01-15 18:43:39,,
gp:AOqpTOF4r7W_F4ABihm1GHsByrZkafIJNmfsolxkRwYLoPmpmiC1jZFdw-q_pmIfU7Mu9wh6WtKfSt7SD1zwQM0,Katherine Lynn Staley,https://play-lh.googleusercontent.com/a-/AOh14GhatkM9ZbRm0LsGtM5UXio4uuN4XJAbwmzb_ECPEA,love it,5,0,1.0,2018-12-30 20:19:52,,
gp:AOqpTOEGQAKWHA6xJ1f3EeJR8EOJQO3a6g1Rl19y16vIqOKtrs_k4s8rDzT015GtT-z2IietkQyJ0InbUdd_mD8,Shawn Cline,https://play-lh.googleusercontent.com/-GR-K3c20V-w/AAAAAAAAAAI/AAAAAAAAAAA/AMZuucmSzFKfvywbAfEraHDgarV8F_5JmA/photo.jpg,Total waste of time game locks up half way through.,1,0,1.0,2018-11-27 12:26:48,,
gp:AOqpTOEL4gG_QEIsQOHRkop1kt0pf9EJN7ZLRZGkABNSW5rzxiaFCU2RcmS8LFCfPIeY5TcEyDfhCTOd_Y42bdc,Craig Robertson,https://play-lh.googleusercontent.com/-6ZBeu9kzGeg/AAAAAAAAAAI/AAAAAAAAAAA/AMZuucl-sUJjIDvNthUgq1NP8IqeMGXm-g/photo.jpg,Keeps freezing have to restart it all the time very annoying and disappointing as I loved the first game,2,1,1.0,2018-11-27 02:39:25,,
gp:AOqpTOHYdx7ed8iBs-qyxovMIfvGsbTEgwRaJh3DowaceQwnK69jVpS7nYdzk4H_beXW9alhcx_hk22-zUAmBtA,Mandy Howard,https://play-lh.googleusercontent.com/-OD7M53P7Jho/AAAAAAAAAAI/AAAAAAAAAAA/AMZuucke99XnQX6hnz-MGOBKIzrmaNuCoA/photo.jpg,Mcf rocks.. So far so good,5,0,1.0,2018-10-27 00:43:36,,
gp:AOqpTOFbpDm8KrdFNB9qoTIrkPrx7Q_oPrJlnvjABzj-F6BlKbdY5kcSb8RDiF8Rnpc9i36wTWfnlfxVLU9DA4g,Nikole B,https://play-lh.googleusercontent.com/a-/AOh14Gg07UqGjJQ_9xE7EDRWOrb-vQVkR5LzDwsuzqdT,"Great graphics, fun storyline, tough puzzles",5,0,1.0,2018-10-10 16:19:49,,
gp:AOqpTOHZY7r7LR65Q0sVKbD5Ug9ropAEahl465HXbxOmTaBtj-OWsuOe-9TmhJOhXHJ0-ofLM38qJFJ-D4Z_JY8,Tom Spector,https://play-lh.googleusercontent.com/a-/AOh14Ghc3GuQ2psf_khxi5hXmYZgdw96B_Ap2TWuVhbq,"This is an excellent game, they were very creative with the atmosphere and the variety of puzzles. I also like that it had a fast hint, although it wasn't needed all that much if you took your time. My one massive complaint is who thought it was a good idea to unzoom every time you found something in a hidden object scene? These are the times that I wonder if the developers actually play the game because that is super annoying. So it's find an item, then you have to re-zoom and find your place again. Did I mention how super annoying that is? Two full Stars deducted for that blunder alone. But don't let it stop you from playing this game, it's very good. Just please, never ever do that again with the zooming.",3,4,1.0,2018-09-25 00:02:21,,
gp:AOqpTOF6RrJAhqcSWWB0Z-dDbY_l1aBQOuA8suB0eeP2YQajGrvWH8U-dXGXJ9s_xwadBlOAi7EL_mh8K_ZAHC8,Jenny Roe,https://play-lh.googleusercontent.com/-kpqIIxl19AU/AAAAAAAAAAI/AAAAAAAAAAA/AMZuucmJ1_Indx-omOEv6QRox8D2up0Peg/photo.jpg,Unfortunately would not load properly. Its an expensive game if you get half way through and then can't complete. The first game that I have had this problem with and will be complaining to google play.,2,2,,2018-09-23 08:30:14,,
gp:AOqpTOGkHCv-XHpoafVgtPnx2ZjYMOIF5fVaOlrYJzklH0CQyR8WcSZeEiYD2y0Qhusv7DaEU2c2dxB8bbKS9UY,A Google user,https://play-lh.googleusercontent.com/EGemoI2NTXmTsBVtJqk8jxF9rh8ApRWfsIMQSt2uE4OcpQqbFu7f7NbTK05lx80nuSijCz7sc3a277R67g,"I was really looking forward to playing this but during the start of the game it appeared to glitch and I couldn't make any progress within one of the puzzles. When I pressed 'hint' it would tell me to leave but always returned me to the same place when I wanted to make progress within the game. Without having any option to continue the game I ended up having to unistall it. Its such a shame really, the part that I was able to play was really good.",2,1,1.0,2018-09-11 01:53:58,,
gp:AOqpTOHoLWE0VcSkyP_Hv9dPNESnRVR4YrTA_f8vu-1La11zB8MtZmPR-knU_8hwkWZ7oenJUVCdqqpTxNu4jDY,Carol Stacey,https://play-lh.googleusercontent.com/-UnDRlzX1foQ/AAAAAAAAAAI/AAAAAAAAAAA/AMZuucmA81OLIG3wwqXMuvKbtrqsVyVVGA/photo.jpg,"Brilliant game and already into it, can't put it down.",5,0,1.0,2018-09-01 09:18:51,,
gp:AOqpTOEAG29OsunRCDwN8zVK2zS-dNfWOLl0KiTlgUOOVCiHEuTdYiZwcyJ3rY05ESfYbdAfk50Ab5zN6p-k2j8,A Google user,https://play-lh.googleusercontent.com/EGemoI2NTXmTsBVtJqk8jxF9rh8ApRWfsIMQSt2uE4OcpQqbFu7f7NbTK05lx80nuSijCz7sc3a277R67g,"The game keeps crashing all the time and I can't play it I've asked for a 
refund but it's sent me to some thing that won't let me get a refund I'm 
not happy would not recommended this game",1,0,1.0,2018-08-17 22:35:36,,
gp:AOqpTOF28KkkcoGVKO5lDRQihTMCxFAGMuDib8wiuRaAlYiCak9H90Og7SVBICX66CiHLZ8zGD6q5wLDfbbvyhQ,Holly Allen,https://play-lh.googleusercontent.com/a-/AOh14GhEDt_6sa3rkXlqVpKpK37GBUUvs2q7BDxbR1G-,"It will only go on internal memory. And it takes a lot of space. You can 
not zoom in. This makes it hard to read on the phone. I wasted my money.",2,1,1.0,2018-07-27 15:12:01,,
gp:AOqpTOHjKfkimQepEJU8dM0FuKQRYJsZq8k9nyO8nM9K9p3Ear0XlnrW7KFlq7CcU54x1FoLq7ndV67ZixDY8bY,Dave B.,https://play-lh.googleusercontent.com/-gkfEExd27-Q/AAAAAAAAAAI/AAAAAAAAAAA/AMZuucmpI-3vJr-PRjCXR5hl7QaK8qe0Ww/photo.jpg,Awesome game,5,0,1.0,2018-07-23 10:13:21,,
gp:AOqpTOG-ql36jS2fDcd4dwngamqP2scjcsWXv7za3znRbz_KDky3mOjM6ROhL3TxUVbFddhyHq1p_uH_d0BX-iY,Lyan,https://play-lh.googleusercontent.com/a-/AOh14GgEMnL0XpYUeCkQSNeGO3N_hZi76t9m1e0GPifunA,"This game is great even its too easy and shorts. The scene is blurry with low resolution, with that price i hope i got the better resolution for my high end phone. I have samsung galaxy s8 with big memory so i installed 50+ high space consuming games (+- 2gb pergames) but they make it compatible with external storage / sd card. This game is space consuming with internal storage only, make it move to external storage and i will give 5 star.",1,0,1.0,2018-02-08 21:42:19,,
gp:AOqpTOGJr4ezgum5C97euEGG9QiKi1TPERB8VWiXZPKz8hYHFCECXX87QXvvIgwFU6jnmobonHQnzYXv9cvi_3A,Maria C Wydiana,https://play-lh.googleusercontent.com/a-/AOh14GjZtmKUA1x8txGhYebawP2104tOyeC6uOFEbpRF1Q,Love eipix games. More please.  Elephant's ones r not challenging at all.,5,0,1.0,2017-12-22 07:13:33,,
gp:AOqpTOFFaUPgVrmOXTm7IZizN-Vy8Qn69JYXQ7wjrctd3R72k6KAg9fa5g7gFGf-9tUxenRJFNW9wg9bETVLR_Y,Melina Duncan,https://play-lh.googleusercontent.com/a-/AOh14Ghczb4QmZS5lZfVaQDRwMbIb_6uDAj86NwiQPGtVw,Want a refund won't download at all,1,0,1.0,2017-11-29 18:08:18,,
gp:AOqpTOHHXpV_1CXpXiT3c8QfiI-yVuCqZ4EFJnBxRR2elFDDJyucLzGyb-U60ep_HrMSsOSNX27jqtWym63DVSc,Julia Decker,https://play-lh.googleusercontent.com/-OLzjBBqvy2w/AAAAAAAAAAI/AAAAAAAAAAA/AMZuucnY3DsnsgIuqtoaGm6EPN_GIQQO8A/photo.jpg,Good game but can't finish.  Stuck on the cable car.,3,0,1.0,2017-10-28 10:57:49,,
gp:AOqpTOHXEOyy1vid-g4ko8RWFGPt7as-fqCBrv4eoj5nBb3uArLrFEzEWVcqUGJ1UqKPtMPFvH_ewpCiycwJOm4,Nichole Harrill,https://play-lh.googleusercontent.com/a-/AOh14Gj67bOJuVvX9XECrj8Lw4ac1eMbYMjB-SzLvENcqM0,Cant get past cottage,2,0,,2017-09-02 04:16:40,,
gp:AOqpTOFRc2Rrk3m4LyP370qGXrveHPCYlM54F9C7NyJ2r2PTPmUDXfpq6vZ1VqEOUqrp9Onv5LsLJ-RLCAmK8mk,M C,https://play-lh.googleusercontent.com/-4zo21mNmvR0/AAAAAAAAAAI/AAAAAAAAAAA/AMZuucl74_ofhbTPQpPf8VHZIZl6cHLlaA/photo.jpg,Love the Ravenhearst series. This one has the best controls so far.,5,0,1.0,2017-05-03 01:39:45,,
gp:AOqpTOEWqFVVf-1lHwrKlBSCGm5oHECP_OpQZcytvEtpAu-bf3v4NkLGchAGTmvob1bh59fMPiZYwJakDtbRzPM,Emma Coghlan,https://play-lh.googleusercontent.com/a-/AOh14GjYVJw2fBuY9fwb4mdciOaVKtxDw6RZb3X0m6o0pQ,"Yes i am one of many that have also now come across the glitch in chapter 4 which doesn't allow you to go any further (between the cable car, beach and room). I have sent an email to the developers, and now we wait.....",3,0,1.0,2017-04-24 20:09:16,,
gp:AOqpTOFcXV38PpX6gjNHu3xclSY-mUDWn_giz7FxTHLE03pm1Fd0diofFbBqk1Fg77433UyPg4XfzUDl7Uyw8XY,Jackie Berenyi,https://play-lh.googleusercontent.com/a-/AOh14GjTGD2WM3oW24qV4_wq961lWc4O8JBmobrT-BUHpg,Glitchy issues go unfixed. I am also stuck in the cable car. Uninstalled reinstalled. Restarted. No change. First reported this issue in 2015. Fixed? Nah. Don't waste your time. Or your money.,2,1,1.0,2017-03-16 21:46:30,,
gp:AOqpTOEkMeCHpwUnKZsmFlb015VtrL16AJYopqmjst8ABqDbl9K6zoZPNL2TnOHQ-S11r4lSQS-cFKb8sqa9jVI,Helen Clarridge,https://play-lh.googleusercontent.com/-Z1SHEH6t4KE/AAAAAAAAAAI/AAAAAAAAAAA/AMZuuclOk9riuD93vlXJVmskqg1jxgM08A/photo.jpg,"Stuck in the cable car cannot get back to the beach, replayed this game 5 times now and gets stuck at the cable car and cave wish I hadn't wasted my money",2,0,1.0,2017-01-28 02:47:12,,
gp:AOqpTOF67-TPchA_0uki5i9m1zp5pHTJYg46kYvRVqQFmW4i2UT8hbM-NJ4058iyt6IKdJgDF3qS-V59egb0qaM,Sherie Lile-Graham,https://play-lh.googleusercontent.com/-ufIRK5RfZP4/AAAAAAAAAAI/AAAAAAAAAAA/AMZuucmLrqDHca0u7ba_tmcC8HjniWOLJQ/photo.jpg,"I normally enjoy all the ravenhurst stories, but i'm stuck after getting the pod and getting back tot the ship wreck. There is no way to get the cable car to go back.  Also freezes on loading. Have to try a few times.  Any help or fix is greatly appreciated.",2,1,1.0,2017-01-07 22:06:32,,
gp:AOqpTOFxcCy3hAKKulsPJbvxNnKqkEL9f1at8CQWh-O61iT-REJ0LDHPgA7vmwXjAkoFPkYxsMKydRY2e1ZTDn0,Nina Mentis,https://play-lh.googleusercontent.com/a-/AOh14GjVsrT7RKjA2LKrCYm_4fhUdqU4gbbIl3IDSRcI_A,"Wish I could  play, I have a new Samsung tab.",3,0,1.0,2016-12-17 14:57:28,,
gp:AOqpTOEK49qeck964Jm_XJiiheqarHp6GLtjnQ-DOdW_7Mdd1gZg1aYTn994RN5FMX6zPPozZKURNntGVpmjL9o,Billie Jo Beyer,https://play-lh.googleusercontent.com/-htT-03dair0/AAAAAAAAAAI/AAAAAAAAAAA/AMZuuckUg9aaEc1DsUzv-Ct3bqWA3lKy6Q/photo.jpg,"Good game,  but puzzles seem hard for me.  The characters  R a little creepy, but its fun to play!",4,0,1.0,2016-10-24 19:00:06,,
gp:AOqpTOGlFq9QOrzTX6rK34w3-QepXpDAlxiFND2UxRsKWZ4C-SRxQxKJXDEyF5ZqsIRzD4tIPw0oxbUaph5iu8Q,Amie Uke,https://play-lh.googleusercontent.com/a-/AOh14GgJLl3CrvgMbOXWfLE8YAyNPvm5C1kk7m3_jkRLAA,Rock star keep making these!,5,0,1.0,2016-10-23 22:14:20,,
gp:AOqpTOHP1Md_cQnGCtRwiUZXtBWaWj0f8N23kCyNQ0UZQm6303P9GNAibQF-aiXfyh_-miIMK6m5H_dvu_JVVgo,Lee Evans,https://play-lh.googleusercontent.com/a-/AOh14Gijd_TplxxA0bbOfxUlKvHt35HkGDC04XEQ8q_qdg,I could not finish playing game,1,0,,2016-09-05 05:41:13,,
gp:AOqpTOEn7LHvGouhZU8dHiRVPwPmK6xBmp5tcZ-g2fLjfVsSZ_6h5f0Y78YvmCKiLv5tWi53zVtzGuy9jWRZjLY,Rosalee,https://play-lh.googleusercontent.com/a-/AOh14GiGCzNluxp9bhzhvM21iHmWdRDZbSezV59XUGYMGZw,"Good graphics but I don't like going back and forth in mainly one small area... house, etc. I like roaming around and some back and forth in a large area with many levels and places to discover and go. This made me feel trapped. I lovw a lot of strangely beautiful and creepy outside places too. This did not hold my interest at all. I preferred Madam Fate's Carnival over this by far.",3,0,,2016-08-30 22:30:14,,
gp:AOqpTOHbbjneaGlNBno7N12-NNyb9MBAwIseC17I3zAuhZeOIkHSwCkRHHy-bG0Kzdny0KZ4MZyMfsqXWWoAToI,Shirley Osorio,https://play-lh.googleusercontent.com/-TkmSEIzOsKE/AAAAAAAAAAI/AAAAAAAAAAA/AMZuuclwY5t8DhwFgRZmfl1dvEVkWBwODQ/photo.jpg,I can't open the game..!!!stuck up!!! I payed already!!! Pls open it!!!!,1,0,1.0,2016-08-29 17:09:40,,
gp:AOqpTOHfV_imOtOpbf9hfJGPWkBIv4R0TdOVghzsdHbGhKncEQlXVyd5kz0qbFnoS81KfeevFOI1HzDtcMOMb-0,Roger Onstead,https://play-lh.googleusercontent.com/-1vd7QWuDbpQ/AAAAAAAAAAI/AAAAAAAAAAA/AMZuucld9RdhnLDxVTTSWEbv6GhmA6Mcsg/photo.jpg,Key to Ravenhearst,4,0,1.0,2016-08-20 13:12:36,,
gp:AOqpTOGEs8SYqDg7YqQEIaXPcUfcAotR9chz4jGBBzwHm01YpJFp9IfkKGwobHmP-HykjrjfxrvqN9AwHTjUKk0,Suzanne Holmes,https://play-lh.googleusercontent.com/-Hu273i-uFIE/AAAAAAAAAAI/AAAAAAAAAAA/AMZuucmqXiz4vP8NMLJpGNOvSF-Op_Bjhw/photo.jpg,Gutted,1,0,,2016-08-18 01:00:48,,
gp:AOqpTOGaUA50TehGvqy0ITeyYfY5GgiZzkaRpZEZYU0i9W8VGaQeiRaU4nQERjpa8vi86ODoqgw8QdZcAy_Bop8,Emma Thorp,https://play-lh.googleusercontent.com/a-/AOh14GgmPZBZOSRoI58KTBC7s3_iexff0QIalqALTWtIzg,Very good so far,5,0,1.0,2016-08-01 14:24:53,,
gp:AOqpTOFiP_koZq5GHMvHPQNcahNVaCRr6ds1q-7nW3XB2fljKNTAtZBtpprBkhIgpReVG5SxCcDKcuBo4smNX20,Della Crichton,https://play-lh.googleusercontent.com/-1-d8uL09CME/AAAAAAAAAAI/AAAAAAAAAAA/AMZuucm_duhY5VPnEtP60HsTrg-zDa_VpA/photo.jpg,Game was going great until I got stuck between the cable car and the shipwreck. Can't move anywhere. Would like to be able to finish the game or a refund!,2,0,1.0,2016-07-24 02:08:50,,
gp:AOqpTOFLdooDGcRVfZpmazRC9SrKAPimVhV6D7w_Ik-L-AE8dKfnf5SVhDSahzDxEM6qNnKdmz-3SgPvPGtllnw,California Screaming,https://play-lh.googleusercontent.com/a-/AOh14Gg2WeV-mIh558-2qu03SbwXXa9IYEIgjTNFgOOrfA,It has all the bells and whistles. I recommend it and give it an 8. Drawback everything you complete something the typewriter hint button clicks many keys and the sound is annoying.,4,0,1.0,2016-07-19 22:05:37,,
gp:AOqpTOGg5Yb9SgDngeReASo1qaMcfM2DEUxnbM2W9gH2ByiWeH_0GgORH82JsZGM4hTz94lp9z8uFfDweg_ZB2k,Sue Dyett,https://play-lh.googleusercontent.com/-2sUERYDvF-0/AAAAAAAAAAI/AAAAAAAAAAA/AMZuuck_nD-LDDoeUws3e_5wM5EV4l01Gg/photo.jpg,Excellent as was Unlocked.  Bring more like these two. Would give it more if I could.,5,0,1.0,2016-07-19 17:57:10,,
gp:AOqpTOF2pcnz38Pq-yzyooIvtMniELItxXa7Y7pgQH-anZr0KBA0JchmH2GcAdO1RPD16T55zk0beVgKUlq2UsA,Kris Lowe,https://play-lh.googleusercontent.com/a-/AOh14Ggz43tdzb3MFLKHN6cJrlWUMIVzsKmefH-UfppkrQ,"Love the game except it freezes, then very slowly loads the scene. Then when the screen is touched, it freezes briefly, then kicks you out completely. UPDATE: apparently after one complains about freezing, and perhaps sending an email to the developer (found in 'Read more about game description', the glitches disappear. Is this planned? Which is why I give a 4 instead of 5 star. But to developers: thanks for fixing my game so I can play it now (a real, not sarcastic, thanks). BTW, What was the name of the first Ravenhearst? I'd like to play the whole series, starting with the first?",4,0,1.0,2016-07-18 22:16:07,,
gp:AOqpTOGujZSfCQX5XiAHTrZsU3G8N6yMgwxAWKJzhzCWYCFa8nnN89Ps6P_XYI4K8GIe23OxwRT4dIk1WhNQSlE,Christine LeCain,https://play-lh.googleusercontent.com/-XFIu3pRbIRM/AAAAAAAAAAI/AAAAAAAAAAA/AMZuucnv83N6uv5k66Ak4N3RVpdsOmYW_Q/photo.jpg,Best Ravenhearst yet! Puzzles within puzzles and hidden objects within hidden objects.,5,0,1.0,2016-07-18 20:06:04,,
gp:AOqpTOG0IJgvnB5M49fwMYR89psWM_CVu3aOgodvd_pA15xg2qGIZl-swtBs_1X44EEqrf9YyHg8Rr_iZPY9uC4,Stacey Burger,https://play-lh.googleusercontent.com/-4UxuvYcnoh0/AAAAAAAAAAI/AAAAAAAAEJA/AMZuuclASiofcWLQtHCT-9uALeNfUxBM-Q/photo.jpg,Awesome game. Challenging. But I got stuck between the control tower/room and cart. I can't seem to go back down to the beach and it won't allow me to restart. I really wanted to finish the game:(,4,0,1.0,2016-07-17 12:03:41,,
gp:AOqpTOFkxkizGDXEOT8hmOP_f2sXDa9CNbRRsu0DY6Q1dyMESc72jRDm_4pgrLVveiYB8pP0ArJwqAD1qeOFdzA,Carol Main,https://play-lh.googleusercontent.com/a-/AOh14GhVEiHzIRLVw9aBG9w3yfP4N1GyezyFq9XH4PxHHQ,Key to raven Hearst freezing between floors I hit hint it says to go down but it won't go down,2,0,1.0,2016-07-16 15:07:50,,
gp:AOqpTOFOYk8sHi9Yjc0rKFYgT7RK8V2Er0u5pX3-YzCmuu33c2RiVJzlecTgZYPRPpNn2jSckmsvWCCUQwavKPM,Rachel Anderson,https://play-lh.googleusercontent.com/-Pc68MriMQbs/AAAAAAAAAAI/AAAAAAAAAAA/AMZuucmH1Ci2SIXtKPwMd2-3Vi183L7oLA/photo.jpg,I paid for this game...it freezes...won't open and won't respond when it finally does open. I would really like a refund...I buy almost all your games but this one has been super disappointing... I would still buy your games if you make this right,1,0,1.0,2016-07-15 13:27:17,,
gp:AOqpTOFjiaF5jtLI_rb7asbH-Xz4eVnLLt0yBj2h1XeDOkds6Rh4LOrftEU-c4YCDDr7SSMG6UEhF7LMFdD42Jc,Naomi Sugimoto,https://play-lh.googleusercontent.com/a-/AOh14GiqMEGOgVvZ3SqSYY1v-JktJtES4P8QfJKaR7Pf,Great game. Keep on going!!!,5,0,1.0,2016-07-08 18:45:52,,
gp:AOqpTOGmRokxsuaVUtCaMsbQ631zurjpbOU6xzuN7s9eNvX_RHE9Ari6FAAPohCZqdM7zKSFkjeImi-16PPmMoY,April Anderson,https://play-lh.googleusercontent.com/-kplkwUS6kTk/AAAAAAAAAAI/AAAAAAAAAAA/AMZuuclkcEihxJhspyA2KXi2wrMfsAJqrA/photo.jpg,I paid for the game and I cant see any of the instrustions or the hint buton all  I see is computer writing can you fix it if not can I get a refund please,1,1,1.0,2016-07-07 09:28:19,,
gp:AOqpTOHDjNwj_50iD1y_YpwKYhTvoHZfRO8YmoZ3_ST1MAevlmted4s5azrEdZMTvhxHJm80wc_jOAKaFsSF_Og,Crystal,https://play-lh.googleusercontent.com/a-/AOh14GixQIU10iY93Rl3e0lYl7x3SAKhqyn1RGOAQZYDIw,This is a very good game,5,0,1.0,2016-07-06 21:05:29,,
gp:AOqpTOHE2Ch1_iLGfgpifddiw12GRyCOmGCTTS1kuR9ifvQaGUOvDbqpcnEd84zD20zZkK-dO1i9II95xTDz3AU,kel moonbeam,https://play-lh.googleusercontent.com/a-/AOh14Gi2fCiTUr610Y8kCXNrSTJg7-0mNwQ82W5FbHqlsw,I thought the Raven Hearst series was over and then you revive it with this gem. I love this series. Hope you put out another one.,5,0,1.0,2016-07-05 20:41:28,,
gp:AOqpTOHOqZ9QOlcvp5HaIDa-zIFWiEtxuLGDcW43NZkHUO2nPYXSsSO-Mv4jEBsu5Mptt4QlmEPehi3BNCi-auc,Rosalind Hartmann,https://play-lh.googleusercontent.com/a-/AOh14GjqepkwG1EecUkvAutmvZr9GtouzLw4dcANjkhVYg,This was fun until it started freezing up at the loading screen. fix it.,1,0,1.0,2016-07-05 19:47:23,,
gp:AOqpTOEwPxvsqRHL5xF6A-zHs_Zl4qXBawnlXAX-LnYqTfiIbosMOxu-BHkyEpD2TlXbax5UTW7auprhqrnS1RA,jean whitehead,https://play-lh.googleusercontent.com/-Xtw998zf1tE/AAAAAAAAAAI/AAAAAAAAAAA/AMZuucnLtiwBq_3o1LxdLhLrwc4fydcR6g/photo.jpg,Keeps freezing . Please fix .,3,0,1.0,2016-07-05 18:04:12,,
gp:AOqpTOGrbuU21XG7Dwl3ZIx5Y0OQOB-iIiDWw5KoWnzbb007TaTS5HipIG8GmuAXTtH3Y_D2i7aWLaGVEyKKtGQ,Caroline Haretuku,https://play-lh.googleusercontent.com/a-/AOh14GgSoTugqlXf8FynJ9V5iuvwppgRaFCOk5nmlg0WBA,Was gud,4,0,1.0,2016-07-05 03:30:39,,
gp:AOqpTOERjfXpTv966jUiUmS0QKtBtsWfPdNE2kbyIDoh8sn-Sz9FBQEZNDqCW38Do1mMbWldnHtJVh2hfcI7KVQ,Beth Bonis,https://play-lh.googleusercontent.com/a-/AOh14GhAm3-aAqX5WnjoUnwTrAdVr9RjDkRpalzyoSfcKA,5 stars! I am still playing. It's a long game!,5,0,1.0,2016-07-04 21:00:32,,
gp:AOqpTOElYqZtzk_vZAfE56PrM5GpjEcWbQRr0MrJKBMEQRLdq9pza1aPKnMNefHJ8I8Au-2GrV5RhZVqDc4z1oM,Sian Harris,https://play-lh.googleusercontent.com/-ld9wL5FtV_g/AAAAAAAAAAI/AAAAAAAAAAA/AMZuucnySU3X8y3zVbw7icCBb9KNkPw1Lw/photo.jpg,"Genius rendition of a great series' sequel. A bit glitchy, alas, but you get there. Map, morphs, teleporter, collectible harbingers, challenging puzzles and a fast hint - you need it! And a guide. But the characters, the music, the suspense - terrific. Thanks again, Eipix, easily the best current game producers. However, after completing, I have had to reduce to 4 stars. It is just too hard to do the composite puzzles. I love these, but you cannot expand them, so they are too small to manipulate. Many of the tokens and functions wouldn't work on my tablet. 😦 I f you can make these puzzles expandable, Eipix, I will be very happy.",4,5,1.0,2016-07-04 13:30:07,,
gp:AOqpTOFQg3kRyAU-vH8gSdDlQSxxAx0VQ5JsMdv8kRPpL4VPxhP830Lq-b_SijwK6oRKhnkSQGhIECWv9e5Mkt8,rachel beckenhauer,https://play-lh.googleusercontent.com/-cRA021wRfO8/AAAAAAAAAAI/AAAAAAAAAAA/AMZuuclz25OnrAs-FqSgn72FNdSQrlTdtw/photo.jpg,Stuck in the cable car. Can't go back to the shipwreck to continue. Would rate higher if I wasn't stuck.,2,1,1.0,2016-07-04 00:18:09,,
gp:AOqpTOGdzRRQR4eNgIZoCh5k_gKxPpqHLZkljhgP_J6uc6O1zqq-nk7tH5971NBJaOkPZ-olU9kOxt9ems26PiA,catherine Taylor,https://play-lh.googleusercontent.com/a-/AOh14Gi8Q__nRpEXRhAjjGY4um2Z_UpRrVcACbUluSpxroA,Great game,4,0,,2016-07-03 13:16:28,,
gp:AOqpTOFEzDQm6aOlCx54OYg7SI7hezpf8Lxs8Jt6-ginGXMGTjFqfa9R8RJwTCUcdEptyRcF9xOIBipoyjsxXbY,Lisa Shaffer,https://play-lh.googleusercontent.com/a-/AOh14GgMACLOUGv81uageVssGMmJAIsmBf1ST5OoaTgT,"The controls were a little sticky, particularly when doing the souvenirs, but otherwise it was a great game. I love the Ravenhearst series of MCF and I can't wait for the next one!",5,0,1.0,2016-07-03 03:22:50,,
gp:AOqpTOEfV7cxnmT-NKSvPdaEG9evh83J3BVVrOckq7E8DQD4LD6_es4YhM1a5rSFE-as2hZEoxbgJPfAtVeLziY,Tori Lewis,https://play-lh.googleusercontent.com/-ceXAL2cIloM/AAAAAAAAAAI/AAAAAAAAAAA/AMZuucmb60fhr7zczrLr9YU76ySrvi7Oug/photo.jpg,Too confusing. Too many mini puzzles.,3,1,1.0,2016-07-01 23:44:13,,
gp:AOqpTOE1mH5gW1ut3POi9VGig7MLHiDo1Ys_T2lrOPhyeJ5yKtnLp1jFu0cHDAyXxnWbU1nJINbRzH8i8P3IN48,A Google user,https://play-lh.googleusercontent.com/EGemoI2NTXmTsBVtJqk8jxF9rh8ApRWfsIMQSt2uE4OcpQqbFu7f7NbTK05lx80nuSijCz7sc3a277R67g,"This game ups the wow factor of HOG  in general,  and MCF specifically. If you've enjoyed these types of games before you will love this one. If you've never played one then this is a fantastic one to start with. I gave it a 4 only because there are 3 specific puzzles that offer zero clues for how to solve.  They involve placing images in a special order. You basically just move things around in a random order until something clicks. Lots of great extras for a 2nd playthrough.",4,6,1.0,2016-07-01 15:42:48,,
gp:AOqpTOEWWC1mbrTTk9VHxXYnZnmsT4i8MaCIKnyez122E4SHCQzqqD4iOgpDqWkglV4IM6w92pN-iwN3duYmQew,Christy Tullier,https://play-lh.googleusercontent.com/a-/AOh14Gi0Q8tGqO1m43O9ERnvg0tYztUJm-TW39M6yF-oYA,I have for many years been a Big Fish customer. I have bought many games online for my PC as well as on my tablet and on my phone. This game is beautiful and wonderful however now it can not be played. I paid for the full version and now when i go to load it the game gets to 100% and wont do anything except get a dark screen. Im so so angry to actually spend money and get a unplayable game. I will update this info if the game or anything changes until then i ask others to beware of the game being unplayable,1,3,1.0,2016-06-30 19:48:00,,
gp:AOqpTOE6Duo7nCXXx1C_Opw25hK-HIgL7PInZQhCpjbRI5NOxsF70Ph0hyitNjffd9OGdxjdzt_BophK_VPZLvQ,Laura Stavely,https://play-lh.googleusercontent.com/-dCauWDqzFJg/AAAAAAAAAAI/AAAAAAAAAAA/AMZuuclzZdcizu_qyOwHiC2sTvKRYQ_Kvg/photo.jpg,"I LOVE this game, but I am almost to the end and it glitches and will not open.  It freezes after loading to 100%.  Please fix, I love the Ravenhearst series!        Update-it just now let me finish, and I played the bonus game too, well worth the price!  A lot of thought went into this game, thanks for making it!  Please continue the series :)",5,2,1.0,2016-06-30 19:21:42,,
gp:AOqpTOHqWMRKKyUaImmQlKfFQPUDu1WAfy7gKkCsYdnO-E9cd3FODLzkdUY3ODkefeM3OhLOxZpN4unMg-jK0vY,Gennifer Graham,https://play-lh.googleusercontent.com/-2-etOBuzINQ/AAAAAAAAAAI/AAAAAAAAAAA/AMZuuckHpyUjXEW5tLno67B3ZoL3VURbrg/photo.jpg,"During the last chapter, the game begins to run so slow it is impossible to play. Can't finish the last few minutes of the game due to a glitch. Not replayable",1,2,1.0,2016-06-29 19:43:30,,
gp:AOqpTOHEY1Kot8gJmCUcq0A1dO7TeQLFghWGtCNjF4eQh8Ls7-TT-lcJhFcWvhZZm6x06ZsDaFp0RGdRuC1ZRQc,Melissa Gury,https://play-lh.googleusercontent.com/a-/AOh14GiaCLu224dzfgahZ_QsOYy-_xj1DuHTAikbqkPk4g,"It's got all the things we love in an HOA game. The artwork is nifty (ya gotta love the snails), the story appropriately absurd. What I especially appreciate is that the screen tells you when there's a morph or collectible and the intricate puzzles (super puzzles) are a delight! This is nothing but Eipix fun at it's best. Enjoy, and thanks, Eipix.  Koki,  you're welcome! Glad I could help. 6/15/2016.",4,75,1.0,2016-06-29 05:47:33,,
gp:AOqpTOFvJ4vszACwOVSsW1mp68RqrQbZy9XmnZQvtsHVNkpZasYKU67fvIeytVdk6_xE__EUqn8UoF3ZlFQNuLc,Ira Young,https://play-lh.googleusercontent.com/a-/AOh14GhUp5HBNEIy8zXJLMdDLQBGRwiaO4HF-sf6xtiiKg,Only like the mystery case files series and this was well worth the wait.,4,1,1.0,2016-06-26 23:29:00,,
gp:AOqpTOEa7lgsAFu5RfMXmRFdE0xFM9DxlUSXX0eqB9uVXZHmk8hEqE1t5IzW-IXKsr_hKv4jPNEbbtbcn0obyaA,Leslie Gay,https://play-lh.googleusercontent.com/a-/AOh14Ggp_t2ywmEgjxjJy7s6Ci26s1SNu2KMqRZfqORYfw,"Love all the details,  very well made  , but... the volume control on your end dose not go loud enough,  everything else  is wonderful!  Keep up the hard work ...",5,1,1.0,2016-06-25 12:29:02,,
gp:AOqpTOE-7g6ZqYTEtfr5MsXItsf0HejC7wJMk-2Rp3NK-1GuW0s1iuGOleMZ_4n565yEgzJ70kYEyTlTpZ4D25U,Danni Ardis,https://play-lh.googleusercontent.com/-pEoT9Uf8ZY8/AAAAAAAAAAI/AAAAAAAAAAA/AMZuucm_xfQ69UdlfTQ2HgKTOXWqyVTB7g/photo.jpg,Easily the best game I've played,5,0,1.0,2016-06-25 06:41:30,,
gp:AOqpTOE30p34jbbme0CmpAb7cFh8prNpgJBWV9oC_c96UW6yW2Z8JhlbIQVeHG3FSQ-DvM_0SFGEpR_qgdhUQ_g,Georgie Catchpole,https://play-lh.googleusercontent.com/-6wtWm1lq6pw/AAAAAAAAAAI/AAAAAAAAAAA/AMZuucn1vtwo14u_Dr-feBoV05-7U7-npg/photo.jpg,"I can't believe how good and how long this game was. Graphics were amazing, storyline was nice and haunting. It was honestly a fantastic game. This is the first I have played in this series and now all I can think of is finding the previous ones and playing them.",5,0,,2016-06-25 04:01:37,,
gp:AOqpTOG0PYPNVmT4msYywRmg1ZLTg0kuBtETGdOZZ2dNVWESYgNbifEx6FrSbZiBMSa9-5cXDYdqgY_dGQgWKqI,Louise Moore,https://play-lh.googleusercontent.com/a-/AOh14GjVknr-6WtPtCzEkZtncW3oI-mNx6DF9hTHlc8NHA,This story goes on and on. Good graphics and puzzles.  I can almost do this one.  When will it end?,5,0,1.0,2016-06-24 16:00:50,,
gp:AOqpTOGFp8g4eATzTMAMIOF8D6oAK3ceX3kYhlnvSPkWzzozsj4mDQs2LbJJDoms2ehvP5zX1xelZq9b42JnKb8,Kathy Pitts,https://play-lh.googleusercontent.com/-FgRdFDSfnpc/AAAAAAAAAAI/AAAAAAAAAAA/AMZuucmwlXbnUwU-5a-5vYYP23K7NQ0Lvw/photo.jpg,Best of the series  wish the inmates were in the main game and not just the bonus  one,5,0,1.0,2016-06-23 17:02:00,,
gp:AOqpTOEkh90jEaEd287CVvMHZiEuYbXoqxi4EEY2ao3Pz_6cy1ZtyUinhhyjWUBk-CdlcIWv3V-c6RuTEI5VplM,abigurl2,https://play-lh.googleusercontent.com/a-/AOh14GhLdR0fCxDesSxcJyk8rt-7ZsmG48C5tvz3QD2Sww,"Really good game - my only issue,  it lags going from scene to scene.",4,0,1.0,2016-06-23 16:56:20,,
gp:AOqpTOE9IPBczaV2aNtVhYc9fPxDcjevvtCWlqNoD_JYjkqZMTTTTF_gDoB-Od3ZkdZPB0pjdWfpzx_ek2Z24_Y,Colin Bewley,https://play-lh.googleusercontent.com/-z4opgZFQP6U/AAAAAAAAAAI/AAAAAAAAAAA/AMZuucn2sHfodLCh5AhA8EGfK4oJHhWAWQ/photo.jpg,But... controls got more sluggish and lost sensitivity as the game went on. So much so that I couldn't play several puzzles (my favorite parts). Very long wait between scenes. Up to 1-2 min. At the end it barely deserved 4 stars. Too bad because everything else about this game was terrific. Plenty of memory on board by the way. Using Samsung galaxy tab A with 5.0.2 lollipop.,4,0,1.0,2016-06-22 22:23:38,,
gp:AOqpTOEeVWs6gXJvgiC9EfAp_V1RDleD9Znchtg4Hb28A-phIqG-OgIBIWFZ_M_Csx1nVKGW9uvqbYsCOno9lCU,A Bennion,https://play-lh.googleusercontent.com/a-/AOh14GjK8LYkQVX0p-7XO0GAPH-MpVFc5P2qHBWx64ZhGA,"Buggy, freezing in the final chapter, can't finish the game. Uninstalled, reinstalled, followed all the other suggestions and it won't let me move forward.  Will rate it higher if they fix it.",2,1,1.0,2016-06-22 19:27:44,,
gp:AOqpTOHN55ju2gsiGuxmxm9vWQTyuEbKYcS9hLcDTHEAJo2yY4WFIhYTeRTnhnnmejE39nmt-1PgguVw4aUO2C4,Gerda Parker,https://play-lh.googleusercontent.com/-x8014FPKmUw/AAAAAAAAAAI/AAAAAAAAAAA/AMZuucnD2ZtojkaadKlTBn-z92Wm5QypXg/photo.jpg,Great game but personally i liked the other Ravenhearst games better,5,0,1.0,2016-06-22 00:44:19,,
gp:AOqpTOG7-Z0DIyA7xSvB6Gjxp7FacO0e8EThmCR0Qd6dy06aesA525n5OuNPih_-RQZaDa0nel68275FhNSuiLs,A Google user,https://play-lh.googleusercontent.com/EGemoI2NTXmTsBVtJqk8jxF9rh8ApRWfsIMQSt2uE4OcpQqbFu7f7NbTK05lx80nuSijCz7sc3a277R67g,Good story and graphics. Would have given it 5 stars if it didn't lag as much.,4,0,1.0,2016-06-22 00:37:09,,
gp:AOqpTOHwCZB18u-0occfuFQAtkX0HGDl5-t7-EI5y2650SdCAd4h7LGQp8lW8qVL8RpsAqGHi8zz2cRR3_5Dbtw,Casper Wilcox,https://play-lh.googleusercontent.com/a-/AOh14GgB7KJkBBI9DujSBsSkDmXnM-5rdiKbJ3rteX8HXQ,"I've been following this series since the original game, when it was 80% HOG and jigsaw puzzle... as of this game, I'd say it's more 80% minigame puzzles, and they were top notch this game! Has been an interesting evolution. Story-wise, unsure about series continuity but flows well and has great twists! This family, whoa! Rated 4 for some lag during cutscenes and switching locations, as well as one hugely annoying puzzle where an object was placed where i access my phone's menu bar.",4,0,,2016-06-21 23:39:17,,
gp:AOqpTOHA8Gve8ckH1vH-y0SgoyjvMBA6BzJ8TmXt3NYlMgo3E9zcqpeW2t_BNh8O4eAN6TUHYfSK0D4pvhGc2kA,Roberta Caraglia,https://play-lh.googleusercontent.com/a-/AOh14Gh_Cjcu-bqG-5tIgiGhVqowr8QnBpS21oz5lXSzUg,"I can't say enough about Key to Ravenhurst. The story, graphics and gameplay are all top notch. No glitches or wonky bits. Parts of the story hearken back to other MCF titles for a nice bit of continuity. If you like games like this, then don't miss out on this one!",5,2,1.0,2016-06-21 19:44:50,,
gp:AOqpTOGV0ahomZnu4i9tP0a6tTfzkeMSPFuM-ccSBtlQ2OOpNCKZNtDqMxar_aYBU0_d7EfFT944IvA3iHjgR24,lex 8396,https://play-lh.googleusercontent.com/-I8MTtNrBUv0/AAAAAAAAAAI/AAAAAAAAAAA/AMZuuclUeuzuhKk88-7Df4wDsdmKo6ePRw/photo.jpg,"Good. Lots of collectibles, bonus game and extras.",4,1,1.0,2016-06-21 19:03:58,,
gp:AOqpTOH9uyxG35JOnex3vBSbezGPzpthx0nIldfyWQ0swbKUyyfRqgUIcL3pSjLTuHHOBKd77Rskn4fiIS3nYp0,Jamond Billyard,https://play-lh.googleusercontent.com/-zrN4DK8Vjyc/AAAAAAAAAAI/AAAAAAAAAAA/AMZuucmiITawRwShXoWs3DNaUMKCkLI5gA/photo.jpg,"It seemed a little laggy.  It took a long time to load the game.   Otherwise, I Very much enjoyed the game",4,1,1.0,2016-06-21 18:39:56,,
gp:AOqpTOGOXCAW-paAqlpQF1NJIjgjqrynBFDTRkFe5bPgzDVLuxQMpGEaIp5NirPrpZkjMb4qQXSf1JIHcWZ39sU,Nikki Dodd,https://play-lh.googleusercontent.com/-JlBUK1xBkBI/AAAAAAAAAAI/AAAAAAAAAAA/AMZuucnHmfOYGsOcPVg-cMDTkBlDaZP0lw/photo.jpg,Good game good map. Worth $2.99,5,0,1.0,2016-06-21 18:37:37,,
gp:AOqpTOENsG-Y4i4_q5yOdXXnAyay-VI-O6Wdzov6pF8wPWdAuIf9an1brGXiJ1NEdpi-jwLa_aiNwOkR6x3N7Zw,Koki Niehaus,https://play-lh.googleusercontent.com/a-/AOh14GijdcyMcHHC92xK8lv7EWLGr75dXVk7q9VMCyWv,GLITCHES GALORE.... SCREENS GO BLACK ON START UP AND ON SWITCH/CUTSCENE...etc... FREEZES UP ON STARTUP SOMETIMES AFTER IT REACHES 100%...    I just wanted to thank Melissa Gury AGAIN for me seeing there's a new game released.  I watch Big Fish and Google Playstore but still no sign of new game BUT I can check out Melissa's page and know that she's got it and all I've gotta do is click download...  Thanks darlin...I'm ALWAYS on pins and needles each week waiting for new game and praying there's 2 !!!! ;),3,5,1.0,2016-06-21 15:02:49,,
gp:AOqpTOEEVRBvoOqz8V288AZShCzjF6R7PoNoHaTq-kyLa-jKeV_MbWyrb9HH9KHSXzbn2mC6OSavjjJGEmUnhcg,Jeanette Quayle,https://play-lh.googleusercontent.com/a-/AOh14GiLN1mtsDeksF-sf8laiQkBP42s962m4vnzdaSVLw,Didnt bloody respond at the very end 😠,2,0,,2016-06-21 13:19:31,,
gp:AOqpTOFPXgl6RftBM-wKDVThQ7LRPRuHbPir1xgp3Rfh3ug0zmqm7Pfx3SCznoWyfBSfjfDIMh_BLF8zyP_sCn0,nita spears,https://play-lh.googleusercontent.com/-IHb_Dgf-YQk/AAAAAAAAAAI/AAAAAAAAAAA/AMZuuckMpdfcc2Aw3uFdaUkIpUBTsdt4BQ/photo.jpg,I paid for game and it would not down load. So I didnt get to play it. Can I get my money back?,2,0,,2016-06-21 09:21:11,,
gp:AOqpTOGDhuyeOmxR50yzbHo1SabxYlhe1po2NIUMtuX6SeQoZ-9RD1HUqO4e0ZPTheGnIlBElydT5fCsK1qjha4,Brenda Wheatley,https://play-lh.googleusercontent.com/-ygV1jp-F_Po/AAAAAAAAAAI/AAAAAAAAAAA/AMZuucnPKPsJv1refGgo3dEYXml2x4C13w/photo.jpg,The story made no sense at all. It took ages to open and the puzzles were too complicated and very unresponsive when tapping. Don't think I will bother playing this one again.,3,0,1.0,2016-06-21 02:11:58,,
gp:AOqpTOGGhBhH12saDEcmtJbu9dYpybsnF4yQ69FDfJr9xZLyizC8tfPe8vBv5Ko55v1KuG8_Vc-1fJhKnC7Wtl8,Annette Elphick,https://play-lh.googleusercontent.com/a-/AOh14Gjk-W2kSIRrCErzMdSHqn32Jo-C8EKdg8tFfFFc,Puzzle games within good story line. Just a few bugs when it crashes out but restarts without loss of progress,4,4,1.0,2016-06-20 23:19:05,,
gp:AOqpTOEzMX3jUPU2P-OJ4eBIosIFAIMOmG9tj5U6ZvrdSxeIppkosBQCuLb8WJ--Y_eigaxoU6lscQgJBC1liKM,Susan Matthews,https://play-lh.googleusercontent.com/a-/AOh14GhStdS6acb-nxaOhhNMknh-av0dFaaYw3ISXeYu,"Another great MCF chapter. No issues, except that sometimes having to multiple tap an item to get it to accept. Look forward to the next.",4,0,1.0,2016-06-20 20:31:53,,
gp:AOqpTOFC1FkirMYWjYnM4G55I0w9v1yFZ5Dc7cDVag1RdfuHSaE9BRkJXHSv3epMxIWM9UywoECXSLBlFp1bcz8,Emily Campbell,https://play-lh.googleusercontent.com/-ayOfH67LBBc/AAAAAAAAAAI/AAAAAAAAAAA/AMZuucmPKdOqPfCtOZ7pgJEOhwYxTTIVCQ/photo.jpg,Keeps kicking me out of the game every 5 mins or so. Cannot complete a mini game as it is not allowing me to finish. Please fix or refund....!,1,0,1.0,2016-06-20 03:57:07,,
gp:AOqpTOFLZokZOCG0RcXICVVDPbvK8dyfVmV1XcZ24i07cev1hWePRTx2Xl_Y_DC6y3lJEqFudaHLuC2cIWllbe8,Danielle A,https://play-lh.googleusercontent.com/a-/AOh14GhSzn2dXs7Fq-zkgh-rJr4NXguM-vZ2qZBrkyqqvA,Game keeps freezing & very glitchy . Wouldn't allow me to type in profile name. Stuck between cave room and cable car. Lost all progress because I had to reinstall.,4,1,1.0,2016-06-20 01:32:03,,
gp:AOqpTOEyn7WkCjZ_Cc-ciANFwJh1u9YPVSpcnMyTmWAuuzURzP5s5mwvl6TXdk-utDXztDhkeobGYX7OfnFpCEE,Kathleen Logan,https://play-lh.googleusercontent.com/a-/AOh14Ggq8gXre6m4wZHlrfg12awY1dFbtSoLm3YTCml6qMI,Addictive.,5,1,1.0,2016-06-19 20:22:39,,
gp:AOqpTOHghjk9IgtwpQPN56tMVUwtKEE0Cp8QeOpfkez67gyqGlnGblxlT6uM-RAaFCnSD4Nf2Mv6245B61eogPE,Raechel Bishop,https://play-lh.googleusercontent.com/-8edSNInVLr8/AAAAAAAAAAI/AAAAAAAAAAA/AMZuucmmX20Ws3w0CeH6ZRZwdWgjLXhRJg/photo.jpg,"I was really enjoying this, paid for full version, then it won't load. Very disappointed.  Would like a refund please.",2,1,1.0,2016-06-19 07:48:01,,
gp:AOqpTOFrL-X_3v9QvmkfyCHE5cK9O3qLIaXOmxS-C6XbR0-CS1yxvwfP66lzoifevrisJCHenunqFpCrPyWzIX0,cynthia plance,https://play-lh.googleusercontent.com/a-/AOh14GiOr0ODxo3ik14EbbVtwz2r2bPRQoU2mQYnGYfQ,I love that they brought  this one back my only problem  with the game is when you go on the guide it shows collection items but doesn't list morphing items instead it list items that are not in the game. But as for the game itself  it wonderful,4,3,1.0,2016-06-19 07:35:17,,
gp:AOqpTOFMsi6GZWon6GZRso23ENSqJeK0Id-B_iEDU9y7J6iSVCeyPQIIuaSaLK0KMWhxUCokMjuqYNlZc8nKMUQ,David McGenniss,https://play-lh.googleusercontent.com/-H9m-ktBMwkM/AAAAAAAAAAI/AAAAAAAAAAA/AMZuucl9iYv56i1gNYt2ZL32FN0nBOrSLA/photo.jpg,Tiny writing on a mobile. No facility to zoom writing is annoying!,4,0,,2016-06-19 02:11:52,,
gp:AOqpTOGF5JrKRvk8Wsf-O7YxTy1jQWi33o15n4lYmU8CivbcKh0rMr_XPjY33Hwi8G5mJPtOojlzSfUbveH5BBg,Laura Cantwell,https://play-lh.googleusercontent.com/-b3ZKs5K7xgE/AAAAAAAAAAI/AAAAAAAAAAA/AMZuucnBsU41aIJ55PBxuOdwKqgbd3Z6fg/photo.jpg,Great mistery and good story line,5,1,1.0,2016-06-18 23:44:55,,
gp:AOqpTOEUxX-cQK0-kKPdosi6jCq-UAEMzj3n2F4zsIfBwXQXvQhvItqaQ_zrZ08BiB-Y8XXlz9N9JqpuMk9t9RE,Nanette Siebach,https://play-lh.googleusercontent.com/-E5H6-pOiM_g/AAAAAAAAAAI/AAAAAAAAAAA/AMZuucnizIm-aS3k64l-TPRFuq0jsZlPpQ/photo.jpg,Had to restart game because of glitch seems like the are quite a few I expect better from eipex as they are the best developer of these games just slow down and make sure they work,3,12,1.0,2016-06-18 18:56:20,,
gp:AOqpTOEr7h71XUr968uruZ9rcUCxoT0xtoiUmNoGzZEs6R1p7sg9rdop_e3aEQC8ocoReRMa6Ao4TNsO__Dmhf0,Lyn Gray,https://play-lh.googleusercontent.com/-dzAcTH8qdL8/AAAAAAAAAAI/AAAAAAAAAAA/AMZuucmuapHR4dvnSVd3NIPQLgGVGBpJ5Q/photo.jpg,Kept freezin ever couple of mins really bad,1,0,,2016-06-18 16:16:11,,
gp:AOqpTOEcbDOO6k6dRfPHInsDZVIvwyUiWTsmOe56X3q6jek7-PzQH24sVuDS8MSdp-4tjgmpKuafAqvs2E-sy50,Isabelle 239,https://play-lh.googleusercontent.com/a-/AOh14GjKKp6ZjkruAXDgJ4MTOuammn5FFgy9eRXqFEWseA,"Great game if you like challenging puzzles,  the super puzzles are wonderfully done and so much fun to solve.",5,1,1.0,2016-06-18 13:03:31,,
gp:AOqpTOGnxarHP7vQ927o5QxLoJtfz--dMs8SzyDFqHjycbDzBBgbIT84KvnBmeyHhjYBlFS4RJdaL_vCPiDXWOM,Paige Ellouise Procter,https://play-lh.googleusercontent.com/a-/AOh14GhVEpb0hvNwZcGueBx8pDZJ_W7bpyIjUmNj7hDo-A,Worth waiting for definitely purchase this want more of these games more more more please,5,2,1.0,2016-06-18 05:54:08,,
gp:AOqpTOHww0Z-B4rIDSp1_N2Vcc7VG71nEwFB25hrWzmnfxpQ9uvbX8H8nLu-3jKNeMDhs_NUzoE0cPSHIJpVtYM,superawesome minecrafthayden,https://play-lh.googleusercontent.com/a-/AOh14GgeM6UbTa63mHA3ah45BTRjwxMMIDLBchv7nRylLg,Wouldn't let me collect the souvenirs:(,4,2,1.0,2016-06-18 04:19:45,,
gp:AOqpTOEEDI7zOnOpS7i2fZhgdfZG1QHyd5gGkNEMajhBLznCgArt-y9o2OlQxK25HdasxTxNywr8ILXBE3XVcUc,Sarah Haskins,https://play-lh.googleusercontent.com/-gjPZbbkheoc/AAAAAAAAAAI/AAAAAAAAAAA/AMZuuclvnevHuU6RyNY_pChJanKmcivqpA/photo.jpg,Question: Has EIPIX always authored the MF games. I've played them for years & don't remember if they wrote the early ones. Will edit this later,5,5,1.0,2016-06-18 01:46:07,,
gp:AOqpTOHH0UbY0cF43Gx_AETI3_Mrw0UjbRzVEPLFbrTpykXDaCf5-DoZEpFL_E215MztkeqVzF-egPjm1YfOk-0,Amy Brown,https://play-lh.googleusercontent.com/-q816zoYi7r0/AAAAAAAAAAI/AAAAAAAAAAA/AMZuuclORGnu-1BV6Wmrw5gLN6H9ZHJbAw/photo.jpg,Has stopped 4 different times since I've been playing and it even shut down once. Please fix or refund. Thank you!,2,2,1.0,2016-06-17 23:55:16,,
gp:AOqpTOEWv8OLve2BvRBfA0_qSsomNLWEUv2rtSneIGPGS-FVibi-wCOXnKmzy4NUIcDT6MfJ40s4xeZSoXLYiJQ,TracieBx,https://play-lh.googleusercontent.com/a-/AOh14GiLY4aB2eUwHS7lXGYqbjPx1wvA5nGtTo7RjXiAhQ,I get around 10mins play then it hangs my tablet forcing me to hard reboot. Requesting a refund as its unplayable,1,0,,2016-06-17 21:13:16,,
gp:AOqpTOEG8H-gZp326XDmIKMIr6-Hey7MhJG4tgD86ooMBnM0xyqs1wBtbyj_SsFHcyJEwM3WdQ6f1D_8HepMNuc,Allison Woods,https://play-lh.googleusercontent.com/a-/AOh14GgBx5-Dftlwy4BNMpz_JQI1nOMGcUwrYb3S0aT7Jg,Great Game,5,1,1.0,2016-06-17 20:49:49,,
gp:AOqpTOHSKDGnAYwrvRwPORfz6o8BiI7sGWtPeBhi0zfNg1T0FRJBdVu1D1U43x-u7d-BqalDua-sy6dioCFcGPY,Takai Venable,https://play-lh.googleusercontent.com/-0aTv6QoRuLo/AAAAAAAAAAI/AAAAAAAAAAA/AMZuucmyAnMWfyHIq0XTEwkf1cqFUPLwoA/photo.jpg,Oh sorry there may be children reading these. I'm loving it. I need to go smoke my e-cig after this one😉,5,10,1.0,2016-06-17 13:58:24,,
gp:AOqpTOF8EQi59TgtBNKseE6o9knLo2s8MC61yna20TOHoOBjQhCb5_IAeDM-nA8hzwVXHb3Shs3rcRNyBHkHwGI,Michael Ward,https://play-lh.googleusercontent.com/-_YHYO1vIxkk/AAAAAAAAAAI/AAAAAAAAAAA/AMZuucnvKMO9a7DO-fvHFZHl6cAkYAzPaA/photo.jpg,Pretty good,4,0,1.0,2016-06-17 11:34:52,,
gp:AOqpTOHoqFc0Rr2baVxuX-SMw6TByY6qwAuj7FOi20LDSeW3Tz2OIkhBAni2Vp_6lobtjVM-_oBFdv0-jXfB0TY,Sharon Longfellow,https://play-lh.googleusercontent.com/-hMDI_n9-d3I/AAAAAAAAAAI/AAAAAAAAAAA/AMZuucnYEB6CA1G01RljUSin8eU_12OsNA/photo.jpg,Fantastic game with no problems  see for your selves and a good price too😀,5,3,1.0,2016-06-17 11:06:40,,
gp:AOqpTOHXIteMBlkAPdfqnspKeIR1tp7LVJb44haVOoy7l5yPjix7fgbdxBXLrtkiKKbIiNKNWj6Wb6SVw-U2Zpk,susan rodgers,https://play-lh.googleusercontent.com/a-/AOh14Gj2S04YhjQO-nE5ddXnMIX54DwnrCChfnwkQWIlAA,Big Fish at its best,5,1,1.0,2016-06-17 09:20:47,,
gp:AOqpTOHkOdpJ8T-hT8NjExx3EGl8ljzZA_wmq3L2-VFL55q9rZmZfsXvupdQYxPCNCkBTjTsd4DCRkz0Pm7Vw6M,Pam Triplett,https://play-lh.googleusercontent.com/-6Cty_lT40g0/AAAAAAAAAAI/AAAAAAAAAAA/AMZuucnnXJGnMagjfzM2ld4LTXySvyQdTA/photo.jpg,Great game,5,1,1.0,2016-06-16 13:48:38,,
gp:AOqpTOEhZA-rPG8bdXuRWteZ9nqqrFjLugnY2tPkUwZ6H1Y0aJ7gqZ9oVrhfhh4M77duXhRxhP2b9VymrMY_FSc,Erika Carruth,https://play-lh.googleusercontent.com/-mdz3e7yBBjA/AAAAAAAAAAI/AAAAAAAAAAA/AMZuucn_iE2PsEqx9gVzjpUPQESYyXyigw/photo.jpg,Loving this game. Great work can't wait to see what's next!,5,3,1.0,2016-06-16 10:06:58,,
gp:AOqpTOER5Gh1LOWINeTsvlxi0bwZDqyzqQs4Kw9vXdgcyCuq0jo4t-zSy1uOP_FPSvyGsNvO1AH8FrO2QZS1-Dw,Anna Yahner,https://play-lh.googleusercontent.com/a-/AOh14GhmtM-4ue_TNPTERW0zCneW72k1Mv3abVvKWoDWSBU,I can find the ravens in each scene but the souvenirs are unable to be found. Can you please fix this immediately so that I can get the most out of the game? Thank you!,3,2,,2016-06-15 20:50:15,,
gp:AOqpTOEveDheUtUXLDQeKar_Dz1V5HiiIxVdDOuvpXEmQJuL67xr8gTz7Oe9ThwrW8TigMNaqgenaz4Pb1sndTU,Elle L,https://play-lh.googleusercontent.com/a-/AOh14Gg5j5_3DJTd_Z6kPZvYK1k6NxJM9izRmfdUMREhVQ,Another MCF game!,5,3,1.0,2016-06-15 15:15:34,,
gp:AOqpTOGNLd9vdvO4o1phJMB577cIfo78huG7oCDlHiiDR76IHXZJ4X6VKbZNWE7faayC4LvI6WS8FB6CjPRVztE,Dian W,https://play-lh.googleusercontent.com/a-/AOh14GhX8Mc75Db5uxZgOQLyKLPWUjZ8F7p7JI6N-m39lA,"All I can say to describe this game is, WOW!  Eipex really got this right and more!  It's creepy, haunting and scary!  It's Ravenhearst, the next generation!  Everything was perfect to even the "" making of "" explaining how everything was put together. I would totally recommend this game. Make sure you start with nerves of steel!  Excellent Eipix!",5,1,,2016-06-15 12:31:34,,
gp:AOqpTOGiEHZUrBf_TS7kviNy7CfY-NzyffvCul24mt6U9vlLNVuR05hGXqmcLGqVid2I2rp8FVQOzc6dxEMprpk,Amanda P,https://play-lh.googleusercontent.com/a-/AOh14GiPYD3ZuwGZlLLdosltQ-DZebRUreu5GuYNYghM,Love it!,5,1,1.0,2016-06-15 11:45:21,,
