reviewId,userName,userImage,content,score,thumbsUpCount,reviewCreatedVersion,at,replyContent,repliedAt
gp:AOqpTOG6ABGb7jVWUFbIfAUW_nM-HS3HGi8noU8OlC1fFcu0Bej2G8-Ym5rRFG7EJRJsB0QB1jhWOhacHQQ9bg,Thomas McDermid,https://play-lh.googleusercontent.com/-3kzghoJFYyM/AAAAAAAAAAI/AAAAAAAAAAA/AMZuuclekNRoGMxvLSa1oJG2r2LtU0gJlg/photo.jpg,The controls are a little clunky but overall it's fun on a bun.,4,0,1.2.0,2021-02-07 22:33:15,,
gp:AOqpTOFkreWdxCGi-onq6k1Dk6ldXKOnl4N_s4ZDqVYRbglVrchXGe7FCYpMJJFXLOoleQcVyWjdBqImLqY-_A,Jack Oh,https://play-lh.googleusercontent.com/-Am504dcATVA/AAAAAAAAAAI/AAAAAAAAAAA/AMZuucmerZ2g5f270JScY227mihqsljfTw/photo.jpg,Just love it! I wish to play Duke Nukem 3D!!!!,5,0,,2021-02-07 01:30:11,,
gp:AOqpTOH9B9ygYKD4xlIs5YVhlNcK6d7aBRfGblm-hkdfDkALtVl1oLVqXGgtZJHG9qXKslw9L-jMJ64opbE3nw,Randy Butternubs,https://play-lh.googleusercontent.com/a-/AOh14GiDWX77Sxvojhh1IHCtk0OS4KvX4OKhp9T3sCn9,Will Blood ever get a port to android?,5,0,,2021-01-17 07:50:30,,
gp:AOqpTOHBZEjNW6F5VNoknU02XqJ3eENfVJ9U41U_2qcsDOuerqoO0fT9t_TYNmTSoAljn4S1j_sk0BUothJyKw,Alfonso Castro,https://play-lh.googleusercontent.com/-VJ2knFLHiPk/AAAAAAAAAAI/AAAAAAAAAAA/AMZuucl5k3A69NbkkpiQcM3yJ1ZmsCM4QQ/photo.jpg,Awesome,5,0,1.2.0,2021-01-16 21:48:02,,
gp:AOqpTOET3uixnOpRQXh3ENdzHwRXQpcgKAsTZTfc2_CtXbUob0SjxvBU4UDHr6YZxT1vvd38x-9ezA8LGW5w_g,Barrett Daniels,https://play-lh.googleusercontent.com/-2toPdloyY4Q/AAAAAAAAAAI/AAAAAAAAAAA/AMZuuclzIoJstKrweks8ecjkLVJDud8mXg/photo.jpg,amazing game controlls are tricky but i got used to them,4,0,1.2.0,2020-12-16 17:33:34,,
gp:AOqpTOF9nAat_P1ca7wBhFDz8CCoAzokr76isrAr7c4TsqyBs7awZosqrbUQYzRn-DvkAuvYqFvDXe4u1mKd2w,Christian Severance,https://play-lh.googleusercontent.com/a-/AOh14Gi7UQahX8q4qkdi3nKAhuPmKTIMshGasjvqJ4HcKQ,"This is an edit to my previous review because I couldn't find out how to edit/delete reviews. Anyway, I found out it is the Twin Dragon expansion pack that is crashing. Anyway, still bullcrap and please fix it.",3,3,1.2.0,2020-11-15 15:14:51,,
gp:AOqpTOHYl6fhAvVg4P1IbMbmMlzBBNaxoD6jcSq_J-K6n3JaeBF2WLFzDKt-lN0roVL8KhX0i3221DXYsLXEYA,Oni Calalo,https://play-lh.googleusercontent.com/a-/AOh14GhJDzSOH9LdYQaqptIBV8uG3iDewWBvqzbwlZ3E,"The only thing missing, how am I going to type ""SWGREED"" on this game? It's unfair if you can't type here.",3,1,1.2.0,2020-11-10 04:26:40,,
gp:AOqpTOEMizHTSK88Nk_8nEr1woWsZCB96VbFb115P8JUbHL7yrwIoezemO14S69rNA_9WRFy8pUU1RlOemvu5Q,Mark mckenzie,https://play-lh.googleusercontent.com/-dCJ2ByGCPGU/AAAAAAAAAAI/AAAAAAAAAAA/AMZuucnwAvCiP5YpNkW1jJqwJ-3cBe5biA/photo.jpg,Controls are really not very good. I've played lots of fps games on my phone but this is the only one with these weird unresponsive at one moment then too responsive the next. Also can you save and pause in this game?,2,7,1.2.0,2020-11-09 14:22:09,,
gp:AOqpTOGYr622tJkdMDxGttcaPnsm-hu8sJoSFp5RL_BtVfIKqJy0_eKmASA2dWczZ6k4pz0O1k56ONRz9nlc8A,Peter Leigh,https://play-lh.googleusercontent.com/a-/AOh14Gj7U990EXbhRagqUGqybPnxmNLyzTiFUwzUIpRU8j8,No touch response from a mobile app?,1,1,1.2.0,2020-10-28 14:06:03,,
gp:AOqpTOFsc8iL-bbhUwsDU21Ia7Dkb40_OJOavHUjLdNRMSSKzApXbK8yNuatBKUDAmJqHxwSAX66MfAPE-hQng,Dick Son,https://play-lh.googleusercontent.com/-VpjKfoFo5zg/AAAAAAAAAAI/AAAAAAAAAAA/AMZuucmYngNrt8NQcOGXmxS9Ise6yc21lA/photo.jpg,Best game ..is there any cheats for this game????,5,0,1.2.0,2020-10-16 11:28:21,,
gp:AOqpTOGwINowqj0jaiMVwOb9BB4FHycXpdRtRG5dp5anN82VKPgeJhZ8jEEx791sH_LyXdEcRkwbvtSKdRmeEA,Jose Lopez,https://play-lh.googleusercontent.com/-Ze94PkunjzQ/AAAAAAAAAAI/AAAAAAAAAAA/AMZuucmPUXoLgjjJFFoy7jFXshezVeATWA/photo.jpg,I love shadow warrior's play it now i dare you,5,0,,2020-10-15 12:10:17,,
gp:AOqpTOFP12q_OpkiH3lqpRZd2saLKoGnmfqntZhM-PW6zs6HdA8K5MsmmkY1alhZm7_aF03vEbTqhbxhir9S1w,Gun Smith mike,https://play-lh.googleusercontent.com/a-/AOh14Gge8VlFbwoDQab6mPf6DlLQzI7yY0Dn9Duy_IYxBw,Great,5,0,1.2.0,2020-10-13 05:05:48,,
gp:AOqpTOFaGicgZ_sWUAUwHqySZfWmgpgT8OBv7vjD1Zv3rN4GZXRZTni0ZFu6ZLnvpNtHTPUahC_gvMFNDfynPQ,Travis Dalli,https://play-lh.googleusercontent.com/a-/AOh14GiDd0ZrDXVTuRdHPJHnZcJ0eynic2IMQS207Quj,Can you port nukem 3d?,5,0,1.2.0,2020-09-22 01:46:21,,
gp:AOqpTOFbh6RjVlDwhGZ2DM9-QJz0xY7Cue4OOaD5CnOgmlqs3CrcLaeyY83Fimp35Q3E_3kZK-CqJT69rLg2cQ,just a WEIRD KID,https://play-lh.googleusercontent.com/--G3cAILG-mA/AAAAAAAAAAI/AAAAAAAAAAA/AMZuucl032NLAVB2fVoP5DAKF6_Oz95o-w/photo.jpg,I stoped playing it because it overwhelmed me I am very sensitive to being overwhelmed but this overwhelmed the hell out of me so many secrets guns fun stuff and more and if you like being overwhelmed this is for you,5,1,1.2.0,2020-09-17 09:01:11,,
gp:AOqpTOH0yl8iAA0GXlRYlKeKB7qVHNKwcXUF4oWeHtLusWzMIkgyXuLkdpQIxsfuxZrc1ST5s63X9YhjvMnDQA,Hassan Fuad,https://play-lh.googleusercontent.com/a-/AOh14Ggy4p-lrhws_DlNjHDXSTfE2Q2Bff8ggnCQCXKX2w,Controls are terrible,2,1,,2020-09-14 05:21:17,,
gp:AOqpTOEled7waMv3ZopOr4TWrVv1PaFihV1WkW6vHtTzrftheQbXoVWBfY1Li89U3gafcq5tEe02cXc-8vmzqQ,Fuk666333 Yu666,https://play-lh.googleusercontent.com/-OTCnVrEwxH4/AAAAAAAAAAI/AAAAAAAAAAA/AMZuucm8ZNMcRMerv2-00L_AMEsOrSSZjw/photo.jpg,Best old school,5,0,1.2.0,2020-08-29 07:49:57,,
gp:AOqpTOGgyclS9OLRsJhFpD0ZkV7F8kBKWOAEc7bDAcqgVWQ-btY1KOA92NTeHK_lRBDs3vHYCZPSWtkERCMrKA,Michael Thurston,https://play-lh.googleusercontent.com/a-/AOh14GhPt4RbWI_dOVIzNzy9d9i0Ql6LBCiJOyFqMrTH_w,"No mouse support, controller support sensitivity is limited to the right joystick and movement speed is absurd causing you to run through targets when trying to use a melee attack. The main complaint I have is no mouse support. Come on man it's 2020 and portable keyboards and mice are small enough to fit in your pocket so add some support for them.",1,9,1.2.0,2020-08-06 07:27:58,,
gp:AOqpTOHz1MVfRFI3mkMhcbjBlC4hi5jIrM-k5wBZukjU3LUGgNnCDPRsqLl_zFtn65smdP4auThLzNKpy5vjHA,J K,https://play-lh.googleusercontent.com/a-/AOh14GjTmQ0IBwgNmKJsoQ3p2f56m0e_HPiCLK4upfRR,Great port of a classic Build Engine First Person Shooter! Thanks Devolver Digital!!!!,5,0,1.2.0,2020-07-21 17:03:39,,
gp:AOqpTOGYjyWP5ucGbKINIXrPUt7DXJjUs7C9w7CkoVIw7MQJ1bwAaAHdR3BiujJv5dwpr7QaN7VKSzOkKsLfiA,Skeletor TooFor9Eight,https://play-lh.googleusercontent.com/a-/AOh14GjH86zWe8Vnmf5MBtjJZ1zwSoR2ghjdyyT9IzDqhw,2 stars because the controls weren't so good. In other words: play it on PC,2,1,1.2.0,2020-07-13 09:09:33,,
gp:AOqpTOHimMOR5BCHFrxO-drQwG_scAzxoFp7eZxOLx7BeU3btvZtN_XYGODn9DLNsJcoQZOGfRGWmwvuLnTV1A,Mohamed Abd Ul Hameed,https://play-lh.googleusercontent.com/a-/AOh14GiU-444xg4L1u7c_uwzRGm6yoGKRbddLspeIKXfHA,"ive always loved classic fps games and shadow warrior is no exeption , but i gave the game 3 stars because of the controls , if feels way too sensitive and even when i try to lower the sensitivity it feels too slow , i dont know but there is some thing wrong with how the game controles , but non the less the game is great with lots of content , it is just ton of fun .",3,10,1.2.0,2020-07-02 02:52:19,,
gp:AOqpTOFk2XYaL7n2N2rcf4MkzKGRKoFw0OPdfo4Bxr8ZSVm-uxXO7iOLpPG9GZK6d5mWs1TbFCIA_ihiOGP5dQ,Patrick von Goble,https://play-lh.googleusercontent.com/a-/AOh14Gg6PPpu-mENPFsD-H2cPNlt_myOxtBCODvAR2kn,Extremely impressive android app version of the classic RPG. I didn't have high hopes when I downloaded but was willing to risk the three bucks. Once it was installed I opened and was immediately impressed. I do highly recommend using a wireless controller and tablet to fully appreciate this awesome game. I use a Steelseries controller designed specifically for mobile gaming and I literally spent four hours last night totally re hooked on this game. Bug free too as far as I can tell!,5,6,1.2.0,2020-06-04 14:33:30,,
gp:AOqpTOGmoWxbkL2myDkKuQWhchwvjt1sVxrbMzjRIbk-Q5uVTOtrumBawmAV9VGFbOCJcoaZbfBlKPmENDnIfQ,Harlan Dale Absher II,https://play-lh.googleusercontent.com/a-/AOh14GhfNksFs53vL-DYOuJ5npO0n1LlP7QYqtV1-Grm6A,"It's amazing to come back and play this game 20 years later and still be blown away by how fun it is, I don't normally play games on my phone but this actually made me go out and buy a Bluetooth controller",5,0,1.2.0,2020-06-01 06:53:00,,
gp:AOqpTOHhYyd6x1GubttUIzUaKBLDwfhm5kSjLNyEpz49hpNn3hOyY2Wah_GyU-BpmFlahKIf4nk0tWmXbqw2vA,PICKLE MOUSE,https://play-lh.googleusercontent.com/a-/AOh14GhZhrzywB3Bxf9JmNiGTEsvpAgzh9p_TggxjyDJGA,Who wants some wang,5,0,1.2.0,2020-05-26 18:04:10,,
gp:AOqpTOENP1PJJRxlZmNbRoBQr4j3cPBQj0-_RtCLW9KmbEjvL6FmehvAwJMeuiMzrJIiu94Aq_H8RqBJ-IO8zA,NOT KEVIN,https://play-lh.googleusercontent.com/a-/AOh14GgBXHClLCES9rEswR1paCZFVUqMfHtdCy-5ezbItQ,Fix these wack controls,3,1,1.2.0,2020-05-25 14:11:07,,
gp:AOqpTOG7uIKlAAJhrsXpi7sRkviGWGQNUogK_dnX2y6Nsp5ExQ1oCh78McwiPVBWblC4qqQF3WZh_uBC9NDFvA,Kyrblesperb & Hellspawn,https://play-lh.googleusercontent.com/a-/AOh14Gi2BvtcW9uzWfGM8bDdKm0sVdpLvm4Snp1cvfRV-A,Works perfectly,5,0,1.2.0,2020-05-15 05:41:26,,
gp:AOqpTOHSHdHOHUJ10KjK2SKXpKTfnTvovSSAkLyDu0_-aLCYmJpmACBxXGAyO8t4TQnXnRhITluRBEwdMwLbqQ,Corey Grove,https://play-lh.googleusercontent.com/a-/AOh14Gj5xL1UWJit0wWcXBovL5WdZ-rAbgNmHbfAgVD6Cg,"A perfect port! Now do Blood and Duke Nukem 3D! If I could recommend a small improvement, The crouch button should toggle; otherwise it's a real pain to hit some of the switches.",5,5,1.2.0,2020-04-25 08:31:56,,
gp:AOqpTOE0iYd1DjBlmY1yg7yJwntyZh-u7l0zL9YijlGiV15PsTkxFWc1ZpazOqB8RhxeI2RojwW_fkfnznF6TA,David Poole,https://play-lh.googleusercontent.com/a-/AOh14Ght25Ljz1OfrbzruiwwZvQAtJr4jWoE1y7FxJweAm0,Why does it load on startup and background?,3,1,1.2.0,2020-04-23 23:33:15,,
gp:AOqpTOHyHwFRl0pfDO8fA5cHZNt_4BEcgZSoqZzY4qrYMoVypmRiaqBHGids1AJa8k-GNJFmpfE8q9Hfs5FdHQ,Zak Corsentino,https://play-lh.googleusercontent.com/-oXetckn86aA/AAAAAAAAAAI/AAAAAAAAAAA/AMZuucnUZqC6xBimzDc8zDcS_kYX5hekcw/photo.jpg,"Half the time it forces me to walk into a wall all the while getting shot at and dying frequently because of this. The shoot and action buttons are far too close together, always end up wasting ammo while trying to hit a switch or open a door. Other than that this game is awesome, just needs better controls. Big fan of 1990 FPS games and this is the first time I got to play this",3,4,1.2.0,2020-04-23 14:29:54,,
gp:AOqpTOEmfSCY47bWDWp8M5KXtjtaF8VfXFa9jG-oUvWzXVmUKHSs8Jaip3yuirvT-vhuk8CByhopfpo-ipNjog,Brandon Ventura,https://play-lh.googleusercontent.com/a-/AOh14GgS1K0FQTO25oPHFrsSB8b-xCJclohk8ac04PNbYw,it's a fun game but needs better control support for the ps4 control,4,3,1.2.0,2020-03-20 23:28:57,,
gp:AOqpTOGSRtBAw2q4hcyqjFRr0jXk_bJfn673zEUSI19t06f01f9qA9cJVm-7JZPLCgn6pKetWN65VfDEYBpLPQ,Ali,https://play-lh.googleusercontent.com/a-/AOh14GikGoweKZu0ugWPz-7RWoYNMJFtM5vfvx4UueixFg,"This is an amazing game, with the most terribly horrid touch controls. Its unplayable and floaty. Good luck crouching and activating a switch without cramping your hand. Buy this on PC, better yet its FREE on PC.",1,14,1.2.0,2020-03-17 15:44:05,,
gp:AOqpTOFYM1rA4gOWqfVZL7_0WO0QP0Ha2-D3jnjn6fZ1aDnmiT5XY7pvk1drpVGKR4pm0BQf137ABi4BgDGODw,MrDean421,https://play-lh.googleusercontent.com/-pPdz89oNfEI/AAAAAAAAAAI/AAAAAAAAAAA/AMZuucm62sg_asc6HQ6BjO0B8aC2uAUsUw/photo.jpg,Controls are horrible,1,1,1.2.0,2020-03-11 02:25:30,,
gp:AOqpTOEd1h5pumejK51ducVF5mVwOOAx-vGVvWmP3OWPX7e5fgv0NHFONC1IT9wYkgqvJM8LL_8ZV3J8oKEarw,Forrest Brackett,https://play-lh.googleusercontent.com/-ILEctjkJqFw/AAAAAAAAAAI/AAAAAAAAAAA/AMZuuckfgU-fsKwtRFW0l2Y2e-UlwwaFTQ/photo.jpg,The controls make this game nearly unplayable. Just get the steam version.,1,1,,2020-02-11 08:17:16,,
gp:AOqpTOF84ZC6Te6d_Lc29Dg_14QfXVvrrHLTHU9DdEIxzBemIaFRA-IuZhQeRDqN44RATfnGjOAAoY9uo0XZxQ,Tim Barth,https://play-lh.googleusercontent.com/a-/AOh14GgMU-3LfnhAny_gr_m2kxKwtrwV2DoDNREgowrDRQ,Just like the game I use to play in the 90s but smaller. I am still getting use to using it but it seems to work fine on my Note 10+. It is great to see one of my favorite games that works so good.,5,2,1.2.0,2020-02-07 10:06:06,,
gp:AOqpTOHlC-_j2wIxknvvPw7BmfkrTFbbEHhfNjDIKdFOnXP29w6US6FHWp1f-usgAjIBLUsVa_RmqLWyr2pShw,y0LAs *,https://play-lh.googleusercontent.com/a-/AOh14GgWrmucHZPkvC18Wz_HQsz_0fDsgz0paCJaYFqJeQ,"I love this game but game pad support needs some improvement. Analog sticks are acting really weird and that's a real pity as it's hands down the best FPS on Android in my opinion. Edit : This issue is linked to the game's engine limitations, the game is actually better than the pc version because of its custom interface and new weapon select wheel. I finished the game several times, it has a great length if you do every episodes and I always replay it, with higher difficulty a bunch of mobs🎉",5,9,1.2.0,2020-01-22 16:08:03,,
gp:AOqpTOHbB9KxBGJfNENM8ib-V-pkvRwy7yIC_czuzpbIHfCUegeUjlg8Jtxo9ptcg8yWmjneUPjcESwfC6AGDw,Ultimate DooM,https://play-lh.googleusercontent.com/a-/AOh14GjZ9StQZDbNEvdjA1tKY72HqlY2CxA5Smyv_EL_kg,Sarebbe 5 stelle ma con dei controlli del genere è quasi ingiocabile. Peccato.,1,0,1.2.0,2020-01-17 21:52:26,,
gp:AOqpTOFE8Loy-XGZ_BanKiJiWwBlg1xDaxxoYraFf08klQhSy4kbB4YSb7kHrQw3GIby4ZTAQ5PA7-9gneIE3w,White Worm,https://play-lh.googleusercontent.com/a-/AOh14GjCyVyVLo01eSxhpa7Bo-wNy2C1b9yz3RTv_oVD,Everything you would want from a first person shooter game! Blood gore and cool weapons I wish they would put more classics like this on play store,5,4,1.2.0,2020-01-10 02:10:06,,
gp:AOqpTOH5bpfQzEB_bVzV24GZlqMIX8YeAvhMjRH6EvD6dMdyy7ZM9vkJRR0Ayla5s3lrWUuLZqBavVquYYvwpA,scuba squid1886,https://play-lh.googleusercontent.com/a-/AOh14GjEy9ikq9qIpyJ1KOtBvCSQyXehXIDJjM7SsIax1g,Yu wanta some wang,5,2,,2019-12-06 08:24:04,,
gp:AOqpTOEIVKTkMrlF2yoG1kIdk-auOZQKQY2oyK-WjFBwEvFqPcY33Pr-yF_otlaVA75k6XJhteoekIjjQk3qIQ,John Stahl,https://play-lh.googleusercontent.com/a-/AOh14GhRvlcPNeOUr1HjAk1ImVU20-aalel5VJW_sQ96sA,"Play with a bluetooth controller, makes the game playable lol",5,0,1.2.0,2019-11-23 12:24:58,,
gp:AOqpTOF6KFQ7tjhA7V4SUhw-BnhOb-F5YhJe_LdkxcFMAGMRZXkdh4xZmlRqzuJ7mAmZXwq2jHXDVrvxaJwQDg,CVRSXD 6SET,https://play-lh.googleusercontent.com/a-/AOh14GgaEYHGldIYsLRuxYZOaAJewpCsidskyUR0Rca94A,Who wants some Wang,5,2,1.2.0,2019-11-18 03:54:54,,
gp:AOqpTOEdxWN8lFz6G_-cJc4pVeCRAZPQ15A43lG58YYPeb_sMghoicQoMOrnQOxgY_hFoDc2j7Xi-gxFIruZQA,Storm Lattimer,https://play-lh.googleusercontent.com/-xSoeWNwli1o/AAAAAAAAAAI/AAAAAAAAAAA/AMZuucmZd7Fl5YOgKvzUD_q2wmszZrBVZQ/photo.jpg,"Unplayable with touch controls, can't get any of my blu tooth controller to work.",2,3,1.2.0,2019-09-06 04:02:35,,
gp:AOqpTOF6m9oT-IdJVrOISVzzxeRGzK8li8vsOzYzzs7ph18sEprkuDMG9batYN9ZuqAGwcP5DrGg8xR3EicOgA,Scurge237,https://play-lh.googleusercontent.com/a-/AOh14Gi8aA6-SWMF1t91KJdclA5GJYCoIvqTWdQDxHQx,Kicks ass,5,0,1.2.0,2019-09-02 07:42:16,,
gp:AOqpTOH_gvgiHfZkQY5vu3Jqgkq1JmmRsDhaDk3q3POmX3bD4xgai3ZZGFCZckqY9QNrB3S9XzGd6sAoQpYmSw,nukeboy2019 1,https://play-lh.googleusercontent.com/-1B4D43lsEUs/AAAAAAAAAAI/AAAAAAAAAAA/AMZuucl4RFlJ9XKcUMx4rDSbEwg8QgH2qA/photo.jpg,I love it but the controls can be better,5,1,1.2.0,2019-08-24 20:06:16,,
gp:AOqpTOEVwPA3aEEjpA1nI3AfyTBJj4gxqF_oIDy55upb79qDFNYVfXJvvmCCoXmO6wWXNFKXGB-Y2_-hk8ZIpg,Primal Convoy,https://play-lh.googleusercontent.com/a-/AOh14Gh2Kpv8YqQfxUieqynf6T0lim4CRGQ9Jn-tYYrNlw,"Hardware controller support, fast gameplay and great price! It would be great to have the option to remap controls to a modern/custom setup though. Proof that ""Ion Fury"" could be ported to Android (please?)",4,14,1.2.0,2019-08-17 20:08:12,,
gp:AOqpTOEfRBO3neuwlr1SR3S1OC1nicdSnrQ0hQBhsM8AKs_tdHag-l-IO4bcmhipKEpRixqeQ8LR45lfGMG0sw,Ian McLean,https://play-lh.googleusercontent.com/a-/AOh14Ghge1UtMPJjhEPWF1ZvOD4v_1FDdjb4yqCJZy9Gfg,"Very swish port with good touch controls and great performance, and one fatal flaw - input latency. The natural imprecision of controlling an FPS with touch controls, plus some noticeable lag from input to movement, in a title that is well known for being rather punishing in its difficulty at the best of times, makes for a pretty frustrating play. Technically I can't fault the port, though. The game is still fun and irreverent.",3,1,1.2.0,2019-08-13 23:17:40,,
gp:AOqpTOE5AxIe6uLRHjH5sLbHEPx_tjpbujkltxshptSOEuLWqrm_menpy_wD_bstRJI1AoAm8rAbUNOM6bl-Yw,Gojiramus Primus,https://play-lh.googleusercontent.com/a-/AOh14GhcAZWULz-64ICtSG1rhTt7ddoCTQv15-edUbNOCg,the best of all classics like doom,5,0,1.2.0,2019-07-19 13:58:50,,
gp:AOqpTOExrL03macVEb6jWop-xfeDRHmqZULJBANMqa3k1cw-mWYELG1RTlzO8orarF0MPxo6KKu-M4mivtBy5A,Won Ton On,https://play-lh.googleusercontent.com/a-/AOh14Gg5i3TmoT8Ah4-n_RRirNpIzUmfHGw6ug1y02qCIg,terrible controls,1,0,,2019-07-02 18:10:24,,
gp:AOqpTOGNokITbVA5t0SC83ueEqcaOWr42DCwBOMd5nFjhvlLD_kBl2tlPgasuEE9m2wgCEsg4VxBCGt10RhS1Q,Adriel Silva,https://play-lh.googleusercontent.com/a-/AOh14GiNpBewyjczpegEMcKPDHVvfp2MjOXKbMhRq2jJsA,"The aim feels like it cant update both axes with touch controls just like how it did on DOS. While kinda neat, it makes it a little hard to play. pls fix",4,1,1.2.0,2019-06-30 15:01:23,,
gp:AOqpTOEucTJK7Da1bNVJ1HH4os5649MRcbx2lKTLfk2dSl4Q5qcz6fEUOENWeh_7-SRfsI__Yv-zpS-q46TSYQ,Stacey Jones,https://play-lh.googleusercontent.com/a-/AOh14GiSek2GzcpxI6zgLLyJAVBomyDmfrdfXYs8VcjK,i have a glitch on wanton destruction skyline where if i use any weapon (apart from sword and fists) the game crashes please fix.,5,0,1.2.0,2019-06-02 02:01:03,,
gp:AOqpTOFWFFwSDPM6_kKjhSU-m-9hlwW_Xjp6EHdAv2-cWskEYtMlHeAANS1MPi0NwD7fgwWV5IF2zHcMGPDMrA,Dillon Eastman,https://play-lh.googleusercontent.com/a-/AOh14GhvAm1ML_zichJOt9Cs6iwZ2iBF2DwyWteEPhxhzA,No music. Never updated. Seems abandoned.,1,1,1.2.0,2019-05-25 11:41:46,,
gp:AOqpTOE0DY9C4hNkxlYufQebelHPvflEEdpVs-CoePX3DamEz1De1_y0LKPi4pGxw2oion642kIaSC7MoLo3AQ,slimshady INFINITE,https://play-lh.googleusercontent.com/a-/AOh14Ggw_YIx1JQ4rYnar3QUSCZoKOMdLMI_4qJ0ZL4_rg,the sensitivity sucks and you can not change it. while the game is not bad this gets wayyy to much in the way to have any fun.,1,2,,2019-05-24 14:36:44,,
gp:AOqpTOHuimYcYLXiYjFVxt6vHpXxppcEX5qgHh8N4S0bxVpSyxrybyc5L2iZSEOMk1isnoYxLV01_awInn8__w,shreko pump,https://play-lh.googleusercontent.com/a-/AOh14GjWFowBXaNOvKC94MQgv3QjHRbggG4awwuZjFqu,Nice,5,0,1.2.0,2019-04-25 06:55:37,,
gp:AOqpTOFe0piAwDmd28xS3cL_2yy9aZeIb6HmwGXNpy9mDMn5z6lv3-kR-fD8qulpJGVdXJ9JoZda3UuE_nXXKQ,J C,https://play-lh.googleusercontent.com/a-/AOh14Gjx7tm3v8bvre9yh_XM_5gnggIy_1xcQ2KS9A2cQQ,"its great except way too much dead zone aiming, i always over aim. please fix.",2,2,1.2.0,2019-04-14 17:37:30,,
gp:AOqpTOGJjMODB4cglwLzRbrOwXjM8-SoeLvmP3VNCPR1zKQxR5N-XF5X4QWcnUBAhB6J9A_0DpddKVjxL-eCUw,Michael Laubacker,https://play-lh.googleusercontent.com/a-/AOh14GiQ9fExanZ1ZpL0Bh_iMoGM31wwSe8FIaLODpvD,can we get a toggle for ducking,3,0,1.2.0,2019-04-06 08:19:27,,
gp:AOqpTOGmk31uffSRphi0YnOksU2hVZYO0LGMtiBwhdGxnTnemHcvS660C-Sv6YuJ7BaZSo9VGwhxKWEEK4sT3A,Danny Shane,https://play-lh.googleusercontent.com/-Fm5Im1JqiKs/AAAAAAAAAAI/AAAAAAAAAAA/AMZuucnJgGBojq8lBP5ZS-vTapJl-PavSQ/photo.jpg,not rating the game yet because i cannot save i have this game on my pc have loved it since it came out along with duke nukem and clingonhonor gaurd would love toknow if the save issue can be fixed,1,12,1.2.0,2019-04-05 07:17:23,,
gp:AOqpTOHdSTWD2IB8TzhamTwcjuY5HBQrbctx4qFDbZCYtIsJn8o8tBBS7GbUVqDxWAG8ldeCWJBG1CsN3hhX0g,Johnie Gonzalez,https://play-lh.googleusercontent.com/a-/AOh14Giz-gafbO6m7KOIppynk_R7nvbN91aWR4Z270Vqu8k,"There was a lot of work put into this port and its not often that we get a good port that doesn't have in app purchases or any of that stereotypical android f2p nonsense. My only complaint is the sensitivity is still too low for me even after cranking it up all the way, I always end up dragging the screen to hit someone and its just a mess.",4,2,1.2.0,2019-03-29 18:10:33,,
gp:AOqpTOGuoXN922G8zvHIeNAjOMHEbzMDyU8-i2IxNG42Xf7w3u4nXheKk92g5ah0OE68fWgo4jNYmso3bkOU_g,A Google user,https://play-lh.googleusercontent.com/EGemoI2NTXmTsBVtJqk8jxF9rh8ApRWfsIMQSt2uE4OcpQqbFu7f7NbTK05lx80nuSijCz7sc3a277R67g,Great port of a fantastic PC game.,5,0,1.2.0,2019-03-11 19:14:09,,
gp:AOqpTOH8wtHFGkV5oe5qZb-joPXr2lQ9PCsmSbzvFNS4VxIHvCGrAz5SOhnUwyba0ZhNGZgH40IpS5HV0QcKRg,Jeff Odgis,https://play-lh.googleusercontent.com/a-/AOh14Gi9zduumTAsFNFxrW36kXbydfYJmqmRc-l8ykVqpA,Pretty sharp-looking graphics and the sound is honestly crisper than I remember it on PC. I wouldn't try to play this tapping your screen I used the GamePad. Just got my feet wet but if this were streamed a full-size TV with the GamePad I don't see any reason why this wouldn't be as good as playing on the console! Very nice port! PS Devolver you distribute hella good games! Serious Sam 1+2+HD's RIGHT HERE ... Can u get the rights to D3D from Gearbox? They're neglecting that franchise big time!!!,5,1,1.2.0,2019-03-01 19:07:07,,
gp:AOqpTOHx0mEt7COrfDHGn4d4jOAb6l6xtbg_uHHLlhZDzv1sV9yrueKbB9tmBtZIC2wlE9u8WkqECbv0BbfpEA,A Google user,https://play-lh.googleusercontent.com/EGemoI2NTXmTsBVtJqk8jxF9rh8ApRWfsIMQSt2uE4OcpQqbFu7f7NbTK05lx80nuSijCz7sc3a277R67g,"ocotpus app fixed this app with controls but its saying ""wont work without Google Services"" so i might get hit further in but as it stands seems to work well now. my problem with this is it was designed for a screen bigger then a mobile screen besides this i am having fun playing. ive got dosbox setup for Duke Nukem and a clever person(s) who created GZDoom for Android so flick through them easily pretty good batch of games still to this date.",5,2,1.2.0,2019-02-16 17:34:14,,
gp:AOqpTOGvT3vDLQLrz89c4YJtalUf3SCR3GOg87Z0eNGx0kCxfTaai-A7If2urI58QbX9DaFSAnMzELFbH0eZRg,los Angeles,https://play-lh.googleusercontent.com/a-/AOh14Gj99S_-qCa4-FwxIqal57PHgZ1TF8QoHc7ij3yN2g,i love retro style of game like doom,5,2,1.2.0,2019-01-04 23:58:12,,
gp:AOqpTOHk1PTTJczZM53SGMnPueoVg_KqRbPuTFcRQ-md8NDagucFyfbml63tW9PJ6avGgsHNzpyp0znrtm9IgA,joshua taylor,https://play-lh.googleusercontent.com/a-/AOh14GhPTfIOVJZbRgANceEAMCclwuZO12leDKUfjH8R,its a good port but found no way to access console,4,0,1.2.0,2018-12-30 08:13:14,,
gp:AOqpTOGGiX5PtEUsXNMKUcMWN8PlNAcuEEy8dEB4NO75gqYGrTERtFpgjj9xxzrGQ_PpY_n7EU2q3pID46dt6g,Tim Matrix,https://play-lh.googleusercontent.com/a-/AOh14GiyiysNuW3AcJhPRvwC5Wbe1rvRGr1k7WxEND3r,awesome old school action on phone. a bluetooth controller can be used and can mirror galaxy S9 plus to TV for console like experience.,5,2,1.2.0,2018-12-25 05:35:50,,
gp:AOqpTOGJ3gWxAhGe1-sYfQ-HmipaNb6Uq3Qi0rQ3ANpyOaSHEq8z7aGNpq9Bq4i-oqrUqUzTW-ZpNxQzGiAcvQ,Ozzy Buster,https://play-lh.googleusercontent.com/a-/AOh14Gg-xdUAEj3hU7sLvE05s0H9iyKoRBcsU9WfS4MRJw,Cheep,1,1,1.2.0,2018-12-04 18:37:17,,
gp:AOqpTOECinO4NNflryq4py07VfKMHhhmTeoHCfKgP4kLBeFixzo9h_VprL5GMv3Hi32vfaretbVvQLBTK5vstA,Stefan Kolmann,https://play-lh.googleusercontent.com/a-/AOh14GjgkSGH-OsY-5TmnlUCfFMlczEF6OBoPlAWIS6vkg,Game crashes on second screen on GPD XD. Fix or refund,1,5,1.2.0,2018-12-02 02:02:56,,
gp:AOqpTOFKk8shW0UWt9J-KpKF4OJENoKCGKzPL06XfrdC2CYeBUFf2I-MZgELzvuZxvc0vYcSEx3U8moYJwtXmw,Craig Jamm,https://play-lh.googleusercontent.com/-uqL5XbtH0V0/AAAAAAAAAAI/AAAAAAAAAAA/AMZuucmswyD6RVm3g9DXS0WLo4WmDb2TCw/photo.jpg,Works great best game just works like it should unlike most games out there 😃,5,1,1.2.0,2018-11-25 16:08:44,,
gp:AOqpTOEuo1F2T9giqf9NZgjBPSC4JGPQ0PCkRlKlfluCIWlSTKU5yOJaWQn6FXSpBROvcA-zMV3keERXj7y9jA,Jay Hovah,https://play-lh.googleusercontent.com/a-/AOh14GjMLT3tRSZ5qvPQV1Ea3_FUxCCJvIEQC1hS8NgJ8A,"Nothing wrong with the game, it looks like. But i can't play it, the game pad controls don't match my layout. No option to customize them either...",1,4,1.2.0,2018-11-14 17:51:14,,
gp:AOqpTOEpMAQOXarmKJ2t_sxg-j48_tF-TyICIcgCkV0sOqmkT0Km2qlTmvxDDo33FEqwYbGoP9LYRhikBZ16-Q,Paul-Thomas,https://play-lh.googleusercontent.com/-w084ZOtK0vY/AAAAAAAAAAI/AAAAAAAAAAA/AMZuucm3aYIl_QdKxDb_5ILQXqJMUWZlXA/photo.jpg,"If you played the game on computer in the 90s, this will be hours of fun. Playing on a phone can be hard, but this was game got me to develop the patience and skill to successfully use virtual joy sticks. That being said it's next to impossible on anything higher than medium difficulty. But that's no shade on the actual port, this one is fantastic.",5,21,1.2.0,2018-11-13 18:07:36,,
gp:AOqpTOEbBBR3NRPOALrc32-TzwIb1lS5GVBnNuEMWBVpLTy3bAbn8KPqHSiJujZZx5r620Aa2-fiF9K7rOO56g,Fritz Moore,https://play-lh.googleusercontent.com/a-/AOh14GhovNjlWg8wQLL_Q3x_KJLcWA3NEAkr6RLpaY0_iA,Best fps ive ever played! I love these old games i wish there were more ports of old games like this to mobile.,5,3,1.2.0,2018-10-15 01:08:37,,
gp:AOqpTOH1NXA-SMeRUslLpdlrI9OPw_aOFLAX-g88SBoSP387eKufOkxwSX-IaA2d8G3nAImoUd6KAwtQc0w_dg,M V,https://play-lh.googleusercontent.com/a-/AOh14GhaQHl_lcU-66KkLMlZtp5wAvLgqyTpiEUMwp4dHA,No one messes with Lo Wang.,5,0,1.2.0,2018-08-12 10:12:26,,
gp:AOqpTOGi3bg5X4GETGOSQrZw_pgHiYjrh4Xh8uPGiBAD9EUm2Y_KuJmatcue5V0nAaQrcQPm2cedc_8g6fKKlg,No Man's High,https://play-lh.googleusercontent.com/a-/AOh14GisPUoswm7lxdnxCZiXRfoULEbh0ERB5V6LcsT1,"Absolutely gold! Pretty unplayable with touch screen but hook a controller 
up and this is as much fun as you can hope for from a retro pc mobile port. 
Solid work Devs!",5,0,1.2.0,2018-08-04 21:28:55,,
gp:AOqpTOGLDVwD8LGTKjPyNds1VZbtE7Womj2sFkSI-8qqVjJRNrfVuEsoRD0CJTgb1VTcKxuXDuu3JIkGSrXCDQ,Joel Irizarry,https://play-lh.googleusercontent.com/a-/AOh14GhKjoLsM8EWh4kv8ev1ofq-ABXm_97Ayhhk3OI4gA,"This is a very fun, and complete game, with a purpose. No comparison with 
those expensives and repetitive fremium scams dominating Android and iOS 
stores. The controls take some time to master, but that's how game were 
back then. even though playing with controller and has definite enhanced my 
experience it is an excellent game either way. Thank you developers for 
bringing this jewel to mobile and for your honesty on charging just once 
for the game and not scamming people with in app purchases like most people 
now.",5,0,1.2.0,2018-08-01 12:46:25,,
gp:AOqpTOFVup57vVZaRFneyDtfCyDx07_UJr9lI5uGuLSvJDq2htdqzco_eRb4dpZ2tvkg-5v9L9diKVWLFywUew,Anthony Riccobono,https://play-lh.googleusercontent.com/a-/AOh14GjUHCUxRR5wXxCQJdeJwOPHMHoDBZps-6S7PdpvCw,"Lots of content, super fluid gameplay and very challenging. It will scratch 
that old school fps itch and then some. Take a minute to customize the 
touch controls before playing , trust me it will make a big difference. 
Just as fun and frantic as you would expect from a doom or nuke clone only 
with the added bonus of actually being ad good as , and different enough 
from, it's aforementioned big brothers. And the price is that of a ninja in 
a room full of priceless artifacts. A steal.",5,0,1.2.0,2018-07-16 17:00:21,,
gp:AOqpTOFgV9cEVmWJhsE9AD59NkhSe0llazW7gv2Eusr80TmFEMhmSf9OlUUtqzOkppDch2PVPSvUcovp_5A3FA,Dick Kickem,https://play-lh.googleusercontent.com/a-/AOh14GgZ7apRv2rrj0Nu6BeFMrz7U_nPwHfA5iAn1wwpww,The controls are trash. Totally unplayable.,1,0,1.2.0,2018-07-06 16:32:52,,
gp:AOqpTOFY6Rjf8OYJz7244iqty5tLq1wcW8IAFrbIvuN2JtIPVul1QrjpC33y-xAmtyz2RcdRYLq1UVcumrNLxQ,Lizzy Glizzy,https://play-lh.googleusercontent.com/a-/AOh14GiEf-nK6azAvt8O3xsA1jfI4F0Q-NfiLTjxLdSO,"Amazing port, the touch controls *are* a little unwieldy, but I like it 
just as much with a controller.",5,0,,2018-06-18 23:29:02,,
gp:AOqpTOEocZrJNaH4qUpelrdCJaIg62Nd3BBK_Ub82ma1szN-qjf5dTbjDhpsP4Jt7N3G1c8jVGIAJbIJiX6ALA,BlackSmokeDemon,https://play-lh.googleusercontent.com/a-/AOh14GiA5q5oRCk3Xcs-9L35O7ViaiZqjd4cVMr2Ums-,"Honestly it's one of the best games I've ever played on my phone. The 
controls took me a lil bit to get the hang of but after I got past that the 
game has been a complete blast, this is coming from someone who usually 
hates mobile games too. Now all we need is Duke Nukem, Blood, Doom 1&2 to 
be released for mobile and Ill be one happy camper.",5,2,1.2.0,2018-06-11 11:35:22,,
gp:AOqpTOGqw5QJ7mdvczmz9UNyCM_nNcgkgEuQz-7VfIX3BbPZuAe_-CqYFQiXdJRkV7-RHwEwtzoe5R3-NtH1hg,Nathan Green,https://play-lh.googleusercontent.com/-oYG1IdwjjUw/AAAAAAAAAAI/AAAAAAAAAAA/AMZuucm1_HQzkBuPYuidBdoNJlut0dnCog/photo.jpg,"It's shadow warrior but on your phone. I don't even need to say any more. 
It's excellent. Full gamepad support as well. Well worth the money",5,0,1.2.0,2018-06-04 15:13:33,,
gp:AOqpTOFK3ZPDPG_MP1L5wrt48fxyBmqsFr0cnarRidVK78x5qzd9iDjbe7v5DptWD34z6CvwV6_FQRDrJljGMg,Kongsicle,https://play-lh.googleusercontent.com/a-/AOh14GhnLbVrRm20INKZM-2FzPBaO1QGsOAcI5n1UvxHOw,"Nice to see someone releasing these old school games on Android. Too bad we 
can't get a proper Duke Nukem game on Android though. Works well with a 
controller but nearly impossible with touch controls. Sucks the game 
released a year ago & has never been updated to control better.",5,35,1.2.0,2018-05-23 00:48:44,,
gp:AOqpTOFraEy-kBVg1CuXiRdxw0aqR_Ej3j_vcOKUZ4Ax7EuDfLlNbrsptHrjrbIlAjFX998r2ZTNWXV3Gji4VQ,Chips the Cat,https://play-lh.googleusercontent.com/-3z-sfsOi3M0/AAAAAAAAAAI/AAAAAAAAAAA/AMZuuck0ahrr8YvKUrmYO-Xdr40BSlHBhw/photo.jpg,Duke nukem 3d pls!!!,5,0,1.2.0,2018-05-12 05:38:48,,
gp:AOqpTOGWRGI3_2p0brU-FEnxRtRTZOXUPbHEU2KDcu9J5yvUfE4TJsy5lVcAMA--51n-UQFdPDGD9_bYpbrCxA,A Google user,https://play-lh.googleusercontent.com/EGemoI2NTXmTsBVtJqk8jxF9rh8ApRWfsIMQSt2uE4OcpQqbFu7f7NbTK05lx80nuSijCz7sc3a277R67g,Good and bad,3,0,1.2.0,2018-05-09 11:10:05,,
gp:AOqpTOE6Ab41hZ9t0_F5nTVA272DvQa1qDbnrm1aNOs_tWChCXZvYqRHseZ5_5IEfcWKmOnodUgoJQSFCN92cA,Salem MacG,https://play-lh.googleusercontent.com/a-/AOh14GjDq_dQ4hmuoTXWnI7cX7vQJAGQcbq094LNw2eVNw,Touchscreen doesnt work in main menu,1,1,1.2.0,2018-05-07 14:58:43,,
gp:AOqpTOEYCABZvm1Rb88MAAA0Zt3Dji2pzySF34hwPXd8oIX1cIElcq3KyNjzjH0OBkfJk0xSSHtjRSU8Jco8AA,Noa Lernatić,https://play-lh.googleusercontent.com/a-/AOh14Gi5nXS9fzR_Fz5-yKmdCtCj9MyO28QF8LsvJ0FK9Q,Hope there are more classics coming.,5,0,1.2.0,2018-04-26 09:59:32,,
gp:AOqpTOH6DE76WzAytia_tzj0EB2BAPqKr0Z_EZQRLY9Tmo9eQwGV0Ak_zWuGkA45FGthBC9nXfeNXV2qJhICOg,tyler Tastove,https://play-lh.googleusercontent.com/-LhU8OsQ08dI/AAAAAAAAAAI/AAAAAAAAAAA/AMZuucnXOTP4MIhEvUF1mGA5vw9TcvoZ9w/photo.jpg,The game is really fun I just wish I could use cheat codes somehow,5,0,1.2.0,2018-04-22 12:09:33,,
gp:AOqpTOEWjN0BkmpEnMpm_42579V5mWIp-SZy2y_Pw36RGBrKgJ5xDqZZWW1t6X2hRnFq1OFN9SpBircLoAnk6Q,lacuevadelvampiro,https://play-lh.googleusercontent.com/-19AHUyVMp7g/AAAAAAAAAAI/AAAAAAAAAAA/AMZuuckRx-zJ-Ac5-hejlwaFvsksr7mMdA/photo.jpg,Stop procrastinating and fix the problems! Can't fire on this game.,2,1,,2018-04-17 13:28:02,,
gp:AOqpTOFygIv1Y7p8GJyDTQUZBR3JR8cf8XK_GJkL5OFU4jSg8p2sTGntzEQxvdLF57jwKLkofZuMhQ2YX0a1Iw,revenatn,https://play-lh.googleusercontent.com/a-/AOh14GgCvNKoC_IXx6wdvlxTAX2RWg8DYZcgYoubRMKJaw,"Надо бы поправить управление камерой. Она очень не отзывчива. А так, играется хорошо.",4,3,1.2.0,2018-04-08 12:16:55,,
gp:AOqpTOGpjiPABqQMOw4Wm-TXhEq-33MTlTv4_UoLyJtbDoHoG2YDl4dzDt51ZfMR2W9qXFDq8giHG6lyCYo5Kw,Ty Hardin,https://play-lh.googleusercontent.com/-TrGVUwqm1WY/AAAAAAAAAAI/AAAAAAAAAAA/AMZuucmqlpCENcVfp42QnuGDganOi3WCJg/photo.jpg,The last time I had this game on android there was a way to access the cheats and now there's not so it sucks,1,1,1.2.0,2018-03-31 13:09:21,,
gp:AOqpTOHU_zUsZ0r6NZ-mc-oG_H73wSLEb_ThkX8n0pL-RNHgCxAIYnj_aJVwsyyn3CpTYHYR41Cc0KD6Eh_CWQ,Jorge Vazquez,https://play-lh.googleusercontent.com/a-/AOh14GhBpxkbp7Kv0AX26IlAoD29GDnMXrvyF19nCIhwxg,Best Of the Best!,5,0,1.2.0,2018-03-01 10:11:38,,
gp:AOqpTOHpg7n494Jreah1U7tyuEKH1h9d1hNj9GRNp7V_RwWu10_VRwd3lhlmrLM8vY39q2Gm35q2J9X2NCqXUw,Coexisticality,https://play-lh.googleusercontent.com/a-/AOh14GhjFUCm_H4egcy3_C8q6WbUZRkOX13_FNM293ftLg,Still an amazing game! Controls takes getting used to but worth it for the nostalgia :),5,1,1.2.0,2018-02-13 14:17:30,,
gp:AOqpTOFV8Frgizw8Jw4DP9GtJrSrJlw9AK2GzJSlusODZmZwNYqhT7dVwTfBNVso8f13eDawTfKxx3_U9t4oCQ,Eli Oliver,https://play-lh.googleusercontent.com/a-/AOh14Gh2F5YVZQUImWIlxZxe00oTFBOD1C1CMkw_JhJ0,This game takes me back I wish the Developers would make another game like this but with Duke Nukem 3D or Doom,5,1,1.2.0,2018-02-01 12:39:56,,
gp:AOqpTOGTqlzUqWEYBShDwNzvwc4Jv4glndknXVcUMr5WmAbO-PEbA6JVglri3OZwW2VQVqAwOsAdkwGKOidTkw,Eisenhorn,https://play-lh.googleusercontent.com/a-/AOh14GhZp806B0IfVUUFZ4AteteDLRYnOjoUu-N8QBLkKg,Klassic,5,0,1.2.0,2018-01-27 20:49:07,,
gp:AOqpTOFWN_oBhgtgmkrAFsrA0zQDUeYFFuaSDZ7_d7yWNCSD4BIB14MWYlipg834HCkoSDgvCPH0Vgc1C-Y-mQ,Michael Pitcher,https://play-lh.googleusercontent.com/a-/AOh14GjfTS0dMgSGVBcOiWR4faOkG2CvKMnoZwoawJFJ,"An absolute classic. A lot is included in this bargain priced game. Touch controls could use some serious work, but using an Xbox game pad brings a console quality experience with some retro flare.  Totally worth the price of admission. You'd be cheating yourself if you didn't get this. Doom, duke nukem and rise of the triad fans will get exactly what they are looking for in a mobile game.",5,4,1.2.0,2018-01-23 09:33:48,,
gp:AOqpTOFGYtdUOnERqgzk2BlxruO0LA1gDMc3Hfx_xpZd6RuQKj8Ojc0OFkx2sW3i2RF_SNw89wzAp_ajzMrskA,LarkingLunter,https://play-lh.googleusercontent.com/a-/AOh14Ggwo9NuVlP87NH6ibs6cdh5HsoX2Jk5UhP5wgFG,Only worth playing on a gamepad and the game wont let me shoot when using mine. Everything else is perfect but shooting is pretty important in a FPS.,3,0,1.2.0,2018-01-22 15:49:57,,
gp:AOqpTOGK1kwdhxYOd_-E0kLcZzOyibej_EqnOsRvpZTSYxwipFUOIKBP0qEI_BZLxyY8TIpnMH_Ea27OD201CQ,Manos Athanasiadis,https://play-lh.googleusercontent.com/a-/AOh14GjNZeXFI8MET-2sfMgxDINN6eGOJHrcJQPjtEMjHQ,"Decent 90s shooter, but man this is extremely hard. Also while the game is completely playable, I can't see the static backgrounds of the levels, only the 3d objects.",3,0,1.2.0,2018-01-20 13:43:56,,
gp:AOqpTOEHdX_u4cSSnc5Svk7eQTYwbbqjpGExgBlB5-sbRX-4-lg-DN-iTmyfELGSZdGASffZl_EQpCs3iP5bzw,Athallah Naufal Hafizh,https://play-lh.googleusercontent.com/a-/AOh14GgnbM4yn66W8oH1k7QhqEFyOs4O_fnmg1_78T1aKw,"Tons of fun playing this game, don't listen to anyone who said the control is bad, sure it's just difficult to control when you start playing it on mobile but eventually you will get used to it also you don't have to precisely aim at enemy, remember this is a classic game like doom so just facing it will shoot at the enemy automatically",5,1,1.2.0,2018-01-16 07:01:25,,
gp:AOqpTOEpdr-n6zxKzL7cO5xRenY3GSCGi_eTPG4mcizdGzdelPU1wk2Ty0ralj1NLXARTbxshMpEm6zEfWsTzA,Quentin Crosley,https://play-lh.googleusercontent.com/-vsa3ro9N_ZI/AAAAAAAAAAI/AAAAAAAAAAA/AMZuucmV8ZXuYmMybAXMrCr-kTEyQf3oNQ/photo.jpg,It's good,5,0,1.2.0,2018-01-15 14:06:41,,
gp:AOqpTOFA7rvJwrWc6VS5UHahvIe2THwfIwxGo6GTKi5gaUCT-mA0feViX_1zYo06LHpgGsMxNGNCzz6_AxpZWQ,Ben Murfitt,https://play-lh.googleusercontent.com/-ammqvv8u1ew/AAAAAAAAAAI/AAAAAAAAAAA/AMZuuclwqO-ORTs9WBcPQ1R2y6VFmiXiPQ/photo.jpg,Can we get a classic control mode like the original?,3,0,1.2.0,2018-01-10 00:10:02,,
gp:AOqpTOFjIYOofyUmf9r94gfAxm_baiO5PBcmhpE0wBUJK1_9SuNknwmmVOa48EYHSkKtZs9BTTqElyb8wwspjw,Foresty Forest,https://play-lh.googleusercontent.com/a-/AOh14GgC1kmKYeIyk0JWmwoL7ybJf6wWV6pwgiUjy3gzSg,Why cant i totally remap the button layout on a gamepad?  My gamepad wont work.  Touchscreen controls are unplayable.,2,3,1.2.0,2018-01-09 11:42:27,,
gp:AOqpTOFD9rVOtnuiXc9SQ7r4PSLwnAXV5Qo_0QjmExhvfH2lo8sKnCf-0GT6A7Gn6W5EczWQlafsonT3NO4hHw,Matt Duenas,https://play-lh.googleusercontent.com/a-/AOh14Gi_UvgWzw0uyJan7KFFCVZsMJmrcsDDseL4HaL2Mg,"I love everything about this app from its stupendously retro graphics to it's amazing sounds and gameplay! I can't say the controls are 100% due to how difficult it is to maneuver and fight but if you plan on getting this game I highly suggest you buy an 8bitdo Gamepad Pro NES30, if you use that alongside this app, the controls will be perfect and you'll have no problems at all!",5,3,1.2.0,2018-01-05 11:30:14,,
gp:AOqpTOHxJ5dneDCz2n2_5eSFySgiNkQaMf4UNp0aM1UmI5RGvbI4DUsAqKJA9L_3HBwSs-HNg9p-Jyh4uxvQZA,ParaMomal,https://play-lh.googleusercontent.com/a-/AOh14GhnWoB7l1j20rlSzlmNdUa-W8lF40dxhGywJiKx5w,"This has brought back great memories; Lo Wang's Dojo of Death ""You don't mess with Lo Wang.""  And everyone's favorite...  ""Those real t!ts?!""",5,0,1.2.0,2018-01-04 07:56:03,,
gp:AOqpTOGwChXbyJCHI3frFmP915CWyc0qpWmf5j7rvis2c7KTSYm95mL-tezz1h9FkHBwEYF8OsT_LET61IBcOA,suicidal dope,https://play-lh.googleusercontent.com/a-/AOh14GikzaI1dBOr2anKjjqONbhpCvr2hB-eQYZOMky6wg,How tf do you save???,2,0,1.2.0,2018-01-04 06:25:54,,
gp:AOqpTOEu76iVFx8Ali6DVFcf_C87sbvKDYcqvTeiOq3zAb8hAVgkTQE9MaqlH2O2a0u3exRkVSt756ZJdKCm3Q,charlz valdez,https://play-lh.googleusercontent.com/a-/AOh14GjA04ze6dfELBxGj7ma7N6ivSWDZjp6ktrYU4GKyw,Fun,5,0,,2018-01-03 08:10:09,,
gp:AOqpTOFz2FNa678dPz1KRFYR__zIBkY2iRJN4hoqJF_aMyT0TJPyOoXnIwI4tkABvAPXJBLmTXdgofCBkKfIQA,Ed Richardson,https://play-lh.googleusercontent.com/a-/AOh14GihdQHfP-0jrZ0u5do5AF0DW83dulDSsRZ74gK9og,Proper game! Classic! Works flawlessly on Shield Tv,5,0,1.2.0,2017-12-30 04:11:17,,
gp:AOqpTOG5GBjq7enq8Y1EWYsNKSRU7XX0eqc9ek5H9glmqGgSQtdhe_rb1Xhts5BmhVpq6KI0QVLi7QFSgx4DoA,Matt Reynolds,https://play-lh.googleusercontent.com/a-/AOh14Gg0Dwy1dUvvRNr_Ic7hqj5Zxjyp-DGGHcheVR4yOg,Crashes immediately due to Google play services error.,1,1,1.2.0,2017-12-29 17:57:55,,
gp:AOqpTOG7DE4Rb7kdU9v0K30wUJxHRvq_ZKkB6JOulyVMuLcB3VLIIM-pZ9M8BKlbf0wociM-7XIOeLBmDY1zlg,TheJadedWanSaid,https://play-lh.googleusercontent.com/a-/AOh14GhXY4CWQNmHWnWxCv02sUbzFiE5H6qCbsGrJhRSmQ,Not very easy to play unless you use a controller and please made it able to turning and aiming when using the keyboard and mouse.,4,1,1.2.0,2017-12-29 06:33:54,,
gp:AOqpTOFTdhKyOrj-1xRi-lDTZ8cVksE4KMds4CBujtuj1CwV7NjYdPYiDgT3ZGz9NlwstpjECqwwtX9Re-Twtw,Rafael A.,https://play-lh.googleusercontent.com/-BlyHBk9J3aY/AAAAAAAAAAI/AAAAAAAAAFI/AMZuucldE4MxO-VpZ9mm_55I0OCH_k2Kjw/photo.jpg,Great port to mobile phones the touch controls are somewhat decent. The game is better played with a Bluetooth  controller or keyboard.,4,0,1.2.0,2017-12-28 16:04:48,,
gp:AOqpTOHNRiLE5nX734f3JWIA-7_yE4_jbBhp02-i_kjAt7e5fGC7fsJYUqZzQkdSeS8hs8jDaSinatN1pG7ZQw,Kyle TheUltimate,https://play-lh.googleusercontent.com/a-/AOh14GjyLd7qppg4fqSTFDEo6xQgAFIWVs-6D-Y_gDamNEs,Fantastic port. Please port Duke 3D now!,5,2,1.2.0,2017-12-12 07:26:15,,
gp:AOqpTOFJZQNFJK_Lotxi4TK9jPOTwQ_9TQwcXB9QABr6gfStr0GVYyTtY-Cvk4u8M2iIgusjrTEsX8ckGI1R7A,Lequan Edwards,https://play-lh.googleusercontent.com/-r9Zz0v8UhYQ/AAAAAAAAAAI/AAAAAAAAAAA/AMZuuckolpGUHcgBaI4_qcAsCd4JlGNAvA/photo.jpg,It freezes and force closes once u get to episode 1 level 9. Otherwise it's ok,3,0,1.2.0,2017-12-08 08:18:46,,
gp:AOqpTOGtcwzO9iVQrIjtO1Z95G329teZV0tRKVg_5k-4lO_TfT5PV49ph4nfoo2OZZMyrafXagkbmb9qbvxb4g,John Hart,https://play-lh.googleusercontent.com/-icnR9MTijlc/AAAAAAAAAAI/AAAAAAAAAAA/AMZuuckA-na2U5kdUv5Rh_kjFkz3BlusWQ/photo.jpg,"Sorry...I have to agree with the majority here, the touch controls are useless. I can only move forward and backward and straff side to side. While straffing is handy for combat, but you need the ability to turn around. If being attacked from behind you are screwed. And yes, I have extensive FPS experience and have played the original of this game several times through. Shadow Warrior PC version would have been dead on arrival with this limitation. Please fix or pull this game.",2,5,1.2.0,2017-11-27 09:43:19,,
gp:AOqpTOHD4tJAN-JcnXyFRtzImYgQnz7WyMWDE-RvEyADpnG0xwHD-oaiVoxWk7xazKq4YLs8lM9oKy3hmieryw,NoogaGamer,https://play-lh.googleusercontent.com/a-/AOh14GjUXmDu2VBjpKD0fqDSosQ_ZHusntdhX9mmDydfvA,Incredible.... just incredible.,5,0,1.2.0,2017-11-14 15:10:48,,
gp:AOqpTOEFwzj0RtrDMwXa57wrewmXD6CHmqhWyMGawGKswlrUN_e7fUZI6ZImaafZV-ltea98sHYacnxVvh9Ofg,Susan Lehman,https://play-lh.googleusercontent.com/-AvQqc-8xmuk/AAAAAAAAAAI/AAAAAAAAAAA/AMZuuclfi-iYpe0K0g4HU8xnMocIiI2ZYA/photo.jpg,Look controls not very responsive,3,1,1.2.0,2017-11-07 19:10:43,,
gp:AOqpTOE0uq5bX0-SFbSvPu_rXANb3LvmCtNl7f0ulxxFaBuvYVJntKLhr3CKKUSqkiR541j_uJo-9WnfeJLyBA,Malachai Hough,https://play-lh.googleusercontent.com/a-/AOh14GiIxANZItq-NqoWuI5BTmDtogmOHeJ3bqxv6BH6DA,"Excellent game one of the best on mobile, touch controls are perfect in fact better than playing this game on a PC setup. The game is quite challenging so those used to modern day fps will be in for a shock, I think ppl are blaming the controls for the fact they probably suck at this game . tons of hours game play and great fun overall",5,46,1.2.0,2017-11-07 12:51:53,,
gp:AOqpTOFdWSKRp_2bI1osnxz-DpwbUXnqB4i3_0AnGBewA-oiW8wQUff-eJaOWUWEMw2s6QvlvIPaSJliLBv9Yg,griffin griffin,https://play-lh.googleusercontent.com/a-/AOh14GhVnCEvmOdX8X6rlmHGlT0tukrxoK0wzNLeJJmW1kM,Terrible controls.,4,1,,2017-10-14 23:59:05,,
gp:AOqpTOHHIAtD14R-iXDy69o-hoQOyaw9zKvaVNrhp2-7WnfUn0tSs-U9obz9LeSu_xrQSrmYhkMz59f3PoPF6A,A Google user,https://play-lh.googleusercontent.com/EGemoI2NTXmTsBVtJqk8jxF9rh8ApRWfsIMQSt2uE4OcpQqbFu7f7NbTK05lx80nuSijCz7sc3a277R67g,Controls make it unplayable.,2,0,1.2.0,2017-10-09 21:22:18,,
gp:AOqpTOEYTWwVbJkQFawkJqy_WTzStTsTFxEvLAvzWQlMHI3wtxteXt2b4UoS_ipuL7g_5qjvsHdHtoHbLYjt6g,Ben McClung,https://play-lh.googleusercontent.com/a-/AOh14Ggmm-0KfmmZai7xRZtQ8TF6wXfBvEAUJqvnxn08Xw,Too dark for me to see anything. Seems like a fun enough game but too frustrating to try and tell through.,2,0,1.2.0,2017-09-13 13:11:50,,
gp:AOqpTOFj7oHHNsnScQu0OmgcpHfU7ntnP44266iUuFfMVrPCP1d7Vaet4bc1BZpDQ2dCWYMfP6tMugHLg5d4ug,TeabagginSalad,https://play-lh.googleusercontent.com/a-/AOh14GgV_tD771bFpeTVye3u6JYZT433EoxxqG_3Cl05CQ,ITS MINNNE...Now please port over serious Sam 3 :),5,0,1.2.0,2017-09-01 18:47:15,,
gp:AOqpTOE_OwVTgxtmtjbcX7YPaRVKQ3KuB6UXt-XMGNbgemb33Y0cilZdITgQpvnQM_-uGWeKLWWplLvIU9K5Pw,TJ,https://play-lh.googleusercontent.com/a-/AOh14Gip1HtlpHOzol2m0Pkw83jdzTgbpH--7Bp2Lm0u9g,The controls are very hard to get use to which makes the game even harder then it already i only made it to level 3 which was extremely hard,4,2,1.2.0,2017-08-17 17:24:17,,
gp:AOqpTOH7dFyp57BcraTYrTprkZvm-kO-6Ni6I-vkx4Ashf_DmCTYA4l28j8f3ozEyqwTNtD1C186lR7hfYZD9A,Yoshi Kennedy,https://play-lh.googleusercontent.com/-obrp7TIk5qA/AAAAAAAAAAI/AAAAAAAAAAA/AMZuuclWR5o4004gj5jL6y7LPBf4lBQLtw/photo.jpg,EXCELLENT!!! AMAZING!!! FROM BEGINNING TO END!!! ANOTHER AMAZING CREATION BY 3D REALMS!!!BRAVO!!! ENCORE!!!,5,1,1.2.0,2017-08-12 18:11:19,,
gp:AOqpTOHxRgsnshFjpOse1R5rgT-_fDomS9WEUFP4fuvcNKDx8ZrMJHUDtnF7rUyBQSA9YCXkZiBoguJhqLzxLA,RYAN CASTLE,https://play-lh.googleusercontent.com/a-/AOh14Ghi33P5AlGVmCDnpBHEaR_ZSB0IhyUsyBnTnDdh,"DO QUAKE 1 NEXT!!!!!!!!!!!!!!!   AWESOME JOB GUYS,THANKS FOR BRINGING BACK THE GOOD STUFF.NOW WE DONT HAVE TO MESS WITH THE EMULATION!!!!!!!",5,1,1.2.0,2017-08-01 17:18:03,,
gp:AOqpTOGufGSB-Kq3JNpHH0L2sGCObDohgQW06cYQi32MXxdoueRvUq0IT8dMjTCMT5VO2kEqrP0Sgc4ZAWaE8Q,Sonny101,https://play-lh.googleusercontent.com/a-/AOh14GjJwEXsKf2J6ToQIo97KGbqQFa19M__xMF4cL5UNg,"I just won the game and both expansions (on LG Nexus 5X), and I didn't encounter any problems except an occasional crash when I tried to load the game, it ran very smooth and the controls are completely fine.",5,4,1.2.0,2017-07-12 09:40:14,,
gp:AOqpTOHgTNAvZo-VS0cbACQmTbTUqu6WBhA9PLTAmcoJwXs4UA4T6j86JzZ3lwnqc3k3hYP4W0PGB1Ah6uNMLQ,The Chicken Brothers,https://play-lh.googleusercontent.com/-y2e6UPTWwl8/AAAAAAAAAAI/AAAAAAAAAJI/AMZuucmsMNz0rhWtLxBKAxJzPO8aaKcKaw/photo.jpg,Great game but I had to switch the triggers because the R1/R2 isn't working.,4,3,1.2.0,2017-06-28 21:20:52,,
gp:AOqpTOGc2xua34IGcZCxzMdvKP46VnwIVtRK1k1PIRx6itbZWef1d_5CrTmh0n6d7kOHG1hTHyLF9SRHSfhcYw,Kazuya,https://play-lh.googleusercontent.com/a-/AOh14GjAx8LM2gdPztzt_QHWB6-DXiTLeN3qwuvVmfwc,Add multiplayer,4,1,1.2.0,2017-06-23 21:18:11,,
gp:AOqpTOGkHDPk8elZQEOHgDf0r9Gj3mP96V-4BHc5oTPEKhMTQYUx4BH52oK2uU3deXjKO6t4w1NNQoJnX6KrUQ,Huw Jones,https://play-lh.googleusercontent.com/-zcJoMhFWysY/AAAAAAAAAAI/AAAAAAAAAAA/AMZuuckvsrCeTYtade4jS8pWcLoN9mW7gQ/photo.jpg,Can't play the game uninstalled it and reinstalled it about 6 times and keeps force stopping all the time so please can I have a refund.,1,1,1.2.0,2017-06-22 09:19:40,,
gp:AOqpTOHEg4dM89Fyz2D96yJnosIbxRQRPN6asWTvoiFl6FeQWCOXEUjT0rWYEqMFSrpgRL4PxPBPpL9UxRvHww,C0ntr0ll3d Cha0s,https://play-lh.googleusercontent.com/a-/AOh14GggdN7WNMMy7CqpgVOy0VEc_b6ALULQ-sYlelI0kA,So while the touch controls are horrible I have gotten used to them and figured out how to play the game with them although i still recommend buying a blutooh controller and using that instead of the touch controls,4,1,1.2.0,2017-06-16 09:03:01,,
gp:AOqpTOFfUCIO2ubhTYIak9acVpfd7DYCkSByabnJwj8EyWfkCOHy5vo2bn7WMOURO5-HAy_boqnQPbbyG1DbcQ,Justin,https://play-lh.googleusercontent.com/a-/AOh14Gj6RSJTtE6FOQiygT6HjBdX1Q-eNSvGFQve-kEsXQ4,"I'm happy to see this classic on android and the price makes it a bit of a bargain.  The touch controls make it hard to manuever without accidentally firing weapons and for explosives that can be a problem.  Gameplay and layout is true to the original enough that game guides will get you through but lots of graphic elements have been changed, enough so that it's not a faithful reproduction of the original games.  Easier than an engine frontend but a lot is lost for that simplicity.",3,88,1.2.0,2017-06-04 13:02:32,,
gp:AOqpTOFjsiyXiAC_Hf1XYbuKzLMBYj3KjzlaH3nf_YLCMh1rsZnA3yatV06oO1e75QmZn7BNmEzZAr3wPonYIw,A Google user,https://play-lh.googleusercontent.com/EGemoI2NTXmTsBVtJqk8jxF9rh8ApRWfsIMQSt2uE4OcpQqbFu7f7NbTK05lx80nuSijCz7sc3a277R67g,The game controls require a lot of tweaking to make it really playable but it gets the job done. However I'm running into an issue in Level 3 of the base game in Master Leep's temple where I need to run forward across a descending hallway to finish the level where the hallway keeps falling either too fast to reach the other end or my character is just running too slow because it's impossible to progress any further from there. I've tried various ideas to get across but nothing works and after watching gameplay of the PC version I'm convinced this part may be bugged. Also really random instant deaths would occur if I collide with certain areas in the environment even though it's safe to grab the items they have.,3,5,1.2.0,2017-06-04 09:12:59,,
gp:AOqpTOGMLJZkpk0BCzpcq4bUGahEJJ82AjepL7uNc-amY3VXyp0J35aq0QTNsBBCJrvmpNY0qzqOh7cDMhG3zQ,Dan Clark,https://play-lh.googleusercontent.com/-3zK3kmHbcjE/AAAAAAAAAAI/AAAAAAAAAAA/AMZuuclbIW-AFoW3TIzZPlNRDJ1oL6cPPg/photo.jpg,"Controls are all wrong with a 360 controller via OTG cable on my OnePlus3T. The controls do not match what is shown on the options screen at all. No fire button, anologue configured for literally the wrong directions, no up on the d-pad. Bought the game because of the advertised controller support.",1,13,1.2.0,2017-06-03 16:43:36,,
gp:AOqpTOFFFAcHUFBko_2xs7FzmhnaZTzM13LYKc1Idh3dP1IEvEqjkIrA5FHOYoQ-0F3gJdbP3G3eBd-G6Wr93w,Dmitriy O.,https://play-lh.googleusercontent.com/-xKwlGMgKrNQ/AAAAAAAAAAI/AAAAAAAAAAA/AMZuucnH1o77rBb_WK_YhUIE90OoeQX29w/photo.jpg,Not working on DPD XD(((. Fix please.,3,3,1.2.0,2017-06-01 08:32:46,,
gp:AOqpTOGd2-Up7iUiG-Zm8hnA_Dg3W_qaeA9gP9v89VkQkxwJAA_Xma6Atl_y-VYgph4lE6aDqiLX3Q14O3b_SQ,Maverick X,https://play-lh.googleusercontent.com/a-/AOh14GiNyiLBzu0zAME__ew_KdvbpP61jnleK1EXRQtzNQ,"I love this port, the controls just need a little fine tuning for mobile phones",5,3,1.2.0,2017-05-31 11:31:46,,
gp:AOqpTOGN4mdsxDPM-VWa8Hb72nkiN7cWaXSmEcoX9Q_ZrP17p7_4eFH_PTy2YmRAVehh5qgc9-2m6RMEqBLYBQ,Chiodos 232,https://play-lh.googleusercontent.com/a-/AOh14GhdFArJCIfxTeKI1bltT2aeHeinMnkQpZfBStH_FXM,I can't start it in my Gpd Xd,1,2,1.2.0,2017-05-29 20:27:50,,
gp:AOqpTOGhAS91ZX4aJd-r-IZ-AIbax1pSjvo7IEY3MYLnehxTQAK-cRb3aUfN_HgCARBsSgpaKgg-FNPmHHOOgA,Max Coles,https://play-lh.googleusercontent.com/a-/AOh14GgeN6sMG_8UDpbQbY_2WTzsKxFKZejT1tm3Wjm4,"Great game with awful controls. Please sort the controls out, it's incredibly difficult to play which discourages me from playing. Contact beloko and use their touch controls, the one intergated makes everything far too difficult and slow.",3,6,1.2.0,2017-05-29 06:02:27,,
gp:AOqpTOFNbZDTaHBPS34CkXLwDEY0u7fCHc3KaKzdiQ_52tnpV8pEW_FaJYrbER8n8BDo8gstezmU_Isev1pjcA,A Google user,https://play-lh.googleusercontent.com/EGemoI2NTXmTsBVtJqk8jxF9rh8ApRWfsIMQSt2uE4OcpQqbFu7f7NbTK05lx80nuSijCz7sc3a277R67g,Can't say more than the game. It's just the controls itself. Really terrible. Thumbs down.,1,4,,2017-05-28 11:09:41,,
gp:AOqpTOF_Dz3Wj1_ULoW5My5YAvOJ3JY0jKfs8Q2hm8w23UJUODN3rgFDu4yYsNAhLzfWCdA9A5QsA3nUmcCR8Q,Vincent,https://play-lh.googleusercontent.com/a-/AOh14GhbJHFMdKVxQG9zCtaIr4moLV7ZxjKl1gMNOdHB,"Great port for all android devices. I can't see any other problems except for the controls itself. I hate the touch control. The sensitivity is weird and clunky and it doesn't have enough option for the controls. Yeah, third-party controller is great but how about us people who doesn't have that kind of controllers? What's the meaning of this, or that? It's basically an android port made for touch screens and this is a fast phase first-person shooting game, literally I died so many times on the first level.  Please fix the controls asap. For now, thanks for the initial sale. Worth buying it. One star for now until you guys release a new update for it.",1,3,,2017-05-28 04:42:54,,
gp:AOqpTOEY4g28_-nYOAbmkm0PpkRG6tKsjV0UB1tAcgTeMwo_AfxdCPXzX3rPr8yOYCyKGUPwwq1eo9IL7-OpQA,Jason Onken,https://play-lh.googleusercontent.com/a-/AOh14GjvrcmWpjfruJ-9LY7IzbwIVZI7FZi32oZIDNlPDQ,"Missed this game so much. Such a great playable game. Controls are a little hard, but still fun to play. Now need the rest of the game.",5,3,1.2.0,2017-05-27 17:33:20,,
gp:AOqpTOF8QZ_4PZ15hP-dynWNOeHvE8RK4EHkD2Tsb_DHYRzknMHT3qXJzAWAR7F9eP7HyVPDFMxqewVplWZJsw,A Google user,https://play-lh.googleusercontent.com/EGemoI2NTXmTsBVtJqk8jxF9rh8ApRWfsIMQSt2uE4OcpQqbFu7f7NbTK05lx80nuSijCz7sc3a277R67g,little more controls customability would be nice. One thing that would make it easier to play is if we were allowed to increase the sensitivity even more. when using a touch screan its much easier to play games like this when you can move faster and turn fastwr,5,7,1.2.0,2017-05-26 07:36:34,,
gp:AOqpTOEwFQSXeNNdAo0enFH7okChnn7nDgMT32yDPpwPZCDmapXRSRA0LjWFnBvb1Op3-7L73LKHxz-LpOOpyQ,Mateo Rodriguez,https://play-lh.googleusercontent.com/-81iah_seG_0/AAAAAAAAAAI/AAAAAAAAAAA/AMZuuclbapa1UTd2mgWHuXcN_oduHzVZrg/photo.jpg,"Love to see this era of FPS available in the Play Store again.  But the controls in this port are seviceable, at best. I second the other reviewer, you should contact Beloko Games and you could probably raise the price $2-3 on quality improvement alone.",4,3,1.2.0,2017-05-24 21:07:04,,
gp:AOqpTOGigAhpKQIHiuCm9--COvVH0QRG8X_Any3SuMQ3ifCWqen2YLyebVHI-hMVeiUHo68oz7BLY0UPQPjw9A,Dan Kurina,https://play-lh.googleusercontent.com/-gbALwEJYI4k/AAAAAAAAAAI/AAAAAAAAAAA/AMZuucl5tTOsDz8DNew5yZ1eRGF7Z_fjRQ/photo.jpg,"Grabbed this last night and played it a bit. It needs a bit of work with no fire with a game pad, no moga support, no mouse looking with a bluetooth mouse and if you're into cheating the ""t"" then cheat doesn't work. I may try just typing with a keyboard that works on the pc version.",3,2,1.2.0,2017-05-24 17:22:01,,
gp:AOqpTOFsIhCjP9AhCpAOSLjVGj7BqYMGPzbE1JPjcImQhLjIvw6l5_ADBtDFay6RoiCQYfEAh_1DR6bqZ89NHg,Benjamin Burns,https://play-lh.googleusercontent.com/-lXEOTN17BVc/AAAAAAAAAAI/AAAAAAAAAAA/AMZuucl4yRwq95tEW1VBk-oUhSJrefr8ow/photo.jpg,Good but controls need work still thanks for all the hard work porting it over,4,1,1.2.0,2017-05-24 14:31:19,,
gp:AOqpTOGCQT6m84Lnzd86PH2aSs_vB0pjFRJ61ZljqkUGJDVk57ppDJ0m1BKpUvmfgGyF0mnc7AEED49ZVPUbVg,Wojciech Wróbel,https://play-lh.googleusercontent.com/a-/AOh14GgpxB14vK-WCH5b7xBP6WcDxd7YgtU0zU3bGP_KNw,"There's not much to say, it's pretty much a flawless port. I'd recommend a controller, with touch controls looking around seems a little sluggish, though it could be just me. Still, playable on touch, amazing game otherwise",5,8,1.2.0,2017-05-24 12:53:50,,
gp:AOqpTOFgWimDNNL0VqoEtXRz4RdmTswU1-7-4Pzw6Jnk3fQ0zXqxU45PmFEJsGbO6y4UY0OthQOVMoLl3W7cDA,John Lau,https://play-lh.googleusercontent.com/-Be5tXIifBEA/AAAAAAAAAAI/AAAAAAAAAAA/AMZuucmwW_hmOGPHTw6QFuhQo2L92R51Qg/photo.jpg,Don't recommend playing without game controller.,3,1,,2017-05-23 21:40:57,,
gp:AOqpTOHTzRT6kBdBORs8pwC_QcSVu2gZ-a2-MhrA2qfeyRU_EX_b-MXG_z9-Db-kemL_WuliPWxi-RMEEjo-mQ,Franco Maggiori,https://play-lh.googleusercontent.com/a-/AOh14GjTO9BB10eNRdVTlv0v9w_WKbU-K-mbuNBs6wEH,"Many thanks for taking this classic to Android. However, the average touch control system makes it very hard to play. Please, get Beloko involved in the team and replace your current controls with Beloko's touch system for FPS games. I will then update my review. Also, where are the two expansion packs???",3,3,1.2.0,2017-05-23 15:46:07,,
gp:AOqpTOGecc0jv8YNY5O9pgt7JXi24e6OJvT_svaCjvyp0fOFIkAhxtuE-wIxHIcm1fRxwRCqNzGUlMMjqgJVoQ,Sergio Rivera,https://play-lh.googleusercontent.com/a-/AOh14GiD_szb1uN-50NTQz1pt-aiZ2HOGXjY5D5o8EAJGQ,"It can't save, even though I press the save button multiple times.",4,1,1.2.0,2017-05-23 14:22:11,,
gp:AOqpTOGxXtcIO0LFSW5yP0GUl1KITVEJa-90h0sCn5lHRE8Etw2JlMFrvVkoS4SmXo3D-ywcVirkB-1TKpFkHg,Alex Umont,https://play-lh.googleusercontent.com/a-/AOh14GidWh9zVYlemx64Jj3IgZbkwP37naKKuaBtiumYsQ,"Who wants some Wang? Controls take a bit to get use to, but it's great other than that.",5,2,,2017-05-22 19:51:17,,
gp:AOqpTOFweip_Rip59l1brvUMuhxpsmihIsUakn1JRyYRg_cgOgBJ3TdzCFmSNAB5ZDC1S79-9b003YxqPq9OZw,Noah,https://play-lh.googleusercontent.com/-uxtra1XLywo/AAAAAAAAAAI/AAAAAAAAOjI/AMZuucnEBgeNpbl2OFeBguSQmkw2sPnaVg/photo.jpg,"Runs perfectly so far, but the game basically requires a gamepad, which you should take into consideration before you buy.",4,2,1.2.0,2017-05-22 12:15:42,,
gp:AOqpTOFuGl_aQmz7yN1X6fLwayVKWk5hyLspUQ694u2Ok_4qNduwTyw69eGRSCLaSsVCtUa0adSSDU-TkLHbyA,Troy Adams,https://play-lh.googleusercontent.com/-dIUwatdHY2U/AAAAAAAAAAI/AAAAAAAAAAA/AMZuucnXSiqlLmqS4QtC55zx9tW1NJISyg/photo.jpg,"I would love this if only the controls didn't make me want to throw my phone across the room, I've completed this game and the expansions at least twice and I can barely get through the first level.",3,3,1.2.0,2017-05-22 09:30:41,,
gp:AOqpTOF2pM-AMSJTsqfWdSsbSVvqHenUYLXwGLpYS986EGPS9WD2ofW1lLQcZ6fSB5nhLfCTyw1t010kwnPLiQ,Justin Memory,https://play-lh.googleusercontent.com/a-/AOh14Ggqk7HRWayIR1oTW3qq1c0kZZe-BMPF6JHuCXXDNA,"Not entirely sure why people are writing the controls off as something you just need to get used to. It's a touch screen game. You're not going from KB/M to controller. The awkward aiming needs fixed to be enjoyable, at least for me. Can't even complete the first level.   It is nice to see these retro FPS games on my phone, though.",3,1,,2017-05-22 05:46:21,,
gp:AOqpTOG0-3wP-PG8vnGDaVJM9luNeVvHLFdOs_Mu7aKcK7KH3KZjoWIM0AN4YOL71Z4J3POUOhvB2UdkRR9vNw,Jay Hollywood,https://play-lh.googleusercontent.com/a-/AOh14GgRHzNo6vQYcb6jTh3fB8GFnFQebeCWt6IjnKXDiA,Its ok i love the console game but playing on here its ok but the control isnt great thats the only thing but everything else look good,3,1,1.2.0,2017-05-22 02:26:58,,
gp:AOqpTOFLilGw0NCkubuG6nJprW09ayoZSICR0xjGcO-zYCEBIVmATqIvTVgE-Y09K_8f9DrAdObi7BahuacOvA,Gtanick1209,https://play-lh.googleusercontent.com/a-/AOh14GjjrIAqCt262cFm9FaYGK4OoorQsZ6W4kvHOjVlgQ,My old days,5,2,1.2.0,2017-05-22 01:54:38,,
gp:AOqpTOFwWZbcDhjXfKysLgmjewy_jjIqcAn67kCKl3qWWOlPkUq7LKFD40pC2kN5H-Nf7-hbWsIFaCIjQUrMYA,Ben Phelps,https://play-lh.googleusercontent.com/-KxWDaU6Xf3A/AAAAAAAAAAI/AAAAAAAAAAA/AMZuucmTJNDOxTn5gOyLDyrWoHh-CEo51A/photo.jpg,"I can't get past the second start up screen! Tryed to click new game or options but the music just keeps playing and the screen​ stays the same regardless of where I tap on the start menu, can't start the game or even get to any options. Please let me know about possible fixes I would love to play the game I payed for, thanks.",1,77,1.2.0,2017-05-22 01:40:56,,
gp:AOqpTOE3ysiwOZnCNJKlFFaH0mZY4DIravdfSM-SyYDJaUdjDuzL8uaTO1fxU9wCf-_duM8VFAtRKIdfaVpyVg,zeek bonaham,https://play-lh.googleusercontent.com/-EBExAb2e5Ao/AAAAAAAAAAI/AAAAAAAAAAA/AMZuuckxSheWCU7COmCwKnis4_sXvdjpOQ/photo.jpg,Stellar remake !,5,2,1.2.0,2017-05-22 00:26:49,,
gp:AOqpTOFUqSnuRkOEInPvQTkDHoKBfA2El-RyyIzTTSUGl-3S0yy_YIG4aEd66_sGK690s1Zkt-VyFKRUA1KjuA,Jack Tesolin,https://play-lh.googleusercontent.com/a-/AOh14GgrCCxFUPXvWIS29V0jOb28inIjBgPN8lmE9zyk,Forever apparently installed while actually not and entirely un downloadable so I am unable to even refund it. A nice culmination of hype for a port ending in underwhelming crushing horse ass.,1,2,,2017-05-21 09:24:54,,
gp:AOqpTOHZCfUM85H7fSdKvKcxI_fcolpJrjWXThoZmMk9LurJQzb2cE6N-BjRHrRRgODSmA671YOdBFgS5N7GVw,I'd Rather Die,https://play-lh.googleusercontent.com/a-/AOh14Gi89Hety7mHqWCDAzvxT8eHIAJ1EJMr8-G3wbyw,Controls is terrible.,2,2,1.2.0,2017-05-21 06:18:19,,
gp:AOqpTOH1YJ-Hrb2s6EesFlKor_iRne7hWE_HoaNbWs5naN7kWuT0OS-CFzbpXYs7WnDpA7Zi6DUeMU4i_tjIyA,BommerNZL,https://play-lh.googleusercontent.com/a-/AOh14GiAR4KQVA4bOzzHOz7L5w9EFnf52_nGLjaBGnJfLA,Controls are not the best,2,4,,2017-05-21 02:32:41,,
gp:AOqpTOEbOlOAF-XAcvveGerDEUQaLNWsdix2DUyyaMFyezpxGa8W9_SlsDPH0fQRqFiyT2vrC5lRWKvbxCeSrQ,Emile Belanger,https://play-lh.googleusercontent.com/a-/AOh14GhE8_OXO58yrieYHq_FWzUUp5kT9XPtWH2jNa621w,Very nicely done!,5,1,1.2.0,2017-05-20 23:20:47,,
gp:AOqpTOGsUO18V-YC7BFk101NCtV5K6dUaPW_uW3LtXEyd53De-gxL4GFRb60NsHj_x_BJNMkOKEzCzaYp3ZemA,r a,https://play-lh.googleusercontent.com/a-/AOh14Gj4sc__O8PxietGL_VCGGNBsw3QFLbIz1WRB1BorlM,Controles terríveis,4,0,1.2.0,2017-05-20 14:43:06,,
gp:AOqpTOE7di5aVOjKzvxgX8xotN-3jpFKaSf4k-Kx9SaHNq8efVRsYolXqBrtzvi0_CjsnyidJFnAnPK_B-Ggsg,Alin B,https://play-lh.googleusercontent.com/a-/AOh14GjUE2vO6FCANBHz-BTps6YSEfn3_c7YsBHxfMABQQ,Just amazing ! Love the remakes and can't wait to try this one ! The original !,5,5,1.2.0,2017-05-20 13:23:48,,
gp:AOqpTOF9R3OaTZ82nYx1NpUxDzG-ZBU144_X-z__JOCR5k8nkWgyI5vHqTfBG1XmjB0OLLt7ZoQOWcwF0RLQVA,Gennadii Potapov,https://play-lh.googleusercontent.com/a-/AOh14GiV0Pq5oyGUJM1rbeXrW8CSrSlADr82z-W6atPD2g,Best mobile SW release ever :),5,1,1.2.0,2017-05-20 00:32:01,,
gp:AOqpTOG4WDgvIrIh4QzSR53ykwXR4Wx_79dv6v1vMzQJ7lzNxhUuFFLQou-028x7qSkgdxjevteaNh1ijGUoAQ,罗哲维,https://play-lh.googleusercontent.com/a-/AOh14GjGpkW06XRhwt3ysdlSo9Ezd_nnayA6mr2pi0i_Evk,the navigation bar doesn't disappear when play the game.,4,3,1.2.0,2017-05-19 20:07:26,,
gp:AOqpTOFP7iYOu6RqJN0fmbLNzT9XhpD-CuCe0O6Eyto0no-bAfm-5TYKJdhqwa16iHjHW5if9-etovIZKrjYDg,桐生 一馬Kiryū Kazuma,https://play-lh.googleusercontent.com/a-/AOh14Gi3v2d4fz81d5bv2OWTFof7owmstw2gsviRfKEuCfI,Awesome game I can't believe the classic shadow warrior game is on my phone.,5,4,1.2.0,2017-05-19 17:52:57,,
gp:AOqpTOE7evCEWCIyFJM3GBNclJgCPDICw7SkgKtymWWlzwvBkt14Xwl5RTQPkViurE22n1hk00J58BI1zp-lGg,Allen Nuccio,https://play-lh.googleusercontent.com/a-/AOh14Giv6BRRJ6k3gcCxA__yVSHDQa6FTc1E3QAqi61Cpg,Huge nostalgia trip done right.,5,6,1.2.0,2017-05-19 17:18:45,,
