reviewId,userName,userImage,content,score,thumbsUpCount,reviewCreatedVersion,at,replyContent,repliedAt
gp:AOqpTOFuArvghdrWzOfkdJazzjaxlrdV4r5x4LNH6EjvfqKWRGtohyoULlI4aCnuTGC9TjYPwthIB2rpXgd32SI,R P,https://play-lh.googleusercontent.com/a-/AOh14GjYy5w_YB6cSoUpB22XIhLTMz86PTomcWWk91AX8g,"WAS, a great app until it added the in apps purchase, update! DEV; is trying to get in to a full business structure, Which a phone nor tablet are designed for. It would need full WiFi response from a server too store an update, etc. Far more that this app could ever do. One way communication worked fine as a Simple Loging app, WAS, perfect for that. If it's not broke ¿ ¿ ¿ don't fix it.",2,0,,2020-12-03 04:15:09,,
gp:AOqpTOH4nLH44VeVQ6X2K9E7iIYAzz6r4v01mgPgkHwXfThPQRqHK8pPzAR68_0KnDd6QedB8zNchqSxH2PZOaw,Zain Bhabha,https://play-lh.googleusercontent.com/-7VblnLBUmuY/AAAAAAAAAAI/AAAAAAAAAAA/AMZuucmMw-r9oHeoNKiWtDNvi0CgD19W6Q/photo.jpg,"worst app ever, complete waste of my R89.95, Dont waste time installing or purchasing, there are more user friendly options available. utterly disappointed.",1,0,5.0.8,2020-10-14 05:12:17,,
gp:AOqpTOG9ZtrEBSfM7wT4mSJ6jWyZ4LDkXrdXAwes1GZ0aunEMHl2vaRaSsMFGne0VT9I0MSlOppK6XiNqXUT1ps,Shelby Jones,https://play-lh.googleusercontent.com/a-/AOh14Gjo_BJaJ33fXX4sGbxanZCpCQk_Zq3wWrWfoo2S,Works great!,5,0,5.0.8,2020-07-28 11:21:57,,
gp:AOqpTOExk6QNbpbdex-k7sLQ1LUSdBdu8NtZ53VudMSlzWnz2fozIyPyDBb1kVB1x8wtU4GSz8RCporCggoI2ww,Yusuf,https://play-lh.googleusercontent.com/-TscNobGrTcc/AAAAAAAAAAI/AAAAAAAAGWo/AMZuuclTmYKRorj7EXKi9Ucf9Pu_8ZQQDw/photo.jpg,This app is a lifesaver.,5,0,5.0.8,2020-02-11 21:23:00,Thank you!,2020-07-22 06:11:49
gp:AOqpTOGnVCJ0O9vgNg0B29Jo9AAxkS68IWEabIJc6E8uR_St5GzkcU9aWDP2oWU4BlTZYeJH4ib3MPbxqBrg8YE,Anissa Bledsoe,https://play-lh.googleusercontent.com/a-/AOh14GjvhLMdtQGQFbh4UzeoOFPQtH4UQu6pm2ZpOYpw2Dk,Will this app work with any bluetooth scanner? Are there any recommendations?,5,0,5.0.8,2019-11-20 13:36:26,,
gp:AOqpTOH2c1Hpf45UCM2Rgzj_IEy4sElEu8BQBH7oxFa4BM4fYDjiwslXRPWXpDi9SsjBpEUGKi-rY8h8q5idr5g,Wael Sadaka,https://play-lh.googleusercontent.com/-_ozyr9Nk_mY/AAAAAAAAAAI/AAAAAAAAAAA/AMZuuclRpl-EiEqcCjKUkXOHnJGriEQb0Q/photo.jpg,Need help as I purchased this app and I tried the option lookup on scan and when I scan an item which already on the imported sheet nothing shows up,1,2,5.0.8,2019-06-06 06:09:46,Sorry to hear you are having an issue. Please send us more information and a sample of the file to softwaresupport@berrywing.com along with the screenshot of the error you receive. This will be handled with utmost priority.,2019-06-07 05:36:22
gp:AOqpTOE2WoGh3vm505FdHBdfohOUtcxhqBQCdM0f2bKk-PRVaZHqmFf0WaEBA3d55WcwOoWjYFmO1LArfklnIl0,Cathy Hudson,https://play-lh.googleusercontent.com/-GLUN4KsGg-0/AAAAAAAAAAI/AAAAAAAAAAA/AMZuuclmGxnEif12r_nfoDo5iIOeBynNvA/photo.jpg,"Tremendous support, great APP",5,0,5.0.8,2019-03-06 08:18:00,,
gp:AOqpTOEL4FQClRr2a2WFx1p9qSFe4hwm4AjhVfNphIpenfVY-LjoK-wNiRVBO6gvuqx86bQjMfKTPd3gvql9Yl8,Denise Ford,https://play-lh.googleusercontent.com/-FptX-UWU8JE/AAAAAAAAAAI/AAAAAAAAAAA/AMZuuclfh1jygpBPxrj3ie_qKjygrg9zYA/photo.jpg,Excellent customer service! We ran into a problem over a weekend and received an immediate response and resolution!,5,2,5.0.8,2019-02-27 07:17:30,,
gp:AOqpTOFVSNedie8tr-gd7F-Rk5CNDZc6061aisvNOA1qoeD8CGcdCwDfVCDS8OEmew-yeIWV7TR2_jLotdTT2io,Flora Kan,https://play-lh.googleusercontent.com/a-/AOh14GgzCQJkbK2Yun6PD0FvQkF2j-Na-M5k7amPFd4vhQ,The user interface is not intuitive and it does not give you any instructions on how to integrate a QR code with the spreadsheet.,1,7,5.0.6,2019-02-17 22:48:06,"We're very sorry you are frustrated with the interface. Any suggestions on how we can improve? We are working on version 6 right now. 

As for integrating QR Code, Scan to Spreadsheet can parse a QR Code on a comma character into different fields. We also have a barcode generator with Google Sheet instructions on our web site berrywing.com/barcode",2019-02-18 07:38:04
gp:AOqpTOFpnSS7q_GDjXgKrMzTYG849KFfWHFwjIDoxMZab4qfEVOSXsuoSXrEMyimjxqwJHn2eBzqGVUansJFo2E,Jared Lum,https://play-lh.googleusercontent.com/-D6GB3LjhoGU/AAAAAAAAAAI/AAAAAAAAEUI/AMZuucmnKGzJ35XP3YkVrtsO6Nu8d4juPQ/photo.jpg,"Downloaded, tried to run, immediately crashed.",1,0,3.0,2018-12-12 18:25:57,"Very sorry about that Jared. We found new Android devices with version 9, like the Google Pixel had this problem.

We've fixed it an a release is available today.
Please email us at softwaresupport@berrywing.com
We want to invite you to our beta test program for our next release.",2018-12-18 07:45:56
gp:AOqpTOGe7jIRVAheazDkMVh7V38rS3pv-rTizWKFlDrK5XJYHNAEWTYRKh9huaElckE8IjlPt5XZ9um4d5HOXeQ,Daniel Hoenig,https://play-lh.googleusercontent.com/a-/AOh14GibZvWf-ZFzptuWmAGwSBWrtwFVleq3i8-71IsZbg,App crashing on Android 9,1,1,5.0.2,2018-09-25 22:41:50,"WE KNOW! and we are embarrassed that the release has not been fixed yet.  Although we have found the issue and are in testing right now. Should be ready by Friday 9/28. Email us, we can give you a work around or a beta release. softwaresupport@berrywing.com",2018-09-26 05:17:21
gp:AOqpTOFUz1J7p15YkRdLxHX-nrG7g5t4NKDTt-tWAsFcZ5zn1eRSMt4vz4McqapV9sj_7w6TwSoLzxCSRLRQEGg,A Google user,https://play-lh.googleusercontent.com/EGemoI2NTXmTsBVtJqk8jxF9rh8ApRWfsIMQSt2uE4OcpQqbFu7f7NbTK05lx80nuSijCz7sc3a277R67g,Keep improve,4,1,5.0.2,2018-07-01 17:58:46,,
gp:AOqpTOF7q8db-cpamZuYbs9DCasr86qAvcuU2q_Z2LRN_hhNvvCt3YJHC7uLZ2EyFEBJyqlHl1SttLcCkm9Wxpw,Gustavo Castilhos Garcia,https://play-lh.googleusercontent.com/a-/AOh14GgN9eh9u1oabKcv9xfh2Cld6VUWBhm78GPbvI7MbQ,"QR codes scanning capabilities would be a fantastic addition. UPDATE: Indeed it does already. Great app, team!",5,2,5.0.2,2017-10-27 02:35:00,"THANK YOU FOR THE 5 STARS!
Our apps do ready QR Codes. Is this not working for you?
You can create a QR Code on our web site to test.
http://berrywing.com/barcode/

Otherwise, please email us softwaresupport@berrywing.com",2017-10-18 03:39:43
gp:AOqpTOEzuFJi2gUSjYpR-aEpHAUmJBrHbRkOJCCDQFMGzQzLXmwbRbLFJu7SSwBrz50hPik2JNuER73cfyXUupc,Jason Benedick,https://play-lh.googleusercontent.com/-roFY_oJwZEE/AAAAAAAAAAI/AAAAAAAAAAA/AMZuuckW3GUZN0Xn-lZOj3X4R4O-kSmMgw/photo.jpg,"This app used to be amazing. I've used it yearly for the past number of years when we got in new PCs to record serial numbers. This year however I'll have to find something else to use. They changed the interface to something that isn't near as functional as before, yes it's prettier, but not anywhere near as functional. Also whenever I have bulk scan on it alternates orientation between each scan and for whatever reason portrait mode isn't anywhere near as accurate as landscape so I had to turn bulk mode off and scan individually. Also for whatever reason it only registered 12 of my 25 scans, so now I'm sitting here and going to have to redo my work!",1,12,5.0.2,2017-08-11 07:09:42,"Hello Jason, 
We are mortified that you are disappointed in the app and that there are missing scans! Certainly not what we want to hear and we want to remedy this with you right away.

We want your detailed feedback on the interface changes that you are not happy with.
Please email us at softwaresupport@berrywing.com",2017-08-11 09:10:19
gp:AOqpTOE2oJCabQ40YeMkZe_D43_vMcBgnzMHd6m-sHuzT1kTwC-1WXref63y9TJES-Wj6QIKcIaSNWPl8J0f1zU,Stephanie Brackett,https://play-lh.googleusercontent.com/-Fp4XorpBdqY/AAAAAAAAAAI/AAAAAAAAAAA/AMZuuclIQRpRbPquYh7lxV2o3i1D8m8vDw/photo.jpg,"I downloaded this app to use in my classroom this fall. I was hoping I could use it as a way to scan homework and attendance, but so far I can't find a way to make the scanned codes to go to specific columns. It seems QR coded have to be scanned in a certain order and that makes this less convenient. I'm not sure I will be using this.",3,3,5.0.2,2017-07-22 15:17:21,,
gp:AOqpTOFlXS-uwlp6jVA7kQaX0xLIfODCGaUzuCwqGYNia3HQvgHutiy_xGBKV1335YbZBJbbZTGx6ZzekMpgO8k,Denisha Houston,https://play-lh.googleusercontent.com/-UHiyxnbZ6Cw/AAAAAAAAAAI/AAAAAAAAAAA/AMZuucnsUNbeSZNib6nrmCboiR_IyO8SSg/photo.jpg,I need some help on how to create a barcode for an item,2,1,5.0.1,2017-06-21 10:11:30,"Sorry to hear you are having a problem. We have a great barcode generator on our website. Also instructions on how to make many of them with Google Sheets. https://berrywing.com/barcode/

Why the 2 stars?
Email us at softwaresupport@berrywing.com",2017-06-21 20:21:22
gp:AOqpTOEJD2Hj7I3E6G4QNS7VnOyg1MKO_wVrpVu35Z42reI3OknaDnxvRm8lb9VbZmN0bFuhJEj-F6z7O6fOTIQ,Sean Karr,https://play-lh.googleusercontent.com/a-/AOh14GjCiXTEwmla6TGe6VOYg1kpQAedX90vC-iCaPDMYc4,Had to update my review. The developer did some amazing work and really got this App up and running smooth. Great work and keep it up,5,6,4.0.5,2017-04-27 23:11:48,"It is close to a year ago, and we have made many changes to the app since your review. I hope you like the new version. It matches the very popular Apple iOS version of the app with all the same features; like look up on scan and sharing the spreadsheets to other apps.",2017-04-25 16:01:19
gp:AOqpTOGNJWgbeDplCd0q3x37OWUhaBn2XnEjSeukgmzvmbC0L_1T5YFfgxd1Yc5ETexdpV3isANBHK9OBGdD2j4,Just Add Water,https://play-lh.googleusercontent.com/a-/AOh14GhVqoUrBcpj19D1jWfPhanww7P1eS2EiiJurEdWJA,I have been using this apps for a couple years.  It was a little tricky to figure out at first but once you do it is seriously one of the best apps I have ever purchased.  This has saved me so much time and increased my inventory accuracy immensely! Highly recommend for anyone that need to scan items into a workable spreadsheet.  A+,5,5,4.2.5,2017-03-30 07:46:06,Thank you Cara! We appreciate you recommending the app. Knowing that it saved you time is very important to us.,2017-04-25 15:57:01
gp:AOqpTOEU1sfGVMlKdzt97LxZ80nWU5XM0gCYRWQoWmLEXmW1P1nc4HBoLsdo-klf5-4ZRGEUD3FOmk4dquCZR0A,Larry White,https://play-lh.googleusercontent.com/-DkRAMLvbf4I/AAAAAAAAAAI/AAAAAAAAAAA/AMZuuckjhf--_eQykI_8NkPCaZaXGnHV3w/photo.jpg,Not enough setting3 . Need to determine  where files go,3,0,4.0.5,2017-02-09 13:07:33,"Are you asking where they are saved on the device? Are you able to email the spreadsheets?

We are hard at work on a major update to the Android version. We expect to publish it in a few weeks. This version will look and work exactly like the iOS version. 
Please email us softwaresupport@berrywing.com
We are happy to help",2017-02-10 06:19:38
gp:AOqpTOEDO9Opkyg4gGZkGrb5GwUIFtqwW3V5Q9MpxF0ruSqY2Ws1bGbpS7JHZvS_Vezs9A82jDdWB3B-dlFUPdk,Eduardo Rodriguez,https://play-lh.googleusercontent.com/-i19fyntvkL0/AAAAAAAAAAI/AAAAAAAAAAA/AMZuucka9hoFcW3VgWlPo2HtyLzzgfd-DQ/photo.jpg,I just used the app to scan 293 items tried to email csv and it sais can't attach file I proceeded to physically look at each item scanned took me a couple hours not happy with the app,1,1,4.0.5,2017-01-17 19:33:11,"9:53 PM, Hello, what name did you give the spreadsheet?
Please remove any punctuation; such as / * (

We have not heard from you. Hope you figured it out. Email us at softwaresupport@berrywing.com

To everyone reading this EVERY 1 STAR REVIEW is someone that did not ask for help. An update is coming that will prevent bad spreadsheet names.",2017-01-17 21:39:40
gp:AOqpTOFSl_zNQgJYxiwO5BDQOa99uSUnprJO8R0ecdbmNYQ0MXRVfYHNVYXv72rP1av8ik9KX94fHB3U4_1_EfI,muhamad sadiqur rahman,https://play-lh.googleusercontent.com/-gVk0EGnsgWY/AAAAAAAAAAI/AAAAAAAAAAA/AMZuucmLFmzciBAZSZIO4Z-RpjlfzbSIsw/photo.jpg,Fantastic app. Had a slight problem but the team helped me fix it immediately.  Fantastic service!! The app itself is brilliant. I recommend it to anyone who wants a simple app that does exactly what you want,5,5,4.0.5,2016-12-02 15:59:43,Thank you for contacting us. We do reply to everyone that contacts us. We hate to have a bad review if it is something we can fix. We are humbled and appreciate the time you took to post this great review.,2017-04-25 15:58:58
gp:AOqpTOEBIu9AZ5Hkotol6x_-UZi6LRpmwxBL-7fWpMooYSX628zoFw58ovL-AQxtxg9MHVhk_RocWsRcUXv78Rk,Jon Gerdes,https://play-lh.googleusercontent.com/a-/AOh14GjcJfiVZjBSNWeNGhzp_vRtIYUjMM0E5ZxiOeIc8A,Barcode scanner on its own works. Lomag app works ok. This app fails to retrieve a scan with various errors too long to put here. Samsung G S6,1,5,4.0.5,2016-11-09 15:08:17,"Hello Jon,
What errors are you seeing?
We developed recent updates on a Samsung Galaxy S6 Verizon device and have no issues.

Please forward to us a description of the problems you are having. Send that long list so we can get to work fixing them.
softwaresupport@berrywing.com",2016-11-09 15:20:59
gp:AOqpTOHUhtJk7Rwz7AUe8pFN9WiKm9gcn2EQXR9TzZR19V6zY7YlsLkFxlxHV0TjuaAIFyjr7C0CGEz2OXZHI4w,A Google user,https://play-lh.googleusercontent.com/EGemoI2NTXmTsBVtJqk8jxF9rh8ApRWfsIMQSt2uE4OcpQqbFu7f7NbTK05lx80nuSijCz7sc3a277R67g,app has a few bug like name in wrong place but old ver's good a help file with directions (Not On line) would be nice so very close to being a 5 star just few bugs,3,0,3.0,2016-09-14 16:10:28,"Thank you. We'll do our best in the near future to fix these issue.
Please email us what you are seeing. softwaresupport@berrywing.com",2016-09-18 15:29:19
gp:AOqpTOEIXf-AMV8N5eFoPKUK4gBhO7lVIlLDo2OfneK_6sWLTwYz3FkS_kt5_wtrcDy2_ganzkHE7daLWoae7ro,Marten Hilberts,https://play-lh.googleusercontent.com/-J9222xgCm3A/AAAAAAAAAAI/AAAAAAAAAAA/AMZuucn7isbJGzFXKVwCv3SKVoIOiguUkw/photo.jpg,"Fantastic, warehouse scanner died, had a 40ft container arrive (with thousand serial numbers to scan), this great little program saved the day.",5,0,3.0,2016-06-20 01:05:17,,
gp:AOqpTOHMye0OyqsNEwL0iHp1Y9DhlI9UFRoOfyvWs5kZmYgIyOgYs4D6mivBzBjwXb_UaBPBnGVnrTJ6Y-dl9fw,S Gilb,https://play-lh.googleusercontent.com/-AmgPlUbm2PQ/AAAAAAAAAAI/AAAAAAAAAAA/AMZuuclWlDjOVoos4KUwtZWwAoQ3zaAsTQ/photo.jpg,"Love idea, but main menu screen for exporting is blank. Maybe doesn't work with Galaxy S6.",1,1,3.0,2016-06-09 05:58:29,,
gp:AOqpTOF_eeOVfljqRy5PRnf3iWs4KLvlL78R1RAs9-zzPSNWWz4xOVpYW83tslltjyWqNWaxNKM8cpM5hoQHKmw,Kevin Eatwell,https://play-lh.googleusercontent.com/-GNgiyc6CYys/AAAAAAAAAAI/AAAAAAAAAAA/AMZuuck9aHWCMOoAFR1dQs0nvV1hSvezwA/photo.jpg,Cant find the saved file on Galaxy Note 4. Useless..,1,0,3.0,2016-04-30 01:40:19,,
gp:AOqpTOGsq-7kPDr7LnrsjyYOo8g4sCt9hlUhDuZCnx6jM-Gvw0VvuWMvXVCr2Z7RMJP4At4XG7TNEJSpg8Io8wM,Ben Wilson,https://play-lh.googleusercontent.com/a-/AOh14GhLj619BdGgyz9Q88tSlUoj_L8L8ezXERe62cX8WtQ,"This application is just terrible, don't even try to download it. It's not ready for any Advance Android devices. It is only compatible with Galaxy S5",1,0,3.0,2016-02-24 19:39:22,,
gp:AOqpTOF20q2Qv5R5TVHAi-t5C3mxmJBr7KvCUS_yp6fGesy5LllT6U2axXgSPz8NMsaUvOUiyq4ApiDbAAD4qvg,Paco Rogiene,https://play-lh.googleusercontent.com/a-/AOh14GjFjnVL_9XC1w_jAeCRjpPGD21tcnI4vOIv8s5pqw,"I'd like to try this app out but I can not access the menu. No matter how many times I've tried to long tap anything, nothing happened. Why isn't the menu just visible. The menu is shown in one of thw images posted. I need help!!!!!! Oh and if it helps, I have a Samsung Galaxy S6.",1,0,3.0,2016-02-21 20:49:40,,
gp:AOqpTOG8ezv1vb8M7unWSOJK_YqxlibpfAScZRxjNgX9Q8I-Ag1zGHn_jcWd48O4D5sNQxk3VAWShYjDWwLZIZs,Courtney Pryor,https://play-lh.googleusercontent.com/-OLgmuEO6oIk/AAAAAAAAAAI/AAAAAAAAAAA/AMZuucloENM3FcAsQpicq4ODIJKiAHCnQg/photo.jpg,"Definitely wished I played with the app before really needing it. The scanner does not recognize barcodes quickly but once you get in a groove it becomes easier. Everything worked fine until upload. There is no menu button, hidden menu, or options for Galaxy Note 5. I tried what previous users suggested by holding down the ""menu"" button. Sadly, the Note 5 does not have a ""menu"" button but rather a ""windows"" button so I will have to manually enter everything which defeats the purpose entirely.",2,11,3.0,2016-01-28 14:32:00,,
gp:AOqpTOE1sbUmNFc2YsI_WwnJp6HHalYKVOhs3nWQqb_wzXla3mFtY6QfN1Taz3Bui11vgdvw014W5cCTIJSy4A4,Ko Ja,https://play-lh.googleusercontent.com/a-/AOh14GjPWZ57gEXL1mrspGz-C3k-dJkXBfMqJCO1tbAnJg,So little option what you can do...,2,1,3.0,2016-01-08 11:58:55,,
gp:AOqpTOHMDrNJdESAPzeJbBZHgCzIIK6civvJU9wn6s-XEPL4QPHrKW1NVJj_DMzYiSRts2TGEnRtvExJADIk9a8,Carla Coronado,https://play-lh.googleusercontent.com/-CR1McYtegts/AAAAAAAAAAI/AAAAAAAAAAA/AMZuucklxPstEbLRxOC23EsoKvDks_L33w/photo.jpg,The menu wont open on my lg g2 to export not very useful.,1,0,3.0,2015-12-29 11:18:07,,
gp:AOqpTOF3VxVJb9rwq9eoAHRm9NPlIdwlty0S_8FtgZCG8TybqvNvlZbpzU0Q4d_6kOqeGHEGxqVlUm06PNbBcow,Jeanie Haupt,https://play-lh.googleusercontent.com/a-/AOh14GhMvql2d1FHICErHWvPxwZBkXrA59cBrVwvjdyAvA,"Originally I really liked this app but I think it works better on IOS than droid.  The IOS version has some better features like setting up a default template which I don't see at all in the Android version.  So you can create your template but as soon as you start a new spreadsheet, you have to do it all over again.  What a pain!!!  Also HELP takes you to a link that is no longer available.  Not to mention that this hasn't been updated since mid 2013.  I guess they are just no longer supporting it.  Too bad as I think it has potential!",3,0,3.0,2015-12-18 08:29:01,,
gp:AOqpTOEOYgx2Sevedp47x0jKdhUlIyO-ekKR2Akc2n_3tihgO7El7-m0gS0RGPxCfBXxA-BISBiZ7x7VOte99yU,Anthony,https://play-lh.googleusercontent.com/-YBPvbUI7cFc/AAAAAAAAAAI/AAAAAAAAAAA/AMZuuck9UkiTSaWSs-5Fhp9yZ5iXu_pblw/photo.jpg,This app has no substance. It doesnt have a built i  scanner. It just makes you download a different app to use as a scanner,1,0,,2015-11-29 09:11:13,,
gp:AOqpTOEhsHrblEVqtq4lWg5hXRn7AJJYzhCVE3qjeQIMCw7hMVFA73DIo6_wTMxBC2m9s5Iqmk2zznvHfhXYfLI,Edwin Molina,https://play-lh.googleusercontent.com/a-/AOh14Gg2g6sGWBbs63tFFm6SmHXaBsU6tAiLGXSJJsIU,"I used a free scan to file,  then email it to myself, then edit it. Now I can skip multiple steps. PROS: Once you learn how to use it,  it works. CONS: Poor documentation! There are no Android tutorial, and iPhone version looks very different. Android tip - press & hold your phone's menu button (bottom left) to see the apps menu, including email function. For $0.99 is worth the hassle.  Can't wait until this gets updated to 4.0 (supposed to happen back in Dec 2013) with a friendlier Android interface.",4,4,3.0,2015-10-15 08:04:58,,
gp:AOqpTOHc5s134QSRvPQYoSl5dHS8RfCDEQjSLWYOzlKdM9JKodK4I6XdY8RGDj3FZTjh88yghDQoHz05U2ny5Eo,brooklyn rockers,https://play-lh.googleusercontent.com/a-/AOh14GitCsvx9g4w7n9pESAPpzve1xKo3SE_M8RhOwtR,Can you use a Bluetooth wireless barcode scanner?,4,1,3.0,2015-10-10 10:07:42,,
gp:AOqpTOGk-iCI_QODOdfksl46NhhVvsm0-JJqWYeLtRVYuxtaFpRu8mLAgDW0sZ2TgME4sxfs-DfD914IoaPJ4HM,Ian Langdon,https://play-lh.googleusercontent.com/a-/AOh14GhHUkl4SozmBu1kHs7srq5--220Vf2aOat_VoWY,Program works...  but when you  annotation find the file it creates (yes I even searched my storage with Astro)  what's the point?  There are also no menus to check program settings etc...  perhaps it's my device...  so if you have a Samsung Note 5 stay away.,1,0,3.0,2015-10-04 05:13:21,"You'll need to long press the menu button to export.

The menu is still there.  Long press the task switch button.
You'll find this works in other apps and Android tasks.

http://www.androidcentral.com/samsung-galaxy-s5-menu-button-hidden
",2015-10-26 19:19:53
gp:AOqpTOFiwUTR2j6ltkjfqF9JkuKybE7sP7PmjGj86BoGLJsBHt--RiLzl2Ae3TRpzsY7PhYmV9jeZdHkbuH-Tcs,Mikel Robinson,https://play-lh.googleusercontent.com/a-/AOh14Gi_-v80jwee-zlTrQehvRR7RfCJGFc04L0MHZfC,I use it to scan cell phones and I can export via email in a CSV. works perfect,5,0,3.0,2015-09-15 13:53:27,,
gp:AOqpTOETSC2m0rqGZN8jbivv_Hw7KcXJkCboWMIs6WJvHg1thtXBYfP27rstXzd7ERzrYL_eY8QJCgQZ-8XLpWE,Tanner Brandt,https://play-lh.googleusercontent.com/-R8eP6Az7X1o/AAAAAAAAAAI/AAAAAAAAAAA/AMZuuclbATtd3-JdXc_6KK9r80kRBnIzOg/photo.jpg,Not seeing how I can share the scanned files.,2,0,,2015-09-09 17:17:19,"You'll need to long press the menu button to export.

The menu is still there.  Long press the task switch button.
You'll find this works in other apps and Android tasks.

http://www.androidcentral.com/samsung-galaxy-s5-menu-button-hidden
",2015-10-26 19:19:55
gp:AOqpTOFz0qwWdQXZX0QQdP73Krjf9GkchzTN2A9mBVYB57Wx_wO5ubYj14nY0sAlqpDj1F7YI9T2EUi7f2IUllg,Sean Pickard,https://play-lh.googleusercontent.com/-UnKWGFcswKk/AAAAAAAAAAI/AAAAAAAAAAA/AMZuuckS_FFSYFn-PPI4VXO7TpOxblIfrw/photo.jpg,After scanning and saving 7 speadsheets and 50 serial numbers. Saving after each. The software crashed and lost 2 houra of work. Spreadsheets were there but no scannes data.,1,0,3.0,2015-08-14 21:47:02,"You'll need to long press the menu button to export.

The menu is still there.  Long press the task switch button.
You'll find this works in other apps and Android tasks.

http://www.androidcentral.com/samsung-galaxy-s5-menu-button-hidden
",2015-10-26 19:19:57
gp:AOqpTOFs1mwHGS21h-Uv41GLmWW5ySrwI-zigb0Rz6z7dWWa6e-d1MykYbjtdOHzh3vV3P4zskTMUisu-a6zk1I,Victor Isac,https://play-lh.googleusercontent.com/a-/AOh14GjzHRCTVnbbYr9UwOeRYfFps9vH_mvZa0hXeZZ-HRM,Does the job.  Compared to the other ones it's worth trying. A short learning curve is needed and no info on how to use it.,4,0,3.0,2015-08-03 02:11:42,,
gp:AOqpTOHLv8VXxSxIjbyu6xBeQJgSMWNCCloa66HNRm9UZ-hIMJWwcKB6cFTNyaaUE42BEmjXCtApNLN8XTZ7AGU,betty potts,https://play-lh.googleusercontent.com/a-/AOh14GgbpAMu6cNJLicMHS9QVgEmOS3Q9Od53pZSxx1C6g,Needs more help,1,0,,2015-07-23 10:52:22,,
gp:AOqpTOF_9COFEJ7XcKmkAWHKVvfC3ZcBIHvXvcYb4nZZS2TwwzgW-n6JNclv_CIwBidKcUHbw_JFJtz93CbM6D4,A Google user,https://play-lh.googleusercontent.com/EGemoI2NTXmTsBVtJqk8jxF9rh8ApRWfsIMQSt2uE4OcpQqbFu7f7NbTK05lx80nuSijCz7sc3a277R67g,"Simple app that records scans to a spreadsheet. Works well and is worth the $. Note to 5S users, when you are in a spreadsheet hold down the bottom left button on your phone to see menu button. Then you can export and email the file you created.",4,2,3.0,2015-07-15 09:28:42,,
gp:AOqpTOEc754kWDAwW-qaYK7Ax1Y3uvCDI6rSLhlraK4iq7ZRC79qKo75vmKvDSNwlSyiPqd4GrfQSflLd5bc46g,Michael Hui,https://play-lh.googleusercontent.com/a-/AOh14GiPMEPv5WeeUgt4Ensew0_-0Srghs_O2inerl4HBw,I just cannot make it!,2,1,3.0,2015-05-04 04:11:04,"You'll need to long press the menu button to export.

The menu is still there.  Long press the task switch button.
You'll find this works in other apps and Android tasks.

http://www.androidcentral.com/samsung-galaxy-s5-menu-button-hidden
",2015-10-26 19:20:01
gp:AOqpTOHg-uEI0rHayoT3IVJukI-AXoQDFaqnuqYoiYpPb3WLVgFh-MZj-1xwGWCCPkfMWyVC-6HIDRA8uGN94RU,Rick Lee,https://play-lh.googleusercontent.com/-HINEM8mhIhA/AAAAAAAAAAI/AAAAAAAAAAA/AMZuuclGfZEwfLPRqrba5yk-7s4NbIXSCg/photo.jpg,"Where is the option to export or share or save to spreadsheet on android?  Thank you, was not aware at what point or what button to press.  I was selecting the file from the main menu.",4,0,3.0,2015-03-18 15:25:42,"You'll need to long press the menu button to export.

The menu is still there.  Long press the task switch button.
You'll find this works in other apps and Android tasks.

http://www.androidcentral.com/samsung-galaxy-s5-menu-button-hidden

",2015-03-18 13:03:26
gp:AOqpTOHtZBAYTaTWLSyReHCAnfXBHzMKS49EgPT0KX1LxX4z_zdkZpo_JAB-r0clblsDqa8SUyMbsjkijp1OhPc,Fosi94,https://play-lh.googleusercontent.com/a-/AOh14GgUGJGE9S2Vr2Fe93OHsXa_6rfN1_UZphp24s_7Xw,Best spent money ever.,5,0,3.0,2015-03-09 09:30:51,,
gp:AOqpTOFVBP1L2LB0pJtUWaQyu94YJFRtitTn4yUBCzrko0iYbfu0m789AMc67X5_w9WTslWHE3Pxn4_Kjyufn7o,A Google user,https://play-lh.googleusercontent.com/EGemoI2NTXmTsBVtJqk8jxF9rh8ApRWfsIMQSt2uE4OcpQqbFu7f7NbTK05lx80nuSijCz7sc3a277R67g,Work and it seems from the apps homepage screen shots in the play store that the program is different.,2,0,3.0,2015-03-06 13:45:49,"You'll need to long press the menu button to export.

The menu is still there.  Long press the task switch button.
You'll find this works in other apps and Android tasks.

http://www.androidcentral.com/samsung-galaxy-s5-menu-button-hidden

",2015-03-18 13:03:05
gp:AOqpTOFQ79yF4c1Tb1fqqdrAH5ce2pzK2E5K2w1RIrCpbL39gp6Ykn__2Wz_EnTuGirq3rotFqUjzQr1bMiQ5xE,glenn austerfield,https://play-lh.googleusercontent.com/a-/AOh14Gh2j-3myVb2UJZuiqBFTOAadOL3VtCvwqytPwTc9ew,"I needed something to quickly scan a bunch of product box barcodes into a spreadsheet.  It's nice that it can continuously scan multiple barcodes and put each one into its own csv row.  I was able to email the CSV file to myself, and then any manipulation I needed (parsing out the scan to multiple columns) I could do in Excel.    It doesn't have a lot of bells and whistles, but I didn't expect them for what I paid for this.  This was on a Nexus 5 with lollipop, so it does work with the latest revision of Android.",4,12,3.0,2015-02-05 12:51:56,,
gp:AOqpTOHs8SiKdYkEkQtLR8rSrDalruU_lcwchwGCaoungzZmXxwg6e0hVg_kIrHXO155KtuDCRllA8SR8Tn-l4s,Democco Atcher,https://play-lh.googleusercontent.com/a-/AOh14GhLNeM11eJayQEzWDccAv6LCM3TNpBZ9bUnz22ePg,Would be an awesome app to purchase of developer maintained it. Extremely useful if it does work.,1,1,3.0,2015-02-04 07:28:02,,
gp:AOqpTOH7Fiqf2wYquLDjvsSNWTQFIhhU2ibTLyrnSCp2ahO9gDq8fpA8Ws-gd3uWlvqEiiSbI8vkrrWv0exmX2Q,Mesha O,https://play-lh.googleusercontent.com/a-/AOh14GhARAMJQVJLQu6yFH9rR7EVvatJV52N-EPxTdtpmho,"I just purchased this app since I have it on my iPad and it doesn't work at all. It appears every time I try to scan a qr  code, it shuts down. Nothing is working! I will be getting a refund. Was hopeful this could solve my issue. Am disappointed, it is so promising. ...",1,0,3.0,2015-01-30 08:23:47,,
gp:AOqpTOELnGIASinpHzi7evSjt3Ydf1hAnyBvxl6hh_lmes4o-2HPr7E-S_gsVgamO_-_TBNYRd4C8xBBy1C8080,Jorawar Uppal,https://play-lh.googleusercontent.com/-LPtgPNGOekc/AAAAAAAAAAI/AAAAAAAAAAA/AMZuucnV2ssadVMoGAuAWr5tRq20j_Ow5w/photo.jpg,Export to CSV fails if name contains special characters.,5,0,3.0,2015-01-12 08:58:29,,
gp:AOqpTOGiDraJNnmbhXI7Iiw3meuciXE8WdMgFWk8IiE3oCFs3TSFAp4yEMHuB2lJHzsNV_HZdJM5eCfMSe0CWHc,Cassie Farmer,https://play-lh.googleusercontent.com/-vmgctnKzCpk/AAAAAAAAAAI/AAAAAAAAAAA/AMZuucmzoGj0iRGQI17scmGF86q4m-Y-cw/photo.jpg,It doesnt allow you to access the menu on the Galaxy S5 phones. I have to be able to email it. Fix this and it will be perfect.,3,0,3.0,2014-12-08 10:24:41,"You need to long press the task switch button.
You'll find this works in other apps and Android tasks.",2015-01-08 05:28:12
gp:AOqpTOH80VfrCI2allLb2TgqkeNafVL1l7G4Pj1xj9vgiKwyHy7MGWwvXCI7cThdwQB1EeFS0y80hvSBCuNXppo,Martyn Coote,https://play-lh.googleusercontent.com/a-/AOh14GjAGXpuTRo7M9y3zSaNYNLkmlIE86fT_UqjypaW,menus not visible on Samsung galaxy s5 very disappointed the app boasts that it works for all phones,1,9,3.0,2014-12-05 16:46:15,"You need to long press the task switch button.
You'll find this works in other apps and Android tasks.",2015-01-08 05:28:18
gp:AOqpTOHVB_nW0V5sZXtKdyZeO5yYLuXjYUbVWC_EO3a_8y0y9omYiMTPSNOiEbuQgsnGOEG3HX_dyoGIXS1ghAs,Madison Buchanan,https://play-lh.googleusercontent.com/a-/AOh14GjdqECVcMXKF0_gC7Gtl0GoJm0o5_gHPqEA2FT2zw,"So I refunded/uninstalled, then repurchased/reinstalled, it worked this time but it doesn't do exactly what I need unfortunately and now I can't get my money back. Please refund me",1,0,,2014-12-04 13:31:15,,
gp:AOqpTOHP6hycGceQaMa6TsV4G62SCtnRfOsJl6YuVDFdKysEKMRd946qpWMJDI44HnUCvUFCzA0vKOQ1bJ7TH9A,James Whitaker,https://play-lh.googleusercontent.com/-i92YrSv41js/AAAAAAAAAAI/AAAAAAAAAAA/AMZuucmT0QzQ2VOJ7gT2_HFQCE8VEbbgBQ/photo.jpg,"Works great, but I'm unable to email or export the spreadsheet? Cant find the file on my memory card... and also cannot display any menus on Samsung S5?",3,1,3.0,2014-10-13 04:02:58,"You need to long press the task switch button.
You'll find this works in other apps and Android tasks.",2015-01-08 05:28:33
gp:AOqpTOHIzKGLBA5S27ZbYtx9MSy_-Vlse8oZnYtZipgt9UYepQRzPxJN8rDnjNkwWu1ZlQXIo9t43A4G-3sn-zI,Anthony Taylor,https://play-lh.googleusercontent.com/-ieaCxTi9Xdk/AAAAAAAAAAI/AAAAAAAAAAA/AMZuuckREECN8AyW27CQlLdHDrKsHuchAw/photo.jpg,"It takes a lot longer to scan barcodes but other than that, works great.",4,0,3.0,2014-09-19 21:23:43,,
gp:AOqpTOGqn5KgfGnUisonrGJYOwaRqVg7Fz8t-LoSZGXrBhNcmsGV4VP8pGrcbXfwEUcnGZNtRtLzHX8AbibPoRU,yati nurhayati,https://play-lh.googleusercontent.com/a-/AOh14Gjt2oVtqaY1UE7MMdBkxS3dgoHDFodssf69lrbouxc,"Simple app, great for retail inventory reporting, will be better if it could insert data between rows.",4,0,3.0,2014-08-07 18:30:07,,
gp:AOqpTOHoMofqVwxl7dPUF9lkWrplDozZJt2PYf2AcrmqJkAunejiweDo5eb-0qF_PYtFYYpjQS7dpOwmUwEHCWo,Twith Atee,https://play-lh.googleusercontent.com/-iZmieiK-dKQ/AAAAAAAAAAI/AAAAAAAAAAA/AMZuuclDG7Pv3JKOgS6NoTNhjhYchRvHCg/photo.jpg,scanner is just inferior. Takes longer to recognise barcodes than other scanners.,1,0,3.0,2014-08-06 07:02:53,,
gp:AOqpTOEUv8PX3nrjs9Yv7V7We_-3KECxliLjl-9ngFWwQjlIw1PKbgq8tUCEuhGax8_ewz6UwP2OeNFAl4n9eTE,Charles Nguyen,https://play-lh.googleusercontent.com/a-/AOh14GjgbGWr1i_Y-5_4KxKOpYKXMQ88D3Hmbpf6CZBF510,"This did exactly what I needed it to do, scan barcodes into a spreadsheet. I used it to inventory 90 hard drives and it read them in just fine. There was a good audible notification that the scan was successful.  A feature that would be nice would be to reduce the scan window so that you can get exactly what you are looking for in the event there are a lot of barcodes close together.  Emailed a CSV perfectly.",5,0,3.0,2014-05-12 12:33:46,,
gp:AOqpTOEtYxnUf4Equ71KmsDRtSKOr1QuyyE0Cdt_OflFls9O0m-mrdQMEHBiehm0PX3SpHWAroGlmHfdYslr3ZU,Henry,https://play-lh.googleusercontent.com/a-/AOh14Gj-kXh26sRVhHNH75yeqKIhByGkRn0ANmxXHWsc-Q,The app does what is intended to do which is scanning barcodes and organizing the data for you. I suggest implementing the ability to scan with Bluetooth devices or transfer data to computers via Bluetooth. I think those two suggestions will increase the productivity of the app. Overall its not bad.,4,0,3.0,2014-04-14 15:19:39,,
gp:AOqpTOHaS8SQwZVVHRuKYoOWWWGuDQlQ47wvKWSrL9BOJ9k1F0YfH1I59wosdz3eoKBkm3pY0ZT7l1fUHeXOpG4,Mike Myers,https://play-lh.googleusercontent.com/-ibC1A2T4UCg/AAAAAAAAAAI/AAAAAAAAAAA/AMZuucli_esnCAb7dwUZca0JRMmHXhg48g/photo.jpg,This is not flexible enough.  You can enter related data with your scanned barcode but you have to backspace over the old data to enter new data rather than it allowing you to enter a row then start with a clear row.  If your relevant data is redundant for many barcodes then it will work for you otherwise it is either a waste of money or just inefficient to use. 15 min is not enough time to sample the app so google play kinda sucks as well.,2,5,3.0,2013-06-27 10:35:42,,
gp:AOqpTOHvJ_2jewVI7EitL_afxbv_2p6shsbkmmKymdUj789xrKPW-ge1M-uLuXrCxXLsb4Iy1n1YXybLUnxfp8s,tom auton,https://play-lh.googleusercontent.com/a-/AOh14Gg-K38SxU0pTrx_1rJW_VRWBV9Ooumo5kJQphy6,Does not link to my email,1,1,3.0,2013-03-18 18:58:44,,
gp:AOqpTOE5884sziXd1tTOzKWYTtbob8OFpUv7MtF2Py8vS73Hn8Q2ZmAXbuNcgxlM_yXqMmXzTmyZKRiD9aVkaeY,Jason Koblin,https://play-lh.googleusercontent.com/a-/AOh14GidFnGFGFPLmKnpTC1qy3Zh5tGbPeFWHkSRx7hYFg,"I guess it's hit or miss, but definitely a hit for me. The app is no frills but does exactly what I need and it works perfectly.",5,1,3.0,2013-03-02 06:35:57,,
gp:AOqpTOFAKeM7k6Dfb405bDtI1qBuUkY8atJCtZHxfAnGXQq10VLdAF7koFopd0KG8NyqgUE3Hf3Xj0kUwKPSeuY,Ronald Ruiz,https://play-lh.googleusercontent.com/a-/AOh14Gi3Jz-_biLTZbJo2zoN5QHc27e_YyhnROaH57hHXg,"I tried  to use this for over 30 minutes it did not make scanning an inventory any easier.  Interface is simple, but its scanning to fields ability is very limited and causes many errors.  I actually just wound up typing it.  Save your time and money and avoid this.",1,1,3.0,2012-12-13 21:59:16,,
gp:AOqpTOEf_ZOWPesUCu95MOxgEMeRk3T4lCCtP1QmEcF3PuIn3T1_xE_bAfRAi1m-TadamSpmCp4XnnCNOnjHaeY,Sean Oliver,https://play-lh.googleusercontent.com/a-/AOh14GjUU4wDb0DgE9orbBqH3EVImjTW095VMUVQ-GJsKQ,My motorola barcode scanner took a dump and I needed something to get me by for about 3 hours. The app seems to be working fine I stopped after about 30 items. When I went back to try to review what I had done there was nothing there. You guys could have been a hero today but instead you're a 0 I wish I could give this minus 1.,1,2,3.0,2012-12-06 13:06:34,,
lg:AOqpTOGLZ0XqN3-ZuHUCTRFZafayNEv2kKBSHTPC2Spmq3wigGY1ITQRueCzpszAxcAoxOnjp6vq9cp3LVA1pMQ,A Google user,https://play-lh.googleusercontent.com/EGemoI2NTXmTsBVtJqk8jxF9rh8ApRWfsIMQSt2uE4OcpQqbFu7f7NbTK05lx80nuSijCz7sc3a277R67g,"I work at a local painting and contracting company whose workers regularly check out equipment for various jobs. We are working on barcoding all of the equipment with generated codes so that they can be scanned and emailed in a spreadsheet, using this app, to my inbox. From there I can see and assign the equipment to each worker using our main application. This allows me to avoid stacks of paperwork that were originally used when signing out equipment. I'm highly appreciative of this app. Thank you!",5,2,3.0,2012-06-06 12:05:17,,
lg:AOqpTOG80SE5yNgiZJ8RtdiKryAKpfquZJq0XYq8Eg9DFpk8H-V10z_KKHPr9LyiegylYnOhQiAM_5wtS_7sPEA,A Google user,https://play-lh.googleusercontent.com/EGemoI2NTXmTsBVtJqk8jxF9rh8ApRWfsIMQSt2uE4OcpQqbFu7f7NbTK05lx80nuSijCz7sc3a277R67g,Would give it 5 star but file can't be opened when you email it. This makes it worthless for me. Going to keep it in hopes this is fixed. What program opens spread sheet?,4,1,2.2,2012-04-26 11:48:57,,
lg:AOqpTOG2mbNMOLDRtjYO7XDG4INCLADSsBs0PJ8Gt4d7JHrgTQZl2UR82opbaDZ_0Nk_FdwUkMMK01ACLjDp5ao,A Google user,https://play-lh.googleusercontent.com/EGemoI2NTXmTsBVtJqk8jxF9rh8ApRWfsIMQSt2uE4OcpQqbFu7f7NbTK05lx80nuSijCz7sc3a277R67g,Very useful and simple app for inventory scanning.  It is set apart from the crowd bc of its ability to export scanned data easily via email.  Highly recommended!,5,0,2.2,2012-02-13 13:20:31,,
lg:AOqpTOEam4Itk26IMdmkjeX7tMUlBUSM3iFTme8hYc5UIxJB2iIzlgdYCH0Ujb3Uc5zKqBowD5RQsaPvpkblaj8,A Google user,https://play-lh.googleusercontent.com/EGemoI2NTXmTsBVtJqk8jxF9rh8ApRWfsIMQSt2uE4OcpQqbFu7f7NbTK05lx80nuSijCz7sc3a277R67g,Just walk along a shelf autoscanning your product.,5,1,2.2,2012-01-19 12:18:32,,
lg:AOqpTOEHeykxwNGkt4hxd9mivzvq2T0UpUUejhhgPv0dYUU0ApDd2_FgkIxaHDjNANOmvEXTNZGK65t5To_t18w,A Google user,https://play-lh.googleusercontent.com/EGemoI2NTXmTsBVtJqk8jxF9rh8ApRWfsIMQSt2uE4OcpQqbFu7f7NbTK05lx80nuSijCz7sc3a277R67g,very good app - easy to use. Has many uses!  awesome support from Berry Wing :),5,1,2.1,2011-12-11 05:42:21,,
lg:AOqpTOGvxS5eDbJH3mJzmHl2LEldXOJeY-2--nb34uTWTliWK6KQVKCCwT4v7mjlPurQvWq2G4pyysGPYrH-Kwg,A Google user,https://play-lh.googleusercontent.com/EGemoI2NTXmTsBVtJqk8jxF9rh8ApRWfsIMQSt2uE4OcpQqbFu7f7NbTK05lx80nuSijCz7sc3a277R67g,Great app - does what it says it will!,4,1,2.0,2011-10-26 23:01:44,,
lg:AOqpTOGiqjHHrKCeuKyZNflr0Hm-7OH0NUX4loCzgtvfcr4DEC1uHvp3F2Hvb9RhRyGhLixTeSPQI--2XP9bKg4,A Google user,https://play-lh.googleusercontent.com/EGemoI2NTXmTsBVtJqk8jxF9rh8ApRWfsIMQSt2uE4OcpQqbFu7f7NbTK05lx80nuSijCz7sc3a277R67g,Only app I could find 2 help with the inventory 4 custom barcodes for my small business. Would be better if it had a way to edit and delete old files.,3,1,1.2,2011-07-31 18:57:03,,
lg:AOqpTOFJ2EnkSidlUmBZ2GI6OyNaHI6ukJNN1oET0TIdzLJ1JM-JpmmNkYSkA4RhW6YwJs-7befIDxnrI5ycDZE,A Google user,https://play-lh.googleusercontent.com/EGemoI2NTXmTsBVtJqk8jxF9rh8ApRWfsIMQSt2uE4OcpQqbFu7f7NbTK05lx80nuSijCz7sc3a277R67g,Did not work,1,1,1.2,2011-03-06 09:10:05,,
lg:AOqpTOHbRZgaoRh-02ASnCOzrmepeXgsG_9j0TkWRPjgdDhGB1bqWosV2uvxuumCNbqMT5y5BUBCAWLooglwiTA,A Google user,https://play-lh.googleusercontent.com/EGemoI2NTXmTsBVtJqk8jxF9rh8ApRWfsIMQSt2uE4OcpQqbFu7f7NbTK05lx80nuSijCz7sc3a277R67g,Load of rubbish. Saved files on sd card won't load. No way to delete rows. A waste of money.,1,0,1.2,2011-02-16 14:36:17,,
lg:AOqpTOHb4iKu8tCOaOR3ejog8Y94KRSoS0tskajh0RJzlbGNqf34HqG89QhA2yuA0o5auctNgVj0vGebxGctRdM,A Google user,https://play-lh.googleusercontent.com/EGemoI2NTXmTsBVtJqk8jxF9rh8ApRWfsIMQSt2uE4OcpQqbFu7f7NbTK05lx80nuSijCz7sc3a277R67g,Simple app. Works very well. The only thing I would add is a way to turn on the camera light.,5,1,1.2,2011-02-05 20:41:21,,
lg:AOqpTOHeNlFPWp9CK5r4trUdRUYXb0LcUkts1avyJBMQ-lXomxizOUZKo4rLKPHJU9fPpvurCH4oIhOGV56y4vk,A Google user,https://play-lh.googleusercontent.com/EGemoI2NTXmTsBVtJqk8jxF9rh8ApRWfsIMQSt2uE4OcpQqbFu7f7NbTK05lx80nuSijCz7sc3a277R67g,Does what it says it will do,3,0,1.2,2011-01-05 07:25:49,,
lg:AOqpTOGohvUPGdM1kTKqFA1evVvmO-rfveqLTLqHku5fd5HSO89oji6H7cJvaUjd9q0ACF6vawfB6CziVHcQV9A,A Google user,https://play-lh.googleusercontent.com/EGemoI2NTXmTsBVtJqk8jxF9rh8ApRWfsIMQSt2uE4OcpQqbFu7f7NbTK05lx80nuSijCz7sc3a277R67g,"Would be nice if one could edit or remove rows after scanning. Also, the option of getting the number-pad by default for input would be good.",3,0,1.2,2010-12-28 12:19:08,,
lg:AOqpTOEBnbEq2JTe6jaBdDDFxMHuLadRz0hSl_077ws1PTRFCAtnWOd3eTE6pPB0OeHKOrEc9ExfYCAStxMLirQ,A Google user,https://play-lh.googleusercontent.com/EGemoI2NTXmTsBVtJqk8jxF9rh8ApRWfsIMQSt2uE4OcpQqbFu7f7NbTK05lx80nuSijCz7sc3a277R67g,"Easy to start the app and to use, no logins etc required. Simple but does the job. I think we can use this app for the stock inventory.",5,1,1.2,2010-12-14 23:55:12,,
lg:AOqpTOFvbflYB3fMXQ28mVuoIGZilFqHBnzZZLu_s4X1qOIaQhhY9az3qpEJp62vkWGqvcDWxoxRMXCaWgBqjOE,A Google user,https://play-lh.googleusercontent.com/EGemoI2NTXmTsBVtJqk8jxF9rh8ApRWfsIMQSt2uE4OcpQqbFu7f7NbTK05lx80nuSijCz7sc3a277R67g,Asked Andy for an upgrade. A few emails later and two hours all set. I owe you a beer Andy.,5,2,1.2,2010-11-11 13:17:46,,
lg:AOqpTOFQCmk6gkpYGkOGrQMaD3jbuypMv8xAB_gZ7DPk-Ee6OhsVPtPMn5Hu1ewLqnr5PPqs7LYxGQQFaxd5JuY,A Google user,https://play-lh.googleusercontent.com/EGemoI2NTXmTsBVtJqk8jxF9rh8ApRWfsIMQSt2uE4OcpQqbFu7f7NbTK05lx80nuSijCz7sc3a277R67g,"Could use an undo button, but otherwise its a runofthemill barcode scanner",2,0,1.0,2010-10-12 11:50:20,,
lg:AOqpTOEmex7A2bOAT24uJ28Bf2sSN-UJea3VsvaoBw7O3oSkT-adqRp3KH36-sRk5Rc0rn19obWc78QtGq3Aze8,A Google user,https://play-lh.googleusercontent.com/EGemoI2NTXmTsBVtJqk8jxF9rh8ApRWfsIMQSt2uE4OcpQqbFu7f7NbTK05lx80nuSijCz7sc3a277R67g,This shiz is so restarted and gay. Don't waste your dollar. Go get a Burger from MC Donald dollar menu its more bang for your Buck!!,1,0,1.0,2010-10-06 03:16:23,,
