reviewId,userName,userImage,content,score,thumbsUpCount,reviewCreatedVersion,at,replyContent,repliedAt
gp:AOqpTOESSJiMtDDtzDK7QIA9BptFdktd4rgQ8QeRzh8DwV_rVdZsCscHvpe23YU6tcjhXCmbsupck__15DTs1nI,Devin Davis,https://play-lh.googleusercontent.com/--FKSe7ntCwA/AAAAAAAAAAI/AAAAAAAAAAA/AMZuuckxLUx_mXQvMgEo1pBwoeYHhTyr0g/photo.jpg,"These games are great! I've played grim legends 1, 2 and 3 and they get better and better!",5,0,1.5,2020-12-22 08:45:16,,
gp:AOqpTOFQVAPOG1wrwIo6YPo5Lnv3u5q0DFMB7fPMUiER2hgPxAIuaeBau1UjNKjW9P14jRbbScSMWXh0gnL8QSc,Rachael Olsen,https://play-lh.googleusercontent.com/-WMEH4gXU6F8/AAAAAAAAAAI/AAAAAAAAAAA/AMZuucmrZPR2GbF2N3GNdRZLQOzPWuy0vg/photo.jpg,Well done!,5,0,1.5,2020-09-20 10:38:01,,
gp:AOqpTOF8kHiSI5ULLIQxWOMxUcmi9WkqiNUxK8yDzlLzENVIolUrlTtD0i6WndUeybN5-J9BGBY8F6tamH0kj4o,Anita Jacobs,https://play-lh.googleusercontent.com/-CRjIsYyi_60/AAAAAAAAAAI/AAAAAAAAAAA/AMZuucnJYUUrtgiy5fEfzRxYrHwHZZW3pQ/photo.jpg,Playing for the third time. Still loving it. This series of games are my favorites,5,0,1.5,2020-08-09 11:30:48,,
gp:AOqpTOFUaeo09Jd_AaI484pNc4d3n7cgK7f78lJ6_5DTkPEtyOM9tXPXvh8Iyt8wt0ERmvrnepIROWHY_3L7Sxc,Audrey Bishop,https://play-lh.googleusercontent.com/-3Il2yYU1IVU/AAAAAAAAAAI/AAAAAAAAAAA/AMZuucklucLOPi4y0GGXaTFZsUpWA1L4fw/photo.jpg,Excellent game play. Beautiful graphics. Love the story line. One of the better adventure games I've played.,5,1,1.5,2020-04-21 17:00:13,,
gp:AOqpTOEIxImlWhr-QPMVEFuvckAoZvYNxAWD3A-sY6_lHW5XZGmJe6ppAVHJ1najIpuCsCdym995KbkNOGUUGQo,Constance Bossy,https://play-lh.googleusercontent.com/-LDgKPt41jJA/AAAAAAAAAAI/AAAAAAAAAAA/AMZuucnUomJexT0VqDMuTqpuP3y7D_kO7A/photo.jpg,Very good game.,5,0,1.5,2020-04-02 16:24:10,,
gp:AOqpTOHvE60bzCuksEXxB4f0h-UgdRXbwDKIGMPrgMLFF4578UmRIjMor_CqjrSMbgnvS0csowlrqJ_CN_gdtfA,Patrick York,https://play-lh.googleusercontent.com/-R1FNxTzXD4Y/AAAAAAAAAAI/AAAAAAAAAAA/AMZuucmccUU_69rRhNPhKg9nvAtm3jxDCw/photo.jpg,Some of the minigames are hard,4,0,1.5,2020-04-02 14:23:45,,
gp:AOqpTOGXQg9NLhj3zG5TDMybnDrZYKc0rTuVKl8HKoGpM2GOlwoT7b0eWIQxChTLKVxMr8R-aZgMMmSnm0U98Xc,Gwyneth Davies,https://play-lh.googleusercontent.com/-8w7X82DxbOs/AAAAAAAAAAI/AAAAAAAAAAA/AMZuuckJzdddzg4HtlgXqIu9xuLoO8KT3w/photo.jpg,Really enjoyed this 3rd episode. Will play again.,5,0,1.5,2020-03-04 13:50:17,,
gp:AOqpTOHp8PE7Z2-OwelQT5Q_bD5NHwa0Zt4y8JpG2cl95drviKqI2Q_C8j6tOKiY91DNmsbADK9Ucil9cK1I4dM,Renee De La Fuente,https://play-lh.googleusercontent.com/-z_vNq7Nqgkg/AAAAAAAAAAI/AAAAAAAAAAA/AMZuucnplI5hv3eiuyJmysAuUvPg3CPT7g/photo.jpg,"I dont understand what is going on with this game and Grim Legends 2, but I am not able to see the full picture. It's like the settings are so high that it is getting cut off and I dont know how to bring it down in size. Very disappointing.",1,1,,2020-03-03 17:58:49,,
gp:AOqpTOHCmXJh_us2xWZvbnBQRnlWQ-UJpcAjmsCBS_8uqkd6Jj4QZC9cokwZil3g70lHXenm7rVEHMZYT4Z9rB0,Mikasa Ackerman,https://play-lh.googleusercontent.com/a-/AOh14GhSQg9nvqVKfIV1RUWyoJBPLScblzoGfHvqitJ7ZA,"Great story and animation however, when I try to replay it doesn't work when I have to do the lock pick part in the first chapter making me uninstall the game and clear the datd",3,1,1.5,2020-03-01 23:19:54,,
gp:AOqpTOFytlVjTgCWDlB8a7y5Qy1HaZR182aciRh88rQjnwvacLyQqDJZ6JqveD1Mc2h_MWWZMzSr-7AiLPorIJw,Trooper Williams,https://play-lh.googleusercontent.com/-0qk4o-_CXdQ/AAAAAAAAAAI/AAAAAAAAAAA/AMZuucnmhEFzwF2yqdfun8tdfTvQvJHvLg/photo.jpg,"Playing this game is a lot of fun, the story is very good, graffics are detailed, music good to listen to, character interaction dialogue is helpful, puzzles are fairly easy to work out, all in all a game worth checking out.",5,0,1.5,2019-12-23 07:35:50,,
gp:AOqpTOFmJeylGybgGajq-T1eORrgZ_R--Awlj2ilhuTM1Ywi8iBSe4nRUQo3VdOOlcgj2xAE_NTmW4SU1tb35xs,Jenny Thibodeau,https://play-lh.googleusercontent.com/a-/AOh14Ggc-X9gfnI8IqW3oj73LWIQrDX3kIcgcyGVw5Hj2Q,"Best hidden object game I've ever played. The plot is actually interesting. There's a fun mechanic where you ""block"" an opponent's attack; it's actually a mini-game, but it makes the game feel more interactive. The graphics are beautiful. TOTALLY worth the money.",5,2,1.5,2019-12-12 20:29:22,,
gp:AOqpTOGsfRIzMzOVgb1JF7BgO8hU8mHtLb936AZ3xFU4Qtd7hbgXwMAilxiC2jCoez3XtvykSK51n-G1UVEFKcM,Samantha Heartly,https://play-lh.googleusercontent.com/-_aYmF7H1gZs/AAAAAAAAAAI/AAAAAAAAAAA/AMZuuckXvzF1XiByJv0FMqbA2jcHwEuZTw/photo.jpg,"Fun game, but buggy. It'll exit me out of an area before I've gotten everything, and then I can't go back.",3,0,1.5,2019-11-25 02:36:25,,
gp:AOqpTOEldTUlb7YUGjVYkhhGDatnL4yqx36zJV2OHzemUMCRPPshCLetPJMwxdnN-udr2gudGziyDU3sE072ocY,diane weinberg,https://play-lh.googleusercontent.com/-tMZbYngyDgs/AAAAAAAAAAI/AAAAAAAAAAA/AMZuuck4Qbmh7fZu3yKIeiQmkv93XlmMLw/photo.jpg,One of best game I've played and I-10 a 10..easy pezy..,5,0,1.5,2019-09-09 19:44:40,,
gp:AOqpTOHAP96-M00jM5-C4fdOxdIJZ80meNmAeTYno7yLVPUoRioBTDIKBpuilOv-Xp6JNJCbfRU2RWzvd5SgQkc,Denise Galaviz Rogers,https://play-lh.googleusercontent.com/a-/AOh14Gg-YAo92linJaMBQAKSOQ6LCcUR5N3YhspjExFf,really enjoyed playing this game. wish it was longer but liked the hop's & the bonus game.,4,0,1.5,2019-06-18 22:38:56,,
gp:AOqpTOEsDJx5owvJndYpskJW3g3HQq2ff0495xxy-X-SyTqiLczAVTSVDHX7ztWWfR-xX_WSlSRlnCSrgUCWoCg,mona c,https://play-lh.googleusercontent.com/-bbZtWW0UuR4/AAAAAAAAAAI/AAAAAAAAAAA/AMZuucmHIaDbq23IDWl_Qp863TJgji-ssg/photo.jpg,i do not like to hear my games and turn the sound off. i see no option for subtitles. i would like a refund.,1,0,,2019-06-07 23:24:11,,
gp:AOqpTOFTFjCMYdpKnahPZyWiyMsAxzsUBn8fS6u5uol58sYc1YIBVhOQZfbe3zYPP6Y5NDbR1TyGJphIeSaNEwg,Charo Lopez-Downs,https://play-lh.googleusercontent.com/a-/AOh14GgVoocGLPp_1iR2EA6_aeLKz5swhXoP0ddE0dMWUQ,very cool game nice graphics and great plot it has it all! #1,5,0,1.5,2019-05-27 20:13:14,,
gp:AOqpTOEQlBDu_hiCM2lWckFMPivlRHbLjm0hvPEkoHvYpplkrAsQhLPKw3PaUIW6gcuapIZvr0zFShRVdmfl7mo,gccorvil,https://play-lh.googleusercontent.com/-z8iB1eF2ZrM/AAAAAAAAAAI/AAAAAAAAAAA/AMZuucmTkA1t2inPwAICT6reurq7IQ3VwQ/photo.jpg,keeps me very intrested,5,0,1.5,2019-05-11 10:35:02,,
gp:AOqpTOGsQfWVnfgw0Yi_YiM_ilPmVTEqqZ6scE4VfJLMeD32H43vu4nANF7MjSDx0zc5F5_l9gR1-nEQdqD0VWQ,Derek Dunfee,https://play-lh.googleusercontent.com/a-/AOh14GjOXvQnwBx659Vh_m-vU3yvEyUQvJsyYuhgu-rg,"love this game,cant wait to play the sequals",5,0,1.5,2019-04-18 21:04:57,,
gp:AOqpTOF_ATUh9FUIKB9ZtUlcGEE6S9eF20-rodQJUb-nKF-CsKg25bL6HD1m8gsQPuK6Np0cWig-AY-qO-f8-3A,gaming pirate,https://play-lh.googleusercontent.com/a-/AOh14Gghu8o_WlRPipfcbBqhA7bnkS1VwC_WILCkl-AwOg,once i stop playing and start agian i have to start over,1,2,1.5,2019-04-12 13:00:50,,
gp:AOqpTOGBghVs0PAlsqlG5jIGqrCbUGvQS_EktgjoyLBOSIY4g-YDJE5pB3oetPRh_SbvnlpqDG6FOVl-RPVcVFA,alivia haldar,https://play-lh.googleusercontent.com/a-/AOh14Ggude-Thq8gD_GU2kG0BPFDSmb4ZPk_k-eJnuiR,good game,3,0,1.5,2019-04-09 04:57:06,,
gp:AOqpTOF_ZvvyD5fkz90uj4lToommzS50BZNAcTJtukO_qSzPtuy2J5EqhqC-3cmX2iOH57Ggz961rRsCLA5eqkU,Lynn Quinones,https://play-lh.googleusercontent.com/-8jeJtgWvaB0/AAAAAAAAAAI/AAAAAAAAAAA/AMZuuclNaO1W8mYV_-6dpT4pbbZHOYMZXw/photo.jpg,I am enjoying this application as much as I did when I purchased it before. Challenging. I marked 4 stars because I decided to pay again and am frustrated.,4,2,1.5,2019-03-30 20:47:22,,
gp:AOqpTOEbpP7CAe9hlfqtBp49z6PRTgw-EOifcRLqo7KuoSJenKb893jkbA3gVyxFNBH6ZUO_6OBcXdzHzOyVogI,Bonnie Phillips,https://play-lh.googleusercontent.com/-_D1nE7mLbFI/AAAAAAAAAAI/AAAAAAAAAAA/AMZuucmSPqV_6ywx9gfxYSE0YBaMHcBGkA/photo.jpg,"Awesome game, puzzles are a tad bit easy but the graphics are beautiful!!",5,0,,2019-03-09 04:02:04,,
gp:AOqpTOEBP1c_c6n6AVw2uFsHtubc7oz17YorphFLJcg9QKmiCewYqFidELDU_k-7NtRAmkRcLkUtuXtNcdaP87E,Jared Eaves,https://play-lh.googleusercontent.com/-Qr0oDHFlJAw/AAAAAAAAAAI/AAAAAAAAAAA/AMZuucmN73y-v9H1m_Yvwmim3gwJhTJUpQ/photo.jpg,"It is possible to make some puzzles unable to be solved. Some interaction scenes contain a collectable, and sometimes tapping the collectable to get it causes the scene to go away as if it were resolved, even if the item to solve it is still in your possession. This makes the interaction scene forever after unreachable, and therefore, unsolvable. This is still happening.",3,2,1.5,2019-02-24 19:23:18,,
gp:AOqpTOHMctTtkYH22PhnVU5jorbxaKXPU8u-VbabZD383LErj1Rpveo6zgzRJgJa1-_0I76lKM2-tcGFpO00uy4,MaryJane Me,https://play-lh.googleusercontent.com/-NEUiFuuP4JY/AAAAAAAAAAI/AAAAAAAAAAA/AMZuucnkQulVnVQDYFNaM0P2Jgk3pEXAHQ/photo.jpg,"In the first scene, most of the time I can't move forward because I can't get to the lock or the cane. I love this game but it drives me crazy when i can't play it. I want to rate it 5 stars but i can't. Please fix it!!!",2,0,1.5,2018-11-27 23:56:59,,
gp:AOqpTOHORzN6e_ZYDevehMaW53n4c-rVpjfIHEzoymkMXvNPI1O14rw3LQmoxX8RSMp3HmcbTt3iINKnEbOJQok,A Google user,https://play-lh.googleusercontent.com/EGemoI2NTXmTsBVtJqk8jxF9rh8ApRWfsIMQSt2uE4OcpQqbFu7f7NbTK05lx80nuSijCz7sc3a277R67g,I enjoyed the game immensely it has a great story line and made sense to me start to finish!,4,0,1.5,2018-11-24 17:21:52,,
gp:AOqpTOELHuhMeQkftPNatcJfBYSCdDd_4E2gWeTZ9J32HMey-zjtR4-Hm90HSOuZwj5nGilh6YziuihYiRsEsyg,Chris Reid,https://play-lh.googleusercontent.com/-TQGLUmFU5Ec/AAAAAAAAAAI/AAAAAAAAAAA/AMZuucmhK3oT9Izc4kbs_4FNdLvPQifAPQ/photo.jpg,Best yet from Artifex Mundi - look forward to more like this.,5,0,1.5,2018-07-15 05:24:50,,
gp:AOqpTOEGulr-hd0oldZh-0Tk83zoMxFNxZCXNuG1FtI2B5b7JI0WcZgDueETTGIc9AD0o-0Kb9EMOhTeDOLLj6Q,Court Mcrae,https://play-lh.googleusercontent.com/-npgHb_sLDbI/AAAAAAAAAAI/AAAAAAAAAAA/AMZuuclKL6ZjpBKdvSSdwab0SRk5XRLnsg/photo.jpg,Its a good game I only gave it 4 stars because once i vot half way thdough 2 seperate times the game r Went back to the beginning. At time of this review i am also al.osg half way through and hoping i do not have the same issue,4,0,1.5,2018-03-01 08:39:27,,
gp:AOqpTOG_bJN4_4nUURh3JRJi46628K_fTI7v15ZG4jb9p9CH1f9uYILOdfAYn3_6LRmSE6ppvfBmVZ_trBmzGRQ,Brenna Long,https://play-lh.googleusercontent.com/a-/AOh14GjYtVcsZ2unCeayQpndyX-DMd8pRJHCZ7L-vV3CLg,Nice game overall!,5,0,1.5,2018-01-16 23:33:03,,
gp:AOqpTOG4W145e3de8YkqZY42hH0w5I7OjsHjQVhmeZom6AIj_ABUkiUBc72ibr1dUqWuMQ8KleKSmlXBzMNfj7k,Kitridge Foster,https://play-lh.googleusercontent.com/a-/AOh14GhhwpjSKoHFRik3Xk6sh-MfRXNdhWOyBnRYqdPXfA,Been playing artifex games for years. This is one of the best.,5,0,1.5,2017-12-15 07:59:48,,
gp:AOqpTOF9x09qdL8nmvbZHTsUNaEm44kIT6mbvq_AAcZSOdmuTAOQSB7sKePW8uI2ok8LymUKKwP8HK8BTRoLhiU,Anita Locantore,https://play-lh.googleusercontent.com/-AlSlIYOWRwI/AAAAAAAAAAI/AAAAAAAAAAA/AMZuucmfZpiv0vy0prlBBKwQoBZMV6hqqA/photo.jpg,A very nice HO. Not the best but still challenging and enjoyable.,4,0,1.5,2017-12-06 07:07:05,,
gp:AOqpTOEN-NvdX2Va7-huzAkFgctVIDk0fkmkBrNh8sZx1vLQnPd3We_kvYq8dWc0JOOE06ThnK6HSBjXHDSuVXw,Valerie Barrows,https://play-lh.googleusercontent.com/a-/AOh14GjOJHTmYWgHt8bUxqn4RFizYbiZm3JrLQ77MpdZeg,Super fun game good challenges. Would have made a little easier if the back button would have been somewhere else. Overall highly recommended,4,0,1.5,2017-12-01 07:04:17,,
gp:AOqpTOHkwfT2ADopwq26i2steKE88OqQVPfaBNId5e5K-AZbSd749BCZgGM_kvZTvdYBrbvcpPqgMuPArYTZikc,A Google user,https://play-lh.googleusercontent.com/EGemoI2NTXmTsBVtJqk8jxF9rh8ApRWfsIMQSt2uE4OcpQqbFu7f7NbTK05lx80nuSijCz7sc3a277R67g,Certainly a great game,5,0,,2017-11-22 07:21:44,,
gp:AOqpTOHzFtidwJe4aJH6E4wbYRkb8oa4SQs6YXpL_JmdJSEs3Tg4bEuY8u_wJvqdUs-8EgLbZz2aCoh9sn5sPts,Kelsey K.,https://play-lh.googleusercontent.com/a-/AOh14Gg8YU47abKHZyylQJoTTQ9oRxQ7eWRPV0vDvf7emw,"Really enjoyed this game despite the dissimilarity from the previous two games. Graphics were beautiful, controls were seamless, and the story was very interesting to me. I appreciate AM trying to put a plot twist in the game. Definitely kept me immersed in the game play. I would recommend this game for all players.",5,0,,2017-11-16 22:29:00,,
gp:AOqpTOHARQqUaqYkj5HBBqZE0Io4BZiFC8jHHdnO7zBSZ8klvvCJiLGgIF1fF3pkAF-syfPYX6Aynmkw0d3Wylw,Azry NKarnit,https://play-lh.googleusercontent.com/a-/AOh14GiJWH7vLZ5ZSJnehNFT3th-e7VYG-6mFAuCv7EI,Artifex Mundi has the most beautiful games!,5,0,1.5,2017-11-05 13:04:14,,
gp:AOqpTOHwQ3e37EdMiPUpqiexGq29iC9pVKSRzRylOBKu-YkOqT52KWG6XeB4eegwOpU9CEUoCyL3bIFznGOBLa8,Patricia Lindsay,https://play-lh.googleusercontent.com/-gq-6kvQfqrE/AAAAAAAAAAI/AAAAAAAAAAA/AMZuucnfVpw7iN6xhg7M8iw2eEcIAF784w/photo.jpg,"Great game, good variety of puzzles and not too easy",5,0,1.5,2017-10-25 08:47:48,,
gp:AOqpTOFh42OlLnHFazs0AD7s0MmP5Pil5UWB11YNY1hHDzkXc-Rj2SHaZ-cBmm4HqplNow21vGeROmbCggPSQOg,Gail Daniel,https://play-lh.googleusercontent.com/-I4CZDOLcv7g/AAAAAAAAAAI/AAAAAAAAAAA/AMZuuclzhVi--UaHp2yPSV6AGO9TAt2VxA/photo.jpg,I bought the game and now the hint button doesn't work???,4,0,1.5,2017-10-05 20:36:54,,
gp:AOqpTOEGQR499zsBDrcHueRHx4eb1aSsd3PuVn_0gLHEJZoE4mh933oi8n00UF7-BVy1dJFOvQq-VQawXtBdL40,David Ridd,https://play-lh.googleusercontent.com/-PzoBjWcZrHs/AAAAAAAAAAI/AAAAAAAAAAA/AMZuuckil_mbPo8Bo4IvgLGbqpIeiletsQ/photo.jpg,"Always liked these games,but this is annoying me,play the game,leave it and come back to it,and find it's gone right to the bloody beginning again.Anybody else getting this?",4,0,1.5,2017-09-25 03:00:28,,
gp:AOqpTOEZVNUKrsZ2zBIVzP65kWmdj0DUoqE4XviQgdSg8q5jlsdF71qQa0wIxDAARm9rPolAIuQTms0H3XXjdrk,Linda Cohen,https://play-lh.googleusercontent.com/a-/AOh14GitTEH2MoQGEGWrBQMME8P7grUIoG1z2v5k-eR67Q,I like this game a lot. The graphics are beautiful and most of the games are doable 😃,5,0,1.5,2017-09-04 15:46:28,,
gp:AOqpTOEp8OAtq71jViCZx_w_asoobQSxHmyfaUj4fhSf5cVRjCNl5XAnFpFUmNmeUKnziW5nXa98DKXjiNUjYJc,Kay Dibley,https://play-lh.googleusercontent.com/-GI2AMrBIwqA/AAAAAAAAAAI/AAAAAAAAAAA/AMZuucn5qIt-CdRlnX0cYgX_jIsnKZHZJw/photo.jpg,Enjoying the game quite challenging,4,0,1.5,2017-09-02 16:04:19,,
gp:AOqpTOHg2iF8rAYDaUrel8ZjquDNxwCj7ck8iFvuoTFFiJatQoeOZzcqmAJJB2cdsb77T6VS72aa6xzVgHVE4tM,jessica slayton,https://play-lh.googleusercontent.com/-Mg98P3WviU0/AAAAAAAAAAI/AAAAAAAAAAA/AMZuuclIdGT14tPhcMi9kvZN14dJzW8ucQ/photo.jpg,I would have given 5 stars if I wouldn't have to keep starting from the BEGINNING. I can't finish the game.,3,0,1.5,2017-08-31 19:01:43,,
gp:AOqpTOGzVYCenbEEKCz47ot6Ik0efQ0h3lofv4oqpJaTuwRK7CVRsqReIrJ8uhWVukjPADvuKcbuKZSAtegWOHc,Amber Mendoza,https://play-lh.googleusercontent.com/a-/AOh14GgFPZhY0mtdhLSag1sWqZU2L6WRhtZSgxSZGXTN3A,Good game for us questers,5,0,1.5,2017-08-24 19:45:57,,
gp:AOqpTOHKKvh2c4vgTwiWFvGIjJRftrSQylLm4WzPpoUJUrnTJUwPrSjByzBadFp8Xe0XOqyNM5NKDIx_tooJ9_8,Dot Austen,https://play-lh.googleusercontent.com/a-/AOh14GhIW8PXIjQIcr0FivfRIPwT_-uQPYS_ZlNFZ7nY,Thoroughly enjoyed the game should have added bonus game,4,0,1.5,2017-08-22 12:37:46,,
gp:AOqpTOGVxU6JDH6qcbJ4pMxD0Z0uVL8onbbhoTqE6tKkB5j530n1kCLTSp3D93XSp3OA2A_f49zqX0sdi8WSpKo,Jasmina M,https://play-lh.googleusercontent.com/-NEFDnZbYjP0/AAAAAAAAAAI/AAAAAAAAAAA/AMZuucnK7G33V1nuXSEy-U0f73vNauGqCw/photo.jpg,"I wish it is longer.High quality game, beautiful grafics and storyline.",5,0,1.5,2017-08-21 13:50:06,,
gp:AOqpTOGTlzVSnBiJSN___vaU56nhcuuzL0-qwB1J7kmcierwS1rsgJtzhnxyr7WIIGQRQxyUPrBK-0WT4F0e_uI,A Google user,https://play-lh.googleusercontent.com/EGemoI2NTXmTsBVtJqk8jxF9rh8ApRWfsIMQSt2uE4OcpQqbFu7f7NbTK05lx80nuSijCz7sc3a277R67g,"Long and enjoyable game play. Loved it. Two requests; more give with the hidden picture. It was almost as if it had to be right on the center of the item and more diversity of characters, they all look white to me. I adore the Artifex Mundi games. Thanks for making them.",5,0,1.5,2017-08-19 08:59:16,,
gp:AOqpTOFcZX66gm49HJ55v_udgrQb4GGHAJfjyw9F2mVmMRIfeRxhf2id9XtzQjxUwM-rpnYac9ggE7_M4ATlEfM,Emma Cain,https://play-lh.googleusercontent.com/a-/AOh14Gh5gMrb-O82m_tgqcVBAbexDiWdZEf7MINmp2NN,"As always, I have enjoyed the game so far. And as always, I just wish it were longer. I'm addicted to these types of games. Artifex Mundi never seems to fail me.",5,1,1.5,2017-08-18 18:01:31,,
gp:AOqpTOG3pc_KsUcOKKpQ1tjsphjlIBNc_Ey5UESg-_2QReT0t8jzeDRqu_OOKXII-3Lryae1S-yx08XxyigecHg,Cute Lil Thing,https://play-lh.googleusercontent.com/a-/AOh14GjcfZGRl3XO9GW8XnAev9rBnRc9pQJKvf0sDX7g,"I must say it's one of my favorites from Artifex Mundi.  Original story, great voice acting, plot twists and challenging minigames. My only sadness was that it wasn't longer. I found it so addictive I finished it in one day.",5,0,1.5,2017-08-16 11:37:07,,
gp:AOqpTOFEYvry7u9wDBzBgcjKtVSplKCWWBffYz5Qk83_zgYoa1tAuWggSBgWmTywvGGEi3buXlFiHWFHmp5Cks4,Rygar Bensen,https://play-lh.googleusercontent.com/-oPldRzV0eg4/AAAAAAAAAAI/AAAAAAAAAAA/AMZuucmQ-ZDrGxqWW0QUJ8XNRroGS-IUeA/photo.jpg,Another outstanding game from Artifex Mundi.  They are the company by which others should be judged.  Six long chapters and a nice bonus.  Good music and beautiful graphics.,5,0,1.5,2017-08-15 13:09:33,,
gp:AOqpTOEtQ3aTfhTsIaaWYdaCTqB7jd7yqtctftUZ4efygGc7z1_asSzfWdqI55fu6-ga7baNkynB0Q8HUiYqzLg,Khalid Hamad,https://play-lh.googleusercontent.com/a-/AOh14GjNkg4PEaWobSBbwWIQg7I_alvB1QmNNuuJYLaPdA,My favorite,4,0,1.5,2017-07-02 15:37:44,,
gp:AOqpTOFLGm3Bj-tcWtxOfev94csqyHUAY4W_Uu_qsO3zyhkPfUBdpkagrepTt7PLyZZ5pmAaaY5R3BUYuXWyeDs,Louise Beckley,https://play-lh.googleusercontent.com/-6ZIWFsIujz8/AAAAAAAAAAI/AAAAAAAAAAA/AMZuuclAhJBMII0BUYAzm5f-HoEsEb941g/photo.jpg,"A really good, if somewhat short game. Can get through it in 2hrs if fast. Can be difficult to click on the hidden objects, not precise enough. Keeps on deleting all my progress, so I have to restart.",4,0,,2017-07-02 11:24:58,,
gp:AOqpTOGtwYwJ1mJ8wbio4wWhZpI2IQDNNt6-7wPRrxcXsWSqUPrH5FwRqZoASHUibGjbY268A6EQaqL_3AsPZjM,Net Daquiwa,https://play-lh.googleusercontent.com/--X3Pf2xAa_I/AAAAAAAAAAI/AAAAAAAAAAA/AMZuucmL59UJZMHshAXfWVdVwcP_4zvirA/photo.jpg,Love the game.. the graphics and the puzzle,5,0,1.5,2017-07-01 06:22:46,,
gp:AOqpTOEfGxJI4pC_w4NWtSKMr-_IYuEi9yBmLxAhXsOpXVwQC3nMrnfmFAVbmrTXwAOBavt1xuxvaKWOxDzSbLw,A Google user,https://play-lh.googleusercontent.com/EGemoI2NTXmTsBVtJqk8jxF9rh8ApRWfsIMQSt2uE4OcpQqbFu7f7NbTK05lx80nuSijCz7sc3a277R67g,Superb,5,0,1.5,2017-06-30 16:52:50,,
gp:AOqpTOHZJ9ElJmZ0mKlYqGh88q-BzY_kk311Al1RK6q5-QIAXkzg4meLlZaTOe7cIUet05PASdZgeKHsfao_lIs,Mohamad Alfakir,https://play-lh.googleusercontent.com/a-/AOh14GiQTbzX_ngr9aadXJTiYMWYAcupibj_hyA-FCT2SQ,Okay game. Similar to other Artifex Mundi ones. Graphics are nice. Music is good. Story is a bit shorter than others.,4,0,1.5,2017-06-29 19:15:18,,
gp:AOqpTOH__9_bYSe20z5uH-lqUyPHomDSetM3x9fXvfY9lEiWWVZ4jkCpgLt_wB5t8yJP1IfXLbIqSPCfelFaPDk,Karen Powelczyk,https://play-lh.googleusercontent.com/a-/AOh14Ggu0L6116l_KLCHUZgKhD8Zey_zOdkd0Sswh1sN,Excellent game,5,0,1.5,2017-06-01 16:43:46,,
gp:AOqpTOFYSJwSLrVttX8xzXdZ8o0y_aKb2TjnsXFmHHogb_TIMGsk5EXpkGOYSVT4tjtbFXO5TJJno1LxquLjhgA,Ashlyn sterling,https://play-lh.googleusercontent.com/-F6kwHq-l1eo/AAAAAAAAAAI/AAAAAAAAAAA/AMZuuckTnCBAs44wLiWwohCOT8-KrD-t3g/photo.jpg,Great game has good p!aces to go,5,0,1.5,2017-05-16 18:33:20,,
gp:AOqpTOGzMd6nmcjs42eYk4fVO4K6yFuu6AUWk1FMB532nx8zmlZ_psIJU-X79YQ-T_EnUpZ9tFiXCCUftfkSl-U,A Rodgers,https://play-lh.googleusercontent.com/a-/AOh14GiPm6BGoa1p04GxpXBRlcMUI3XRF62y6Hbzq4bjA5M,"Beautiful graphics, well thought out games.",5,0,1.5,2017-05-13 23:54:50,,
gp:AOqpTOGB6h0p0gvfrlkFUVjFTbdP_BaJabHjd4qmYwhjZS_RYniG1voMT9A1Pp5J3Y1cE31N0gRs_ODflSOco-4,Anne Freeman,https://play-lh.googleusercontent.com/-KIXFNCjBtp4/AAAAAAAAAAI/AAAAAAAAAAA/AMZuucm1n1t7AC-OgqIyuRnGUWoKMLMs-g/photo.jpg,"Best of the Grim Legends series, and thats high praise! Can't wait for number 4.",5,0,1.5,2017-05-13 19:58:45,,
gp:AOqpTOHHl9Su3BLXkpMj_XAdnggT55vxrX53KHEci9LVOrw1f4YSBKuovVyImW9W8ngcbChsIBoSNTwzRQBI8aE,Dee ROB,https://play-lh.googleusercontent.com/a-/AOh14GjM-pZ9u5qD100AhoTto7rf7FnbG-9dNYgYu1T6zw,Very entertaining. I bought it before I played. I was just that certain ill love it,5,0,1.5,2017-05-12 22:49:03,,
gp:AOqpTOHdp3Bp95iCX-TMZbfhRVr93NBkadB-0oUtqxKmjdDpCHeUpdUYOlMzkR6OUb-eFp44oqMagQ-XB0WLf0E,Bobbie Henley,https://play-lh.googleusercontent.com/-uBI6DOcwimU/AAAAAAAAAAI/AAAAAAAAAAA/AMZuucnvFQYhHy-O4t3EdELDoD2UnaTlmQ/photo.jpg,Just wish it was longer...loved it!,5,0,1.5,2017-05-12 21:47:43,,
gp:AOqpTOHh8Hdk2DxdwoW3RLeICSAT6W9fZMH-d_0oZgv1ZuKWR2w5OBExlEQ3-347qRA1ybuLocFxdnFKl3Uo3BU,Melissa Handley,https://play-lh.googleusercontent.com/-dm3J3T0LfrU/AAAAAAAAAAI/AAAAAAAAAAA/AMZuucmDbWHZP70EWyeH0e09MZXKstja7w/photo.jpg,"I loved GL1, hated GL2 so I wasn't sure what to expect.  Happy to say this was a great game.  The HOS were the kind I like where you are looking for parts to assemble into an object.  A good variety of mini games.  Story was well thought out and the secondary characters actually served a purpose.  Beautiful graphics and animation sequences.",5,0,1.5,2017-05-09 16:55:59,,
gp:AOqpTOHQ8Onq5-ml0_WhFdaxJVkyTxmnok7jrhGxVDHZkX-v_AaJ3c25RrvEgZOtGfDu3oay6eBuGRBgpFPkrJI,JO LOCKWOOD,https://play-lh.googleusercontent.com/a-/AOh14GirmQ_knCE-i_PnhyoNC46g-FcZRrZQDVWUUGQ,Am really enjoying this game up to the moment. I just hope the thrill carries on,5,0,1.5,2017-05-09 10:07:51,,
gp:AOqpTOER8cu1ejGYWTE-GT9AGfEZy1PcP2fUeawwVleEYECftP7kQtgxzJU9KUoBiNXDZa5725xnJPzSpLXOlXQ,natassjaann,https://play-lh.googleusercontent.com/-MVxwfj-5_DU/AAAAAAAAAAI/AAAAAAAAAAA/AMZuuckAWtZks8EWUTAhF-VOrz9CffUBhQ/photo.jpg,It's ok I was a little disappointed  in the storyline and some of the mini games to me this game was not as good as 1 and 2 I mean graphics were Amazing! But if that's all that's going for it? Idk I finished the game in a few hours so like I said it's ok just not my favorite... 1 and 2 remain for me the best.,3,0,1.5,2017-05-09 02:59:40,,
gp:AOqpTOGrs5cduCQhRb4hLJCfOcwzqoHxsh2tRPH1rzQYv_b7tYSbevfXs4hzOAxbbgm0LC1k15_fmRUVHonKrBk,hannah gazy,https://play-lh.googleusercontent.com/a-/AOh14GiOUIRt69OZX1ijY2ntcMgkFOmzHDOkCZ2voEW2,"This game has a good story, really kept me engaged. One of the better ones and well worth it if you can get it on sale",5,0,1.5,2017-05-07 12:30:57,,
gp:AOqpTOFolK_Y4lZk0v2YG0YUE6aOyPuBW9nXk95_VIgIgZvzEGwLznSRtuYE06LO0YZnWNozjbWQSBtbdtl1XUE,Barry Wood,https://play-lh.googleusercontent.com/a-/AOh14GjGCiKPCDt0m_WyuijKbBbIjbrtsC6D1-o8y_2ISg,"Second time I've played this game and still has me on the edge of my seat and unable to put it down till I know what happens next. All the great traits of a great movie, play, or in this case a five star game.",5,0,1.5,2017-05-04 06:34:15,,
gp:AOqpTOEetPN-PCoblwxVeRZo--QMxVHL-weerrc_HNdNvg2RukLR-g2kxCPo5Jn1Jpseo8OptXMOqHXoHgff6Q4,M C,https://play-lh.googleusercontent.com/-4zo21mNmvR0/AAAAAAAAAAI/AAAAAAAAAAA/AMZuucl74_ofhbTPQpPf8VHZIZl6cHLlaA/photo.jpg,Really nice. Worth replaying.,5,0,1.5,2017-05-03 01:33:04,,
gp:AOqpTOGksjdxJ3mk1BxaQMj48BR_9bjKBrUZGisWwrbQEjFrCFMNaf8e8W9SwiaLw2zNTMdTCOvWeTy_nMOC5ik,Hannah,https://play-lh.googleusercontent.com/a-/AOh14GhCw2clBnV6Rn09q0QgTi7ImESSCNXAOEW4-V0Ezg,"Great storyline and voice acting, beautiful scenes, I had to hit Hint quite a bit on the HO scenes as they were a little blurry. Love the music too.",4,0,1.5,2017-04-29 01:17:27,,
gp:AOqpTOGqGLgz_UvMo1NcvltzmhSkbvu3knqmLrW45gi0XhuIcHVetfuwzWhUlceJlqAslp0DzeLU0Tkx6gRxCFQ,Joan Pake,https://play-lh.googleusercontent.com/-ScdK0KPj3Vo/AAAAAAAAAAI/AAAAAAAAAAA/AMZuuck80mELo0Ob_zG99sg3i2G72AJqZg/photo.jpg,It was great and I  enjoyed it.,4,0,1.5,2017-04-19 12:21:56,,
gp:AOqpTOE7_-pq_CMKHdnoqEsN_VZeCjO-HCDurN05VHvybYqAWriRJpPSmcMuRRdHexuKdHj6O9OWpIh-NkV9qAI,Helen Creber,https://play-lh.googleusercontent.com/a-/AOh14GiZ0Hyxl1FX5aMFyxxzWnubcbGLjMZlhLKGMmLbfLc,Lots of interactive HOS and puzzles to do. Played on easy mode so map very useful as a guide,5,0,1.5,2017-04-04 06:30:06,,
gp:AOqpTOFQjrPAbSkdO5WSXqEwkWN8iEsWwbHOuWPKmUioAxfFSv0bpiTGdMymB2pJk5xgUna5haoMQI5FRaxp7EY,jane hook,https://play-lh.googleusercontent.com/-OnPwIeuGYf8/AAAAAAAAAAI/AAAAAAAAAAA/AMZuucmQuo6XDLSBctYUyvb43tbEvx18aw/photo.jpg,Awesome,5,0,1.5,2017-03-30 13:57:17,,
gp:AOqpTOGzDeJWVHvSJ3mXtF4GIDOswljX5BeJFKKU8h8pee9SqhGCyGRhZJ3Z7U5wouY2FH9CDHVoIRuTnjfA2dM,Tony Henson,https://play-lh.googleusercontent.com/a-/AOh14GjOI2r_KmKryYLoqzSk69M8aghJLzHjsrKiLdKs,Awesome game! Have not stopped playing it once I started. Good mix of puzzles as well,5,0,1.5,2017-03-24 12:28:00,,
gp:AOqpTOGxpCVeNdszega_kB_Vi1VpQTDRGiXpGFW3CY-8SBEYjzktozUouNbgV7I2kiMCEEqmEHjyOUzriCVYRfU,Charity Winiarski,https://play-lh.googleusercontent.com/a-/AOh14GgwfC_4yEc-cW5ZfjXtNIy63_0njOhJkY7he5HbTg,Crashes and starts me from the beginning. Love the game otherwise! Thank you!,3,0,1.5,2017-03-24 01:19:17,,
gp:AOqpTOGZ0j6FZk0TILjeJDoydZX6CIzJtimxcM07dtAJtu-Uxd5B4x9SdxxFmBrsA2KOf_8ACxAIlGC30qdE-Uw,Millie L,https://play-lh.googleusercontent.com/a-/AOh14GiHaA9AUvO8fYLLVHUeYTf_LBJIYFmkY_cIQWlgKw,"Okay but not great. I found myself only playing a few minutes at a time then getting bored....just went through the motions to finish. Very few hidden object areas (although good ones when they were there), otherwise I found the fetch quests relentless and at times illogical. I play a LOT of HOGs and I expect a bit more from expert mode. Hint button recharged too fast, and why not have the rune 'fights' with a timed aspect to it - I got distracted but it just waited for me to pick one.",3,0,1.5,2017-03-23 03:16:09,,
gp:AOqpTOFGimYVc1_VTYWt9Z5sOjz7y6aVWgG7nPYLqehP4kUGtcdrFflh5f5XraSkfp0BfTjjpitk7sqMcrLLB7s,Beth Vilneff,https://play-lh.googleusercontent.com/a-/AOh14Giuk48sC0V6d3lAYoCtCSpvXGej-nLLc6LIrG6A2g,I paid twice after realizing. I have already played it before and take the demo. I only took the full version,4,0,,2017-03-18 22:32:33,,
gp:AOqpTOFsTYXT6v-SLpQnIZCHkfC5fi9sZxLFN1MQe9H8xSDUzWjHaKv_a5ep9ntvTlhLzgbYjepmhw3bLmkjmgE,Derby Chang,https://play-lh.googleusercontent.com/a-/AOh14GhelPQmOaPcqfCtJBZ4JR0Kb6Ks1fRDT_qMNFRRLg,Above average voice acting. Good story. Quite engrossing,4,0,1.5,2017-03-10 08:56:25,,
gp:AOqpTOHy147rIYQYY0DqP9R61U1bQUFOqM9xKS6I8x1BH4VVZ3xPcedsj5PPbcWMrYh1g9WbHJUsmyNvdPFv70M,Mark Drumheller,https://play-lh.googleusercontent.com/a-/AOh14GjAnixl0sEGwINh4UHRHM4m4Y_SBPp3oJO3D8Tc,Artifex mundi are the best,5,0,1.5,2017-03-05 07:04:35,,
gp:AOqpTOH-uvpEd0BAa25iLdoptmPIDWtdwUyltl8mjAccGigWjUPHowvDO_H0PFEZr5iG8ghgLibb0eCKoM2qkDE,Penny Kimbling,https://play-lh.googleusercontent.com/-VAlud4EiWcA/AAAAAAAAAAI/AAAAAAAAAAA/AMZuuclNFJixSLCd4dAtbl3NvkYHDINY8w/photo.jpg,Loved it.,5,0,1.5,2017-03-04 10:58:09,,
gp:AOqpTOEaiF_3jREOSxVPbhwGRqyakXoRy_YsN_LBsXgiQJEepzZHIuJPGaKSTdRA99ONTmsMwN6tKMMniMoIwvA,Jenn Landis,https://play-lh.googleusercontent.com/-n1RQRSJP_zQ/AAAAAAAAAAI/AAAAAAAAAAA/AMZuuclQmDYAYAS8K7gaxQzEV28LQHNEqg/photo.jpg,"As expected, this was a great game like the other 2 grim legends",5,0,1.5,2017-03-03 08:46:53,,
gp:AOqpTOFBkQAy06DEBRTUaKPeBRWloDHUxW8ht_pH_PshMZ_VgHYcElT46TFQKvOdSt7xJq1E1mHdOBAio8bdamM,Tommy REZI&KELLZ,https://play-lh.googleusercontent.com/a-/AOh14GipPwHC89UNoLeqo7gA2p1skBmEmZrvAR8S2ZvP,Its A.M. they speak 4 themselves,5,0,,2017-02-28 08:31:05,,
gp:AOqpTOF_oN85g1CASp7LXmyEd8v38pMe0zpAWYInkSjBx1cujcOBe4VO5T74hBH1HhdmCfiwI_Wdp83ASIMCM3k,Cheryl Mcmillan,https://play-lh.googleusercontent.com/-BngcjPXV8EE/AAAAAAAAAAI/AAAAAAAAAAA/AMZuuckroSTbWqVZHlyV99QHj_hOiveqEg/photo.jpg,"Always liked the Grim ledgends series.   This one is up today part with the rest.  A guide would be helpful but you can make it through without one.  Just some areas I don't know what to do do.   The map is good, but I am using the hint button more than I would like.  Great game.  Worth the money.",5,11,1.5,2017-02-24 03:44:30,,
gp:AOqpTOE6M6Y1LzQhoFq_vQjaQbvTJXuX8-oNV26PY_HPKd8eJRKtavKyGiFIgKeYLrXkYy2iMKHCGXk4E3Whv-U,Therese Bergeron,https://play-lh.googleusercontent.com/-jBsIhxhHgx0/AAAAAAAAAAI/AAAAAAAAAAA/AMZuuckN1lwfMl_372HVtugXYDmYDhg59A/photo.jpg,Rallye like it . Not hard tout play,4,0,1.5,2017-02-23 04:45:37,,
gp:AOqpTOFq7sjSWKJ4cGGwBKm66vLuEPBLnYn2JN6ekdv_1jvroXIOpew3q74TuSpZEPc8O7M-i1D_YdjFE78-JTA,Sharon Gregg,https://play-lh.googleusercontent.com/a-/AOh14Gi95lBcZ5xH76sX-9OWXB5uJRduv6_SEnM1hA-odw,"Love all the grim legends games keep them coming. Storyline is great along with voices, music and graphics all worth purchasing the games do get harder as you play but who doesn't like a good challenge",5,1,1.5,2017-02-18 20:30:50,,
gp:AOqpTOEGbx0YhIFqnWHAOVOTobFYnRvKvb8BHOGSH0clSafG2zqLKg9PRXgrVCRkvLM33_AKl3P4D9VQWdqFVrk,Judith Cline,https://play-lh.googleusercontent.com/-VYLV-KYAuJY/AAAAAAAAAAI/AAAAAAAAAAA/AMZuuckgEj3D3JNHbZZrppNm-2sgmZTlGg/photo.jpg,"Could have been a bit more challenging by not saying specifically what was needed  (on hard level) but overall pretty good, I enjoyed it.",4,0,1.5,2017-02-15 22:40:18,,
gp:AOqpTOFX_MRzhJ7CfQ5EwdmiVTlFoc0XZuhxR1aJ52ItpRcLearqdN3ZMl9rLa4Lhowif5FO3OH4PDu98YZ4dwM,Tina Skaggs,https://play-lh.googleusercontent.com/-f_w41fob-1w/AAAAAAAAAAI/AAAAAAAAAAA/AMZuucm8-L2Gg_djhAy1L62h8IH33seRzQ/photo.jpg,It looks like a good time.,4,1,1.5,2017-02-15 14:07:44,,
gp:AOqpTOGTga8gxygn51aeQTU6pBiVFPDdWkZd0nIhIvAwVRHleAWqYAC8CqU_WBj7VfCr7ipzgxR3Er-RfXBImsk,BowieMercuryCollins,https://play-lh.googleusercontent.com/a-/AOh14GjkkL8__aEnplEyT2whj2SnARdbaUGbAxO2cTrBeA,Amazing!!  I absolutely love it!  I have all 3 now and absolutely love all 3 of the Grim Legend stories!!  Please keep more and more Grim Legend tales comming!!,5,2,1.5,2017-02-09 20:23:59,,
gp:AOqpTOHkvmrIshldLFye4JRvqEvqj9wJtFsjW_acwTjOB3sMXJyPmrhxVVU8J8orvdg4RwtRUXQ7w-8X_SMiOzA,Amy D,https://play-lh.googleusercontent.com/-ywKLh9otVVs/AAAAAAAAAAI/AAAAAAAAAAA/AMZuucmzKDh9vkFvEpxJpFek1ZcywJ7UaQ/photo.jpg,"Beautiful graphics, smooth game play with puzzles, mini games and HOS that integrate seamlessly with the storyline. It's becoming something of a trademark with Artifex Mundi games. I was completely invested in the characters and story. I only wish was that it was a bit longer!",5,2,1.4,2017-02-04 08:19:59,,
gp:AOqpTOGUz1OIDOueW2ckYei0UhzFvwG3UnRbtrIpufwRRnkPPt1CaxWzbit22DH3z1gpnuuXHsjHFsksCo15NBg,Sarah Kaye Crim,https://play-lh.googleusercontent.com/-lz4XFInQXjQ/AAAAAAAAAAI/AAAAAAAAAAA/AMZuuclezPd2NIPSScVb_BnlA_fgd_uhJA/photo.jpg,I like this game a lot but am continually started over in my progress. It does not save progress past 2 days of gameplay. I am also having trouble contacting support for this.,5,2,1.5,2017-02-03 14:58:40,,
gp:AOqpTOGOOhGokd1TqFcFT8szmVINaH6f1XTumVAKLp6oisXVJMSpZo6Qiy2Gzbt15ugED0h4w50DTr9rq9M1EzE,Sandra Cohrs,https://play-lh.googleusercontent.com/-SKwpfBUp5Ic/AAAAAAAAAAI/AAAAAAAAAAA/AMZuuclZXros99E3M5bYo-pyb5ycEnmocg/photo.jpg,"Another great one from Artifex Mundi. Although they seem to have similar story lines, they are all different enough to get you caught up in each one. I play themto over and over to get them right. Great story lines, terrific graphics,can't stop playing them. PLEASE keep them coming!",5,6,1.5,2017-02-02 01:23:58,,
gp:AOqpTOHZ_K75LrPkr5kxGDKSpyt9UWvHjdhEnY63ebslB7fy7Eq1uW1rpZ0n80I9KwnJFxNXOQKGVpmyVzov7w0,Psalm 51,https://play-lh.googleusercontent.com/-YQc_NP-zBYI/AAAAAAAAAAI/AAAAAAAAAAA/AMZuucmqecl_Dc29AZaSkT5Zce7Ly3tjUQ/photo.jpg,"With great FMVs, good voice work and a reasonable story, this app is well worth your time and money. Sure, puzzles get too hard later on, but I don't play this type of game to be stumped. It's a long game as well, lasting upwards of ten hours, as long as you actually try to work out puzzles and not use the hint too much. Not as good as Enigmatis 2, the Mists of Ravenwood, but that is their flagship title!",5,10,1.5,2017-01-15 11:48:04,,
gp:AOqpTOGq7R7elNwAG7txhRwxwFve4h7TAhAOXr-QJcRt9AkYXyQnoocXsWTI1pbTPZjZNL2GZEO4z0grFfzMMbw,Vanessa White,https://play-lh.googleusercontent.com/-xWLzh-eKROU/AAAAAAAAAAI/AAAAAAAAAAA/AMZuucn384CNkO3dG0XGXz60lFT3GHTnjQ/photo.jpg,"Love all the Grim legends so far!  Keep them coming please, deffo recommend u start from number 1",5,2,1.5,2017-01-09 14:19:56,,
gp:AOqpTOGIR2Y8zFGnujqsx1h_R8HtnYWI73ORnvQBmkvKK8HA6SxXWMK7gmB320gQ2pZGdK9B7bIEmV_EL-5I3Fk,DeeAnne Attridge-Putnam,https://play-lh.googleusercontent.com/a-/AOh14GgLmUzW_Hk0V3TK36zqLoMs7E1-9AmCPduIjb4O0g,"... from this dev! I've played quite a few of their games and this was one I knew 5 minutes into playing that I was going to purchase the full version. AND - it's on sale right now (hint, hint)!! Great game 😁",5,2,1.5,2017-01-05 13:24:06,,
gp:AOqpTOGYCgsnKj8KTjQ3hwuy6z2NqRmkFA6yt0UrkkIM2w0wnPN4xG72lMbKhcNSljv7P0d_ubmNpY05O_F5FXk,Mary R,https://play-lh.googleusercontent.com/a-/AOh14GijcpvfRHmu9khA8akkxCSoYtfGI7WvNdMY5cx6fg,"This Game was well worth the price to play!  Great story addition and bonus game.  Lots of great puzzles and graphics, no glitches, and the accompanying music was not annoying!  Hours of fun interaction! Yay!  5 stars!",5,1,1.4,2017-01-05 11:29:46,,
gp:AOqpTOGOSFbKuJr4qilsw19ffaBWqtVk7oVPuIc4JMBr8HTwZeyfTl55E9f_fPfCzy0--RnMd-IVcY_WydKddbY,A Google user,https://play-lh.googleusercontent.com/EGemoI2NTXmTsBVtJqk8jxF9rh8ApRWfsIMQSt2uE4OcpQqbFu7f7NbTK05lx80nuSijCz7sc3a277R67g,Usually I love Artifex Mundi with their great story lines and effects. I only use Artifex Mundi. However I got to chapter 6 near the end and got kicked off and now I have to start over again. I feel like uninstalling it. It's now stuck and I have to start a new user. This has really annoyed me.,3,0,1.4,2017-01-03 23:36:49,,
gp:AOqpTOGvf1RWQ0KQ0g-GcIgDq0ij6YyuNNl2Ch5ksuIjf1bzLExtsvPRpSeInZBnSH8MKsexumHKXU4d2QDUyhs,KerryLynn Turner,https://play-lh.googleusercontent.com/a-/AOh14GjkMtrrNL5BjjBi7WAfu7cXvKhSiA4HvA0WZ6es,"Good graphics, storyline and mini games.  Liked it.",4,0,1.4,2017-01-02 21:51:54,,
gp:AOqpTOHkw1w1hgHmM-LQUbM5XY5R7xLACnOPjs2TFnIcjIW8ACMon0j6uzCmmSa1KlAZz5rSrNqSz52C0lLlhrY,Ruqaiyah Sapuan,https://play-lh.googleusercontent.com/-oKvzVfc1fe4/AAAAAAAAAAI/AAAAAAAAAAA/AMZuuclRLgtM3tjOmByepmWbD3jn3eIZpQ/photo.jpg,Have been quite a big fan of artifex mundi. Bought and downloaded many of their games before.,5,0,1.4,2017-01-01 05:26:02,,
gp:AOqpTOFv3NFqDXSJz7T5Sweh4t5rqfljxe5BWFvhVA3feS-K1KYeSgLdT_H0x6wskR2FzFWAXvI4FT8DdTKflok,Gayle McCormick,https://play-lh.googleusercontent.com/-xhuLk1k1c6w/AAAAAAAAAAI/AAAAAAAAAAA/AMZuuckgParZWpvMgE9qThBvvgqthS-r6g/photo.jpg,"Long storyline, amazing array of puzzles. Well, well worth the money!",5,0,1.4,2017-01-01 03:28:09,,
gp:AOqpTOEJkIG9WwGnqpDi73iwdW5kPVIEReTqrIA3ZXobygKM-IbTnZWgg7zIyGGt1uEpY1i8hK6_297pczzCUdA,Antoine Grech,https://play-lh.googleusercontent.com/a-/AOh14GhFjytog35tMJ5mNwZqX1DIz-xobOWpJFPJ6CF2Fg,Great game,5,0,1.4,2016-12-27 09:42:19,,
gp:AOqpTOE4eLkQe7j-Yl0IcJDHWJ9ebPSsNOQZvt8XGRZRLCOAi-M0tCW1kRjdOWEIYquj4Av_Gl1cU8LTiehwXm4,Amanda Anderson,https://play-lh.googleusercontent.com/a-/AOh14GgmXiH8nsUa8OwNYkQC6i5DNf0uuvqQZQ8biLCzsQ,Tried it while on sale. Enjoying it.,4,0,1.4,2016-12-25 20:34:11,,
gp:AOqpTOHuDN3PjA6saT22SzCFMrFotNupEyZHopMcYXyjnvZXmwCLxRJKo_-lJxNzXH1h3vzKGDooUcAcYNYXfZk,Beverly Jones,https://play-lh.googleusercontent.com/-Xyc-E12D_MI/AAAAAAAAAAI/AAAAAAAAAAA/AMZuucls8qAcNj-TZKGYJphAvlVp_9zUsg/photo.jpg,Excellent. 😃,5,0,1.4,2016-12-20 17:18:34,,
gp:AOqpTOFLZSW12O72nthBaedSzVN6NaUPa4O_EbaN7sUCVtxGTtsw_z7iSiyIpFTvFiF6d_TEB7_MfnLrGE3dq0Y,Fammina K,https://play-lh.googleusercontent.com/a-/AOh14GgRCx3G1jSoLjUNAwYHxppB3wmX70kba5sbQ5BF5g,"I am a big fan of AM and bought most of its games and this is by far the one I enjoyed the most. Graphic is phenomenal, very detailed with beautiful coloring, story is incredibly interesting with different chapters, games and puzzles were also not that easy, everything is just perfect. This deserves 6 stars!!",5,0,1.0,2016-12-14 16:57:43,,
gp:AOqpTOH4WiRx48IUg_K5hjtkyO5F_rCilQgWlfwVIEItlgQzYDlcD5TG7aWA-ISKq3uT1NoCjkb02nQFxolSNCI,Nicholas Knight,https://play-lh.googleusercontent.com/-pm6ex5z0kQs/AAAAAAAAAAI/AAAAAAAAAAA/AMZuucnXgRkI4dcouLTk1I6KFJ-bPgP6jg/photo.jpg,I am up to level 4 and have had no problems and I am enjoying the game. Only 4 stars because if I give you 5 you will think your too smart and stop trying to improve,4,0,1.0,2016-12-11 04:50:44,,
gp:AOqpTOHeNH2tAV9si8pBIrSUih5C_sLem-6lzCTr8hvUEQ_ADOoP3JyXTBREwgOXk_gSxwOTlUYBLNxwcLTfiaE,Kelly Henrichs,https://play-lh.googleusercontent.com/a-/AOh14GhQvUhLFIFvVmRUJFD8Nxf34uOhalCoYT3CHAg3rA,App crashes and freezes. Can't play at all!,1,0,1.0,2016-12-07 14:12:23,,
gp:AOqpTOH-zUlKW3fDp0rPVYu9kQlGuhgDXB53jAWS1tyVyDbEUgSNmXshiJgoJ9QtWql4KHPwRaioUlw0MYQ2hhU,Jan Tweety,https://play-lh.googleusercontent.com/-eeF8xs29LhU/AAAAAAAAAAI/AAAAAAAAAAA/AMZuuckENLgXTSbDyrNMHUn0RyLVymEIJA/photo.jpg,Very enjoyable game. 1st one I've played that makes sense all the way. Music is pleasant and graphics are superior. Well worth your time and money.,5,0,1.0,2016-12-01 20:03:45,,
gp:AOqpTOErqvlOEwzjlKqAvigm3yeTChdcLhFL0qrS8R1NQ5hJdpjW9SflWnwRYC5YbUdK4o6msNG1uHVGGG8augk,Justin Jones,https://play-lh.googleusercontent.com/a-/AOh14Gja9_mw6MeB_Q6eiE1RUwL-X9eKfcWIaMEl1rbXjg,"The grim legends series has been great! The graphics have been improved again and again and this latest one is fabulous. Wow! They changed up some of the interactions and it is refreshing. The story is ok for the most part but everything else really really shines. Fantastic job. My favorite so far has been grim legends 2, dark swan but as I said the entire series is awesome. Looking forward to the next iteration in the series! Great job artifex and team!!",5,1,1.0,2016-11-26 12:11:02,,
gp:AOqpTOG7ZcPuAP1s8QiUw9OvBfGinITId8K0tFhSqjakLihwVBrHpTFuGP0blSf4dPeF-DC2Xe8E9x9OLZCdbf8,Debra Starrett,https://play-lh.googleusercontent.com/-btbHNXKJAvQ/AAAAAAAAAAI/AAAAAAAAAAA/AMZuuckxH5hJERZm91xZ86vB0QNw6csV-A/photo.jpg,Fun to play and many places to explore.  It kept me guessing what would happen next,5,0,1.0,2016-11-21 06:37:11,,
gp:AOqpTOEkYzMukRbZuy-mMBayRjuoHvdhlhJS9PaDfXZZj9XBN0H1R0pV8vbwjqHqQ96r8vFvWuNg36DM6a16nd4,Phillip Shearer,https://play-lh.googleusercontent.com/-RdYgbb9rkAE/AAAAAAAAAAI/AAAAAAAAAAA/AMZuuckBDeLScQtXDed-yR2BUUmOZqwmbQ/photo.jpg,"Ability to combine items for use, puzzles are different from other games I've played, find the shape type hidden object games.  All in all great game.  I came across a puzzle that even though I think I had it right I had to use skip to get past it. (The one that you used the photo negative to get the pattern..yes I remembered it was a negative.) Edit: solved it second time through.",5,5,1.0,2016-11-17 13:00:21,,
gp:AOqpTOE_C3N_4Hjac44srvqB-XmwLH_IBASXA--doDvsGyVsgU_APN3fJjOEBQ3SL_iZ4QRnrPuXyqxCddN-FnU,A Google user,https://play-lh.googleusercontent.com/EGemoI2NTXmTsBVtJqk8jxF9rh8ApRWfsIMQSt2uE4OcpQqbFu7f7NbTK05lx80nuSijCz7sc3a277R67g,"One if the best of these kind of games. Good story, puzzles and art.",5,0,1.0,2016-11-11 14:14:13,,
gp:AOqpTOFIsKSeALuMvOic323PbB_cBro9Mvj_ZIJO7Iov8ic_xng4K0gqQ_50i7nzzJSe7PwJj4hpdiPErwboILg,Danielle D,https://play-lh.googleusercontent.com/a-/AOh14GhzqnhkyCh7NWdiAJeOrAkayXZIx2URpEuREtS2kA,Well worth the price,5,0,1.0,2016-11-07 20:39:45,,
gp:AOqpTOFafKtrh3hWj3z2Wh_PiJatgZzK7g3euapxfXamrTFMcA2UQljkxoprmqGYQ5V9zcphuSzsUAQpiTtkrPQ,Dianna Maria de Borges,https://play-lh.googleusercontent.com/a-/AOh14GhHoTXa5DX4VmKK84d2ADQ61AH3wgxRJMpjebU3bH8,Fun story,5,0,1.0,2016-11-06 22:24:16,,
gp:AOqpTOEd-738SuOvZnk8a02lZfMZaB16Qs08MsPYPbSYbhUFHEfPMmB0r1SfZ3AXzsZwJ7EORwpQyf1ElbMwjwE,darlene brogdon,https://play-lh.googleusercontent.com/a-/AOh14Gj-XrXrpKCTSzb8r3BeD4HxwkJtuZik_Bk3BOIA,Very well done,5,0,1.0,2016-11-06 06:50:29,,
gp:AOqpTOHFd29sXyTeHUckiH5kcjl1tTH4sIyY93O8-zuzujGN0IEQuEmAgXFMA8xe_Dxt10j9EqsG5I4WwxUj-CA,Deanna Schultz,https://play-lh.googleusercontent.com/-ngCpHHI9N-A/AAAAAAAAAAI/AAAAAAAAAAA/AMZuuclEVz11tbayJkQXEArG128wefKtIw/photo.jpg,Has hints and a map. Hidden object scenes are of the type where you find parts that assemble into an item of use.,5,0,1.0,2016-11-04 16:10:15,,
gp:AOqpTOH70xm3CvXSK5mUdyuAmUGi57oWmIVAiVJl_IfucjjgLRp4gkvwthyff03QuD-85vA6YhZUtloCWOXavaE,Bee L,https://play-lh.googleusercontent.com/-FyzeBReZ8Gg/AAAAAAAAAAI/AAAAAAAAAAA/AMZuuckd4p8b3P9TCJagrDRf9dNsFbVCNA/photo.jpg,"Love it, great graphics, great stories so far!!",5,1,1.0,2016-11-03 14:15:44,,
gp:AOqpTOElwTz9pX2ITW8t1E39cQD9lF2Hz51FcHeLDTrIQ5DYzlT0ZgLyNf0KwNZcPjiEykmkM-bner3tC74a9HE,Sabrina Lowe,https://play-lh.googleusercontent.com/a-/AOh14GiFukSn9NII_4O_LJaCxhDhNuMtOabOBTgtBlG3,Bought this when it was on sale & well worth it. AM makes the best games like this & this title is no different. Very enjoyable!,5,0,1.0,2016-11-03 06:51:45,,
gp:AOqpTOEagIbptRJgLGzWeBGxEPvfoOQARqp1eRaV70quwbWM0Uuk7y5IO9reHKPSBPm45y9V5S3nhS8nHeiMIag,Ruth Epstein,https://play-lh.googleusercontent.com/-nFFGr6Lon3s/AAAAAAAAAAI/AAAAAAAAAAA/AMZuucm8fAjyCJfpINT7UoWEGsuxw75koQ/photo.jpg,Brilliant. Just the kind of adventure I enjoy. It makes it so much better when you can see characters reacting together. Plus not too many hidden object puzzles. They become so tedious after a while in some of the games. Even revisiting them up to three times. Overkill. This is much more a proper story. Beautifully drawn too. Better value for money. More like this please.,5,1,1.0,2016-11-02 14:37:05,,
gp:AOqpTOE11TKzxAglhuvuO6moy6aPoo7dQ387f02sCFayECzuSOiKFU_0KcZMkK2_ZMJb4BuXi26TVTcD-CR0Qds,Kerry Gregory,https://play-lh.googleusercontent.com/-PAv0eSM3Lv0/AAAAAAAAAAI/AAAAAAAAAAA/AMZuuckZQCvA1HBU4_7AdvflEArhO-utlg/photo.jpg,its great so far,3,0,1.0,2016-11-02 02:11:09,,
gp:AOqpTOEB6iqClAbwG_3Xsz2JPJSXiN9hK_aiUy0gdorWRI7T0hpyevOryht_0jGTk9eGUa0D4GNKBFG_kHyZUSk,Trudy,https://play-lh.googleusercontent.com/a-/AOh14GgBrEIIEr4_CVTiW7QFS94h1zSM7HHdFZyPOKsldg,"I am really enjoying this so far, great value, lots of different puzzles and a good storyline.",5,0,1.0,2016-11-01 09:43:59,,
gp:AOqpTOGrP5vQLD5ebfVAZERrEHbq7oqCz7kWzV43gyUb9UMztwVezRldxt0bgZ6_B2uZRQGJYOvz4N7abcpceAs,Faith Valladares,https://play-lh.googleusercontent.com/-HCSRbriaqbk/AAAAAAAAAAI/AAAAAAAAAAA/AMZuucm4YdDpu6bnk08RQws8HQA4rJA9Dg/photo.jpg,"I saw the game was on sale so I purchased it before playing the free trial, I even have the text receipt, but it's saying I didn't purchase it. Please fix and then I'll give 5stars",1,1,1.0,2016-10-31 11:16:34,,
gp:AOqpTOEAtJiOH6vF-nyxpOB0We8qdMPDIhuY7sy_h9JJScF5o6m0Jh8rHSm61F7im2mFNVsVTwudrTNwet0tqBQ,Lindsay Bruce,https://play-lh.googleusercontent.com/a-/AOh14GjAv84fhos2XXDQy0jzPTtdAi56eBJHRR34Al39,"I haven't enjoyed an Artifex Mundi game so much since Mists of Ravenwood. The last couple I've played, it seems like they are growing as a company. The graphics are fantastic, the storyline is great, and I feel stupid the number of times I had to use the hint button. For a while there, all Artifex games were very similar, but they appear to be breaking from that mold. Simple things like combining items and allowing some interactions beyond point and click are making a huge difference.",5,1,1.0,2016-10-30 08:37:55,,
gp:AOqpTOFLuEdFEJQSyyoaEzZNCvmLa1H_6TzXjJmgUxAxqTM4TC9mjSLbRY2jGyzpGgdN4W5h9jft_SveTrv_4YI,Lady T,https://play-lh.googleusercontent.com/-ZZt9DY6wcfQ/AAAAAAAAAAI/AAAAAAAAEQ8/AMZuuckeHUwzZ7fNe14HEBYJu6XIyzcTEQ/photo.jpg,Won't download n won't refund neither.... Never again!  Want refund now.,1,0,,2016-10-30 02:16:51,,
gp:AOqpTOEi64liKIA3hMubo1CWhV6SSpr8BigEVyaSb-RNh21wWxknhVDbMYI03U7jYBhn_-7jDsGIQqiCbYmk9Lw,Mez Henderson,https://play-lh.googleusercontent.com/-eJZ1AmZSwes/AAAAAAAAAAI/AAAAAAAAAAA/AMZuucmIIX_yB7xs_Bgmq16aTkXeBpedog/photo.jpg,Brilliant. Loved this game from beginning to end.,5,0,,2016-10-03 03:37:43,,
gp:AOqpTOFj9Vv9dgxW_m1ULcA1mmmZOQsdlaD0dG4YlQM5XtZttCP4YPLSS7c1dB_KZWohXInDjfn_55VqrjPyEnE,William Foreman,https://play-lh.googleusercontent.com/-23VARqTawhQ/AAAAAAAAAAI/AAAAAAAAAAA/AMZuucl2aqao4arSY43iiYKxoNZNOZ2QfQ/photo.jpg,"Very well done! Needs more puzzles, less talk.",4,0,1.0,2016-09-21 14:25:34,,
gp:AOqpTOHr9QclCUxhTDj6vrwz6STe243vdvejvf6u_uJabEljCSyEeuJfY_is_TYuojUJVyq_LZhsa8GXyd0pUQ4,Bobbie Hamby,https://play-lh.googleusercontent.com/a-/AOh14GiYoNF4qn8rgeOZgOcHvgrNWCAQKPkJN6rMAtxa,I would like a refund. I did not at all enjoy the game.,1,0,1.0,2016-09-20 21:51:00,,
gp:AOqpTOGzyxZGNj8tflP0e0h_modCXpHUI0WeSDB6Kp_1WuF1_k8WL4u_86qh5Jel061JcI0GJ8gfQHbPuFJtWuY,Alex Notting,https://play-lh.googleusercontent.com/a-/AOh14Ggvo9u0IlWjuF2pvzw8nzjmYx1y5qnDQxjnPKcz,Great game the only thing is it was too short but I would like to see a follow up to this one,5,0,1.0,2016-09-07 17:13:32,,
gp:AOqpTOHz0Bh-ixToUocrTFP69gkeqoIi9QbaZgkVC8hJcDL_vCzUD0F2uvkXNnpMGYKckSbSOXZPiZKOoOYTJ7k,Louis Kruger,https://play-lh.googleusercontent.com/-V9ZaPzPCr1Q/AAAAAAAAAAI/AAAAAAAAAAA/AMZuuclnMrUlw1iv2EAa5K0aIqUN7BBDuw/photo.jpg,this is the second game that i download from artifex mundi that does not play or even open. i ve only waisted my money,1,0,1.0,2016-09-05 01:16:34,,
gp:AOqpTOH1DUfPFtrrlvikOPtU-GsooA1ZRlejOJ0Qj5UEJlIL9RBa_OIgoh52XNlSOsDD2lqu206Q1GbgUQXULvw,A Google user,https://play-lh.googleusercontent.com/EGemoI2NTXmTsBVtJqk8jxF9rh8ApRWfsIMQSt2uE4OcpQqbFu7f7NbTK05lx80nuSijCz7sc3a277R67g,When I played this half way through and shut down my tablet for a while... then lost my save when open this game again...,1,0,1.0,2016-08-29 13:51:27,,
gp:AOqpTOHaIBsTcpl1ACLctm2S0h6E7KjdYpKqRSxIJc4CZuCfBh7c4SF8q-ZpYZ4p2dwBTF9fh8IbnFyMfmhWZMI,jennifer sarah Todd,https://play-lh.googleusercontent.com/-VMKpUm2nXWE/AAAAAAAAAAI/AAAAAAAAAAA/AMZuucnUXMAVURdNabOgq3qiLuA1yW4fNw/photo.jpg,Nice game. Enjoyed it. Would of got 5 stars if it was longer,4,0,1.0,2016-08-03 02:40:14,,
gp:AOqpTOFLQuthGNo6pMju2xbtnEQ1Tl5_vtI1RtqxRqIQbacQLJZN0_fpt83fqXRcuev-lvLipgZyhiR72P7prCA,Agnes Hanna,https://play-lh.googleusercontent.com/a-/AOh14GgtUFlIiNZO2WxiFyYaKXGDYYDTbXAnEaY2cgEi,"I play grim lagends 2 and that was awesome but this one kinda short and to easy, well this one have more great graphic but still I hope more for this game",4,13,1.0,2016-07-30 22:06:04,,
gp:AOqpTOGWcpPdM4OQ2iGN0DdHcNZgVHWs6_JTc5tj77CT5aeF097Jpmi8DOY2dQbbR51Yh22cKHm0cL9Eq-ZsdHM,Dwayne Armour,https://play-lh.googleusercontent.com/a-/AOh14Gh_diGC9IE4oXURl6W6la_BjPgfOvRH0Jc4silC,"I'm really enjoying this, wonderful, love my mystery games.",5,0,1.0,2016-07-29 18:57:05,,
gp:AOqpTOGS22ijb2rDvcl1EWd6ULym-0RDlvoU38zhw64AJKpNRbw8jo_4qAuHuDXKH2QKxNzYurDq7iBP013d8DE,John Street,https://play-lh.googleusercontent.com/-ZuQBo3GxumE/AAAAAAAAAAI/AAAAAAAAAAA/AMZuucm3a-nCd92e9--YSsFcjC7wwfk_Wg/photo.jpg,Good enhanced grafics love the video scenes during the game l shall keep it on my Phone worth every penny thanks,5,3,1.0,2016-07-28 16:13:22,,
gp:AOqpTOG467wkQPTJnzXgiA2E5hfXZ9AWne_dBYc_BxXTaWzMuQc8ZRQ0qKJJObi-QZIRXNx-KLFW_K-iaLHMVM4,Kathy Reese,https://play-lh.googleusercontent.com/-HZ8pG936AXY/AAAAAAAAAAI/AAAAAAAAAAA/AMZuuckgrlPUkaZ9CxU44Sz62PYKLo5Ibw/photo.jpg,Not up to artifex standards kind of short plus some of the actions were unclear. Will get more games from you,4,8,1.0,2016-07-28 07:10:51,,
gp:AOqpTOGYZJ8Xbf76Wimk4ZKx-Oa0-Blopy4DPsH2t3WJ58SpPFMoHUiV1lBhmEkJ4kZSX-dlG6uE5XzsYlvzCdI,Alice Pennington,https://play-lh.googleusercontent.com/a-/AOh14GjvR4h2LbkVlyTpP_4zlTKiw0v0TVfwG8c3bIVn,So well done. Graphics are amazing and the story is my favorite so far. Well done.,5,0,1.0,2016-07-26 04:32:24,,
gp:AOqpTOGF4r3XJnR828ZNx1e5_ywNh4zi82CD9djlkMElSx8_gpYNuP31yeRoBkyExayMKlCcFHr2fm_RckRUVBk,A Google user,https://play-lh.googleusercontent.com/EGemoI2NTXmTsBVtJqk8jxF9rh8ApRWfsIMQSt2uE4OcpQqbFu7f7NbTK05lx80nuSijCz7sc3a277R67g,"Lots of puzzles, very few ordinary HOs.  Some familiar, some innovative, some head-scratchers and the hint button recharges in 1 second.  Very good graphics and storyline, including the extra episode - which has all new puzzles, unlike most.  The puzzles are story-related and keep it moving.  Kudos to the devs at A.F.",5,1,1.0,2016-07-25 03:59:40,,
gp:AOqpTOGom5nA8uA_ImdTr_zVwqXYTyyJ2FRzfG_GHpM5oClc_cElUqqXIHfVqH35aTR3Un__MxiIX4HnCH2eumg,Zirius Tann,https://play-lh.googleusercontent.com/a-/AOh14Gjsa7SYWrM_XkmPjHgpyQQqAtPmj-hDHqPYRHNuJA,Enjoy the game. Nice story line & graphic,5,0,1.0,2016-07-23 01:12:22,,
gp:AOqpTOFQC5pN5iqnu1ly7PQ69EnIohTO2f0zEGlPt5SX14hAqTv07iLDmpgNyVzNlMEyTm_43l5me00TVzPd9V8,Lizville Ozarraga,https://play-lh.googleusercontent.com/a-/AOh14Ggls-aOckM8omBkt_mNjVKPEWbJbRb-aV9XCq6HQw,Woahhh graphics improved. Storyline the best! Ow i love artifex mundi. They gratify my gaming passion. Hahaha,5,2,1.0,2016-07-21 13:29:10,,
