reviewId,userName,userImage,content,score,thumbsUpCount,reviewCreatedVersion,at,replyContent,repliedAt
gp:AOqpTOHBS71_scVypOX9VG8HZw0eCk-sydQC_kRcOAwv92m47p12eQiHuNt_Lpsah51XbB3otZvkyeovnGinUeU,WoW Desparanto,https://play-lh.googleusercontent.com/-pHnUnx6YdLY/AAAAAAAAAAI/AAAAAAAAAAA/AMZuucnHh8_Bk8LTYCPMhhOjiHYJLoJYzA/photo.jpg,Is not currently working to appletv 4,1,0,3.2.8,2021-02-05 09:08:34,,
gp:AOqpTOEmLKN61eg-Fsu7WCh8vNyP3A8WBLr4j9ZXQV2j5OIXMKGj6KSfbqU6-C6o-gggrScdSqEtM91uJ7_pV8w,Mayur Dixit,https://play-lh.googleusercontent.com/a-/AOh14Gh0PYoDK1iQXRWfnRUe7sAWsSbG6zEgLC8tt-fi,Amazing app...,5,9,3.2.5,2020-01-12 19:52:08,,
gp:AOqpTOEJ9ilSSf2xjOtWFtw6EWM2Ct-8GvgvhIm2m_edEkCmoIHMQbl_6YGVcsRIJ7KvQC83_5VY5ymMRiSBADE,Crystal McGrath,https://play-lh.googleusercontent.com/a-/AOh14Gijt-NTtKuF3f2CRE6DVlxRnmXhKhb9CoiZASaj,Very helpful app. Cast video and music from Android to your TV. Like it.,5,27,3.2.5,2020-01-12 05:59:18,,
gp:AOqpTOErrbJo9iyxGzBOqxWxlVkyfHZMzCD7ngdpnDw3F1OkiPLym7CZ76Qqf9E28sTtEna8SDXhWxHAZrTSNNo,Dennis Aktas,https://play-lh.googleusercontent.com/-m783Mux_x8M/AAAAAAAAAAI/AAAAAAAAAAA/AMZuuckXem7UEBnhUNYHcgENI8SGMziDdw/photo.jpg,Gotta admit i was a little skeptical. But CastItAll is really reliable in all aspects. I tested out a few areas with my stream tv and im so satisfied if your looking for a reliable stream app this is the one,4,20,3.2.4,2020-01-11 15:57:53,Thank you for downloading our app! We will keep working on it!,2019-12-08 22:40:53
