reviewId,userName,userImage,content,score,thumbsUpCount,reviewCreatedVersion,at,replyContent,repliedAt
gp:AOqpTOFFmithd4ZXx9jFxx5ZPCHwu3-LZWxUy10JFuTdj3RkOGVHaO-FCBGoKKrU2LmXYlOEX5qjcVgkC_5T-w,Mrs Mop,https://play-lh.googleusercontent.com/-FeuZgcd3fhM/AAAAAAAAAAI/AAAAAAAAAAA/AMZuuclg6x0VJQweZqNMR6MysUE7c55znQ/photo.jpg,"Once again an exquisite game by Cotton - the puzzles so inventive, the graphics delightful and music restful - please add many more floors to this elevator!",5,0,1.0.16,2021-02-03 23:19:26,,
gp:AOqpTOGxrd2WfmsFkF1DHQ-NC8LUuFuBRPtO2PhCslrU7fFqUZv74ALyp15gtr8n3rY4S94qjWr-c5d8-_RSGQ,Sarah Leandra,https://play-lh.googleusercontent.com/a-/AOh14Gjohzp4i8sB0CgScMb2f3XSFnsZqSEi7jPr3gjEtg,I love this game!,5,0,1.0.16,2021-01-23 03:11:38,,
gp:AOqpTOFVdE3CcgecQowC6HB9CV_HCDbbxfZtt-CPtxByTQs1lj64WPwB129D0t-XKjBIkHeBtqyNIBDOVC43TQ,Shelley White,https://play-lh.googleusercontent.com/-7RDsHO9nhZI/AAAAAAAAAAI/AAAAAAAAAAA/AMZuuclQdkP0Ev_7xHX7RSfQLYpNozYgIQ/photo.jpg,A glitch meant i couldn't continue,2,0,,2020-12-27 13:49:48,,
gp:AOqpTOGmNvMWAeo2eP9UHIwenlsj4zbLF7P6EZEhI24pksoZZChBiVb-XoCpghwm_t96V6HuXcLCNkRm9SXYwQ,Joplin Petunia,https://play-lh.googleusercontent.com/a-/AOh14GivLZ-ub_QXpXNoKwOilUc06XB_rXEFh4IZvZatpQ,Awesome game! Short but well worth the money paid. Good storyline too,5,0,1.0.16,2020-12-20 21:23:08,,
gp:AOqpTOFVtxKyYquBgN9yrsctRMdlkpM-vBG2MeFPe-s_HgjyYPpyfrHv0Tu0A5RIlNOZic4Ggv8gEW06icVpeQ,Guy,https://play-lh.googleusercontent.com/a-/AOh14GjhKyl2qSdn_J1C3kH18Qagz9Zy0Zpl0tBbZzX6zw,"Outstanding! Easy to finish, hard to get all achievements. If you're easily frustrated by not getting 100% then you may not enjoy the game, but if you like replaying the game and trying many different combinations then it's extremely satisfying to play and gives many hours of entertainment. There are so many subtleties in the expressions of the characters, and the puzzles are very clever. The hardest achievement to get is the ""about us"" one.",5,3,1.0.16,2020-12-19 14:04:58,,
gp:AOqpTOEZiJVfczQqmxvTbKCMKLvkpQ0iUKc-yv8DmzQb8cfeQwL9mz7W5hEOdmrDBPccM1HIZ4Bb09g2BitAgw,Victoria Hanshaw,https://play-lh.googleusercontent.com/a-/AOh14GiDMAil_-IAP2-xs8usB4eqUjxNqUglsWciEpjL,"At the point of the Floor 20 I'm bored & tired of this game. I don't enjoy games where I'm randomly clicking around to progress it and only from there figuring out what to do. It feels repetitive, even with the different levels. I've played plenty of hidden object puzzle type games which I love & this one is more annoying than fun. I won't be sad when it ends & yet I love when I'm sad at a games end, since I didn't want it to because I enjoyed it that much. This for me was not that, sadly.",3,3,1.0.16,2020-12-16 15:49:23,,
gp:AOqpTOEh53eXKgdkyO9pF1J0VzPA7T-Ua1mo3wAVqfFM1fBV-2ddQbpOcFVKvjUahECJCP1VHO6hMAv5-0LaJg,Hilary Alger,https://play-lh.googleusercontent.com/-tj2sUp-2v78/AAAAAAAAAAI/AAAAAAAAAAA/AMZuucnXl1s_e0R009RCjPTyPIPkQ6291w/photo.jpg,This Is A Fun Game To Play.,5,0,1.0.16,2020-12-04 11:46:20,,
gp:AOqpTOGzpOSvEFjF8Zo79Kjb0RGh5TCebY2n-ECgBX2YYz79thhN2VDe_7drQ71jOqBzlkH4WPk96t9x10Q_Iw,Laura Neale,https://play-lh.googleusercontent.com/a-/AOh14GgmSDTP7JYV7H_Ri2vSefUiSBw6Jq-G-0YY7aBYo0M,"CottonGame always does such delightful work. The playfulness of their art & puzzles tell stories with surprising depth, and this game is no exception. Fun & weird & sweet.",5,1,1.0.16,2020-12-03 20:48:18,,
gp:AOqpTOH40zE4jOiP65umfbLEC0xnaYGRa4fXIrFchggRJwt5_z1bc84iu68QqdQaSpK3yvU80lF9RbsSWcKSFA,Kawaii Hawaii,https://play-lh.googleusercontent.com/a-/AOh14GhLjeboLOcYg0o119h0heyqzrKNNmu3NG-La1RmdA,"Touching story line. Absolutely love the graphics, high quality. Love the puzzles as well! Favorite game💙",5,1,1.0.16,2020-11-02 18:28:25,,
gp:AOqpTOG0qUzBGu9Eb9GBUUz2x3HIFwPZ8ssC9rQ97---5OC3OBs-sB8pYmaB9r1hTv2QWNoGv0Q0obA_XQ1X8g,Rosemarie Cocola,https://play-lh.googleusercontent.com/a-/AOh14GgHtHUXKbIdb9bdvHpzu9n4nFBbVu23Vrda_Zic,It was a fun game that constantly makes you think about different ways to solve the puzzles.,4,0,1.0.16,2020-10-27 00:12:18,,
gp:AOqpTOEPQS7Bc7OlwKGx1foUkR5XBNRaVU-Gn0ZKrIKakBXOnfcH5fuSu2j05lBxpEhSQ16g3X8mh2edFbaUng,Selador,https://play-lh.googleusercontent.com/-sXiQkLGO8_g/AAAAAAAAAAI/AAAAAAAAAAA/AMZuuckPhMyeOuCdugvfMu9ljPykEBXxEw/photo.jpg,Fantastic,5,0,1.0.16,2020-10-17 18:07:21,,
gp:AOqpTOEV-JFdrGlQeydMHoP0b65Bp24FaIylt_1YX6K1S70IeqNs-MikbmKyMX7XuIGCaaiuuaOjtcz47UOHaA,megan beukes,https://play-lh.googleusercontent.com/-rYtSc9z7vdU/AAAAAAAAAAI/AAAAAAAAAAA/AMZuuckoMv0Ktv4luGWiqQKm72ngtOh2IQ/photo.jpg,Enjoyed this game very much. Worth paying for.,5,0,1.0.16,2020-10-04 00:35:49,,
gp:AOqpTOGf_4LlDr2_u2pEOqYyG9XfZE-01YyDm94yyGAsaiZHM3nWblDNUrUCU1HGsPdRE0G4yk6VFnQf2xdPeQ,Jeff Hart,https://play-lh.googleusercontent.com/a-/AOh14GhaMA7TLeeKhTFk4WDHL4T6V4oaOktlTsYs0Kyvxw,Clues are not that obvious! And no help or clue button makes it worse. Could have been a very good game in my opinion.,3,4,,2020-09-13 16:56:31,,
gp:AOqpTOHl2zcnPbmtzY7nF1BSue4DwDcZcbjLyv2LP9d53OuDoHj-jC7RIBdbq4FPJiSDDP-RQtoGLPG98HE2SQ,Elizabeth Butler,https://play-lh.googleusercontent.com/a-/AOh14GizHWUUzuSUqUA3fKlxjm10UrPqMORQbIZsCzLO-qQ,Wish it was longer! Loved it,5,0,1.0.16,2020-09-11 22:09:24,,
gp:AOqpTOHU9qTu5F32uSygt7NlzcG_8MZBKUqfY1KAYvtBtDdM82F4SYtTj3ZcXaNFKzlgnQwRxo-tkMuAotH_Zw,Mauricio Castillo,https://play-lh.googleusercontent.com/a-/AOh14GgLfOtD2Wsd8Msvl-cTpC7g5Yk7CdFJsq6ow8eGsA,"Amazing, the puzzles are incredible challenging. Love the history and the graphics.",5,0,1.0.16,2020-09-08 03:43:41,,
gp:AOqpTOHOyqNqo3jz6ey2_VIwxU9K-YVWHoShphp7sTbRFFZMLHQhM_v2iwLnspd0TPqQ5W-VPT4I-O6T9nsrYA,Brandi Jowers,https://play-lh.googleusercontent.com/-I-KgPCQqwjc/AAAAAAAAAAI/AAAAAAAAAAA/AMZuuckzHlpIjqsCkDuheSM9Avg__4Gcsg/photo.jpg,This game is not at all what I expect from cotton games very disappointing the game don't tell u 1 thing and ur left just clicking everything and then no noises from interactions and each scene is I don't even really know how to describe it's not very well designed or thought out ...sorry guys,2,1,,2020-09-05 13:42:58,,
gp:AOqpTOHlm-f9RxxCrZgoc8zx8O7o_XhavFE16XFwYIUkb4yHZH60Z0VV3uU5PlUPhT4-C65H1kBBsF5pUx5N6w,Reagan Humber,https://play-lh.googleusercontent.com/a-/AOh14GhDElIEL8MKY1toqDgSnbuNH4MH0S8fcyqNbW07nA,Really good game until i encountered a glitch. I'm stuck on mini robot level because only two items show up on the x ray/painting: the snow globe and the feather. Otherwise the screen is empty. Please fix,3,6,1.0.16,2020-09-02 00:43:08,"This is actually not a bug. By completing this puzzle you can enter a hidden level. Before that, you need to obtain the key items for the puzzle in previous levels. If you follow the other hint and adjust the mini robot instead, you can continue with the main story.",2020-09-06 20:31:55
gp:AOqpTOG8wqF6iS61G6DaH4o2cIkdHqZqeDwVNHktXXPktYu3JgQuCooDCEx5IhegVcDi5sHNSBL9U99f5TXaUQ,Karen Renly,https://play-lh.googleusercontent.com/a-/AOh14GitU6JOW6R2jCqzQpZ2GlCxyMEv9SSdFWUfFTwBbw,Lovely game. Great chatacters and animation. The music was delightful. A treasure.,5,47,1.0.16,2020-08-26 15:18:35,,
gp:AOqpTOEWpPHSLDqb6Q4vrrcD1mtlw3105nJ_s_tHf4J6mjfssaHTEgKNSufvq7ItMpXV7UsfslDTtZsYAt-dUg,Pete Halatsis,https://play-lh.googleusercontent.com/a-/AOh14GjhwI2iDzNwzBGPxRCe6xr2Zpuq4mxKX0-OIuX_VYI,Game will not load on Pixel 4a,1,36,1.0.16,2020-08-25 17:26:37,,
gp:AOqpTOEwxu-AEg692_XyJftRIdMj1zi0StoPy0mRUv7fW7IlBDfhbvVwRQjpxuj-QNRu_YTGxQ2PUU_YYhFaqw,Cody Barker,https://play-lh.googleusercontent.com/a-/AOh14Gj05_hjE1TTNFqskCvjqLs7wjGKe1wu00EdGj1p,"Love your all's games. Looking forward to whatever is next. Hopefully some isoland 4. This was great, though. Experienced zero bugs.",5,46,1.0.11,2020-08-15 17:28:20,,
