reviewId,userName,userImage,content,score,thumbsUpCount,reviewCreatedVersion,at,replyContent,repliedAt
gp:AOqpTOEldvWY1iaAffNrH0kf_EI8quv57CYtTOZgPwYRCOMSah0erwvnLkNq_ebkBuhpeUsjMSgM7nRrS-xB8A,Danielle Murray,https://play-lh.googleusercontent.com/a-/AOh14GhS8VU82bQARKZNLiKW5Ra1vpBuj5TM2Q5Vx-sU_ow,Very pleased.,5,0,1.9,2021-01-21 11:45:19,,
gp:AOqpTOGNfhX6wNdmE5a6FKmIhJI9l3TWO-bv79zusLG4KdM5rqr59eAOzvxaEtTjYX7H_WodPC13gpT_IOH8Mw,Gladys Coutinho,https://play-lh.googleusercontent.com/a-/AOh14GhJ6u_cMpsNtwtJ4fq2YT7XaQPs_6XROF1OjmVC1zk,"Luv it! It's an exhilarating way to meditate. The selection of words that leads to specific vibrations of each and every aspect of life, the music flowing together with the breathing rhythm, the soothness of the voice make the app the best path to release resistance and find pure love energy. That's why it's so important to get it fixed as soon as possible. Many people must need it. It's still not working properly after the second update. BTW it was fixed long ago!",5,18,1.9,2020-12-21 18:38:33,,
gp:AOqpTOE9oBPX2mLc5KU03VXLK9FRXRNl4-Bc7lZBtbVTvIILVVjj0iTR6pKpZ3hlgzVaTRTyM_tDgmIyj8hMtQ,Lisa S,https://play-lh.googleusercontent.com/-XmruxD_vvIw/AAAAAAAAAAI/AAAAAAAAAAA/AMZuuclBLAIIrB1zr42bkeAjckwEovK0hQ/photo.jpg,Fix worked to correct issue with Galaxy S10!,5,0,1.9,2020-12-01 07:19:46,,
gp:AOqpTOFgNhshD8nzSnZlioFrygfowvohDZDP2-qlCe2Iiu2VhtNBuDYGXP6rgkkoLvXdkem00RTGP14cF_wkKA,favorites me,https://play-lh.googleusercontent.com/a-/AOh14GgDRIk8J29kTtoMH6dohu2G3R90HYFicJxEKZY5yg,This app is almost as important as the air to breathe and water to drink for me. Definitely relaxing and helpful! ×××,5,0,1.9,2020-10-16 03:08:28,,
gp:AOqpTOHlntEVQHUC98aigQCVSMCefGwytou4tQD2CLcdjCZGhXgXwwf1PRRZ7xbZEVCYMFUqSwE12ED1_e8wgg,Catherine Rankovic,https://play-lh.googleusercontent.com/a-/AOh14Ggb3yDLHsOuKN7jAMjA3PjQV1StMXm3awtEfuokWA,Thank you for fixing it.,5,0,1.9,2020-10-15 17:39:51,,
gp:AOqpTOGW22VvlOb9AQ7luQKU0t5XS5annXTW7jbFyJvYNSc6HxqaNki9EH2UGtgMR5AeCaeUOjvvNlk0lrsCKA,Shannon Ames,https://play-lh.googleusercontent.com/a-/AOh14GigzT5yKL-taE_t4rIWE0Pu-1La-J5mrCrrQL0kKQ,Stopped working and still doesn't work after recent update on 10/10. Crashes when trying to open on Samsung s9. Plz fix and I'll update my rating.,1,0,1.9,2020-10-15 13:48:47,,
gp:AOqpTOF_lSFYis4FV4LdD2K8LwDrTdQNljyb579PoBJhbitdm46H40pxzWPT5fj7bN-d3d1O_8i0HYfy-wl2EQ,Daniel Carriere,https://play-lh.googleusercontent.com/-vBTIB6HPbbI/AAAAAAAAAAI/AAAAAAAAAAA/AMZuucmQYDsmxhFNXGZHohwS1Y3yZ_JICw/photo.jpg,"I bought this app about a year ago, it was great. But now it wont work anymore on my android phone. Please fix. Yey!!! it's working again. Thank you so much for fixing, and thank you to all who created this app. What a lifetime accomplishment.",5,10,1.9,2020-10-15 08:58:44,,
gp:AOqpTOGvBzPYdw986DBStLtpIA0_6y23kAs1MMOrUs-bn6GJruSXN_i6_BJdYf2hlTySL2YbBBvULVKo_QbRyA,Brid Flynn,https://play-lh.googleusercontent.com/a-/AOh14Gg1i9CvR3sZxJCc78psSfJwJ_n1Dohh-vLDLQzWX1k,App working perfectly. Thanks for great service . Delighted,5,2,1.9,2020-10-15 01:08:32,We are currently working on a fix and will implement it in the google play store early this week.,2020-10-05 05:21:22
gp:AOqpTOEIZu4sAVFgs7zqWFHkb5YdbA8vPAkvdSyP8RGkVBLAAZl1QTlbikLmA2T0bfl_XIqi70ikUNpaGDSWXA,Gail Ware,https://play-lh.googleusercontent.com/a-/AOh14GhC1fkHryJdAA3omsmRrwQXyeuR1PFwkJiJbIXqjg,Fixed and working again! I enjoy listening to these teachings.,5,2,1.9,2020-10-14 23:20:38,We are currently working on a fix and will implement it in the google play store early this week.,2020-10-05 05:21:31
gp:AOqpTOFgTccl-DIV3CYjcXaClBmv97ub3wLL64NQup0kIIVarrMU2Gz5L2Bc3rAG83OTli2MUXV9TWvNO3dyKw,Hilda King,https://play-lh.googleusercontent.com/a-/AOh14GjwP_ldM0JgDWnUZxg8U4PiRZtcprptCj2szteL,Absolutely great app while it was working. I see yr currently trying to fix problem. Hope it fixes soon as I was so getting in to it. Excellent thanks for fixing,3,0,1.9,2020-10-13 23:28:13,,
gp:AOqpTOHjo1bubOQ60wiFZwQe-Uv0QtbGZpbE6VAz2bWQJNzfOgtmwJfmJ-T1HTZ-ooRdBYbGiwEnZbO8XecpvQ,Tamiko Neely,https://play-lh.googleusercontent.com/a-/AOh14GimT_pfScnRdbxn6sNxinpHDIeb-KLd2eD5UP1hBSo,Great App been using it for over 2 years now but it has recently been very buggy. Hope a fix is coming.,4,0,1.9,2020-10-13 13:32:32,,
gp:AOqpTOEn64ZaCZm61RJG7BiqUWk0S0gCsAeMl4s3VmHJVDaKhVD_G0hXMfVB_PBrtIkqrbhNuA55Efxx1jMqMg,Evil Barbie,https://play-lh.googleusercontent.com/-I2DvYsIzba4/AAAAAAAAAAI/AAAAAAAAAAA/AMZuuckrza5n9bw9pJ-i_mggLw5WVo0dQw/photo.jpg,Still hangs on open. I miss this!!!,3,0,1.9,2020-10-13 06:45:39,,
gp:AOqpTOEz5vOlM1u-LeL3WpEUNrcs6LTU9ZgwzQj19leDpj7tBS4WMKla0QQABEDuFdjlIoewgg1OITbI7Q1qBA,Sam Mueller,https://play-lh.googleusercontent.com/a-/AOh14GjbZnNER-3k6PXDDCPfQDdVRa45dxOfjsBNdWzQ,"Unfortunately, after years of enjoying the guided meditations on this app, I can no longer access it. I can't even get the app to open. It worked smoothly for so long. I can NOT currently recommend this app. I have contacted the developer, and will update my review if things change.",1,9,1.9,2020-10-12 23:49:01,,
gp:AOqpTOFskcprVrUYCcWWZ6mUi5WMXWwp8JsFnLm3mA-uPu1Fk8GrP5FzbCzsIAOdU0cnZucMNwTF37XUreJ_Rw,Deborah Green,https://play-lh.googleusercontent.com/-UszjFKbTTfE/AAAAAAAAAAI/AAAAAAAAAAA/AMZuuclp-JAJVJM0exiVfIZDVmgHw2x_bA/photo.jpg,Worked fine. Past couple weeks I Cant get on it anymore. Kicks me out whenever I try to open the app.,1,0,1.9,2020-10-12 12:15:32,,
gp:AOqpTOHhMiYNkQhTg7asXkD3tIWhHJVmcZm7-0LI12oCOQAPDXeW4ABNDZgg7uVo7aTrpNupgbRjfW_vGB90hg,Shari Wydeven-Pose,https://play-lh.googleusercontent.com/a-/AOh14GhjORMnLwW0dACHNzntwTpKp0JH-UAeFN_rjHq32w,Love,5,0,1.9,2020-10-12 05:54:26,,
gp:AOqpTOEnbGCr3AzA0BdOMi4Coen9GjtSIz1uqDKix_6Qti1WHWfCca6dQGwTjVT7rZwJ4mgNJxG3xt9graHvXA,Melissa Dsouza,https://play-lh.googleusercontent.com/a-/AOh14Gh_woHxbK_LGPFRl7BZbcwULUq_0PFig1ik_UWQXw,"The app was working fine. After the last update, it refuses to open on my Samsung S9+. I have uninstalled & reinstalled the app twice. Same problem 😕",1,1,1.9,2020-10-11 21:28:23,,
gp:AOqpTOFNmn3KYkFbWEPLvzcg6_Kx2_5LTsv_ZaUJ5o71nVWKpGm952D7T31iiOtq5ZLIHAgl_YuFVrZvO5_iJw,Weijun Loh,https://play-lh.googleusercontent.com/a-/AOh14GhiHp3P_dAD-BRgWEOQWNpG7SepTexipgKJKQxh,App not working,1,0,1.9,2020-10-11 18:25:08,,
gp:AOqpTOGF4r1NA7UvpTvL8S5iVn4J2dwtEageK5BUD_xvaYg7aArqbSmG7WvtCHAzYfVGlfZhN9nOj4rkZg-Sew,Preetie Bindra,https://play-lh.googleusercontent.com/-zF1z65WhhAc/AAAAAAAAAAI/AAAAAAAAAAA/AMZuucmQ4p-nwRRHcW3yLOJaWaXs5vtKUA/photo.jpg,The meditations are awesome but I am not able to use the app ever since I changed my phone and updated the app couple of weeks back. Please help fix asap,4,1,1.9,2020-10-11 02:52:26,,
gp:AOqpTOFWg3Auv-35G570dkwqaeOws7WLVEdiz_po6dvbbOBjzNbhJdW0__ysEppwQrvA6pmdMdRZjEAWSygESA,Briana Carbajal,https://play-lh.googleusercontent.com/a-/AOh14Ggb5F8nRZzR_jgt5sCQzgE6pZpnbAkOybJjSA5LZgk,Having trouble opening app. Keeps kicking me out. Was working well up until today.,4,1,1.9,2020-10-10 10:33:58,,
gp:AOqpTOEG-XOg16dVqQu4xHowFuNEWm7qX5KMFaPcK6MlVz78R39DWHVYlBgiV-XJKC-5It6PoUPJ7VvI9mokkw,Kris Merris,https://play-lh.googleusercontent.com/-bDcCq6vq-18/AAAAAAAAAAI/AAAAAAAAAAA/AMZuuclhDSHyRPhC7HmEGKRDxRTwN7sLZQ/photo.jpg,I am unable to open the app but use it daily! Help!,5,0,1.6,2020-10-10 09:33:17,,
gp:AOqpTOGZlV303HNSdy8JLK1YX7yeyOIrAiKmRFzRlfgQ9gYtz-LPkGHtKEGq9flfLtnSlvW0YCMrk1gZ8lqnMw,A Google user,https://play-lh.googleusercontent.com/EGemoI2NTXmTsBVtJqk8jxF9rh8ApRWfsIMQSt2uE4OcpQqbFu7f7NbTK05lx80nuSijCz7sc3a277R67g,"My phone is a Galaxy S10. App worked fine for many weeks. Then for some unknown reason it just stopped working. I reported the problem via the feedback option within the app. Uninstalled/reinstalled it. Still does not work. When I try to open the app I just get a message saying ""Abraham-Hicks meditations keeps stopping"". I thought a fix would be in place by now. Please fix. Thanks in advance.",1,17,1.9,2020-10-10 03:33:36,,
gp:AOqpTOGkj8yXWGPRwwmpUlj_Gt5fP7ZI48aIRYQRCFsKbdSY-60l_d3SAcyrePtP4KkXuLpQ2X4AjzB3W_lqIQ,Alyssa Jarnot,https://play-lh.googleusercontent.com/a-/AOh14GgvhScm2nC69Rh0GVJC2isiwaK0h7y5McmPkLZ58Q,"I am very disappointed with this app, It worked for a couple months then Nothing, they need to fix it or give me my money back. DO NOT BUY!",1,0,1.8,2020-10-09 19:35:42,,
gp:AOqpTOF2-PFqAgUxuyrmwJ2TbbpnVV4J4sQep7VYERYXuvV6Hh67dV2Zz02_mv-KO3N1HLZEhAo14kJqPGkb1g,Sandy McConnell,https://play-lh.googleusercontent.com/a-/AOh14Gg8Mcb_PYqLRWjt5k34A7OHn_cMfan-jjxVa7iLgQ,It won't open.,1,0,,2020-10-09 11:19:25,,
gp:AOqpTOGsXvUot0eghluZ6jol1W1vsDInUl0NZMDRT00ornA-lpt-3O0obkjZ0GjC9n-bWsSOdM903TzCfPmahA,Helen,https://play-lh.googleusercontent.com/-muQMqv_J9GQ/AAAAAAAAAAI/AAAAAAAAAAA/AMZuucnZuCnNMxJRuFfCVbc3-epCyShc2w/photo.jpg,Has worked brilliantly for a year or more Now stopped and can't access recordings.,1,1,1.9,2020-10-09 01:48:17,,
gp:AOqpTOFJD8_tDfLe4Q6POanhE8g3JVS8LZvn2tYvKXbaLb3BlP1HVsCNFL2G3hvM6VS6EdntQteY0zaw1ngA8Q,Nicole MacDonald,https://play-lh.googleusercontent.com/a-/AOh14GgI2372CZ918EI_lCFsPBJE_1dKs7KM_6Pkr_ZzJw,"An excellent app, currently not working for me but I see the developer has responded that they are working on a fix asap - which is great, cause I miss my daily fix! ;)",5,15,1.8,2020-10-08 23:10:22,,
gp:AOqpTOEpxW36ejUsOvzpCF_fpdTvxYLsrngc1ii-FG7CGmzWAhR8MFU8sucATP-soiQSefTtoh9VPj5yr06nKA,JANAE DYSON,https://play-lh.googleusercontent.com/-e8iRz5-FOBc/AAAAAAAAAAI/AAAAAAAAAAA/AMZuuclx-yt2KfNXbFvRmodbkvHi5nMvGg/photo.jpg,Paid for this app and now I can't open it!,1,0,1.8,2020-10-08 18:39:56,,
gp:AOqpTOGrEdF4Wc4K5NOpUyZNYEQbUitGiUX75sdFcKJlXHBoG0_8c02QfSXLdXLVs9WeQUz_wbGjONe1Ie3TRA,Nicole H,https://play-lh.googleusercontent.com/a-/AOh14Gh07ASA7m68f7VabjHaoSGBGpC7pBlxOOqHifb41w,"This app will NOT update at all! I don't want the app/product, I want my money back. I tried to contact the developer but they have never contacted me back. So to me, they just want money. If the consumer has an issue, too bad, they already have your money. Very, very dissatisfied. I just removed it from my phone and consider it a lost.",1,0,,2020-10-08 04:25:17,,
gp:AOqpTOHzFX6K4nSr1sJbPszv4SGplhf2g23Kl7Z83tvgsuAC_uvhK7R2JBUPRIJ7LaJo25L3GzNl3Gg5wDZ2sQ,Jyoti Sharma,https://play-lh.googleusercontent.com/a-/AOh14GhaVIvW-WFS_2A7aUrppTKeMBSYRAQ8I9TLMUaOGA,It's not working from last one week. Plz do something.,1,0,1.9,2020-10-07 15:18:17,,
gp:AOqpTOGM3RO-kHZL5DBYhBx1_PXMh8DJdbFBFEGz-mv_ZTdaN2NlZytc6WIl2kmnPFFtFu_a1xdOYbmOhx6itw,Chris Folker,https://play-lh.googleusercontent.com/a-/AOh14Gjq5ZtWRKYBV6JM-Hx6Z3yDcuCsiswBc1KL0zMVEA,Latest update has crashed this app for me too. Not able to use.,1,1,1.9,2020-10-06 09:41:13,,
gp:AOqpTOFV-0_TmLg9oG1yvTEM5qj8VpqMNiU315wWD8rU7q2lR7QLuvczWRy_up5Dju1HnJFi4Yh4JHOR352N9g,Dilini Perera,https://play-lh.googleusercontent.com/-LZ8J17EmhfU/AAAAAAAAAAI/AAAAAAAAAAA/AMZuucmNFpraFqIi56cYI00c1LxJi5NyIw/photo.jpg,Great app great meditations. Highly recommend,5,1,1.9,2020-10-06 04:54:12,,
gp:AOqpTOGUn_FcdMdkI5E6h5Ke2naDMLHvUvExSkZ4glKLWNqFXSTampCIISHuRUcrrq0FombKdBNd6uzLpAtPtw,Prache Khalaadkar,https://play-lh.googleusercontent.com/a-/AOh14GjcXPNlVQs1vDfL0dNPrjCwajVR8hwyDdo6EtYMpA,My app has suddenly not opening since 2 days... I m addicted to this app and the audios... Can the developer help please. I hv paid for this app.,5,0,1.9,2020-10-05 11:14:11,,
gp:AOqpTOHK2TSmggGRnVFQ4wOGtc1dKBRt9SvjrpTd7zzt1f7Nwvo-rVTlHvvplOGjDfv9g77BLuLoPM-8eKQ3PA,Megan Wisdom,https://play-lh.googleusercontent.com/a-/AOh14GhwV3gC6e-cWMIw-lIZ-_AMqFVqnR-cT0ey6qcLNJA,"Well it was working great until a week or two ago, now it just keeps crashing and won't open :(",1,1,1.9,2020-10-04 21:45:17,We are currently working on a fix and will implement it in the google play store early this week.,2020-10-05 05:21:35
gp:AOqpTOFWq7u-Ahbt5tOSoZEbY0NZbl3xBsMeaUFI1N95vzF8IrsC8EaUIJn9MbLQnZAyLgoCectTfCIeoVHtlQ,Christa March,https://play-lh.googleusercontent.com/a-/AOh14GjQMjL3m_iZjqbY_X5R-CnNY5oyqnUVfs-ciOla,Paid for this and now I cant access it anymore on my phone. It keeps kicking me out. Apparently something happened in ladt few days. Really liked this while it was working. Very disappointed. Is there any way to get this back?,1,20,1.9,2020-10-04 20:11:14,We are currently working on a fix and will implement it in the google play store early this week.,2020-10-05 05:21:39
gp:AOqpTOGQiy57umJ1Aw0DPh3ewOQz2ceNZRBkly7P3canAlFJ_p9RPdDaaB28INDz0ywNPEItdncyqhVi6TmO5w,Jayde McFarlane,https://play-lh.googleusercontent.com/a-/AOh14GgWp2AdFD3VnYmsuTFPyYV-11n8wiPTY0pMI1kXOQ,"It was wonderful when I first installed for about 4 or 5 days then it just wouldn't open, ive uninstalled reinstalled to no avail ?? I hope it can be fixed as its a paid app.",2,7,1.9,2020-10-04 16:28:25,We are currently working on a fix and will implement it in the google play store early this week.,2020-10-05 05:21:42
gp:AOqpTOG94g5Gs9YolhjcG_t6q_pbfEl5oXvogcoexG0YGfzQJmR6pPzQay6WZVrxhYdRyza2LkmyIKcy2H_L7A,Cherie Kingi,https://play-lh.googleusercontent.com/-qCmLbHh3wS8/AAAAAAAAAAI/AAAAAAAAAAA/AMZuucl9eclHgCDUTlUtkRkIxfe0psBSEQ/photo.jpg,Thank you Abraham I love your meditations usually do the meditations everyday but for some reason app keeps warning me ..cant use it..well I should have segmented ..but what a fabulous app!!,5,7,1.9,2020-10-03 23:19:28,,
gp:AOqpTOHKJAPbCcKMsRABCgoDJM7q9Bc7gyQVQ3zNqgy4Su5eeGN9lZVq3HNT_oLHaJMd6XQNgw6CUbKHJn0EFw,Sheryl Harras,https://play-lh.googleusercontent.com/-SgCQj4JO8X0/AAAAAAAAAAI/AAAAAAAAPuw/AMZuucl1ZKkpd9oO1n25XlSXQ1KsZBfHCA/photo.jpg,I've paid for this app atleast 3 times as every new phone I get I have to buy it again. Now the app doesn't even work on my phone. I guess I'll just listen for free on YouTube.,1,15,1.9,2020-10-03 01:05:21,,
gp:AOqpTOHKF790DnNA-E5p9hv3CwEfJP_1nfQ7bIP_EwqxPeQ2U09xon20w4jX6vBHQXRa617mDjc4ArM2QAYt8A,Bryan Kuhns,https://play-lh.googleusercontent.com/a-/AOh14GhAoN4ssBBI7YJgtMEnNuNImAjN4D8CWEYJc6IV6w,Would be nice if it would continue to play even when phone screen is turned off.,5,2,1.6,2020-10-01 09:41:31,,
gp:AOqpTOHs0iVKw4UZVdeJOnPvH-Yr-NG_36jY9kqQ9Nv5XKR_Y_fv2BzNwrYquqn_5a994qkDYNhUkhJpfRKwZw,Tabzy Ragu,https://play-lh.googleusercontent.com/a-/AOh14GilPiF74YG5UQ_yPZx534-AlvQIwg1IYgx6Gw69Yw,"I use this app every single day. The meditations that are listed in it are extremely beneficial and there are a variety of different topics that you can access to meditate on, is an exceptional bonus. Well worth the purchase. I highly recommend!",5,4,,2020-09-27 08:34:30,,
gp:AOqpTOEzXG4Ka3uJeulY7NoRxQve7CKlz7jcCM58DCxZ3PPweH-6TGmqd3wgbk4nz7uvhrQro6WePQiQuPyi9g,Christine O'Neill,https://play-lh.googleusercontent.com/a-/AOh14GiicVFr7DQ1YZybwnbYQy0NSYInn-YoRMGbXVjmNbg,Satanic,1,0,,2020-09-23 09:24:57,,
gp:AOqpTOHVGMJBiY5ZTJpU4uZvwZaOv9648AW-dV4esBPx8AH4KnsE5wm9AUxvTnC_APUwL-_4Ji1SX44OASmDxw,Kimberly Spratt,https://play-lh.googleusercontent.com/-AK9620ZcPBM/AAAAAAAAAAI/AAAAAAAAAAA/AMZuucnAWIhIakG9DUg2EjfVq1ZnGJVX2g/photo.jpg,Excellent,5,0,1.6,2020-06-23 14:27:52,,
gp:AOqpTOFCHsf7Y-r-8FlsCp3Je5fLH7EEjbn9bQ7PPf5J3uJ-0O6hinxPtqMkHmhA42NLdmzv1kCYarOZy2DW9A,Sony a,https://play-lh.googleusercontent.com/a-/AOh14GhagtsGi3QxF0ncjQPxc18qWiv38SVJk-lPygABHg,Thank you thank you thank you!!!,5,0,1.6,2020-03-30 23:16:13,,
gp:AOqpTOFCMk5oQ64gb3TsB9JBV0-LuyUzn32bPBUI3s659o0TTSYV6QbJcy9zC1KpDRbYTvJXrAaWLlRoIAlQeA,Sarah Gray,https://play-lh.googleusercontent.com/-D0GSuHacbvM/AAAAAAAAAAI/AAAAAAAAAAA/AMZuucm9pqiZUcuq0D1V4JkvmMLwnkrTxQ/photo.jpg,Everything I was hoping it would be.,5,0,1.6,2020-03-27 23:31:18,,
gp:AOqpTOEXRftWS9rFmItZGRcoNVvgKc6srE20MwG3u1HOoaGRSVCm-4tKjeDNQHXU5w4XS0eFBpMCLmFm8ZnqGQ,Susie Wilson,https://play-lh.googleusercontent.com/-52r1fP-ULFA/AAAAAAAAAAI/AAAAAAAAAAA/AMZuucn0r2GBFPHfpXdp6vHl7KEjq0l2jQ/photo.jpg,It won't download at all. Tried all day.,1,2,,2020-03-27 17:41:27,,
gp:AOqpTOHEve08roAQrN2LLudjpaDktLvAjY9SoWNsdp1nC1P8hlcw_5K23-zWQoRRLRstYt1Pidnz6tygMw5OPg,Susan J Chin,https://play-lh.googleusercontent.com/a-/AOh14GgAoFdUMVgox1uNFpPJtqycIqn4VBRxA21-dZ7RNd8,Powerful. Reassuring. Helpful for focus.,5,3,1.6,2020-03-14 06:55:17,,
gp:AOqpTOH-oQ8MsnLHutk_f4vu83iHd-S339QPATuNdo_SKJDMs6xFH3rF2bYbm9BeCaI4rwzZYxda5NlayA1SIg,Aleta Bloch,https://play-lh.googleusercontent.com/a-/AOh14Gi1O1AvmDTyT_TR80kZTZeMYe0p_-1Qekwuf1603Q,"This meditation will hold you until you can hold yourself, with loving care and peace. It is so very appreciated!",5,3,1.6,2020-03-05 04:59:00,,
gp:AOqpTOHhE3PByYT4hJ9Je7-FOX4ZNwcj6SBTvfVuSE7Mum9OBJjHMDGtVFXJHh9bYiYMiMi309RxgqJn8-TAcQ,Linnea Hooker,https://play-lh.googleusercontent.com/a-/AOh14GgQiw8nitwD7DjflHEgIkFUNhekN-nFpu0J_mpnQCk,Calming & Enlightening I've recently started using it several times a day. Yesterday I decided to see if using it when I was craving a cigarette would help alleviate my desire and it did so I used it a few other times to get over the hump. Love it!,5,8,1.6,2020-02-27 10:53:59,,
gp:AOqpTOHjaxnLWbNSR7HLJ-KWcGT6gM4U-H73dyTTTk4fTfHRTEMAv_DXR_KHzs3lKaueGjw4CRT3sVFiRA57vg,Everest Reine,https://play-lh.googleusercontent.com/a-/AOh14Gi48V_SCV-XL4FUiq4fqOU9D5NLVjFU7BvuF-0asg,Excellent. Material is great. Update would be nice.,4,1,1.6,2020-01-23 11:56:51,,
gp:AOqpTOHEX9Hu3eRVQZKHDwFEnaMYhqjlqw7gJHkHu6BjA4QCh7J_Xm6a0hPRjkDQ0Z2wzZ_V3jqAfJvW50IkDw,Cherrill Stockmann,https://play-lh.googleusercontent.com/a-/AOh14GiolWZrlNx3HQTbajybjNztZ0rf8uNyae8zRRRqlQ,Wonderfully fulfilling!,5,0,1.6,2020-01-08 19:50:02,,
gp:AOqpTOEKkb6z0ID3eTLvt380CDNr3c5ljYCoGcRZQmS2npakg1ahou52H1LIdZuW6mI9U40aeKq4Mkw_R-YJKw,Essential Oil Advice,https://play-lh.googleusercontent.com/a-/AOh14Gg3gdCWWRRSKG8hOoCYFibG8G2TIHtss1inq1qOJw,The meditations are beautiful and very powerful. What a gift from abraham,5,3,1.6,2019-11-19 02:42:30,,
gp:AOqpTOHEp7ZJyoa89J3ri4y1GpqxHrPmo_CIQ1vbbRUSJPBMt-roWD9jFQY8rTar1MBrrv1B7EcaaD_Ib4u6dw,Maria Wilson,https://play-lh.googleusercontent.com/a-/AOh14GiVUgufdX04FODSDu_AGLbtn_6e5HLcbFkpK-rSzg,I loved my meditations but since having a new phone and re installing this app..it keeps cutting out..please fix ... I have since uninstalled again and reinstalled but it is still cutting out🤷🏾‍♀️🙏😊,3,9,1.6,2019-10-24 14:53:12,,
gp:AOqpTOEtHYywAp4U-ll7uEa7otsWs3woCMzJXbpiJ6lezcpaibztZ8ToUMb1qnfZK3Ib4ySd0oz17bXqI3ijQA,Marla,https://play-lh.googleusercontent.com/a-/AOh14GijSL-vJfnVKuuuHhC5Xf0wnvZAX16DXsi3RgJu7Yk,"I love the meditations, but sometimes it sounds like a scratched record...",4,1,1.6,2019-10-23 09:01:11,,
gp:AOqpTOGpoRlqRRcGGBFOZGaV6P1ezO6Oz-UPY3Izvx3yGOKDszJXgd-nH3kN4ghP2AxpvXDmW3kzdK5WNL05Tg,alpha robinsons,https://play-lh.googleusercontent.com/-dXGsSEL1Eys/AAAAAAAAAAI/AAAAAAAAAAA/AMZuucnGMojg6wmJWO5s2QxJITw-yTfOJw/photo.jpg,Exotic,5,0,1.6,2019-09-09 16:14:39,,
gp:AOqpTOFvDhgFBRfuDXOM8L1-RD8DrrFWGifJ_ETFkMq4fR4vBf2hDUHc4wIjEBVxHt1jU-Lb9PAM1ctJC_REww,Erica Morgan,https://play-lh.googleusercontent.com/-BvxotLYPjq8/AAAAAAAAAAI/AAAAAAAAAAA/AMZuucmJSM75atFJGuDPLej7dhqRXr0o-A/photo.jpg,Love this app!!,5,2,1.6,2019-09-06 08:16:40,,
gp:AOqpTOE4LLpjXTfpnmYo1wwVZwK8bKnlpLhhULlPUeuouThepZbZ6v34Hb7vz5bbyDyIhO_tLxmiyyBSt4hQlQ,Spine Guy,https://play-lh.googleusercontent.com/a-/AOh14GgIXu1aapNan6DZp1pDb-4CgENNrfXrvrt43YBWLA,"awesome app. Dont think , just buy it. life changing.",5,6,1.6,2019-08-03 16:55:05,,
gp:AOqpTOFBq2SnXlWLyLeUGMt-KUg9EpJyQLZBkoLfKwKnoeYZ5L6hxAd7hnEdIWctnZUCpSkUs-rfC2SOY2DY9w,Kirby Chohan,https://play-lh.googleusercontent.com/-BH-GfqWzoRg/AAAAAAAAAAI/AAAAAAAAAAA/AMZuuclEGSXgHD8376PzcRHr_l6viwx3gA/photo.jpg,can you add an option to let all 4 recording play at once,3,1,1.6,2019-07-25 09:13:10,,
gp:AOqpTOG1FRfs76zp_01Fq510Alov9eqqhwkbN_0-c4P4xNG7PxzpXypIsgqBkQUGgHFXAhrCDBuaEe9KpETtww,Andy Shepherd,https://play-lh.googleusercontent.com/a-/AOh14GiOkExXAPc6KiSXIaEjPm11ljhmFhGCTFQfl7We,Doing one meditation a day has totally changed my life for the better. Highly recommend this app!,5,28,1.6,2019-07-05 16:52:12,,
gp:AOqpTOHwGtlsITwbnmnOWsxxSbzUFwkzJFZewGmexRwk5nnWVEH_rswq_6oiQD166i0CFk5PbLZGvBDEcZnJBw,Jen Howard,https://play-lh.googleusercontent.com/-bcfsVOylESA/AAAAAAAAAAI/AAAAAAAAAAA/AMZuuck3R0wF0_sF5Ql0TybC4ULNfR8hzg/photo.jpg,Everyone who is having trouble with app. Uninstall and re install app then it works once again. No new purchase needed!,5,7,1.6,2019-06-17 07:20:33,,
gp:AOqpTOG9RrJYCZS2MIGTg6ZCKS-GXnto852Defok7txaZVB04MobwDeJHJfwfOLlOfTL8PzDKlV6cPBNrC0WeA,"Linda Johnrose -Life, Oils & Faith",https://play-lh.googleusercontent.com/a-/AOh14GilH0AaGnOggrSwZ5rqycpJygjtOC3YcAe_FsisLw,I loved this app but now all I see is a message saying Warning starting and nothing happens,1,9,1.6,2019-05-18 08:52:12,,
gp:AOqpTOG6_i-vxkGlAwdohDvmDYp6V_mDnsgWtAp11miOdvu4U-pAodZ3ogxHoWV6hDtUwuWjO_Y6yo2J9Tc3Cw,Margaret Zant,https://play-lh.googleusercontent.com/-d4lqN2wmvlg/AAAAAAAAAAI/AAAAAAAAAAA/AMZuucm36SOy51OfzLmD0q2yvQEMS-3PrQ/photo.jpg,Amazing!,5,1,1.6,2019-03-08 05:29:15,,
gp:AOqpTOHQRQat-NF_d4P4n1t29nBdwem5LBUiPYMpLY02rvzcWoRnCJ5wKC6S1nayb6iuT2mu2wA118FnNb2Dvw,A Google user,https://play-lh.googleusercontent.com/EGemoI2NTXmTsBVtJqk8jxF9rh8ApRWfsIMQSt2uE4OcpQqbFu7f7NbTK05lx80nuSijCz7sc3a277R67g,"I love this app as I love Abraham-Hicks but I have some trouble listening to it after my display is turning off, the audio has an interapted sound so I can't meditate without opening my eyes and turn my display on again. When I just installed this app at first I didn't have such problem and I would listen to the audio even in background. I will much appreciate if you could help me and fix it. Thank you!",5,18,1.6,2019-02-24 08:46:56,,
gp:AOqpTOEI5S8Uigs7U6vabJ_IIGLiU69KJTiV4yttALsGFoORmBlawsbU9EjhiO8o0_7CW4Ja6NxcCn9sm0SSdA,KARN BEATS,https://play-lh.googleusercontent.com/a-/AOh14GioWyOc7x9982zReUXBBMe_zyeF04OSRAksQOTr3IY,telling me that i didn't purchased ! how can i fix it !?,5,2,1.6,2019-02-14 14:39:42,,
gp:AOqpTOEubjVTAP5ePyXxhMkbYZwMUVn5I9_SJxNTkBVTUI2jU8qU0ooyNzEgoL909nlhChZdnFjkxkoSgyQwXQ,Donna,https://play-lh.googleusercontent.com/a-/AOh14GgD0l3Q9wfpyJRVtBmN21AkYsK3vPiP8Y8VnmIl1g,I have this on CD but it's much better on an app as I can meditate anywhere.,5,21,1.6,2019-02-14 10:18:28,,
gp:AOqpTOEVgn7SPAnc98upEqUS4C1MuR--eEYRokgsW3Ypuv20FoB99YuTGSAF6RPO-6f2n0WgmLoXlJQYSVkWKw,A Google user,https://play-lh.googleusercontent.com/EGemoI2NTXmTsBVtJqk8jxF9rh8ApRWfsIMQSt2uE4OcpQqbFu7f7NbTK05lx80nuSijCz7sc3a277R67g,Feel at ease each day makes feeling good increase in my day . 😉 ❤️ Thank you,5,5,1.6,2018-11-26 04:11:07,,
gp:AOqpTOG6L5WXgWYUE3JMy8zA2PM2loMD4BpqsFtH_4ASoMBUbTumcncp1RfDdHOQKkNdLti_FLLz4xLkScmrKw,Pooi Cheng Liew,https://play-lh.googleusercontent.com/-UVlCULqzUpA/AAAAAAAAAAI/AAAAAAAAAAA/AMZuuck9v-5-DuleZMmC_6OTPudY02oeOA/photo.jpg,"Cannot open the app, please help",2,7,1.6,2018-11-04 08:47:21,,
gp:AOqpTOHrz-qjJ4vxh6-ciLw9BQwO1nVmMLOFmuzxpJz6yWyT4HEQkdaTs3qGcZLnwnmKcuTeVNp8r1mr7EnSKw,Lucie McBeal,https://play-lh.googleusercontent.com/a-/AOh14GiPXiayOqLteMfC4UEdEqohlhbuChlCZa9yo1kK,"Hi, love this app, however I need help, when I open the app, it says ""Starting"" and then closes. Please let me know what I can do.",5,13,1.6,2018-09-15 08:01:31,,
gp:AOqpTOFQbMrwTHXZcnUDU7m3xNPuJhaGn2YO46yjnm8Uvu_cRJ9IjmE99gipsYn8-mnztziWyUAysAF1lCDMQg,Melissa M,https://play-lh.googleusercontent.com/-T2nmnbiDeUw/AAAAAAAAAAI/AAAAAAAAAAA/AMZuuclf-lmBUfiQJFaAN8rRLu2GpMp46A/photo.jpg,"The only law of attraction app that has made a difference in my life. I 
listed for 2 weeks and then I had the craziest dream which I can only 
explain as being in the vortex. Ever since then all I have to do is feel I 
am in that place and I am able to manifest easily. I've manifested my dream 
home and twin sons! Be sceptical if you want but this has changed my life.",5,37,1.6,2018-07-11 11:09:57,,
gp:AOqpTOEZd1GM529R1bE6it29u1ILqHbKqoY8oCXXpQU26Hs7cyCg-7cn231qNoVlD0qM2zig2doHSL0HrTzPZw,Kim Vicklund,https://play-lh.googleusercontent.com/-lYnOKDOPbTs/AAAAAAAAAAI/AAAAAAAAAAA/AMZuucmfdNwHjRpKUfE41udqtrwLco_m1g/photo.jpg,"Absolutely love the ""only music"" track...",5,0,1.6,2018-04-11 09:13:14,,
gp:AOqpTOH6X6-JfQKbK9NCxkNOmRhcKFDxMCk2cr2TtYCdkzAqJmk7NCQisYnTo2OYQfFfJflkE_e2iqj_WKs2Ew,A Google user,https://play-lh.googleusercontent.com/EGemoI2NTXmTsBVtJqk8jxF9rh8ApRWfsIMQSt2uE4OcpQqbFu7f7NbTK05lx80nuSijCz7sc3a277R67g,Audio missing on 3 of the 4 meditations other wise very good,3,0,1.6,2017-12-26 14:27:12,,
gp:AOqpTOFnzJxJJcxGyYf9xINJ9ys96cYgy2EwYz7NhFePWDNx02Ejxr6qjTALijO2Hp_fXJHUoT2DQb5BxJWJuA,B L Gent,https://play-lh.googleusercontent.com/a-/AOh14Gg_9v4HYe44e296asKP2L5rzCV-c9vxZVAJCTDcPrE,Love Ester Hicks !,5,0,1.6,2017-09-18 20:13:21,,
gp:AOqpTOFpjH1d_KywmOMvrab2TNlCm5vfaPGuRXhanRH_AQdVYet_3459iBiLjJtobj2IgkRvba4R45Zj8uGHqw,Ailsa Hamilton,https://play-lh.googleusercontent.com/a-/AOh14Gi44oX-mYjSwHzaNNQJ2Kq9j4ZqKR7T74Qk4WflY9c,I adore this app - I do it every day while I'm driving instead of listening to the radio or whatever. I think it's invaluable..utterly adore it...want more!,5,1,1.6,2017-08-31 04:27:55,,
gp:AOqpTOGzLjRFCmIiG-zxM67v-SLVkRiqSCDVKgNEvZMwBzgMvVzWLF_DcHj_tyL5OC_oNYe0ttUmGixr2zCjtw,A Google user,https://play-lh.googleusercontent.com/EGemoI2NTXmTsBVtJqk8jxF9rh8ApRWfsIMQSt2uE4OcpQqbFu7f7NbTK05lx80nuSijCz7sc3a277R67g,Love it,5,1,1.6,2017-07-17 16:32:07,,
gp:AOqpTOGZu2znUIlumTewbwPwkUXfIOD7xakx2gnDz3vyU0BRyIlqcmaMAeDRXX7X4of-iTqZ59DJgdrgKKDaKQ,M H,https://play-lh.googleusercontent.com/-gIJ54ImKMJw/AAAAAAAAAAI/AAAAAAAAAAA/AMZuucls3t3CVQalEpjnWd0I0jdwX2HfVQ/photo.jpg,Just what u need to get u thru the day.,5,1,1.6,2017-07-04 23:20:04,,
gp:AOqpTOE-EHsjOQ0CfSisSisQmLmGwBQuayM8OfxsgP_Vyo72T7UlAexcFpLnoVbaks4DSJ0gqpXi9tRe6jotsA,Annie,https://play-lh.googleusercontent.com/a-/AOh14Gj9ZxWpe9ycpNPNgDxlFLHzrtTcyMfRRqHqrg5QnQ,"So worth it. This has enabled me to meditate every day when NOTHING else worked! Thank you Esther, Jerry, and Abraham. &lt;3",5,2,1.6,2017-06-06 12:00:40,,
gp:AOqpTOEvvX6-jMDTvumDHFHgoaJRCNXjMFrh0CGpIlsykBzc2vy3J3EjWJplhitYUSJNOYrZu-v0yRqHrQgbhw,Phil Bailey,https://play-lh.googleusercontent.com/a-/AOh14Gi2fEwJ7sPC65HHmV9t3nEXCj5fKocR1L45fnt_,Be easy All good,5,1,1.6,2017-04-29 09:55:34,,
gp:AOqpTOEPyHqtWXyts8RMH4Kx234TO9RokWUsIT1EzGy9j1-9Vnlr9hnShY1NxGn1wSmKTHCFZyzJGofb-Hf9vg,Claudia McCalla,https://play-lh.googleusercontent.com/a-/AOh14Gh7FUrGhJsKdr2Y3m04U78xMPqWwzp9CVtoHnWE50E,What a lovely gift. And a great way to start the day! Thanks for putting this together.,5,1,1.6,2017-03-19 04:49:52,,
gp:AOqpTOGEJwZ0BGGM1Ig8-S4XRdeIY_HUMC43W8Z5OctTEEkZ4MLqAO05dF_WZ_z3uHHtp2JID8rQsyFvthGi1Q,wendii D,https://play-lh.googleusercontent.com/a-/AOh14GiVFh8PewPeO2ilZtFuR_iQ4U1zDq6VnhPr4spRuA,The most amazing meditation guide EVER.... I can feel and see the changes this app is just incredible and would have paid a lot more for it. Wonderful thank you very much,5,8,1.6,2017-03-14 04:36:54,,
gp:AOqpTOFe9MCWP5QLwS7SOmFWR8aBbkbviiniDEI4JkaFNK0RZwcNe6vQDxSXsVJThYwLMVtW1Rp6qJMctJ85eQ,Mark Soss,https://play-lh.googleusercontent.com/a-/AOh14GjTJ1GS7SmTCBibnMNeGlbdHgn4qFIg6XtsS0tnkA,Love it! Best ever,5,1,,2017-03-08 21:26:10,,
gp:AOqpTOEvgo_uSOZNL_Vmt7HyQXgZCKiJRlfodIO6l_BvbrXsEsrn6Wye3WZrMCOSl-zqTdWJfDPnM8YfFCGnhA,Curtis Matthews,https://play-lh.googleusercontent.com/a-/AOh14GiMnorGvp2u1jtRfzmpE9zPUU0lUQgu_tmohO4oyDw,Great way to meditate! I wanted to learn to meditate and this app does teach you how to sync your vibrations with meditation.,4,1,,2017-01-30 18:59:37,,
lg:AOqpTOG27jMIZZkBdLj2pjd_CL7NUPT9V4LM_L3ARWCOeeoqj0ynI0EL3etbwHemxxIcdpL3STDhiMTeQYLcPg,A Google user,https://play-lh.googleusercontent.com/EGemoI2NTXmTsBVtJqk8jxF9rh8ApRWfsIMQSt2uE4OcpQqbFu7f7NbTK05lx80nuSijCz7sc3a277R67g,All they say that it is. It is and then some. Wow this app changed my life and the cost I would sell this for ten times what is being charge. Don't have it get  asap and start immediately you won't regret it. WOW!! WOW!! a top rated app.,5,26,1.6,2016-12-14 17:00:02,,
gp:AOqpTOERKIK4e_IgLLeEnXCbN_m6VENsleEamTaiz1ve5BOKxxhk976OlopaN1LC1K8gqi6PvFzp8BSAzEKFjw,Catherine Rankovic,https://play-lh.googleusercontent.com/a-/AOh14GhL56y7PYssc2H0dYFOq3VsLu8r7rL3wlLT4UgPqg,I never meditated before. Still not sure I'm doing it right. But I love this app. Well worth the money.,5,0,,2016-06-09 13:55:53,,
gp:AOqpTOGXBRkrE0DEvSCTtmqakpUE63HizdmqlxBmAtiVGqRuIvG_-f9HPQhN0bTRZJ6-CSvlNvqr5eMge9aTfw,Clay Green,https://play-lh.googleusercontent.com/a-/AOh14GjwZree3MLy1HLhWIJldrRSS1g4bS0p2aRdwJMw0A,Really great concepts and parodies and affirmations. Would love to have these play all night long.  Can you edit the app do that there is a continuous loop option?,4,18,1.6,2016-06-05 22:35:13,,
gp:AOqpTOGTGzKLiSHNshPFma3njD-80KU96uP42Sn2YqCpX4HteEtXbr5OnWotNmdt-BSJxXspZ7PIEXaaKARr_g,Louis de Souza,https://play-lh.googleusercontent.com/a-/AOh14GjVos-iBVrbb0L1ga76xC76l4DqF80gt1Kmt5KT,Best clearest meditation ever,5,1,1.6,2016-05-26 06:46:15,,
gp:AOqpTOEmTEUhD-T6V5JoFcZ4wOdmTE9yNw8l4AjhDObLowkL254BZix44AprMS3U37I95A7Bo5uaXnYpy9VrAQ,Cadynce,https://play-lh.googleusercontent.com/a-/AOh14GgAnmWhW40fuaCCckZC7CsifDDu2tgYM5FIOTtbTQ,Has made a huge difference in the 2 weeks I've have it. I listen usually before bed and when I wake up. Sometimes more. :),5,8,1.6,2016-02-27 02:28:29,,
gp:AOqpTOF-aD04OHxysCZnt6lZODUy_z3SDPyLaY5-ZF0HoTEt4Jxj3PSQWK1JFObv80ggNkrvtnt5Ekhox6pLjw,Sara Wedemeyer,https://play-lh.googleusercontent.com/a-/AOh14GhiarZCOzxqE8wYiAacgC6Kh8WN1x3fyquS7Kk_gg,"I've loved Abe for about a decade, so of course I love this. I always mean to meditate, but having these guided meditations inspires me to do it. It's like a mini Abe seminar every day. Well worth the money in my opinion. App works perfectly on my Droid Turbo.",5,32,1.6,2016-01-08 12:07:02,,
gp:AOqpTOG9ChNalrAVeXSu01WIH18id7_3grcmUqIT0dWWgglPJpNUpaLHbNKyCAXpAYBsOLhgCA5V-98i-CRUGA,Samuel Hartsock,https://play-lh.googleusercontent.com/-wuhGfuTgN84/AAAAAAAAAAI/AAAAAAAAAAA/AMZuucnJPlKwffTSkUe6uzLr0JsU6H8rog/photo.jpg,Nuff said.,5,1,1.6,2015-11-11 23:41:18,,
gp:AOqpTOH-i-JMUo5Iep2pjkFEFlOpAijZSQB6kcpi_D15nXIcwTLL_xQ7TOpVlpGUyxaGpdOlmD4gUIgmiehJSA,M M,https://play-lh.googleusercontent.com/a-/AOh14GhtSZ4EOI1FmLzEObLa-JG7RhX7CBHaq5O5Y3cVxg,"I feel so good after listening to these and the service is amazing,  I had an issue and they responded within minutes.  THANK YOU!!!!",5,15,1.6,2015-07-16 15:19:07,,
gp:AOqpTOEI67TXtBBlCzL7m7K78KXmrtrv3oeMBHr669io-oCCeaeSEJqFeK9WpKxcHR2gAYi7r3-9M96pBi8RpQ,Red Frank,https://play-lh.googleusercontent.com/a-/AOh14GivWpdT0RXRQtIm_PGwjpiMBMY9fXn5p6NshtESTg,I just love it. It is simple to use. I've only had it a few days now and am feeling more positive and centered!,5,5,1.6,2015-05-10 07:12:20,,
gp:AOqpTOH5Ky6MQOdkV0NydReQVB-UMblqlyA1yPSRF7E85HLxJjXceYOitGVLA3YmaERkVESHCcmy0FH2oFVkLw,Thea King-Lewis,https://play-lh.googleusercontent.com/-9xSxI2vZVNY/AAAAAAAAAAI/AAAAAAAAAAA/AMZuuclE8Ne4JARUNw_t5uJJyDYjrlczcg/photo.jpg,Every nite I plug earplugs in just before bed...and Awesome Calmness simply takes over!!,5,6,1.6,2015-04-12 08:46:35,,
gp:AOqpTOGZSz6cpFOQ-P5RVvJ0BJtezmbnxj0i6HB63N6B9WFRPR9PM8xHlP-Zga4lsaC5HUOtmVO7eca1DixxYw,Rico Camacho,https://play-lh.googleusercontent.com/a-/AOh14GhLz_REQ9ncdCSCBzNXXrbcHz2D2W46C1BT-iXz,Awesome. I Love Abraham Hicks,5,1,1.5,2015-02-24 08:24:13,,
gp:AOqpTOGrpXuF4kmGoRhZXJ7OGd7Ur8AJT3eVd2bNnJyPSCvl_hNI991pUBaZc9i-2kI1iKuU7m6pXFM-7xJ2-A,Veronica Harber,https://play-lh.googleusercontent.com/a-/AOh14Giv9VykF6hIj0OpifGS-myrHpTCBoTB3CWwltv9zg,One of the best apps ever!! I love what this does for me:),5,3,1.5,2015-02-12 21:10:58,,
gp:AOqpTOFZjnw0k1Vmlu8psi5fBJE-rQqy7ilv2fTztYHjPh3r_pSgE4VaQD2W53kjYL4os6JUpY4_UTUybi7hNQ,A Google user,https://play-lh.googleusercontent.com/EGemoI2NTXmTsBVtJqk8jxF9rh8ApRWfsIMQSt2uE4OcpQqbFu7f7NbTK05lx80nuSijCz7sc3a277R67g,,5,1,1.5,2015-01-28 05:11:11,,
gp:AOqpTOFBRRx4CaLQGBgCeQabNvKJFOLSBkr7-4nLcxNBiQ8fYWQyT5B3EfT9A8y0I_iP4Eudd2gd3SXiOQuNXQ,James Williams,https://play-lh.googleusercontent.com/a-/AOh14Gh5PuhOxwfJN28dD1m-p99I1Q-fluzCKaBmP1e2cg,Love it!,5,2,1.5,2014-12-14 08:53:48,,
gp:AOqpTOGj7Z7mZY-SZpOfp9q78ea2cGr07kMxPldpGwhVaoUHfJ_QsB43sf3js6ITRot6G3TsRthkR50qfyLQhA,Mei Ping Tan,https://play-lh.googleusercontent.com/a-/AOh14GhNRdbPhzeyO0YvGW34mcDxJOYZFetcF8FW8ZelYQ,Thank you! Worth more than what I pay for.,5,1,1.5,2014-11-02 16:46:54,,
gp:AOqpTOHGOjTC9wl3NdmW4peIe8U3f6eiHz9T94MdxMj1snUTPtYTvUHw8C2We1rT5KkDUxfPS6OXZHOENfVZbg,A Google user,https://play-lh.googleusercontent.com/EGemoI2NTXmTsBVtJqk8jxF9rh8ApRWfsIMQSt2uE4OcpQqbFu7f7NbTK05lx80nuSijCz7sc3a277R67g,Life changing,5,1,1.5,2014-10-13 11:24:17,,
gp:AOqpTOFJgVVb1c4cWfv70zc1T971jRr6PQlRo1rYibaZKhj3363EJkdrjIqz0gwNqqR2DfF7HDqf7BtUGyQWgA,Andrew Lund,https://play-lh.googleusercontent.com/a-/AOh14GiFG4q0LKj6r9YmllPYNA7ATsqYgmIDrEbfkd_M,"Nothing new, no change log and a slew of new,  unnecessary and questionable permissions with no explanations whatsoever - in a $15 app no less. Disappointing.  I expect more class from this organization. Don't bother updating until they at least include a specific change log and justifications for all the new permissions.  I'm rolling back to the previous version as soon as this review posts.",1,7,1.5,2014-09-11 21:17:25,,
gp:AOqpTOHpYU9nVh8MlsXEG95d1x3qJ_cO2HjbQMfmqc8RXZav7WGB3JH6ediFpzg0vgfmji5L5N7TXj_n1d3qmQ,xavier oflosangeles,https://play-lh.googleusercontent.com/-MiaocA6GBGg/AAAAAAAAAAI/AAAAAAAAAAA/AMZuucl_lRJjVKtfhpSV1LG9Hf_-oKLMuQ/photo.jpg,Changed my life..and it'll change yours too,5,2,1.5,2014-07-14 22:26:27,,
gp:AOqpTOGhIPNE2MPFhABIYOsEONab5dhB6N04V7mv2eaT4oF2vgNsqfOhAzsM4hw68tBm5QlCedoyvm5Nw0-2Cg,A Google user,https://play-lh.googleusercontent.com/EGemoI2NTXmTsBVtJqk8jxF9rh8ApRWfsIMQSt2uE4OcpQqbFu7f7NbTK05lx80nuSijCz7sc3a277R67g,This app played perfect on my galaxy 3 now I have galaxy 5 & it won't play. It gives the option to play audio but when u press play no audio .   this is one of my favorite apps.... Every night I would go to sleep with this. Anything we can do to fix this ????? Please. 6/10/2014 thank U it's fixed now 5 stars !!!!!,5,4,1.5,2014-06-10 03:12:14,,
gp:AOqpTOHGDiMDLncEJPH7P1rZ9iKIGExxNHsvEsC0Xtuz1lfZ0bVRzCesyUlZbbn8NNpydOojlxDgkZjceK4laQ,debbie prince,https://play-lh.googleusercontent.com/a-/AOh14GgyddSE4xGn_CidAFC48MvPS_yaPrPI-InL9CLKMl8,I can't get it to work on my Google Nexus 5. It worked great on my old Android.,1,1,1.4,2014-03-21 13:00:22,,
gp:AOqpTOGkompNVVo8o7kaHhwFPyDnyhb2eRivjVo0yX5iLpn99F4KSVMwyQwNA22G-C2HYpb-eV8cOgnyPh_Uzg,Nicolas Vanderheyden,https://play-lh.googleusercontent.com/a-/AOh14GjH_n7PlprWOyth1ONDN-RtHMJ8aAmqpkZZHZEZDA,Very disappointed because I can't play audio files. I'm using android 4.4.2,1,0,1.4,2014-02-26 22:05:47,,
gp:AOqpTOEBKoi0A49zx25uG8jbRxGpdXDqBzgyYIZso1gU4jWQMpvH1LE7GD28hUGM_Rl5PTXXfcPBNs2N0zQCSQ,PETER DHANRAJ,https://play-lh.googleusercontent.com/a-/AOh14Gi2fnK2oMQAYCAIMFjpvqHMd-uYfhWYh5JkMnWq9ks,,1,1,1.4,2014-02-06 03:26:57,,
gp:AOqpTOG0MzrTi1Prr7o7bxZFWDV8UiqcgbjLPIS3T-cgN4YyrdEvW5jRUj4mL1U4KDzoCErcQ4dTrmBMFeeBEQ,Gina Aristodemo,https://play-lh.googleusercontent.com/a-/AOh14Ghb-E4ljdHI_2zSRRDsbL3-Bz_BPEQk245d68-z5g,.,5,1,1.4,2013-12-23 08:41:41,,
gp:AOqpTOHxElGQ29mOdSoDq8il3y95UTptO9FKebIJS_tYdqcS5IQ6lLASWwAoMaN2k4Jp9DKnXKHl_bvHiudQ1Q,Thomas Schofield,https://play-lh.googleusercontent.com/-L-WF-DfkqTc/AAAAAAAAAAI/AAAAAAAAAAA/AMZuuckGaQamqd5FSZzPVgtaDwGRsU_URA/photo.jpg,A got goosed for a lot of money!! No audio,1,0,1.4,2013-11-04 14:03:27,,
gp:AOqpTOG8l6mhUWKZcQwXxZ8ZV5qD919ZadOXDXZfh1sRY08YV3Wotp5dEiY72sEzd9yRFPWVEnZ01Q55tAsj_w,Ricky Golding,https://play-lh.googleusercontent.com/-ZRoAVrcGRCU/AAAAAAAAAAI/AAAAAAAAAAA/AMZuucmApDREjS-WoLmhYAUMWh1Ok1tqig/photo.jpg,Recovered from depression/anxiety using this app and medication,5,5,1.4,2013-08-22 22:11:56,,
gp:AOqpTOHucUDtnXjy2MJ0B9RWEVu1_bDqvZmbO5MT6BJFP6T8EpcCKSA7nSrP9kaTGBlDByvvhUTU5UHC7a2Q4A,Danielle Cordier,https://play-lh.googleusercontent.com/-OQqSZz19UWY/AAAAAAAAAAI/AAAAAAAAAAA/AMZuucn04M4dbGETjbvXrG9FwVNOS-lxuQ/photo.jpg,"Love it, but too large",4,1,1.4,2013-08-21 22:38:05,,
gp:AOqpTOHk0rZgOmSTq3_3YCtAw5sHaZZ43qEnWXxf7KpEBk3AaYm2gyayr3K--ww2xFCgzX0MKRpRDmCGHikN9Q,Ann Larsen,https://play-lh.googleusercontent.com/a-/AOh14GglrjLKzNPWMynipCw-2rblrptw9QzUzgw4nEyLR8U,"Worked on previous phone.. Now says 'missing package data"" I loved this app, please fix this bug.",1,0,,2013-08-03 20:47:12,,
gp:AOqpTOE4yq4iUqfSESKu_Nzxsm8dP7NYfiKgQjqJjLlxgbtwfpyomow0foOHWKE8pdpKNEyLcwvk-ZL6rGb2zg,Joseph Hurtsellers,https://play-lh.googleusercontent.com/a-/AOh14Ghay4qhMg4qJr8tUAfG5bXJpo2y5g4lHTIb6B2rIqM,I keep going back to this over and over; it's the best way for me to feel good when I need the boost!,5,2,,2013-06-22 06:10:37,,
gp:AOqpTOFHgW0gXqFcwbx3NGBZtaaGKem8C0h2wygLSHRqVpW8iYY8EWiMu3NNvmUPEbhuP6vCeciX2zkD5jM7gw,Alexis Artis,https://play-lh.googleusercontent.com/a-/AOh14GgxyNI0yLhRvUasARctduMd_pT9RBcIVfB74RMp,I love this app!  Worth the money.,5,0,,2013-05-04 09:52:45,,
gp:AOqpTOFhuj7HBKf8QdPMmQbEJwNoNCOk7X0WP3fijnrfukCm47yrdU71bjnYwIMV-LsuLe7HSgvdfXtpm2tl3Q,Ryan D Downs,https://play-lh.googleusercontent.com/a-/AOh14GhDFONiAfs4PaAkUtqnxFH4aQfsVuaEMA6_I-uKZg,Absolutely wonderful.  This works.  Recommend wholeheartedly.,5,0,,2013-04-23 22:47:49,,
gp:AOqpTOHtgQaR8O3BzLque5MwThnJutkSLT-_nTUYRU7AEYOjQWHkZJNm6PA7Pf_jQjFYHCgQ4R_uj8-ImS5RNw,Divyaa Madhok,https://play-lh.googleusercontent.com/a-/AOh14Gj74Ege61ZIFCTmG-EAmzwxHrO8WMVxsORBUqhxMw,The audio files werent working after downloading the app onbmy Sony Xperia Z model. I read in another review that someone had the Froyo audio payer on their android phone and the audio was working. And so it does! I have Just downloaded it and all meditation audios are.working well.,4,2,1.4,2013-04-09 11:35:54,,
gp:AOqpTOHaYCfgRwGycRgdN7hvH5QMIRezbWdYv_x0WpUG-36j1N93aHDfZltNvtSdnXygUHDmbKUGBVch9xh_YA,Ricardo Varela Laredo,https://play-lh.googleusercontent.com/a-/AOh14GjYzbrGYcihWdwcZI1wd6mbArRh_8DGjHunOzuAkQ,Tried several audio players and none worked.,1,0,1.4,2013-03-13 08:07:34,,
gp:AOqpTOEV-pcwl8W8O8PQ3MxPZEtT-IDdo_Q8MafJixL4vjDgJ5B0HvKQws880U09ClraftnEcxjv0IZXl15M9A,Laura Williams,https://play-lh.googleusercontent.com/a-/AOh14GiktepgOd7JhDw4jwY9MWqHZHRlmY23R3kUDbvf_Q,Can't access meditation audio from my phone. Just pulls up empty playlist. Maybe it's my phone?? Have uninstalled twice. This program worked fine on my ipad. Bummer.,1,0,1.4,2013-01-29 01:01:36,,
lg:AOqpTOELeLvjS3ja144vwioQkzA1JxQVRSP3NbCwhu4ezZwOGJVzOlTAZwg-N3l_P5UJMXIneGMzieALu_e1uA,A Google user,https://play-lh.googleusercontent.com/EGemoI2NTXmTsBVtJqk8jxF9rh8ApRWfsIMQSt2uE4OcpQqbFu7f7NbTK05lx80nuSijCz7sc3a277R67g,Thank You!,5,1,1.4,2012-11-03 15:44:37,,
lg:AOqpTOGYPzjgyD3oqB8xxW8Fkm8RAjMbfyPcy4k9dgHuYqXxwwlPQkMf7JBJAdROwfZ0zjV0McKeb1pYb0SLmA,A Google user,https://play-lh.googleusercontent.com/EGemoI2NTXmTsBVtJqk8jxF9rh8ApRWfsIMQSt2uE4OcpQqbFu7f7NbTK05lx80nuSijCz7sc3a277R67g,"I bought it but ... it is 44,.. MB so i had to uninstall many other ups, though most of them are in the SD card. Finally installed this app - but all audio files play just for 5 minutes, and not for the 15 minutes it should play.  As i liked the the sound, voice and music, i then bought the digital extended version on their website and put it on the phone. Grate, now i can hear it all.",3,0,,2012-09-13 08:54:07,,
lg:AOqpTOH2MLC0Y13kjYMHHfOe1gI8Mdns2W7ECMqTJ4PSyR36TiNdBAiJxol-96z0SLsebPIhC-ahmc_IcughXQ,A Google user,https://play-lh.googleusercontent.com/EGemoI2NTXmTsBVtJqk8jxF9rh8ApRWfsIMQSt2uE4OcpQqbFu7f7NbTK05lx80nuSijCz7sc3a277R67g,unlimited access to infinite intelligence.... perfect,5,1,,2012-09-06 10:33:41,,
lg:AOqpTOHF7k57nFiH5QE7FT55EMhiYgR3tVMNAj-2-jnph42E2RfQ6ghrk9lSYoKEsJpSjkoQPPUmCVir7xAP0w,A Google user,https://play-lh.googleusercontent.com/EGemoI2NTXmTsBVtJqk8jxF9rh8ApRWfsIMQSt2uE4OcpQqbFu7f7NbTK05lx80nuSijCz7sc3a277R67g,So worth it. Holistic healing by johnna partain,5,2,,2012-07-19 19:49:10,,
lg:AOqpTOG4hQi6vtDoctO6vLNfwmQAsBxrc2xpm42hbmUG845_kUhzgdjdBK7P60eKQvkiximYS1t20U1ugdxPyw,A Google user,https://play-lh.googleusercontent.com/EGemoI2NTXmTsBVtJqk8jxF9rh8ApRWfsIMQSt2uE4OcpQqbFu7f7NbTK05lx80nuSijCz7sc3a277R67g,No audio. What's the point? Paid $15 for nothing.,1,0,1.4,2012-07-09 08:46:51,,
lg:AOqpTOEB4itK3NXaeQEC86f6Bvd6gO0bWcCnDZXVzN2FFtVIyXDcBqE89xYjxcJoytDkaBWvY4YEPxtfbtRuxg,A Google user,https://play-lh.googleusercontent.com/EGemoI2NTXmTsBVtJqk8jxF9rh8ApRWfsIMQSt2uE4OcpQqbFu7f7NbTK05lx80nuSijCz7sc3a277R67g,"I you cant download with your carrier use wifi instead for large apps.  This is an extremely basic message streatched out over four, 15 minute sessionx, all with the same very repetitive story-time playpen type music.",5,5,1.4,2012-05-03 20:21:28,,
lg:AOqpTOG0jJT7UWtkLtGDIBr_R5yKGVUlFciaUnWd9gshEw99xdqxBX182QNV9P-CBQFAR0DHiA6n-nAnu_5jEA,A Google user,https://play-lh.googleusercontent.com/EGemoI2NTXmTsBVtJqk8jxF9rh8ApRWfsIMQSt2uE4OcpQqbFu7f7NbTK05lx80nuSijCz7sc3a277R67g,I listen to this everynight at bedtime and it is awesome. Highly recommend.,5,2,1.4,2012-03-04 19:09:53,,
lg:AOqpTOFU3aya8GesEjfRXcyss7bryfvfJW27SC0DCYId4-_DR-1gMzHERIKNbRdmVIbM1Lo4WsMGqfbqBTktEA,A Google user,https://play-lh.googleusercontent.com/EGemoI2NTXmTsBVtJqk8jxF9rh8ApRWfsIMQSt2uE4OcpQqbFu7f7NbTK05lx80nuSijCz7sc3a277R67g,Love the whole series - thank you!,5,1,1.4,2012-02-09 09:58:25,,
lg:AOqpTOEZ1hrtNj_Imd5UJreWRmWxl8s9nPWOePFENGykanvLMuu8P8R7AEaFzgLcBWkumVLZrxbfZ9qoSWi5UA,A Google user,https://play-lh.googleusercontent.com/EGemoI2NTXmTsBVtJqk8jxF9rh8ApRWfsIMQSt2uE4OcpQqbFu7f7NbTK05lx80nuSijCz7sc3a277R67g,Love it!  Love it!  Love it! Samsung Galaxy 2.,5,2,1.4,2012-02-02 01:00:29,,
lg:AOqpTOFPHDUUfytG05PeiCeTPCBEOOGjHyCEASnmdVPZV7CuVclQ2JoidwLKdQjoc1J51yOgXQVgeWKxLqYG2Q,A Google user,https://play-lh.googleusercontent.com/EGemoI2NTXmTsBVtJqk8jxF9rh8ApRWfsIMQSt2uE4OcpQqbFu7f7NbTK05lx80nuSijCz7sc3a277R67g,"When i click on any of the audio files, it gives me the option to play file with Moboplayer or the standard Music Player. Doesn't matter which i choose. I get an error that no audio file is there. Emailed support with no response. I have plenty of memory, so that's not the issue. Any suggestions?",1,5,1.4,2012-01-27 18:52:23,,
lg:AOqpTOHIxdTbAYqbyU4lhWAvLZiNuknv_Pj0mXCSsT5efCA-lHcEfOgSFdE1E-ovdxzsvc_P8_qlaCJosIEgCw,A Google user,https://play-lh.googleusercontent.com/EGemoI2NTXmTsBVtJqk8jxF9rh8ApRWfsIMQSt2uE4OcpQqbFu7f7NbTK05lx80nuSijCz7sc3a277R67g,"My phone is app 2.1 and needs 2.2 to save to the sim card. Although I have over 55 mb available, it will not install since there is not enough memory. I cannot default the installation to my sim card until it is updated. I am so disappointed!",1,0,1.4,2011-10-05 20:22:11,,
lg:AOqpTOEyMtnpRK6Is8L0ocpkRMKODTIEM7KXOxdOvDyH52zrTGZx6QLDCs_09HJLbM2Nt4MjH1ZrHkwcNOpcIg,A Google user,https://play-lh.googleusercontent.com/EGemoI2NTXmTsBVtJqk8jxF9rh8ApRWfsIMQSt2uE4OcpQqbFu7f7NbTK05lx80nuSijCz7sc3a277R67g,"Love this app on my droid X, looking forward to more abraham/ hicks apps, like the law of atraction cards that are used by I phone owners, just asking",5,2,1.4,2011-08-19 20:42:45,,
lg:AOqpTOGOcSokogTCv75hgnGkI-txtYaSqYdn0u0IWWhpXdjU5NERgpU2cJN8xqU_OdkCnf5VMwgnD1hXutMElA,A Google user,https://play-lh.googleusercontent.com/EGemoI2NTXmTsBVtJqk8jxF9rh8ApRWfsIMQSt2uE4OcpQqbFu7f7NbTK05lx80nuSijCz7sc3a277R67g,Love the guided meditations from this app. Only wish that it could be moved to the SD card instead of taking internal storage space- 4 stars for that.,4,1,1.4,2011-07-20 15:48:39,,
lg:AOqpTOE3Oo7II_t0dZ_ZElUy59QP9Vk2sAzwAYNhqLwg1rOv13_R-2qqiWqo6OvsojZdZanivaf6wzfbH9JO6A,A Google user,https://play-lh.googleusercontent.com/EGemoI2NTXmTsBVtJqk8jxF9rh8ApRWfsIMQSt2uE4OcpQqbFu7f7NbTK05lx80nuSijCz7sc3a277R67g,It works great. I love it!,5,1,1.4,2011-07-01 22:46:20,,
lg:AOqpTOGTod6vKEKFFQjMqQZAkjrImT62u5tudsv7ZV5mDfnSR7KNGbuXwIz3sfqXh1CBV7fLzdC0-RJW1eVyPA,A Google user,https://play-lh.googleusercontent.com/EGemoI2NTXmTsBVtJqk8jxF9rh8ApRWfsIMQSt2uE4OcpQqbFu7f7NbTK05lx80nuSijCz7sc3a277R67g,"For some reason this app worked fine on my old droid, my new droid has significantly more memory but neither player can open it.",1,3,1.4,2011-06-10 08:17:18,,
lg:AOqpTOGDRaC-VEN0ucYjxWCdMo9wEm1EtDqjTUcGHJmVHDvG1eRpuH7LaDdkjINfCbDfZkGIfoArItShqwf_tw,A Google user,https://play-lh.googleusercontent.com/EGemoI2NTXmTsBVtJqk8jxF9rh8ApRWfsIMQSt2uE4OcpQqbFu7f7NbTK05lx80nuSijCz7sc3a277R67g,Couldn't download it!,1,2,1.4,2011-05-24 14:44:30,,
lg:AOqpTOHWMMaA_odmTl4OQguRS7KkCX4y5A4nYFGVrKE0qs7CoL1djhq0kIg1yjR63w6Gww-qfyx1QfpeQDqcLg,A Google user,https://play-lh.googleusercontent.com/EGemoI2NTXmTsBVtJqk8jxF9rh8ApRWfsIMQSt2uE4OcpQqbFu7f7NbTK05lx80nuSijCz7sc3a277R67g,Others said they had trouble with the upload but I had no trouble at all. I have mediated more consistently now that this program is in my phone.,5,2,1.4,2011-05-22 09:50:08,,
lg:AOqpTOHDB5vf-LsrLbqhJDSYc6ici7B8TT0hiHdIA4pKRTvdF8zXsBtr054SfBahkNSkoPxh741ynp-_pIQwtg,A Google user,https://play-lh.googleusercontent.com/EGemoI2NTXmTsBVtJqk8jxF9rh8ApRWfsIMQSt2uE4OcpQqbFu7f7NbTK05lx80nuSijCz7sc3a277R67g,"This application won't install. Based upon others feedback, I assume it's because it's too large. That's too bad I love abraham hicks.",1,2,1.4,2011-05-18 01:31:25,,
lg:AOqpTOEllNethhutg_ShR6v_k4GJYjRnhCbOrZrWf3uc41nmmlykW-mSDxVR1j7Y2JfWbPwKXEdL1gwKijDuPA,A Google user,https://play-lh.googleusercontent.com/EGemoI2NTXmTsBVtJqk8jxF9rh8ApRWfsIMQSt2uE4OcpQqbFu7f7NbTK05lx80nuSijCz7sc3a277R67g,Very excited to download but it's too big to download,2,1,1.4,2011-05-05 23:13:52,,
lg:AOqpTOFaiPztpjNfAGSlczGKGCKtrCo-_WTI855NQ_af_EtHH8hrBBb671u0EQgKW1Gxohfh9GfaOshSbNbjQQ,A Google user,https://play-lh.googleusercontent.com/EGemoI2NTXmTsBVtJqk8jxF9rh8ApRWfsIMQSt2uE4OcpQqbFu7f7NbTK05lx80nuSijCz7sc3a277R67g,Too big! Can't install,1,1,1.3,2011-04-26 06:32:49,,
