reviewId,userName,userImage,content,score,thumbsUpCount,reviewCreatedVersion,at,replyContent,repliedAt
gp:AOqpTOHrelWyffppzrz-NEl8CF_SAUxytumcKQEoQOC0djoRMQ8p6-wGIhOvN_k2WXKV6clpv1Ht7Ws5hhvRk4w,Nursatrio,https://play-lh.googleusercontent.com/-Ty_Nu5ZcYEo/AAAAAAAAAAI/AAAAAAABawE/AMZuuclzS0HhJepiaz_So7s6BRLYa9LDtQ/photo.jpg,"Well this is a great game made by very capable developer with frequent updates. My only problem is this game kinda like alpha project without clear direction. So you have to adapt every big changes in every updates that often make your current character builds obsolete. For now I will wait until the developer give this game design a more stable form. Still, 5 stars.",5,0,1.03,2021-02-10 00:32:43,,
gp:AOqpTOGc7gfY5fGkUUod1cX1WyfzEWiQSxpR_qviaA-F1T-5eMkiA2ZEbC9pPbwSiXpIqJ1vtjg_u_tCDy9Ppoc,Sharkus Velarde,https://play-lh.googleusercontent.com/a-/AOh14GjX_RgAWVgcwCnkpHOdgVp_WTtQ29Y0UZNiWCP1,Game has glitched out after last update. Frequently freezes solid.,4,2,1.2.3,2021-02-09 17:51:59,Hello! In the next update I will add a lot of items for low levels. You can enhance your weapons and armor for fast killing =),2020-05-21 05:01:54
gp:AOqpTOFzmcUhTfPZnc-G9Cprf23LT5WbDlXNsa3YMapxVRrwrAtEOmzhljXEkizgvyS4F14U6fBeRinHDzhpLow,Brent Lomax,https://play-lh.googleusercontent.com/-DB92Buu-s-0/AAAAAAAAAAI/AAAAAAAAAAA/AMZuuckcE__PEJnZu02cjfz6EjHreu3grA/photo.jpg,"Great game. Simple hack and slash style RPG. Leveling up seems to flow well. Item drops are generous. The reason for 4 stars instead of 5 is due to the stats. I'm max level and have 50 spare stats. I don't use attack speed and my mana is plentiful so I'm left with 50 stats that I cant really use. I think that magic resistance should be added as a stat to fix this, or allow us to increase our health as much as we want.",4,1,1.2.3,2021-02-08 09:31:50,,
gp:AOqpTOGmvLTMHreOQ3reKTJxNv1mbrS7BTS8WTnzuHgMG9CkJzytiM0UlZcE4qTPMZP4vJDivq6yl1biAYtx5eI,Evan Weider,https://play-lh.googleusercontent.com/a-/AOh14GhryaunsbhEkLFbjk0rH1ZeoIynGJNUD4rryG6qxw,Seems fun but after completing 2 quest the wanderer just sits there with an exclamation over his head and wont give any quests to continue.,3,1,,2021-02-02 15:45:01,He gives quests depending on Character level=),2020-05-04 17:21:58
gp:AOqpTOFYyRV-ohbMHQMawIfKmIeiSF2v08_fsUPGRWueaY16JUvwCRiq-SuixiFWOyyZrS0ysyUYob8V60EiuH4,Travis Chan,https://play-lh.googleusercontent.com/a-/AOh14Gi0O-Hh9ksSJSHxTDebJ1V3iKMYf2y7DFSF5uKzsg,"Would be worth more 🌟 if can add controller support . Game play is generally good , storyline is a bit boring",3,4,1.2.2,2021-01-31 22:04:32,,
gp:AOqpTOGMpeK5NZFW9YiiX2b5MX6nQoMKPcRWWfbcGw2pVAXlPKvRrnkFdwSEjCO4i9LFtdx6CrkIaQtQ5__cIoU,Alex Carpenter,https://play-lh.googleusercontent.com/-NM-4JfHlnv4/AAAAAAAAAAI/AAAAAAAAAAA/AMZuucnijvVKZ55S4-Yen2Q_dDpWVsR-Sg/photo.jpg,"The devs were quick to add more content which was my only problem with the game, I'm quite impressed and can't wait to see this game flourish.",5,8,1.2.2,2021-01-31 09:22:26,,
gp:AOqpTOEVSqiAyfcKE6qcFCernvzp3fu_rakLlU2NvBjvivugggc65OjnlpwyTas3LXLNOwOso49v3wVi5bpO_kU,Sai Sravan,https://play-lh.googleusercontent.com/a-/AOh14GjjHWdtuHpigQ5siDMWYBxxOSYdwonCxyb4LRT28A,Bro after the update we cannot access the alchemist and weapons shop pls check and there are lots of bugs pls correct it 🥺 I will change the review,2,0,1.2.2,2021-01-26 09:39:39,,
gp:AOqpTOHpbb9oZ5rpmfLTGltFSspewHx3Iqi_BsZXMDNsMm1lKc2XO45DM22Tn72Z88jF76grbr0YeYzjjFkDBMM,nomadic since,https://play-lh.googleusercontent.com/a-/AOh14GhZI-qFZ36wjGT2CZ-nfwpfAOXmJrclSjuuW6mquQ,Do not recommended this app! Unfortunately I cannot remove this app from google play purchase history.,1,0,,2021-01-26 04:32:32,,
gp:AOqpTOFGQl5IMyeN1Ooe_mPnWmDFcaGU6LU_l-iqUFUrIl3R7MwUh5peGGj9aN7Jrw9D9oramfHNEdmX4deQoKE,Chela Sanchez,https://play-lh.googleusercontent.com/a-/AOh14GiRQw8QjFrpoI1UEIbeeJbYtmMEPDWxvhbaghsh,"after i finish all quest from wandering spirit, there's nowhere else to go. is that all there is to this game?",3,1,1.2.1,2021-01-20 05:52:40,,
gp:AOqpTOFZZptZ8sAb0l-1183BLsAbKCN_6PaJBCcdl5ygdiU4obSpD8rrs29piew3VZLLhnNr-IfhSUJrK1E0e-M,Gensyll Mercado,https://play-lh.googleusercontent.com/a-/AOh14Gi1K2mNl3FJdhAYK4Tg91q_TLFoO_dHH95weGc6,"Great rpg game. only the characters need rework because they don't look realistic. other than that, the game is fantastic. worth every penny. Edited: The game lags or stuttering after latest update unlike before it was very smooth. i don't know what's wrong. kindly fix the problems. thanks",3,0,,2021-01-02 07:55:55,,
gp:AOqpTOGpdpzWfbyhoY0nsNnzutUqrLqkKsjptYJBqgwGNSBixeBXRpXxMFDeiqQPceLS2AxrXfO5YsWlbaqW3IQ,Thomas Germain,https://play-lh.googleusercontent.com/-aIwrTijfj3M/AAAAAAAAAAI/AAAAAAAAAAA/AMZuucn7rxK0MdxssJZRnY8ZjAG8_Y6bYg/photo.jpg,This is by far the best d2esque arpg. Only downfall is lack of visuals for different armors. Hopefully it makes it there as that's a huge draw for fans of the genre. Regardless love the game keep up the good work devs,5,4,1.1.9,2020-12-31 22:46:41,,
gp:AOqpTOFeRmOPCOJd1rmRzILkGqGHW8_AaBbbUx0DCLFEkQCIAD3m8QjZ_GbrXVazoUhvYgbf8hro55WMVxpmiTo,Michel elopi,https://play-lh.googleusercontent.com/-C7i6XQuGhqo/AAAAAAAAAAI/AAAAAAAAAAA/AMZuucm3C3DY4xuS0KPFmrKW6gKId6i-kQ/photo.jpg,Yo yo yo!!! I love this game!!!!! omg!!!,5,0,,2020-12-21 15:45:41,Thank you!,2020-12-27 02:18:59
gp:AOqpTOGPr8v4yM7b3-ra3vXKfeOHkxtykXffIaf6-49ylKc5Mj76IbJCNT-t4O3XR01VLwBnEV0WsUcxOe4Vb14,Elmer yubito,https://play-lh.googleusercontent.com/-W7LiwIurB5o/AAAAAAAAAAI/AAAAAAAAAAA/AMZuucnnaDZLNf7kwkEWgYsYfgkluziK-g/photo.jpg,Most likely the closest game to diablo in android right now hahahah,5,0,,2020-12-21 15:40:16,Thank you!,2020-12-27 02:19:04
gp:AOqpTOGWTPgkaGbJFCsoKSgedWzeYoLGQd6G1uIBdz0MD3uXXMKG47aVw2w3072IGLXSdHjfHm1AjjAnWLEyfJQ,Jean miskat,https://play-lh.googleusercontent.com/-9L1btcQ79G8/AAAAAAAAAAI/AAAAAAAAAAA/AMZuuck59BKu22sTYpvgwStrImsi0I0-fQ/photo.jpg,What an amazing Game!!!! :),5,0,,2020-12-21 15:38:03,Thank you!,2020-12-27 02:19:09
gp:AOqpTOElDs8yJFrK3lwRpvK5K4PotxoeW5yrNjwHnj2HjYUBeIizi2Z8lQNTsojYqWCdcI2Z1S2CS9ZAa9myHAo,James Apolili,https://play-lh.googleusercontent.com/-paUe447G5T4/AAAAAAAAAAI/AAAAAAAAAAA/AMZuuclE8dX8bFYym30KTGVEoOa66Y2vBQ/photo.jpg,Exceptional game!,5,0,,2020-12-21 15:34:02,Thank you!,2020-12-27 02:19:14
gp:AOqpTOG0G7RqCerqi-F_OXd0NYj7Pm9ne35odMA06HAvm50ZNalgjTMJY-kGkwZpDtw-yMgbT6YIJiJ54F3m8Do,Alex Thurston,https://play-lh.googleusercontent.com/a-/AOh14GjFTUXA9hJaP0Zc21eRrTiBZq7q420iQ37jlhhq,Solid ARPG! I'm happy with my purchase.,4,0,1.1.9,2020-12-18 18:54:11,,
gp:AOqpTOFVajsGxJNsNe90rPcevyzDpI1uZ8NBMXtWF9feCCCOlm0-Tp-c0wv_LFu4E8LWP2M33MhFf9N1HYLa1Dc,CSC,https://play-lh.googleusercontent.com/a-/AOh14GhfXFraWZHAflJMLoefAYKI-UtuXXWeUaZyACE8iQ,"One of my favourite type of build is the archer build. I started to invest points in critical chance, only guess what: it doesn't go higher than 19%. I wasted so many points until I have actually noticed, that it convinced me to stop playing it because I don't see the reason why would you let me invest points into something that doesn't increase. You should grey it out or make it unavailable once we have reached 19%.",1,46,1.1.9,2020-12-17 10:40:46,,
gp:AOqpTOH6a_rRW6t9519n9khhszPmYCEIL7ikL-T5mHgq5UvFXj2PlQ0XGVzxpUPocfCGelVx-BfEWq-rGH4j2lg,Brendan Gethin,https://play-lh.googleusercontent.com/a-/AOh14GjmBGYWmUihqHlvZgKwmdHRnUAPtYpYziUCb1gDCw,I like this game so much that I have it for Android and iOS!!!,5,0,1.1.9,2020-12-03 05:30:51,,
gp:AOqpTOFNu1rN0_GdJc8B2raK2JkG0D-qrBnwEQhKt7woapTOL2Xf3K66UpssB7Qco99XEI_5Fv7jEZhmnWWJJog,Curtiss Joiner,https://play-lh.googleusercontent.com/-RJCssrewcD0/AAAAAAAAAAI/AAAAAAAAAAA/AMZuucnvDb0ZGcFhpQXIqrD944gkkHyhzg/photo.jpg,They should fix the lag,3,0,,2020-12-02 23:07:02,,
gp:AOqpTOH9Fmyqx6oR0H2xr7dhXjeZRAz5wkhiFVI18OaFTE77qTnlrgLUk73YG1Bd39nwMAzKlEXj75JwKVnTJhw,Fxlitt,https://play-lh.googleusercontent.com/-MUUn0HdEy9o/AAAAAAAAAAI/AAAAAAAAAAA/AMZuuckYlzm7Oes7qK66-Fstiwjvqz-Pww/photo.jpg,Designed very well. Easy to reset stats to make a better build while progressing. Character/monster scaling is great! Up from 4star to5. Recently tried this on my phone again and fps issues seem to be better.,5,5,1.1.9,2020-11-28 23:13:45,,
gp:AOqpTOEcWUAd5Hu4NDwK6EyKTIUCe15Nxryj68-I68pB_FNENDBlS0exzskT_FVb83Hp3xojiSMSOVgpQ5idlWk,David Dearmond,https://play-lh.googleusercontent.com/-qQ-zRjW0Tx4/AAAAAAAAAAI/AAAAAAAAAAA/AMZuuclGwn0C7EwhmF76fNc0PVEwtYBiFg/photo.jpg,"Much improved graphics and gameplay. Would like to see an expanded game world and special events in each zone (occasional rare monsters, rare subzones, etc) so there is a chance for something new when you enter a zone. Legendary items should be more rare but more powerful when found, perhaps items could slowly damage over time for upkeep. Some times actions have more steps than necessary (clicking on storage chest should just open chest instead of asking me is just one example).",4,13,1.1.9,2020-11-26 21:43:20,,
gp:AOqpTOEDS2xZqvQiuGNEebNABkMgKA7FpZ9TnQlg8uLRBu1KoqA6qqHDH_0T16NlJ-NZDPWD6_SFWYwY9foCh6U,Lance Stucker,https://play-lh.googleusercontent.com/-NHBMl4gaTg0/AAAAAAAAAAI/AAAAAAAAAAA/AMZuuck21qh7Q_vjvWwe6SWwR5Wr4HX75Q/photo.jpg,"I hate leaving a 1star review, was 5star. Game is unplayable on my phone. The game freezes up after loading the character and going into a menu. Ive tried reinstalling game.",1,2,1.1.9,2020-11-26 21:19:23,,
gp:AOqpTOGuQ_XeRkIoWnqfUkVFWk34K-LtpBXc3aToAg3Ovh7mtoNbdB6V55fSQxO05Kf9xgT0-JBD-cWM5ljtS5M,Alvin faustino,https://play-lh.googleusercontent.com/-0Ww144icQfA/AAAAAAAAAAI/AAAAAAAAAAA/AMZuuckbn_NdF9kkXQWWX5WiasHiucTvrw/photo.jpg,solid bayad ! ❤️,5,0,1.1.8,2020-11-23 04:47:02,,
gp:AOqpTOFriF5Rj2M145sFTqOGwszIsWenTGGwu_OYl9vAPi90qgAhNCOdasSC9qlTeECv-uL06ojDO6hiaVjYO0o,Andrew L.,https://play-lh.googleusercontent.com/-dUsBo4dwPVI/AAAAAAAAAAI/AAAAAAAAAAA/AMZuucnVsRIUO1z1N04XvnI6088iGInZAA/photo.jpg,"Honestly I love this game. It's well thought out so far and I see the creator is very active. I see the game has a ton of potential to be even better as it is great now. A few things I think would make the game smoother. They are; A inventory sorting tool. A buyback feature(I've already sold things I didn't intend to). A respawn point for Refuge of Souls. Mod that when I am in stash & I click a item, then another it drops my previous item outside.Make the ice targeting the same as the fireball!",5,19,1.1.8,2020-11-19 08:45:09,,
gp:AOqpTOE3fNnSCX_1Vs_wxWEGhq75JIpHYbUEsd5cHW4UY9icAb_MX7NO2eJbjJ3MWXLeWoTGV6Gwk6bi-KLHSCM,Mikol McPherson,https://play-lh.googleusercontent.com/a-/AOh14GiMiQh3Bbvo2yE867sXN3D9V6wxzg5rvlQEuC_BgQ,Boring,2,0,,2020-11-14 08:51:31,,
gp:AOqpTOE7iip9XxBoOiBZ5k4WFB9e8v6318LUDEiVn8tQ06YCezNdoDoQywZ-Zp7KKjc5RfMSreAqkc9TscYB8Jw,Eigor,https://play-lh.googleusercontent.com/a-/AOh14Gh1X0BS2D-sRtwlj7nCJSs5Xe09BgTUzovIw5AcQw,STILL 5 STAR FOR YOU. I DONT CARE ABOUT DISCORD. I STILL LOVE YOUR GAME..,5,1,1.1.7,2020-11-10 07:06:19,,
gp:AOqpTOGZfZFaqM9fhCQ6bwJuhGZXeM8O4ICecPNINPShQ2pceNP_lnJTvlBkQXp7-XofVgLeyhui-g_IaRsuU_Y,Gavin WOrland,https://play-lh.googleusercontent.com/-zPZK3tqiTao/AAAAAAAAAAI/AAAAAAAAAAA/AMZuucmvAxv7j0Y70k-WwXolPMR8GzqR4A/photo.jpg,Great,5,0,1.1.7,2020-11-02 14:51:06,,
gp:AOqpTOEU--sXXR1tzBQqkovKSXf_BJ_eG1UmYIdVjvHRnXFoXRXwf1iJJNE8Jtx4Nb2TW5CoLXtYUXQKY6jRRdA,Rex Andersson,https://play-lh.googleusercontent.com/a-/AOh14Gg3Ww2RlVHUQvTEqPvySxsBoE85DRRgvbqq3J-v0Q,"An RPG without ads and in-app purchases? Just shut up and take my money. Jokes aside, this game is amazing. The graphic is beautiful and the controls are nice and simple. The fact that I can play this without internet connection just make it 100x better. Although something could be improved, like the game's main menu. Keep it up, Devs! (Don't forget to take some rest too, this game get itself an update quite often. It worries me a bit.)",5,70,1.0.6,2020-11-01 03:09:51,,
gp:AOqpTOFVTF-3Fds16NWpnwjrc5iMwBCvCSvL1Vmn0M2AZFulQfOD06wy34SKUH7h4dacvIQNdpp5z7vg2P14FsA,Paul Ferrier,https://play-lh.googleusercontent.com/-nKm8PycrtbE/AAAAAAAAAAI/AAAAAAAAAAA/AMZuucltist6kja-Su4J-K2QlLkS250jmQ/photo.jpg,Excellent,5,1,1.1.5,2020-10-31 02:35:03,,
gp:AOqpTOFk4ekjpmi3bM2SdBFMd0OP_LHFLtzZA5R2tTpIsN6uFf6Cj06NFSaaUd-U8U-OE8jMmYYF0xw72EO2t-E,yahiko akatsuki,https://play-lh.googleusercontent.com/a-/AOh14GjW3f0WOYmR-tY6kLNg-VwVgqfFgQScWrXsBlTO,I don't have much words for this. Best game ever and it would be more helpful to add some stories or other npc quest.item set are hard to find... Too much random,5,4,1.1.5,2020-10-29 01:21:52,,
gp:AOqpTOEYV9uqoYAkgKM-XAHSs7LKAzSClD1r1ZkfOfemBxrP8N7U7UClvorFzN-y741klBT4c3v7jxV1xF1dzgk,Mark Bryan Tariga,https://play-lh.googleusercontent.com/-H2Xu_c04MUQ/AAAAAAAAAAI/AAAAAAAAAAA/AMZuucnbvBuKLfGscAHCQDJA90eruf_0Pg/photo.jpg,still as good as always. but now it's even more exciting and easy to collect and sell equips(been waiting for a long time) the enchantsments are also good no cap on attack speed which is great for me. Amazing work as alwaaaysss. and can you add something that can remove o reset a equips enchantments if possible? thaankksss,5,15,1.1.6,2020-10-28 23:47:40,,
gp:AOqpTOEZBhQ3Fa47H1EYo4Z7JnSY8-SySZ_r1MGI6zbnM5kZOcV4y8lMLkPT7U1pmEeoY3VgGZNJD6SvD4DWfUg,jeff galeos,https://play-lh.googleusercontent.com/-pwIKN6HyMD4/AAAAAAAAAAI/AAAAAAAAAAA/AMZuucnB8ARVaMCtlIIQMxtEC8Wb73PRjQ/photo.jpg,Time Killer. at 1st it was hard but a long the way u will get it. more power Godbless,5,0,1.1.4,2020-10-25 14:27:33,,
gp:AOqpTOH45N-svZ_iSy60WRYG-e82Dim1IC8t5SJML0P8XkPQZDXJ8_o6W-DjNL-sVIx5dtSvGOkQz2sn5_gxaAM,Ranjet Barbado,https://play-lh.googleusercontent.com/a-/AOh14GhrNQ6DXV_s4aacZUkw-GnuWdOA94C4JIzReM13,"Slow paced, no cloud save, lags frequently(my phone's blackshark 3 pro), and it's like u just play to have a complete item. That's your only goal for this game.",1,4,1.1.5,2020-10-25 12:56:00,,
gp:AOqpTOGC4FRGHsmsewXitdULwcqPg0iD5DxVf-74gaKBXrpcNUHOOF483u6v9XR6cBdJg4-WHVCRjsMwptDklHw,grYnnAn,https://play-lh.googleusercontent.com/a-/AOh14GhpLPhR_pzbQ-xt_31GUjERHXoUZ0diDBb9WvNIeg,"A developer that listen to the gamers. No ads, no in game purchases. Just some awesome action rpg.",5,4,1.1.4,2020-10-25 03:22:11,,
gp:AOqpTOGi4BNu2Yp6jiM_aw13YrmkqWLseo1VEkjLQkOvuCGrLdpXFyaalkrJg4oquWms3AGWjvrdwYfybjviUDk,jack moreau,https://play-lh.googleusercontent.com/-2W1vepefjtI/AAAAAAAAAAI/AAAAAAAAAAA/AMZuuclthcC3olj_oQTiQ2ceD0PHLJu5GQ/photo.jpg,Great game for just one person to create. Kinda like Diablo with a different twist.,5,0,1.1.0,2020-10-18 09:56:52,,
gp:AOqpTOHw62r76Rku5Y_ERUcfJWgzKojrvP8w8c70gkYhlmxktpvPkTgdRINv9VuytEQO9xunhQLtFvjsV4hSYC0,Matthias Van de Casteele,https://play-lh.googleusercontent.com/a-/AOh14Ggogq71PExi8JRa5O6-hSiAivITsOQZZ2SN2HSn5Q,Tbh this game really surprised me... Sure it has it's flaws but it's still fully in development and you can see that the developer is working really hard on the game. The game itself has an enjoyable skill tree where you can experiment with a lot of different builds (respeccing is also super easy). It also looks visually pretty nice and has tons of items and sets and other stuff. It also has a working endgame which actually surprised me and was really fun after the stale Lvl 60-80.,5,18,1.1.3,2020-10-17 14:06:01,,
gp:AOqpTOHLVlc4aG2mkPmqiI_uhgoZ4W36BkmJerzT5Y7mklHR1dTboCk_FJ0X-4iRlx1thRWGYyFr9XaW9g76NAA,adhitya ikrar,https://play-lh.googleusercontent.com/-1G2ILlpU0Ts/AAAAAAAAAAI/AAAAAAAAAAA/AMZuuclhT-_HNn9yn_KX3uWXer5oXoWScQ/photo.jpg,wohoo keep the content rolling dev,5,0,1.1.3,2020-10-08 08:04:28,,
gp:AOqpTOEBeY8Hs42KeeuAN4RHgSqtCXNBdAfXZRSAhc-JGyIHrSEjWQ6TNkDFM-xdAO7KQXLpA3ZDnrEU83GjwK8,Jesus Joffre,https://play-lh.googleusercontent.com/a-/AOh14GhDjdxhYB_gecTopUoNPO9YFwrXJi_pUKHulGun,This game sucked but the dev is definitely putting in those hours and I would say it's a worth while purchase. First the good there's ZERO in game purchases I LOVE YOU for that. I love the amount diversity I have with skills and items. Also it's really ez to reset and try something new AT ANY TIME IN THE GAME. The maps need some work there's mostly one path and I mean one path. Great game I would recommend if u like Diablo get this,5,13,1.1.3,2020-10-04 06:42:25,,
gp:AOqpTOH8b1H4O3RxLK5HdrHbsQWQWKgpWJy5S0t2J1qkN8f-0nIveTJGTRaiCvrDKJu1mUV9i3UayF28pZEXH38,Rug Rats,https://play-lh.googleusercontent.com/a-/AOh14GhOtURevXAoOqxP5UDVI8x5WyM-RDctbZ8MtORy,...Thank you for updating 😁,5,0,1.1.2.2,2020-09-30 14:38:50,,
gp:AOqpTOE0gs1s9mRkfCkCFouqRzfu5_J-M0P29sovrdc433rd8ytsQ_WrTp78KbW9hjeZ6VUX_e4-IGzPv1dHOQo,Matt Dwyer,https://play-lh.googleusercontent.com/a-/AOh14GgL0DjCcUbIHiYoX5uBvrHUa9oLnCLvtW171lBBpg,"Last update absolutely sucks, the Soul refuge bosses can barely be hit now. Used to take 3-6 mins per boss, looking around 15min to take one down now Having to waste skill points to unlock the next skill is a terrible change aswell. Playing a hybrid and trying to get end of tree skills is next to impossible now. 1 star, will change back to 5 when these fixes are made.",1,19,1.1.2.2,2020-09-30 11:13:08,,
gp:AOqpTOFrdNRVkk4uU8MIMGnxgc8NwKqiG_lBfJ1W-UT3O8fQeKYEKczv71jXZzq6pYSTUAk6vqQ1Eaac4swy2Vs,Amos Lopez,https://play-lh.googleusercontent.com/-KBGwXCvDt_w/AAAAAAAAAAI/AAAAAAAAAAA/AMZuuckvOekKsMu94SgLbjtjytkNOar7Kg/photo.jpg,Awesome updates great game one thing if you could add a controller function the game would be perfect,5,5,1.1.2.2,2020-09-30 02:43:27,,
gp:AOqpTOEEF4CFsA2jKYB3x2mOsGMrhcSzsvhFvenZVdT-OksGhUAQi9u33c_6tCOMkXXo0G5v8v07fSAgbIggbjg,Dante Belmont,https://play-lh.googleusercontent.com/a-/AOh14Gjt8X8Cxu61n_hz5FVVYNjf_4L2uVaA_M_n6UAm,Looks promising but for now the game looks and plays like it's unfinished . Please ad an cloud save I know how to save but I forget every time. Also it would be great if you put a virtual keys transparency and gamepad support. Until then I only give one star.,1,1,1.1.1,2020-09-21 15:54:57,,
gp:AOqpTOFUF2ES0vuyN0p6Flmn4aKuaL787h-ExDS378hIOqoqtDX_easb1Fak-OZEW-kkW-lLn7ydmldft4rrVSs,Chris Archer,https://play-lh.googleusercontent.com/-2pAIpyOUh9M/AAAAAAAAAAI/AAAAAAAAAAA/AMZuucne5yhTVa4_1vJ-EGfbZHS1QXXoPg/photo.jpg,"Too many drastic changes too frequently, same repetitive quests (hardly worth taking the time to do as just grinding mobs is 4x quicker) and major lack of evolving end-game content. Instead of introducing new content trivial things like, ""costume removal"" are implemented which left your character looking horrendously bland.",2,2,1.1.1,2020-09-20 10:52:02,,
gp:AOqpTOG7YZIYefq0odk2CdvimS4EeqAl6zEHvqvG9cUtai4_vYVbcKiVVHrLUA1zPH9MXIkJqScbh9MMtqpPxO0,Camehill,https://play-lh.googleusercontent.com/a-/AOh14GilO8LHdrnhLdKZ-5u8aBzR2vrWi7ilNGRe-Izt5g,"So far it looks like a decent game, tho a lot of things could be improved. There is no incentive to explore because there are no chests to find. Shops don't allow you to buy gear too. Difficulty rises fast yet im stuck with weak gear. Kinda feels like work in progress but with a lot going for so fingers crossed 🤞 😅 edit : with current update all cosmetic have been removed from my stash and character. Idk if this was intended or just a bug.",5,1,1.1.1,2020-09-14 14:59:56,,
gp:AOqpTOHgVS_-xlw5xngkolP2AvzIwT5QAJTUvxf2aOp7tWHK5FVdsLgUWHBGW3_VZOn3NFYSB1CWXe7VcxBzgHc,Yanuar Winoto,https://play-lh.googleusercontent.com/-glCZsIBs1wg/AAAAAAAAAAI/AAAAAAAAAAA/AMZuucnFLflFYIh43HbN_g_bv5Jx-cSDvQ/photo.jpg,"Offline game, without ads, often got update, quick loading between maps, cross class and easily swap skill and status.",5,12,1.1.0,2020-09-14 14:55:55,,
gp:AOqpTOGV879uGEB1h0VuVDN1Z1dh-Gm6XAX5dBJdvGmBVb92l56mSiEmP0zGATJ8mAKLOzFxYM3_QvHKk_0dgDw,jeremiah lugtu,https://play-lh.googleusercontent.com/a-/AOh14GiQmkm6hHGTV9pGgBfioSHp0ysCOar2Bewtz2ks,"Heavily in need of rebalancing and alot of QoL improvements. The game itself is a solid dungeon crawler. I was struggling throughout the campaign where I get stuck in some levels even though I was way above the recommended level but I was able to finish the campaign way below the recommended for the final stage. After the campaign there's an awkward gap between that and the boss ""rifts"" - a boring grind to level 80. When you do get to 80, you get one shot by uber bosses.",3,1,1.1.0,2020-09-04 01:02:05,,
gp:AOqpTOFvqkAdgAdFqrfyIdshhJJJPHXga6G_1C2EXfEDNXGmUxnTTcpQdtfd6O5i_skZ_yTOb88xGllizGmBJ30,Justin Laput,https://play-lh.googleusercontent.com/a-/AOh14GixJsDLXLM0lvuVQ1NJywM4OkWRzS8j4myCFA9g,"Settings feature needs more options like control set-up, graphics level. Damage indicators should be specific, no clear color designation for character's damage, monster's damage, heal values, and crit numbers. Add interaction with environment. Promising game but needs polishing.",2,3,1.1.0,2020-08-29 10:02:57,,
gp:AOqpTOFFfBlFBtspNgswPPJO5yWCfRJKFqSaoTX7AE1jTXote5gGvyEVKEsIwSFkidkU6t4qeJkdzmT7BVXXq4I,Ryan Edioma,https://play-lh.googleusercontent.com/a-/AOh14Gh5o6z7qlcOAAkRZFWwiUEifWiQwuUv1DssMttd,UI can be improved as well as the item managent. I'm disappointed that there's no auto attack option. Everything else is good.,5,0,1.1.0,2020-08-29 01:28:37,,
gp:AOqpTOGRvWXhLEZtoXFjNvqBLJSAStpui9o5seIm_fUCQyAQALp1j9BCOokd0uoLLypQczcRqVJjJ7vnm0lnGZM,akaeron,https://play-lh.googleusercontent.com/a-/AOh14GiSEZgRSEnNk1j9nNCxRGZ6OmY7nx6h_Sv5CO8fiA,Wonderfully addicting game. And the comunity is great I would rate 10 stars if possible. And if you get this game. Be sure to try its discord server everyone is polite and helpfull including the dev,5,22,1.0.8,2020-08-15 21:10:16,,
gp:AOqpTOGUjkCGTPZ5KQge3WzOYItfs5nOsfSGvQLugWFluUlAPdBNz3Cn7WPGoNRxJ-Wfg3KddS1X9RgxHQl225s,Digital Anomaly,https://play-lh.googleusercontent.com/a-/AOh14GhmcO32Jxezsp7DHm1vL_UEw68osRUTuYTVhXWX0A,"Please make the Warlock pets to hold aggro, I get one hit and I'm gone whereas the mobs/bosses completely ignore them if they notice me first and on a phone screen it's almost always the case...",3,2,1.1.0,2020-08-15 14:51:46,,
gp:AOqpTOEpKOd9jxdMkffoiyfEEcNfdT2tFLv9FIv5MMco1I42e-tyyk5Hlgruygn3G7KJsdMJyp0hPnGtwW7F9pA,B Hp,https://play-lh.googleusercontent.com/a-/AOh14Gjo8nj1ZpNwUCQpKiyywiLsv68wC6rI1XHos_SkCQ,Good game. Still a lot of room for improvement,4,0,1.0.9,2020-08-15 02:54:54,,
gp:AOqpTOHtfpn2QrSUtVmyjL6gUTffd-e16AgcvQFCfCVXvRKyyCYV97l6isGzWPEsSaze6wCX_GGR83GH_IeVnOI,Donny J Bennington,https://play-lh.googleusercontent.com/a-/AOh14GjhwLzNB5m2zV5QnQWmCd4kB12zbFErGp-cYCNdi5A,Right epic,5,0,,2020-08-12 01:47:42,,
gp:AOqpTOHk_mOZ0D5k8YEnwmPB9PeYM5BrQTcN949HlmuGRxCcz6CtQH91rCY1YI5B8mADTiuY4Kt5_Egx3e21ssg,Vixen Hunt,https://play-lh.googleusercontent.com/-A2WkjGbAPm0/AAAAAAAAAAI/AAAAAAAAAAA/AMZuuckM-j1wXOhzxFgYLnF024sRml9-jA/photo.jpg,Great Job Everyone Should Buy This One.,5,0,1.0.9,2020-08-10 20:10:36,,
gp:AOqpTOHh4zkrqkdqjhWvSaEI4bh_TkWDZf9G7A8sFqQw7Mi9UsuuDOgJRYtdbnt_nbZ1WXAqzNB2YAijQT1OeV8,Ryan David Afable,https://play-lh.googleusercontent.com/-EpzAb91Ekho/AAAAAAAAAAI/AAAAAAAAAAA/AMZuucnxmckyw5ZyoQjJPQvQWdKpfgPTUA/photo.jpg,Pretty cool! huge drop in dps from 15k to 8k..,5,0,1.0.9,2020-08-02 05:42:23,,
gp:AOqpTOEq7Ra0xJTgnCvSKUm2I4kMFpYacML_E_tA7_m-_-G6xKOR4BJS04AtrA7F6Povj23cVEuT7osrFBvIvBc,Vincent Leopold,https://play-lh.googleusercontent.com/-Ls9Gah_3_xc/AAAAAAAAAAI/AAAAAAAAAAA/AMZuucls9cilQ7awGTyJGrojg1qHgJOKSQ/photo.jpg,"Very good game, got me hooked,ive been looking for a good game on android for a long time like this, really worth the buy",5,0,1.0.9,2020-08-01 20:45:03,,
gp:AOqpTOGFfRpp2nueEfmKQfu1VulIC5NVmaoED1y8cAmoRT6d17SJSsMpCjDO2jp6ffsv3CyD6_OYbYjxjNM5xCw,Shawn Hazlett,https://play-lh.googleusercontent.com/-WBXGCC-9Lp8/AAAAAAAAAAI/AAAAAAAAAAA/AMZuuckD2xYWqbOctznpUeDjm9vBb12irg/photo.jpg,Good job man. For a single creator. Doing superb. Keep it up. Haven't enjoyed a mobile game in a long time now. Like it how basically you can create your own multiclass if you choose so. Technically anyways. Im a huge diablo 2 fan. This is what it reminds me of. :) good job once again.,5,1,1.0.8,2020-07-28 03:26:03,,
gp:AOqpTOEsMwmBy80CAveTc8o11O8keouwY1Fu0mAQblF_U-Iz2qJnJu8r9AtoxI6fzdk79ipZRqfq7Hx06uFlOs0,Tim Ramos,https://play-lh.googleusercontent.com/-VqQn3bYSi5c/AAAAAAAAAAI/AAAAAAAAAAA/AMZuucloZ-3XpdVSDQee1Z2jCeIqRE8qVw/photo.jpg,No other way to sell items in inventory? Npc that has shops has no option for you to sell the item unlike on the previous free version. So the only way is to extract the item to get a couple of gold and few materials. Smh..,2,0,1.0.8,2020-07-27 22:39:30,,
gp:AOqpTOEGnVQVy7ymF9052Lt_DyiWrunNCqPzWGZn71boK8088z8iUFeCp2UHY7G_K6ZN7Y-EPyXPHVbDF0AAuTE,Tito Jose,https://play-lh.googleusercontent.com/-jX4_OH-i_-8/AAAAAAAAAAI/AAAAAAAAAAA/AMZuuck1nd2mbRidmWAeZ7gmkmHl2_EBoQ/photo.jpg,So far loving this game. I hope that they'll update the rift area with new missions asap.,5,6,1.0.7.1,2020-07-26 22:07:27,,
gp:AOqpTOFAYwnHPfDNBBUyUUkq7bOEr5HjcfzYd673O1RZVT8it80ZIvGQRBOEr3JMc6PD24bb7a_WSgZl5-gVPDs,D D,https://play-lh.googleusercontent.com/a-/AOh14GgxFJukA4xyLHB6KcSXbWWcC-RjlZI6VQFMQ48njA,This game is just what I expected and it does it well. The only issue I have is that my phone has a notch and it gets in the way of the game display. I know its not the games fault but it would be nice if the game could somehow compensate for notches which seems to be more and more common these days.,4,0,1.0.8,2020-07-25 23:33:03,,
gp:AOqpTOFy7_w2Pyd44kVEWbpknncTduNGKJjt2xonWj29-LvXxbd7Oy41AcGvej17AOjligzUCEvN5B_EFl-iveE,MaMaan Space,https://play-lh.googleusercontent.com/a-/AOh14Gi5wWkCmzrhXdebR3SgWIB0BVxDwroLQ4lm0gF0IA,yeagh sulit na sulit,5,0,1.0.7.1,2020-07-25 19:48:39,,
gp:AOqpTOHbp9OZqcY44u4QwhWQ4OWMGNr7AugEOVnBuqvhSr1aV8gsKsEvF3vUVACPpQwaJy4-8bF_1faRGRlHiOU,Lloyd Ladera,https://play-lh.googleusercontent.com/a-/AOh14GhntKln_KK5vg3YkrKpqgOQAv2lv1EQJ9RsDxBrlA,"Great looking game, fun combat and good exploration. Controller support would be incredible though, as I bought the game hoping to use a ps4 controller. Hope to see that in the future!",4,1,1.0.8,2020-07-25 17:43:46,,
gp:AOqpTOHKqln3BKNTz1-FcV7DGPdHF1HMe_q-RdCL4T91oYIoajDcmFUN9fEIhwXI07ldrVOUW3TmLX1-KZwzkG0,Zebradiah's Hyperlapse,https://play-lh.googleusercontent.com/a-/AOh14GgaoP_BWBOBGx8dk0zlKHHJmXrk1fMwoKuNt4DgXr0,"The game is great, one thing that would make it perfect for me is if you were able to make the controls invisible. Since I'm playing on a digital controller on a second screen the controls on the game screen just get in the way of the visuals, it would be awesome if I could make them invisible to fully enjoy the world.",4,1,1.0.7.1,2020-07-24 21:06:16,,
gp:AOqpTOERvmKamQ05wTV1tZqwX9e2gA5sii1z45CjdOcJ8vjFR2uzMIot5hKfksI07R3NBHPxl_SYvzq1ofehRB8,yambaca desu,https://play-lh.googleusercontent.com/a-/AOh14Gj7AmOs0bzVsAFpUzgCHV-agaxOpWOzMX5ADIsXJA,"I thought the game was dead but only turned into premium. Hey Mr. Dimas, can you improve your 3d characters and add customization options such skin color, weight, face? Please make the woman to be beautiful and sexy then for the men to be handsome and masculine. 3d characters used are too ordinary. how can 3d supporting characters be so cool compared to those used ??? PLEASE!!!  🤧 🤧 🤧 I also found an weird glitch screen to green when naming the characters in v1.0.7.1, i hope you fix it.",4,0,1.0.7.1,2020-07-23 17:53:24,,
gp:AOqpTOHwdG-Z2Y2zonqFA30pNHW0qbXOZgUOeMbWLLqU5HDTSYY4cH_W1GkLziJc0rRidAy8NZIjjfWVf0NfHho,Troy Dalton,https://play-lh.googleusercontent.com/a-/AOh14GgD2rZ9qkY7aWnVBme2MiqQXxT9UIxRThaQxIhy,The character graphics just don't work for me. I find them distracting.,3,0,,2020-07-22 08:00:05,,
gp:AOqpTOE-gWjpkEpH_kcFhgIDXlxZCy6QlkQrzHzD3pnPIdd7_NCHifiEO397OGN6B5wIe6mXgSCuueBtjv-rtQ4,Harvy Jaime,https://play-lh.googleusercontent.com/-p1H93b4wM9U/AAAAAAAAAAI/AAAAAAAAAAA/AMZuucmLip1kKFhU1eGgR_s9IBoELk_DXA/photo.jpg,"Love the graphics and the theme is cool. Nice gameplay. No pay to win, No Ads, just enjoy the game.",5,5,1.0.6,2020-07-17 06:14:38,,
gp:AOqpTOHb4VcnwSpGIOqS0mQZUUKsb2HhPR7lod4Q8Xf98gMvqVx_RbIdsM1suPsJ_KYuPPhLapDVFvnXNIBdWJc,Toys family,https://play-lh.googleusercontent.com/a-/AOh14GjC_k-qi5ouIgr06X5DIi4KkRXkEli82z7zlgp_Xw,Great game!!!!! PLEEEEEEEEASE add bluetooth gamepad support!!!,1,0,,2020-07-14 18:20:54,,
gp:AOqpTOFTnXB9WxG8UDSRRs-RurvIxT9ezuH-NEo0Rhl5nOW2wCzXWZoNHDG5sqNZKEf0h8KbI0z2i-V7xK7PqhE,Baki Hanma,https://play-lh.googleusercontent.com/-DwOneFcRXGg/AAAAAAAAAAI/AAAAAAAAAAA/AMZuucmgFiEipX-_GsrtfXgB0-J0uHwZKw/photo.jpg,"I give everything to dis game, it needs support because it is bery good to play.",5,0,,2020-07-11 18:55:20,,
gp:AOqpTOFJ7BJSxkKDk_OpBYbvOOApW_WR-X_Q7xAKFDi0BjqDILESk_mhbM9DRJBWm1JLiVDc-GzNRGdLoC2fzus,Crash Bandicoot,https://play-lh.googleusercontent.com/-Wr4U0QGlxxw/AAAAAAAAAAI/AAAAAAAAAAA/AMZuucn1VNUjiSo8u9PT0tU4xCVtIBLEVg/photo.jpg,Dopest dope i have ever played in years :),5,0,,2020-07-11 18:50:34,,
gp:AOqpTOFxbPOUMqFdJ1dCLZkOtjdnIv-2ybs9g3dkkMb7H1NR1cTyWknyK_oY_HTjtBcq6lNWxvnHqVzUzrZ92r4,jamer twig,https://play-lh.googleusercontent.com/-fR2kip-HeXc/AAAAAAAAAAI/AAAAAAAAAAA/AMZuucl1djFVgDKEsnppczHZl4u8mXAgoQ/photo.jpg,Get rekt!!!!! Omagad!,5,0,,2020-07-11 18:44:18,,
gp:AOqpTOHH165wSWECdfhvY-V64T5VTPzrhLIoEkDcUR1KgDmbgCm7QzKZReKrh1WZc7eOzu3owGkwIwnowgNlqak,dave batista,https://play-lh.googleusercontent.com/-Frpm78NLJL0/AAAAAAAAAAI/AAAAAAAAAAA/AMZuuck7ijEJp89C-NCMnUEFRv6tH6rXZw/photo.jpg,This game is the god of rpgs :),5,0,,2020-07-11 18:41:48,,
gp:AOqpTOG3FcyKlAPobARim8O0pSCNCCXKNf3MhTWGTotf8U1Csd4-5JWb449qOkU7K-_bEDd_YhmM_HkkQHNS1PE,frozen potato,https://play-lh.googleusercontent.com/-pv74q-ZNmL4/AAAAAAAAAAI/AAAAAAAAAAA/AMZuucnS8KV91GH3s9ixgN7XcqnParXLww/photo.jpg,Best diablo clone ever!!!!shhhhhhhhht! Love this game duds,5,0,,2020-07-11 18:39:31,,
gp:AOqpTOHf5rXjpR3ynE_q-zgEEa_fPRu_sykIDgeWyvF2OrOsjYZo4H_IW7__Qn8vWUU9MY-SsJHvgyWHB_RG6f0,Aditya Ferdiawan,https://play-lh.googleusercontent.com/a-/AOh14GhPoRCB3J-FwKlHX-h56ySK04Aqc2-78v1Wmo91XQ,Great game!,5,0,1.0.6,2020-07-04 05:50:08,,
gp:AOqpTOG71nce8O05AwZIp2PmfjYWqL2lLeKoQn3phvhWLS4bJGwgqLQkpWFJ-D-62Ul8pYcRNaHR6J8NLV0h7kA,Sounds of Sleep,https://play-lh.googleusercontent.com/a-/AOh14GhMqZNl4i3_UsiBNOUScbKR6K-b-xRz8MfqazCfZw,One of the best moblie RPGs to date. A single dev that listens to the community. Has a discord that u can use to report bugs or issues. An he will fix an have they date ready in just a few days at times. Give it a try an i promise you will not be disappointed.,5,0,,2020-06-27 20:41:46,,
gp:AOqpTOGRzpu-vuBQPzOXa55ScmTpay4ALhVXyktuyH5gp1Oebm6m9aSuOIJu61Ne8doB_vSyyE3zg7EKwr99umM,Brian Rhodes,https://play-lh.googleusercontent.com/a-/AOh14GgQtbq8nyD_RsWR972ryFayASe6oqqqoaqA9LMC2g,Great game,5,0,1.0.5.1,2020-06-26 08:52:00,,
gp:AOqpTOEA67xEOHrPVQccqCP7w1uKl3AyX5gdj-h4O7BjDN7WrwaTvX-sX_W9kScrfGJQshdSGK_fvy-MOnktjI8,Mark Miranda,https://play-lh.googleusercontent.com/-z1HAMXqqAc0/AAAAAAAAAAI/AAAAAAAAAAA/AMZuuckGszRz3Oe0w3Jwcc13Us23ywJlig/photo.jpg,Super!!!,5,0,1.0.5,2020-06-21 01:05:06,,
gp:AOqpTOFe4vPo97erJBcZEPy7hxGgaa8R03Qw4muF7u_Dz4oFIrcj7TiAHqOHX74tS6vLX9l38sv6hdvY1JfkYgw,Josh,https://play-lh.googleusercontent.com/-cnCpff3zU6w/AAAAAAAAAAI/AAAAAAAAAAA/AMZuucmS-4DlWwjsEAdT75dtEvKGHzY_Pw/photo.jpg,"Worth every penny. I understand that there is a lot lacking, as stated in other reviews, but understand that this is still under development. I am excited to see what gets implemented in the future. Keep up the good work dev!",5,1,1.0.4.2,2020-06-20 22:11:37,,
gp:AOqpTOHKKs-3Fv-lVDPUzqquwJZQ_jlwUHxdO3RtvlsvR5m_q7uQC6mAg4plGDywffsN-gP872SdAaask58z0lA,particle occlusion,https://play-lh.googleusercontent.com/a-/AOh14GjfjSBJqYe2cb-3n2-Cn2NVZKXTVeNInHf80Oja,"Good diablo rpg style game but it looks to be still early access stage. Necro skill tree needs to be explained further, i cannot understand when summon skills say ""extra summon on skill lvls"". It does seem to only summon one of each type. Also, it would be great to add another skill slot button. I play a necro-mage hybrid and im running out of slots for both spells and summons. Oh and please make the ""+"" slot button a bit smaller. I keep on pressing it accidentally during gameplay.",4,13,1.0.4.2,2020-06-20 20:08:24,,
gp:AOqpTOE9pyeJyloVwxBK2YOKCViqBVEGmrfddsC61Y_MkVLGS8LFqGnprRhiuncJxgroq_YC5fe2vZj5fhCrxqs,Motivational Minds,https://play-lh.googleusercontent.com/a-/AOh14GiOkRT57bY40J0XDpvy87Adwep2cid4T6N-41CwGA,Hand doen one of the best rpgs out there. Worth every penny. Updates regularly an bugs fixed asap. Join on the discord for help anreport bugs.,5,0,1.0.4.2,2020-06-20 14:28:54,,
gp:AOqpTOFgsc9D5tyKpGAmYntuEgx2z6vHpLJRVcR7kIE6ykYEj_Eao8e27ie39ciLSf2DIiUzMLIrLUgVPFu_1UA,Below average Guitar player,https://play-lh.googleusercontent.com/a-/AOh14Gj2jHZ6eYaLAOsZaZ_5tSb08ziWyt6gGf4OO2P7,"The game is good but there are lots of problem that killed it for me. 1. Accidental item drops. 2. Lost some items after the update (enhancers, stat and skill reset potion.) 3. Obb inconvenience. Fix these and you'll get your 5 stars.",1,4,1.0.5,2020-06-20 12:41:19,,
gp:AOqpTOG1vTJaYTTGen41gBr5W_fnqAbfdiRKkU3Z7vcqxhVletnWRrRTl30br-lReZSU2Gt6Ewn-yGKhPeGfUeE,Saikat Chakraborty,https://play-lh.googleusercontent.com/a-/AOh14Gj_PIIAohEsrkqZX7s02XxmZwUcohz43zZbkE-MEA,This is an extremely well crafted and addicting game.,5,0,1.0.4.2,2020-06-20 10:09:24,,
gp:AOqpTOFgOdBIILBGd8xPxF27Yr0rHjmOZ_IsyoD0RIEGyBuZuPoW1gW5y4xHon3lMNQXrBA22MYb19hkcj0Q6jA,Vampyrian,https://play-lh.googleusercontent.com/a-/AOh14GiwetOkZqSiDS-ZAR2283XHLXeLCuO_AE6kf4cY8Q,Fantastic game! Super cheap but cool gameplay.,5,0,1.0.4.2,2020-06-20 07:18:48,,
gp:AOqpTOHYQ1qI88D3CC0ZXfVIDtIiH7U9-Rd2SYL0nL85f4OMFe339KtVcwtW2vtlbnk-DFRX3Cn2AA03FY9HY58,Elliott H,https://play-lh.googleusercontent.com/a-/AOh14GiqfN3xTGzzArAPKoBn9MpCSYeROxuvZoeZEIv7DN8,"Having so much fun in Vengeance. Plays a lot like Diablo 3, but with some fun twists you'll have to see!",5,0,1.0.4.2,2020-06-19 21:00:43,,
gp:AOqpTOFMfGtddCRiwxR2wrUgwaZ9tv4t5Xu_D0dqg3lfhBDPwqm_jf7w6X4A6iZAVx9buJwAOxB6MwT1qi17r5U,Brian Reeves,https://play-lh.googleusercontent.com/-lOwnMzPduU8/AAAAAAAAAAI/AAAAAAAAAAA/AMZuucltVabnfwACujlNxKsYnmhDG7GQJA/photo.jpg,"I usually play free games. I rolled the dice on this one......mistake. There is potential in the game, but still in its infancy. The mana and health balls do not work. I have no idea what my levels were, so would grind away and then randomly be out of mana, or die. IMO Anima or Eternium offer a smoother gaming experience (in similar genre) for free. I hope things improve.....like i said, there is potential there.",2,0,,2020-06-19 19:34:47,,
gp:AOqpTOG76_Ly78kpMPpEJxZX4_z3IXVPwqshfu0GR06On8I1zmEacvuc-xF-hUzVSY__UplAtrMq2GEJVBYgJdU,MegaTroll Lol,https://play-lh.googleusercontent.com/a-/AOh14GjRUYGqUt9VHBHjzpn4gLozeC1N5EHajbNjEgsOzA,Really fun game! No microtransactions,5,0,1.0.4.2,2020-06-19 06:11:03,,
gp:AOqpTOHylgx44--y3rxYGNpfv4BCWJv9cRE0OmsXPZoFrfSmcF9OzWMOVdctzCH7TqzJ43lthN6mJd5y0Dyhf-I,Cat Face,https://play-lh.googleusercontent.com/a-/AOh14GjA1MSZgA8AtrdHhiBhJj8OUPzmdI-99UC01LKZPw,"Been playin for a while and i could say its could be fun but its still feel so hollow. The main character looks like npc from runescape which is weird compared by the enviroment. Lack of interactive object like breakable barrel, crates etc. Obviously dark theme game need spalts of blood everywhere and a little bit of gore touch, the enemy should be bleeding (except skeletons of course). I can see how this game could be fun but it needs many improvement. Also ragdoll would be cool",4,4,1.0.4.2,2020-06-18 21:43:24,,
gp:AOqpTOEKEpp5Wi4Z57tl_cwRMndZEiVJdPixr4oonVohXqFYfJ8rpKjuF7wRGx8p-oa_D54dVm1cnTydAogBx24,Alex Doom,https://play-lh.googleusercontent.com/-gCQaZfFDnjg/AAAAAAAAAAI/AAAAAAAAAAA/AMZuuck_6brn4BU0LRAEEQz919QN26FUig/photo.jpg,This game deserves more attention!,5,0,,2020-06-18 06:12:43,,
gp:AOqpTOEdEqTwpqllKisyCinaj15zHqA2u41Swe0fSS8eNaWHgPifUDvsJVpOCiP2YO6vUKySPFYUgasWuTJ9zzU,Michael Pollie,https://play-lh.googleusercontent.com/a-/AOh14Gj9-ji9zfFuaAu6Lt6mnDcdW-dZLfEfqYy7cthc1w,Ok so I JUST started this game and I can tell its gonna be really fun. I have two suggestions for the dev both for your sake and mine. First PLEEEEEEAAAASE add bt gamepad support for a 5 star. Second....KEEP UP THE GOOD WORK THIS GAME IS AWESOME!!!!,4,3,1.0.4.2,2020-06-15 19:36:43,,
gp:AOqpTOF_xwaLlf7PVumLglNh2sp8ioLphmfjEs-VtY5dpFfiOuQ_-5ni3Eb4wmcB6XIiUeWtZqgCks2ykOQ1KqU,K Treasure,https://play-lh.googleusercontent.com/a-/AOh14Git74I_vQ6AK_AQJQvWShpdTnQyE3_fdR1vaTdqFg,"The reason I give 1 star is because some of the classes or missing, especially necromancer.",1,1,1.0.4.2,2020-06-15 04:02:15,,
gp:AOqpTOHWBtaGtvk6L_n5KOsUV0jJXtJphHkOmYxh8z0i-NfhXBr34jJVXjNIWSR1B1f2WRsWhkBM_BELvGfSzTY,Jason Cuyler,https://play-lh.googleusercontent.com/-KZelsr4xZvY/AAAAAAAAAAI/AAAAAAAAAAA/AMZuuclUTgPxShRgtk8sWurzhoB6nJQxJQ/photo.jpg,Needs to have more games like this.,5,0,1.0.4.2,2020-06-14 18:44:36,,
gp:AOqpTOHIZfC-u8sUTWnqcb3vF8MeFBjW8iGszhD1MuNo-82eGBaFhyhycYh0wQRvG--D6cqBJVfBbJJEmzWFTe8,Dan Basford,https://play-lh.googleusercontent.com/a-/AOh14Gj0HajlvjGYJ4S9FLb2T_mAardSkQRtxkxw_iaj,"Amazing ARPG. Keeps changing on me but that's ok, like a new game each time.",5,0,1.0.4.1,2020-06-13 17:10:16,,
gp:AOqpTOHKLDYIuQ9Cs05z6aEAQFkr8sUPBJjpgUETSlpMjeeSFcSr9V9woYanxOQirVHY_sM9UVucpnQkIS6T0XA,Zaki Washi,https://play-lh.googleusercontent.com/a-/AOh14GjRMCtaykU5jzDD4RdCxs36bPzb-MqXXO3tkTQ7SQ,"A solid dungeon crawler without too many frills. Muchos game balancing needed. If you just raise skeletons, they do everything for you. Oh and the protagonist looks like the cartoon character from the dragons lair game! Inventory screen needs sorting. Already sick of dropping items when trying to move them. Other than that, I am finding it most diverting.",5,30,1.0.4.1,2020-06-13 14:22:25,,
gp:AOqpTOGjeNH-T_8BzZvffU95PlHK6dJs0-kC0UztByxWooVrfK_ZL0vgMZhADHYM1ewcIZCHNUkxyZBC_mOyY0k,Luke Hare,https://play-lh.googleusercontent.com/-Dw5dQQI8org/AAAAAAAAAAI/AAAAAAAAAAA/AMZuuckrGl_VFWDk9PG89a6xEoiI5Z8b_g/photo.jpg,Fun with meth,5,0,1.04,2020-06-13 07:39:53,,
gp:AOqpTOF28ve7Ryvl1dG_RhYpsYuqmmyp9PunlCEM6OBaTMnjFFNYkGuXV2lPtviG4Mo0vbs5JG5Q1cCURW-usdA,John Confer,https://play-lh.googleusercontent.com/-cWn7rq2NX6o/AAAAAAAAAAI/AAAAAAAAAAA/AMZuucm0U08DvBeFGz2pbq5MYFJ6WoxNXg/photo.jpg,boring overall,1,1,,2020-06-12 20:40:01,It’s unfortunate that you didn’t like the game =),2020-06-13 01:40:49
gp:AOqpTOHGZPDeQTzvpXFK3-JKtUGflw6cML1LDQq9cjh35VJgWJ2zoIih6yAz5AVDRvZ0dkmHvxI42Xfmtpdyay4,florenzodelacruz florenzo,https://play-lh.googleusercontent.com/-FqdW2ceCpxM/AAAAAAAAAAI/AAAAAAAAAAA/AMZuucn5LrP7BU1fGb6PJoi3vGEduamZKw/photo.jpg,"Very immersive,expensive and thrilling game.",5,0,,2020-06-12 01:01:18,,
gp:AOqpTOGViXuBTx1Rg4R0ZdADVZxiWrTl5w6jPTA0jIyyR8J_LWKfvFURdBlfD9CargmF5jzdvl3bWRsWbc2YpSA,bimbo,https://play-lh.googleusercontent.com/a-/AOh14Gh1sdED8xTMCINqi1rO37TjFc9uqK-3GrFKdGXpvg,Really enjoying this. Simple and a solid action RPG. I will share the sentiment I saw in another comment though - it is far too easy to drop stuff from your inventory. It's pretty frustrating.,5,5,1.04,2020-06-11 20:54:58,,
gp:AOqpTOHDXsAl-WW_kQTlNtG9TkOgP1eynbsDRl7JGnrid__Xgv5C8prhos81NShNlpGlXXR7R7kQRFTrNullXtA,Hada,https://play-lh.googleusercontent.com/a-/AOh14Gh52oNNotKw96NxShlg3Gt9NJukn0rpH2SEo6YqYw,"Terrible graphics, armor doesn't change when you equip new stuff.",1,3,,2020-06-10 20:28:09,Hello! Try new version. New graphics. You can equip costumes for new visual of armor =),2020-06-11 21:36:28
gp:AOqpTOFvpnw8iQz65M3tfDqfCWOI1YYBzkJmfDubH-r-E3949sliw14OPWeUhU5ZGzaDBAOuEq9C-wf6C_JAMzo,Joe Mazello,https://play-lh.googleusercontent.com/-O5sF6gklhTQ/AAAAAAAAAAI/AAAAAAAAAAA/AMZuucnR5NU3kAjITH8NZw1F2oEBxI1NjA/photo.jpg,"Pretty fun game, i wish there was an online version or coop",5,0,,2020-06-10 18:31:37,,
gp:AOqpTOF7ZzVmYdVBjtyHL3OIo0YjQMsmKV4GCE3xS_4hoPUJBC-SdWjRp1JAABwKtf3aSF-ZdClnLirNRkjTGG0,Ferdinand Pasamonte Jr.,https://play-lh.googleusercontent.com/-XF3T-kVNjB0/AAAAAAAAAAI/AAAAAAAAAAA/AMZuucnU8WWNpMoyEd_cSYdIerHlGGOzxQ/photo.jpg,"Since devs listen to our request, giving 5 star back. I hope for more updates on the game.",5,2,1.03,2020-06-09 07:29:18,Hello! Sorry for the inconvenience! This is a Scythe item. I will remove this voice from the item in the next update =),2020-05-09 02:24:56
gp:AOqpTOGxtmhBIYlOXQervK2t6S_JrpCbMxMKShqkF5cwoP5efXXOlqPXDNWTVN9YwwnV2Sf1_aMzwEhcD-drBl4,eli nar,https://play-lh.googleusercontent.com/-qxgM-kYFako/AAAAAAAAAAI/AAAAAAAAAAA/AMZuucl4BTpxjM-ReGhjhEg2xIZFGa2uLA/photo.jpg,great,5,0,1.01,2020-05-31 18:43:51,,
gp:AOqpTOGw2_weQpO0r2f4_M71L9-2Raagr_PerhK7Cn_wjWd36S97Zc5MzZgDuk2tBMFd7lADCk4Oxe9JlqC92vg,ForwardslashTim,https://play-lh.googleusercontent.com/a-/AOh14GhlTGkWf0ihw4ONx3s3ia3PBhmGAP760rwBFq4WDA,"One of the best Diabloesque dungeon crawlers I've played on mobile. The class/skill system is customizable and the spells are both useful and fun to cast. Note to Dev: It's far too easy to accidently drop items from the inventory. Apologies if this has been mentioned before, but I find myself dropping items instead of inspecting them in my inventory.",5,20,1.03,2020-05-29 14:51:01,,
gp:AOqpTOGuRiZQN8GP2Cgucrfd0KB4F1kOH8KR7eCEwtiRFOYYyDIsTO77XEfphiPN9SIShgm08nS0h_lqgSbvTso,Randy mutsu,https://play-lh.googleusercontent.com/a-/AOh14GgzPCnTu2OckVpxNPryitrmqsvcQqkh23hGecQjng,"only 2 Capter? lv 1-50 and lv 50-75??? me reach to lv 100 character, and only this 2 chapter? and 4 bosses? please add new capter and some quest, and add future sell all items, and i back to *5. thanks dev",3,1,1.03,2020-05-29 09:49:40,Hello! More content in future. Impossible to do all for 1 day =),2020-05-29 15:53:51
gp:AOqpTOG42TxpzljjDjN2gwVHlL3j7gGYohoYK_OqB2j8K9i35AnBZmeZnUfSI9UKRj3Q6bRdCDRUT6UBuIicHFU,Love Zhayne,https://play-lh.googleusercontent.com/a-/AOh14Gj6RDalZ2qMD6x9mF750uXSCTb6wPTHJnqoBgM1CQ,Nice game,5,0,1.03,2020-05-27 06:41:48,,
gp:AOqpTOFVZEajECRw_uwPZWIEkqzBS3nPVQL_5K6i9-XeXG9hWnNTF3OMKJ6nmWAdEVRYjSe8nU5gCzfptiLWR3w,Marius Popescu,https://play-lh.googleusercontent.com/a-/AOh14GjvHfg2nnVTQTEOmnL44HwCmq5t0-cKeMbPAQ5f,"Excellent game, only need bluetooth controller support with mapping and cloud save, but 🎮 is a must ! Great job ,masterpiece game!",5,3,1.03,2020-05-24 04:39:51,,
gp:AOqpTOH9wBWjMZScNJeRqQspJgqXMPUafDZno3aBoYFP6Zmr0YK2D1ksTOpBGh9JxVdIv_ZI6Fs5iVBynoUzxWw,mackenzie joseph thirdy cruz,https://play-lh.googleusercontent.com/a-/AOh14GgJTX-V3aCT5PMYDwXKdoln7ijvA9i9HNFU5yPTsg,how to get a bow in early game? there's no npc selling weapons and the blacksmith only forge rare enhancer. i mean what the hell?,4,0,1.03,2020-05-24 03:53:09,Hello! You can get it from monsters. I will add bow to starter weapon in next update =),2020-05-24 05:36:10
gp:AOqpTOEX7YCjCsDHAXRMdGCbUZ7Lt2fU3_JlSIXwWYPnyNQBqdkVoAzoy36T-WW-zrjDSqT5Gq8OwyAZA1JDDPo,Eduard Ferolino,https://play-lh.googleusercontent.com/-PVC3imqOo8M/AAAAAAAAAAI/AAAAAAAAAAA/AMZuucnuyLjZ3yZoG9sawPVggb7Pb7gulw/photo.jpg,"Great game I ever had!!!! Graphics, control, skills, weapons and cosmetics are all perfect. In every update there is a content that are more suprising and enjoyable... Keep up the good work dev...",5,2,1.02,2020-05-24 03:48:01,,
gp:AOqpTOGTCuUX41VDqoXZWVNTvqf5oBeIV2HkwvYqCCrl2dNQrFLRtq-Q_kithqzgW484JEL7_uOnsmJiy7yEHTY,Tiktok Master,https://play-lh.googleusercontent.com/-ACu4Jlf6SOw/AAAAAAAAAAI/AAAAAAAAAAA/AMZuucmTB3Y4K5CW2_kn4J4S4aO-FAsa3g/photo.jpg,I like dungeon crawlers with quests :),5,0,,2020-05-23 15:18:55,,
gp:AOqpTOHeoKJy5XY30l8W6lHPJxpv0wr5Bd5t1u9ilZOOjBLkb9abRimz3uel_xIWeeqIoCWPICbgTdIEhojLlsI,Eren Titan,https://play-lh.googleusercontent.com/-BY5GUnHID0E/AAAAAAAAAAI/AAAAAAAAAAA/AMZuucmzyDHUdJfTyHkppKCan71BvhWhiA/photo.jpg,Too hard to not addicted in this game yow,5,0,,2020-05-23 15:16:51,,
gp:AOqpTOGB_dxRIljrb4Ra04X_W9SBS6l4oW45xDCKZJQvp8wpflFNOMHjF8_KinBydb4nOuqpOPhnc86IYEe-4CI,Micke Persson,https://play-lh.googleusercontent.com/a-/AOh14GifYcmJK882dJb71x_R5GgsAaCF7-FpQRDOQJ4Tbg,Pretty good ashame gear don't change your look outside of weapons would also like some chests and destoyable items in the levels as right now at least early on there really isn't much loot,3,1,1.02,2020-05-23 14:47:46,"Hello! You can change the look of your character with costumes. In the next update, I will add about 300 new items (220 of them for 1-50 levels). =)",2020-05-23 17:39:28
gp:AOqpTOFwmlzUU0bap9_4bjW73kkIEucIuS1BZ9fJJhOrNzPy6WoIZSaDK0GJ_s-EVRhcIfA-WNAYmb1J4eP0jtg,Andrew Pala,https://play-lh.googleusercontent.com/a-/AOh14Gg9emiqEzk33AHaCOWq25z2keCyLYZfQZD2Z4V7RQ,I was looking for a game like this for a long time!! Great ARPG without any bs in game purchases.,5,2,1.02,2020-05-23 10:41:38,,
gp:AOqpTOHMpraYIKqBUl3m6_-QkoPdUJmuVsifIv1ExFNrcGrabs8lJBJcJLSCDH8gOwkAGCVmo31u5IxmGDX1whc,Michael Strickland,https://play-lh.googleusercontent.com/a-/AOh14GjBZGtDvzr5GKaecj9Ue7r_nAlGP-7MoROUzQXw,"Great game from independent developer. First let me say that I don't buy games, but I had this for free and I love it. So when it came back on the store for $ I bought it. Dev is very active in updates and responding to messages. Sent an email (how to transfer my toon from free to paid versions)and within 20 min I got a response and directions. Can't wait to see next update. Keep up the good job Dev.",5,35,1.02,2020-05-21 18:32:43,,
gp:AOqpTOHi5iHR0_hBi1iHWIi5LzrrUTFlYhuiq3BFSsDoMWgsxy0Co2zHJV_HzHs52ciXl2lJXAq-zqZ-SHSoKR8,Edward Borton,https://play-lh.googleusercontent.com/-1gffRFaq0yU/AAAAAAAAAAI/AAAAAAAAAAA/AMZuuckGvSoCycM-AwfBvun4JiipLIObzA/photo.jpg,Better than AnimA tbh :),5,0,,2020-05-19 20:20:40,,
gp:AOqpTOHnGIwNnisxAW0JJsBcVIFKdbgoGkaQewkXMmVYMEsy6-q1XKRiMtH99TYzoD-AspEZckv7tF_Lu-qsAfE,Banjo Xacsophone,https://play-lh.googleusercontent.com/-cgntghFK2tQ/AAAAAAAAAAI/AAAAAAAAAAA/AMZuuckwfuuZs5_m-VteygOeuGyT15LePQ/photo.jpg,What a dominating game! Im hooked!,5,0,,2020-05-19 20:13:28,,
gp:AOqpTOEgSmW64aFQ9149I30qfueIAnXt40OFQJfDR-eDWnbj5dVxO9UnUNCQoNEUtTuOREnoSsDDqqB-PrpDBg4,Webweb Markone,https://play-lh.googleusercontent.com/-Jf5DRhEXBlY/AAAAAAAAAAI/AAAAAAAAAAA/AMZuuclpGJQPQ-fCCzk1CJxrWBK7e7NmyQ/photo.jpg,This game feeds my hunger towards goo rpgs,5,0,,2020-05-19 20:02:13,,
gp:AOqpTOEpczGp3ds8f7ia1GkdvbOInlrtm0TfZBdy1H8uIPSGo0GNPlCsGHvBFin31Tw0MxIqDhOH92Cg0OUhiWs,Claro Moreno,https://play-lh.googleusercontent.com/-ZKphiBd6_hE/AAAAAAAAAAI/AAAAAAAAAAA/AMZuucmwU5B_Z1gdRi-tjuYc8Fmexmfz8A/photo.jpg,Thia is the jam for my peanut butter :),5,0,,2020-05-19 19:59:07,,
gp:AOqpTOEifrQjFO1mxQdgc1GqIlsPS-xEGuHnW85JwF9BJrF1zXiq50ZaQzrJBKCB0lumHkoGMg1KTrcvN_SvT-o,Cameron Hoose,https://play-lh.googleusercontent.com/a-/AOh14GhqIHgeAF6U0VTdP_FNBoU8vkOapNlQ-n71eb7fQQ,Should add different classes,5,0,1.02,2020-05-19 15:46:34,"Hello! There are no classes in the game, here with one character you can create your own class. The game has 7 subclasses, each subclass has 4 skills. In the future I will add melee subclass. Now game has 28 skills and 7 passive skills =)",2020-05-19 15:58:18
gp:AOqpTOG5-nMPfxrYNtQ5jTqbKPDkOBKyAuYVYdI9OTCq49Lz0cX42RJyp0KNLLXOi-bvdfzE0AvL2suqSwEFYmU,Glynner Me,https://play-lh.googleusercontent.com/a-/AOh14Gi483dXOwjjOgCsGf4ZCY_WjEaa00JPvtUL9RTbCY0,"Its very well made and the location graphics are superb. It desoerately needs an intro, though, as there's no real feeling of purpose, and a tiny touch of voice acting woukd give it a better edge. Still a great Diablo inspired ARPG and worth the money.",4,2,1.02,2020-05-18 23:09:39,Hello! Monster sounds in next update =),2020-05-19 04:49:14
gp:AOqpTOH33Ly_N97MOROXGR4XB6gFLLBL3tSGL0a4Osr9JdkngS-1j3sndfYjcXqKOVLKGkLVnnQWhmydY3bVw18,Gil Solomon,https://play-lh.googleusercontent.com/a-/AOh14Gjehwjn2aCHfiui4pN5IvRHOQgPQaCE0J0cSDc-4w,"Looks great and has promise, only it's unengaging, repetitive and not challenging.",3,0,,2020-05-18 23:01:23,"Hello! At the moment, the challenging of the game lies in the uber bosses. I hope you got to them =)",2020-05-19 04:48:53
gp:AOqpTOGEQZPGLVb9Dd5ADEn0NKniYVntjHTEG7__zGDaNiXrsCJ8cxVYgcA0gZnjxuLiJvfmOuXghJCiK4VUMmc,Zenit Yudanto,https://play-lh.googleusercontent.com/-QpwqUybhaXs/AAAAAAAAAAI/AAAAAAAAAAA/AMZuucnz9Ov3tdxiTyyqlFsIZKVD292m_g/photo.jpg,"Nice Game!!! Like an old RPG game, leveling, farming, crafting, make your combo skill, etc. ITS AWESOME!!! It will not make you boring coz devs so active here. People do many things on discord app, you can suggest for future update, discuss skill combo, what best crafting first, and many more.",5,1,1.02,2020-05-18 22:54:46,,
gp:AOqpTOGBWtxffqpBZ4drwBmTSksV3ctMXZd1IMBbKW3NUNdGPOy8iNWfxJCsLf3LmgYrt985bhvmTHGIzprMwpg,Limuel Largo,https://play-lh.googleusercontent.com/-SexVu_O9k5A/AAAAAAAAAAI/AAAAAAAAAAA/AMZuuclmrfzRhzy-Kv05aiQt3XCiWFthHQ/photo.jpg,Game is good,4,0,1.02,2020-05-18 03:15:49,,
gp:AOqpTOFIHcfFl0ireO35LrVrpX-_xLEFTTW0PcmFJNAhdY0Qy5NYt1JTxeLkkOj695smtA0SnG7_PvuJ0iomVQU,Kurt Garcia,https://play-lh.googleusercontent.com/-9zht26jHkEc/AAAAAAAAAAI/AAAAAAAAAAA/AMZuucnO3EK1b3rgUkfShIEIU0CcSpORlQ/photo.jpg,"Add more maps,and please addpets😊 and more items",5,0,,2020-05-17 23:33:16,,
gp:AOqpTOGw1GlZEY2PB89g3hjl_ikKf7Rvwj6t0EXYQMKxbvfPkDAdpVptYgMPFTlcF7BU3SEmDPTYyCprGYX2Re4,Abel Florentino,https://play-lh.googleusercontent.com/-dCxSshe-um8/AAAAAAAAAAI/AAAAAAAAAAA/AMZuucmB39G80vhz44xuSp2i9M25xtqqog/photo.jpg,Pinakamalupet na laro na nalaru ko sa buong buhay ko!!!!whahahahah,5,0,,2020-05-17 19:48:03,,
gp:AOqpTOGvXIgqvJEu8yIVNGs6E8PYIxJ9S8upPp-Blh1Ok-DCaLiyosLCZxoDh-ui90lxew3FfbGi2jAQctzBnXE,daniel elora,https://play-lh.googleusercontent.com/-pB_A3KntPmc/AAAAAAAAAAI/AAAAAAAAAAA/AMZuucnVljrrALkLhpHEh-BpX7K4gm9axg/photo.jpg,"Cool game for you and me, ilove it soooooo mcuhhhhhhhh!!!!!",5,0,,2020-05-17 19:41:52,,
gp:AOqpTOECYajt_yR6HJiMzA8ebgoIiZiDm7VJ-LECUejAX3jDPoRxa2RpnS6jd6Ag3Fb_sHSadN1I_BRv4STlgzk,Jack Blacklist,https://play-lh.googleusercontent.com/-r3f4UGhtMrk/AAAAAAAAAAI/AAAAAAAAAAA/AMZuuckLEJyYXm8aVmMXi6-yv5mSuspG-g/photo.jpg,Best game Ever!!!!!!!!!!,5,0,,2020-05-17 19:37:17,,
gp:AOqpTOFeFS11XtMEui-erCvUwgaA8sVkguvCj-a5cQcZbRq-hMMEVvxvDG7_AoaAG1Js7YhaLZIvfhbNRIdbIFU,james canete,https://play-lh.googleusercontent.com/-loqB-77EpVM/AAAAAAAAAAI/AAAAAAAAAAA/AMZuuclFH4BZUl3nN8Bug8PW0wDzQpkNZg/photo.jpg,Pretty amazing,5,0,1.02,2020-05-17 16:55:30,,
gp:AOqpTOFCHmGuiDSQzcywOTdfj7WhyRRVP8yD4RZMOGSE3Vqxq3D3CRrkY0wgbgFmZgULlR4qCqT-IMUdONTqJ0o,misha martinez,https://play-lh.googleusercontent.com/-WZAoeRNIYU8/AAAAAAAAAAI/AAAAAAAAAAA/AMZuuckVQxMOz6mTD4ZeYiWP2-6U19NSPA/photo.jpg,"Vengeance is a good RPG, it kills time whrlen your bored or alone.",5,0,1.02,2020-05-16 03:14:40,,
gp:AOqpTOFiZWm50wMNdDy6X04YAQrjJISdAyY9yRUjyq5Qga7DUw0xAY3P9EVcYfUt0bHimCOXixt8trtVOHuFz-E,Noel Capatoy,https://play-lh.googleusercontent.com/-nXfEG1kSoow/AAAAAAAAAAI/AAAAAAAAAAA/AMZuucnydhrtu-i5YikTTjVCxGux0cAsUA/photo.jpg,Diablo fan would love it. Thanks :),5,0,1.02,2020-05-14 18:02:21,,
gp:AOqpTOF1k-wbjBUjubetgf6Znd4NBbYmJL0ZNS805NKVPzBe9ElGbWtM1_zIHThxQhRAnK4j59xLETeFGimfjrs,Carlo Benedicto,https://play-lh.googleusercontent.com/a-/AOh14GjjadHbw7rRlkOeb3NUKWfYftTbAiY-ZlEGWTnN6w,Best rpg on android,5,0,1.02,2020-05-13 21:27:51,,
gp:AOqpTOHOY8sP1UFzw5c3YToI2RUCusY-TT1H83R_OsFtTFyIrL47q4BxWoeLpSm7au9M-cFOHQpIq5Ls_WLZ3Zc,Jesse Vo,https://play-lh.googleusercontent.com/a-/AOh14Gg6bQqsf-u6tsCmdGGSc4e21rc_hmsGBvrxfUD7ZIs,"Awesome game it's like a slimmed down diablo still with cool loot drops. Best part is it's actually a full game for the price, no added in- game pay schemes!",5,1,1.02,2020-05-13 07:50:13,,
gp:AOqpTOG0uvlonBShvjiaj0tExFZn8fud_9IHZ461A6aA5bgMAlu-eRvwU-DPRAUYa2yOhYYZtoaNvIfphpawf1k,Lucian Smith,https://play-lh.googleusercontent.com/-vVpEWMnGLn0/AAAAAAAAAAI/AAAAAAAAAAA/AMZuuckZxX9pEWWhyN6XSPfpxUSzSMPnLA/photo.jpg,Addictive AF whahaha,5,0,,2020-05-13 00:06:20,,
gp:AOqpTOFa81xpVZXsGbR_kMfNz1rzhrP9GsKiJN83C5Dr9R4OchE8M9MUdB4X4xioKUBUMEDg8uc1oaHy6OxLCBA,mark hugh,https://play-lh.googleusercontent.com/-5E4U4jKev8I/AAAAAAAAAAI/AAAAAAAAAAA/AMZuucnsIgj53LbwlpOkf947IUEdsJprGg/photo.jpg,"When you can play a wonderful game, any time and any where. Thats the satifaction ;)",5,0,,2020-05-13 00:04:28,,
gp:AOqpTOFPsOAP_fnLBmrHaqBT6ZTGXvsgOgWEELjhyHmh8qGw2o1d01G2pUidhqGZwt64Zoj1K42J4Ar6wzghyfA,Christopher Taylor,https://play-lh.googleusercontent.com/a-/AOh14GjDwTGsG2fO1LFyFC5yuSIlwKrEcTjsNfnKu_QI,"Great ARPG, props to the developer, hoping for extra content coming soon?",5,1,,2020-05-12 18:36:10,,
gp:AOqpTOGdQQqnOAtMJGKUHs77SodAWQCC4FInfUQdz5kjtXzgiwTnRrO__VjtBNs6MXbLlaBeoD-D3hnnlYP23W4,Jason Lambert,https://play-lh.googleusercontent.com/a-/AOh14Gj_YDqK-SIG8RYTxX1mVQKrV5WUbSEmIRr5MHu4IA,"Thanks for everything, keep up the amazing work",5,0,1.02,2020-05-12 16:48:02,,
gp:AOqpTOFjaaSySPvHEg_rJMGpzg1RF17kSokLGblpIntbOaxDuBKWKMKC_m9OZKTbeXI839ps1KujZtUwYf49bOI,Alain Talens,https://play-lh.googleusercontent.com/-HD3jGwK25V8/AAAAAAAAAAI/AAAAAAAAAAA/AMZuuclY-WQpIGvVNyeWW388zU0IduTGvA/photo.jpg,"Very satisfying, I love the D2 LOD vibe ♥️🔥",5,0,1.02,2020-05-12 16:17:48,,
gp:AOqpTOFETRGogiSGDWETXYkmhSOAK_WJwqXJXnTb305up4qwTW_q1lWicse8VOIM8FhMOvw0pkMzsZXEIHEm_88,Austin Malone,https://play-lh.googleusercontent.com/a-/AOh14Giav41Do4YoyfXs8F1BvTscq9UC7r9ujCj47dyuaQ,It was a great game,5,0,1.02,2020-05-12 05:45:49,,
gp:AOqpTOHAhPzU3v279QGDZoGLyv-bB7PR6mHfwsJ3IsDrittGClFYMvSHp04P1WiwjsxORXS86rQHcKmgdDfPF84,NightBladeJay,https://play-lh.googleusercontent.com/-h2Tw_B0UvB4/AAAAAAAAAAI/AAAAAAAAAAA/AMZuuck9jELnJ3OFnovsrpGrt3r-q9WUQA/photo.jpg,Love the game have played for while now great dev and amazing community on discord,5,0,1.02,2020-05-12 05:27:51,,
gp:AOqpTOGyVNg1364HYG0NpZ03_fO5mAmGZ57UeCv5Zz_u-vqzY2kgnGo9bvqLGZPl_eLUiDxfyjnR6lbUbVuoGMA,Satria Jacob,https://play-lh.googleusercontent.com/a-/AOh14Gi2dDaEYFosmXB6BxMho1wVC6uKsdj-MB4rbmnYyw,"Nice,,,",5,0,1.01,2020-05-12 05:01:21,Hello! Working on =),2020-05-10 03:14:30
gp:AOqpTOF8KM2O5xrdMV25H3dLu-jZg6m7ZwaJshuOVmUbifRFytGIW-vbfP1Op4sdSO-7R7RaZZYzrlcOmUsnpro,Christopher Bersaba,https://play-lh.googleusercontent.com/a-/AOh14GhADmZOc66qfHd_XYsFP7ztBk4PdEusxLYn7ySvUg,"this is the best rpg i ever played on its type, i played alot of games but not much exciting like this. More power to the devs.",5,1,1.02,2020-05-12 01:02:24,,
gp:AOqpTOHdhUu4PCuOLvQ6yA10woQ_eE-SdSC7Hl_VtN8cqQifAMxHIOSryasEkClnA9YHJS7fFCB9-fPilcjo6pc,Glenny Ballena,https://play-lh.googleusercontent.com/a-/AOh14GgRcNn4YmRl5h7qnjl6_iUEjGIWDQBueveW1cPHGw,A must buy game. Its worth every peny. But just wondering where can i buy wings. And can you add auto arrange item inventory. Thnx,5,2,1.01,2020-05-11 23:43:12,,
gp:AOqpTOG5q-rO3KeBm7Zly3y-_HcTmmjNC4QZdkbVyNoxo6rplnTWdweA9Nukw0gGyp-OUIvqyGKK2b73j1o9Z-Q,Ronnel Santos,https://play-lh.googleusercontent.com/-Aa3yFEQWBTo/AAAAAAAAAAI/AAAAAAAAAAA/AMZuucm9VsHGnJjHlakAW5-3P5reKzxhdQ/photo.jpg,This game is amazing thanks to the developers,5,0,1.02,2020-05-11 22:57:54,,
gp:AOqpTOECC3c-C1G25cNzc9f_gpU6a0WxZSJgE3T_rcg0dep3zjiuq4ZKRbbZlYKRbSUUTpNLdyuCmRxd2GlC6sM,manx wire,https://play-lh.googleusercontent.com/a-/AOh14GgdLJe6i36KVxChhYHablxYbIS9Sk1-ZyJyl74,👍👍👍 good game ever..,5,0,,2020-05-11 21:06:38,,
gp:AOqpTOEVt3hd4gsR5jI8SZFdzM90602df9AocX-PyBKwdR_ZSCh7SYM1CMkYRRmXj9ANDK80nRj0vaVI0iuGbMA,Greg Mason,https://play-lh.googleusercontent.com/a-/AOh14GiraHHyJWOsHP0sMFIbtUR05EjPGoRI08y8acKHhQ,Loving it so far!!!,5,0,1.02,2020-05-11 13:43:44,,
gp:AOqpTOG-MG2NisDCMXk7caf2F56wBtnumtBu2ifg2DZFr068YF51rE_2MF7d_D1otZHh5T6Ro64vdhnhXXSFGrY,Daniel Hamonangan,https://play-lh.googleusercontent.com/-w0n4Pu2UL8g/AAAAAAAAAAI/AAAAAAAAAAA/AMZuucl3Cn59U5dFnRqnECf-SuX4vf21mw/photo.jpg,need more slot skill,5,0,1.01,2020-05-11 11:33:30,,
gp:AOqpTOE_qTmN-f5Kr5foh7ga89Nnzh1Ow8YeM8l6F8BBkVM9CuLrtGsgilCa_RQQzyd5x1o3RyTekczfkxSGyL8,Colton Bingham,https://play-lh.googleusercontent.com/a-/AOh14GhJxtxsYmGMbUXnDgrFXCYbPh_ltexuQf_GmnCdIg,"So I'm leaving a 3 star review knowing that I will probably be changing it in the future. It's getting updates and lots of love, but I can only review it for what it is now. It is worth a purchase though. Some fixes: being able to move controls, able to change size of controls, its to easy to drop an item when trying to view stats, a compare option, being able to zoom out and see more, monsters ignore my minions, and info showing what stat points affect before spending it.",3,20,1.02,2020-05-11 09:02:43,,
gp:AOqpTOG1ICAy0ETsG2_c7FW58oSuEY_FYxTK3ahXQ7Hbfa6txdlajNLi2G1TgmaGVzW7YFcVE2OmH9Q-0e99gg4,Luiz Abujamra,https://play-lh.googleusercontent.com/-79QOq6sIDqc/AAAAAAAAAAI/AAAAAAAAAAA/AMZuuck_1Y8zJhE_wxQDtcF2y2qmAqjyOg/photo.jpg,"Slow paced, bugs everywhere, spike lags on any cellphone, skills sucks... Waste of money and time. The Gameplay is garbage, a lot of movement bugs.",1,2,1.01,2020-05-11 07:18:20,"Hello! Try install new version, I hope you enjoy the game after several updates =)",2020-05-11 07:41:33
gp:AOqpTOE5eVO3MMqwyWQO6lezYTUdpwsNfzMeG6nYOb91K7PadDIH8b9vbVXFvS0ymW9i9t2hWDase7HLXKFSBE4,Cory Cook,https://play-lh.googleusercontent.com/a-/AOh14GhXGR5MevCP9tXHZP_7Sn_4oqimSt63IBXy0FmqBAU,"The game is really good, but has some slight bugs. Dev appears to care about the game which is EXTREMELY promising. Totally worth the couple of bucks to purchase, especially since there are no IAPs and no ads. Thanks for listening dev!",4,7,1.02,2020-05-11 06:19:12,Hello! I will try to fix this in next update =),2020-05-11 06:05:45
gp:AOqpTOG3JgIstJDFvp6rB0x4pQVvYVnZqUSmqWVmS7Pz0GPn4SakqtdzimXR4fH9FnGR3uv1TWh2z-aQXkunzqs,Lime Ocampo,https://play-lh.googleusercontent.com/-RgkHm7zd5vs/AAAAAAAAAAI/AAAAAAAAAAA/AMZuucloMpinLQY_oKJv01nNaFzvkgrTWQ/photo.jpg,"I pretty much like the color scheme on this one, very nostalgic with chilling effect! Great job!",5,0,,2020-05-11 05:14:31,,
gp:AOqpTOGgBgJ7zx3P22Y2Qzxf6D8YEqAO2KAWOjeNZQn_pgI2l7DfG-f8HLiR_-Gw3E-YN2ZUuJjPYe4ofJ9Bl9Y,Gord Lord,https://play-lh.googleusercontent.com/-VdsaOjP9N4M/AAAAAAAAAAI/AAAAAAAAAAA/AMZuucnwJpbV1UrvLbF23y8p3rjQ1ggglg/photo.jpg,"The treasure beneath the sea, who ever finds this will be surprised how good it is. :)",5,0,,2020-05-11 05:13:04,,
gp:AOqpTOGs8hPCs2F5gwKNIO8if5njXZOmDGgJuggURsz_--GNNfHM91q3MfclMrdpptLF7MZdn439jg7H9CU3PyU,Emerson Tan,https://play-lh.googleusercontent.com/-5U5C3ndy2N0/AAAAAAAAAAI/AAAAAAAAAAA/AMZuucmVQBnET4XGxpIfRQMbR9ZpL5p6ZQ/photo.jpg,The dopest dope I've ever smoked! Clearly I'm not describing how addictive this game is. Whahahah,5,0,,2020-05-11 05:11:24,,
gp:AOqpTOGmQzOj0nlBH9u6f2ooCD3UxcuWVnOL0nomDc9Y1JTdMa8Fou7j4oL-SMeNN0dwy55Q2_rEUxFqf3gluR4,Manson Stanson,https://play-lh.googleusercontent.com/-XgopQSfR6pU/AAAAAAAAAAI/AAAAAAAAAAA/AMZuuclOLfVSPWdMnSs-w9CII1oadmFM1w/photo.jpg,This game helped me alot on passing time during this quarantine. Thank you so much for making this. I could kiss you for that!!! :*,5,0,,2020-05-11 05:09:34,,
gp:AOqpTOGiIcH1PFwJfAujwbixnalzZGFXYNCreYuJ6QfpL534lheYeUeAyRp76l7r8R3L_JsRcI_qkfSuIyCGap0,Summer Smith,https://play-lh.googleusercontent.com/-aK-mSOS0inA/AAAAAAAAAAI/AAAAAAAAAAA/AMZuuckhlSMeBYBoZRx8rPwaQ4g_X6gVGg/photo.jpg,OFMG! This is the best thing ever! Clearly not p2w like those crapy games nowadays.,5,1,,2020-05-11 05:07:42,,
gp:AOqpTOF-LDUfe-MHxsoTHZJZMCnPn183EH3FBnmnwK_KAGpZOlt1MI9fz_aRZJLvJdSiV9omoJwIf3muhzUVRQQ,Rick Sanchez c137,https://play-lh.googleusercontent.com/-PYyYkSIAlno/AAAAAAAAAAI/AAAAAAAAAAA/AMZuucl9qHN8sDJybINb8NmOxOH6SwuWYw/photo.jpg,Get riggidy riggidy wrekt son! This is the best game in the whole univers!!!,5,0,,2020-05-11 05:03:50,,
gp:AOqpTOHeiQ0yakesW4X4Mat9lWzXd0qEDq27J-4ApEG-sItt7_PmqpHIalXxA2wPpZFYY5j7cT_R2OhI2RDZa1s,Jayson Faries,https://play-lh.googleusercontent.com/-y9_sGROUOxw/AAAAAAAAAAI/AAAAAAAAAAA/AMZuucmwx-vt2HNe698DrTrJv0WExFA7Bg/photo.jpg,"The game is awesome, very similar to Diablo I and Diablo II. Also the production on Vengeance with updates and fresh content is very rich and exciting! Certainly worth the couple dollars spent and 5 stars!",5,2,1.01,2020-05-11 04:15:46,,
gp:AOqpTOGSSz3BR9PusjgyfOhk6ZJ0lE8hQVYnfUQaRlz8Wzbk-giCTqZHZ6WmGV_TZVuxRK6RnjMlOcZqhYK4JDM,ddd whiteside,https://play-lh.googleusercontent.com/-ub-PkGL1txI/AAAAAAAAAAI/AAAAAAAAAAA/AMZuucnlwKaxZiE-Re12dGAQzTcYNCoj5A/photo.jpg,Like Diablo? Get Vengeance.,5,0,1.01,2020-05-10 21:42:10,,
gp:AOqpTOGIs4q2L2WyKfOUZ_IdwKsTForknYa6YJl_e-iPTzOMzeTL7Hhy5xAyGt5kp7bysKUl-pu7rhZ4vRmigS0,Marco Orbista,https://play-lh.googleusercontent.com/-9wZ5VAKmQQw/AAAAAAAAAAI/AAAAAAAAAAA/AMZuuclLZQ6pGZVfXN65cSbS54dOQZzsiw/photo.jpg,Fantastic game!!!!,5,0,,2020-05-10 20:35:00,,
gp:AOqpTOF44DV6BtmqBVGKeBQ-2lZFa8kfoJAqDHilSjAlG9x32jK3tOfeCe1yee5vRlvkO1a41g0-SvXqJO1I8tk,Shhshs Xhdhdu,https://play-lh.googleusercontent.com/-zwe2RuUgNwI/AAAAAAAAAAI/AAAAAAAAAAA/AMZuuclkpB-AEEj8ZbxBx6X77d47ovu94w/photo.jpg,I hope diablo is here too,5,0,,2020-05-10 20:24:43,,
gp:AOqpTOEAEmu0_AyGuizZkmPaj5-DTDH4lnl_KMkrydwnaxlFDi0klGZ5FF1wnq7PebBt2ko7oBlOXsSYLYym8_Q,Ahahsh Shdhsh,https://play-lh.googleusercontent.com/-iFbMYoqHH4g/AAAAAAAAAAI/AAAAAAAAAAA/AMZuucmfHyz52uqhyWo0AKrzFdJMI1_cNw/photo.jpg,I which theres a stash pls pls plsss,5,0,,2020-05-10 20:20:17,,
gp:AOqpTOGi7rYUPUDB_zGyEudxOJu35r4tzoF0se8pOaK8xfuVuvdHU5gveO3yZR94SRbJTmCYJNDEzE5cxT-DEOs,Marco Orbista,https://play-lh.googleusercontent.com/-TyysURYn3gU/AAAAAAAAAAI/AAAAAAAAAAA/AMZuucnA9fnVyUepGzTXhK6fzIvUNZ3-KQ/photo.jpg,Lets beat every monsters in this world xD,5,0,,2020-05-10 20:16:49,,
gp:AOqpTOGVO7OjQdeq8noZgKpZ4l_5j65VZQqI-v_72AnJM0CnSZQ7L1wb6SD909Lvi3zkzgP8NRTseP9XDCJcKeU,Vic Marco Orbista,https://play-lh.googleusercontent.com/a-/AOh14GjHUiZzLDm-dyB24cQ6DIoxhRz1FcvFq6iz8zPElg,Best offlin RPG there is!,5,0,,2020-05-10 20:12:10,,
gp:AOqpTOElylMTcbBEFf0A5E1Z2WM57rg5UbYZzIhbAEgRHGAHP0Wytp8Ms5apARD5Z9qZmty-dmWd6XUX9b1xaBg,Victor Jay Orbista,https://play-lh.googleusercontent.com/-vuU5MKOqH48/AAAAAAAAAAI/AAAAAAAAAAA/AMZuuckjxojGreBlGsq7R04nWvvH2WTOjQ/photo.jpg,Diablo diablo diablo! Soooo gooood! :),5,0,,2020-05-10 20:11:18,,
gp:AOqpTOHvE2Orbj3bH5WgOK_wVU0rcT2vrxF6dg2cPoiSuwGecxZo3U3wUU5T2zRY12DrzI29t7KBZjCtqzpf1cw,Uzra Game,https://play-lh.googleusercontent.com/-zbUR_ud85Bg/AAAAAAAAAAI/AAAAAAAAAAA/AMZuucn9RbXYSb_wjmbR95EqN0sxANSECQ/photo.jpg,Add pets please!!,5,0,,2020-05-10 18:29:50,Hello! I planned this =),2020-05-10 18:32:08
gp:AOqpTOHLKBVrD5tOErG3W5ELwI1PknZ62Wsj29t3If6Kr_kft9YQxvZ7wN5xD0ifjerYOsuaXQWt6FTgYbNxwOM,Crisanto Guinto,https://play-lh.googleusercontent.com/a-/AOh14Gje8SnX-fImrLOBYLM_tpLaappbyp0FLi85lynQ,Two Handed Class please!!!,4,0,1.01,2020-05-10 16:42:28,Hello! You can equip 2handed weapon and choose assassin skills. But in future i will and new sub-class =),2020-05-10 16:50:22
gp:AOqpTOEDUcSTzC53nNBJgIopzcpp9HoIAh8nTklcT8BFXRYLS_w8hBgDw4ATOhdc5SkBdWDWxLijxI7In2gZqHA,mmaannxx wwiirree,https://play-lh.googleusercontent.com/-kQ31z6oAGEs/AAAAAAAAAAI/AAAAAAAAAAA/AMZuuckOUVoCRtmhHQckxXhhN1bfLKmS7Q/photo.jpg,love it,5,0,,2020-05-10 15:34:01,,
gp:AOqpTOE11YTz01HUOetsfsa48NniLNop0Nll3po-P6kwyEBGG-LCnupVs0kYD4XjdQXqXze75o3jByjrIhM8XlA,Gabriel Daicu,https://play-lh.googleusercontent.com/a-/AOh14GgRcJNUBax19QBEQHkv-AHwU6jtpb_ouWD7ZDiWmA,"Great game with amazing graphics and soundtrack, Dima (dev) is doing a great job at updating the game regularly with expansions and updates.... If you love Diablo you will definitely love this... Go and get it! Recommended.",5,3,1.01,2020-05-10 12:18:41,,
gp:AOqpTOE0D29dpGcwRXe0AAXB_2XoKR7UJApYOnxwUG-hRsRDpQi0f2QtbkzyjOCyYVYx18mU1d9TP4WctS79Xws,Daniel Charley,https://play-lh.googleusercontent.com/-kuWAIWPXqiA/AAAAAAAAAAI/AAAAAAAAAAA/AMZuucmA6vDu25ZN7H7BcRy5r1XEkBLcMQ/photo.jpg,"This game is so underrated its unbelievable! If your looking for a diablo esque game then this is for you! Lots of skills, lots of loot and lots of skill customisation. Thriving community on discord aswell. The dev is hardworking and constantly putting out updates aswell. Come join an ever growing community and be part of a very special game!",5,7,1.01,2020-05-10 11:45:23,,
gp:AOqpTOGNAHbU8InP7pkGQcFiZz8wm2zT-TdIaKiA0P8XZQjIBSbMqSOdvJ5YeuWpr-wLN5wR7zxOnUDVv7DT4mQ,Reuben Dietz,https://play-lh.googleusercontent.com/a-/AOh14GgGc062RAwSLsfwyRW5GE6-9gjWFw_XFJpjO_62Tg,Boring,2,0,,2020-05-10 07:30:17,"It's a pity, I hope after a few updates you will like the game =)",2020-05-10 07:44:21
gp:AOqpTOFM47r3W5GU0Y5yjwVZJcwN757FdicX27JK14B_SUocMp_KjKipJTJ51eGSDyoYVv2QqM8hSqLWXsPbrUM,keno andillo,https://play-lh.googleusercontent.com/-mArmUiRyqCA/AAAAAAAAAAI/AAAAAAAAAAA/AMZuuclacEs-SNQ0D-fdKemD2g8G8Q2b0g/photo.jpg,Need more gold drops ang items and wings.,5,0,,2020-05-10 07:24:41,,
gp:AOqpTOExacOkkbAAFIedXI8H0-ybEwiUKQLtRxpnEp4P9op7mmle7Ova5pDAVSyGpn76bYJ3D-mEbrbEIzZVEiE,Sinhat Alshammari,https://play-lh.googleusercontent.com/a-/AOh14GgWq5NgH2lTslbH3nrGxPVeMdB-NoX3n3nO_qQRwQ,"Refunded after less than 10 minutes, attack button suddenly not working sometimes, you can't choose or turn off tab to move so it's confusing.",2,4,1.01,2020-05-10 06:12:12,"It's a pity, I hope after a few updates you will like the game =)",2020-05-10 06:24:09
gp:AOqpTOHESPIfg7TH5sLJAog3XDlGvccFdRJKRiDpX-d83Bn_R_lEG562qCfeXNFCtWpirMXDw5-Xdi1avNDrRvI,Chekulot Dansoi,https://play-lh.googleusercontent.com/-E1YHipgda10/AAAAAAAAAAI/AAAAAAAAAAA/AMZuucmhxGP8z7ZctAa7QZN27799X95A6Q/photo.jpg,Nice game!,5,1,1.01,2020-05-10 03:16:47,,
gp:AOqpTOFBukesEu3R2MOwtNnnw282dXvuYXBoZ1cA_WoCN2Ut7ve3FD__R-beDsk3UXd9CoPIsmvAidO0q7Iog9M,Rhonin McCauley,https://play-lh.googleusercontent.com/a-/AOh14GiroIO4M1i8JxVQ0cWq9oWgVvm9g0V71ebxLUUS,Only a bit of polish needed but otherwise a great game!,5,0,1.01,2020-05-09 17:51:05,,
gp:AOqpTOG1DyTgyI0Vu_m2FtaHTTRoD-1lmZaxQFJmYf0aiywh9ujvfWvohMwsKTj0uMD8qKvL_HIJWtoMZK8xBE0,James BloodSung,https://play-lh.googleusercontent.com/a-/AOh14GheZsEA5hQ2thRRzhQYn6W1yCxA8rClIdKCBbXX5g,Too simple. There are just other games worth more content for $0.99. It feels really bare bones like the first act which took a few minutes to fly through. The inventory screen is crappy when looking for gear and trying to select the item can lead to accidental drop. There is a tooltip for items and the skills. Graphics are alright but feels like more can be done. While the controls feel super janky. So a no go in my opinion.,2,0,,2020-05-09 17:50:15,I hope that after a few updates you will like the game =),2020-05-09 17:56:13
gp:AOqpTOHvwGdXS5jYbHfK0Lw_fr4O4EXBnYd5Cz2bsfZPXZ3qdaiM2juYCdEM-6p21YMf67VkwGYGWo6f_Y4yXJE,Vengeance Epicrpg,https://play-lh.googleusercontent.com/a-/AOh14Ggh3Ju6AtEgfY8JB3Embhcrv4BP4RX26q4PjTwh,I enjoyed this game very much and i highly recommend it. I'll be updating the fansite soon so i can somehow contribute to the game's progress. :) #ilovevengeancerpg,5,1,,2020-05-09 11:50:11,,
gp:AOqpTOEZ8IwSU9DCqeKM_NOTIDAwETet8XhkpFbEDDhoIx2rUDntw6ridF71U1rZK1plT0iDkriCI3vwIfFkcaY,Vic Marco Orbista,https://play-lh.googleusercontent.com/-6hE5TG3Htv4/AAAAAAAAAAI/AAAAAAAAAAA/AMZuucmFl0W4xe58YjvCC0-77gpsOcNB1w/photo.jpg,"Seeing how much progress is made from the start, I can tell that the Dev is very dedicated to his work. More power!!!!",5,0,,2020-05-09 11:47:19,,
gp:AOqpTOFMwe8UwsWNRu-ZzFuy-4mm_sX6aZ52k4jeTkiItus2jCvh7lLW6s6t0Yx3ubrwES9n-1nWvIKRcnqHtc4,Brad Pitbull,https://play-lh.googleusercontent.com/-TG9jQ8qdIj0/AAAAAAAAAAI/AAAAAAAAAAA/AMZuucn_Bj1lHZXNoOqb6fIym4ze9D1jTQ/photo.jpg,I like how the environment feels like. Very nostalgic. Keepup the good work.,5,0,,2020-05-09 11:40:14,,
gp:AOqpTOFiWXV29Fy-UDi1RCx-sQvFE8jZ-WJHOoYa_svb3IMnSY4AzzGu6n-egWYUtJ3SjQk0RBFi5T4D6u_Vq6k,Marvin Mole,https://play-lh.googleusercontent.com/-I0_IaoXlGHY/AAAAAAAAAAI/AAAAAAAAAAA/AMZuucnutOlvoJYHPQhBADLRGy66mdFIWQ/photo.jpg,Gameplay is as smooth as butter on a bread :),5,0,,2020-05-09 11:36:31,,
gp:AOqpTOGQFAK4FDaZ9zn1INJqnfTNl8ViRL_MIytEdSS9yuL_FI3QRd5wyWpBY8tpAYFDm8cRkk6UaXb5UNcYNsw,asdasdas efefewer,https://play-lh.googleusercontent.com/-KthctWSaRf4/AAAAAAAAAAI/AAAAAAAAAAA/AMZuuckEL5T4kat59tpfDeCwL3F_MDp7BQ/photo.jpg,I like much the colors that game used,5,0,,2020-05-09 11:33:20,,
gp:AOqpTOFtPoB-xn__fRnAzQzR63KK3UYEVwErZ8lqkVsbUYuEdOcnC8DUirXE7MMGS-1aeLb60aZTzBvHGz1P4a8,Gilbert Samson,https://play-lh.googleusercontent.com/-HwpQIuSmjiA/AAAAAAAAAAI/AAAAAAAAAAA/AMZuucnVOx0gX9IuuPeHM4dVMk6dQjLOuw/photo.jpg,Best offline game ever!,5,0,,2020-05-09 09:18:00,,
gp:AOqpTOH4XgcI8Mz8FAdhyQ0CWXz9l_J1_H0yXs3W_y7JFo1J9pkzG6LqnmQ2X7sFmFYSxApswne_RwIGNjmNsmQ,Christopher Gibson,https://play-lh.googleusercontent.com/-7I3OalOo9iM/AAAAAAAAAAI/AAAAAAAAAAA/AMZuucm_lfU96tbyMvkajOPjBETyFRPLSg/photo.jpg,"I think that a buck and a half is a small price to pay for hours of fun. Keep up the good work, dev. I can see the love put into this. I would put in a very brief tutorial at the start. Just for basic things like how to pick up items. People are used to just running into stuff to pick stuff up. :)",5,8,1.01,2020-05-09 09:05:11,"Hello! 
I added a quick guide in the game. You can see this button near Character button =)",2020-05-09 09:09:34
gp:AOqpTOH6rajETRM0_XYEZ8_5bjqLPT-30dtJ_UvFVXqhQpB3f6Lxi6NZZZ01s0HeK4VhknDmi0EU84LV0mwxkcM,Marco Orbista,https://play-lh.googleusercontent.com/-x3ilwvDxTxQ/AAAAAAAAAAI/AAAAAAAAAAA/AMZuuckErBeawl70HFM9FgmOTkRama232Q/photo.jpg,Cool game for me and friends,5,0,,2020-05-09 08:56:23,,
gp:AOqpTOFYflcQ5jeSK_Nf0dg-ZswbejhNDdvWAVZfguhWl7zcIZlTBKnKvoN0FJJRT48T85-dlq_PK6VVqOwEpJs,xcopperx 561,https://play-lh.googleusercontent.com/a-/AOh14GiWNtlrYzHLu9P6hooU2iyg4M7HG-b0WJZLLi48FA,Cant get past main village. Saving info seems a hassle. Downloading something from owners website page? Waste of money. Btw i did try using the portal and it did nothing.,1,2,,2020-05-09 07:41:28,Hello! use a portal in Lakestone for teleport in any locations. Use portal then click act 1. Then click Forsaken Fields. You can read name of locations in the quests  =),2020-05-09 07:48:29
gp:AOqpTOFuKI761sveT7UjAqnEwKeGIj_AcaQCy3tBsAnJ2MkanGQHtOJ8U2hCbnnf10kU58hWyND83Mjn2zJWwtQ,Stephen Hendricks,https://play-lh.googleusercontent.com/a-/AOh14GiNQaLNuW_3tj4niF0ucuk5Ougp01DIyPPKgJ7Hvw,Refunded because the game does not support full screen on my Samsung Galaxy S10. No notch support is a dealbreaker for me. I even forced full screen in my phone's settings and the game still does not go full screen. Playing with a black bar on the side is annoying...and also causes screen burn in. Please fix ASAP.,1,4,1.01,2020-05-09 07:10:01,"You had to click on the button ""Full Screen"" =)",2020-05-09 01:47:09
gp:AOqpTOGFM34OPJODZI8gKLb-9L2LPt6tuaksVoYnL2FWn36KP08lrqOqmxZtD1y3LsOaDnuueGUrsOmJqPhPvys,Sadment,https://play-lh.googleusercontent.com/a-/AOh14GgXP7m68SArl3b6d9PErvvFP0MC-Q2Bp2bNrIC9Vg,A great game to cure that Diablo addiction,5,1,,2020-05-09 03:04:51,,
gp:AOqpTOEWkU2MzdWeqYq-iSWdI-731CiPOXQGH6tZsMVtqsZOABmG-6UPdhOH3CpjrKiqLROx3ydAZHwQRFb-72U,karisha mae umali,https://play-lh.googleusercontent.com/-9E6pMInTTqo/AAAAAAAAAAI/AAAAAAAAAAA/AMZuucngVFa3YsBjAdqAePwpLMPdso8nwQ/photo.jpg,great game damn so good,5,1,,2020-05-09 01:58:27,,
gp:AOqpTOFrWX7BsRoxU7JVnF8RP8BsuutC6C1TTQu33iR2R3E1yIV71GLOjpXZppf08ubgO6Qg_tFHdGvBtMWN2BM,Alex,https://play-lh.googleusercontent.com/a-/AOh14GhPB1ItRSgBN5ro19Lgf_nsnLideyjZxCJcrLUG,"Spells and attack seem to be delayed, seems like I have to press button twice for an action very clunky. Tabbing out while playing causes reset of game, very annoying. Note 9.",3,5,1.01,2020-05-09 00:29:17,,
gp:AOqpTOHlOveHszOYFYDLhpWIoRjdYIh8QnJbcw-T_ZWWAiTgn6ehE_vw7mt8CqZigk7LmtNWehaHzlODhNDjhw4,manx andrew,https://play-lh.googleusercontent.com/a-/AOh14Ggl8MxEzyENX3-y_wqa8eIr40527tI6uLOpmrVl0Q,damn good!!! so addictive!,5,1,1.01,2020-05-08 16:52:06,,
gp:AOqpTOG09Lzp5xVL5QPtNx14c9NEkiZHNInKNQQPL1DCCm0Opurtm3SzrYlyWHL07TPN6Lz_8Gv1tku1UaUufQ4,Jonathan Casillas,https://play-lh.googleusercontent.com/a-/AOh14GisT1izv1jkCd88BakTEPZx4HsU6bqoIgKVrRRW2g,"Great game, I really love this game, thanks dev keep it up.",5,1,1.01,2020-05-07 23:13:58,,
gp:AOqpTOGXKuOAx6HPXsRUnM6E9jppcmL3fK3-wTLmH68C427BzI7xNKPCqJmL08MYOyIZzoGPruApUmA4vv9tDQE,Andeng Benitez,https://play-lh.googleusercontent.com/-EaTS1nXB4nM/AAAAAAAAAAI/AAAAAAAAAAA/AMZuuclDzsdrBlfPb9rwp8gj_rVF9UOgCw/photo.jpg,The most amazing diablo clone that I have seen. Feels so good to play. :),5,1,,2020-05-07 22:27:36,,
gp:AOqpTOGTgYqae2OUqlrfu8xnUGvepC8H0xuekOCcbiwEPN2cmgbhIxYIQGMes1I-YYjPsAuK9srNE3QHKZ46rKI,Evan Bleach,https://play-lh.googleusercontent.com/-8N8hk3R-BNU/AAAAAAAAAAI/AAAAAAAAAAA/AMZuuckFXSr6qbGGXb_BD7NbSs-Nb-eC4g/photo.jpg,I'm surprised that this game is made by only one person only. Great job mate! :),5,1,,2020-05-07 22:17:23,,
gp:AOqpTOGuYEDMzFqpaFruvfwrKuAjjjwCT3ZOkA5zKqSUjTbmFf-mF8XeqtgyzbAhrCbkJZCtWOcSLnTPqp3fUlk,Embeng Gozu,https://play-lh.googleusercontent.com/-zT1iN2dldhE/AAAAAAAAAAI/AAAAAAAAAAA/AMZuuckW80vu44wKSfokQ4wlADmVPP6XLA/photo.jpg,This game is exceptional. Awesome AF xD,5,1,,2020-05-07 21:55:22,,
gp:AOqpTOEzfJ6uv3V9edefwyM2sO4cfv2n_U-z2WO2LShKOUGlJylWazfaFuwW0kRYc6_oD7akZxYLwxbviT7kh7w,xXRiseEmpireXx Live,https://play-lh.googleusercontent.com/a-/AOh14GhEeA5BYksbgCAXzt73vj9ZHtRmnke9E1wvUl96,An excellent Diablo clone game. Tho a little voice acting could be capable in this. But still slaying enemies diablo style never gets old.,5,3,1.01,2020-05-07 21:47:06,,
gp:AOqpTOHVH0IqTiD94JoDG2UVJ11-xSQK351CC5cLaxEzBdZswdpsEAi1bZmIPFoZL00YbSr4pkH5uMFDlTwudfo,Vic Marco Orbista,https://play-lh.googleusercontent.com/-WYxIsDIn2AA/AAAAAAAAAAI/AAAAAAAAAAA/AMZuucmq_UUocF3DahS4T0-QPub5e3ugVQ/photo.jpg,Pretty cool game. :),5,1,,2020-05-07 09:39:34,,
gp:AOqpTOFd-33pdyQc2GZbWKu3uxDUMDuHKc5hmhxcSi1670SOcysyoEI63YOWWXGAfZf4sT8ZHpJchmunmJYjomQ,Noah Ray,https://play-lh.googleusercontent.com/a-/AOh14GjWx_QpSTzrzt5oYpF5EwhEkRARqrACvnPSkH2ATQ,"""Obb"" file was not available. Deleted and re-installed, game works now. Fun Diablo-like gameplay.",5,1,1.01,2020-05-07 07:17:21,Try reinstall the game. There are problems in the market that they do not load the obb file or email me =),2020-05-05 07:17:06
gp:AOqpTOFPg7i5NrvYkqZf_Q7W8dwsM3e06DHJaCPiDbXs8ZBMXTUGFV8AqC7kfFMoeVcAaI5UNgmiTjqzKpTueFo,Athan TV,https://play-lh.googleusercontent.com/-kmkDO53gFIE/AAAAAAAAAAI/AAAAAAAAAAA/AMZuucnwqCNXHs2ob7dooNygQuSRpPjzyw/photo.jpg,This game is one of may fev game thanks to the dev,5,2,,2020-05-06 16:33:49,,
gp:AOqpTOHmS5UhkMQulQm8HWI1S6u9q1lA7IYjmxQEA-E3E5g2BA6TcNucHauWj_-IrrE942Do7JZozSd2zGMoW8I,Nicholas Fritzkowski,https://play-lh.googleusercontent.com/a-/AOh14GgFz5N5nNNntXVgRx4cIvfBmvCCEEJtVf395F43QXo,Great old school RPG,5,2,1.01,2020-05-05 03:07:05,,
gp:AOqpTOGPdZLNdkcQqPtaFA7ssMnvHCINa0uJZG_qvHwaGN78h2KbzZCw1hTMoDg-YP0sz9h6FPZEmruiOHzSsTA,Ryan Lindaoan,https://play-lh.googleusercontent.com/a-/AOh14GjNOsF3tQPcUyPcT8S200cFymJW62lhQmukWKqF7w,5 star for this game,5,2,1.01,2020-05-05 01:57:01,,
gp:AOqpTOHNaZpiGUwbimqAZlFbPc33-awdmbIcwgj7UUbltdplMXIMpCuRuk-GKXn1XcoIZ0A0EV5QoHZVSYqFzH0,deejungmung kpngfun,https://play-lh.googleusercontent.com/-rUI9kvQDM64/AAAAAAAAAAI/AAAAAAAAAAA/AMZuucmZ_p-_aCATEd7IkGCg7Szi3iqvlg/photo.jpg,"Not bad at all for the price, though it would be nice if the dev add controller support.",5,2,1.01,2020-05-04 22:30:45,,
gp:AOqpTOFivLJNg3IPyM4w2R5JY93qsJLhUbAJt95za9TjlCdhfBonFbEL6aPLnidaI3F811TSpQmMhWNNvHKTnqs,Curtis Linton,https://play-lh.googleusercontent.com/a-/AOh14Gg6GQDkA4EG0VOdBuhFcc31QJFFaSpDQDG3Yx6WsS8,Installed and immediately got a text message from a random unknown email with a sketchy link.,1,1,,2020-05-04 19:59:38,It's impossible. The application does not do any newsletters 😊,2020-05-05 02:10:04
gp:AOqpTOFGNuSOwL-jcMiAbDtr6jG6TADKeEfox843JwAFUlq9SMJJw3SOqgiaFGCJhHtn_bGkSRI3Rdz5lO3e6XA,cotton buds,https://play-lh.googleusercontent.com/a-/AOh14GjkOOoONrS0vLLwStcE8icE1_gIlJlsiz8YzfNODw,"Just bought it, so far so good, thanks dev for making this a premium title rather than freemium",5,2,1.01,2020-05-04 10:55:33,,
gp:AOqpTOHd9MGM3eY3CImR_ZW0fhBfCglb2oj3e0LvkHNz0FvHm4AtCPoZAZwg9SRnjWgKMfz-KwxVT0Lkn7PxSVo,John Leonor,https://play-lh.googleusercontent.com/-Qz35Ckhu8Pk/AAAAAAAAAAI/AAAAAAAAAAA/AMZuucl3Wp9ovaQy8Fxx_EnMQaEGhFLTBA/photo.jpg,This game is definitely one of the best hack n slash rpg game you can play.,5,3,1.01,2020-05-03 20:45:03,,
gp:AOqpTOFK_gXy7cn05xYHi1A5czX8svQdYCNY-mELLrd9S32nrfv42_BmIvRYEsmz1F8RQsooee0fIN8GXEPSyjQ,Muhammad Yusuf,https://play-lh.googleusercontent.com/a-/AOh14GhmEVCrQ_bNbGZWW6JJ0prUz3cyHFyDI7IA0n5h,The Best ARPG on Mobile so Far! Good Job Dev,5,3,1.01,2020-05-03 14:24:32,,
gp:AOqpTOGxX4ydjXNcuZIKOv_Z1R57zANMIKj44GVdFZhNQBSXueai7-0C2sIeNJ5v8QXIyY1RAE-jP0d0DeFOQxA,Oliver Toke,https://play-lh.googleusercontent.com/a-/AOh14Ggq2Kg4ku5FT1Ah5u3rFViG4UCVGoFXmS9fHGSgaQ,"Sick, sick, awesome game! So much oldschool RPG feel to it.",5,3,1.01,2020-05-03 12:18:00,,
gp:AOqpTOFAsFxLP095M0NuQK6yi-WM3_8XiT7i6g6CvsqE6-uBrd3tyAhJutJ5k7M7keSn84AWg4IlPkhsU-eq5xs,Rochelle Dela Cruz,https://play-lh.googleusercontent.com/-M5JJCoozGdY/AAAAAAAAAAI/AAAAAAAAAAA/AMZuuckh7Cw0GyDEP9CvCZvFjYhaF0-i4w/photo.jpg,"I'll give more stars on this game because i like this and will be sooner updates that unique items that some be added but its cool to play, and cant make me a boring because its offline..this is the best that like a diablo stylized.",5,19,1.01,2020-05-03 09:33:20,,
gp:AOqpTOHUOxETr4UVPHr8DkmQt9U9HF2WvvlkIpnZdk91JOmLahKaMbWl3BNSlhj7dqPnMTV6dAlkzYQ-me21C74,Mon Estrella,https://play-lh.googleusercontent.com/a-/AOh14Gh_CuascNXCING8fjEEW8F72Awbv0_66-FIuwEj3g,I love the classic hack and slash rpg feel. Worth the purchase. The devs are awesome and care about what the players want. Great game to beat the quarantine boredom and beyond.,5,11,1.01,2020-05-02 23:09:48,,
gp:AOqpTOGKVPRBArijqvE62PmEiyig6uIXJtD5zzleEBhsvGRuTF8Cvf6erW9MYPgidQZd2v0bKt2gzTtP2STS5-A,teng suplado,https://play-lh.googleusercontent.com/-KHVW9lncfMw/AAAAAAAAAAI/AAAAAAAAAAA/AMZuucn6z2O0nbONfNKF2l6VPotc_GQMVw/photo.jpg,Good game,5,1,1.01,2020-05-02 21:49:01,,
gp:AOqpTOF_D4NGgI8fHOmF8PqnQaimxnhe0_du2dhxBD4ttw8mFXasw1HxRctdCwjEV9syxKJ7gzN4NNiD9II1lx8,Jhunmar Barcenas,https://play-lh.googleusercontent.com/a-/AOh14Gi2HlV099ClqLy2Y7amMX43SLIlW0ZJE-VbXL5Q,"This game is so cool, and the developer is so artistic for her game, keep it up",5,3,1.01,2020-05-02 06:50:43,,
gp:AOqpTOGvZyKavFZKRl-tXfibhC4PMGar6TjEwZ34nYD5AfiLRAi1qNKzHJCUDYWcUDQ2C4DMJQh9tXsgzcCmYxE,Drevil,https://play-lh.googleusercontent.com/a-/AOh14GhEdVzf6tgWNn9XyLx8VnB4P7d99RrYaJGbOgtYQQ,"this game really hit my expectations, good gameplay, U.I. all of it is great, thanks for the dev that working on this Master Piece Game",5,3,1.01,2020-05-02 03:25:35,,
gp:AOqpTOGhq52IQyOYtWFvB-Nizbuyc-h87thJ38X4-V8nVCkoB645lgODjWyIHXQOOD_IcEGYfqyD_CmNpEOs6Vk,Stoian Milev,https://play-lh.googleusercontent.com/-3TPhruCphHY/AAAAAAAAAAI/AAAAAAAAAAA/AMZuuckJisXLizCkxWfn3b2BsOc0bpNCXg/photo.jpg,Great game! One of the best ARPGs on mobile forget the greedy pay to win alternatives because there is vengeance here!,5,5,1.01,2020-05-02 02:43:49,,
gp:AOqpTOF1Rv1B5WnP0xmjPIwJiTE7pis7kDnKzaNHpSlFbf0W66VhCN6E8wjvnKZ4bKyGpTWAuQQGeCtN5Dqlloc,Noob Guy Gets It,https://play-lh.googleusercontent.com/a-/AOh14GgeAQEMvdsX-oK3j_9kL-sTaHdXRXNPum19W6NCQQ,A big THANKS for the Dev that made this game an continues to make it better and better each update. A very addictive game that gives you a diablo-torchlight-pathofexiles feel. Tons of builds can be made with the cool open skill systems which allows you to use different skills from all classes as you please. This game will stay on my phone for a very long time I can say. :),5,48,1.01,2020-05-02 00:46:49,,
gp:AOqpTOGS2kVFwcZX4fDh7vGhQmHHF2WK49bcAkHb8N8VjFv_Aj3JRfwTjEhzZzeF70ctuoCaBdsN8oF5fzwofBc,Holdon White,https://play-lh.googleusercontent.com/a-/AOh14GgIDSxBbHypmqUHdZ0R_RDheaziV78lquULhZSdVw,"5 Star game definitely deserves every star. Dima the dev is all about the community and strives to give us all the best down to the littlest details. Several classes, but you can mix and match gears to fit your playstyle. Loot-centric, hack and slash rpg with so much to offer for such a little price. Mounts of varying designs and speeds. Huge expansive map to explore and loot. Many mini bosses and ubers(endgame bosses) several gear rarities Legendary, Set and Mythical and so much more❤❤❤",5,32,1.0,2020-05-01 14:02:52,,
gp:AOqpTOFEaqDfkw2VqIpMxG_ux2QD_M4-Ow_0a3BnFTjLgwNCshlD83phLOB5tsd6snQWzUNMLSuSwIkiudW8xn0,kriss krissurname,https://play-lh.googleusercontent.com/-nQz_9-Odf30/AAAAAAAAAAI/AAAAAAAAAAA/AMZuuclS1BKGvAenKHPD4Q7rINZLAKibmQ/photo.jpg,So atmospheric and interesting game.,5,3,1.0,2020-05-01 12:59:35,,
