reviewId,userName,userImage,content,score,thumbsUpCount,reviewCreatedVersion,at,replyContent,repliedAt
gp:AOqpTOGKo8UdryIxbSUfkLS5bDqsFgse2s2IbkYCDfLHyPi2ITubVSoAauEeuWDf3m4dfNdeUfmdf_LAoIa7,Lisa Cowan,https://play-lh.googleusercontent.com/a-/AOh14GgQ4bTblBdu5Tw163d_hMe-Dz1rEEog3QCSGR7x,The quizzes have quite a few incorrect answers.,1,0,2.1,2021-02-07 19:46:07,,
gp:AOqpTOHRuKH61G_3GPB5kTNFv6dtrWnfwqvL9folKf5yHzVaMd5FFidWCpzaMyPMmDB2ZPvvQyJGHSW6DBPg,Liz A,https://play-lh.googleusercontent.com/a-/AOh14GgwJvpLc-1bzIU1wetHgFFH72Aa54PHeSOV21LWGQ,"Several questions are above the scope of training for an EMT, and are inappropriate. Don't rely on this app 100%.",2,2,2.1,2020-06-09 10:28:18,,
gp:AOqpTOHxK0nJOtrjY1XzceoeHEjj0eku_k7O2EPf-I9-PEUdsd6d9IKpHBeMPMQKspFqNGXbaOlZgpO19w-V,Emilio Suarez,https://play-lh.googleusercontent.com/-vdNi7oG6nKQ/AAAAAAAAAAI/AAAAAAAAAAA/AMZuucmgmTbPK6Ad1bBV7Wrce6e_mNEd8g/photo.jpg,Great app helped me pass the test,5,1,2.1,2020-05-25 18:17:31,,
gp:AOqpTOHz0F343Vj3HZx3xRyf_zqSOdMf6247EMVdEshqQp-QIbJiD8ZyHYk_KyCLH624abnFIhneS7CG6bME,Sheldon Ator,https://play-lh.googleusercontent.com/-QxHRzOpE4Fk/AAAAAAAAAAI/AAAAAAAAAAA/AMZuucmTY5qo3B5S-lXI5CQbmk-dRjhmzw/photo.jpg,Keeps me passing,5,1,2.1,2020-02-28 14:18:41,,
gp:AOqpTOHiLlnwaLYXf2NDObBd_IfaZY7hYoWdNlLz_3Go0eItY67EGpeDUV1ugC-ILOQrh2Eh6gnavrLfojjP,David Cebuhar,https://play-lh.googleusercontent.com/a-/AOh14Gg7QgYB2mfSE928OJR6Lgtqpkj720sqs7GLuU-h,Love it,5,0,2.1,2019-12-14 15:17:32,,
gp:AOqpTOFYsnEz7Eb8cLWHjjcRgGN0DTTrKU3GGkk8squeRWfc48XoAC8gqvh_3rgpnw7RSvNtCJ1bmj9gpn2V,Ethan Jarom,https://play-lh.googleusercontent.com/-3-AwR52RusA/AAAAAAAAAAI/AAAAAAAAAAA/AMZuucm6JP6ZwITKoC5ZwsgjtYTXnozJ5g/photo.jpg,Disappointed with this. Really glad samsung store has a refund option,2,0,,2019-10-16 08:01:19,,
gp:AOqpTOHKLvsr9deDINh0dMJd54uUguxhLgQeyzSbABtA9RQP5334q04Z8X3dcOdRXbp0VsWXGc3XXdnXWaKj,navin ramkissoon,https://play-lh.googleusercontent.com/-GqkSGDU9LGY/AAAAAAAAAAI/AAAAAAAAAAA/AMZuuckJCMY_GlBLRvXOb7T2RLMEoNMPgg/photo.jpg,Very helpful...especially with quiz prep..,5,1,2.1,2019-09-05 10:05:29,,
gp:AOqpTOHpRzjvX-PkfizfpyAmhBpaLAoNR6dwqjuqBHLAbwHE8c8h5Dm0YH9-XUI2MyezfuY4_kz0Be1vb_iD,Stephen James,https://play-lh.googleusercontent.com/a-/AOh14GgLh5-cRiUGtCAJ0lR1KQd0NcWO4lKmy3SOL8OBqw,good so far,3,0,2.1,2019-07-19 18:34:25,,
gp:AOqpTOGQuYh4pkf0ofiNYRCT7XIHlYiiiob1YLJJ2kkJKdppWkbrIDbUgiwmJHmVvXODhTghQbIrKLhDs3D6,Nico Neuville,https://play-lh.googleusercontent.com/-tboPvhu0C-Q/AAAAAAAAAAI/AAAAAAAAAAA/AMZuuclQjk_CQVI5TDlKa9DO0NU9glxHXw/photo.jpg,"this app is well put together, terrible phrasing on the questions, harder than than fisdap phrasing wise, get pocket prep instead",3,3,2.1,2019-06-05 11:33:34,,
gp:AOqpTOETG11pw1jvDJSBvJ1ZBTcPqSPUxoYDjt6uBZhEiHb2EULCRXj_g4-5bsfQHZy7PEfN9KNh8cL-dTiX,Ashley Peterson,https://play-lh.googleusercontent.com/a-/AOh14GgbUocTbyEKHpjlLNBPtx-mDg5XVQOMc9Gb6U0z6w,"Lots of good questions, and explains the answers well, but as an RN I know for a fact that some of their ""correct"" answers, certainly were not. Most of them were fine, but some are inaccurate, so I cant be 100% trusting of it.",3,5,2.1,2019-04-07 06:35:13,,
gp:AOqpTOGM-W-HbehdDWtDizOANo8ze7aRnQsI3fe76LGOvCEPTMFqTbdv3HoO6ZJ5gkyKvjE2mZJiJRNKLgF-,Patty Donvi,https://play-lh.googleusercontent.com/a-/AOh14Gj1oQ8zCRu7c2fZUQL4Re-faA9bIsiSy8_-zF7Yew,Really Helpful,5,0,2.1,2019-03-25 04:08:30,,
gp:AOqpTOFqeUNP2Z6kNrERxLhmnH6KhtRSxU0KMtkSUgW4QodGF_EDpeqA-0oxyJ2z14ZhHsKuthcRWSNYjLjs,A Google user,https://play-lh.googleusercontent.com/EGemoI2NTXmTsBVtJqk8jxF9rh8ApRWfsIMQSt2uE4OcpQqbFu7f7NbTK05lx80nuSijCz7sc3a277R67g,Is this app still supported?,5,0,2.1,2019-03-15 19:45:46,,
gp:AOqpTOH1PQ-8XSN3zfVC_LAXlMq7UiBZLzjQ4v_ZsgQiiHAQpDhcEEoGdxGW6Zkoiy3iul1byI7V_rgL3Vzv,A Google user,https://play-lh.googleusercontent.com/EGemoI2NTXmTsBVtJqk8jxF9rh8ApRWfsIMQSt2uE4OcpQqbFu7f7NbTK05lx80nuSijCz7sc3a277R67g,"A lot of good information, but not always accurate or reliable for registry. Decent study tool, but don't rely on it.",2,2,2.1,2019-03-08 08:37:20,,
gp:AOqpTOGkR48tS8Vf7Ne-VCxn4IOVo1KqBpzDdJQqlHFBu9jpHbhsxBylLYeU0pDH8RUPFB4Bq9pdNXlKmKrR,A Google user,https://play-lh.googleusercontent.com/EGemoI2NTXmTsBVtJqk8jxF9rh8ApRWfsIMQSt2uE4OcpQqbFu7f7NbTK05lx80nuSijCz7sc3a277R67g,love it,5,0,2.1,2019-02-02 12:35:20,,
gp:AOqpTOH5myBwTaRVHRgY1IvO2jn4gnKpIhdMr68fSd1vfbX7Ntcb1BbiBp3NCPl1jHyfgnZ7KqqjXbnxhhIH,E. R. S. P.,https://play-lh.googleusercontent.com/-XL8ryvbEv7w/AAAAAAAAAAI/AAAAAAAADks/AMZuuckG1alDmpIPyuKloSOmq2Jz9UVooA/photo.jpg,"The app is meant for educational purposes and it fails to deliver accurate information. Though 75% might be correct, it is not a reliable source of information when it comes down to it.",2,8,2.1,2018-12-02 21:17:47,,
gp:AOqpTOHJ5pWOXYzgeLDnRUmyvzkNRnZNooDJQU3x2izyRlhbkOMtJB3cNJ5cn9qmTkdcux2jgw-CBobSXrt-,Prashant Maharaj,https://play-lh.googleusercontent.com/a-/AOh14Gj1v-ApmhN0wih-uk7fHoK_mgjdpirWGdKMr-IUEg,Currently I'm an EMT student and I'm really looking forward to passing this course 👍,5,1,2.1,2018-11-25 08:55:45,,
gp:AOqpTOEGuYW3bKiG7V49RNnJkS0F37n5cpQDcs0b68FooecBH5D5oF_6QyHK7i3KAETljxAPsv0RjyO8Ok3-,julio soto,https://play-lh.googleusercontent.com/a-/AOh14Gg5lVm2HXEkEYCpvXEuDP3rTo6b6oWCTuA3C1OGPA,Great good questions,5,1,2.1,2018-07-14 17:46:56,,
gp:AOqpTOEs5hjJaA-fCn7a-UhJIqKtjGjMotn8typhVNNZLw3QMyjVZ_Iy5XHJCx34AsmEr3BzhU44d7obkqCe,Jonathan Jones,https://play-lh.googleusercontent.com/-OQkGqhsJ4To/AAAAAAAAAAI/AAAAAAAAAAA/AMZuucmbsTV1EcdOqRla7YDf_90ENssjGw/photo.jpg,Fairly good. Decent scenarios,5,0,2.1,2018-07-03 07:04:55,,
gp:AOqpTOFbv-c7D56KcXyAV0R7hrrziVxQP-OKXxBRu8jEF4o6Uc6Z9b3_pTwnW-D01S_bBRZWybkK-0ae65Gc,Brian Miller,https://play-lh.googleusercontent.com/a-/AOh14GjPgeb55rbqO-U8NGYu0Jph1TsUQ0KU5bwp-YCVyQ,"Great way to test yourself along with other study materials for national 
test or to just stay on top of your knowledge.",4,1,2.1,2018-04-26 14:31:03,,
gp:AOqpTOEwM_EamK8Vd8wjrZhqWGlUwG0Ty3JsA5zZW2BEbNJq5-LpiBHHZdoJBbMFSVjaylDllwUW88buulaw,Kevin Anthony,https://play-lh.googleusercontent.com/-aeynLsABt-U/AAAAAAAAAAI/AAAAAAAAAAA/AMZuucnxFXRcjWNblyPKoSOdjsA6p57XSQ/photo.jpg,This application is extremely helpful!,5,0,2.1,2018-04-18 18:44:01,,
gp:AOqpTOF94TcmK60mt600tQoOOh8x8T4QR26M_8l-NbVcl33NJhI6To90IgGhMjFFt1HhNMrkr3ldMFEkIN-m,Stella Burgener,https://play-lh.googleusercontent.com/a-/AOh14Ghk8qiC5htiJ83dlq-ViNrhuCRTdZ7s6q2S3Th-5hM,Too many errors and typos to be useful.,3,2,2.1,2018-04-16 16:59:02,,
gp:AOqpTOFEogCIwyl2FseAJODqZl8f1gV5yu8x8xyFQ2b9kE4gjW6otFFYLnDWD5bK30JR3mVoAxFJBJwTAYUS,Sergio G,https://play-lh.googleusercontent.com/a-/AOh14GggHJ5hsnc9moMvTs2n4F0KYMhDFiOLMKdRJ5B5XA,Love the app. Just wish they had Advance EMT version.,5,0,2.1,2018-03-25 20:36:20,We do have the Paramedic Tutor also for sale in the app store!,2018-12-01 09:14:07
gp:AOqpTOHta0FVeS9ANTsm7aE-KX1aVcVS4F2QmRFhbd1_k-53Nkcs4M4o2-1PLQESn0p_upElvNAV96vw_dEd,A Google user,https://play-lh.googleusercontent.com/EGemoI2NTXmTsBVtJqk8jxF9rh8ApRWfsIMQSt2uE4OcpQqbFu7f7NbTK05lx80nuSijCz7sc3a277R67g,"So far so good! I am loving this app, and I feel like this is a good prep tool. THANK YOU FOR CREATING THIS!",5,2,2.1,2018-02-28 23:38:34,,
gp:AOqpTOH27VlyDX5aws6ybaHQItqcFyXFhxMSnrWfNoq_1uM4j5jVf-Akq6rm1BjBAm9ZW02YAP3-geV1B0Kb,Briana Wooten,https://play-lh.googleusercontent.com/a-/AOh14GgbMGRQpejeyl7AQ9yN4eo-f2iHUxhJe7YI1JWu-A,Helped me pass the test,4,1,2.1,2018-02-14 09:22:00,,
gp:AOqpTOHXx-mC0QZHPXvZD04_p3TGaeXIvkIRfgylR3S6y9P33t50fFRiqviBFpyz229C8SFdWxTYvFPmu5CE,Lucas Wilson,https://play-lh.googleusercontent.com/a-/AOh14GjA6H5bO7oVxVdblk9F2cYsTPZycGhgy2PrSPmhfQ,Good app love the quizzes and explanations,5,0,2.1,2018-01-15 14:55:06,,
gp:AOqpTOGAm8qRceisnwJNKrhYjxxtOkKpyTeNoRTFdKhIzBY5uo_YXUDZ98BO6eLs8uaaHiNTzDWMnGVDIxUn,Benjamin Thomas,https://play-lh.googleusercontent.com/a-/AOh14GhcbZJPLWXJJLrUSvp44NCXok1YRt-KUtusZpM,Helped me pass NREMT exam first try.,5,5,2.1,2018-01-15 10:04:38,,
gp:AOqpTOGcSBNlO5glkyNpcxBEDOxevyjAVEijwnJ6ukduOm7zCixBIP0b6V_WVYNzxggL3KEaiHNa-d1gBcs_,Chris Lucas,https://play-lh.googleusercontent.com/-DGlNZwmhVak/AAAAAAAAAAI/AAAAAAAAAAA/AMZuucnDH5_qyW1IVNEJMx4sMRBEMMsOUg/photo.jpg,Best review I have found so far,5,0,2.1,2017-12-14 11:17:08,,
gp:AOqpTOH2trY5tImfuGk1Bed7ImAgj4RZF7_b4ei6DMO6RKdst2W4zXXpHlxXo2kIeQ_9MREi-3tqZdoRl_rW,Joshua Reber,https://play-lh.googleusercontent.com/a-/AOh14Gg4EiuGFsWK988_OvN-aD0UP7Pn_i4e3mkTiT9ncw,"Such good help! I love the bookmark feature, allowing me to go back and review what I don't get right easily",5,5,2.1,2017-11-18 15:39:03,,
gp:AOqpTOHCE_W_WTDtzGjbhnya18bnOLCUVeHjRrgtEQps_jLsaa31vRJAAj4JOGjQ4TN0eRgLWqjCnB7Sroq9,John McIntyre,https://play-lh.googleusercontent.com/a-/AOh14GgZaN7J_p7cEbTIsxwmga51RgsO435fO1CRcgGZYw,"So far, so good. I take my nremt next week and it's been a great study guide.",5,1,2.1,2017-10-17 05:56:42,,
gp:AOqpTOElAoH835qCof-2N3Xjf59qLTOtOsJkkIB1toUSaQIukYIUSaZr7hOeADKAJ5UwENZXVDawKT9medVp,A Google user,https://play-lh.googleusercontent.com/EGemoI2NTXmTsBVtJqk8jxF9rh8ApRWfsIMQSt2uE4OcpQqbFu7f7NbTK05lx80nuSijCz7sc3a277R67g,Good info. Scenarios are good but would like updates to give new ones,4,1,2.1,2017-07-27 03:27:04,"Great idea, we will try to do that with an update!",2018-12-01 09:14:35
gp:AOqpTOEMDyWwwb_MoLuprMhXOJe-E4mXwfARQe_bAOxmwuBUxicHoyDKNR2AJTptVwNhoBZmrlCh6p_ZzNix,LaVaughn Williams,https://play-lh.googleusercontent.com/-Q8TrJ_3GCO4/AAAAAAAAAAI/AAAAAAAAAAA/AMZuucnV6CyBsI2H2OzD0igRN8-M1TY3sg/photo.jpg,Love it.   Already feeling challenged.,5,2,2.1,2017-07-24 18:34:27,,
gp:AOqpTOFDK5c0hXoPoLplSH8S4dS0d3IJN0ZoO8-DQsNWZ8xWnzOhhQzIGFtbhnWXeiOKa_qlE3H0jBP2JP5b,Pamela Van Scoter,https://play-lh.googleusercontent.com/a-/AOh14GgHYnjdCJ2yzDsyfOtrK9ED06CjaY_hUaPS5Xfq6Q,Very useful!!,5,0,2.1,2017-07-06 15:57:28,,
gp:AOqpTOE5flNmMdgwpoOvA-aYe0jo8qmEqxA0eKZmquKWONY0h-EwhzOMPe8RBueEmc_C9S5zrF6KERI_iq7P,Zaqueo Cazares Jr,https://play-lh.googleusercontent.com/a-/AOh14Gh47tmtFY4gNasQ4kmgbRPhdE3XRaIH2kxGNpM5Lw,Really helpful for my class,5,0,2.1,2017-06-17 15:14:25,,
gp:AOqpTOGi5Dbc17If4xCzjJmbHvWuFVjG1tQixTt_ymvI11CZBsqwXENLdi8sYZLdObRIJFtn2A6Q7e35RHlg,Alex Palmer,https://play-lh.googleusercontent.com/-uOFWJCVA5-s/AAAAAAAAAAI/AAAAAAAAAAA/AMZuuclnw6qZBZIyvWWxqaIbBiG5NgmCmg/photo.jpg,"As a training combat medic, we only have 8 weeks of time to study our emergency care books.  This app is a lifesaver.  It is extremely helpful in determining what I know and what I need to work on.",5,6,2.1,2017-06-11 07:56:22,,
gp:AOqpTOFzpJBj2m645TI0TYlBA5hhY8W53L-st3VwabbBdx-U8LTkuyRhyhj1vuRHonFCvbzglHSBTK-xDIOy,Noah Racey,https://play-lh.googleusercontent.com/a-/AOh14GitxiMcyDrTLvs4JA0s7Gtomb_NsWMJJTgVpaVpsQ,"Haven't gotten too far into the app yet, but I already love it. All the information is helpful. Thankful there is and app like this out there!",5,2,2.1,2017-05-22 06:17:27,,
gp:AOqpTOH3bLJ7GXXU4oqpQK-rkSAMsAHZzyM9Yy4L19XGpvRFoALdaZZIUxygjEuNGQSJX032WBD0XF--Gwrx,Kate Cunha,https://play-lh.googleusercontent.com/a-/AOh14GggO7Bq6VQo1_PqKCcTX-wNLuTH3fGYt3JKcmHymsQ,Love this App.. It is Very Comprehensive and there are so Many Questions When U get the Upgraded Version.. Its Only 4.00 which is Worth The Money... I highly Recommend,5,4,2.1,2017-04-02 09:19:43,,
gp:AOqpTOHt5UXvrxZGxJtwv5O-hUb75CHQO65y3DingZbwZsKcBP23SVPHxj3I9Z_PRXhHmtf3t_ato2z1w0nZ,Alicia Washington,https://play-lh.googleusercontent.com/-1RBC5REnGbw/AAAAAAAAAAI/AAAAAAAAAAA/AMZuucmtRcvMt41K2rh0Fsb2-fZPukequQ/photo.jpg,Great study tool,5,0,2.1,2017-03-14 18:27:19,,
gp:AOqpTOHa-zAeUeMCVfE1sA9DstLyYOvNxtHfz6YqPbwY26l-6FZpEJh-Z4nXOkQuPQYEw2MCMZQ7EOJvfoFk,A Google user,https://play-lh.googleusercontent.com/EGemoI2NTXmTsBVtJqk8jxF9rh8ApRWfsIMQSt2uE4OcpQqbFu7f7NbTK05lx80nuSijCz7sc3a277R67g,Great help to study for the emt-b,4,0,2.1,2017-03-04 06:17:37,,
gp:AOqpTOGOpc4Pv5xxjcLGpJg7n_UEtE9PceGwCCSEiUVLBgwyCHZ0j03eDUXolXDrX7RX2zZN6mkzByUU1WS5,Felisa Diaz,https://play-lh.googleusercontent.com/-zmaDogUhjSM/AAAAAAAAAAI/AAAAAAAAAAA/AMZuucmladOIJS6gP7ocCB840E5EgXJ8xg/photo.jpg,Good app,5,1,2.1,2017-02-24 21:04:32,,
gp:AOqpTOHrOJQRdlktjLNDylZbKVioqQwsspKADHfzVk5OC3bhkRYeUqKbdoKghUV8JddRgqzetElIKXw32ZKy,Alexander Chase,https://play-lh.googleusercontent.com/a-/AOh14GhFQNMmj9_gSGqYUP8tWYJEl5SVKWy_X51x3tKl,I'm a fairly new EMT and this is great at keeping me on top of everything I need to know.,5,2,2.1,2017-02-23 14:26:33,,
gp:AOqpTOEZKDlzVRTSmMuJ3RUNfK1dHiMOb-BHB4Ry6rOrdKQc5qPqzCSxVJibdVm8thUXLIc9ZB7q75-Ey5ay,heather kirkpatrick,https://play-lh.googleusercontent.com/a-/AOh14GgWcPouZcdqUBV3oNQvp9Z50HBF5uDNN4wMF4Bx7g,A lot of info.,5,1,2.1,2017-02-10 09:31:06,,
gp:AOqpTOEKcGmtybzNOWat_z_W-y6UMQG3wAwdZ_8P_C2XkF1fO_79Y1WeCbMDLX4ZeNYGi8IiRoqcT2cW4g-i,Mark Cunnin,https://play-lh.googleusercontent.com/a-/AOh14GgA4qYot2ksqkRwaYqO_jqrogtJ-66SDCbvAj08BA,"This is a superb app. As a paramedic  especially at a raceway, I like the fact that that not only does keep my knowledge base up but helps plan for scenarios that we unfortunately will have to deal with.",5,11,2.1,2017-02-03 23:25:00,We have the Paramedic Tutor as well that may be helpful!,2018-12-01 09:15:14
gp:AOqpTOFmkRP2rpjOo4ACOkRqMKxCDCtlQYpUQNfUvwl_r-aUkwQqXulmdTMagtm__WaRA1k_Rsj6J4N6Ee-8,Robert McDonnell,https://play-lh.googleusercontent.com/a-/AOh14GgbQHFrrGSy88zuBmY9bR80kzsSwcF1ZLFkg02qkA,"Very comprehensive, but filled with typos that cause me to miss questions I would otherwise get correct. (Ex. One question asks about CO2, but the answer is based on Carbon Monoxide). This can be frustrating and impede my learning, as I waste time going back and looking up things I already know, or I don't get a proper assessment of my strengths and weaknesses.",3,13,2.1,2017-01-31 13:47:41,,
gp:AOqpTOFXollSjI21KE_s5FgS7ABbBRfyWnOat7xOG_JuGd_QehkyMCLfTDy6XminzjdHH3rXLJVEOAEDKrD9,Mashia Daorïgíñål,https://play-lh.googleusercontent.com/a-/AOh14GgQspNOGC35wvYW4yz0e0hNkW4Whm1SSL2cXeYcWA,Good comprehensive app to prepare for the nremt,4,1,2.1,2017-01-13 07:22:28,,
gp:AOqpTOFN-zaHtPyDq5z06Njxp4Frv9K-Apq0H0-TrBZmyj2qFsMsDfmqua4tnSkoActbWc_sblnvn2TA1_jx,Alec Gray,https://play-lh.googleusercontent.com/a-/AOh14GilkEXbfSAXMu0aynptUgju6epJDa7mbjR9JL80zg,Genius me pass my osces. Great app.,5,0,2.1,2017-01-08 18:45:36,,
gp:AOqpTOEIxvQESgKtXCB-PbrI3jZWN4h5DYIkeyuLL2KjePLMuWvFSPF2n6e19NhGiUwkku3P3aBKXaDVlNbG,Chad Coates,https://play-lh.googleusercontent.com/-xm_IjfF4wgQ/AAAAAAAAAAI/AAAAAAAAAAA/AMZuucn7JfVX7TlfvLkNtHxnw9wPfzB9Xw/photo.jpg,Used this app when I had to take my national Registry and it helped me a great deal. Now I'm teaching EMT and I am going to recommend it to the class.,5,3,2.2,2017-01-06 16:32:19,,
gp:AOqpTOH_59QNueEgRob_1C-cFEoSvPyyjDYNT5FztVpCmoLEVeLEKHDJ068hfXqlTpweV2HEg2j99mkySKhq,German Arredondo,https://play-lh.googleusercontent.com/a-/AOh14GibaSj8Fjwxu-2IAC9-MrJhFm4cR5XRt2Tiph_LKg,Everything you need to learn in an easy app!,5,0,2.2,2016-12-16 20:35:07,,
gp:AOqpTOERmeR9Ua7yaNPTPKQpy3rY_vG6KDZ_so7yuhjxlg9EpU9_rcbZt7ZvJTJjdt8Wl4bJfk-Srywb03oD,A Google user,https://play-lh.googleusercontent.com/EGemoI2NTXmTsBVtJqk8jxF9rh8ApRWfsIMQSt2uE4OcpQqbFu7f7NbTK05lx80nuSijCz7sc3a277R67g,Good app refresh my memory ready to take the test,4,0,2.2,2016-12-15 16:49:16,,
gp:AOqpTOHiotb5nr8aP2CM8luk0Afm01ardEuly7O58VNbrRy8dn3oPUYbEcsfTjY2XHi800F-Bg-lMzep5eKV,Carmen Figueroa,https://play-lh.googleusercontent.com/a-/AOh14GjgWx2BjPF3fsk9tVwT5IJNRnnIuuRaPXh0RVEfww,Awesome app. Have used it before.  Very useful.  I recommend it.,5,1,2.2,2016-12-10 14:43:42,,
gp:AOqpTOH07Lo_kr1Gcs8ury8FmiFgSyF-hVSOc3OPxrd3pSmlbz3Jk2LgLqKJaVX8wtbUZk9N9UmyCRmu628H,Bryanna Hudspeth,https://play-lh.googleusercontent.com/-klzbkimj2T4/AAAAAAAAAAI/AAAAAAAAAAA/AMZuucnckVOI_YsjYoS67oBsyLcvig6EyA/photo.jpg,Helped a lot with the National Registry exam. (Along with a couple other study apps). Passed the NREMT the first time I took it and am now an EMT.,5,0,2.2,2016-10-25 19:32:53,,
gp:AOqpTOFbS_ytzhKl_VofPAy8OT0E0dWAFuI_J5nnuLjoj8Cy_vXgAQ9TqfCmV2Uw4y-fcpqDnDB5VYrFUna1,Diana Prince,https://play-lh.googleusercontent.com/-qmwV_9UHhDA/AAAAAAAAAAI/AAAAAAAAAAA/AMZuuclUkxZxb2Mm46-UZXvh2EnFAHBvRA/photo.jpg,Very impressed with this app! Looked everywhere for something like this. Thanks so much for creating and app that is totally worth the money.,5,1,2.2,2016-10-03 09:58:20,,
gp:AOqpTOHqZnu65x_bVA8YFGF7tqJ0DFhrVHWnhkmkugyC70zX_1711gMZHj8EXwvwwDM5t-M2KatJfTpGYCKt,Christina K,https://play-lh.googleusercontent.com/-MRt15JdBm-w/AAAAAAAAAAI/AAAAAAAAAAA/AMZuucmJ72yEUNAXTuMp6zx7zItmc-ghhA/photo.jpg,"This is a great app. I suggest buying the full version, it's totally worth it",5,1,2.2,2016-09-30 13:18:40,,
gp:AOqpTOEqGDnXJ_A88e5-qSurmTTBKvJKtfvu_PZiubttUOsQPjRWVwCZ0z9BJZ8CXJE6MpTGNha4ELXWdYPp,Paul Kane,https://play-lh.googleusercontent.com/-VdUMtJAhG4o/AAAAAAAAAAI/AAAAAAAAAAA/AMZuucn8oYuCte9f_LJauQw4vDHOQg6ahA/photo.jpg,Helped my succeed and know which chapters I had to bone up on before the big test.,5,0,,2016-09-07 13:07:20,,
gp:AOqpTOFuTozgFy-o9Xp21lTydZ3QVbQczBfTMGAFF5856gqOyW_6qajy7tg2dtmCiVtYOAcn7TynByziBLDN,Joseph Barrio,https://play-lh.googleusercontent.com/-cU9GpGIoNeY/AAAAAAAAAAI/AAAAAAAAAAA/AMZuuclK3uISs2nYYburiUajoWJbD6531Q/photo.jpg,Helped me a bunch!,5,0,,2016-08-30 02:03:12,,
gp:AOqpTOEmIl1hpUTQ5YUD2rGnXD9R9ngsJQSmM9gu5GBY1v2_OH2Xd36iyO9zLb92d1LBXbo0h2hNCywBEIH-,Andrew Demaree,https://play-lh.googleusercontent.com/a-/AOh14GglJpECubR8ltmSOaYwOXGYxo1iBaa4bYVvdK_Qmg,This was really handy on the go and at work when I needed to study for my NREMT. I was at work pretending to work but really studying so I could get out of retail!(which I now am an EMT and much more satisfied.),5,3,2.2,2016-08-29 22:49:40,,
gp:AOqpTOEM6VRpEGHCd6hfKApA2NX_poFfL08gZu8bGWzJ4slmd1W1rjauyYdQwfRPswTNrC2a3dXnVvzLskmR,Danielle Finleu,https://play-lh.googleusercontent.com/-pTx1FSdMtCY/AAAAAAAAAAI/AAAAAAAAAAA/AMZuucmhPestzfRm5QfLjczKRiBnTmkY9g/photo.jpg,Without this app I do not think I would have passed my emt initial exam. Great. Highly recommend getting the full version,5,0,2.2,2016-08-28 12:26:33,,
gp:AOqpTOFByWOnxgMCvvmhkVsYGQTxNRbr37Ba6548VW02q1iORJ37Lqtx-GqUOEYFmjBXN8ckBxGj89XdkoHO,Stacie Marques,https://play-lh.googleusercontent.com/a-/AOh14Gim2QYrrSNXjOtu1hlKX9UArmZ30s85vlUv9AM8,Hoping it will help me pass my test. I've tried other apps & non compare to this one. Love the flash cards & how you can focus on a specific chapter if you'd like.,4,5,2.2,2016-08-25 07:26:21,,
gp:AOqpTOELIQopIqtFSUprgP6wLP-s7eoMbJCo4VmjLqgdIPZ2imeXz1oa_b0eEHysNE5c_QZpof73958Svuz3,Michelle Hankey,https://play-lh.googleusercontent.com/-_voEow6kanU/AAAAAAAAAAI/AAAAAAAAAAA/AMZuuckYH33-leuz-XoV4FtjhlRNFV6W7Q/photo.jpg,EMT study application,5,0,2.2,2016-08-16 15:12:51,,
gp:AOqpTOFFbBfwi3RyJfrTIdQCpvFW4yelZAZjnBunBI7rEp0-Mc9U3xXjmObD8b643GVqtFyjx9fn2fXDJ_qO,chris thurston,https://play-lh.googleusercontent.com/a-/AOh14Gi3okqptEvkQXhQc0XNZYonNCBwjuEdWmRg7I7VVA,Great app,5,5,2.2,2016-06-23 18:56:19,,
gp:AOqpTOGxeTfMYIt8jnd7OrPoAQ22P7msdrlheBj5MZUMyZUx8tIawwNHLj-aWRz8TCW_q8dJXO5zn8BKPv_K,marion piper,https://play-lh.googleusercontent.com/-Ps2De6uV75I/AAAAAAAAAAI/AAAAAAAAAAA/AMZuuckV2Gf60cicGSipbcx-mBnJKHp0yQ/photo.jpg,Some of the test questions are contradictory but the the most part this is a good app to study for the written EMT exam,4,6,2.2,2016-06-06 14:05:55,,
gp:AOqpTOF-oRuvCoak3tsWlr1PPYL2_eo5bx4Ob13YcCDy7vN2QyOLGS8J_hPn2fWD31ZOIKcynvJUrcer8u1j,Declan Gilligan,https://play-lh.googleusercontent.com/-Tf-_SXJND3k/AAAAAAAAAAI/AAAAAAAAAAA/AMZuuckkzxfTQ5zVp3GW8FYac8fPXva8-g/photo.jpg,"I dont understand why i cannot go to the paid version from the APP. I have to go into Playstore everytime i use it to get full version. Really annoying when i dont have access to wifi, otherwise very good.",4,0,2.1,2016-05-22 01:16:02,,
gp:AOqpTOEk4uFeoEDW56fjoobJKhXzZDG2vXAsKS5AWtYIFmb7BCa6IhrmQHPReRGB7tNj2n7d6lku8J8ZGXFw,Max Cameron,https://play-lh.googleusercontent.com/a-/AOh14GjcMFodBYWqq952hrexFZd-7pRoAIxf35I0Q23wiA,About to be my go too study guide,5,0,2.1,2016-05-02 10:38:58,,
gp:AOqpTOEirCEBC8PZw8vv7QzNIV11yICNGtO9quX3fwzcdTYpzEN1QpDaEyraNFty0v8vV7lYhg9kIOIUNzZp,Kevin M,https://play-lh.googleusercontent.com/a-/AOh14GiBJ5cMrSK-183SxOruED5dD9D67BpHCmWvwOonFw,"As an EMT instructor, I make sure to tell the students about this app. Very easy to navigate, and full of good fundamental information.",5,0,2.1,2016-04-13 09:10:23,,
gp:AOqpTOFshy1NwcGkd-BeU21nnv7qyhnKYo-SvqTFv28h2SINuoGJsQ-CWaz7UB1CFc6-qth2wPfJGYJ_ES_B,Yvonne Turner,https://play-lh.googleusercontent.com/-qhitxecN6J4/AAAAAAAAAAI/AAAAAAAAAAA/AMZuuclQ8jfcsbX8gbY1E7DTRyXwWahkDA/photo.jpg,Excellent study aid!,5,0,2.1,2016-04-02 09:39:09,,
gp:AOqpTOF1KBSw5qWyR2RNHI-BOT-MtVaF2UVeCx3wSCa2GqbQh7TqQd-a2WgZd8VLpzw-4iFoWUZLqFh558o9,Heather Apodaca,https://play-lh.googleusercontent.com/a-/AOh14Gi2l6v91XVH5kUjw8sTRTlJgvm3P3kvHQr_y1A6,Great info.,5,0,2.1,2016-03-19 13:45:58,,
gp:AOqpTOF9ZjW1LrOwqyZTDj2N15cKuKL_vxbrTggVbE_IzOZRULfcTmoGUuOuXAIAtcRJPIK_sDtAEc_HKY7h,Jorge Torres Jr.,https://play-lh.googleusercontent.com/a-/AOh14GhnFxcAphnWuN3qoPPBmrzw3BmHg-6T1pRC66I8Dvc,I wish it gave a bit more information on the answers,4,1,2.1,2016-03-03 15:06:18,,
gp:AOqpTOGAvyzV06nRjbh5bUjiWFIPWgxgDM4RSsq2xu09sobazyASrzl9aOkUbngDpGzjnJXcFuCqs2CBI-lN,Omar Rivera,https://play-lh.googleusercontent.com/-ynWh4nySRcE/AAAAAAAAAAI/AAAAAAAAAAA/AMZuucnJal_9We1Lt3l_FNtLPCo4nHa2Qg/photo.jpg,Helped me pass my emt exam. Love this app worth  the money!!,5,0,2.1,2016-02-25 18:10:56,,
gp:AOqpTOF-xELAthpRnwqK1ks-S8QAl2jVf1KA3hzYeYzYJHVbJ2C86KN4JTVRkSEHb-8hFk5OL4v0P41krDu0,Eli Shreve,https://play-lh.googleusercontent.com/-_F5wAVtidP4/AAAAAAAAAAI/AAAAAAAAAAA/AMZuuckt2_NXW7ReH99tDylENVca_y9xMQ/photo.jpg,"Some of the info is becoming outdated.  I also found a question that I answered correctly which said was wrong then explained that it was the answer I gave.  And I have no idea what eustress is.  We didn't learn that in the stress portion of our EMT book in class.  There are THREE types of stress: Acute, Delayed, and Cumulative.  So again, I think some of the info is kind of outdated.",4,6,2.1,2016-02-10 06:32:56,,
gp:AOqpTOGaULe-Hd7MXcb3DyNJMTOPyoG-Yiz81MxOhL4xgY09o7qUMQtvc8x4oTCl40IX5cW41SyaE9GwSjNb,Sara Jane DeMitry,https://play-lh.googleusercontent.com/-IR3EMxOB3vI/AAAAAAAAAAI/AAAAAAAAAAA/AMZuucmd5IgI0ddrTR7QWX4XqKcFRatYGw/photo.jpg,I've been using this app for over 3 years. It's not only perfect for studying but also refreshing the mind of an EMT,5,0,2.1,2016-01-24 05:47:52,,
gp:AOqpTOGSiqShueS32y6acComSWLvfqNSO1q2oNtjuWBOQr-bsuYib_RRPBD-XJiK8tqk5yabO-TzoxFi31ht,William Sever,https://play-lh.googleusercontent.com/-f0dVUnYERGw/AAAAAAAAAAI/AAAAAAAAAAA/AMZuucnAStw6IHjOoQKGGL0cdr8ksZFUTw/photo.jpg,Even as an EMT/Medic I still regularly employ this app to help keep my skills sharp. Totally worth the price. First time go on the NREMT.,5,0,2.1,2016-01-18 23:33:32,,
gp:AOqpTOGn0On56orhHHrMpJqSpgCnQbEuU6WLwKpYXcvPakI4sa6-syiyDd9aEhd-yQmZmV3tA5LDbXVvEh2D,Ken Nageotte,https://play-lh.googleusercontent.com/a-/AOh14Gg2t6Q3HA5Tc3tijNCAYvBtf6Um3Q-kdes5oGfG,This app was very useful to me during EMT school and still remains useful as a refresher in the field,5,0,2.1,2016-01-14 07:53:52,,
gp:AOqpTOGVVL0BXoXCp8S_sBrM5PxlBsM4yXMuIJkNihn_w3FKgHd4U9lBHsyg3EhT2ebLgbbo8dwlkAooFiwW,Adam Hanes,https://play-lh.googleusercontent.com/-Cijg0pmET7Q/AAAAAAAAAAI/AAAAAAAAAAA/AMZuuck77XfS61ESbntggCHsCPPSJHOrJA/photo.jpg,Been an EMT over 5 years and I still have this on my phone just to keep me fresh and up to date. Great app.,5,1,2.1,2016-01-02 20:31:30,,
gp:AOqpTOHOHuOIzwciur6euyPs2MnylOMMNQWZK7JTNrAEWFzqyKKpG3n6SZWgj4MBhpvjIL4PYnR9gpqyyXHb,Chris,https://play-lh.googleusercontent.com/-JAKPFe66m8c/AAAAAAAAAAI/AAAAAAAAAAA/AMZuucmveGPVmlU6GDByUeENKOUX1s10YQ/photo.jpg,Paid but not working . Waste of money,1,2,2.1,2015-12-19 10:42:24,"Chris, if your issue hasn't been resolved yet, please email us at lindsey@code3apps.com and we can help you resolve it.",2016-06-01 08:32:46
gp:AOqpTOHy5eRTXQGj4lR9InbEvyx0fT_NQ3bCCpWWAF4fVQ9b9lO0gkyym9aD3bVGc4eQ-aIY9UqVzs6VV34T,Jessica Ferrario,https://play-lh.googleusercontent.com/-bVDbH2CGf00/AAAAAAAAAAI/AAAAAAAAAAA/AMZuucljThf5oAuDcoinVh9BlWNauEdR2A/photo.jpg,Im a little upset I didnt find this earlier. Ive been cramming but its pretty great.,5,0,2.1,2015-12-17 18:15:29,,
gp:AOqpTOF4UoYcyjnT63m1IMPPlKnLB9PQLpb9AixIWZYVlg8cS9xlwisb_UgT5YvBdfeOKTEJ051-5y5LuH3V,Errol Hanson,https://play-lh.googleusercontent.com/-ZTQg55Svn9Y/AAAAAAAAAAI/AAAAAAAAAAA/AMZuuckoDun8XM-kefC6kTsQJ-8ZeNFl2w/photo.jpg,Definitely a good buy. I studied with this and read from my original emt book. Combing these two I surely did pass my nremt b yesterday.got the congratulations notice just waiting to see the actual results.do you guys have one for advance emt?I'm taking that test next.,5,0,2.1,2015-12-09 07:01:41,,
gp:AOqpTOGKARM9tvVZjPsbyiQE7qDZ3jFLZQkKk7sKBBSjnMPn7Jt6YEcCV0HR-P93YCDctZ_FmrC3e9fZCPhS,Mitchell Sanders,https://play-lh.googleusercontent.com/-I_1EUb9adIA/AAAAAAAAAAI/AAAAAAAAAAA/AMZuucn82L0iPAD9P6oldCJ3DJ2_pK5XtA/photo.jpg,Great for a test prep!!,5,0,2.1,2015-12-08 20:22:57,,
gp:AOqpTOHMz41xeVgytvcsUFCYXMsWPUGB8NKwCxzmiUeWh4vWtmJ4deG35NBSsOLu1dH3XGb_duBaFTczImHi,Mike Young,https://play-lh.googleusercontent.com/a-/AOh14GjO9IIVeKtX120gXpAFWD-BtAEsQZ2R8-PkKbJA,There is a few mistakes the one in particular is a flash card about the tension pneumothorax the app creators need to fix because it is not correct at all.,1,1,2.1,2015-12-04 05:41:23,,
gp:AOqpTOF-IHdNYfOqCaLaUfa5kgPpRK71V1yefKVIM5il7X4mBNUMSu5HFW8GMYzBQu4MJ76Nc0j8yOL3xCiF,franchesca,https://play-lh.googleusercontent.com/-xRrAlDswItw/AAAAAAAAAAI/AAAAAAAAAAA/AMZuuclGbizobjLV_LZKF4u88jg2qABzbg/photo.jpg,"Scenarios help you think, no problems with any pop ups or up selling so far, its been a month.",4,0,2.1,2015-11-23 06:26:22,,
gp:AOqpTOEtpuArAE1n27Ks9bZV0VcbFCUw3-F9VjN0NZePJkEtsTnVq1rfWf0uNY9sWJFaYhqviYO0wBFaKCG1,Adam Korbo,https://play-lh.googleusercontent.com/-nIPYGGdOYHw/AAAAAAAAAAI/AAAAAAAAAAA/AMZuuckqFVgG2CkxvD2CeFLHHrXtL2VnuA/photo.jpg,Definitely worth the money,5,0,2.1,2015-11-12 08:36:27,,
gp:AOqpTOEST8gSbaoFnyIaGxEuFqC0uCxBOjjjo9I-MErYwqSNoJiCabTuiUO5H_uidFz4fhjP9xlG7emFQUds,Christina Chen,https://play-lh.googleusercontent.com/a-/AOh14GjR5RRQuxuR0exMPsJvpAyAl8IJ-pjuFdGzqGae6Q,"Yes, there are some typos and I caught at least 2 mistakes...but when they provide 1000 practice questions, each with an explanation, a handful of errors didn't bother me. My EMT program ended 2 months ago, and this app was a great refresher. I went through all of the quiz questions in the 3 days preceding my NREMT and passed (cut off at 70 Qs).",5,0,2.1,2015-11-06 11:41:42,,
gp:AOqpTOFd5Zn11SOp6Pw0Q_fc-RLfdbTgA8ShQSxFLowvYmQP5b6xU2_zY8U60uMM6L-d8jbAYt1JyO8zxF5H,john burger,https://play-lh.googleusercontent.com/-OIQJKoFGfyM/AAAAAAAAAAI/AAAAAAAAAAA/AMZuucnlNUNCEXyjG08lGBKQvEtPyW-zaA/photo.jpg,Very good info. Very practical.,5,0,2.1,2015-11-06 08:48:16,,
gp:AOqpTOGTrtvmSqcNxRoVl7HTOB_nm5JLttKEQ_nSA2N644SaQfGD2vb2x1XpJGnbqptM_Ls14SVHyxwamC1L,willie Badowich,https://play-lh.googleusercontent.com/a-/AOh14GjqseNYJ-wzUQJWANX6zQ8XoGa3-YW81_CWJjAjBQ,Lots of good info and review i work EMS and this is a good conpanion to have,5,0,2.1,2015-10-26 10:45:04,,
gp:AOqpTOF2rIpq-92HVHVvDpRMV9SMiiOFwvuEzx7yndvCcVSoZCAgvs2IjGmwa-g_MWASFwbYujY_1VGJYa-r,Zane Edwards,https://play-lh.googleusercontent.com/a-/AOh14GjlxOgJ6a5RvnP9whOPXO91Zfo1BMRnnH2zLbZizQ,"Would be nice to have more questions. And No, I don't want to post my score to twitter, please stop asking me.",3,8,2.1,2015-10-15 11:08:20,,
gp:AOqpTOHVXh5IKq9Q9-Cddus_iAs_fdLc2lvWt-S1R4VAe30apCvYhvEjsLPRpW-wG3RuNp7Li5lseOY5fPwK,chimpmunkproof,https://play-lh.googleusercontent.com/-nzJnL0l4DQ8/AAAAAAAAAAI/AAAAAAAAAAA/AMZuucn8gbA03dHTlTpJRuCQj7beGdXNfA/photo.jpg,Good review but for actual nremt questions this app was a little too easy. Overall it helped tremendously especially with ob gyn.,4,0,2.1,2015-10-13 21:58:33,,
gp:AOqpTOErKqw_Oze_qPFsUGgbKUaY3G8wXBknRpowW7HA6MbsQd9_WvrnNtFMPg-ache4lR5xgLtfAWBQMOuo,Tiffany Turner,https://play-lh.googleusercontent.com/-65_l3lwUlAo/AAAAAAAAAAI/AAAAAAAAAAA/AMZuucmGQI4odofOD8eH3zp5UL1u3LFIMQ/photo.jpg,Very helpful follows my emt program perfectly,4,0,2.1,2015-09-30 06:23:59,,
gp:AOqpTOERapAikwHXvkInhOxEtUUIL7J3wKoAILRgP0fNNPfGc67p4lDcvP7lhpMdECO-LfDj4Xzuop0XeTm_,Team W.I.T,https://play-lh.googleusercontent.com/-LlemwdNXr3w/AAAAAAAAAAI/AAAAAAAAAJM/AMZuucldbivCFrGCm9fKZ7y2H12Z779SeA/photo.jpg,Very helpful!!,5,0,2.1,2015-09-12 11:52:31,,
gp:AOqpTOEuL-uBd2mx3sBsUd1oHV84ey-itphgHvKpicaALdpNRXAlaPQ1Ycp5SxeuzlVSkMpP7D_aQK_z20Rv,Lori Mount,https://play-lh.googleusercontent.com/a-/AOh14GjHMf5ANh-pZwmX7EjRjlZpERI4644Fg9McEXsqaQ,So far it is great,4,0,2.1,2015-09-09 08:53:05,,
gp:AOqpTOEjRJM528HxRLNa7EhnLCcl_saZNIirl5IphBBYId1QaUgaUtFZlKvz-xeAc7DIsZvxYDxFxfFu4SMq,Bethanie Robbins,https://play-lh.googleusercontent.com/-4HDcRJcFYG4/AAAAAAAAAAI/AAAAAAAAAAA/AMZuucm7L15ptLJhA7v2Ywck42fXd2gONw/photo.jpg,This app has helped me study so much for my EMT tests and the information is all accurate! Thanks for a great app!!,5,0,2.1,2015-09-05 12:21:25,,
gp:AOqpTOEaozx9oyBEUU8x6KND8AHbr5GZg3WIKxV8OrJ7Q6-Xm21qfCXH448ECcrqg0--ZH-klCE-RN_ounID,Paul Nicolosi,https://play-lh.googleusercontent.com/-aLN7z4D7IwQ/AAAAAAAAAAI/AAAAAAAAAAA/AMZuucmoAzJqAtibLluA9L7ywxt3xDy_cg/photo.jpg,Army medic. This saved my MOS!,5,1,2.1,2015-09-05 02:35:05,,
gp:AOqpTOEfqPL6D-bkVb0R36eFdVK1RrOaw2RR9yGV1x06iScIfF64L9XxnUxm4RvolpAa9pLvgdfTz3brxpZR,Sebastian Anaya,https://play-lh.googleusercontent.com/a-/AOh14GjkC3zInK4rk4pSRVngW_cw0QF8tiReAQGtHSPScQ,Nice,5,0,2.1,2015-09-03 19:10:36,,
gp:AOqpTOGdiV4i25E-1wKwONK-a0xLCK-4HtXeaMeUUPfuvFGxJ7IPRBOHFgQ0VCtGyr7g017SZs3uN-J2stHc,Josh Zandstra,https://play-lh.googleusercontent.com/-2r5_mQJzFtU/AAAAAAAAAAI/AAAAAAAAAAA/AMZuucmCgwlMpEOfAOblexUaw6Re8zBbWg/photo.jpg,"The app worked very well, and the questions were great, and I actually feel like I learned a lot, BUT, it did nothing for my NREMT test prep unfortunately... pretty bummed...",2,0,2.1,2015-08-11 16:27:48,,
gp:AOqpTOFbdzBU4zPW9bBP9AZxzJX7WU6ELd7qgfLEKlusBbnrOwngsFlSlpVTwqMtyIDFMTiGKhYM6d4ipw9O,Chris Caswell,https://play-lh.googleusercontent.com/a-/AOh14GjaduY_nbRTA4XPOZvFMb6HpdF3YDPHgfWvV2k0Jw,Great app,5,0,2.1,2015-08-08 12:45:46,,
gp:AOqpTOHQ8NxEicbDYdLjWXisXESGUn6YvM7poucdQM0CRmHWx6Y-d_390PXqrrJLfz8kN_pd6mttrKcQMGfr,Brett Flores,https://play-lh.googleusercontent.com/a-/AOh14Gi-O8rHwdHvv5sL1a9t7igKDTeUaQPwNwnf32bWQA,Doesn't allow you to review bookmarked questions. Always force closes when I try to review them....,1,0,2.1,2015-07-29 15:35:58,,
gp:AOqpTOGFFqUNQete8s4GGWlLJR66kj0z60qQnqNAsfXPRRvltfUIlSeynw2odss4h9ADCuyqNykGC-v9teO0,Tracey Buckley,https://play-lh.googleusercontent.com/-yNBJle7QTFc/AAAAAAAAAAI/AAAAAAAAAAA/AMZuuckEutgwCr0hS569cuEWhyk4DBfikw/photo.jpg,So far it's good but only used it a handful of times.,5,1,2.1,2015-07-29 07:53:51,,
gp:AOqpTOF9NV5lKs7cQmWX0e5VnKYz_9Cn9uqci3OL2jpvEgC5Cw2sevvwX_7NyKodAcP9KLeiy32w_Hw384iH,Daniel Craig Beebe,https://play-lh.googleusercontent.com/a-/AOh14GhKEHb02zHZOFnJFFjbg0eb8UrY6htYY2O-MjEY,"Not the most in depth, but a good way to quickly review information.",5,0,2.1,2015-07-26 09:09:55,,
gp:AOqpTOEliDg_dvOZTxKmKd67yO93rvH9ffB5SAkecU3wQL1auoxJya47HlpKSfus-yue2gn3jYghbwxq6SK8,Brandy Santa Cruz,https://play-lh.googleusercontent.com/a-/AOh14GjgrijsPkLFnW8j8uUAlWxUswxO6r2A7ZPjN_AJRQ,Its worth the $3.99!,5,1,2.1,2015-07-25 15:38:10,,
gp:AOqpTOHN7trut7dA4hiwnmzzQE7i5dmlk-wjrji7M1YZjUR4fiBS9NWdhDCzBlWwvn6UsOsZ8NpPHzIbQbNi,Michael Coleman,https://play-lh.googleusercontent.com/a-/AOh14GgA2CKKw0NeL-AinIsehEN4zch3Brq2bdatEt9XRg,I love this app.,5,0,2.1,2015-07-23 07:53:58,,
gp:AOqpTOHDVSQlX5X3J-ZZdsrCliYfboMcPqCvdMMoHUr6AE83tMGz7NlMjkQ60KRGsYsLmvVMc-HjQxH7kgRw,Charles Cromwell,https://play-lh.googleusercontent.com/-rUVynO4w8hY/AAAAAAAAAAI/AAAAAAAAAAA/AMZuuckJHxyVm-MjyPnpHfUwbiMGgbww1g/photo.jpg,Excellent.,5,0,2.1,2015-07-20 13:03:36,,
gp:AOqpTOFlHeMcfxcQKJVYBOkEiyHpQv3HYjKrAWCCadURmIU7rrTmq8QHb9VtSJPV5LiVi7eWtb7KGqCcIPbk,Daulton Hall,https://play-lh.googleusercontent.com/a-/AOh14GglNpHru4tA4H6paSpIc-2GXETMhpjSL4wj2f6_QQ,Love it,5,0,2.1,2015-07-19 15:18:07,,
gp:AOqpTOFjga1oKmKbfL_W4bOrJKtmeC_jRDaM01ybBC-HGO63EFsxe_Aaj-n6VNxwbD_0mVFijr27jloe_ZsF,Jamie Schwartz,https://play-lh.googleusercontent.com/-2oii0TudQUw/AAAAAAAAAAI/AAAAAAAAAAA/AMZuucn7q_vbgPNaa72262ZjtEG9oKptTw/photo.jpg,This is a fantastic app!!! I absolutely NEVER RATE APPS but this one deserves it....it has about 1000 flash cards and several tests as well as checklists and many more amazing functions....the one thing I would say I would like to see different is there is no option to see the definition first when using the flash cards and I prefer it that way also there is no quiz for the anatomy and physiology chapter other than that it is simply a wonderful and useful app!!!!,5,3,2.1,2015-07-16 16:39:48,,
gp:AOqpTOHbZibuBZxFYwiHcnPdtJh422FZDcewIWdBTdMW1JgYQbvdgIoCMtMM5L6OX5nN_UXRf3gQ5GZAZdUt,Stephen Hohman,https://play-lh.googleusercontent.com/a-/AOh14GhyQBZAQPMryTPtPMWIy-dMRgj7PoNdV4buG1swsQ,I only have one issue  with this app and that is  even  after purchase  I still receive  a message  to purchase  it,4,1,2.1,2015-07-13 15:40:30,,
gp:AOqpTOFK3S4m-bhPbjXeNMHfTXl8XjNqfolmviw10-FWu08vsH25EYkpeKf1NAWZ4K1sdfJd2G5p4PQFOhp5,Evelyn Jordan,https://play-lh.googleusercontent.com/a-/AOh14GjONAhGWkoRkisu-xM67KSYe1kESkRkOCjnumnC1Q,Protocol,5,0,2.1,2015-07-10 11:10:41,,
gp:AOqpTOFN6-kagUXXcRD7sQnOW0iI19fWjWtit398mnZfp3IpBByPZ_oCjCI2O2INa3oAwWmxdd1KN7FizlfY,Shao Zhou,https://play-lh.googleusercontent.com/a-/AOh14Gj80wD94TeBo7wuKLl1fyc6MoolKYHW6G4kb9e72A,So far so good,4,0,2.0,2015-06-19 12:48:31,,
gp:AOqpTOHPUazC_fwjwZEMPwxXOC37ag_Tqu_nzGkLWQ8JoyaYWRD6lbuw26QRWIq2HNu4604LswvoUM1K39SX,zazie da beast,https://play-lh.googleusercontent.com/a-/AOh14GiI4ulv2mXe_MLPn6NXTE7Pa5JwR0gnZDZ_DTXDCA,This app helped me out tremendously before I took my national. I recommend this app.,4,0,2.0,2015-06-19 11:46:57,,
gp:AOqpTOEdMpIHADuvLPSvfD9sJkIimq7M2JElQPP93qKUEZeMBz4WhVN5DQiYUyONQZDdZyAvf4pZgxSW4k00,Th3 Highlander,https://play-lh.googleusercontent.com/a-/AOh14Gi3mX7kDkXg6x8nCV_uKikHmmZjqLiiQYrjGi_stg,If I could rate this more than 5 stars I would. Get this app if you care to pass the NREMT.,5,0,2.0,2015-06-11 19:51:48,,
gp:AOqpTOGWWnhC49IPfYTXL3rxXLNrRRe_Gyu785JDf-Q4ZXRKQVw1aqYNuWJGl_tQ-1lnh9t3nPYcsUctrYlq,Maxwell Kincaid,https://play-lh.googleusercontent.com/a-/AOh14GjHc7Cf6lA0dU12BPQl6rRaFJ6s9vItlZukBpEB8g,This so is very relevant and assists aspiring or practicing EMS providers with very useful and real information. My hope is that this so will continue to update and maintain its relevance.,5,0,2.0,2015-06-05 15:54:27,,
gp:AOqpTOHE5AJ_K-WkorBZ1haJjW7VO3gKncTcctqNfltZW4wIWrPDVjSg62biW7NT1TLqBWaC2cdF_mdId3uc,Jennings Raker,https://play-lh.googleusercontent.com/a-/AOh14Gjcou4pc3FukG3lmkrKyNc0Zb4unBeFymP5vaiFKA,"I love this App! Great for studying for the NREMT-B exam. My only complaint is that while taking a quiz on ""The Human Body"" there are 2 extremely vague questions about which bone in the body is bigger. When this gets fixed, (if at all) this App will have 5 stars from me. Overall: extremely satisfied and worth the purchase.",4,0,2.0,2015-05-24 12:49:08,,
gp:AOqpTOHnHkH1JsDv5dWzTi1-3k05pI-p5loqvm5lXQazXVZeB54IcPs1VaATGjVCup2DRqercjVefCwB-nc_,Hilary Rounds,https://play-lh.googleusercontent.com/-BAHcytPQ5Vc/AAAAAAAAAAI/AAAAAAAAAAA/AMZuuclzD9kvRZqDhr-7BwQrPyqQxLEIbg/photo.jpg,So far so good,4,0,2.0,2015-05-10 19:02:41,,
gp:AOqpTOFerq2hah5LW6mTcDnHbV1ey3QUgXZsgk0jDIJlTKqzuae1djIkaSl3p1l2VDRZjGPul-2zkiVw_lWW,Tyler Lappegard-Davis,https://play-lh.googleusercontent.com/a-/AOh14GiVc7QeA6wJAnwDjhyYiMCcBk0VCCrnCgsn3oZD4Q,Helps refresh me and worked great when I originally took the NREMT,5,0,2.0,2015-05-03 05:53:03,,
gp:AOqpTOGrjoHnUyO8Hqrh_nEtTlZcjZBAj1oqNFHcSKSKu6benCChzhFhknbL7wKj1BhURcWo5OQDvfEqnhTg,Rochelle Hofer,https://play-lh.googleusercontent.com/a-/AOh14GiyxZNGVUWw5kENO9hEMi-f7JiA2_nAO53CMXydoQ,Really like this app.,5,0,2.0,2015-04-19 10:22:08,,
gp:AOqpTOG8Xsj3oLmp-6EBmyfy_FhUbbJtbOuqlGxh-uOcQfSW87QTm116Gb2AgT1b8DYO5YX-gwjBXSEPSQo1,A Google user,https://play-lh.googleusercontent.com/EGemoI2NTXmTsBVtJqk8jxF9rh8ApRWfsIMQSt2uE4OcpQqbFu7f7NbTK05lx80nuSijCz7sc3a277R67g,Very helpful for my EMT class. I would recommend it to all my buddies.,5,0,2.0,2015-04-07 19:17:03,,
gp:AOqpTOEwEjFmokHrv5T_PmS17zsr_glHo6Cdfp1abTN1GpD3_BbWYMK6cHUCo8fUSjZiJdnNvEY58rXx0J4j,Matt Miller,https://play-lh.googleusercontent.com/a-/AOh14GhOJqrjrbN_MZu8NgyXQJBXBliG0ArB_Eq3V-ZlkyA,Great review app,5,0,2.0,2015-04-07 18:01:51,,
gp:AOqpTOFlZA2zXuoU4f5xNpGNwvoFViCn42L9ZkaO1jXhbiHOAttBLV0aYYZrusaZjqBWekU3sjBsZRMbaJlD,TheAmazingFro,https://play-lh.googleusercontent.com/a-/AOh14Gj4dCXQbqC4T5dWO2Ewa6HtdZdrpV_GBy2aXAZj,I'm in EMT class right now and this helps more than my quizzes we r supposed to take.,5,0,2.0,2015-04-03 17:07:49,,
gp:AOqpTOFJCigEniYPhNNbfVnEapTzMVcJBQ25H4ScpBSlSRigPBk2QzsTm5BoXZbA3ulyDMst1NJoesuzu40a,A Google user,https://play-lh.googleusercontent.com/EGemoI2NTXmTsBVtJqk8jxF9rh8ApRWfsIMQSt2uE4OcpQqbFu7f7NbTK05lx80nuSijCz7sc3a277R67g,On the go studying to cement your skills,5,0,2.0,2015-03-24 08:05:55,,
gp:AOqpTOHJ0u0tS8eWF_ShCTxrkOyNPIyopqVzqZlhOUwWY_eyznxkBUVeOftzpJ52IaabGvHe-Jd3-8exrrv0,Sebastian garzon,https://play-lh.googleusercontent.com/a-/AOh14GgZKqp8NRVEd2ZZxTyzzwr6IU791Sn_eBWO-Gh7wA,For a person like me who needed more for NREMT this helps alot.,5,0,2.0,2015-03-17 07:44:51,,
gp:AOqpTOHjHZm5lVSMnzA1g544aZqKvb9e_m-iYIYT3UpwmTg0JYr_Ll6vaxJhmZgkMZTqOARjWRtJ4IXUfNBt,Kory H,https://play-lh.googleusercontent.com/-BE_vBb-0-r4/AAAAAAAAAAI/AAAAAAAAAEg/AMZuucl4iLpyM9b8U-gECDIq6JhubDkopw/photo.jpg,I love that I have something setup for me to study,4,0,2.0,2015-03-14 17:27:25,,
gp:AOqpTOH65wUYx7Jy7JMnfGChDHsE_lXjLpxbwZ95n0FzinbKSeVa7KnZ73M2CfJK7c5J4TlowYXZjRHNDIuo,Marc Wicke,https://play-lh.googleusercontent.com/a-/AOh14GiQ79TXOaSrMBUoK5YZcScJ12fD73arjEXZ-2fa,Would be nice if you could repeat a chapter quiz and have different questions.  Other than that pretty cool.,4,0,2.0,2015-03-13 10:27:58,,
gp:AOqpTOFYGb1USeRZsrGtep1Z0OHEX6Smz3EFtxpMBk0LIkT6veSiDgTsjq3GLpjdVybUHatA5vrKjfmfwoz_,Stevetodd's Got It,https://play-lh.googleusercontent.com/-xG6oGsn7t4A/AAAAAAAAAAI/AAAAAAAAAAA/AMZuucmRYbmWM6jJDlC_GNUzJY6gNndA9w/photo.jpg,"This app seems to be pretty good for EMTs, some of the information is a little bit different but that's the way of emergency medicine anyway. The questions really make you think, and it's great that you can see how well you're doing as you go through the quizzes.",5,0,2.0,2015-03-10 23:26:40,,
gp:AOqpTOE65_-VqFUX1X5oPkF4OThrWvjCnRUa3x5GGUlEdaWVBfRuTjZo7C6Y9gopchLu8xmwwENIKZE2RgWt,Tyler Mayes,https://play-lh.googleusercontent.com/-KJIw0dh1ozc/AAAAAAAAAAI/AAAAAAAAAAA/AMZuuck7xE__MjMatEIUVhAJL742gUvUdA/photo.jpg,"It's a great app, even has your NREMT skill sheets. I don't like how the skill sheets are formatted though but all around great app.",5,0,2.0,2015-03-09 09:03:57,,
gp:AOqpTOFy3BPQzDw5jBd6nP_qxXwbGHZH5SjJKkxT8fTZRQJOzxCjMrLspDm1dD5TK7chheB5M8zY8HXXZ71e,Thomas Wrobel,https://play-lh.googleusercontent.com/a-/AOh14GjQreJHFI_ZwHder9FJR-OM0kKFTl_qe8VauAnV,Good for in the car or anytime you want to refresh your memory.,5,0,2.0,2015-03-08 18:07:16,,
gp:AOqpTOHdwP2p2AA39ywKzyirdioNVdC5AR1Aq-8zKfzPo1q2YAJbk7h4C7nWpCj1AUz9eHASQypVF9EDI67o,A Google user,https://play-lh.googleusercontent.com/EGemoI2NTXmTsBVtJqk8jxF9rh8ApRWfsIMQSt2uE4OcpQqbFu7f7NbTK05lx80nuSijCz7sc3a277R67g,Some mentioned spelling and grammar mistakes .. this isn't a creative writing class or exam so just cool out!! If you are spending more time proof reading I'd hate to see your skills on the job!! Many PT are illerterate and some mute.. are you going to judge them and correct them or save their life? Good luck to you!! Xo,5,2,2.0,2015-02-26 09:39:13,,
gp:AOqpTOEGsNShROxpHU6mEP4VHhd8WNsSJOuFOD4cGbNX0f8CTG6hxT9RoVes1chNb-7oQi3utf18LN2IeYCU,Amritpal Bhagat,https://play-lh.googleusercontent.com/-Y4CpSCQQPDE/AAAAAAAAAAI/AAAAAAAAAAA/AMZuuclKeEH_z_2nVrCqTdgjPomzuISvqw/photo.jpg,Update!!!!!,4,0,2.0,2015-02-25 13:33:32,,
gp:AOqpTOF7T4zF81JXAQ1ySH6uEYTJV2Wq5XtmhQhYZKMfmmSfpwypmUE03veunz8gv5cDqtjo4_puYF895Qn_,Joseph Figueroa,https://play-lh.googleusercontent.com/a-/AOh14GinfTM2Nr9xMz8NF2MecY3ZssRkrNvhOtQ1yHVF5cA,Relevant info and helps me study,4,0,2.0,2015-02-22 11:13:23,,
gp:AOqpTOHtaagiV-WlfvicLCpp0Ov4bMMMg7A3Aq6hHM9RY6-MhQR2k5E0XK-xhJ0Aif2ppmCBRMDKyHnxB9ek,Oscar Robles,https://play-lh.googleusercontent.com/-R1QTXE5OREI/AAAAAAAAAAI/AAAAAAAAAAA/AMZuucm0keZiv9lzwAIA5oeZXx_WiaUjhA/photo.jpg,Awesome,4,0,2.0,2015-02-21 08:05:46,,
gp:AOqpTOFHyadLlfy6qjNRn2pcg27Y64j0xHA4nNwXgeW-Lp4ChHpGHCvn6S_5MrNoTavzqfPwK36RBWuUl9x1,Adina M.,https://play-lh.googleusercontent.com/a-/AOh14GinH9fP_Fr2qxCE8udtQRiVPOpxqKycc_HcMNJ34Q,"A must have for all EMT students! Great to study, review, and test yourself, on textbook material.",5,0,2.0,2015-02-18 14:59:36,,
gp:AOqpTOGLhMv6uD8--LNRxxsKNmAup8hSrq0wNL5AAknt1VF-Fcv61lPc4ldkYX4wnMrZyKb1rWBylFqHcKio,Bowser Koopa,https://play-lh.googleusercontent.com/-7u6hxeCpi-Y/AAAAAAAAAAI/AAAAAAAAAAA/AMZuucn_bjU0VfXo6hCQ-3XTvJVREtapFw/photo.jpg,Perfect for helping you get ahead in your ems classes,5,0,2.0,2015-02-09 13:32:23,,
gp:AOqpTOG2Yvd-LpZU7KmUpjDtdr_GbSIDh8EtILV_vXTChVU_6Z-SLQ2u77wISeqKkKGa3APFPh4BbY2Kl-fv,William Shinnick,https://play-lh.googleusercontent.com/a-/AOh14GgZMARItu9gGTSWzobzI3FibznrDiqGJOG64Yl2FQ,Good review,5,0,2.0,2015-02-03 11:40:41,,
gp:AOqpTOGUSbrnOKXOf5y0pRAnDcO8BjG05tMU-jYDZBQs36DNHvjceggLZtBm4rS_qZLLXWphRTNeCMHCDmkn,nunnlike jake,https://play-lh.googleusercontent.com/-Sd7OmCQs590/AAAAAAAAAAI/AAAAAAAAAAA/AMZuuclHEJRwpBA_xWbQMJ_CpVaUF6SMuA/photo.jpg,This app is great! I bought it half way through the semester. It was my bible when I had down time. I actually learned a few things that were never discussed in class. The questions are set up VERY similar to that of the nremt. I highly recommend it. I dont think I would have passed without it!,5,0,2.0,2015-01-27 16:28:09,,
gp:AOqpTOHN-nLR8dvrCXB-yayI0w0lrkwnJB0gqv86TWtRBaAwoYQBTTJlb0lBbPs3EL0b6ta77iNJZCxLKVi6,Giovanni Trejos,https://play-lh.googleusercontent.com/a-/AOh14Gh-nkRXPZcGLf13WNgu-ea4G_xa7tYbAd3jGQyXqg,"Every book that I have studied doesn't have any real information about the test, just skip the book and buy this app, is pretty good",4,0,2.0,2015-01-26 14:51:23,,
gp:AOqpTOHSuuwkbuq58oAzFizUag_GKJXFXZ7WcH6qVcNHEx2qwnbWEJgKqHMd0M3F5r_N-DW9-ujqMnYtE5eD,Brandon Mott,https://play-lh.googleusercontent.com/a-/AOh14GhmQ7vViv6IOB19Edk1-wDd3yOvlYogOrczQ3r7OA,this app is great ! I hope It keeps updated Information and It would Be great to have Protocol Questions In the Quizs.,4,0,2.0,2015-01-23 22:35:41,,
gp:AOqpTOE-3rmoU6wm90o-GmiDrcoLodprV5TPBgs70scxa-720POi0rRnFPNHDzZb4VCcWMs2kO8tjo_Ed3rh,Blake Desselle,https://play-lh.googleusercontent.com/a-/AOh14GgCIO6dPC5TQ2WZwgQ3wLmrYM78RVbSqmRn_URZwg,Helpful,5,0,2.0,2015-01-23 12:44:32,,
gp:AOqpTOFc4iwI1_7Uuia54n9SAtuV649aVC5SkoDJI1UG6qsPKRcA0zqo6jlFZUD8HWKt8yRmBfFVHFiKPxuz,XaosikK-James,https://play-lh.googleusercontent.com/a-/AOh14Gj3t0Ceg-9r_mJdWhbxeafVwrm8C3G8utccptctTyE,"Decent app, does the bare minimum in terms of knowledge though. Would be nice to have the option to learn more or beyond the minimum scope of EMT skills. Overall good app",4,0,2.0,2015-01-20 21:14:12,Our Paramedic Tutor will be available soon if you want to go beyond the scope of the EMT Tutor!,2015-04-27 10:31:34
gp:AOqpTOEcEVixEitb20RE13TTQAoyl67LU2DYZjdnn8KV2DrvP5VIw7BpeCjgYYhiQZHpmP3ZFoeH5zXX0SBG,acdccrc,https://play-lh.googleusercontent.com/-yFohtUNI1iA/AAAAAAAAAAI/AAAAAAAAAAA/AMZuuclDoF8ZkLSLxJeOS5Sb1GoKlMEEHQ/photo.jpg,Extremely  helpful  app!!,4,0,2.0,2015-01-18 18:56:51,,
gp:AOqpTOFMt-GzSNA-BCMkKGvRW6V9A6acgHMNKRScWorOQ7plVCTCyWoezm7GHZ3C6jxn_DEJK28YxWFHXkv0,Gabe Hackler,https://play-lh.googleusercontent.com/a-/AOh14GgR7PUUbBYr64ynbpPyWUUGfE04NfFfDqZb27_K,Awesome app. Very helpful,5,0,2.0,2015-01-16 13:21:33,,
gp:AOqpTOE5_uZHq7qAcr8F_jtjclCvLPoLg8GR9DBKsfMnt3rEQA-TzSRgGXsQlLTfBZg2doCRsDyAKGhK77zw,Chris Mank,https://play-lh.googleusercontent.com/-RnIQXid_RLc/AAAAAAAAAAI/AAAAAAAAAAA/AMZuuclDhtq-X_0v13DX9eZkwVpiw4mRwQ/photo.jpg,Tell me how putting a bp cuff on distal to an arterial bleed is correct if a tourniquet is not available? Also how sepsis shock causes vasoconstriction? I feel  like this app was put together with Google answers.  Also you dont suction an infant/childs airway for 10-15 seconds it clearly says 5 second dont base studying off this joke of an app so many things wrong I bet this owner has killed more patients than saved with this crap,1,1,2.0,2015-01-08 16:40:01,,
gp:AOqpTOGGsrLOldr9ERsNVLIRjnxpbyhS-71tmFp6TYrp3wvy7Ii-R5lHxuMf9DKssTqK3CSdkEYH-imUyXyJ,Isaiah Spitty,https://play-lh.googleusercontent.com/a-/AOh14GiHaZwZJIl97pDdWmGKjxahLVmZmzHrlOIGlhEqag,Very good app some minor spelling issues... All in all I love it and have been recommending it to all my friends who are in EMS...,5,0,2.0,2014-12-13 19:56:01,,
gp:AOqpTOHhJYatfEfDj6kg9OQ5JHUsI9rnNOH5rYLypkqsRf_aXW7bFkoPRUJlpLEPBvWudeLAQExq12Uq9VnL,Levy Godlewsky,https://play-lh.googleusercontent.com/a-/AOh14Gj864daDvQN-ljl8uoBcfSkVqXsi8A5LfIeQiRJikU,Great the best app helped me alot!!!,5,0,2.0,2014-12-12 11:02:24,,
gp:AOqpTOFaZEqLXhQ5m-GvfQqv_PWnRyzLfDpH7TjoetIz_XWt8gtDFq-IvZy70gqZRCWbXNrL_ERKZnotO4oQ,Jordan Carnahan,https://play-lh.googleusercontent.com/a-/AOh14GhayWXOo4ZsDoOezOOWGz7Vf1sBSId5ADfkkord,Helpful app! But I have come across a few incorrect answers!!,3,0,2.0,2014-12-07 19:45:41,,
gp:AOqpTOG_Nb1a2gPZJfKer7LJJ3pngyrxpiixzObeh_gQm6K1AmOfbo00q8dcwKwGkiX-zIXkcLqSYtgs93md,Brittany C,https://play-lh.googleusercontent.com/a-/AOh14GjcGxACAIYneIV7__6WgmVRjqZY-FxwADlwuMD1QnU,"I tried the emr tutor and I like this one alot more! It follows everything in the emr book! This will help me in taking my tests and to study from here on out! Thank you, such u a great app!",5,0,2.0,2014-12-05 12:09:32,,
gp:AOqpTOEvCUzYi7j8XUuoSJG0YYhLzLs5-Flx0jRCSVpFVFinGSboIBIYb8BNyxqZ0-nHE0EIyFT9KtI5gjeB,Brian Washburn,https://play-lh.googleusercontent.com/a-/AOh14Ggoubu3P7IQP_68viTu8EP0Lwu0tvm4JTHJkFwt2Q,The quiz section freezes and I have to restart the phone to get the app to work again.,2,0,2.0,2014-12-05 08:02:42,,
gp:AOqpTOFPQSDBioCVEVlnx-s2JAiToTguQJNxdHOBte-_AW0gHEC6iXgKkZp1l173gGFhrOiVoSp0vU6jA951,Nikki Lewis,https://play-lh.googleusercontent.com/-s315xfqED2c/AAAAAAAAAAI/AAAAAAAAAAA/AMZuuckaPLqTjWkO0R6CC_k1CUuAVWkGvg/photo.jpg,"Although the app provided some helpful information, it didn't provide enough information that appears on the exam. A lot of the material on this app won't be on the exam so there's lost time studying it. There's also a lot of information that isn't gone over on this app. I came across many mispellings, incorrect answers, and mistakes. I would choose something different to study if you're gearing up for the exam.",1,1,2.0,2014-12-05 05:40:23,,
gp:AOqpTOFxKMxmYIsQw-KBYaoE6qJYqj4Nvhk_XYjbewDm33NvaY6qV12mjnvgxm1izjsiCfoBwfV8H7C9-rl0,Sarah Bartes,https://play-lh.googleusercontent.com/a-/AOh14GhDJp-abIV0A2b9Qa_Q4mmbcSR2o65uCCMGVZ82iQ,Used this for the month after classes and passed my NREMT. Helped Tons!!! Spelling and grammar could use an update but other than that awesome!!!,5,0,,2014-12-02 04:26:58,,
gp:AOqpTOH9XZYCd-yeuKaSkuMQQL5PBB9Ft3LLNoif-W4FINMKqrPU6CABzF1LqEKwdky0Py8smShUtK3b9B1S,Charles NeSmith,https://play-lh.googleusercontent.com/a-/AOh14GgwOBffOXXxgnMgUofq5UNQSC6AIX0RH7G_eN8kdA,This app has completely put my thought process in line with emt standards!,5,1,2.0,2014-10-20 04:55:09,,
gp:AOqpTOEy16lrwlwoS62A8d2LtYEANQWJf3C38IX3qa8avb_csG0SickczICA9bc1H1CAM3zfe0RcFsN8T0jC,Truely Blessed,https://play-lh.googleusercontent.com/a-/AOh14GgDA5RgAlwYnB-zMBmfXt5Ym3CgT5ryj2vj7OA8Gw,Great app!!!,5,0,2.0,2014-10-13 12:56:27,,
gp:AOqpTOGUvlwEQUl8GRR9c0PlsSkYunmIW1iiyLc1shFR8ISWcASuD7k9k1yfOBswXwA155t2L845cmXQySto,Petr Zhuk,https://play-lh.googleusercontent.com/-m9xFP4ASsiA/AAAAAAAAAAI/AAAAAAAAAAA/AMZuucnnqANgRWJ53NFLTfJg9sSg2-My1Q/photo.jpg,Very helpful app. Its that much more easier to open up this app and review for the test that the big orange book. Amazing app.,5,0,2.0,2014-10-10 09:13:18,,
gp:AOqpTOEvjuDfWH-Mp4H-DC0CynutIX2RE38my_piNdpzJYj96nnXS7RXBsdDfGjNZOD2R19RM2ZKP2MJ9OsK,Adam Kopacsi,https://play-lh.googleusercontent.com/-M_HKeIDDHP4/AAAAAAAAAAI/AAAAAAAAAAA/AMZuuclQRi1LY2_q20E4AmQBPArCL_sckA/photo.jpg,Great app really helpful,5,0,2.0,2014-10-06 09:29:09,,
gp:AOqpTOH63XSGB54Jh6vezCFiMz8ME_upkW7PrQ4aUSSY9z5GD30dxSmgzdWM9c-0EwohUREMhl-SKA4IuWoi,Christopher Jones,https://play-lh.googleusercontent.com/a-/AOh14GjyGyb1Ssj4c0h92r6PVWf80oX8V9Se01E8PZNS5A,This has been a great tool and I can honestly say helped me pass my NREMT Exam,5,0,2.0,2014-10-01 11:01:15,,
gp:AOqpTOGFycrOcme6pQHvf7MxyEHn8d3BYA5sB_dW7iHaYwzoSwf_8g1b8nAhXcc-XxXZLyESuwnORwoKb5Wp,Jon Walker,https://play-lh.googleusercontent.com/-qzOgT5ta0Fc/AAAAAAAAAAI/AAAAAAAAAAA/AMZuuckoIpQ_mTQW1jShWaMSjT8CMw3iqg/photo.jpg,They over complicate simple information. Giving it to you in a way we're it makes it harder to remember.,3,0,2.0,2014-09-29 05:41:03,,
gp:AOqpTOEbNfCMc47QcCCx-AtJVovvv0gr5fwlFV-P7iFM6ci0UPIJOItAQcEpU3VofASCxPbkJM7VMJ00Lp-N,Darren L,https://play-lh.googleusercontent.com/-CSzVsZSuYtE/AAAAAAAAAAI/AAAAAAAAAAA/AMZuuckw8q5gWFCsuLp_ck0_fN7pthBMhw/photo.jpg,This helped me immensely pass my National Registry exam.  A tool I will continue to use!,5,0,2.0,2014-09-24 17:28:36,,
gp:AOqpTOGjDFK0RubOBcTmhla6TzRGCWXpDFf2KtMY9ZrknBWMcgdJrf31qdu3i4X8nabZ2ltWnI264bOQx6g9,Courtney Gillock,https://play-lh.googleusercontent.com/-hzNI42miWUk/AAAAAAAAAAI/AAAAAAAAAAA/AMZuuckHNiFIc6F3_V8dDl4Fz4iv8kswww/photo.jpg,Helps when you have a busy schedule and don't want to flip through books every night,5,0,2.0,2014-09-24 15:24:33,,
gp:AOqpTOEx9kZ3Q4OP55EXbzlncWz1cHQrhVW60oBom8kLxbtaQfqNtARddFySXZtfLhkrK5Wv3g67CP-uE5hi,Fadel Al Jomaia,https://play-lh.googleusercontent.com/a-/AOh14Gis01r1QMglAvuo5zWv7E17o3NP7Fb1x4RwPsBO,The best app available for an EMT. It helps you pass the NREMT Exam and has explanations as well as scenarios and other valuable tools.,5,0,2.0,2014-09-24 09:27:55,,
gp:AOqpTOEHydPNSwuz8i2GWoFUAc-aOvzztNBbBcdI1Vi5SumS-DdU41tckC_9i2y_PYLrcZsG4CVoWPYl4fkN,Michelle West,https://play-lh.googleusercontent.com/-WaG-CjKSlGc/AAAAAAAAAAI/AAAAAAAAAAA/AMZuucmj1iISNM-RlzJRQ5laeXBSXK3QUw/photo.jpg,Its been extremely helpful with familiarizing me with the EMT language and understanding of terms. My time is limited but this tool allowed me to study on the go,5,0,2.0,2014-09-24 08:54:38,,
gp:AOqpTOEKmU4sAXMHHD6xV4IybIKiIlaCOm9uUaCg5qeKutH9Q_NUJVfClrlIAMaiVZB0HC5NJbU7adY0_cPH,Brittanie Smith,https://play-lh.googleusercontent.com/-R5Nto0-qx7w/AAAAAAAAAAI/AAAAAAAAAAA/AMZuucmB3s6rKljLpLl771q5SAqVPRaNoA/photo.jpg,I've been having problems with my test..this app helped so much,5,0,2.0,2014-09-22 23:16:23,,
gp:AOqpTOE5YIkvYMO5GQK4CyZzhFsd6ZTlMDO-ss6mDjH6JRhJKnz8EULjEhMZHA24wDU4WSOqLp3MPZG5mRDQ,Helheim 889,https://play-lh.googleusercontent.com/a-/AOh14Gg5MDFoiQPPSF2APv24NAd7Mh0qjeGIYFmGsVakkA,Get 5* for this one,5,0,2.0,2014-09-20 05:55:40,,
gp:AOqpTOFz9isHTpwUNQXxApw3UKaZflqeryEURtVmACsdYlN9Raj-ooOc_4mF9CAbjEX1tL2ugB-hjLxbvget,A Google user,https://play-lh.googleusercontent.com/EGemoI2NTXmTsBVtJqk8jxF9rh8ApRWfsIMQSt2uE4OcpQqbFu7f7NbTK05lx80nuSijCz7sc3a277R67g,Works great!   Very comprehensive,5,0,2.0,2014-09-10 14:10:51,,
gp:AOqpTOEk_FuxjcjCEPN8F3oVq7Y22ScWpjqTk-_bsNKcW5MthRHbRoujdYw4G6Qz0EeU0BxPjXN_l9-5t-Op,Chris Brown,https://play-lh.googleusercontent.com/a-/AOh14Gj2gQzJ9cZjwZu49g-sqNvKQT0G7hq4wU_wPooTFg,Easy to study during down time.,5,0,2.0,2014-09-07 17:28:49,,
gp:AOqpTOG7_ujyeqYYxOz6BQY_4_3l8gOboBYZZxk0kp1jiakovzPwHhMLhmj3hK-R-ynBq2HPEWHbz06C_xgh,Veronica T,https://play-lh.googleusercontent.com/-6S1aWhbe18w/AAAAAAAAAAI/AAAAAAAAAAA/AMZuucmAXy0AeChbBShMTZ0xz5DaBwc9FQ/photo.jpg,Awesome portable study tool,5,0,2.0,2014-08-30 12:35:44,,
gp:AOqpTOH0wc8SnzqSNbE-WvNxiU-JaJDieZDMcyZ3YmhpvUFlvnoxxf8-0ombucFpoD8NfyY1sjAInbLyq4XS,Brandy Nesbit,https://play-lh.googleusercontent.com/-VNvpfbvU9JU/AAAAAAAAAAI/AAAAAAAAAAA/AMZuuckJblfBnq-UfoVIpvN9rkWdyEAWTw/photo.jpg,This is just what I was looking for! I can study for both the skills test and written test while I'm on the go. I work all the time so this is a great app! It even has the skills sheets step by step. I night recommend it,5,0,2.0,2014-08-12 17:45:26,,
gp:AOqpTOGVvtJRZ8Pxa3suW3bdZ5gYMWqo5VlRIflyP8EvDPIMHL20rA77OF9r9goYkEq5m1eWRZhhrl7me8Ge,Ethan Murphy,https://play-lh.googleusercontent.com/a-/AOh14Gg7ohdqnsPh-V-eE7qyJOSW_W_gbwuFlZc3G8G5jg,"Helped me study for my NC state EMT exam, and I passed it! Thank you for your help! A very smooth, and helpful app!",5,0,2.0,2014-08-08 10:46:41,,
gp:AOqpTOFwvarSBKO7MYBEugtNCmJ-h2hnmXEX6Mjz7i-82lu123uwnV-1q5U-Y1qgD1sMY3fjuYyhQ70psrgN,Jack Hollmann,https://play-lh.googleusercontent.com/a-/AOh14Ggz5nMt0Q1yrxgKUI8y9G3thXylUiUCtImHBG6JNw,"The explanations given to explain why the correct answer is correct is just dumb most of the time, don't buy, wouldn't recommend.",1,0,2.0,2014-08-03 12:48:28,,
gp:AOqpTOEYdS37G6HG1T6HdT5an-g7skT786nMQrfXwADvC0Q-C8RQyIHSYsY1Rldhtod4IkOtWLBovLBnWaTV,A Google user,https://play-lh.googleusercontent.com/EGemoI2NTXmTsBVtJqk8jxF9rh8ApRWfsIMQSt2uE4OcpQqbFu7f7NbTK05lx80nuSijCz7sc3a277R67g,Good  app,5,0,2.0,2014-07-31 14:52:48,,
gp:AOqpTOFzEQt_-AzGDfY8XaaDNhgxmOQrLGsHeL36HPLnTJ1but2IUH_98u6td19ocLmcJCKXJGZVvfkw2E01,Jessica Escobar,https://play-lh.googleusercontent.com/-HC_TX9rgU9U/AAAAAAAAAAI/AAAAAAAAAAA/AMZuuckTm1hXuIY4SB61u7P73-yxYJ8Gvg/photo.jpg,I use this app to study while im at work. Its really good to the point and gives plenty of different study tools to help,5,0,2.0,2014-07-15 15:12:14,,
gp:AOqpTOF7YLoGOMdL7_gnzt-PXszFw6_g8DFiONrqzrA85G1vNwXe3ItxTtDwMiaKAnsJ9GEaVteZtRxZu0fC,Daniel Edwards,https://play-lh.googleusercontent.com/-CJbdNHA7Oi8/AAAAAAAAAAI/AAAAAAAAAAA/AMZuucm4V5x4liPL_5e6Q5sdN0YvsKLW3A/photo.jpg,Great help!,5,0,2.0,2014-07-14 23:19:16,,
gp:AOqpTOHFE2FLKfeIdyIEiWjQ3dYGisJHCHhBPUth6WsmtJFvGCL9m7xd1CtfFlNlv3P3gCrblHVCL-C9OqOD,Jose Lopez,https://play-lh.googleusercontent.com/a-/AOh14GhHTzaZYYVeXmNEe2tOJV8WpRSCpo3F8gvBi-GI-Q,Very good resource tool,5,0,2.0,2014-07-06 22:47:31,,
gp:AOqpTOGq-0M_HNhFNSzPuk4aZYwQLtdlY3bgFvd-fsEjS15pRbaWj2oYTfOYrDlIhzKWgvEhD-8SELYtaeMM,Jesse Corbin,https://play-lh.googleusercontent.com/-OFdp_ellsio/AAAAAAAAAAI/AAAAAAAAAAA/AMZuucm7R9swX7cny0WZNZrrRJ0_mLP6FQ/photo.jpg,"The changes are slight but if you are studying both the book and the app you will see some information in the wrong section or not there, but the ap is amazing and will be a big help through my learning",4,0,2.0,2014-07-03 19:38:54,,
gp:AOqpTOGUkP87uPwv7_MkQOB5cVaPvyN7JpOPHJBOedOkepDTdNdYCy_ca6GIgE-lrp689aajZYQl855h91Sg,Nyleve Allen,https://play-lh.googleusercontent.com/-4py-5hf6TaA/AAAAAAAAAAI/AAAAAAAAAAA/AMZuuck9G3KLxo8ge_umNtXiuI3W_mXz-A/photo.jpg,Very good app. Extremely extensive and only $4. The only miner thing I wish I could change is while in flashcard mode if you could edit the ones you already comprehend out of the deck. But other than that everything is great!,4,0,2.0,2014-06-21 10:54:04,,
gp:AOqpTOEqj-lfEL0xEsi3G2MS9-aYoRnzyg8O12D_OGIAHkCtLwVeKnUbtV7depP2iTiR8Nc7KYfoBzJD1m8k,Shonee Amy Ferrebee,https://play-lh.googleusercontent.com/-uU1XtTALxzk/AAAAAAAAAAI/AAAAAAAAAAA/AMZuucnWpt4QyzRJs9yKSFgkB2My0UMetg/photo.jpg,I love this app!!!,5,0,2.0,2014-05-24 18:21:46,,
gp:AOqpTOH8CwYio29TYZ53fnHu6BC3vOCJPzPAD8iPL8IhZWPcC5GV4fES1WlTJpGbzQ8Vy4JsFlBxiA2rNpuQ,Crystal Everett,https://play-lh.googleusercontent.com/a-/AOh14GioiIcmYKPlHF1YUnDm2prDXnNKpomdpF9ZBNkYWQ,I passed all my exam's cause of this app. Worth the money for the upgrade. I am now an EMT. I'm also keeping the app to keep my memory good.,5,0,2.0,2014-05-15 20:15:44,,
gp:AOqpTOHOkoBWeVavF3ev5b3xWdPPc9NRRvlLGzyKRkrZntVo_PzDMdTYTpXSkEkOlNTHHr11MK9iGFn78qxm,Carey Ann Campbell,https://play-lh.googleusercontent.com/-V_5Jd-tsl2A/AAAAAAAAAAI/AAAAAAAAAAA/AMZuuclzydLLgKX5bnDnaadWUfBBPCJueA/photo.jpg,"While I agree with most of the answers provided, there were some that were completely different from what the book teaches.",4,0,2.0,2014-05-11 12:30:48,,
gp:AOqpTOGkI0H_S_Jj1pi5sqb0r-kfSd5oPXwqM7_VxmBzBHtCnttCQeKnCfVdhXPcBYniyvhE0z-vre9MV_qY,Riaz Karamzadeh,https://play-lh.googleusercontent.com/-NzKDup8J9ME/AAAAAAAAAAI/AAAAAAAAAbw/AMZuuckLhWC74wIojhfoda4tvBCtk1CcGw/photo.jpg,"Find another app if you're studying for the NREMT exam. There are massive amounts of mistakes, omissions, and information guatanteed to help you kill your patients. The app provides quizzes to aid in studying, however many of the answers completely wrong. The kidneys are more sensitive to inadequate perfusion than the heart? NO! Your shock patient has about 45 minutes until their kidneys begin to die, at which point they'll be useful only for organ donation as the heart will have died 44 minutes prior.",1,1,2.0,2014-05-07 17:26:35,"Riaz, You misunderstood what that single question is asking, the kidneys begin to suffer before the heart does IN THE STATE OF SHOCK. Not after the pt. has died. This is how pts suffering from shock for long periods eventually die: kidney failure. You mention ""massive"" amounts of mistakes. Please Email us with any further misunderstandings. ",2014-05-09 06:38:13
gp:AOqpTOFwDA_I0S_bRU8s3rV46l6RFH41VOTB91otpsT7_b3TUTdiKgCIYp0jySEhBiYBB-igzCeWSzcIn8gS,Erin Fierro,https://play-lh.googleusercontent.com/-AZ-RfX_BPTs/AAAAAAAAAAI/AAAAAAAAAAA/AMZuucnmhSMR8H7bMPjSpvLJAuJhZlVMZA/photo.jpg,When I'm on the go this app has helped me refresh before those big tests..without using  a huge book.,5,0,2.0,2014-05-07 11:14:43,,
gp:AOqpTOFYuPwrYIgOmXOiDzJqh-e2UPvSOQOHPY-076z7LhH-nwb_Hi_fXFFqIcXo5gGJG_K8AUdY0UL7uOQl,Anthony Dunstan,https://play-lh.googleusercontent.com/a-/AOh14Gg1bYOSwkwjP88zJIHVH4hDtNlUlCW80f6QOlkx-w,Big help in passing the nremt and helpful just reading through scenarios even if you're not planning on taking the nremt,5,0,2.0,2014-04-30 19:02:40,,
gp:AOqpTOFZO6EUa68yjXNaWwsqO3fqnaGE_Lq8aU4dP_MBDcgSYARBkczbinjojBtC9ul2X6tRizJfekqkJpsE,Chrysoula Yacoumakis,https://play-lh.googleusercontent.com/a-/AOh14Ggl5yYnMekq8GlJRMYYfMs90LSH3ZvOLW1kwL5R8w,Very well done,5,0,2.0,2014-04-29 14:25:37,,
gp:AOqpTOHugR3ldUgLSGE9H66iyvEcEnQAMwTtZs-WYqIhWS7u6RC0wsYHJDETVBpUcYyEBe4NvCMHDSyxBD9f,Autumn Washington,https://play-lh.googleusercontent.com/a-/AOh14Ghw6OrqRt3FTPfMZJDJXUNceybOYXi7SDAzjiUAcUk,I havent taken the test yet but so far this app is heloing me alot. The questions are very beneficial.,4,0,2.0,2014-04-22 06:10:34,,
gp:AOqpTOFPSJlVcykOueIbGoHEHEsSYzCQFC2vBkATQ3cVEK9GPOAEnPWZEiOAkV5yMt7NkrEpC3uTv_f8o9jI,Alfred Ortiz,https://play-lh.googleusercontent.com/-cUVRfaUKbsE/AAAAAAAAAAI/AAAAAAAAAAA/AMZuucmR9bzHyr7Zy0THGpvBkNuxT6I1uw/photo.jpg,This is by far the best app that I have used to keep me on my toes for my EMT,5,0,2.0,2014-04-13 17:01:29,,
gp:AOqpTOFdPEdzGJr5kQSSD4CJ_vrEX94w_OCdv9l55_6sLbUs1rMuHOTje7-eG98sCLxa3A0DXfwb328zXQ1h,Torrie Mitchell,https://play-lh.googleusercontent.com/-wNBTmwcd8TQ/AAAAAAAAAAI/AAAAAAAACME/AMZuuckx7z2A3Lok-qqpR-9V1kIwfFX4og/photo.jpg,This app was very helpful with preparing me for my National Registry test as well as staying ahead in class.,4,0,2.0,2014-04-13 14:50:56,,
gp:AOqpTOGwJMCYBwWjc0EsAwxGXqyWoVMt-pYS8j6nmz2TpIyD_asw0mlvQs9DewrNY8W2dPU0Cgqft7YIX5tv,Ian,https://play-lh.googleusercontent.com/a-/AOh14GjUp5ESg5NYxHsTfPtssUUv8Q0899jV_3c-hnhgtA,I've only been using a fee days but seems legit so far,5,0,2.0,2014-03-27 09:48:27,,
gp:AOqpTOFMGOdA4YZk0fIOY321_WB5ErEilYXgHO0rtzTk5zGJMYPQrFp5z6YehrHqoT7PcSMBkMzoIW37mV6t,joe dausman,https://play-lh.googleusercontent.com/-x3pF9maIXDM/AAAAAAAAAAI/AAAAAAAAAAA/AMZuuckD3NzWydj4umsZ4pDNuFyJUWRpmQ/photo.jpg,Id like to see visuals,4,0,2.0,2014-03-23 17:15:21,,
gp:AOqpTOEHmYbZgvAu-NBN0BTvfhMhmsdP_t2iizCvicGD3Mr1Ej3ThWldzTmVa05A8c3Ht8G8eAqqkXu-Svin,Dennis Tobin,https://play-lh.googleusercontent.com/a-/AOh14GicouhaxTPFNVNdZeIV3_a7UPLdVVU-u_dhdkip7w,,5,0,2.0,2014-03-03 08:57:29,,
gp:AOqpTOEw1LUSqnKL4Gbbm6KKGS7SWddjUF_z-kKx9fx1BqHQzjlsn32bGXZxZWLRBhPMnGIyvJSmLSdrEEQN,david mooney,https://play-lh.googleusercontent.com/-ZNDzxw2forI/AAAAAAAAAAI/AAAAAAAAAAA/AMZuuclMqOndyCoZysnoMt_9kOX-8MxBrw/photo.jpg,Some spellings not accurate.,3,0,2.0,2014-03-02 16:10:45,,
gp:AOqpTOGmvUDNhWkv17zeEhx6EQV-Y3_UedTbeBegC87UxFH_ECZ8yJ2APS8tlMEKFwSMp9am5nq0bHh-NKRP,Davina Cantrell,https://play-lh.googleusercontent.com/a-/AOh14GgdH6GO1NWf6DKQKhITA9TX5MagXyBU1_JsyWM,"Looks good so far! I love how it gives a reason for all the answers. Studying for my NREMT-B written test, and I've been out of class since December, so this is a great refresher. Worth the money so far (:",5,3,2.0,2014-02-25 15:50:08,,
gp:AOqpTOF3kK5o8XpkIuhU0h1xGw-z8aN2drSBpX5ngpzWvoLz3KozCuk79XEUY6lzdq2k-OECHkJVJ8Y6DwO0,sara wiese,https://play-lh.googleusercontent.com/-RAzbaZJy2Jc/AAAAAAAAAAI/AAAAAAAAAAA/AMZuuclrxwtkj8_BYPfy8Tt8w9QNH0n0XQ/photo.jpg,,3,0,2.0,2014-02-19 15:28:10,,
gp:AOqpTOFScUXzrnp2zc4Tmfruf05AS3NYj6NgSrnI4Tdhx66K3FYyuielTG7dirLHDk-rUjo6rKV_O-AlAePk,Patrick Grant,https://play-lh.googleusercontent.com/-u0aSTWoRUhA/AAAAAAAAAAI/AAAAAAAAAAA/AMZuuclsit67SMBE6Mu66fDgTt_3pL3u9g/photo.jpg,Went from barely passing 70% to getting 86% on tests great tool to use!!,5,0,2.0,2014-02-16 13:52:32,,
gp:AOqpTOF6dSYjaqg2QhiVX3Skk_nAhYET9DRR8T6U5Ptep8Wq8Q5MZy0jjsErCYKy1BeflaxdOJgFRuPP0S-T,Hannah Lynne,https://play-lh.googleusercontent.com/a-/AOh14GiWYeQ1TodU8LdD6Tyw4X5KGSapaOvqbHNBPPy1wQ,,5,0,2.0,2014-02-11 14:48:42,,
gp:AOqpTOG3f2oA3xoKUxiYZFo6fNbrM5uylpwpQpt2ozI64cWoOBut1GFsnRRIYpQeE3oPSmmIc4m_zG3y6FJP,shawn plummer,https://play-lh.googleusercontent.com/a-/AOh14GiR63blTkldDzTDv1V2BvCPJXPICidsaXFCLHOAbg,,5,0,2.0,2014-02-03 10:46:44,,
gp:AOqpTOFtDoZxMCY91OhLlHs9XmPlxmJgfEO3Srvl9RsQN66uVeEzw-OvvztSW896zEVjeG3oAa1ARP6ABqWp,Adrian Pacheco,https://play-lh.googleusercontent.com/-yCneuZvZmvo/AAAAAAAAAAI/AAAAAAAAAAA/AMZuucmIdL_9nXdPu4CiaqOg9ajtTFS74Q/photo.jpg,"Good app, lots of questions that really challenge students, I hope I pass my registry exam",4,0,2.0,2014-01-22 15:38:03,,
gp:AOqpTOH5C59g58aNVLenAHzH0BST2eSDAH9jnyu2DOVwBCsTYMlOPY1TTNym36bZ3Q71V_fTweYrOzgtf2gb,Shawna R,https://play-lh.googleusercontent.com/-GrcfgLTyQnE/AAAAAAAAAAI/AAAAAAAAAAA/AMZuucnpdOHEa0p5ITFL6NgpYHeWMzU_yA/photo.jpg,Love this app... really follows the books well,4,0,2.0,2014-01-22 06:43:15,,
gp:AOqpTOFQp88-e-GzC_6UMFPCdDRoW79CEBEcpmdr5vvkTnzbTDpGQmcNbKcxaH3unW73tuwjV67YJFTmByI_,Jamal Jones,https://play-lh.googleusercontent.com/-l1smEtRSqMw/AAAAAAAAAAI/AAAAAAAAAAA/AMZuucnjqjHEIApNyW7e01n2rPfHQuuNwQ/photo.jpg,Very good app,5,0,2.0,2014-01-13 17:24:20,,
gp:AOqpTOEGwnxS4ykKdFU8QbTdz_bSPpuzEcqMP85EbHMhDS5XRYnpxzDnSC2BmkQgbQM_t00oYvsFughZUt3D,Trevor Hankins,https://play-lh.googleusercontent.com/a-/AOh14Gg50gNs3i5UwjtU8Ukm8DbpN_N3kT7UJQrkQska,"Do EMT-B's intubate? There are a couple questions regarding this, and one is flat out wrong when compared to the EMT-P checksheet provided by the NREMT. Also, I wasn't taught the receptors (alpha 1, beta 1, etc... in EMT-B class).   Other than that, this is an excellent study tool!!",4,1,2.0,2014-01-11 00:45:23,,
gp:AOqpTOGgdETXMpFfqgIRb7d1A2t8Hz8HmSQ-gmuTMQzgG10YuS3Ho6-XPuh_iS2dAGDCt11PZk0Bfi9HEZiU,Alexander Quintero,https://play-lh.googleusercontent.com/a-/AOh14Gg0Ud5tl6-TNvDLwBc7pQlTXGW4lRo1NMuYA-i-2Q,Awesome app,5,0,2.0,2014-01-02 16:35:13,,
gp:AOqpTOF507okTl58Ax2c39k8kxcQsq0eZGU9MlsgGgOvtDAVbl9b1q9q7E49NnEK7MhbbBAqA6_OpLCWE8Y6,Erik Kimsey,https://play-lh.googleusercontent.com/a-/AOh14GhUrMlKT12elu-W__Un9B6cmwRHXVkXaKD8kM4RVQ,Great app. The material is very relevant and corresponds wells withe material of the EX - BASIC class I'm taking -a class prepping us for the NREMT. One con I have would be grammatical and spelling hiccups here and there. Otherwise a superb resource.,4,1,2.0,2013-12-31 07:51:11,,
gp:AOqpTOGxtVFv43-PqnjyAghxoJXp1tnFDR996h96-_lSnZgffvPYBCluLyhaWjrC2Nw_Md9OjWUdT8uhY-DH,Matt Leitner,https://play-lh.googleusercontent.com/a-/AOh14Gh9kLVFEn9psMeJlP794eibyIx942_1IPVSP63RDg,Great app!,5,0,2.0,2013-12-26 19:00:26,,
gp:AOqpTOHm71geoNpT56fSxVfxoGcyaLrEa5jR5J8-ArCXd0t_8wUFPBsKP-lx35EKDEwWQ1HMYvgY__g1Cknc,Erik Huanosta,https://play-lh.googleusercontent.com/a-/AOh14Gi19OyxczQcfIFiFDB0fHvofPMJQMzbCDEWKox3-Dg,Does not function properly and keeps giving an error message (unfortunately EMT has stop working),1,1,2.0,2013-12-20 19:32:02,,
gp:AOqpTOFUAJIWx_vqnJo4nsuGQvvdfGy4by8Sf-GzPaYGgL4Lo8LpQid2aVKHhUbh_puEH61S9dvPJoSWskDS,Gerardo Martinez,https://play-lh.googleusercontent.com/a-/AOh14GjmeASDjS24B6U02wEGGMGlRBJZxqqIHEyI3eKNxQ,A lot of good info and easy to use...,5,0,2.0,2013-12-10 05:59:02,,
gp:AOqpTOHSU0Dzy7E1GNmPFD8cKBLVO8jCzPyfbV9YVjANcbMwBX3gwlPt2ZhaKSiPiDRddwLY_JSuAe5pkC0F,Light b,https://play-lh.googleusercontent.com/a-/AOh14Gi4Wkhm32jCiGpp3cvCHVXyt469jgOJ9qABtiahmw,Goes over alot that was not in the book,5,0,2.0,2013-12-09 23:04:40,,
gp:AOqpTOFIQQLzxeHL__lm0zrtLpaVbhZyAWYcxd2IwhIP2hVDVFbm0aiXj3oTjJk1nh-HXKBiRKJ7rCImFuw8,Francisco Gorbea,https://play-lh.googleusercontent.com/-OP89E4Ul9YE/AAAAAAAAAAI/AAAAAAAAAAA/AMZuuclJbuzx--q3e7gv-ZlNf5VNit4Iug/photo.jpg,"Helps me refresh without looking at the big orang book. Dont currently work As emt, so this helps keep my mind fresh on What ive learned",5,0,2.0,2013-12-08 13:24:00,,
gp:AOqpTOFKTCAWSihf_losxdlI2TU02AJEJrXFvRpyfrNQ7RRVumdWZE55oqN8xhee_dg0HYTqPr4UyioldFgn,Alyssa Camarillo,https://play-lh.googleusercontent.com/a-/AOh14GjReRquEbkXlpBQskdkMa8LZGBrZWDxMdyiSky1Ww,"Wish I would've had this during my EMT course. It's as if I'm traveling with my textbook on my phone. I'm constantly on the go, so having this information on me at all times makes it easier to stay educated.",5,0,2.0,2013-12-07 23:25:43,,
gp:AOqpTOHIGVngCs3QOyJofhE5bJAAyUzlggcC3GLSyxN3c6zP3PwZK1KnBe34c0wNPgwY7VBoykgoKWmd_O6s,S41NTK4MP13,https://play-lh.googleusercontent.com/a-/AOh14GhRZnWDbaU8uOJuZeQEAQYrr83K4cMwgoxX1Le_Jw,"Worth the money, thanks to everyone that helped put this together. Still in the EMT course and its great to use as another study tool for class.",5,0,2.0,2013-12-03 17:15:05,,
gp:AOqpTOGg67a8Tqjqpj0bvg91HpqP8lDE17AiWxsPiGZN8KeUCThfEhYhjA8b5uGN4rWqrbYGJibIiunhIyWo,Aaron Parker,https://play-lh.googleusercontent.com/a-/AOh14Gi-MIqaLpq_cDFIN41UGfP4RPtxzPl00APCcaFG,Nice app I use with my other study material.,4,0,2.0,2013-11-29 23:40:15,,
gp:AOqpTOHTV2t6UFKTXajG5nzqGLfWshrTUB1h5SMx4GeN2EHKYPdg7JJdmsraKISF4Er_3YwBGaZuq_vvfyO-,John Niday,https://play-lh.googleusercontent.com/a-/AOh14GgRykE-xBKjaoN5-wiiCl9BMQm0-zGUbfXMWvsv-g,I work EMS & this app is great for keeping me brushed up on everything! No complaints here.,5,0,2.0,2013-11-28 14:15:10,,
gp:AOqpTOEhwr5ekzj13Agu4GnkhDM4qe_1Vy8huOyfMOwaVs5E7pGtrRHj_2EEuIMPOi7getpC5nNZ06bTNcj4,Anthony chaney,https://play-lh.googleusercontent.com/-MfcKCYSRZEM/AAAAAAAAAAI/AAAAAAAAAAA/AMZuuckHh5qSa4XtRqdc8ItmdF5nGsnQvQ/photo.jpg,A must have.,5,0,2.0,2013-11-25 00:59:11,,
gp:AOqpTOFwA2vSqBxpyPYeBZPClUwC9n301XDJYacxwGU-2GdPy1AP2WOY-baWzFZlJReBr5VdpdgO1hMlaeCi,Nick Lebcowitz,https://play-lh.googleusercontent.com/a-/AOh14GjkS0ZMO6wOrj3LCiuXs2Exp1B6xIVjMMi4gRyi,Doesn't replace studying but a great tool non the less,5,1,2.0,2013-11-18 21:05:09,,
gp:AOqpTOGsbyHF-pH6mTm0b88RvlMpkw4-5RleiOLY0c6nZsd8IHJLcOpubzfPN5hLr0zeDZA_0VWK1nTigiyW,Wake_Madness 503,https://play-lh.googleusercontent.com/a-/AOh14GjxguolIr2wJhvvFGcE6vnGNN6NOGOxA4rlCN11xQ,Used this to study and passed my national registry with it. Can't say enough about this app.,5,0,1.9.2,2013-11-18 13:48:21,,
gp:AOqpTOHFS6CYEVQw6f_i-Q0YufdKkloFXfmbxKnYjVtD6ECnVGiYJquIJlB31fkZUz666bdb2-oNKzIqn52z,Reedskis,https://play-lh.googleusercontent.com/a-/AOh14GhMQuCH5H0LExiklqgENSPWEYslAxfB-2DNnsuhoA,The differential rule out sheets don't drop down. Please fix. Everything else is fine. Samsung galaxy s2,4,0,1.9.2,2013-10-27 20:25:18,"We just released a new version, let us know if that didn't fix the issue. ",2013-11-19 06:25:45
gp:AOqpTOFIIPR6wINV2SmV50tXp0kUfNLzsZSqOdFjt708wmlp5__UnevXgpnOkXEk224jIsWBZanPekN2js2N,Cody Hannigan,https://play-lh.googleusercontent.com/a-/AOh14Gh7x7Cjvdhp6PyfGLR6AOtx8oCza1JMwqF9fkXubA,"Using to study for the NY exam, waiting for more scenarios, those are my favorite part",4,0,1.9.2,2013-10-13 22:36:36,,
gp:AOqpTOFjH20pQQEsGiOScbeYDumKWdz1ClDsoTABlfkLjEQ7a4pzq-hNisXzQYJi5CcKR1EgXnDp0qRF3Oyd,Trey Simmons,https://play-lh.googleusercontent.com/a-/AOh14GgUPFNcK8N-8y0dSfKGcCyGbYzEJIFr2mxh21VQ,Thus is a great study tool but there are a few questions that aren't answered correctly.,4,1,1.9.2,2013-10-07 07:27:00,,
gp:AOqpTOFJ34dvnNysWooiN_Gu8T5Q6K2LjbUXillN4KeYCXedUo9cieYRHjYADCAZHlTVGd9Gso4DsdZKBxsE,James Spencer,https://play-lh.googleusercontent.com/-1WvfXAFpj1k/AAAAAAAAAAI/AAAAAAAAAAA/AMZuucnBinD_PoPgbCtMXRwEfOkQLUP3nA/photo.jpg,This is a great app with the exception that there are alot of missing words in most of the Q&A's. And there are some question that have the same two choices for answer and one of the answers is wrong when chosen.,4,0,1.9.2,2013-08-19 05:36:39,,
gp:AOqpTOFMOpAObZd9MFjrnMOKs_taEQHMvr1iqkBoLMSs_YXfI3UAfp1TycY5rqrx7UiDx4v4wadUZ9yekb-p,Chase Singleton,https://play-lh.googleusercontent.com/a-/AOh14GhH7of1prKpA7hqL9FPwZtg4yqPxa0mTvVMJGvq,The sections of questions are hundreds of questions long,2,0,1.9.2,2013-08-11 12:53:14,Chase sorry for the long sections. We released a new version that allows you to save your place so you can go at your own speed if you like. Let us know if theres anything else that would make it better. ,2013-11-19 06:27:08
gp:AOqpTOFaOXg7DunM3a0YJnLcFzTVExmvYAkffNa6dey4TFm-hP8RF2HCiIzDyJNcEnSPX4WNRNdBeAthkOrO,Christina Pascual,https://play-lh.googleusercontent.com/a-/AOh14GiTdUg0N8Hbp0kCxyEqdsq_EqAv8pfF37x4g3sO,The whole app is a wonderful app it just isn't fully up to date with the answers and review and scenarios  and it concerns me bc then people are getting the wrong impressions and trying to process the wrong information.,3,1,1.9.2,2013-06-23 20:43:09,"We are updating it right now, please check back soon for the update!
",2013-09-11 14:05:44
gp:AOqpTOFk79JGkHgBFxbk52q9Ls2KghkACkMBCWsHG1piF8U7ugPXm6hArZOGfLbaJQaLSF0_97YO29DOP2FA,Austin Krie,https://play-lh.googleusercontent.com/a-/AOh14GiJIW4tPcKmknWJ4hEGjmR8AIIYfD_l2iVmxJiSGg,Helps refresh before taking the NREMT,5,0,,2013-04-18 22:14:24,,
gp:AOqpTOE-A--5rneISA_JP15VXashy2-SBLQ68eJitGS5GBmFw_296yk7erj74CbH8qEFfElpLhfOc_GMoyPd,J- ROC,https://play-lh.googleusercontent.com/-06sNHiFp8yA/AAAAAAAAAAI/AAAAAAAAAAA/AMZuucml4dt6S3Pw6ErKIDyHFJrdV8QOWA/photo.jpg,"I used this as a pretest study guide and a bunch of questions' rationale answers were completely wrong and them wrong ones where on the NREMT-B test, luckily I caught a lot of the mistakes when reviewing the text book's chapters. So do not use this as a sole means of a study aid.",3,4,1.9.2,2013-04-16 15:55:57,,
gp:AOqpTOFqllJKLgYsqxWpyRXcjPvjz0GqobjqdtzyTV4I4L88cmCep4E5RuJfgP9MwMVEvSOdAoP7vf5sePUz,Astro B,https://play-lh.googleusercontent.com/a-/AOh14GhUZLQuZjsyuVwsd3FD9vB2XM1XAn2GIQtXN_vAIg,Amazing app!!,5,0,1.9.2,2013-02-05 15:03:00,,
gp:AOqpTOEfLVuQDl_bZ4Mww7D_C3SjOwyNoVfkg_7gnMQnSc1uNlf3IKUMXRCn8cBOhJTv4QN8QGgVUx2W_ERb,Brandon McKenzie,https://play-lh.googleusercontent.com/a-/AOh14GhtJd7WL1BVy5cAftGlZj2KZOg77UzB27Bi2ozU,"This helped me out big time, all the way up to minutes before taking the National Registry!",5,0,1.9.2,2013-01-28 08:22:29,,
gp:AOqpTOEn1YMiqxDjAz_6DD4Q_vxUL0IygNsKYOP5_imXmD7FNtvCFyfOY4XJo7s03d41iMFexoGldomJpNw0,maisa morrar,https://play-lh.googleusercontent.com/a-/AOh14GjKnHsthEvoHO4TbdGbHULXzR9wB7QLI8Knqa5pkF0,really great app to study for national registry. it helped me study and pass the registry. the questions and scenarios are very close to the actual tests. totally worth buying.,5,2,1.9.2,2013-01-26 02:30:46,,
gp:AOqpTOFgAA65RA-aAQ2iHqQc4R7oT_SBxQnbKk6dnYcMUmIyuqSoPzHUcyhFnRVDEtq0nGsikMHMeikCyMMo,Nathan Boone,https://play-lh.googleusercontent.com/-3KlQHuhTfKc/AAAAAAAAAAI/AAAAAAAAAAA/AMZuuck_DdCg0lNjJD5xvEfrLTHUy-UpAg/photo.jpg,If your going thru school. Get this app seriously. Working with me every chapter. :) thanks,5,1,1.9.2,2013-01-21 21:50:03,,
gp:AOqpTOFyBOwbJGZteIuCaUhjXtjE5QZPwACFtJsMoaaK0vbXitZS6xvavmENWvUV_DG7X10Kivo6sm67DX0y,Jeff F,https://play-lh.googleusercontent.com/-Veug6HAFsEE/AAAAAAAAAAI/AAAAAAAAAAA/AMZuucn52vi-gNskVbGWoz-7xgE-jCxTfQ/photo.jpg,Its pretty good but does not seem to be up to the new standard and some questions are out of EMT scope. But its a wonderful refresher.,4,1,1.9.2,2013-01-10 17:06:06,,
gp:AOqpTOECl-huqjs2Pc_zWL7yfRbvwVEeYX5CYSOcnYT2SOkYGfZ_H7PGRwxWb7WdswM0Lr7_yDKajotwp7tm,John Rheinheimer,https://play-lh.googleusercontent.com/a-/AOh14GiVcEiuGUoR_AWTD9fLtL10XCbrck5S273WpXLfcU8,This is an amazing app and an great resource for any EMT. The only problem I have noticed is that on a few quiz questions there are duplicate correct answers but one is marked wrong. Thanks for the resource.,5,0,1.9.2,2013-01-02 22:00:48,,
gp:AOqpTOF3YB7IY3DWDqkWWbTIbZYA24ghkq33Qvzw4UOpUw9WO0Z8P35hFu3WeoYivS54C2TQi8K-ydQFBcp2,Michael Holt,https://play-lh.googleusercontent.com/a-/AOh14GiU8MhZwPulSVIiqVM9ToeOxaC1ETPnn4ggeZZoQg,I bought it but was unable to install... I don't know what to do. I cant refund either! I have tried processing it through and redoing it and it charged me everytime. I am kind of irritated.,3,0,,2012-12-11 02:03:50,,
lg:AOqpTOG_bspUDI-pyLKdtUgP7gtK0ylD6mC-7ftgABQ0j_PoMsGsHEFI3MlfaqDC9KjvB8X09g6UjXBA9WOp,A Google user,https://play-lh.googleusercontent.com/EGemoI2NTXmTsBVtJqk8jxF9rh8ApRWfsIMQSt2uE4OcpQqbFu7f7NbTK05lx80nuSijCz7sc3a277R67g,"The app itself is extremely helpful. Used it for my EMT finals and still use it every once in awhile to refresh memory. Unfortunately, the app isn't compatible with high-res screens and some of the questions need to be restated/updated/added.  Thanks",5,1,1.9,2012-12-02 09:07:13,,
lg:AOqpTOHY_huCB4jfXUrPrSyI8DcsEtwlkgFOrUINrq9Maw0a3x5_C5yJHvzQDPfl4_47jslFubpHMOopIXcs,A Google user,https://play-lh.googleusercontent.com/EGemoI2NTXmTsBVtJqk8jxF9rh8ApRWfsIMQSt2uE4OcpQqbFu7f7NbTK05lx80nuSijCz7sc3a277R67g,This app is great. Easy to use on the go. It is still recommended to use your original literature from the class to help you along. This app will help get you thinking about the more difficult scenarios. Good luck on your test.,5,1,1.9.1,2012-11-23 13:50:30,,
lg:AOqpTOFabG0h0v_f5ryvhIlaHOiWvV-KwtJ6T_5cPWXpTMhua56B3GfTAdMdALHIDlSxs1Dx0Yauw6eO7HRJ,A Google user,https://play-lh.googleusercontent.com/EGemoI2NTXmTsBVtJqk8jxF9rh8ApRWfsIMQSt2uE4OcpQqbFu7f7NbTK05lx80nuSijCz7sc3a277R67g,"Does what it says, nothing to report negative on.",4,0,1.9,2012-11-22 22:10:04,,
lg:AOqpTOGRGXItTBhEsbxY4veFS3ucDGhLKaHMWIczzyfu-8IyCrcazolXUDrFIu28ihNB-80ciiOl-wyeGKE0,A Google user,https://play-lh.googleusercontent.com/EGemoI2NTXmTsBVtJqk8jxF9rh8ApRWfsIMQSt2uE4OcpQqbFu7f7NbTK05lx80nuSijCz7sc3a277R67g,"It's a really great to for studying. The bookmark function is a huge help, though it erased all my saved quearions and flashcards after the last update. Still well worth it.",5,0,1.9,2012-11-13 15:40:37,,
lg:AOqpTOGq3dGodZFKMydhXpOR3uafpMsw3lWXm-Bv781RPwjYYnQ6jFWh5__-eyxR0gLbcFr2UulOLJOohDy0,A Google user,https://play-lh.googleusercontent.com/EGemoI2NTXmTsBVtJqk8jxF9rh8ApRWfsIMQSt2uE4OcpQqbFu7f7NbTK05lx80nuSijCz7sc3a277R67g,Overall a great tool to have!!! The only thing that bothered me was it didn't save my scores or bookmarks.,4,0,1.8,2012-11-09 07:21:13,,
lg:AOqpTOEe30r_3H92pvMIjL2XFzrJoi2bQhEYn49y74xnEzZWRqW--5xvlqLZ61bvBntY9OFdhOpREcOlwK8q,A Google user,https://play-lh.googleusercontent.com/EGemoI2NTXmTsBVtJqk8jxF9rh8ApRWfsIMQSt2uE4OcpQqbFu7f7NbTK05lx80nuSijCz7sc3a277R67g,Was a great app. No it won't work at all... If I answer a question it shuts down,1,0,1.8,2012-10-23 07:03:40,,
lg:AOqpTOEvcyuqw4Y8i-wcr38eqcI-LTXACxCYqNCh2dScMN-SsP-p8R0lmCCKqSMt_dBAbICo7_QJs_Ou3waL,A Google user,https://play-lh.googleusercontent.com/EGemoI2NTXmTsBVtJqk8jxF9rh8ApRWfsIMQSt2uE4OcpQqbFu7f7NbTK05lx80nuSijCz7sc3a277R67g,This is straight in line with the Emergency Care NREMT text book.,5,0,1.8,2012-10-17 21:58:07,,
lg:AOqpTOFshq5u_8j5tVZnuUX6XK9Y2aMaxiboBOkh3Vlnn9U6nsq4j5UMrdKdyQxRUvJ_TGkEaqKG5L_bo5XL,A Google user,https://play-lh.googleusercontent.com/EGemoI2NTXmTsBVtJqk8jxF9rh8ApRWfsIMQSt2uE4OcpQqbFu7f7NbTK05lx80nuSijCz7sc3a277R67g,This app is fantastic and very handy! Its very educational and helpful both with learning and teaching the material!,5,0,1.8,2012-10-12 10:48:27,,
lg:AOqpTOHlsjp2n9JXoeC-XyeIr0v2s9OFRycAMEjSCzSsSj_SDZZ3b3ZSSgDLheThuFEqZFVk2_TPZ9jeTb6n,A Google user,https://play-lh.googleusercontent.com/EGemoI2NTXmTsBVtJqk8jxF9rh8ApRWfsIMQSt2uE4OcpQqbFu7f7NbTK05lx80nuSijCz7sc3a277R67g,"Great app, very handy and has some really good practice scenarios and questions. My only complaint it that it doesn't shuffle the quiz or save your progress if you have to leave it. If that was adjusted, it'd be perfect!",4,0,1.8,2012-09-28 17:03:06,,
lg:AOqpTOGqCa-5bsZIBWGJ3o42CLUBrSqB8792a46u9dG43WjeMInYX02hVDwCuddjhORbIAocIRXcNXhVKiXL,A Google user,https://play-lh.googleusercontent.com/EGemoI2NTXmTsBVtJqk8jxF9rh8ApRWfsIMQSt2uE4OcpQqbFu7f7NbTK05lx80nuSijCz7sc3a277R67g,Great app...works fine and is helping a lot,5,0,1.8,2012-09-16 22:07:52,,
lg:AOqpTOFxJm7lWzxs1KMxjZCINqNpSsazwV7Hxk4ewaZIZZHdI0QjkVw0h9MS3_5pUpT7oLE3iukBFSq1nFLN,A Google user,https://play-lh.googleusercontent.com/EGemoI2NTXmTsBVtJqk8jxF9rh8ApRWfsIMQSt2uE4OcpQqbFu7f7NbTK05lx80nuSijCz7sc3a277R67g,"This is the first app I've ever paid for... the free version was good, but needed more help",5,1,1.8,2012-09-06 09:04:46,,
lg:AOqpTOHX-Y6u3qYmG1VlVRhfWvEPs_ZZJPiWERi_ecurlnUVPjOy4NHx710ZnYoovbnjtU0rYgEjbvzYstOy,A Google user,https://play-lh.googleusercontent.com/EGemoI2NTXmTsBVtJqk8jxF9rh8ApRWfsIMQSt2uE4OcpQqbFu7f7NbTK05lx80nuSijCz7sc3a277R67g,Helps me even while at work. ;-),5,1,1.7,2012-08-25 06:00:12,,
lg:AOqpTOFWfRkHc9WQD-jyzadIEH6cI4MKDyrDUbDApguF2XsRCVDwuTMSjLzI0U0yiMzHmAj7yN86JHOl5sF1,A Google user,https://play-lh.googleusercontent.com/EGemoI2NTXmTsBVtJqk8jxF9rh8ApRWfsIMQSt2uE4OcpQqbFu7f7NbTK05lx80nuSijCz7sc3a277R67g,This app is awsome I recommend it for those who want to be in the medical field,5,2,1.6,2012-08-10 00:27:59,,
lg:AOqpTOHEoeR8K6Awr1MfdTMwuiGYSqK2pB0fU3C3ULwTpTPiFepCxexdsmUHShOVV3r7HPHnFyNyOiwrTaab,A Google user,https://play-lh.googleusercontent.com/EGemoI2NTXmTsBVtJqk8jxF9rh8ApRWfsIMQSt2uE4OcpQqbFu7f7NbTK05lx80nuSijCz7sc3a277R67g,Works well... Im learning more already... Very usefull app....,4,1,,2012-07-31 11:51:22,,
lg:AOqpTOH2R1miBHQEKVfUNF7vRslBc8lT26_sA08KJwL_UjXDgIN3g50h9wNBTXcoIX82s6TlmstxisavUt87,A Google user,https://play-lh.googleusercontent.com/EGemoI2NTXmTsBVtJqk8jxF9rh8ApRWfsIMQSt2uE4OcpQqbFu7f7NbTK05lx80nuSijCz7sc3a277R67g,Awesome,5,0,1.6,2012-07-31 04:34:05,,
lg:AOqpTOHBKkiZcc4Gw8oc9Va-giH6vd_WD4xKuJht5KV9nVHwzZJv6XfR1aWIPzohETyzU37Q2HTCx91YUr4x,A Google user,https://play-lh.googleusercontent.com/EGemoI2NTXmTsBVtJqk8jxF9rh8ApRWfsIMQSt2uE4OcpQqbFu7f7NbTK05lx80nuSijCz7sc3a277R67g,This is not a app to download months before the test you should utilize the test a week before your test.,5,0,1.6,2012-07-27 08:21:42,,
lg:AOqpTOHYtbqS8WxNsFV2gQHxmagVwfE4ZeBLvDMrlWbmySlR6C-G3Bgc1alvpGBpe5G-YohDQGuL63deu-ZC,A Google user,https://play-lh.googleusercontent.com/EGemoI2NTXmTsBVtJqk8jxF9rh8ApRWfsIMQSt2uE4OcpQqbFu7f7NbTK05lx80nuSijCz7sc3a277R67g,Awesome,5,0,1.6,2012-07-18 16:52:12,,
lg:AOqpTOGs7YgDPHH9kl2BkxCHKJC6XoKSGReeCe3kKeFWKJs5A6yUmRFxQ1azwQYusxozIlhFEcJRYSA_RQjR,A Google user,https://play-lh.googleusercontent.com/EGemoI2NTXmTsBVtJqk8jxF9rh8ApRWfsIMQSt2uE4OcpQqbFu7f7NbTK05lx80nuSijCz7sc3a277R67g,Taking my nremt in 3 weeks hope this will help along with the nremt online tests,4,0,,2012-07-02 00:03:07,,
lg:AOqpTOEmnEtcAcbzcY6KONGlg1nmHVSpXFhUfj857G7rKLD_aPpY8GuSOHjbrBNKhO204R_BndRdaWJTPz-q,A Google user,https://play-lh.googleusercontent.com/EGemoI2NTXmTsBVtJqk8jxF9rh8ApRWfsIMQSt2uE4OcpQqbFu7f7NbTK05lx80nuSijCz7sc3a277R67g,I wanted to write another review stating that I have passed all my state exams and that this app was a really big help and the makers are so nice and helpful (:,5,1,1.6,2012-06-27 21:08:35,,
lg:AOqpTOFg8hsUXowYuit9hvzvQ6N1Z3AQAuT9-LPLpy_d_AgpB58Elf4Nx-2FmueYkDRwP_Rywx_0kZvBRwQZ,A Google user,https://play-lh.googleusercontent.com/EGemoI2NTXmTsBVtJqk8jxF9rh8ApRWfsIMQSt2uE4OcpQqbFu7f7NbTK05lx80nuSijCz7sc3a277R67g,"This is a great app. The content is fantastic and endless. I just took my nremt test last saturday, and I passed. I finished my quiz in 30 mins only 67 questions total.",5,1,1.6,2012-06-13 21:08:39,,
lg:AOqpTOEooESfS339KBeGZIo-GhcP6ijiscaTQIOHQMN4-l70ctCHgsV1zkw5THxLCDJsMkiibbwXq9TxI8lD,A Google user,https://play-lh.googleusercontent.com/EGemoI2NTXmTsBVtJqk8jxF9rh8ApRWfsIMQSt2uE4OcpQqbFu7f7NbTK05lx80nuSijCz7sc3a277R67g,This was great,4,0,1.6,2012-05-23 15:22:43,,
lg:AOqpTOFtHnWSDkZQW9a_jbWkqy_4pcTMjtdVsemIY3dSzwArouUSpH1S5qMjl8r1PMOP2lMbaJ2J9i_2b7JU,A Google user,https://play-lh.googleusercontent.com/EGemoI2NTXmTsBVtJqk8jxF9rh8ApRWfsIMQSt2uE4OcpQqbFu7f7NbTK05lx80nuSijCz7sc3a277R67g,Would've got a 5 but skill sheets were out of date. contacted micah he fix them right away,5,1,1.6,2012-05-13 16:23:37,,
lg:AOqpTOHbYiXu95AhjyzQCEGgj0qzKX47aEPHr2lhahRPNiDDpgD97UUel3tfccDaHkxhhVFVeuKuydOLKYS-,A Google user,https://play-lh.googleusercontent.com/EGemoI2NTXmTsBVtJqk8jxF9rh8ApRWfsIMQSt2uE4OcpQqbFu7f7NbTK05lx80nuSijCz7sc3a277R67g,some noticeable differences from Canada ems but still well worth the cash.,4,0,1.5,2012-05-08 23:27:49,,
lg:AOqpTOHD5J49fvAhe6kp4cL7hdZe6Jh0OR8ZHLzjeUYk2MEdQ0LR5w63sUP2v5E996WbSfrNwca2bkOueu4b,A Google user,https://play-lh.googleusercontent.com/EGemoI2NTXmTsBVtJqk8jxF9rh8ApRWfsIMQSt2uE4OcpQqbFu7f7NbTK05lx80nuSijCz7sc3a277R67g,This is pretty helpful,5,0,1.5,2012-04-27 22:40:27,,
lg:AOqpTOEre5RTXHra2J8LsfEUhoagRHzcVESu0MCvnV0VpuJgAL9s2oa50r5DbDngVKCdLb9ZaeyfrHUw96di,A Google user,https://play-lh.googleusercontent.com/EGemoI2NTXmTsBVtJqk8jxF9rh8ApRWfsIMQSt2uE4OcpQqbFu7f7NbTK05lx80nuSijCz7sc3a277R67g,"There are some things that are incorrect, but in general is an excellent study guide.  AED can be used on pediatric patients under 8y old. Thats why they train emts to use them even on infants.",5,0,1.5,2012-04-25 20:09:37,,
lg:AOqpTOFFy791jOk4V4QZctL2m4hLBOmf-1wzsvcgDfYBlEjLBI6sDacib2dJDPTyrK8P98aFM-aJrOHHnBin,A Google user,https://play-lh.googleusercontent.com/EGemoI2NTXmTsBVtJqk8jxF9rh8ApRWfsIMQSt2uE4OcpQqbFu7f7NbTK05lx80nuSijCz7sc3a277R67g,Good application,5,0,,2012-04-23 15:51:32,,
lg:AOqpTOHiEa5yXu2oDCCpTIif8pCBsCjc5ZKGV5bcz7QTdUhq6mtkxVvno1snnYnRxvpzueNiobDouIUNhiVQ,A Google user,https://play-lh.googleusercontent.com/EGemoI2NTXmTsBVtJqk8jxF9rh8ApRWfsIMQSt2uE4OcpQqbFu7f7NbTK05lx80nuSijCz7sc3a277R67g,I study this app like crazy for my national registry and I passed. It made everything so easy I highly recommend this app.,5,0,1.5,2012-04-10 21:29:15,,
lg:AOqpTOGW6zumRRfE8Yd3bm2uRcs3IAL6GFfYVnoSw7g7-_z-wBZCVVskcwoOAajA-miPScKJ5mRG-qUBqwmO,A Google user,https://play-lh.googleusercontent.com/EGemoI2NTXmTsBVtJqk8jxF9rh8ApRWfsIMQSt2uE4OcpQqbFu7f7NbTK05lx80nuSijCz7sc3a277R67g,Worth every cent!,5,0,1.5,2012-04-08 10:05:03,,
lg:AOqpTOEisI9VFZ_oEU1PyoXs_fYKkSvDcoj8-tSZ9vkEsENo9RRqBnw_CXkSJfpQ66YQHXoMujNfFHoqV0j9,A Google user,https://play-lh.googleusercontent.com/EGemoI2NTXmTsBVtJqk8jxF9rh8ApRWfsIMQSt2uE4OcpQqbFu7f7NbTK05lx80nuSijCz7sc3a277R67g,Very helpful app...but there needs to be a way to SAVE PROGRESS on the comprehensive quiz!! Its impossible to sit and answer over 900 questions without taking a break and then having to stary allll over. Very frustrating.,4,3,1.5,2012-04-04 15:40:45,,
lg:AOqpTOH7DFyCvAe6XTeIzOybrsEXdz2jQQk22wTwKd5B8TGSs-s1z5chzJZYUmUyeNdgOM98UJShrkp-Ju3M,A Google user,https://play-lh.googleusercontent.com/EGemoI2NTXmTsBVtJqk8jxF9rh8ApRWfsIMQSt2uE4OcpQqbFu7f7NbTK05lx80nuSijCz7sc3a277R67g,So far so good,4,0,1.5,2012-03-16 20:44:13,,
lg:AOqpTOEa9orXdW_VM8nBx4jSB0jDYmuKYbtOVwpZUJVMwAR3wJCzQEcTXsfrORrU8T3KN7DqAhMRMpZAU8Qr,A Google user,https://play-lh.googleusercontent.com/EGemoI2NTXmTsBVtJqk8jxF9rh8ApRWfsIMQSt2uE4OcpQqbFu7f7NbTK05lx80nuSijCz7sc3a277R67g,Finally upgrade to full version and it's worth every penny. The exams and quizzes are a lot more useful than I expected. Still I'm requesting an update for App2SD.,5,2,1.5,2012-03-06 22:01:41,,
lg:AOqpTOFjnR-rYeLjlMOJix4b-6fkJsEFcqMzMdqlXi9Y-e_2vxCFswG3NWyJfeEFBrwMXcBicU9h4FfA04GS,A Google user,https://play-lh.googleusercontent.com/EGemoI2NTXmTsBVtJqk8jxF9rh8ApRWfsIMQSt2uE4OcpQqbFu7f7NbTK05lx80nuSijCz7sc3a277R67g,Got this a couple days ago and it makes the class so much easier,4,0,1.5,2012-03-01 20:23:09,,
lg:AOqpTOFrihvVmyLCIDvOE7yhP148Vi_Gpq5MksB-2XmHFkYiUbFe5Ckx3DWas0S3Yzn54S-IBbsLaOS3sUkA,A Google user,https://play-lh.googleusercontent.com/EGemoI2NTXmTsBVtJqk8jxF9rh8ApRWfsIMQSt2uE4OcpQqbFu7f7NbTK05lx80nuSijCz7sc3a277R67g,just downloaded this about 2 weeks before the test will post and tell you what happens,5,0,1.4,2012-02-26 12:52:48,,
lg:AOqpTOEoOv9T9T_t4TYRKSlARMuO8Ts5_necI3yrzYw2VdlMZBiURw_g97ax1nLyjJejbyqyF2NH0gxQi4Os,A Google user,https://play-lh.googleusercontent.com/EGemoI2NTXmTsBVtJqk8jxF9rh8ApRWfsIMQSt2uE4OcpQqbFu7f7NbTK05lx80nuSijCz7sc3a277R67g,"Great app,",4,0,1.4,2012-02-24 11:35:48,,
lg:AOqpTOHKuJmG1HngdHA1ro73BbOonncbTxGsjCJ4CW8Jd0Iph6iME-GX4RLDDgITxXzQVpUYqs9Q16hbhBYF,A Google user,https://play-lh.googleusercontent.com/EGemoI2NTXmTsBVtJqk8jxF9rh8ApRWfsIMQSt2uE4OcpQqbFu7f7NbTK05lx80nuSijCz7sc3a277R67g,"Awesome app, really helps with the class!",5,0,1.4,2012-02-21 22:51:02,,
lg:AOqpTOFSTNRxME7_hTJEtX8oY9gGu6OF5aEdbBOM63k3XyJrKXQtJaNP6bHooPb6128ZqRoWAq7grG9GeC8g,A Google user,https://play-lh.googleusercontent.com/EGemoI2NTXmTsBVtJqk8jxF9rh8ApRWfsIMQSt2uE4OcpQqbFu7f7NbTK05lx80nuSijCz7sc3a277R67g,It goes along with the Brady Emt textbook perfectly. :-),5,1,1.4,2012-02-21 14:25:48,,
lg:AOqpTOEmoaM8nnDshtUtutr4wt6zAvByMzm-nbZGTNo4Lr_MCOadIu_xpVTvYSQ3uUQ_4bUuNcij0pgEgsRd,A Google user,https://play-lh.googleusercontent.com/EGemoI2NTXmTsBVtJqk8jxF9rh8ApRWfsIMQSt2uE4OcpQqbFu7f7NbTK05lx80nuSijCz7sc3a277R67g,Works well I love this app,5,0,1.3,2012-01-24 01:43:12,,
lg:AOqpTOG7fb6HfpfsT1vTjnsYmFVAvOwpU70hkItCsDiGnLOadufwgg9gou9VehopODgbOL59oVhTuhJYgFix,A Google user,https://play-lh.googleusercontent.com/EGemoI2NTXmTsBVtJqk8jxF9rh8ApRWfsIMQSt2uE4OcpQqbFu7f7NbTK05lx80nuSijCz7sc3a277R67g,Good app...its always good to keep fresh on ur knowledge. u provide a better report to the triage nurse when ur able to sound like you kno wut ur doin,5,1,1.3,2012-01-02 19:15:31,,
lg:AOqpTOHMRvvgwt2TipcNRW88oTmnTjU-2MUsgjRKx1aV_p5PZM0B5catzIihRf_CDwDJAAWm2UmBoL-mCjp8,A Google user,https://play-lh.googleusercontent.com/EGemoI2NTXmTsBVtJqk8jxF9rh8ApRWfsIMQSt2uE4OcpQqbFu7f7NbTK05lx80nuSijCz7sc3a277R67g,Even for a 20 yr plus Paramedic this is still a great help . Test have  changed greatly since I was certified. This app is current registry guide,5,2,1.2,2011-11-23 08:39:58,,
lg:AOqpTOGrwzK97QhwzuYBXZFtag4Yj9rqPC9pYE2oln9vUGhMQRzkFVf6sCKaiUyA6OSxcuPEJJ8IA5u9oxL2,A Google user,https://play-lh.googleusercontent.com/EGemoI2NTXmTsBVtJqk8jxF9rh8ApRWfsIMQSt2uE4OcpQqbFu7f7NbTK05lx80nuSijCz7sc3a277R67g,Very well done app but still needs some work. IE: answers from previous quesyions remain for the next question if the previous had more answers.,4,3,1.0,2011-08-03 10:02:05,,
