reviewId,userName,userImage,content,score,thumbsUpCount,reviewCreatedVersion,at,replyContent,repliedAt
gp:AOqpTOF-f6ITJC7x1kaxazXTZqBYGbE8EFHgjA7CACi9bgfgxHIomKNg8lKr3v1R5iVpZtd6SrNH8A5Gy_jBAac,Melissa Gordon,https://play-lh.googleusercontent.com/-y2lvYnpURiE/AAAAAAAAAAI/AAAAAAAAAAA/AMZuuclKv6qAsImZDtePFObuCAdJVfUceQ/photo.jpg,The app has lots of great tips for encouraging good language development. It has some good ideas for activities. Such a wonderful resource to help improve communication with my daughter!,5,1,0.1.0,2019-01-20 20:52:32,,
gp:AOqpTOEHM31IbX-V2KjiHOCMTE-fuMWKSK5tGdh8gzePFzyuq9reuF29dASce46eD7-fljdylJscgKsER3HA_3Y,Kim Ryan,https://play-lh.googleusercontent.com/-sgUJE-xYhcc/AAAAAAAAAAI/AAAAAAAAAAA/AMZuucnpoJYVpd6xrP1TXXgdzsgJDQuHNQ/photo.jpg,"Really like the week by week information, videos with Ella to illustrate the main points and a few words to learn sign language each week!",5,0,0.1.0,2018-12-09 22:11:40,,
gp:AOqpTOHUlgWj2OvNZx3TDMl31gY-l271L4Th5ekK1jB0ViNfcuTDEu803f9UJ7WUxLysZMHB9Wf2NF-IsqwzSm0,Jenny Ryan,https://play-lh.googleusercontent.com/-qN9xk5fcWs8/AAAAAAAAAAI/AAAAAAAAAAA/AMZuucmnU1ooJms4ftmLsfmKACt_oNIFwg/photo.jpg,"This app is amazing. Simple to follow, entertaining and extremely informative. I'll definitely be recommending it to my friends!",5,0,0.1.0,2018-11-06 01:39:13,,
gp:AOqpTOHVsGEVSCXnkHUm_XuVhKgssjQ6CoqenzGiKqZFm3Y0ts0zMHfVusezSGXV2IE7XbsjEUZZmJY4ySD9FFo,A Google user,https://play-lh.googleusercontent.com/EGemoI2NTXmTsBVtJqk8jxF9rh8ApRWfsIMQSt2uE4OcpQqbFu7f7NbTK05lx80nuSijCz7sc3a277R67g,Ideas are practical and easy to use. Extra resources are very useful and the real examples of interaction with a child are engaging and encouraging.,5,2,0.1.0,2018-10-20 00:23:47,,
gp:AOqpTOFIRqklVrnkFgfwjhD2-sYeY9Jv0NY_3_5bu4_Z6zRZZQkL3fYIIIL7NRgxjJXCJP7x7tBQiJgTdBOYzd8,Alla Artamonova,https://play-lh.googleusercontent.com/-_s1Yc-RrNhU/AAAAAAAAAAI/AAAAAAAAHto/AMZuuck5aEl-Od4wPqiJIN2yxKVt1Fuxng/photo.jpg,I can't recommend it highly enough! Very user friendly. I found it helpful and supportive when dealing with my daughter's speech delay.,5,3,0.1.0,2018-10-16 19:34:33,,
gp:AOqpTOFHIfp_GsYbk1zf7n7ztSvcej-Lc02zl9Z1_wIeZXv1D4icmtB6JySCLI0aFyjB0jiW2qbcIgD4ipYXf6E,A Google user,https://play-lh.googleusercontent.com/EGemoI2NTXmTsBVtJqk8jxF9rh8ApRWfsIMQSt2uE4OcpQqbFu7f7NbTK05lx80nuSijCz7sc3a277R67g,Easy to use and very helpful app for improving your child's language,5,0,0.1.0,2018-09-18 07:05:32,,
