reviewId,userName,userImage,content,score,thumbsUpCount,reviewCreatedVersion,at,replyContent,repliedAt
gp:AOqpTOGNFsuGL0VOlu4awH8Tqz-tt0h5bomPPTv-hI_Zm5EUVq77QZALD7i4oE5p0SP_oWdnTaxxIGAZs86Comc,Guy,https://play-lh.googleusercontent.com/a-/AOh14GjhKyl2qSdn_J1C3kH18Qagz9Zy0Zpl0tBbZzX6zw,"It's ok, worth playing, but everything is just too small on mobile screens.",3,0,1.0.16,2021-02-05 12:51:04,,
gp:AOqpTOFS5kGSbgELaILhHiNFtnn1XoHaVkbJv_63J0wwSK_mtBNQlbkxz4qmZkf-vMvEb0nAs0hQouTPQThZb68,Rey Liz,https://play-lh.googleusercontent.com/-WFxQzDFfkfE/AAAAAAAAAAI/AAAAAAAAAAA/AMZuucmJR_SprGhXE2n7G1Ngs4kIe4F7dA/photo.jpg,Really unique game. I wish I could find more like it. Also wish Me. Pumkins Adventure would be available for Android.,5,0,1.0.16,2021-02-01 23:02:25,,
gp:AOqpTOG1_sLxq-SSbdytC0zGanO_dH3oDMrQTQdobfGy6pFwL9qGJJSMvxGs0kb_RhcT6KHwcQpJGudJPYvM4xc,Will Carpenter,https://play-lh.googleusercontent.com/a-/AOh14GhEcksx9JlYX4tHDJLYc-lOm3ayK5FhkwCapDg9dA,Great game. Controls are a bit off sometimes but still 5 stars!,5,1,1.0.15,2021-01-28 16:48:14,,
gp:AOqpTOEuE98YRd96B5dRWEJThyeyUsk4V5nd8iD6crw4vcgQFgs025MsDk6rBSH0jwKODMwzGwks96fcnSSeTlU,Teodor Tokli,https://play-lh.googleusercontent.com/a-/AOh14GjTc_O05w_Y3WWGc8JiE3uomliDW4zEvjYud3rUGg,Perfect game.,5,2,1.0.11,2021-01-25 11:25:36,,
gp:AOqpTOFdre1rhslEpyQ-N6fgOpIIPyVvJOy4Gd1puQIOv9DEuDWDhBsSzx46g-ZCSMMHFwUZ1ARIp3H3_sydXaM,Marianne Saye,https://play-lh.googleusercontent.com/a-/AOh14GiB44XW7GG6W8v060ghwXx4bY3NZrfqffsXCGXEVQ,Loving it!,5,3,1.0.11,2021-01-25 05:12:45,,
