reviewId,userName,userImage,content,score,thumbsUpCount,reviewCreatedVersion,at,replyContent,repliedAt
gp:AOqpTOE5EZP6Yrg35BknQnjfMzRwCRkhdZCMUEyUciiP4_CzJULf2KzN6dm9eSJpJxCAc6m4WoLkFyEki3geI2M,Katherine Johnston,https://play-lh.googleusercontent.com/-nTdm2W3QVZ4/AAAAAAAAAAI/AAAAAAAAAAA/AMZuucn0eX2hjUMprkPwbClr3XBf-wGMSA/photo.jpg,Really absorbing and beautiful game. Love everything about it.,5,0,1.0,2020-12-27 02:15:50,,
gp:AOqpTOGCDL74a3edjh-wxgu4wlYia3UH2gnIvEchsFA5PAxnZgpgj9j1jr4orHT497K2R6KWA-zfceuFMJba04Y,maria ostrander,https://play-lh.googleusercontent.com/a-/AOh14GiI__fYDdq-KUU3fcKURpQhDDuU3eYcC2RjW9D2,Great game,5,0,1.0,2020-09-26 11:51:11,Thank you for your kind words! :),2020-11-16 09:37:18
gp:AOqpTOHTvofo5ejVALaRfNGexige9fg-8UQc0CD3KMas85_N3lHt3-IoHjgl_Q0UXTv9n_vpf7ymFHFI_M-lQio,Hayley Robertson,https://play-lh.googleusercontent.com/a-/AOh14GgBcdPAavkjC_h6EauuDt9ygu7UOkCV4AGCd6kMOSU,Absolutely love the range of games from these guys not came across a game I've disliked yet :),5,2,1.0,2020-09-17 13:55:46,Thank you for your kind words! :),2020-11-16 09:37:22
gp:AOqpTOEeUMJzKtq36P5tjTvn5dzuJsFhUhlKagYMEQAy1hTvX_QkctDfiDiI62nLGN8U4DIt7q_5KA0oxcviFVU,Hendi Siswanto,https://play-lh.googleusercontent.com/a-/AOh14GgeqXSb82YqKqJl-7CSXqDcZKBDTJJaha6DYTA7Zw,You will feel how become detective is dangerous with fun way,5,1,1.0,2020-08-20 19:52:24,We’re glad you like that game so much! Thank you!,2020-08-26 05:46:45
gp:AOqpTOEr3xzxlstV2Rz8n073WHPyFp9jAqHPzYOHdcLko7mq8OHN4F4LbfD6tWJaDdRpd-TmY9-szMsRxbFxejM,Jan Tweety,https://play-lh.googleusercontent.com/-eeF8xs29LhU/AAAAAAAAAAI/AAAAAAAAAAA/AMZuuckENLgXTSbDyrNMHUn0RyLVymEIJA/photo.jpg,"This is one of the worst game I have played under your name. As fair as the extra bonus chapter, that is a big laugh. It is nothing more than the first game chapters recycled. You could have moved some of the items",3,4,1.0,2020-07-29 04:52:32,,
gp:AOqpTOFixWlDnQF7ePyZ-peNY98FYGB2zKk8QdtZjdf-UfIHN1h5MGuA0DBlqtdTdnQDila3jrRMx6SifMQqtLQ,B Terrier,https://play-lh.googleusercontent.com/-TD3SsKE3jg0/AAAAAAAAAAI/AAAAAAAAAAA/AMZuuckVC--gTIna_fkr7gd6i9V7MHOhZg/photo.jpg,Great graphics and story beautiful and creative. Well done! HOG many and varied really liked that and puzzles. But story seemed very short and a bit disjointed Collectables only in main game. Short bonus. Expensive for time to play game.,4,3,1.0,2020-06-28 05:18:56,,
gp:AOqpTOHre-MYaYDMwmQ8sLH9neWRzUl5zbY2nIZ14cqc6Z3QDJWj0FpACm1egWAQQ2H84dKBYwFfJG6m3OdxnbY,M Sinzi,https://play-lh.googleusercontent.com/-jZ4wdf7n8Mc/AAAAAAAAAAI/AAAAAAAAAAA/AMZuucnoPi-CGwXkbWZIMkU4qX2T3tUcQw/photo.jpg,Another great game!,5,2,1.0,2020-05-26 11:43:13,We’re glad you like that game so much! Thank you! :),2020-05-28 04:07:26
