reviewId,userName,userImage,content,score,thumbsUpCount,reviewCreatedVersion,at,replyContent,repliedAt
gp:AOqpTOG1A2_VoJZG5gGSwCHfKMIIporX-_S8e-ocnQ5p4bPzsRmLcPis3UEfFv-7xKxHntDZwvrPc6FDC_N2IG0,Striker Gov,https://play-lh.googleusercontent.com/-azckm90IDgc/AAAAAAAAAAI/AAAAAAAAAAA/AMZuucnxm3YXavUBkMqRWxU6BASzd7bwSg/photo.jpg,The best topdown zombie shooter game. Very addictive,5,0,,2021-01-24 22:07:07,Thank you Striker ♥,2021-01-26 00:19:33
gp:AOqpTOERXYomHPWdA2JB04fUSVDHlbK2B3yE90IcSabNo2rPyq51VqMr1AZzObMlqYczGf15kKbIOQz_5mORug4,Daniel Johnson,https://play-lh.googleusercontent.com/-Uu8k6TlQ0zg/AAAAAAAAAAI/AAAAAAAAAAA/AMZuuclze2xYAVoUgFbOJmyjwX_ydzmalA/photo.jpg,Action+shooter+zombie killer.....awesome zombie game,5,0,,2021-01-24 22:05:33,Thank you Daniel ♥,2021-01-26 00:19:52
gp:AOqpTOHnnLMUSCKXa-SiAXjfjokEPwRrqPpoSKBoN3-tIRzkuO6dvZXVxsW_hWgqjzer4GI19ggvLBKBcZnkWWM,James Crowford,https://play-lh.googleusercontent.com/a-/AOh14Ghae8X2xGER1M7XYdn3qIkG-ALgAzf5lX0ie7vy,Uniqe zombie shooter. Best post apocalyptic zombie game,5,3,,2021-01-16 07:57:22,Thank you james ♥,2021-01-22 23:24:59
gp:AOqpTOFZOXeI1UmrCUGJ92WlM4ELKo9NV5HAgd1bgy-Ds3QILDh1FcELFUi_9j24l2eFaj0HVHMUANN0Xn7v9hU,مجتبی مرشدی,https://play-lh.googleusercontent.com/-CpfQ4oxNZ-8/AAAAAAAAAAI/AAAAAAAAAAA/AMZuuckJNUNxspdM2TCWn_0qHQ1nTU-DKg/photo.jpg,Best wave survival zom shooter game. Fantastic guns👌,5,6,1,2021-01-14 23:41:03,Thank You ♥,2021-01-22 23:25:26
gp:AOqpTOE5myUq_KjOJeHzwCgFc2N1wfPcHLr899iqj3TLIZj3IvEy4io2qu1s8gjuXVUOBbGAigkVBahmcsqkMgc,Russel Miller,https://play-lh.googleusercontent.com/a-/AOh14Gi5Un-oEJj7jEPflk2c9LGnUfeOpb7xE7h-bJKU,Brilliant top down zombie shooter game.great job👌💥 beat walking dead mood game,5,9,,2021-01-13 09:47:08,Thank you for your feedback. Any suggestions are welcome. :),2021-01-15 10:46:14
gp:AOqpTOHnlSqWWLxPvK0qJ-arVNdZ5cuzArRothhoA2We2QYO8jlhEwLdA-uak_N3b6BpyADJw4qJnYKc47X8Gs0,Jeff Aniston,https://play-lh.googleusercontent.com/-1i7hglPCGKI/AAAAAAAAAAI/AAAAAAAAAAA/AMZuucnQmKcJLZK7R5QNUh89n7zvznR8wQ/photo.jpg,Awesome action top down shooter game. Guns are free and fantastic🔥🔥 lots of maps and zombies to kill,5,9,1,2021-01-09 22:24:05,"Thank you so much for your encouraging star ratings!
",2021-01-10 03:23:23
