reviewId,userName,userImage,content,score,thumbsUpCount,reviewCreatedVersion,at,replyContent,repliedAt
gp:AOqpTOGleVmmbmltTNOGKeqPi1qbDxjBy_2YY9gSuZzbFuqdHqnD5IB-_6_M0NoGXfU5VMupbwsjr79N38oNPg,kamille kaye tan,https://play-lh.googleusercontent.com/-G4PyP-D65rc/AAAAAAAAAAI/AAAAAAAAAAA/AMZuucnBJhx6OGftDmmvs6ITqz6txcptEw/photo.jpg,i'm using fitbit versa 2 and just downloaded this app yesterday. so far i can capture pic using the app and pics are stored in my phone gallery.,4,0,1.0.3,2021-02-04 21:19:48,,
gp:AOqpTOGQmJQT4NMPnId498fowsPY-U-aKLM1zCOfkrvxwIQShNJAZhuJS_Zyn33zPPPXprT6ks4t0vQV-Oo0TA,Danita Pitts,https://play-lh.googleusercontent.com/-Z4leQR15CxI/AAAAAAAAAAI/AAAAAAAAAAA/AMZuuclA2Mu8aj6V3k1d6IGWzIeqtW8HgQ/photo.jpg,Awful. Would not work.,1,0,,2021-01-30 20:12:57,,
gp:AOqpTOEgDY_6GjMRy85oG26LJ_BCvT__iTuogY4agkx5i12IRlxhMA6JTuoluiXvbkUUqyUGUjTSqpWJOtyt7w,Jenny Amastha,https://play-lh.googleusercontent.com/a-/AOh14Giab7owdnJF9UziKIgptq3lSgJnijFs6aT4gIcDkQ,"Never worked, always got a camera error message and followed the video steps carefully multiple times and also de FAQ recommendations and nothing",1,0,,2021-01-15 02:30:50,,
gp:AOqpTOEpJrMZXpykSzVbvaaeQ_sUXGzgbfRs6RfeTY4AFiPgnx__5tgKAUmCl_x6bv6KVXS06u6qnXvJj_Znmw,Savannah Denton,https://play-lh.googleusercontent.com/a-/AOh14GgT_T8mr0yZDOUPLI51kQl53eQtzPbYSoGMRSbKIg,Camera Quality is terrible. Not worth the buy.,2,0,1.0.3,2021-01-11 16:22:19,,
gp:AOqpTOHqS5OTFS1Ut063UHU41RaZb_GOkRjw-xfFl4xOkPZmtGLSdr-EMI--9z7rMgQHcaUACBLLkB9odyw4gg,jeffrey austin,https://play-lh.googleusercontent.com/-HbVW6x_pj-w/AAAAAAAAAAI/AAAAAAAAAAA/AMZuuckoF4Q9fRp0gXqZzcG2jGr-EdRmPg/photo.jpg,"Ya dodnt work..I suggest if ya have a app that tries to stay current ya keep it atleast in the last year to current phones.. bought it and its so basic yet doesn't work.. Bluetooth connected and all, yet it can figure out the simplest thing snap a pic..!!",1,0,,2021-01-08 09:28:17,,
gp:AOqpTOFCjzTbDX00Wzkk8BdXdzeAGj9eGXPZgEYkNiC-M8FFmV1KZFRyR_khTYHcXbIAmfTkjLukscrLPEynrQ,Jill Marie McKinney,https://play-lh.googleusercontent.com/a-/AOh14GgP90dgIoxVU4HFm4T3VwnUueUizh9jHk7DAbYQNg,Would get an error every time I tried to use it.,1,0,1.0.3,2021-01-06 08:12:42,,
gp:AOqpTOEuOeJTmyjz-7Je1zc5U03DT2502hVB2AY_rGp0Ev4Wmxn_PvVBI5--IF7TDbFtHz5GqLD8z-RJ8CmBkw,Stan Bahorek,https://play-lh.googleusercontent.com/a-/AOh14GgGDnUo7c46NSconAsAgQa-zMMPEZxXgZ7dWEC96Xk,Way too many problems trying to get this to sync with fitbit watch. Developer says it's an issue with the Fitbit sync but nevertheless it's not worth the hassle.,1,2,,2021-01-02 14:28:02,,
gp:AOqpTOGDYGCbN2ibyM9tyFYq7WO7v3euj4rgb3iInpygmizSqjUEIXWVBNoaP8gybYfUcrZAGkktXBs5zz_tMw,Carl D Lewis,https://play-lh.googleusercontent.com/-1fWgalWB_4c/AAAAAAAAAAI/AAAAAAAAAAA/AMZuucmFj_vlEbEMtH7Ct9sKp2-fWbQQfg/photo.jpg,"Worked only once, spent an hour trying everything to make it work again!!!",1,4,,2020-12-26 01:50:38,,
gp:AOqpTOE9tpizUXWTj8_zcblNxxWFZKf5-jfk8EKNQimvw4DuI_Q-c3Pe8BTYBGaQ-yZgGCYmaggC60vSC5IPkA,Maddison Benavidez,https://play-lh.googleusercontent.com/a-/AOh14Giz9PPPlVOWgrSk6wSeavc8Z_Jckf66tFxoLoAe,This app is terriable or whatever the pics won't save it will not even take a pic. Do not recomend it is the wost thing you will spend 1.99 on,1,8,1.0.3,2020-12-25 18:55:43,,
gp:AOqpTOFAaEfa7fcE4wLe7CwtWCFePTIvKgpP9R93X5f437Yd--mARJ9WZM88i3vCBoVpkG8iVYfRONrv1yF1dA,Kizer Fitch,https://play-lh.googleusercontent.com/-ML2rMzu2JJE/AAAAAAAAAAI/AAAAAAAAAAA/AMZuucmNFDQC-KhwvY8Sc6lHE2CJ2iL2Zw/photo.jpg,Does work,1,0,,2020-12-18 20:53:51,,
gp:AOqpTOHt8PLEtAHJa3ycMw6hUYBKmS4Fqb2dkbd4RUSOaeKbCkhoHctWPnTApyxxyU6uqHiYgWprtfbUzpBFpQ,Cassandra Martinez-Jimenez,https://play-lh.googleusercontent.com/a-/AOh14GhfAfS2FVVs3oyb4IV2xJZ6_295SXwYLUhZtMao0A,Horrible app does not save pictures to the phone and I cannot believe they actually charge for this app its absurd!!!!!!!!!!!!,1,6,,2020-12-13 15:59:28,,
gp:AOqpTOERfI9OSq_cDu7uYirZNC8_JwgEKJnYVwDYMRBDYLlQKnLiAueBMQ1HDwqrFaS2jKEb6EdrwlJeVd8xlg,Lisa B,https://play-lh.googleusercontent.com/a-/AOh14GhO2WdsttaGNVLKxYh-YsSLJLKj2tsV3gogxkSx,Didn't work with my fitbit versa 2.,1,0,,2020-11-28 19:27:20,,
gp:AOqpTOHKxcoXuUODtivvAxlwXgFUllzCAgrWs0tknpteFzlfqLdc8Dtz1I-MI4mcBpztvpjw2p-sEWqDGPF-yg,Claudia Jorai,https://play-lh.googleusercontent.com/-A9_or6KXzMA/AAAAAAAAAAI/AAAAAAAAAAA/AMZuucl_Kr3NMX_VeADAac6jBvQacAfnPQ/photo.jpg,Worst.,1,0,1.0.3,2020-11-28 04:17:53,,
gp:AOqpTOGhOVAvriZBFt2JlN8loiKuk4Ms9DAH_0bEJmOjsozyXD9Drrr06Vl7f9Q4Il54b7mszP7alomyHJIirA,Sam Breyley,https://play-lh.googleusercontent.com/-bVNMY7X4ghY/AAAAAAAAAAI/AAAAAAAAAAA/AMZuucnUuenjo8Khjagc_6R3Rivy5k-JCQ/photo.jpg,Camera freezes and doesn't save the photo,1,0,,2020-11-26 10:23:39,,
gp:AOqpTOFSr0M8GSDtL52YoJJGFc7EKV43HINdNTrcWuj92lzk30ymVvKrwsYqfoLPXq-q_XlwxArjG199fyQWsQ,count zero,https://play-lh.googleusercontent.com/a-/AOh14GiJhtX8ExajuR1p91h0HgIOmdyD7PSIz7ssLzoQEg,Doesn't use the superior pixel phone app. It uses a bad internal camera capture. Very slow and causes an error...,1,6,,2020-11-17 17:30:54,,
gp:AOqpTOHJvnt1Ga1H_y6kuzNG__2fSdsOGKTRcZSUKiMCB7vMoqgNwtChzlFChAOChrzb5HJSOEB6Ooton8naqg,Michal Šotola,https://play-lh.googleusercontent.com/a-/AOh14GjONLVril0G4EJwU7DU6Po2E3oyPRy1Pb5m3i17OSc,Doesn't work for me neither with my new Fitbit sense and Pixel 2. Wear os did it much better.,1,2,,2020-10-31 12:18:31,,
gp:AOqpTOFAuuBB-tXx7rcMtEdKe8A5WdPJr24v0fCdhM6y-L2omwYxrAKQDfsQEqqa8gfnirLTzw7kvEsm4ypSPw,Caelyn Clepper,https://play-lh.googleusercontent.com/-DJWcUCvN87I/AAAAAAAAAAI/AAAAAAAAAAA/AMZuucm9zKzbX-WxMoSciNaBrWBqqlroXA/photo.jpg,Doesn't work,1,0,1.0.3,2020-10-12 14:35:13,,
gp:AOqpTOGwAx85kCZNtZLdoVQoZKfXX41Up19IryYvH3nSKWLIJ9M3QwS08Mh_a--Xc9G28Zs05c_qHitLzXtdeg,Mike Mumau,https://play-lh.googleusercontent.com/-JIlNmjKqNQw/AAAAAAAAAAI/AAAAAAAAAAA/AMZuuckSVlAnXKgnq3l8q-tXpJ0m4lC_5Q/photo.jpg,I got the app to work just fine. Worth it to me.,4,0,1.0.3,2020-09-13 16:02:29,,
gp:AOqpTOFEsbS-7NtIqlOGkleDrp623LLlddBvlpcU3vhgK9GhCSpRZuSnBPGxTZvFnny3FFItxpxU26kqv4PC5A,Mark Lunn,https://play-lh.googleusercontent.com/-91vwgusMi34/AAAAAAAAAAI/AAAAAAAAAAA/AMZuucliBTtUQk56Vk01M3W0E9vlGIfVIQ/photo.jpg,"Absolutely rubbish, do not waste your money it. Poor poor poor",1,0,1.0.3,2020-08-02 06:27:03,,
gp:AOqpTOFN4GEnHXS9rPHOu6DAZQ6VSP-v_mJLfdna6EACFzUN2XhZPA4ByAXPWXajFuEoXOnqRRz1KKZAaCIZgQ,Nina S,https://play-lh.googleusercontent.com/a-/AOh14GjtOSgGR0ftIejH4iuLerS852A_tR4MLtmDQidcTA,This doesn't even work. I want my money back. It crashes every time I take a photo. Useless. Don't waste your money. It sucks cause this is the only remote camera app available on FitBit,1,16,1.0.3,2020-07-30 14:45:11,,
gp:AOqpTOGGEmpv0wD2k-S7T2lF23Ph_sTUQFLrupstyiA0HeFo_mPObXmbjtGjAMcoGG1kQVeFpaYj7Hq365gsNA,Bradley Clements,https://play-lh.googleusercontent.com/a-/AOh14GhEuQ4uaM1N5tTeV1Gsz2ta46dkYE1DYsSBpBmoRjE,Not really worth the price. Takes photo using main camera but will not using front facing camera on OnePlus 7 Pro.,2,1,1.0.3,2020-07-28 02:37:18,,
gp:AOqpTOEf76jJMxx9OOt5h5dc88fGom6T3nzTcTX0IRKkzrxP6EPF3op_0R-V4N6R5cT49njeaNjz-DXV4xmiJw,Audrey Keith,https://play-lh.googleusercontent.com/a-/AOh14GhYy0873khMLr44ViHNwznDx6PWUiCTxd9_Lzze,Does not work no matter what I tried. Even followed the YouTube video. Have a Fitbit versa. Save your money don't bother buying,1,3,1.0.3,2020-07-22 20:16:30,,
gp:AOqpTOFzji7RDAscLQh94oMW-1BL3FGQ-eur0vxeSiRNettmZ3NjTA0gG0PL9LcTnV79w1SkzV1C1F2bNlmKhA,Kristin Barnhart,https://play-lh.googleusercontent.com/-jx_a8Fr3FXY/AAAAAAAAAAI/AAAAAAAAAAA/AMZuucmTIdv_ga3DhqVSjqZ2SY5lmUJabw/photo.jpg,It will not save any pictures taken. I can use the app but it won't save the pictures and keep getting the camera error message on my versa 2. I am very disappointed.,1,14,1.0.3,2020-07-22 07:10:26,,
gp:AOqpTOFyyKIV35H9lWRHZb40z8aQMihWhJSlmSftSatFFhZo2Xcr4gvGMN5OC7maClY_l1Pw1C26nkdHEZOx2g,Lysander Preston,https://play-lh.googleusercontent.com/a-/AOh14GjTyM35-RolcM8YmI1mkZWhBPqnqjsxdfWaPZpUUyc,"Dreadful app for the price. Always receive an error when trying to take a photo and if it manages that, you have to close the phone app and reopen again to take a second photo, if your lucky. You might as well just throw out your money than spend it on this nonsense.",1,17,1.0.3,2020-05-26 05:17:48,,
gp:AOqpTOGXHSYJs9QsmkH12KpizrlHKYpA-J5Ay5ZPyHwtbyNQOzswymUtZG4X5RCiJKzmP7-DZ-JuZPuzQoNe3Q,Bonnie Billups,https://play-lh.googleusercontent.com/a-/AOh14GguAdiToH9xGaphBqHJl8bQUYrh88TIxWMjhyBH,No good,2,1,,2020-05-09 17:05:29,,
gp:AOqpTOGM_9c0QasUE4T4JiJNwwx_a5MZEe6SZ12gsIVnpnV13czNwqkLT7ncStjTMypXenDwerZ7psZZmc7jGw,D G Roberts,https://play-lh.googleusercontent.com/a-/AOh14GjnSEhQ953qPnQFZLngY26-WMHvYtWhpbvGrmnA,I have the Versa 2 and Samsung A8. I followed the simple instructions and it worked flawlessly. Does it show a live feed? Nope. Is it quick? Nope. Does it do what it claims to do? Yes,5,6,1.0.3,2020-05-04 19:06:02,,
gp:AOqpTOEOwTNn1czKyhJSHUwn-3eXwWD5Hlj6bmVs37YsaukZJ9yn26iZ-wyCU88JrorTkGe9OyH7HPVbOBA2AQ,Kallyn,https://play-lh.googleusercontent.com/a-/AOh14Ggd_yxEHS2D9ujyf1UPXs0sInAVBn9k_OO1GqO7vNo,"Paid for this app hoping to use my Fitbit versa to help take photos but after attempting to use the app many times, the same ""Camera Error"" message kept popping up on my Fitbit screen. No photos were saved. Did not work as advertised. Don't buy!",1,18,1.0.3,2020-04-27 15:47:08,,
gp:AOqpTOHA3mrL72cLzVJZJNL8w7Fr0NjgYRSD9Or8fkKFeH3dw40mTOkS2NoLrOrJ4L1uR_hBguPYPuJgidEKZw,patrick nett,https://play-lh.googleusercontent.com/a-/AOh14Ghc76baIGqmcFF7bgLjL9yksnhH0BIwETibvQ58hA,"Paid for the app and it won't connect, it should be a free app if its unreliable. Worst app I've ever seen, would give it zero stars if I could",1,13,1.0.3,2020-04-19 00:51:13,,
gp:AOqpTOGwYTumFGrtbdlA1Qq91s7bcPg6ysFrP9TqQalpZoH-V6jlLLUtCEuULpcuqyt3P1c4SKpNcBaAEwQXYg,Josh Hansen,https://play-lh.googleusercontent.com/a-/AOh14Gg_mQzU4-e6cRrirSo-jBRZ0Z6tqenyibC5ndXgCA,Keeps force closing. Trying to take a picture and every time stops working. No good. Don't waste your time and money.,1,18,1.0.2,2020-03-14 17:08:57,,
gp:AOqpTOE6WuNOe1MaCEOWohTv0yIzfUW3ohlbWkf9mIjhEpupNUMqNhzg1fbuAgz0IoFWU-VJZomJci93SNCa1A,Jerome Brown,https://play-lh.googleusercontent.com/-f3IYEAnDCGw/AAAAAAAAAAI/AAAAAAAAAAA/AMZuucmUgS7Ng9a3e_lNQkZBfBnYeYsjDA/photo.jpg,App never worked. Couldn't take pics. Kept referring me back to the website which referred me back to the app.,1,0,1.0.2,2020-02-20 07:11:29,,
gp:AOqpTOGGeWfWce_oZs71xzNGRYNrAUWyW0ofVJ8C0Sj78aOiiycCrTAIcHe-oqBtYy0MRTcy-OCFD6EO-XHgDg,Dawid Zmuda,https://play-lh.googleusercontent.com/-gjyEw1l1uZY/AAAAAAAAAAI/AAAAAAAAMhA/AMZuucl42DzfXp4Hmd8SvKc9T1q_kf8eDA/photo.jpg,Does not work after purchasing still tells me to go their website and never captures the photo,1,0,1.0.2,2020-02-15 06:41:06,,
gp:AOqpTOFqvNJi0JEQmZspAHBN8yiUM8FTbD0370HS62kM4DapBri3fW5tkPxzdV_qIGx4mB-mCoh3ranMwnMqjg,Evan Morin,https://play-lh.googleusercontent.com/a-/AOh14GjTpVdbteWVnJOLgP9JuL8RlVKIEw8SJ1dEo9Z81Q,Doesn't work with versa 2,1,0,,2020-02-08 23:04:34,,
gp:AOqpTOHOrLOsupMQfRiEh0ggfCffM0w_Jww_SUPsighNZ5nEJJuERN9Ze0h6LlI3WAKWYUvH5YNVplyfTYTjYQ,A V,https://play-lh.googleusercontent.com/a-/AOh14Gir4r0CdxkP3W6EBPtFRRhCr9BX87116QoGbpoVOQ,"Confirmed, does not work.",1,0,,2020-01-28 07:35:47,,
gp:AOqpTOGb1oTj-N0dILPpCWXTGSxmir4cTHjBiDZBwUMmSOddbPXKqZmZWMc_785qmZUiyIWkzDac81Y_C_d0Rg,Jennifer Rumbolt,https://play-lh.googleusercontent.com/a-/AOh14GjapNiLB2DaEryI3Mr4hp53f_Qps_qtuSWlVPnKvhs,It did not work.,1,1,,2020-01-22 19:06:10,,
gp:AOqpTOGZDiQJ8H3-bR2edb4kM6Eg_KVsbWcSuwWy8okfBwfaUVMFKar7N4vcNZpagIE-0hohLSRNZcZVlkYKUQ,Jaymesha Dawson: WeatherGraphyTM,https://play-lh.googleusercontent.com/a-/AOh14Gjb8g3w_ZJqZV-VKilPLWP4obE1cMt11ZhQH9Cr9w,Will not work with Versa 2,1,1,,2020-01-10 21:17:56,,
gp:AOqpTOF3mT71MoyDSamG0xrFK1CITTr778O4l1qX627HILQQE02DRP6XbnaOa0AhKwtfEDCVYaiPOdbB8Y6gDg,David Telford,https://play-lh.googleusercontent.com/a-/AOh14GigPAIPj3p3mjAKqEVACOGESwdHosc3QwWIUso1Hg,Didn't work with versa 2,1,2,,2020-01-03 16:27:02,,
gp:AOqpTOEf1Y1u0UAQdbZUjNoo7u0r1l9tI27_aCcN2ZmQ1cUcrEToWALE0mryHHtcYU12Rs5l8eeKRV-lbqzZMw,Chris Byrne,https://play-lh.googleusercontent.com/a-/AOh14Gi5YdLl5kzqKavJQ6L05lPgngYSDI_B3j9BsgwS2g,What a waste of time. Following the instructions for the Fitbit are meaningless if the app doesn't work.,1,6,,2019-12-27 13:13:57,,
gp:AOqpTOErc5VwKyeglKFWm8Ew2lhLiujMFqCq6OlayE5ZXkuZno6huF2matcUTMB3PMKyakRtwTn5LWu3XNXweA,Heather Taylor,https://play-lh.googleusercontent.com/-23cv85_fxzM/AAAAAAAAAAI/AAAAAAAAAAA/AMZuucl1pS94RZPyvT4IGK3D4iGOSwwrCg/photo.jpg,"If I could not rate this app, even that would be too high. I did exactly what the instructions said. It does not work with the Fitbit Versa 2. Don't waste your time.",1,25,,2019-12-26 17:08:09,,
gp:AOqpTOFwkoAw5JuLiNA_0mWOFA5TtrPhvaYQ5oxNONMNGCI0_Hol6za-YOo0zlNVarHV8VAQ6-71MghD3m2GZQ,Kaylee D'Arpa,https://play-lh.googleusercontent.com/a-/AOh14GjLN7P7a7qfFwGb4EbaaSE5aUW020ldC679Hsl3SVM,If I could give it 0 stars I would. This App did not work at all. Watches video and FAQ. Horrible app.,1,2,,2019-12-25 18:00:24,,
gp:AOqpTOEzFqy3JYMdma8wYkKPtf52tE9ETqoCSTknFpYowr8TGBxKg60UtsCiWWRQyYNq9Ig79lq4lObtFvRSug,Daniela Pérez,https://play-lh.googleusercontent.com/a-/AOh14GgnVW3xxwsSIkgY85wL0GEcg-J49PCXNtFNPiCH1g,Doesn't work,1,1,1.0.2,2019-12-25 14:59:15,,
gp:AOqpTOEctHEvXcu5piZggskfGrKujk-8hAdW0N63kwyG8kSsRmRBuGysDAF-6oURKnkkXNSbWnWtNtQIG4S2Qw,Raul Hernandez,https://play-lh.googleusercontent.com/a-/AOh14Gg3kzQJVaTac-WCHjSDvYz1iMF7T87HWmTZJNQn,"Don't waste your time and money! This app sucks!! Is not even worth the time you spent downloading and setting up your watch for this... Y I should've trusted the other review but I decided to give it a try and you are thinking on try it be quick so you can get a refund from the play store, because believe me you'll want a refund for the waste of time....",1,38,,2019-12-23 17:40:05,,
gp:AOqpTOERAKTj6OHRUARRy-bbX5x978GPzYnlH5Cet0LSThv20c10aow5WR0NB1cBi3E2NmF_FgSeQhyPuL07pg,David Diederich,https://play-lh.googleusercontent.com/-orHP1TgdYRs/AAAAAAAAAAI/AAAAAAAAAAA/AMZuuckGbktwls5v0EG4ukuvMIgNFgQY7Q/photo.jpg,"Does NOT work, waste of money",1,1,1.0.2,2019-12-23 09:28:56,,
gp:AOqpTOEfvudrnA_gA8AUNS2NW9YdsslTa6dsGy3pJILJkXY3YO7b7fJkkC4f0SqVu3aP2BXhaCNsdDQseSQEaw,Shorty Rodriguez,https://play-lh.googleusercontent.com/-JfLyuaWvbfQ/AAAAAAAAAAI/AAAAAAAAAAA/AMZuuck7S4dUw0kTLxd2bX0XRyUiNRyorA/photo.jpg,Doesn't work I have connected it n it doesn't even work waste of 2.11,1,1,1.0.2,2019-12-21 12:54:09,,
gp:AOqpTOGpRjNN4saTeZpiJLj9mJ-6SsUxK3cp3FJUMSeQGF_e-IqFCD9Xm2TDXFU6Pz8vw1hZ4nbyNsXNq3KJUQ,Tony Ort,https://play-lh.googleusercontent.com/a-/AOh14GjEUJ9aZBj7d9QQWnJRPMy_0ArTz3B8ELr7bb1MHQ,Does not work with Galaxy s10e.,1,1,,2019-12-05 06:46:40,,
gp:AOqpTOEpC3zceVwBuqKFhhC4NPPk8UyCitBH25GlcCJ68dfeh4IRjG0Dnhkn5wUpl7xcuNJMMcoMyRS0YfZ0iQ,Bart Landry,https://play-lh.googleusercontent.com/a-/AOh14Gh_oenPu8twIBw6yE29vMzAE63dbkasoDvIKjx_Pg,Did not work with the note 9,2,1,,2019-11-23 23:38:58,,
gp:AOqpTOGVuQaRWK7fs7mB7UceJTvlTElg0oeXYTn_xNalrOj1JWWXAAPpSRnj1JIdd4pujrAlf8OImpJVQJN-1A,Siddharth Soni,https://play-lh.googleusercontent.com/a-/AOh14GiNOBA4pxmMaKt-NOj8BqTnslTwH6i7bm27lHWImA,Waste of money.. keeps connecting.. and till it gets connected.. mobile screen gets shut down,1,7,1.0.2,2019-11-14 20:57:37,,
gp:AOqpTOHObjqXidTOPEYsobP0AhjC72KW3RXWJBjnwkEVcOX7RpFg70ihJ8k_WWd-_LjF6aIX1WzY4B3_eqGJsw,Jason Gagliardi,https://play-lh.googleusercontent.com/a-/AOh14GiWxlX7x81t2pP_EHAICCGuUl3acFNPW3DU_t5RRg,"Worked great, can't view the picture on your watch but no biggie",5,1,1.0.2,2019-11-01 10:15:56,,
gp:AOqpTOEQBwqBZcixa7VY0bl2HTRBxs-Xn2A6UhLvB55eGyzb3Ic7TnUCVmXFA_U3ZXn03aOprmJ4vt-Z8DnpLg,eric boese,https://play-lh.googleusercontent.com/-WGRssHpbpY4/AAAAAAAAAAI/AAAAAAAAAAA/AMZuuck-p02-oAO15sFPUxwEBY2UPGOPrA/photo.jpg,I wouldn't even call it. Absolutely junk!,1,1,1.0.2,2019-10-13 14:00:34,,
gp:AOqpTOEcjlnTDHvDWFPTf3-Ejw3ciJFYORryaHB5ujGzn9KxPSQh3QrvUYuBurD_iK2e3a6WRYn9G2927BFTjA,monkied1892,https://play-lh.googleusercontent.com/a-/AOh14GgzND7R362DOIKBpU9fQeTpBhSnb7i_Z0HVFLHogSw,Absolute rip off! If you go to their frequently asked questions all they do is blame fitbit. No refund no nothing. Google should not be recommending this app ☹️,1,3,1.0.2,2019-10-11 12:33:48,,
gp:AOqpTOGgosaLV1W1eT604TNqC5D22F_6T2qfwwDQmUWc4e9zjpWz2rp5_RYW2lXQI1x-2QFc5iIvOa4ueswzNA,J Sera Masri,https://play-lh.googleusercontent.com/a-/AOh14Ggt9rVXrHQah-ASBSX-TasQYjzloi1TSTyTdPwnfaE,Wasted of money. Not working with my fitbit versa lite. Follow all the instruction many times ady & ended with uninstalled.,1,3,,2019-10-08 10:37:32,,
gp:AOqpTOGb7ClJGL8xksSHEdbIJ7pD6Rcy1v4flZG22JJm6BBQfW2y-CnlSa-aXQX2j1jXYGZO9f2_1ntw_8y34g,Josh Gerace,https://play-lh.googleusercontent.com/a-/AOh14GiocQG9ICFiby5_6-u4fw5m9h2CiPDMZZvWP1w-zjA,Useless I has to just refund,1,1,1.0.2,2019-09-30 17:22:24,,
gp:AOqpTOH7L_Ardtb_dVs8jRNCNxGMNsQGorqaPIe9XNLR1qYf-MJ14s8jIadV_RxCAQLcvGA8S5hwys308l2gug,Teresa Wilson,https://play-lh.googleusercontent.com/-duiS8myILIM/AAAAAAAAAAI/AAAAAAAAAAA/AMZuuck9yt2y67y0K-2hdOnpAjDHNtYKVw/photo.jpg,Frustrating. Could only take one picture ( on my Fitbit watch) after numerous attempts. And that picture did not transfer to my phone. Followed the FAQs but was still unsuccessful. Nice idea but will not fly. This was definitely not worth the money. Don't waste your time. Feel that I am due a refund.,1,35,1.0.2,2019-09-27 19:47:18,,
gp:AOqpTOELg5vDxo156NWQf-zCQPzd4aZcwqqdO-t1419R5dIouCwbNAEnmd7pdbawx8aqf17wTs4QooFQXZlvBQ,Lacey Iley,https://play-lh.googleusercontent.com/a-/AOh14GiKTPvE4C4P6Db2eunojWdyJbi2JEVJSkxigeVU,"This app is Junk, nothing but errors. contacted the developer they do not refund and getting one through Google also seems impossible.",1,8,1.0.2,2019-09-26 15:34:44,,
gp:AOqpTOFvtLYABUqeoiyhptPrNBSagKr9g7AIMwdlQ83hxdw70dhi_Qy_qrCLvupdBqRaf5hjbpQRF6l7kYmqHA,Julie Bradley,https://play-lh.googleusercontent.com/a-/AOh14GgUbjfVypt2qQrlxgjfmBh6bGB_8LQ0v9nJlZqG,Does not work and won't refund. Not impressed,1,1,,2019-09-12 08:46:38,,
gp:AOqpTOH9b-WFiBIHKmN8evOzQiLmM2WuYnZaVNgB1rFCIjFQHwX3vdafeD3K__fubTQR2uPE9f4UpivnIMkiBw,Abram D,https://play-lh.googleusercontent.com/a-/AOh14Gg5Gc6zTuqO8Zz0zRTka_XKjMfvuo7mthn9Onbi-w,When I click to take a picture the phone screen turns yellow and doesn't do anything. Then the watch says there was an error. Waste of money.,1,2,,2019-09-04 23:07:00,,
gp:AOqpTOFQs1K_nOWwIHtqzTyws3q63dhxdzMKTSBsaV7jk8y6aMRn-EzazgwNYaD--nsJaiYGW5Ljybb7BRLFrg,Rose Devyne,https://play-lh.googleusercontent.com/a-/AOh14GiCDKtH4KqI0m9W133ge6V9q8hw6pdtfzSzkMPLnA,"Didnt work, error message continued to pop up.",1,2,1.0.2,2019-08-25 19:37:43,,
gp:AOqpTOE7Kug5gSfjwAKWUoilg9K5do8xT3qikk377Jr7AuhoIJAI6aQhVcEJhtPvLuzceadC1mhE_IvcCIF9nA,Salina Guo,https://play-lh.googleusercontent.com/a-/AOh14Gj_Y9y9aOFjFsZbuu3Ju3_ZQGiL_1u7hvo9KJjMmg,not working. i want my money back.,1,1,1.0.2,2019-08-22 23:38:23,,
gp:AOqpTOH0RfXaMIjdTFnJGVZ9_fuPnQ-iEYBmOKavG7LEzzvZERYksqatJFpah1rk53FhjnozrVoM-mnaXunPdA,Lisa Cook,https://play-lh.googleusercontent.com/a-/AOh14GjJqlEAiNCC5x_oqR8hsLxzB7loEHoW2yW3o3ybKA,I have downloaded this app and pd. 3 times and constantly getting an error message. Not working. Very disappointing,1,4,1.0.2,2019-08-22 18:59:55,,
gp:AOqpTOG1NXRNZovyB2LOG3o3mWeX09ALJfUkj6O51jCqlF0LehDmcAI_RqTxv6iZVF2Z6j4Iup4PauNfuQDRsg,Katherine McAdoo,https://play-lh.googleusercontent.com/a-/AOh14GjuipiZJM9W2u_gF9T6ZM9pu2ywEHJNaKXkJu8hvec,doesn't function. even trying to take a photo wirhout the fitbit doesnt work.,1,3,,2019-08-16 20:23:41,,
gp:AOqpTOGIRbfrT_Bhl5aRiy1m1gMbsp0s4LLLBTwtrxMULPixSJ8b5Y8vSNh0cTyvVlAX3OwQAVJVaVyFM3qclQ,Jen Ruiz,https://play-lh.googleusercontent.com/a-/AOh14GhcbSv4k_0_mQALELw8dlVoKMta5xsOduSYgio-WA,The app worked for me. Initially I thought it didn't because the picture took a little long to get to my phoyo file. I went as far as requesting a refund! Downloaded it again. So far so good!,4,3,1.0.2,2019-08-06 09:35:58,,
gp:AOqpTOEGcHWWHVTgfrkDwjmiM0FyOvPjvKy663o0b8MB7X776cj5HOFGRznHAXIgQxslfRbcRM1H42jWRU-MgA,Molly Gopal,https://play-lh.googleusercontent.com/a-/AOh14GiHccTskRPOanB9FTBN0YT-pP1twLhDk874uoozT7s,simply does not work!,1,1,1.0.2,2019-07-11 06:45:08,,
gp:AOqpTOEqzbx9hRkjIv28zlATiT7dE2sKJPuKHOBj5uggH1Fpewb6fq-pam0-Wlk9tg_2VLuBkhB9aXJ9I-qt7A,Jessica,https://play-lh.googleusercontent.com/a-/AOh14GjXPhEsbduGNnWJpW0ni_FO2KPwAlc_595C-_-pPik,Dissapointed with app. It did not display picture on watch as advertised. The picture did not save in gallery either. Must still need glitch clean up.,1,2,,2019-07-04 10:50:57,,
gp:AOqpTOHBSi3uscjF7GiztdwBbjyeEr4D3X94AtDtCumzbUOqQyBZ1V-WogAGiRhbz_m9ZIz92s9Q-N5hONotDA,Roland L,https://play-lh.googleusercontent.com/a-/AOh14GhdBIKQ0C_17T_mjFuaBZuIDjCn6-zl9NRWfNTWJQ,"dies all the time, always goes into endless connection mode",1,2,1.0.2,2019-06-29 20:08:46,,
gp:AOqpTOGoAUxOteOtN3eVvwvIz7f_6KQ9DGqULcOmVRXroa5wqj-c1omQsGwmWcwdNIEqr_I7BPEMpOxvzwo3pg,jason mcmullen,https://play-lh.googleusercontent.com/-T6pCY3xqVDU/AAAAAAAAAAI/AAAAAAAAAAA/AMZuuck1c9YlHSQ-amzPRcdfuNtbnNi3JQ/photo.jpg,totally useless. don't waste your money.,1,1,1.0.2,2019-05-21 13:24:47,,
gp:AOqpTOE7A_w2cDH3jf6MRlTYDkoQrqEtfzxrgjvld2jC56_ea6Y_rISa6uowNEbkFwOu6vvZpuCYdFq7pigd3w,Stephanie Palmer,https://play-lh.googleusercontent.com/-mgLQrPffflM/AAAAAAAAAAI/AAAAAAAAAAA/AMZuuckq-T0PPpRU61y7OBegfj6EjdSskA/photo.jpg,The app is buggy. If I take one picture on my Fitbit Ionic and then try to take another the second picture will not display on my watch and there is an error message .,2,3,1.0.2,2019-05-03 13:13:48,"Please read the app description and watch the video: 
http://www.CameraRemoteWatch.com/",2018-02-26 23:30:00
gp:AOqpTOHw9fvj2SQ6MyEMo1ZLT0HoIxgCT-L7z_VDqwiJAWU4wQAdMsg8-Zvgom74LzyPXhpP-G7jrB_jOSnZZw,Doug Crossley,https://play-lh.googleusercontent.com/a-/AOh14GgWHUPJF_X5zH0IHz37EsLnAb1YOuGqv_SI9Jhfz0U,"Junk, does not work as shown on Ionic using with galaxy s7.",1,1,1.0.2,2019-04-20 09:37:10,,
gp:AOqpTOHCgiuSZLJaBSTUO5wgd9raKX7UOXIb5Y6qTJhKSaD91HIYn0EwF1W77rKewb_nemwApJ9FJkA66R0S-w,TheEnderDimension,https://play-lh.googleusercontent.com/a-/AOh14GjMVDl5yOIYCdCZW5HQq0vCUxrAsXIZyWd3UZ3c,Bad,1,3,,2019-04-14 13:13:14,,
gp:AOqpTOGmIxiew389f_467R6jTBAeooBHfAxaNQ2FbqrW4CsRL59fgPeOkHPzvvKp6y2XsvEU3mhsBjOjXd8mWA,Mark Annett,https://play-lh.googleusercontent.com/a-/AOh14GiZ8PqdGH402QpH0bQVoTOsq9Myu9AhmJiJU3f05Ow,not working,1,1,1.0.2,2019-03-17 19:08:59,,
gp:AOqpTOHpYbK-b7u0U6irUtRl2B6-tLotMT195sWeh9d_sTkz7CYkM0qug42zCoUgHJfvTUDYYWjjYs-jzn5J-g,Yash Jaiswal,https://play-lh.googleusercontent.com/-mdoBDAnPBrk/AAAAAAAAAAI/AAAAAAAAAAA/AMZuuclLVy-wIsGaLdjCe4awhMDO4XU3-Q/photo.jpg,not at all worth,1,1,1.0.2,2019-02-20 22:58:54,,
gp:AOqpTOFEXTS-qfFKgW-Cwi_-hR4MulYsGrSOGezPWEh9jYJKkCk-Z0w3_maEEG6tZe6Viit92voP2DOzaxNE4A,Scott Steinhart,https://play-lh.googleusercontent.com/a-/AOh14GgVuuBYNquTuXeP51S9C8M1AOpuitPZ_0sN4RpnBxI,"Followed all instructions and FAQ. Watched video. Does not work as intended with my Pixel 2 and Fitbit Ionic. App does not save photos. Took pictures with ionic. You can see the screen freeze as if a picture was taken, but nothing saved on my device. Shortly after, I get a camera error on my Ionic, and again, nothing was saved to my phone. Also tried taking a picture with the app manually, without the Ionic, but again, nothing saved. Nice concept, but its just not working.",2,12,,2019-02-07 07:52:38,,
gp:AOqpTOFDY2p_vnq9xO0QkQ8sLfqfBQLQ52zgfMKQzl06wkNSVaCLqAVjuDCHrdYyD1ezNzsf3y4-pQTaguzYDA,rainy maley,https://play-lh.googleusercontent.com/a-/AOh14GhfHYVLZyOX7xzlEmKTLfFv57Oe2D0dlOV1jT_pbA,"Cant zoom, wont connect to watch, spend your money elsewhere.",1,4,1.0.2,2019-02-01 14:00:41,,
gp:AOqpTOGaEG2t9Bko3SMI_NhFT7fifp04Q0pg36nBv_Z2wr6nQiDVywToq2Kxz634CTHXhAOe7Mq8TL-IHZhhrg,Karen Butler,https://play-lh.googleusercontent.com/a-/AOh14GiOUhECutckUxDWjhcxt0DFeBHYVYJ1lVxkOVKJOA,doesn't work with Versa,1,4,1.0.2,2019-01-27 08:17:13,,
gp:AOqpTOFJyS2VvlGiARJeoH_-9Nr0unqvsdKueXJCOusGBLOoDfB58rTfKPArSnMxieu1KPfAcHXjI4b0swMVig,Tiffany Booth,https://play-lh.googleusercontent.com/-puNTlKKp2U8/AAAAAAAAAAI/AAAAAAAAAAA/AMZuucmCQ8zkwqTf1PjONSgGAo9fRU86ow/photo.jpg,would not connect,1,1,,2019-01-03 11:37:03,,
gp:AOqpTOEfoTG0cK_gUIiiS-jO3m5D_-T4WpZtIvA00XKVgvPt-QWUN81Aq1U0-un_o1-Hm_gebEyFDCoegDU4WQ,NSG_28,https://play-lh.googleusercontent.com/a-/AOh14GjlDJXx0O-zXnoz4oENMlScqiOo19k9q_7gCMw4Nao,"It doesn't work on my Fitbit versa, it gives me an error message and the picture doesn't saves in my phone.",1,1,,2019-01-02 21:26:51,,
gp:AOqpTOFa-rvy8BzJ1oHW7_K5WwnzgHlnjUGafKq_W7mQVw7wzscICVWbV3BVBQnUkjYB-VCuEAJG7kYX4JAZOA,Brittany Pleiman,https://play-lh.googleusercontent.com/-klMawkpJm88/AAAAAAAAAAI/AAAAAAAAAAA/AMZuucmPY8J1dbjEFIVaB4fsIcvc7Xb7Qg/photo.jpg,app keeps saying camera error. doesnt work the my versa and pixel 2,1,4,1.0.2,2018-12-29 09:00:24,,
gp:AOqpTOFJitnVBKdCbX480NBkl0psOzqchcjFpefJ2wzUOAWpn07FkFP9yIa6DCGTfVrjSYsQQPscJA26zs4fIw,Brenda Kresse,https://play-lh.googleusercontent.com/a-/AOh14Gg4Nhv9koiKI25yvsEO_HU2ECO_lbG8X2hiN28CaG4,"ok on FitbitVersa/Galaxy8+. Image taken is 4032x3024 but I set the flash to always fire in the app but it never fires. The camera does not do a good job, poor focus/iso/flash. wish it would trigger any camera app running. change timer setting to 0 to have almot no delay taking photo. Still get a long delay for photo to transmit back to watch display, may be sending the large file but should send thumb nail. I get the Camera Error if I try to take 1 after the other, u have to give it a few secs",3,20,1.0.2,2018-12-27 13:14:26,,
gp:AOqpTOGoljXjZBS8ied2KQIN63z_es3fjyu8PeUdfA2xsjW9mUQXv0L8L9J2WI0VeWmTPoy2oCtTyb1BJMmYiA,Mike Carey,https://play-lh.googleusercontent.com/a-/AOh14GjJWFBL_w36JA4NESpeFkw7Co9fVAg6OOe_5-R503U,"Does not work with Fitbit Versa, so this is a NO BUY!! I wasted my money. Video does help. Skip this App",1,3,,2018-12-24 17:39:13,,
gp:AOqpTOGX5o8w2hY954GYPtilkZtlOCDLf263Hi-eruiK6t8t7DawRiyyz4famLc3FHt0__TLhHVH4vpWCyFJUg,David McElligott,https://play-lh.googleusercontent.com/a-/AOh14GhV1W6zOzO4QwTGIscfSgefXScmvolAbgUMQedIMw,Doesn't work LG G6 tried taking a picture using app and from watch both crash,1,4,1.0.2,2018-12-18 09:28:08,,
gp:AOqpTOF49UFkvEvhmVbiJVNkBGiEU_XpSdKllsTpTUPBTuzcWRWtIf8CGPQSRUZ9uEJ2msOjK1P0Lmc1_ok5UQ,Varen Keshishi,https://play-lh.googleusercontent.com/-3EE0vbtTt_s/AAAAAAAAAAI/AAAAAAAAAAA/AMZuucklsPU2PbhtdWQ5gmt839meHAzvyQ/photo.jpg,Never worked. I tried several times to reset and reinstal. And in the end nothing. I want my money back,1,2,,2018-12-02 01:14:43,,
gp:AOqpTOEw7SctgCVjGGC-cUGO63N6m2zFz9_qdhRTZse-KjgWY_Jbst1l5kJJZojFqULhwcAJmn3I1lLnI6gtDw,eddie figueroa,https://play-lh.googleusercontent.com/a-/AOh14GjZi1FbzQ5sUUIFXkugAKUFBzK1p7xqLs2SHRqeeA,Does not work at all. Tried several time. Its does not with samsung galaxy 8+.,1,2,,2018-11-12 10:54:59,,
gp:AOqpTOE32qwNikotTak8RZAS7msPFgALtWcvEOs8laoeHSQ5PICX2q52UQvFtCG7KSqh2uI82qHfljN0RSHwWA,Daniela Ovalle Gonzalez,https://play-lh.googleusercontent.com/a-/AOh14Gic40PNIMChnmIMOKz3JTsGCbpQpVPg2M-iFEA_Fw,Doesn't work,1,3,1.0.2,2018-11-05 19:35:35,,
gp:AOqpTOE6z_7pNcuYQwGhbej_m8aP9BhH09OAwo8FWLcq4HqVYx85nqLjqoJooOoi1wtJBCTT_anYQejgpY17ew,john ortiz,https://play-lh.googleusercontent.com/a-/AOh14GiA0kUnl45Blk9V5EsSaaEsqu9xNKxGrjCl1pQvdw,Sucks,1,3,1.0.2,2018-11-01 13:41:19,,
gp:AOqpTOHXzPLDbDf2XQuUpSmmsTyZqbu_qTZfco7pa3PasC6LmQAp4LpwPbMdV6YRNJG3mpjp5PIch9B67eAKnQ,Samantha van den Hoek,https://play-lh.googleusercontent.com/a-/AOh14GhPxgoTSv1Q9xv4fCAgMhbL-XWyp54xulVtqQeUyjs,"The app does work with my versa and galaxy s8, however showing a connection error it does take the picture. Bad review because it is incredibly slow. If I want to take a picture it first takes up to 2-3 minutes to connect with the watch and then it takes multiple seconds for it to make the actual picture. Also the picture format is smaller than my normal camera. Would be much better if it got faster and worked with the normal camera shutter!",2,23,1.0.2,2018-10-19 22:12:34,,
gp:AOqpTOFmddJ5E4Dog1nu-qkZhUSa2DVxx5ZE_I516QPPUliDMLCWaEsJFBahVWiHYgooX1W1RVc_T0rUhnFO9A,Lauryn Gann,https://play-lh.googleusercontent.com/a-/AOh14Gh6Da_3INfzKTb_l4Wq1AorZWEdtkV6BS1xnf3EIg,Terrible,1,2,,2018-10-01 12:52:22,,
gp:AOqpTOFPAkVBP4iqw6ZGOyOIPRwlWReMB2tcIuW3IYkCn1I5hcQe8J1tv693Ob1gCcl1DHZfwioRRa3xidLbxQ,A Google user,https://play-lh.googleusercontent.com/EGemoI2NTXmTsBVtJqk8jxF9rh8ApRWfsIMQSt2uE4OcpQqbFu7f7NbTK05lx80nuSijCz7sc3a277R67g,It doesn't work. RIP off,1,1,,2018-09-22 16:24:13,,
gp:AOqpTOGGvzda0Dlas3PLQ_9hixbE4X_DGjmCJk8dIP0gebxXtASiAbzlJP2AoG_C1kWfie5GkiHsW4j0QB93QQ,Alex,https://play-lh.googleusercontent.com/-cn9YmHTSX04/AAAAAAAAAAI/AAAAAAAAAAA/AMZuucmsSlexAviWCotjxam2LXAs7r5L7A/photo.jpg,It doesn't work. It is a waste of money and you don't get it back.,1,5,1.0.2,2018-09-13 07:37:06,,
gp:AOqpTOG-IWG2my4zgQqx2ujF2zUkUKX_bW1x_TbCvHW0clZYphKA9Taxd4VhFetz0rikLF8gcdj78yadtXguQw,Dolca C,https://play-lh.googleusercontent.com/a-/AOh14GgJ5Bpch4ji1z-V_MENIp3sc3F_R5SZL35CpKg9myA,I paid for nothing. It says error on my Fitbit Versa. I thought on going to the FAQ but it seems everyone has the same problem.,1,8,1.0.2,2018-09-07 11:15:26,,
gp:AOqpTOHiMqw65ajbe35M0ViLxWWHimIoKP65lBIgICvzuFIaqgsI5LiHc-7y5x8ljQv--JDAWpeTVRKI1IumwA,Paul Kra,https://play-lh.googleusercontent.com/a-/AOh14GhwkDnAzJfofj0icHYxX9qqObxtv7SSn1cnE5rLLQ8,"If you think: maybe it still works and all the reviews are wrong, but stop right there. It's still doesn't work and is a waste of money, don't even install it! Idea is great, but the execution is weak!",1,22,1.0.2,2018-09-02 09:46:00,,
gp:AOqpTOHBi-YFlogtRJcLRYOOQ0D6IZ6YKI19ZC_-xtspD2MYECX25iPoQcdf8WwXxiwVk2slQ8kuxtmelTQOYg,Stephen Scott,https://play-lh.googleusercontent.com/-gEAE-Qh0Zr8/AAAAAAAAAAI/AAAAAAAAAAA/AMZuucmt2zm3N4nCKBEtBrI9ibMw7wQpOw/photo.jpg,"Thought I would take the gamble and lost, even going through the faq sheet 
resolves nothing. Save your money",1,4,1.0.2,2018-08-19 02:36:05,,
gp:AOqpTOHZuV4E7jEx7cwwlz8CEkuc3ZmSJ6TQSCFUcva7k5H3qTPflfjNYpqT6LVRKJhf_ZD5kUIE2Zv6Ifvs_w,samuel hutchison,https://play-lh.googleusercontent.com/-PN3qaqOtIbE/AAAAAAAAAAI/AAAAAAAAAAA/AMZuuck00k60ZB1-ur5SR6P7KQwHQNAnBw/photo.jpg,I paid for this app and I can't even take a picture! It's a con,1,5,1.0.2,2018-08-14 06:12:47,,
gp:AOqpTOEcaFGhedzK_62WkL-MF-GHs-A3qCRSSxDpahM-q8WVqX9pwQI6J8JeK-iIW9Y7LCN0eMYAf4IcLG3w_A,Smiletinytina Hartley,https://play-lh.googleusercontent.com/a-/AOh14Gg7dElR0wIEYuWoarYoW-_Rllh8wXxZ5WjhIRRw2w,"Hi may I have a Refund please? I got the smart watch to take pics with the 
app on my phone but it won't let me take pics without my phone opened to 
the app showing the camera on at the same time.... I really was hoping it 
would take pics with my phone off when on the go...might as well just use 
my cell phone for camera",1,2,,2018-07-16 22:33:52,,
gp:AOqpTOFv9eHXdYtB1yyCsHpx747xHj97PNrIq08CzaNmdYizJ7UWgy4wLtbQnIs1K3WVrVUm3eSO1SgaNOhviQ,Costi Nedelcu,https://play-lh.googleusercontent.com/-uSuPiOFB11A/AAAAAAAAAAI/AAAAAAAAOms/AMZuucmNI8BW8zQnUxJt7khNO-WTzy7V0Q/photo.jpg,Using Fitbit Ionic and Galaxy S8 works fine with no error.,4,0,1.0.2,2018-07-10 15:11:32,,
gp:AOqpTOHWUJLx5USU5IyLOErlQZBN3typsEcwiK2regi16B7-XQ-3SgsTfcKtzd9cZFMoKw9tIVKHm601TEVyrw,Chris Toothman,https://play-lh.googleusercontent.com/-dlfA9dHwdwM/AAAAAAAAAAI/AAAAAAAAAAA/AMZuuck91Hju5-UmT6BQpAlrcVHW7oYfIw/photo.jpg,"Acts like it wants to take a picture then just gets stuck on connecting. 
Refund Got a reply from the developer telling me to watch the video I 
already watched Thanks gor the ""help"" Refund yet?",1,4,1.0.1,2018-04-20 09:17:21,"Please read the troubleshoot information and watch the video:
http://www.CameraRemoteWatch.com/faq/

The Fitbit ""Sync"" step, shown in the video, is very important. Don't skip it and make sure that the watch app ""Camera Remote Watch"" is closed during the Sync.",2018-04-19 18:03:08
gp:AOqpTOEIbworY8cpeDk4rW43zJVBa9tg0kNs1PnrpPk1Ar7fCaWTah4GIlM2NXZQ1XaFkw7Hd3nnYPPDXEoSFw,Hannah Kirkwood,https://play-lh.googleusercontent.com/a-/AOh14Gjpc_Z20NX_MCw-8m0LDhLVaSLzDOPqKY50z_1QBhs,"Can't get passed the app saving photos. Manually, or taking with my watch, they're not saving.",1,5,1.0.1,2018-04-08 05:19:35,"Please read the troubleshoot suggestions:
http://www.CameraRemoteWatch.com/faq/

On some phones you may get a camera error if you do not hold the camera steady when taking a picture....",2018-04-08 13:28:36
gp:AOqpTOG2CwPeSQE-rzMcN9o5lkwrUSqcc3zrabzO4UgoHs7XjHMpBrZ3MqGB8mLleQlUN43SFPQEluYwTQdUrQ,William Bettencourt,https://play-lh.googleusercontent.com/a-/AOh14Gi-DiDP-F_fmjEdHr_USFHYvHtQ4veHVVHgAx6XCpw,It doesn't work. I think it may be a scam.,1,5,1.0.1,2018-04-03 08:16:21,"Please read the app description and watch the video: 
http://www.CameraRemoteWatch.com/",2018-04-03 15:53:56
gp:AOqpTOEAdup2ZUyxDJyr0lGiqCMX3f4QEMWoUFky5N5-jNN-E-qIKXJe0Ihfh5DKu3QrXxqFsonU-Jrp0ZxhrQ,jessi Marie Johnson,https://play-lh.googleusercontent.com/a-/AOh14GjFYFbtTjFqrWZw2GYp99QEcRwoM-iF9WOdGFz1mXM,I am requesting a refund. It didnt work from the time I downloaded it.,1,1,,2018-03-17 14:46:53,"Please read the app description and watch the video: 
http://www.CameraRemoteWatch.com/",2018-03-17 21:39:37
gp:AOqpTOEdETFsx2s40sMCdmyDs5ZmFCyKqMWeYEP2aH_mFL_m-qFHMcS8cFxuCw9Mru5HNh4f3rZcwhEBAI_4Cg,Edward Villamaria,https://play-lh.googleusercontent.com/a-/AOh14Gi4fMQGAHbmfmZVlSBtYxUydynFEPZpSztj6H9C_g,"[Edit: app update on 3/10 still doesn't work. The camera app alone won't take/save a picture so fix that first!] Using Ionic and Galaxy S8. App just doesn't work. Communicated with app developer to test a few options but still no joy so app is useless. Requesting refund. If app gets fixed, would gladly pay again but not for an app that doesn't work at all.",1,8,1.0.1,2018-03-10 03:58:08,"Please read the troubleshoot suggestions:
http://www.CameraRemoteWatch.com/faq/",2018-03-06 23:27:56
gp:AOqpTOFPgd0QmsqeZiTqiveSMSZtjxPucoBR6NEDAkMUyGUiyuH9boMFGsrFp-98uKZ37Y1h86nqxU64LX1Wgg,Dan Wischhusen,https://play-lh.googleusercontent.com/-rulLKad9bbg/AAAAAAAAAAI/AAAAAAAAAAA/AMZuucnYNO_ZThP9qCjvnhptWZDmuyeIcg/photo.jpg,Watched the video but cant get passed the 'connecting' message on my ionic so a waste of money,1,3,1.0.0,2018-03-03 06:14:45,"Please read the troubleshoot suggestions:
http://www.CameraRemoteWatch.com/faq/

Please make sure that you are using the latest Fitbit Android app version.
Watch the video again. Don't skip the Fitbit phone app ""Sync"" shown in the video.",2018-03-03 19:16:55
