reviewId,userName,userImage,content,score,thumbsUpCount,reviewCreatedVersion,at,replyContent,repliedAt
gp:AOqpTOEPQ12U1P-TDnKUS9L6vaoQ0TIyZ9G_IedAnHCtXcuzv5ukVo524miWt48iqLBf-aIZB_K7RSXx9K6RIw,Emma Ladd,https://play-lh.googleusercontent.com/a-/AOh14GhRX-ed6THH-bw1_EOQB5w7LCReQcj2K-cnTdp40g,Played this with a rad 7 year old... I don't rate anything. But he was insistent because he liked it SO MUCH. payed the 5 dollas for the add free. 🔥💯🌋,5,0,1.66-premium,2021-02-09 19:31:18,,
gp:AOqpTOF3jL8cvb4-TB3cOIVLpexeBPJQ53YDS7qJ3hJJkhTmQX3pMj7yHcFd1PEzFMhrC6SjIafC8jUx9Qez0A,Vee Collins,https://play-lh.googleusercontent.com/-wUVxsXPVur0/AAAAAAAAAAI/AAAAAAAAAAA/AMZuuckyKi3LZcUh0LzJkQBKoKS8DXp6mw/photo.jpg,Addictive,5,0,1.66-premium,2021-02-03 07:25:18,,
gp:AOqpTOEDpOwPHYnbbUhNZFPW6UZfeVQX4-es9mf1PeSt5vLrbZmbfo-MPqwCHOOENCMvGsDPLccLl-tdvUZySw,Kevin Murphy,https://play-lh.googleusercontent.com/a-/AOh14GjWOOcZmNVVasalQjSfYPjeo4tdBJ_docwg0BZI,Helps with mind quickness,5,9,1.66-premium,2020-11-09 10:21:13,,
gp:AOqpTOGkL2vHoortjaryQMt2qNSi4K5bld0er6qEGLRBXmCgqyPsOK0kDNhBp3jochLZbGFP787OUVxKC5PHOQ,d noice,https://play-lh.googleusercontent.com/--nrO7GmdHM8/AAAAAAAAAAI/AAAAAAAAAAA/AMZuucmhf32X32e3ocgyKtHBv0FRkoPkTg/photo.jpg,Too many adds,4,2,1.65-premium,2020-11-04 06:41:47,,
gp:AOqpTOFqDHq2vW9qs-xRVwD_zDd6_xWUfuPnaKny4bqymt75O0i6f631FKh3kyJuyMCbkb4wchU3qtqjBgj_8A,Jaroslaw Zielinski,https://play-lh.googleusercontent.com/a-/AOh14GjfRPFADGTLdxVTmcInqPzSgl31wTlk72OyiIM1Sg,"Great app, wonderful experience using it. You learn by playing it. Keeps your brain active. Highly recommend to anyone.",5,26,1.62-premium,2020-09-18 08:49:04,,
gp:AOqpTOGtn8PEoUfdSkufitmnXqxrRhSoKKmtMA7QgjQRKKuwncqno8YGI9qiI0yg6mpY5Nl-17RPklr7E_4SzA,Assia Ainoulina,https://play-lh.googleusercontent.com/-1pkbNKIP7Sg/AAAAAAAAAAI/AAAAAAAAAAA/AMZuucnaNIyqN4NScaygtljiTGzGVdksbg/photo.jpg,Great,5,2,1.58-premium,2020-07-10 16:29:03,,
gp:AOqpTOHI3ATovIvv8LfYp-KDCYrITW7kpwqkzbLGOUJIU6XjqpAV4thNJ8--bKnta6XVCvXDevQ1-Cjv2nMTyw,Jaak,https://play-lh.googleusercontent.com/-OwwAORgDvXc/AAAAAAAAAAI/AAAAAAAAAAA/AMZuucmlOaJKqXeLSinlZyWuKSxi-ypqyQ/photo.jpg,Helps alot for bored situations,4,8,1.58-premium,2020-06-25 08:26:48,,
gp:AOqpTOHD9zkYG9ezQCt6goZKdisS_rRfrCRTyGlsoeOKxrsq5eZmTx-m1MuzISwJbrs9jdk7DRsDioj7jdL-lw,Jose Loor,https://play-lh.googleusercontent.com/a-/AOh14GjU-9fUKP_kWaFcGtnfaVVbrO7fTB3EHweKhILg1Q,Ok,1,4,1.58-premium,2020-05-02 10:47:24,,
gp:AOqpTOE3TFgk8aIZkmqUx40NdzFai7hl3vK-iqo8wxE_5134QRGEsuSTAEsK2B07if5y0rlFD8HY1eXouUziyw,jakob morei,https://play-lh.googleusercontent.com/a-/AOh14Gg-g27EhTXramJkLvTuNYJ8gR2lxKhcEpIEAka4hQ,Good brain exercise for my grade 2 student,4,5,1.51-premium,2019-09-30 11:04:51,,
gp:AOqpTOGff0rry_kLSIswGnAiDp7AP4JYPXvvpeI9u1bgg4Nm5nzzwGaKZiTskkSg4XxAl1iUY-lWeEvSUkBXow,Hk Qian,https://play-lh.googleusercontent.com/a-/AOh14GhcojVpXm6baLqaHJukPVuqeMndLiN--lAbMypr7g,Please don't display the download and star button.,3,7,1.51-premium,2019-09-30 08:16:47,,
gp:AOqpTOGvXZsE6xOA8LAC1H2wzvbkF4eycTeRmiRu3787MW_2eJiaPpxbC3KQBNjym8XdW_q8C8Sz2tMn8MSLxQ,Phil Dor,https://play-lh.googleusercontent.com/-uUc87dzPOrY/AAAAAAAAAAI/AAAAAAAAAAA/AMZuuck7IKQFIYFPsenRGnbNL8jeQcr5DQ/photo.jpg,A good game ... need some color for 5 stars,4,15,1.50-premium,2019-08-16 12:52:47,,
gp:AOqpTOHv1zn5JixvjIypMYisurHCdaRHfsxFEvpPsaEQeA4SEmPNGt4T1lctciu550pjVX-U1evVxLr_BnDZQw,Jared Spice,https://play-lh.googleusercontent.com/-uDRfcGA9Sbw/AAAAAAAAAAI/AAAAAAAAAAA/AMZuuclr9dctRUEdt4i4FlOM9kXwdEqaaA/photo.jpg,"Fun app. The developer has added a few extra games over time. Please continue. One suggestion: some of the games/challenges are sensitive to order of operations but that order isn't always clear, at least not to me.",5,58,1.26-premium,2019-06-03 16:46:08,,
gp:AOqpTOGeSvfw3_aH2u-vPpIBraZdBvmSdduoCQP7JKWbXXeEszFNszUHu9QoBW2wt8E90xIqdg6Aw08Kixqa_Q,Maria Lee-Reyes,https://play-lh.googleusercontent.com/-Fo9GtHXKfEw/AAAAAAAAAAI/AAAAAAAAAAA/AMZuucnjbIuW-VQEAtUlBLi9qxBVFRBFfQ/photo.jpg,terrible,1,6,1.26-premium,2019-06-01 13:13:11,,
gp:AOqpTOHUQFs-qiufByBhcOdBAS1L3HoUlA7vnDGOGjSc8dOa_eGsQZNgzfQsJuyKvyurQM3pdzfH2tNu0GrpSg,Louise,https://play-lh.googleusercontent.com/a-/AOh14GiUz9vdsXWNQJx0T1LVI0OLaCiypniVUg5fkiL6exs,Worthwhile!!,5,8,1.19-premium,2019-03-17 06:38:40,,
gp:AOqpTOGM8oldOpqOIGWsI8X9uGzlWsD55QV1guCMRRDYpXhSaLH1U2cDz-r4xozI4ZiT00TNpmd-VxufynUxew,A Google user,https://play-lh.googleusercontent.com/EGemoI2NTXmTsBVtJqk8jxF9rh8ApRWfsIMQSt2uE4OcpQqbFu7f7NbTK05lx80nuSijCz7sc3a277R67g,It helps me with the stuff I'm struggling on at school. 😃😮 + - =,5,22,1.19-premium,2019-03-02 12:49:37,,
gp:AOqpTOFH2Zm11qBckOMNd13h4CL8Ehbhnr-I2fKL9nyw98EYquMcvBCqrSlzeNznB7er8waW7nd4hPJ0n3j8ng,tammy George,https://play-lh.googleusercontent.com/--mu1RehQbcU/AAAAAAAAAAI/AAAAAAAAAAA/AMZuuckv0SLB1e7EXopO1Ve0BGouIYBPUA/photo.jpg,when I got thes I went up in my math.😀😀,5,19,1.19-premium,2019-01-31 15:27:12,,
gp:AOqpTOH_AXYiSHF65uEi5b_O57XRkXazI97HgEvWZJZMUsP7SXwYnnykE0I2V1eyY-n1xMpN8eM5TTZahb0Lmw,Al Ao,https://play-lh.googleusercontent.com/a-/AOh14Ghy3nmOazbgIQcY02ZQ9SSiLuNoM1KkBkdJyIgyEA,"I wish I could choose which set of math problems, rather than all addition or all subtraction. I'd like to do all the 5's addition questions (every question involves 5). Otherwise it is the best I've found.",4,45,1.14-premium,2018-11-15 18:27:00,,
gp:AOqpTOG3qnsAlfG3DP9AeDoTb43GWVds-JIwAmKLi0sQT7UgVs1tn1w7wjj_UTBX2jSMWVDx1xvpc9g5lv02hg,Will Crowell,https://play-lh.googleusercontent.com/a-/AOh14Gjt39YRA0hjzAFf6db1uJmFkvBnFZ1A6mZEDU8G6A,Great i love it,5,10,1.12-premium,2018-11-01 07:02:25,,
gp:AOqpTOFB_1ly-_jyJNCA5VYIs908uxHlpPMHwy9kWjD3gPSqT2nnXCL0OMaGbR8LEavuD-BazkLvH8LVzk3Zug,Tho Lam,https://play-lh.googleusercontent.com/-Xe6dNlBeFZg/AAAAAAAAAAI/AAAAAAAAAAA/AMZuuclWV-yP46csxiXNkvM8XDg1zfCSiQ/photo.jpg,Perfect uncomplicated and very smooth to play. I use it to speed up my 8 year olds mental maths. The older kids go head to head this helps test them under pressure.,5,29,1.12-premium,2018-10-24 11:46:01,,
gp:AOqpTOH4DzK4LgCIodsdU8RkwHkOGoXHy5GJ0ACsYsjaViZ9P4RgBzzy32Np9DM69V6zV6lSxu8vavljOFyKbQ,The onnown of stuff,https://play-lh.googleusercontent.com/-sn4_1eVYm7A/AAAAAAAAAAI/AAAAAAAAAAA/AMZuucmnv5i9SRNEWdfSmZPZPdHJDUioYw/photo.jpg,Its minde blowwing,5,8,1.8-premium,2017-12-26 01:37:34,,
gp:AOqpTOHCP-ecoKC8IsRzLUe5kkY8ekq0a-cIp2PexNLPbVTOaROZL-sjG0fwG4GNazVM3CO1VVVyo5CSdJIN5w,SnarlyMarlin311,https://play-lh.googleusercontent.com/a-/AOh14GgpyL3uDN6DwIkVaf-OKistt1KHs2y79VcOsopSvQ,So useful ferfect for a 3rd grade kid to practice time tables. Definitely worth buying. Please buy it.,5,8,1.7-premium,2017-11-28 18:46:04,,
gp:AOqpTOGaDJpwVYQhCSWHPrGsKxKFRD9oDQWBJb0U6H3OpTdrO-gFFPq2GmmkuTntBSbOK6Ew3cnZUWZ4ao5yzw,Keith Blanks,https://play-lh.googleusercontent.com/a-/AOh14GgHgx1j3HxCcqvnQH-pKFEAb9s5Er4wUb4JGA68pA,Great,5,7,1.5-premium,2017-09-03 11:13:14,,
