reviewId,userName,userImage,content,score,thumbsUpCount,reviewCreatedVersion,at,replyContent,repliedAt
gp:AOqpTOG5_pB_NERYKN1whuaj6vbqZkocDwWiat8rNZQnysudb9_SEdBhPF5ZdAivlp6-KJecaDM82159m-LX700,John Nguyen,https://play-lh.googleusercontent.com/-zQ8QDrEntQI/AAAAAAAAAAI/AAAAAAAAAAA/AMZuuckeW8IBWtSWoAXuF8woiAI7rHzsSw/photo.jpg,"Excellent app, Thanks Dev.",5,0,1.3,2021-02-05 22:13:51,,
gp:AOqpTOFbpOfQhlcNC7uUvTaAiET3uEXxGFPyBq04tS5YRxqcJPTDQVWpEu163vgCk-V6LMUtzK0zEIef7cHd-Sk,JAGAJI AGT,https://play-lh.googleusercontent.com/a-/AOh14GiTjCujC6M1HyysI5MgQ9Sc9XRrbjGFeRciUHAWfQ,Not work in my phone,1,0,1.3,2021-01-22 06:54:25,,
gp:AOqpTOHd7AiANeI3vjCBxxaXte4kzc2oKYSfLPS4spj9zVdsvKJUfPr31m2y7KnIMjtYIQOW47Qc1ITlzdlhvoY,Krr Tanvir,https://play-lh.googleusercontent.com/a-/AOh14GhLQK-yIvtYSroily8gPDOmhoqTgQyoSXIc2-tPMw,"Right now this is kind of useless, if you can manage this to be useful then I'll rate 5 stars. Thanks",3,3,1.3,2021-01-10 04:33:32,"Thank you, we shall do it in future updates, and thaks for the suggestion. Its really must have option.
Good suggestion, but the app deserve more stars, dont you agree?",2021-01-10 04:34:49
gp:AOqpTOFUzhXL2paSToKZhVZw3nbSp09uLJMZRp8tRYVANNcMqSyi02ZaxSQqwHkBEufHPPvj5Xxwrmb7JnU2KwE,Laila,https://play-lh.googleusercontent.com/a-/AOh14Gjq1S70R23De8PAMBMj8ryzoSN1JH1woQGYgUD3iQ,I can't find any use for this.,2,1,,2021-01-08 07:08:36,,
gp:AOqpTOH7V77o2XUgOuMpnd56cmdMB_6NtbLSOnKFNg4PEDiKkJVcLWo3ceG5KX2_THWit2AhB_OSuRBJTSEzotE,Pro Apps,https://play-lh.googleusercontent.com/-uID4JuU3XhY/AAAAAAAAAAI/AAAAAAAAAAA/AMZuuclbvijFXz8PrUcLoZuUkX9kiJqrMw/photo.jpg,I really need this app thanks dear developer,5,1,1.3,2021-01-07 21:44:01,,
gp:AOqpTOFVCkhKYqpf_jxLXzrFiQ7o5xpZoMBb1yBgEh8Zpb69xnjSwc0rVF_yqWlctkk6Qa3vsteRlOOW2IcbdO0,bhanu admin,https://play-lh.googleusercontent.com/-jLYbFRaDuDg/AAAAAAAAAAI/AAAAAAAAAAA/AMZuucln3jR1tUNNL57BodPQPGcx1Q1aeg/photo.jpg,Useful small app.,5,1,1.2,2021-01-03 05:06:33,,
