reviewId,userName,userImage,content,score,thumbsUpCount,reviewCreatedVersion,at,replyContent,repliedAt
gp:AOqpTOGlYuwXbZjZyYhk2wjkW9kPRU2_O6qhG-gQG1oooTAhZ012yIriuomXrA6FxEruLqBypjNofDylk3_6qw,Jameel Noor,https://play-lh.googleusercontent.com/-hvyksNKWcTY/AAAAAAAAAAI/AAAAAAAAAAA/AMZuucn0XB5eNn3fo6nf9rLs99PLV4Vk3w/photo.jpg,Sniper Shooter one of the best amazing new adventure of superb brilliant graphics of amazing mission shooting games.,5,0,,2021-02-10 02:16:44,,
gp:AOqpTOHqxHrZYgoj6YftOQjkhWyy3QAU8M0lQidUEiaFjqdRy7ztNBvXoP5rD3uG2BZIopk0wyq0GQ46Hcr92g,Raja Iqbal,https://play-lh.googleusercontent.com/-Rmxmot08Kp8/AAAAAAAAAAI/AAAAAAAAAAA/AMZuucl6Xc4qp8GMdCAxCHgLLfx5LpfCIw/photo.jpg,Realistic sniper is very great game i love this game very much sniper sooter is best game,5,0,,2021-02-10 01:52:14,,
gp:AOqpTOHAwOoHsMMzt1wXmwIy5OfPZpzd3EIXuXtQEtZcr9y-8asipRn9aapDeLWWbN6vI02GvO2F4f3iG8P3VA,Bluetooth Haker,https://play-lh.googleusercontent.com/a-/AOh14GjGA1RGQxcMg_klKVqKqh_YJy-0dLgaX55q_WbJ,Realistic Sniper is good working and outstanding Android phone game. Full HD Graphic and easy game.,5,0,,2021-02-10 01:43:02,,
gp:AOqpTOErmVczCf_obUHfdm2TsC3vXxe7u9OdpJsZgSlw2TzrQFahhBXHVkdP0BKJg787TklL3W3wEkMDz8zSZg,HOME -AGE,https://play-lh.googleusercontent.com/a-/AOh14GjhdvdBk2e0LRBTA5VWmQ98hcPp6pSVXUsE56AC,Realistic Sniper Shooter is a one of the best mind blowing game on Google Play Store this is one of the best and most interesting and exciting game.,5,1,,2021-02-10 01:36:16,,
gp:AOqpTOGt-tIR3JYCMMawY-QTp2Ro1iru1qdGRK-2BpkJh2k3oNq93ZUFQq5KnQPbJYfQKumusXFJvyIB9SObkg,KING Maker,https://play-lh.googleusercontent.com/a-/AOh14GiA4Lct09dwYDYUhFG4sPv-POvTBa-F_L4fTyQ5,Realistic Sniper Shooter is a one of the best mind blowing game on Google Play Store this is one of the best and most interesting and exciting game.,5,1,3,2021-02-10 01:36:05,,
gp:AOqpTOGUDsGZ7rEJCn8x3nyRCO61czym5YtcaS-5M9QYUTAibI5lFzfmb80Qg0txQv861x6pHzMgNPHC-bpv3w,Alex102 Mory,https://play-lh.googleusercontent.com/-42f44GN5NnA/AAAAAAAAAAI/AAAAAAAAAAA/AMZuucm5br6kIPzsnIyB1fpEPEq9vy4dsg/photo.jpg,Sniper shooter is so awasom game .the graphics of this game are so fabulous and perfect .,5,0,,2021-02-10 01:24:47,,
gp:AOqpTOEV4aCeW0Q9hqsEwZ6pIoxB-WDHIy3PwGFJp6IPJa9C9TRs6Z52r5KUeGQ1aJesUmrlsbQQfY4Mzt02QA,Amnbabar Bf,https://play-lh.googleusercontent.com/-BCV7Dg28FjA/AAAAAAAAAAI/AAAAAAAAAAA/AMZuucltLg0_JGHUUJH44WH5Lnjs1BEcGg/photo.jpg,Sniper shooter 3D is an offline game is the best action game which you can enjoy even when there is no internet.we give five stars this game.,5,0,,2021-02-10 01:10:23,,
gp:AOqpTOF-FQcDlsTNBuMU7epCPGyB6KiSPqBy8TSx25dyonfXYWdLHOxotdT8-twHNL66P1RGZQlkNSuNL62oMQ,Old Mobile,https://play-lh.googleusercontent.com/a-/AOh14GhV0Z8RWHduJ7uQzrgRZ9dfPrHlE7kQC7-IqhK7,Real Army Commado Game is good working and most likely android phone game. I am so excited for this wonderful game.,5,0,,2021-02-10 00:10:40,,
gp:AOqpTOHMBG2CfbpqW6YD3N4G0nWmjQbdpaqU-gXPjwYC9evtKHQ3E71-MYNGIzQ9wWT3Fu2kVrBI9QSOGIgqCA,One Ka note,https://play-lh.googleusercontent.com/a-/AOh14GjlUS9ZR07V5bQaJqYfHExiwFk0_hcHSOnpN0DS,Reistic Sniper Shooting is a Real Shooting Android phone game. I am so excited for this wonderful and amazing game.,5,0,,2021-02-10 00:07:20,,
gp:AOqpTOE5D1whV-HLNEQquJOiBdCD4qrwivEt3poN6sW4ATpDV1CHWyf9nQ7zBdJjP8oFwNw1LwTJaYAJexWI0A,BCS Acute angle Calculator,https://play-lh.googleusercontent.com/-TnCr3ogbqO0/AAAAAAAAAAI/AAAAAAAAAAA/AMZuucnKCwIYvlLN_18UtjgLN7iKH-orZg/photo.jpg,Real army commando game have attractive graphics designed levels and amazing sound quality for playing...,5,0,,2021-02-10 00:04:44,,
gp:AOqpTOEBHaiCNzHQJz-wbc74yxqYpTObwUX5bCcFG6TRHqnvtXEmHDNVep2DCWj990t6trNSu_o4L0MGpCnRgA,Unaiza Rameen,https://play-lh.googleusercontent.com/a-/AOh14GjQEj3-d31Ynfaw5zMYcS53NF_9-e587yOzNhQ5,Real Army commando game! It gives you very clear and fully visible action & mission ground to shoot and kill enemies.enjoy it.,5,0,,2021-02-09 23:56:50,,
gp:AOqpTOERW--q_HJffH-2REq8mLfn9A3LaCBUrLr4mKD3L8JRUVOkvR3ljX64MLIf_wZ8TfAPFszcoNAKQjhPoA,Princess Charlotte,https://play-lh.googleusercontent.com/-rFDBTc1irLc/AAAAAAAAAAI/AAAAAAAAAAA/AMZuuckHaDlLqzHUgIh3ExTDBWyBhCoGtg/photo.jpg,Pabg like full action game is very charming game. It is one of the amusing game. Its graphics are enthusiastic. Enjoy this elegant game.,5,1,,2021-02-09 23:56:43,,
gp:AOqpTOGjFgM93WQ2QJ_mNwA7PLNbskyhe93-NKniuEIU17G9sW6XdhkzIN8ye_mLB3MSFO47rCQbjxd5JYiJow,Emergency Medical Technician,https://play-lh.googleusercontent.com/-FZKq0tycXLI/AAAAAAAAAAI/AAAAAAAAAAA/AMZuuclT2ktuDGW_oWcdvUL05tBmbN_6Dw/photo.jpg,This is best sniper shooting game. This game has awesome features. I like this game.,5,0,,2021-02-09 23:23:20,,
gp:AOqpTOFp0N3iWe2QFzsa2pzy5Xy4VF8zUGAusTOm4M5cDOkb-L6hVDnmiOzW_o54Kac157ikPQveh63KuQFi5g,Zobya Qasim,https://play-lh.googleusercontent.com/-XKQpT6BREPg/AAAAAAAAAAI/AAAAAAAAAAA/AMZuucmUpGBeCmfLH63DyJTlOY7ZLSYLMw/photo.jpg,Real army commando game is good looking game. It is one of the present game on play store. Its graphics are elegant. Enjoy this magnificent game.,5,0,,2021-02-09 23:22:15,,
gp:AOqpTOEoE8uziCfmPbsI4lcr6f062BaKLjaku7ao3OZp05OYqCLhgHNAU-rURYelruDmGcTNWZm3Rv84Dm_W6w,Nicholas 288 barren,https://play-lh.googleusercontent.com/-WJFmGj4DDa4/AAAAAAAAAAI/AAAAAAAAAAA/AMZuucm3aB4dbAyiv-xvPLAb4Wc1hTdpuQ/photo.jpg,Nice and fantastic sniper shooter game to play for enjoyment. It works very well. It gives HD results.,5,0,,2021-02-09 23:18:01,,
gp:AOqpTOHydaYc1z_v2dido__qQgLn2lDmLtj5dy9LBv6MUD10FHvCWR3loOqJmpEqjVSNwHZNeJAsPDWHJisKcw,Paul Styris,https://play-lh.googleusercontent.com/--osTjseoTEI/AAAAAAAAAAI/AAAAAAAAAAA/AMZuucmnSbS0qQ3IPCMi31ug-HkCIQA7qw/photo.jpg,Real sniper shooter 3D is awesome game. This is Pubg like full action game. Great graphics and controls. Must try it.,5,0,,2021-02-09 23:08:38,,
gp:AOqpTOGHRUBtus5XFHYC-H1PdiA9QJ-BY8NL32tZSX67aDHFCmwXmWxy95ckN4gDlmbk1eJ2t0BgYNhZ_wSI4g,Muhammad Shaheer776,https://play-lh.googleusercontent.com/a-/AOh14GiEt8OtYkdGp-qI0ZxS6ML4udmMTDkAQ_0ARiCV,Realistic sniper shooting game is fantastic and excellent game. Sniper shooter in the best and most popular application. Real army commando game is fantastic and great.,5,0,3,2021-02-09 23:06:52,,
gp:AOqpTOGjBSXNYfq1BzURVSULBRD2VhA0jRQKutjEB8YbOvzCTsHnKAszcuQ_Dt5k5a9I-3p1NKevZQNFIpMt7w,Talha Awan,https://play-lh.googleusercontent.com/-C5SHg0UsewM/AAAAAAAAAAI/AAAAAAAAAAA/AMZuucmz8IhNmPm_6RxINvgWDIFQSx8D_g/photo.jpg,Superb game to check your shooting skills as a sniper shooter working in army. It is very interesting and also thrilling.,5,0,,2021-02-09 23:02:43,,
gp:AOqpTOGN6p1r18dx8C4vHLbFO0U3yANyIvkN6KBq8NjLm5hXti5X_V7StETtK6uRb4oezfY0wxQ26kVTi7hGiQ,Taslim Javed g,https://play-lh.googleusercontent.com/-Wl2feDRJ9xM/AAAAAAAAAAI/AAAAAAAAAAA/AMZuucmdKBbdrFC2bFMRIPAOSnFd_vufEw/photo.jpg,Sniper Shooter is spectacular game. It is one of the impressive game on play store. Its graphics are breathtaking. Enjoy this dazzling game.,5,1,,2021-02-09 23:02:31,,
gp:AOqpTOEmNn125gCXQ6qty94p8zRof2UfWq1C2SJMP3PCNMSWL_vO43VHnqvgruUSjDLF5tmxmQ1TA8v2iR2mRA,Saindu Lip,https://play-lh.googleusercontent.com/-UbFvUNALOlg/AAAAAAAAAAI/AAAAAAAAAAA/AMZuuclsi_C4cbLXpFY6CPXBoae0VUSmEg/photo.jpg,Realistic sniper is awesome and wonderful game. Sniper shooter. It was very well done .i really like this game very much.,5,0,,2021-02-09 22:55:03,,
gp:AOqpTOFYFd7Pq0CQKKpFHd1mfcU4PV3DHkH8EDj_PiWdfrzr978EgHtPL1F7CPPoq8iP_j1x5aldZpsV1O6kKw,Sting Goshu,https://play-lh.googleusercontent.com/-OsxSQFpGH3w/AAAAAAAAAAI/AAAAAAAAAAA/AMZuucltM3MyYhpFZB4jHcbgjU9HYfLv1A/photo.jpg,Sniper shooting game is the most popular and outstanding game. I never played like this before and am so glad to playing this game.,5,0,,2021-02-09 22:52:24,,
gp:AOqpTOENSltjCO0sauZSgTvm7oADsjJXJsnqwKDG922VvArUaaS_PhGOP-biDlKXp9bwGjZiwVRNlZQsXR6xJg,girls,https://play-lh.googleusercontent.com/-F79cRqCJ0nA/AAAAAAAAAAI/AAAAAAAAAAA/AMZuucnuPOxWoQ_D5K63s9o93k-LWJ-aqQ/photo.jpg,"Realistic Sniper game is very wonderful. sniper assassin is the best 3d sniper, 3d shooter and with a lot of free actions game. I love this app.",5,0,,2021-02-09 22:46:45,,
gp:AOqpTOEh3yyVgHNU7TNZDTE-OzAl4x2oy8xGKFakJPaL5CgPT6frqBgdEz7C-KDdsqPCM0LdlJ3M_KYAP_EYqQ,Good stars,https://play-lh.googleusercontent.com/-P-ohCgdvrk8/AAAAAAAAAAI/AAAAAAAAAAA/AMZuucmLRSYnnGQgmApuejn219WovCtcoA/photo.jpg,Sniper shooter this game is too good must down load it good in use its a good game like it...,5,0,,2021-02-09 22:41:26,,
gp:AOqpTOEU7o-RIVoPw7fh_UyQTrDSMKaXMtJmVvfgrWa1-w8oaY5FZ0nqqTZRyeokHVG0y1uxmFgGSddeY4wRcA,Pretty H,https://play-lh.googleusercontent.com/-Ra1v7bXzXj0/AAAAAAAAAAI/AAAAAAAAAAA/AMZuucmX7TJYDpkQHlLgONgQCLqQelIZQg/photo.jpg,Sniper shooting game is the most popular and outstanding game. I never played like this before and am so glad to playing this game,5,0,,2021-02-09 22:30:07,,
gp:AOqpTOHS4ZAXWNZ_C_Hp4KlCtMeOBh0suusFtKX8xOr9NrdR-Mxi8P8P3XbJweCGhfUashtj-AYzCP6D0RIAaw,Zahoor Akram,https://play-lh.googleusercontent.com/-RIEkaaYBtSI/AAAAAAAAAAI/AAAAAAAAAAA/AMZuucnQb_H51rZCzujlYJAiKQyeljQbxw/photo.jpg,Rral Army Commando games is the best experience of most popular with smooth to controlls for enjoying this very interesting games.,5,0,,2021-02-09 22:28:14,,
gp:AOqpTOHi32NJvm00iDAQ11IbeB31sujssqW5XU2KXzvm1AlacHOSR_0q8DedzhFPhvYZScmHdT4fE9bS2l_oxA,Pier 488 Duss,https://play-lh.googleusercontent.com/-ilR9RISYt8Y/AAAAAAAAAAI/AAAAAAAAAAA/AMZuuckZrIqSQ2F55PFi5x7DtirErlAXhQ/photo.jpg,It is nice and fantastic real Army Commando game to play for time passing. It's graphics are well designed. A very Fast and furious game,5,0,,2021-02-09 22:25:50,,
gp:AOqpTOF4qMRm15qMMuZcdPNbYgo3hl8TzrIcHR7eVs1De352SckgQQvq9T2nAMno3shTvXv-tYykUJTq8KlVFA,epic moviezfan,https://play-lh.googleusercontent.com/a-/AOh14GjyQIw1A0i3jzoup_km5nFtltX2zec0kRY95hOX,"The paid version contains ad's. Bye bye dick weed, UNINSTALLED.",1,0,3,2021-02-09 17:28:41,,
gp:AOqpTOE7Eo8HILZgeGn44kshO4MTdGOTUhl4RoisWJpgs2rUeuGRuooU906rc70RIuxogJcyunnU3xGieJuFVQ,simon killedalot,https://play-lh.googleusercontent.com/-0EXcdc4PXK4/AAAAAAAAAAI/AAAAAAAAAAA/AMZuuckvnvXrtDL_yICPkYfmzwg0sWLJaA/photo.jpg,Adds in a paid game and there after every mission no good,2,1,3,2021-02-09 05:38:48,,
gp:AOqpTOEIca6BT34nRzFEplvSEKNhWQpsEx78qa_h0CVSgd4JJWKSEPtwHvVsc-GrDPBvFcBDHlIwkKBghpT2gw,Nick Leiby,https://play-lh.googleusercontent.com/-qSNneq5tYU0/AAAAAAAAAAI/AAAAAAAAAAA/AMZuucmHTcKZCTI5eZPrTZCdqy-GF_cLbw/photo.jpg,Alot of ad and it ok.,3,1,,2021-02-09 02:32:45,,
gp:AOqpTOGdy5L1Ur2XU6kf-KKUw_sngIMeX7QRvCzf24SI6bP-Ufc3EAmmojy98uwWAi6mKSvJm1FQQ-chB3Kojg,Windows Vista,https://play-lh.googleusercontent.com/a-/AOh14Giw_Eeb1JEu5crr1m78z0r6aBv75vhxyMbXN2sL,Very good but short game. In future need more levels. One hour ultimate fun.,5,0,,2021-02-09 00:20:29,,
gp:AOqpTOGBut8xJXIzmNCVzPy7gVyR1Fs78a7NBC8z20DrLqvxnVT2tWCmIJp5wxTgpfnNpEJYBStvWGMMnTapdg,Stan Silverman,https://play-lh.googleusercontent.com/-qXIygxL3xI4/AAAAAAAAAAI/AAAAAAAAAAA/AMZuucmJhpKPvcwbICnRcrRsDSA9f-rLvw/photo.jpg,This is obviously arsal games with more fake reviews...stop using bad practices and try actually making a decent game.,1,3,,2021-02-08 22:29:47,,
gp:AOqpTOFnaVjbzSbYMdPR-JoirT4Kwkq28vJLMvloiw682jVyqUeX1BCCyPTr1X-47yPrwyn03JnCGpIIl718tg,badongzki gamin,https://play-lh.googleusercontent.com/a-/AOh14GjyKoaNc4zI6NOu4WDN1eyqoXWtYTmlUl4ZmyO8XQ,Ads after every mission...,2,8,3,2021-01-10 04:28:30,,
gp:AOqpTOGZjf8OWIpKbNNSljCMyQIoIFSnysgCc-ko4P5uoYLxwL0gaRvEIEh23NztQQp1oWFEdj1Y1QO4WeDDGw,Power Boss1,https://play-lh.googleusercontent.com/a-/AOh14GhNJETx7m70oitpwJWwfM8AqWvdm6cbykt6jxC_,Realiistics Sniper game is amazing shooting game.,5,0,,2021-01-05 07:11:55,,
gp:AOqpTOEBSk4ZIiAdLY4sRmlXyTdzVEurdxe4ZReF9uksBREQVFPIG-ebDS-HWShNQigetA5oOmxB3ngB73KPjg,Maiee Vorp AM,https://play-lh.googleusercontent.com/a-/AOh14GiGrHhYieHIhKG5I94UEksrvMi1SOMGEpKM_IG7,Sniper shooting is good,5,0,,2021-01-05 06:13:05,,
gp:AOqpTOHXzCxcJweWZwiVyer-3uhdsU5qK0WzsE45XrCkgkRebMzT_ObhCRZG1g2cwjGxiqu4IuSedhyrYwDkbw,Khalid Mahmood,https://play-lh.googleusercontent.com/-WniXH5Z7Lw4/AAAAAAAAAAI/AAAAAAAAAAA/AMZuucm228u3eg_Czb_WFtQZ5Ga7pYdBTQ/photo.jpg,Realistic sniper shooter is superb application.,5,0,,2021-01-05 05:41:33,,
gp:AOqpTOEV6U8i_kYEnNGpMgkr-NKwTUbTfvA6fVep8Am_32T--xvm_KnPvnkt-eQpnr833H7-aYQ_iCkVk9RelQ,Willy Burdon,https://play-lh.googleusercontent.com/a-/AOh14Gib5qbmwML9PRGq8xEDfDviHSDaNt25k_Hgq0rl,Beautiful game play.,5,0,,2021-01-05 05:35:41,,
gp:AOqpTOFv-uqHO8Kys49umMpLONz7JKjtyEo4VeAnLdwYyK028v6lRXS5Irk-Tp7gFZmiRfoa7iuqf5XSkqQ2YQ,PAKISTAN BEAUTIFUL,https://play-lh.googleusercontent.com/-gb3hBu2EkOY/AAAAAAAAAAI/AAAAAAAAAAA/AMZuuckNKCc5loThlEyEElnuqAh-HBuVAw/photo.jpg,Really good and updated feature,5,0,,2021-01-05 04:46:00,,
gp:AOqpTOHYf34K2sfOczrmqEFwcLZlKGOfla6h1IgIvLV8xA1Qbd_hTmJPUu_0MV1ywhogRn6vubalbkN5Cj_9zQ,Sultan Kahan,https://play-lh.googleusercontent.com/a-/AOh14GjmPp6KuIqiG8v34Wfw39Khj9BCFDhJqHjpjdAz,Realistic sniper shooting game still need some improvement in this graphics and added new weapons.,5,0,,2021-01-05 04:38:44,,
gp:AOqpTOFYFxSrD6F7kr_xxbuphuserVzr5OkGUC5GjMjL1-po1hmByeX_bjXfIJAytrEEXYgYZbZtIsXE2LHklw,Mahar Zubair,https://play-lh.googleusercontent.com/-MlDW2aBuqs4/AAAAAAAAAAI/AAAAAAAAAAA/AMZuucnAqabu57aIj7ciBwc3vya6IF1Mcg/photo.jpg,enjoyable 3D game.,5,0,,2021-01-05 03:49:15,,
gp:AOqpTOHiKJFUytGeEjnK0KG6bx5SZ74jrh1RF93mBQrYGwKGAsPx78G0nmY_nXUc5XTvIuAP1K1de8BtOLWgcg,Hifsa Noor,https://play-lh.googleusercontent.com/-GZ4UnKJVUBQ/AAAAAAAAAAI/AAAAAAAAAAA/AMZuuckHG0SHSFvEgBbiJOgvJD_0eliw8w/photo.jpg,brilliant and fabolus game,5,0,,2021-01-05 03:39:35,,
gp:AOqpTOGgXpXjmt4uks-CdGFgFfkfIc-JsPLQ7HXeU_5ORjzyVaCT9CptxID785BvxDhTdtzzn3tNyFYStIojHg,Clock and Watch,https://play-lh.googleusercontent.com/a-/AOh14Gi057mm8qoJC9qjGgFa8p14laojhu-KfEKLMVZu,Good game,5,0,,2021-01-05 01:59:15,,
gp:AOqpTOEMlUWojTT41dESMK6VJ0WhQEf3FDiChlEMG8Y6WROvDmggRwAAox4II7N1wDdtB0SYtNW40dENsua3qw,tungstun Corbide NA,https://play-lh.googleusercontent.com/-6Jdf1VEzy2g/AAAAAAAAAAI/AAAAAAAAAAA/AMZuuclhumBPb0D9XSHbvJr0BCaU0zotCQ/photo.jpg,Gorgeous graphics designed levels..,5,3,,2021-01-05 01:41:10,,
gp:AOqpTOGthlLvNbqkXgN4hLb-L-184upJ-MEHiAJlwn0lNGYmmYTfblRdY-8EgmLGNQeHXVE2B3eB5PgA-tLBUw,Yousif Awara,https://play-lh.googleusercontent.com/-yjto7hKySus/AAAAAAAAAAI/AAAAAAAAAAA/AMZuucldd2RD1cme41mCzcK57OIaKIfNCA/photo.jpg,Realistic design of impressive games.,5,0,,2021-01-05 01:35:35,,
gp:AOqpTOEa89A-6phmlqUJ6X1TAoHp91Obtlo4IAYuU5Aozriyfnr_6guTSOm6mM-qaJTlxb1FWs_ksUFynte14g,Variation GSM,https://play-lh.googleusercontent.com/a-/AOh14GiVktUfUbzUG0iOLWlx-CNkTTD6hEvhde5QV45q,Fabulous game. Great job,5,2,,2021-01-05 01:34:46,,
gp:AOqpTOFLu1IiyhBf8JRmUtphkSYMkyh-ojPnoq9l-6-BlnpOh7-4UdkyEVa4hN6Oui1lAW3IroS2GTh6BjmIJA,Cast iron Ring NA,https://play-lh.googleusercontent.com/-Leay9IYM55U/AAAAAAAAAAI/AAAAAAAAAAA/AMZuuclp7pQDN3qEGfy2yUkSV2rx5_r0sQ/photo.jpg,Great development.. i like it.,5,3,,2021-01-05 01:26:36,,
gp:AOqpTOEsJj8kaTMTnK1lBK3mAHPEw8nv36muLAEk-wNEZR6czTBAfXmfBlZHHiVUQTLTtu1M-vg9j2O5X_Mg_g,Kali Murgi,https://play-lh.googleusercontent.com/-_Hml3yRXnKM/AAAAAAAAAAI/AAAAAAAAAAA/AMZuuclU815zyY3cY7QqiUmocUYxMe687Q/photo.jpg,I like this game.,5,0,,2021-01-05 00:46:15,,
gp:AOqpTOF7f0u-RmwNTQ6LqczyBPRkjczr0VisfxL0xFMuvV8oqa1cWSbnkVKsb6lS7fTFbmT1s79KgOAgjURMHA,Afzal 17 Kbk521,https://play-lh.googleusercontent.com/-1mHMlAF1_bc/AAAAAAAAAAI/AAAAAAAAAAA/AMZuucnFmD0antJ2AK0kS43udAELXkB7bw/photo.jpg,Realistic Sniper Shooter is very attractive and awesome game.,5,0,,2021-01-05 00:22:02,,
gp:AOqpTOH1-PTuysD1oONkfAlQBgfe_7N8vwJKikvJDDJ0RPSiYeTG-sdRIWg8XAeZ4Jsz5yHlfq8V8fVMefvywQ,shahid Ali,https://play-lh.googleusercontent.com/-BQSy3Fpj3Ys/AAAAAAAAAAI/AAAAAAAAAAA/AMZuucnzF-yVPGYgGS8HE5V2bnHp-fGxcA/photo.jpg,Realustic sniper is super applucation.i really like this app.i recomended you to use this app.,5,0,,2021-01-04 23:33:10,,
gp:AOqpTOHEc5eM3SZ0524kEBtqSwqlQNawR6PlM-4uWU7SHNLZF79X2ZEOp3VGCNMxgX0QoybdUSOboR65wzpAEg,Mr John,https://play-lh.googleusercontent.com/a-/AOh14GgXbnX4qC5E8RjdBY4zDhiLrIVrFbr41AVwgJ48,It is best sniper shooter game with awesome graphics.,5,0,,2021-01-04 23:11:41,,
gp:AOqpTOEsYN5pPrIf24c4M4kOQt1yjICz4_VC5OjmsolWMFn1GTxcKSNBc14lp_FN91cuFYhyrH5j6hFeA8k-JA,Sajid Tariq gurmani,https://play-lh.googleusercontent.com/-dwZTBG9HDu0/AAAAAAAAAAI/AAAAAAAAAAA/AMZuucmlYoT2yce73IvUk5lSwtviC3x6ww/photo.jpg,Easy play used to all people. I like this game.,5,0,,2021-01-04 22:54:46,,
gp:AOqpTOFEGyLpCUKLr9xCSkKB3uh1C9GgScakvFxSlSjyB56EzJtN5sdozxl5OHfQP8NxrQ80w4bf-zP6zu_rIA,Simrah Princess,https://play-lh.googleusercontent.com/a-/AOh14GhRfaU1Ju8eYIJAmPXdgYXGm2Uwyhy-FqDivXeH,Wonderful game.,5,1,,2021-01-04 22:20:02,,
gp:AOqpTOH_galEHjTbonSVfvcmPTIsDXszJZhtd5GiqUVhgXOZsKI-CGW5utq6ZlemezH9GKETyWoU_0qhgFFy3A,Tahir KHAN,https://play-lh.googleusercontent.com/-7fKx66vtFL0/AAAAAAAAAAI/AAAAAAAAAAA/AMZuuclzyAdbt1DMKaO_ZvUb0GP74eer-w/photo.jpg,Very Fabulous and wonderful game.,5,0,,2021-01-04 22:11:43,,
gp:AOqpTOECddJSyyTH4uuOPBmGLuDgWgdLedA1t4rSQ_nwqJKhREraOn9quQbCcU8cWAPUaX8urlkRoWtYOYeNUA,Dinga Hmc,https://play-lh.googleusercontent.com/-d7SfN7d6Xic/AAAAAAAAAAI/AAAAAAAAAAA/AMZuucmcRsCuXxPfl7BlrfabybDGHRl5MA/photo.jpg,Amazing game to play,5,0,,2021-01-04 22:03:21,,
gp:AOqpTOERyTRrSuHphBaO2qfqus2TFYtWDdPa8LKxZ5ejEm_OGQiWzhga9UthodAtuGXE0ZpMq3zlkHIcTkPf2g,Barista 288 Jones,https://play-lh.googleusercontent.com/-Q_Pa0sQvjIw/AAAAAAAAAAI/AAAAAAAAAAA/AMZuucmWS_hVaxYfO26k7iY0qNhgYL79vw/photo.jpg,Wonderful and nice game.,5,0,,2021-01-04 22:00:24,,
gp:AOqpTOFl1zrLl2gdqSafn-QNxnU2sqwnCK2HJM98ouyDXKtQg6OzGA9Jtm729ppZRWsdiL0yjS5vF3ZpKtvxIg,Fazelat Hashmi,https://play-lh.googleusercontent.com/-Pn34PjdQnI0/AAAAAAAAAAI/AAAAAAAAAAA/AMZuucloVycViQyDLuP64A9P3g39WIWz1g/photo.jpg,Best and nice game,5,0,,2021-01-04 21:54:07,,
gp:AOqpTOEud8XalNYkR2c4r3LddjNJFwARyWYzAP3W291xrWQw-u1cmIt2I1o3YD-oROiqaCOuMNOpDcpY6FVe0g,Afnan Raja,https://play-lh.googleusercontent.com/--fWeCWN1fPM/AAAAAAAAAAI/AAAAAAAAAAA/AMZuucmGfG2fob1uuYR7bnn0BCpQ8dW0PQ/photo.jpg,Sniper shooting is so best game,5,0,,2021-01-04 21:52:10,,
gp:AOqpTOHQ7RwUy7VBYeKkSknFdSDBF7UXDp0sB2toatGwffLbPAbemYDuLZeSA5xn58DnX1G1NunuAv8XqzPjCg,Moona Ramzan,https://play-lh.googleusercontent.com/-AgnuhfNnGt0/AAAAAAAAAAI/AAAAAAAAAAA/AMZuucltPrxGGK0TpzRRVK6_8SpcZhvxmw/photo.jpg,Astonishing game.,5,1,,2021-01-04 21:48:19,,
gp:AOqpTOGFgx3UoCgM51sJanX9GxzCbW9AADhXloQHWSXz72Ucdk4pm4pyu8endAWvdbiO1vRGTXZstAY2MJFY5g,Sulman ji Irfan naqvii,https://play-lh.googleusercontent.com/-DHlzVZSDPDU/AAAAAAAAAAI/AAAAAAAAAAA/AMZuucl9xMbaIS8FwwS7j_558l4lWHvcLQ/photo.jpg,Awesome realistic sniper shooting 3d game.,5,0,,2021-01-04 21:41:46,,
gp:AOqpTOGeXYpeg6zn0nsYhmmr9RCpR63VjJBzSl3DMMOuiqFfAVALn5wKCMKKXubspIMO_vHaqnbeXAfVvYKWBw,Shoaib Malik,https://play-lh.googleusercontent.com/-UvTqac1NUro/AAAAAAAAAAI/AAAAAAAAAAA/AMZuucnQCajtfaLPH5E1Jz01gdTHMMAAAw/photo.jpg,It is a nice game,5,0,,2021-01-04 21:40:59,,
gp:AOqpTOGp8_ixC5EvKCw-UQF8iqQSDrgRYVdGREXUy9O7GHVUXR63gbaKurjShRvqBadmaseR83cnepX41PFrTg,azad pnchi,https://play-lh.googleusercontent.com/a-/AOh14GjVlWOFn2WTdRwLFjYZ-vbQ5BaDLMVCFkjg2i_VBw,i love to play sniper games.,5,0,,2021-01-04 21:30:12,,
gp:AOqpTOHlKxEhDtrn_5AK0Z9ySXh9u6gCnC2_Z0pIthZvvXQr-t1OpbTaDEhHl8kqMxqK2sTjwjxh9WDNYwg_NQ,Akhtar B WaL,https://play-lh.googleusercontent.com/a-/AOh14GhkXoFAdwAgxRATvQ1V3zMYFAvg_AmkqJ5Xapcg,Courageous game.,5,2,,2021-01-04 21:28:21,,
gp:AOqpTOHlcw4wav7kaptqoFczl4kIXfZxFPF1mErVl-LMNUz6y2YKxH7ZRy0HWDhm2aj6ptCBpNm3TctwgpeF3w,Jafer Hussain,https://play-lh.googleusercontent.com/-Ce9lswRlUKQ/AAAAAAAAAAI/AAAAAAAAAAA/AMZuucnKj4Wdw1rmae2iIcGYPzsEhxv8Tg/photo.jpg,Great game enjoy every day.,5,0,,2021-01-04 21:14:17,,
gp:AOqpTOHGcO0KM8xz4IySMgUuOmtJGjAt3BKeMGMnCOI83m4i4UL_D17seABdYftGS5CnD7wyNGFM4c_e_iRzvA,Paper Board Mia,https://play-lh.googleusercontent.com/a-/AOh14Gj93ACxn81y2ex-aPdyu0ssfJfzA-7k11qR6X7_,Tremendous game play.,5,3,,2021-01-04 20:59:55,,
gp:AOqpTOGg-2MNHn6_1uReqABXj3EPCWY-Y4jkrK2RBvp-hplXMSYMw4GoM2KOtBJgaKC1jPvoKURN2C-X6GqMMA,Gullzaib Saith,https://play-lh.googleusercontent.com/-PyFMky7MUqI/AAAAAAAAAAI/AAAAAAAAAAA/AMZuucl3sccexGPZSZcvppCUWLTJ40vD0A/photo.jpg,Best advanture Shooting games.,5,0,,2021-01-04 20:56:51,,
gp:AOqpTOHd8ZtqBMdpxgvE_BPM7yB9VBpDLw8v9xf2Zvv8ZQKDQH1qZyqMDXlZfB0iDnyROWOeP_zSlNEqwFgQ3w,Saindu Smilehai,https://play-lh.googleusercontent.com/-_dG2sXkL0M8/AAAAAAAAAAI/AAAAAAAAAAA/AMZuuclbGpZO6h_kj0bjTK2oN6b-6G8-yA/photo.jpg,Very good game.,5,0,,2021-01-04 20:54:02,,
gp:AOqpTOEc7koyQpFJ4ce0tsiGD_EXWTd3xmz1KQT9gxZbjDezHPyOo2snCl8ggl4NDoacOy4fPEA2rTYKVxk8IA,Qismat Ka likha,https://play-lh.googleusercontent.com/-TKtEBTcMUeo/AAAAAAAAAAI/AAAAAAAAAAA/AMZuuclps8t-Ct7lMtfOqhfLZ-7CjgSepw/photo.jpg,Best game,5,0,,2021-01-04 20:52:51,,
gp:AOqpTOE4-Ww7FcNLW0nX_c8q-POtZ-iCn-YTvPV8TnYLNw0ewhurvSP0b1r5SpCfgLe3WUNKI7WAWt8Mdfdy6w,Sidra Btool Bloch nwp,https://play-lh.googleusercontent.com/-GkWDrtGVVIQ/AAAAAAAAAAI/AAAAAAAAAAA/AMZuucl1jxtirS6kSfSoU3QGetEUnJ2qLA/photo.jpg,Realistic sniper shooter game is a verry excellent game this is a verry intreasting game I like this game super fast,5,0,,2021-01-04 20:48:45,,
gp:AOqpTOF8UPukW8P5JDjXprzj72iA3CMY_pPuKmNuuwKX4E1i7HCr8qLjKGmcA9VtdhygUNFsAsXEx-DNwl1a2w,Xiome Six,https://play-lh.googleusercontent.com/-9zqwP6ZiAEw/AAAAAAAAAAI/AAAAAAAAAAA/AMZuuckaJhEiZZCZIQudrfCwEI3fbnP58A/photo.jpg,Brilliant game,5,0,,2021-01-04 20:21:02,,
gp:AOqpTOE5qUH7EWgwFoSUt_8tcRjFcdhoB2i-oRKY9Xb9UvVPH-Fl6SvmaqlHWOi0CN8zCUHqPJA15bJ7W075QQ,Waris 128ali,https://play-lh.googleusercontent.com/-qm9UP05eC4g/AAAAAAAAAAI/AAAAAAAAAAA/AMZuuckf9YUIlekZ3O4qr_L8NGjnZd-gew/photo.jpg,Realistic sniper game so brilliant amazing game.,5,0,,2021-01-04 20:13:55,,
gp:AOqpTOGR665wTHMN8Nh57eEogf6omimYUqlgPdYX9Gst_lcYohtxOzG89GH4FTOmVaikUv6s6vIBsaXTwUy-sw,Master Paint,https://play-lh.googleusercontent.com/a-/AOh14Ggejy-wd5BlfaSyl05xkip__GUqhiPTbLS1S4HC,Great adventure game.,5,1,,2021-01-04 20:09:22,,
gp:AOqpTOGGGjl7PoS2TDYbzIvHYeM3_FtEEJ-2aj5_9Hq_KQr4QGlxx6ZRq4if6iKlPVKMpRG2DYY6BceNrBoYDw,Gol Gappy,https://play-lh.googleusercontent.com/a-/AOh14GjZykEvMdElfqYMgfer8sm2-I7be0iltWRYaiy9,Simple and easy Game.,5,0,,2021-01-04 20:08:07,,
gp:AOqpTOEIJZ6m_qExuP59mt4UZkV51p-4LzlJTA4RJkZczcTrrVkkDStuVpgpFIAYRKdWNwNE_mLQIiyqIH3Zuw,Advocate1 Naeem Gurmani,https://play-lh.googleusercontent.com/-o2JeL07A3f8/AAAAAAAAAAI/AAAAAAAAAAA/AMZuuckN0Qdut4iGFUcXb4TfOy4i69yvQQ/photo.jpg,Fantastic game.,5,0,,2021-01-04 19:45:19,,
gp:AOqpTOEBjaaa2QCefbI_9cmLJwxE1-YIoLUgL4DrWoGetm2dgOzgrvnXVu7uWLTIXrWyDUi-3SRjhYopSijPDQ,Naveed Naaz 777,https://play-lh.googleusercontent.com/a-/AOh14Gg5qmkVHNVj9Qy4m2yNS5mi-nmFCfl63H55tt1a,This is enjoyable game,5,0,,2021-01-04 19:43:23,,
gp:AOqpTOGge57RtzuqRlr7c4VcRkETbpdtkTZt0KBSVhc1vgTNgnjMlneVaIIjBBwOGfsqmcedtkrR1B0rF6pVTA,20 Khan,https://play-lh.googleusercontent.com/-Gn69voUjKlw/AAAAAAAAAAI/AAAAAAAAAAA/AMZuucmsxr3pUyUWkYWkH3SNxBB5Am6nPw/photo.jpg,An astonishing game,5,0,,2021-01-04 19:36:43,,
gp:AOqpTOFn18loU0BTwVsWLceD3S_ovw4sPVTp9dSoN69PHSTWEdS_mDN57ltx1pKjIyh0KTSXBflVR4Dsc0Cvyg,Hassan Gohar,https://play-lh.googleusercontent.com/-M2Jv2zHUJtM/AAAAAAAAAAI/AAAAAAAAAAA/AMZuucnPETV8fyrmkiYt_b9M5A9Bqt_Qeg/photo.jpg,Good game,5,0,,2021-01-04 19:28:37,,
gp:AOqpTOFgS1OHPlm8jyeNv_2UMf6DZVSyKgYoAAGukhaKKytvC6rk5FU8z4_UoPgUc27tJ5C4SLeg92BobX2Phg,A Salman,https://play-lh.googleusercontent.com/a-/AOh14GhIcYpdEdQOZvBxdqN1IZcK43t3f_O64XMHBa1c,Fantastic game,5,0,,2021-01-04 19:19:01,,
gp:AOqpTOGaGT2JdiCYf694-eUeZ3_B49D_wq70PH7kY169IQN4KwI9M26DZIMcMMmO2uPkHBH-iA6MMyOzn8uNQQ,Ramzan Tariq khan,https://play-lh.googleusercontent.com/-6LDv2Bylaeg/AAAAAAAAAAI/AAAAAAAAAAA/AMZuuckOrWnkCn4qmFbnRkla7i1wzbSqkA/photo.jpg,Easy play this game enjoy all people.,5,0,,2021-01-04 19:13:53,,
gp:AOqpTOHHSCkTIp9NG92BmTnLT0FV6B6Wl6A7Sq7sKKyymo58gCIPCjm7MJga6wHhb7beTfw8t4eed8k7H-F-NQ,Asif Wafa,https://play-lh.googleusercontent.com/-HUl_QBKmzx0/AAAAAAAAAAI/AAAAAAAAAAA/AMZuucmUCOSFHcyO15z6bo-ta2hXXQkhbA/photo.jpg,Smashing game.,5,0,,2021-01-04 19:11:00,,
gp:AOqpTOHQzUuFH3DE3RQTsC6anEY-qDCBtq_NMmvp6BmI5IYZtnVaRf4E_NVAH-D1wGBWciNg2aeBwDHwGcGAAg,EMMA SAMMS 520,https://play-lh.googleusercontent.com/-AdHl3wTFl3g/AAAAAAAAAAI/AAAAAAAAAAA/AMZuuclpat3aC1jPEgLamYks3UV8XCaAIg/photo.jpg,Unique and special,5,0,,2021-01-04 19:03:22,,
gp:AOqpTOE8ehTPwbfhRDstrOkAcc4cS2YEe5YehCPMPvBkGsL1xP9CDjrOQ4iIwe17wLralbLvYOHWvDRq30Bw3A,chanell preston,https://play-lh.googleusercontent.com/-MyoiOk0T0ws/AAAAAAAAAAI/AAAAAAAAAAA/AMZuucnHwJcpkddsvpBCKMC1yodI3NyAew/photo.jpg,Mind blowing game.,5,0,,2021-01-04 19:02:08,,
gp:AOqpTOGOajlkQ4iGXjyFyzTpCqzQbw7iXD_3dAmEJMCo269X1odWiSbN4CUY0P_839Et__wSa4EvMz2PHNVhdw,Nicky35 Boje,https://play-lh.googleusercontent.com/-dVuiTKBIp-Y/AAAAAAAAAAI/AAAAAAAAAAA/AMZuuclfZ09ojvjnkkihS905M-2jn77yhQ/photo.jpg,Most intertaining game.,5,0,,2021-01-04 18:57:06,,
gp:AOqpTOGBXlBafninq4BRDvrUuiRoXiHTIE76jP2jIS4H_0z6EPV5i4z-6aX0xMWVYZYAr9t8zwha1aGOmMS5jw,Bruce1 Baneraaa,https://play-lh.googleusercontent.com/a-/AOh14GhZZadaS-8iBuiZIPUYpqr5Z5fNnI4nmZqh-AHC,Awesome game.,5,1,,2021-01-04 18:34:59,,
gp:AOqpTOGFcZ5qcamPkgSWXcHBeZG9nOjIMD2Cnp3K8b87udmke5tKidQn8oWIqW4LW2ex6dxEHdtMc_X6uAwgVA,Sweet Candy,https://play-lh.googleusercontent.com/a-/AOh14Ghwz0iwR-tlozrcjAZDqQNeV-p5kqU9Sjh142t2,Good Working Android game.,5,0,,2021-01-04 18:29:35,,
gp:AOqpTOHPzPf7FCqFzSr8nBQaYjFqhJfUqLUhYXIQfbMWIryCrLd4HPIERVCWsZsUXxMrpI1Au7I4Eb5P3Ly0iA,Woakes gg,https://play-lh.googleusercontent.com/-OO6tVkmsidY/AAAAAAAAAAI/AAAAAAAAAAA/AMZuucnh9hGV7fa946odla40fLcG3i8p7A/photo.jpg,Well design game .,5,0,,2021-01-04 18:29:21,,
gp:AOqpTOHNXpl13Xpt2geAIkQvvX8-7TWp9Wr9oN9RGHcg-9UkpDoXPwAtUU_srBI09OCkH8Iu9RnWEKxgMcd6xA,Obaidulllah Malik,https://play-lh.googleusercontent.com/-GORx1Jtu5Js/AAAAAAAAAAI/AAAAAAAAAAA/AMZuucnFUs00mUdu-djuCMxxbycYN3WPug/photo.jpg,Tremendous game.,5,0,,2021-01-04 18:24:59,,
gp:AOqpTOFu2guQHipo8Yn2reQezAigXQeiNbOw8Z_UsNCk_VyCjINynWT3a1Np5KLUpleGeK0JodAmIXmGy5RGJw,Faqeer M,https://play-lh.googleusercontent.com/-rUZSlCM2GtU/AAAAAAAAAAI/AAAAAAAAAAA/AMZuuclak00ARPlhsFpxFLi_E_Xd0EzOoA/photo.jpg,FPS Shooting Game is a best action game,5,0,,2021-01-04 18:21:45,,
gp:AOqpTOE1O2Lxm7SfAgK571gbBBPUUELr4cRYlkldsYseTbFzXhsuYXuSy-4QMDaUeBH24KYU-q-PKfKxMCS2yg,Waris 133ali,https://play-lh.googleusercontent.com/-supRlo-WSI8/AAAAAAAAAAI/AAAAAAAAAAA/AMZuuclwlS8G3dCG_CdC8WmYc7PmButV0g/photo.jpg,Fantactic interested awsome game.,5,0,,2021-01-04 18:07:04,,
gp:AOqpTOFk20rxIgT-FE3PLBFVIlRsRZ3hxt1XYRQnsyDx5YXOtwkgWN_mDuVBzWYzU4lh00EGppnlKK0kKXPJyA,Bakeri Biscuits,https://play-lh.googleusercontent.com/a-/AOh14GiB6EziYuvbBUfWeWO6EAMwFku5sG0AtKqH0K2s,Super Android phone game.,5,0,,2021-01-04 18:03:27,,
gp:AOqpTOFlIM0-MQwdKp_MGmICu6WYnHEYYVwSy2nSNWcFYET_eNxIKmOdV62ZWSpoZBtjminRc40gqQaOGT78Ew,FREE AD,https://play-lh.googleusercontent.com/a-/AOh14GiauKhWGU76vaNRu7XWduYi2zIwVyBGX_IwQn8R,A Fast and fabulous game.,5,1,,2021-01-04 17:40:01,,
gp:AOqpTOH9sckv-e3jJ19y6fqTug5NibNCpoHVWNJvJbsU4aieiVxK2Or7uh-m4abpJJp-7m79k5OxRcY6Ss4lUw,CAD,https://play-lh.googleusercontent.com/a-/AOh14Gier6I7BHY7z9AbbHdkILXiuwLyrMCvLCEKgbdR,It is the best game,5,2,,2021-01-04 12:57:51,,
gp:AOqpTOHUmPbs3D5KsZwNvJMLyNy4ZpQOqyUkAci7b7aBQGpxqetLMDUHw5kIxRN7nvG7Ax1yWjWnVFcRsJJ4IA,Jado High,https://play-lh.googleusercontent.com/-PAzAkysiUX0/AAAAAAAAAAI/AAAAAAAAAAA/AMZuucm2Ui6mLsp8kGIL2mlFOPIJHfKjwQ/photo.jpg,Best shooting game.,5,0,,2021-01-04 12:55:50,,
gp:AOqpTOEi-Axf-NmGitCf-mX-lYyf1W3wSfeA-J2CklG1zT_x0jEUc5jtMQ_5H34rkFjZUeZ5NAXVqSQqcIlbLg,Chanda 7 star,https://play-lh.googleusercontent.com/-ma4R_Xm-hqE/AAAAAAAAAAI/AAAAAAAAAAA/AMZuucl4Njar5I2Xit8tiFWhfWEl7Vwj-Q/photo.jpg,Thrilling game.like it.,5,0,,2021-01-04 12:23:55,,
gp:AOqpTOHe-fAuZ19Fl4wrsyVQW4pjlIL2DAVB2TdVw668YMdbqttuFEUFAMxLWKf3hcp_X9lLPqu2Hsa2mi0KbQ,Arsh Naaz,https://play-lh.googleusercontent.com/a-/AOh14Gh0GiYY15g8zeip_4oxt94U5M8FnIcWpQQ-p5n5,This is a very sweet game..,5,1,,2021-01-04 12:00:00,,
gp:AOqpTOHd4MPIkYGieX0fAG6ShrRf8XtKqBosyXuNtTYTz-tcaANpelSMCrCxFze5HmzL5oIrkintujxUPTUEXg,shiny Eyes,https://play-lh.googleusercontent.com/-27A7xXd81VM/AAAAAAAAAAI/AAAAAAAAAAA/AMZuuclhmuJgXEvZKTigdy5SZ5TkJkC1Iw/photo.jpg,Best sniping game..,5,0,,2021-01-04 07:28:10,,
gp:AOqpTOFMhiTNUKw_KJyBekHAaZuf7nJuxDzklqL3fihF02W2YToPsn572kYnd-O8HktPirl73te3K1x8-KtdQQ,Hasim kassar,https://play-lh.googleusercontent.com/a-/AOh14GhDckzP0m6UhLPCNvjmRxTi5ZELKgUa0pMr-DVc,I like this app osm app is very good👌,5,0,,2021-01-04 06:04:13,,
gp:AOqpTOH6QhBIOK7KEIzKpij3yX9IAFLqVhOVlgGLH8qis1FGgLgAh_7ZAckJCwFayXXmMqtOsf4yI-OvRM-R7Q,Salman Khan,https://play-lh.googleusercontent.com/-Yxrzn8gIfPk/AAAAAAAAAAI/AAAAAAAAAAA/AMZuucnoBDqN3sY-Nid7p2WHXHT6P9pynQ/photo.jpg,This game is very good app i am using this app i like this game my favourite game👌,5,0,,2021-01-04 06:01:29,,
gp:AOqpTOHOG28fG-Ovshsb7H1nVjZ5M9yeAnY_xSyKYRITbV7XkenVz9FuV3h1cADldeSyVtX9eDH7N7zJ5qw_Yw,Krishna Molya,https://play-lh.googleusercontent.com/-qThWciQT0Og/AAAAAAAAAAI/AAAAAAAAAAA/AMZuucmAaluoV4qINeEsxAIdXuzKZJjbyg/photo.jpg,Awesome game!,5,0,,2021-01-04 05:31:51,,
gp:AOqpTOHSPVC-Y2OEG6fJ0N1YwUBlK8zD0yfeU1uWoX0Q4cT88-0GoFAsxQxNho2GdyZTR9OS0gCGnTHQYjDm_Q,Adnan kassar,https://play-lh.googleusercontent.com/-P8rQNvF2U5E/AAAAAAAAAAI/AAAAAAAAAAA/AMZuucl9I821NCxDMfswAfo9Hzbf6Sd6AA/photo.jpg,this is a very nice aap,5,0,,2021-01-04 05:28:45,,
gp:AOqpTOFnoajlK7_csihRfyv70MrpHH4FuMYPVPWVsK9HpHuOXFUN-ThSlqL4OZcvtJKLFUznEJpIP_HuIr3-qw,All is Well,https://play-lh.googleusercontent.com/-cEcAbrFqJUU/AAAAAAAAAAI/AAAAAAAAAAA/AMZuucnYAxRiWQgeMqB5Km8r7aynaDNZdQ/photo.jpg,Amazing game,5,0,,2021-01-04 03:46:31,,
gp:AOqpTOHSG5Quo2hMM9nEd8IOFK_GTq0MeM4l68MPzN2SEZX1F5L9MbBiwwt4mkABYa4-5yWzwViL3yHsAoybyA,Hassan Raza,https://play-lh.googleusercontent.com/-XRSXULJ4ZQQ/AAAAAAAAAAI/AAAAAAAAAAA/AMZuucl-YoRNpjncNTK51icf6rWh4wq74g/photo.jpg,"Sniper shooter 3d is a best action game played with different sniper weapons, feel the fun of a real sniper and sniper attacks. Modern shooting games requires fps sniper shooter, 3d sniper and best killing actions with modern weapons.",5,0,,2021-01-04 01:44:29,,
gp:AOqpTOHsGid1__1mwvm7sMZgRhNPPb0Hb-9r5Y8Odls486mNnxSb3FweUzRcHrdkxKcQJc_8GMX6roHADCMDmA,Keven Petreson,https://play-lh.googleusercontent.com/-HV-fRRrpP_o/AAAAAAAAAAI/AAAAAAAAAAA/AMZuuckHYe4HtvvLIMFxmMmUEijn7X9ETA/photo.jpg,Interresting beautiful game,5,0,,2021-01-03 23:27:18,,
gp:AOqpTOEB-t1qJVBg6V-_Px1liPH7hUjqg6rbNkHbrR-2qG_6SKzgqdl-T2V2AbXFJIotvh-RSiLW_oQ3GtNIIg,A bilaa,https://play-lh.googleusercontent.com/-Vn2q9ZeLogQ/AAAAAAAAAAI/AAAAAAAAAAA/AMZuucl17cZDmSt9uShAe4WfIw28bYzdUw/photo.jpg,Realistic sniper good features,5,2,3,2021-01-03 23:05:25,,
gp:AOqpTOG7RfEZhXrTq08xG8G_X29EziARQT-q6QbGFYWNPyzUrfArc0q8uMFqscfE1BPCHq4sicdi8DdSoR0ssg,Sajid nawab Gurmani,https://play-lh.googleusercontent.com/-mS4bkvsgjpI/AAAAAAAAAAI/AAAAAAAAAAA/AMZuucmW4l2Sx627aM9ovB-aD_C-3fyVQg/photo.jpg,Best game used to all people.,5,0,,2021-01-03 22:45:31,,
gp:AOqpTOHFFMY0NC3_cF2GUGifvXVtQNS5j1iMjfOp4bMGTHmhh61eUv_Ewql7j6LjgwgqWEU-Feg1K_GIWuql_g,Sweety H,https://play-lh.googleusercontent.com/-w2U_Y8NfKf4/AAAAAAAAAAI/AAAAAAAAAAA/AMZuuckP76U9hjW5ynFy1Gm0gbJvxYwKqw/photo.jpg,Nice game with awesome features,5,0,,2021-01-03 22:39:56,,
gp:AOqpTOEr_04CoW7YQaFPgXYyGQNKw9b5AJjdG_SQraROKHqlJ-Bz52suVr68v-MQ8SNMArv_8Xb8ffOC0_ayqw,umber mehran,https://play-lh.googleusercontent.com/a-/AOh14GhJR6N86nH1VLAGeDWi0Nu8fs_ckRr6avo7rAkZ,It is very well designed and best game to play.,5,0,,2021-01-03 22:39:36,,
gp:AOqpTOEZyIAKHp7RZNM6NKfJAOOQK8TWHPRKbs5WZmwY8GJR2MUCX-nVtSEtF1IUP3kAo24mFMVq72gSAeDxzw,Ayesha Fatima,https://play-lh.googleusercontent.com/-rQvV7SjUofw/AAAAAAAAAAI/AAAAAAAAAAA/AMZuucnT6Ae1N6d79Oa46hfVKTnkHintVQ/photo.jpg,Real amazing game good shooter you can easily get it thanks developer for such amazing game,5,0,,2021-01-03 22:20:28,,
gp:AOqpTOFyhODQ-5MFVvvQSOkyQYnv5Y4BUzFITONjTYrQRdjM3mvDTnkgHupgPHwZsWuT0IdYorgpU1FHxUcubQ,Shabbir Tile,https://play-lh.googleusercontent.com/-n1EoMI-fBIE/AAAAAAAAAAI/AAAAAAAAAAA/AMZuucm-DGONMsJyxM0TSyBlCP8zUxprcA/photo.jpg,Remarkable realistic sniper game.,5,0,,2021-01-03 22:13:30,,
gp:AOqpTOE8VJZxJ3HvE0ECVa1ZJ654ga5Eys2astP-VZFCz8kL0IFo-b2JT6voSyba8lGx5qY6d0YhMbCgcyXe5g,UROOJ ZAHIDA,https://play-lh.googleusercontent.com/-yHyFCba80M4/AAAAAAAAAAI/AAAAAAAAAAA/AMZuuck-ZpRnhHY--1RjvdB_x_SwndO_Vg/photo.jpg,Realistic Sniper Shooter is very attractive and awesome game.,5,0,,2021-01-03 21:59:59,,
gp:AOqpTOHBRjm9lADAlRWz_dc5hgRqOTiaUSmzk0Vk5IWpBqd4DEaVu75NqZNNcgbP0FySKUQSot9yRZ9E8llW8g,Ahmed Shehzad Lashari,https://play-lh.googleusercontent.com/-zFzZWfAySVE/AAAAAAAAAAI/AAAAAAAAAAA/AMZuucm2O36CFknqVaFN-Bya0QeB5xmCiA/photo.jpg,Realistic and is beautiful game,5,0,,2021-01-03 21:23:05,,
gp:AOqpTOEP2B-uB95bukqo9KaoF7oywc-ktHCURHlXE1UEjyuXd4zVNo9V9VZUIn7p3Ymh4L64Ri2RvHacCQ3PqQ,Gurmani2 Badshah,https://play-lh.googleusercontent.com/-l3c5JL-RBhY/AAAAAAAAAAI/AAAAAAAAAAA/AMZuucknFN0AppD9seV2w9OrVKQHwiFgnA/photo.jpg,best game in all world,5,0,,2021-01-03 21:22:02,,
gp:AOqpTOEOqWJQoHXUIRHFEohR4TXtUMjY6ka_gqMtM3V2EOkv5aY7v7GvXRkgqzBPpFt2ATxHlbSyKbXZFOxXeg,Gary17 Oldman Tr,https://play-lh.googleusercontent.com/-1fj0Z6mofak/AAAAAAAAAAI/AAAAAAAAAAA/AMZuuclLb1hkOK9cPj4I4Yicw51vA0On4A/photo.jpg,Easy to play enjoy all people this game.,5,0,,2021-01-03 21:18:20,,
gp:AOqpTOHhxsM60uO7YylNgwoFCQm-8Ms8aZxkpiWSgJn6MvXXPShqHFHBmqqPN1BnoPqynyLI_egB3xK8CIe97Q,UROOJ NAYYAR,https://play-lh.googleusercontent.com/a-/AOh14Gg_aJPqyKk-EpasXGciCOhL6uWQBq8ke2eCtqB5,Best 3D shooting game.,5,1,,2021-01-03 21:15:08,,
gp:AOqpTOFX4yp8BzDVU7exTEmmZSHFCSUAv9Mp0iVlUNVdXq4-WRvrFl5LbknqmJtntS778E3k0AdErUJAR1HzEA,Deena Zahra,https://play-lh.googleusercontent.com/-gJPp27hsZB0/AAAAAAAAAAI/AAAAAAAAAAA/AMZuucnyB87D0Uobs3QEMiM9o_U-HoOFvQ/photo.jpg,This game is worlds best game.,5,0,,2021-01-03 21:08:31,,
gp:AOqpTOH4E9qH__dNdgst_yY0ljdvjcYWktIia85sUJIRaiCSObuFJlJ-3vsvkgRy0clk1V9tGrPqaUHPlidRKg,Ali Ali Bloch,https://play-lh.googleusercontent.com/-mGKHUvCCbhM/AAAAAAAAAAI/AAAAAAAAAAA/AMZuucnGUhww-hOu7fVkJEidw5PlwDyeyg/photo.jpg,brilliant game enjoy every time,5,0,,2021-01-03 21:03:12,,
gp:AOqpTOGxYTZzcbGn4RR7S-6VH0NFnMvAcgJMYZ520iGy5VvE-RWZ24PKqMphVkBqAGtYhYxliX75r9v2IoTKFQ,Sajid Akhunzada,https://play-lh.googleusercontent.com/-2WXyxZGkdHM/AAAAAAAAAAI/AAAAAAAAAAA/AMZuucmynR01qiRPMhDg6mX_mz2oVHpKIg/photo.jpg,Love superb game,5,0,,2021-01-03 20:49:27,,
gp:AOqpTOFLdTy79Cp3i3l5pr9T_5kH7u88jXEbtO2NpK4DDGhwLlNXlD_qx-ePiXQiasb91SBOjcbXceaJ3EC8kg,maxmart Taxila NA,https://play-lh.googleusercontent.com/-VryYZ5H_Oy8/AAAAAAAAAAI/AAAAAAAAAAA/AMZuucnjxxk37KJ_uB8A3Rq1B6Z60qJIQw/photo.jpg,Wonderful HD graphics.,5,5,,2021-01-03 20:49:26,,
gp:AOqpTOG_E7wCdepDcntdgnKugqJ9cdw88KSFoso5VrRvSsjJRZnntcuoJRrzoZZFeXtVPMq2ikg4i_1YuKHJFQ,Rainy Forest,https://play-lh.googleusercontent.com/a-/AOh14GhiX8z3PgpiTAO2aKFurbikRloarT1eWmqBVG-9,Thrilling adventurous game,5,0,,2021-01-03 20:38:28,,
gp:AOqpTOF_GaJ18MBWiEL-E0n-bl1ONppR71yLDYkwTcQxfs0eYqS8d2Dr8kXmtGuH5kuapTAiKE6ulfM4slEEkw,Raja Hamza,https://play-lh.googleusercontent.com/a-/AOh14Gh-oeR-0Zlbz8NdKN8zLFpoKUex8GBo9_njsY8A7w,Fantastic and wonderful,5,0,3,2021-01-03 20:34:34,,
gp:AOqpTOHTHNrve2AEqn2_zJRtK1tVA4C-mD_pF6VtxE3DKuXffrC8rox2c6YwKGtbofH1xTAXpFLnQxmNMXGW_w,Nicky5 Boje,https://play-lh.googleusercontent.com/-Xgert1KLJmE/AAAAAAAAAAI/AAAAAAAAAAA/AMZuuckCK0KEYNSbsP3ThQRBew25M_IiKA/photo.jpg,Intersting game.,5,0,,2021-01-03 20:26:58,,
gp:AOqpTOHaE3-EA9R66kNf22HovsXwKLG5-iRJM9yW40xPC7mtoiHzQo-jSgefGinzoafhQF1LOTV5pn43jzAwyw,Alexander jon,https://play-lh.googleusercontent.com/-UVy5sS-bJ3M/AAAAAAAAAAI/AAAAAAAAAAA/AMZuuclsJDRhP4PvOLBgRakG4A-T74nahQ/photo.jpg,It is cool game.,5,0,,2021-01-03 20:26:13,,
gp:AOqpTOFDFzE_9NqcvirEQJUK_BzZity-vHAFgfezOUiWjjg31pVJHiHz4ujYWXUyWz0bQ95JZE0zbi3AhfLpcw,Kirn Hassan,https://play-lh.googleusercontent.com/-VoRhvtxHywQ/AAAAAAAAAAI/AAAAAAAAAAA/AMZuucmRhhoI2VME30Y8EMTJPkvmT1RtIw/photo.jpg,Awesome game,5,1,,2021-01-03 20:25:37,,
gp:AOqpTOGWP7e6nKRJXsnoawQx0Lsmjc8oRPXDlYx7p7Yx3PEdeYVmNYfvx6JymzTwH9DCcGMpHOtZyeO-ULtvNg,Salman Ahmad Sunny,https://play-lh.googleusercontent.com/-ZjOGg_M5nIk/AAAAAAAAAAI/AAAAAAAAAAA/AMZuucnOE6jh9jLfF3gICXLMvCqMkAWJmg/photo.jpg,Highly rated game,5,1,,2021-01-03 20:18:27,,
gp:AOqpTOFf5qizrW9PsSoDxJ6pMZsW55b3Uwh0dLPaqkiCjhVeu97VNx7b1deQObcuKjgg8RSwB7FOVa9Dq9s-sg,13 Khan,https://play-lh.googleusercontent.com/-FK2QtARYDcs/AAAAAAAAAAI/AAAAAAAAAAA/AMZuuckChk4pWYPMpTInbpoeWysT-sd_qw/photo.jpg,An interesting game,5,0,,2021-01-03 20:12:55,,
gp:AOqpTOE29yMLVzr7KOjaU5MCFVdHcdLLVHBKEDhs4bqEpvqNmVs3RI0fc1MsjWn0oJAjokVIu_O_2XjX4EBcFA,Facts All,https://play-lh.googleusercontent.com/a-/AOh14GieB8DZRtC4VZmFzfcyneidyZrcUYMk-ANYINws,Super hit game I like it,5,0,,2021-01-03 20:12:25,,
gp:AOqpTOGgUrtDK00hWF5olszWiKvRkNwFzExG8UetSQZ3S6lBYSjOsdsyMovPVOxqnrKZWFNSj2wXpD96BRQlEA,Rob Yate,https://play-lh.googleusercontent.com/-Np24IdJSJwM/AAAAAAAAAAI/AAAAAAAAAAA/AMZuucnPV2utk1KAF_NRSahFfY-9xzLOQg/photo.jpg,Good game,5,0,,2021-01-03 20:10:26,,
gp:AOqpTOE4aPwOniNdXHEJuQEaasCJ98G8wMwsGRThLtaI2rukaXJSqDc1933OkJF3jKutigbFoL7i8pkKejf6Jg,Kashif Awan,https://play-lh.googleusercontent.com/-kADoUjn2O-Y/AAAAAAAAAAI/AAAAAAAAAAA/AMZuuclvpOsfHeywNhKLGKnjvqGLWgOsCw/photo.jpg,Excellent game of shooting as a sniper shooter.,5,0,,2021-01-03 20:01:45,,
gp:AOqpTOEE2FuOMVIaSHydueY2aJ33CdljzeVlPgWydrzsAL4_yFkiAB1KDc5sKS-EftPM-hs-nxPjF63vYUTncg,Sona Bacha,https://play-lh.googleusercontent.com/-rl_x9XcOu8s/AAAAAAAAAAI/AAAAAAAAAAA/AMZuucmRMpFe3lHTbo5CO9iLKW-sjb0O0w/photo.jpg,Fabulous useful game,5,0,,2021-01-03 20:00:52,,
gp:AOqpTOE2wdyPjY1DNJho7plJRwzjD-Ef3a_VKyvXCuB1BktwNQHX6d_EMXW9ey_neJLPPVFFYdIwu_bCLm_i9w,Lemon,https://play-lh.googleusercontent.com/a-/AOh14Gj4cfPkl9ePL8eOiDdVgGaqQp0bKwuSP50FVW7Y,Awesome game.,5,0,,2021-01-03 19:48:24,,
gp:AOqpTOGr0ZTZTBb5EIrmiUipEE8fHfhEukekahCYxzwtj9o3UpdeDJmUCe0L5434N3tiDbdPd4e8HIpgS3Ya0Q,Noman Ranjha,https://play-lh.googleusercontent.com/-T77R3LMVV2k/AAAAAAAAAAI/AAAAAAAAAAA/AMZuucl10ZFsNOhyet20dUQ1Ewlq0BqBOw/photo.jpg,Realistic Sniper Shooter 3D is fascinating game.,5,1,,2021-01-03 19:46:50,,
gp:AOqpTOHWh6i5f-x7ogJLr7YFN8EhddBgGgZPYx1o0AX_yfcEMK5fKWiC8A09CQzB0DoE6D66uPih_K2wvei72Q,Slowmo Raja,https://play-lh.googleusercontent.com/-WW2fbo2po40/AAAAAAAAAAI/AAAAAAAAAAA/AMZuuckbSyjXyoR_utAMsEcPTXe459TZ_A/photo.jpg,Marvellous game.,5,0,,2021-01-03 19:35:57,,
gp:AOqpTOGgD1sUP74qFWy4qd_79DdzHoaa34Z_XG7pOFKOGBRv2Ohnk5QkNMT_fcwUb7RYQ0UuIhKJsFNGkJ22HQ,das school,https://play-lh.googleusercontent.com/-Ru1sVOV9yug/AAAAAAAAAAI/AAAAAAAAAAA/AMZuucl3GdRHuD_sfjuJDyyyBrM7IjOYAg/photo.jpg,Mind blowing game.,5,0,,2021-01-03 19:33:18,,
gp:AOqpTOEWUdHfYSgOY6wZyzgeHH9loYHKGrpOgmYAaOC34M-hW4f2miJsaIwqsR3woYZdt2e9VGRVM1ZKcIY6Qg,nely mory3,https://play-lh.googleusercontent.com/a-/AOh14GhdpotwK7W37qx_pxGAbZdVOuWpPH4V4YKUQSnr,Well design and awasom game .,5,0,,2021-01-03 19:33:11,,
gp:AOqpTOEDEDQ7LKfk7isrMUduuImUdRTzk9eqXplazmtvJMk8TTk1QQ-uSCbqcquZfQMUis2YHA7mT9JIhs6LpA,Hafsa Malik2,https://play-lh.googleusercontent.com/-C2-66UJwgYQ/AAAAAAAAAAI/AAAAAAAAAAA/AMZuucl0BSQyDWfNOGz9E6M4jWa4uoXq8g/photo.jpg,Very intresting game.,5,0,3,2021-01-03 19:32:52,,
gp:AOqpTOFenraQQZXYHXWLhr2gulwZNfNbjXdLfChbfxQTj1UyHnyZuNGqmhwfkRsu86PJl3h0Kho_mSqZk-2hSg,Naveed Baloch 01,https://play-lh.googleusercontent.com/a-/AOh14Ggz3HnsCh1g-I0krD_aHHjv3urwxCkY45llar32,I love this best game,5,0,,2021-01-03 19:29:50,,
gp:AOqpTOHn7L1ZWF71_n8yTcFn254WumC4q6544nbzSPEhY_3NtjvEMaPcKkSlYgrCiaR0mkLVYiHIm6LUoWbYBw,Benn Coran,https://play-lh.googleusercontent.com/a-/AOh14GjmeDf9aW1Kr-BlD-zhyiU6pPdDwipBD8zEsWw,Graphics are gorgeous.,5,0,,2021-01-03 19:27:13,,
gp:AOqpTOGX7kPXEh8Fqe-D44ycH6CNhlR1Qu24Rx2704Nwthgs_Ix7vsGtJFxK8TMnVYNA0_9rxD9IUvQR7lqGfg,Llb5 Ramzan khan,https://play-lh.googleusercontent.com/-M6zsHdEKUkc/AAAAAAAAAAI/AAAAAAAAAAA/AMZuucle5NJjmYcLLUp7a4ESmKHKqMmgAQ/photo.jpg,Wonderful game.,5,0,,2021-01-03 19:25:41,,
gp:AOqpTOGkSl29oXcLD1CuB1hqLMl6KJQ4YoPCp93zQ5PG__YYTccUnllKWyTJ3aQ1szh3YWp7ttiuNtGSxdbqZQ,Armghan Khalid,https://play-lh.googleusercontent.com/-6kSpEY4pwps/AAAAAAAAAAI/AAAAAAAAAAA/AMZuucmcyZUvp-T62ZyQWS2XM4SCnZWpIg/photo.jpg,Dazzling game.,5,1,,2021-01-03 19:19:43,,
gp:AOqpTOGDKtilgT0gJiXcrNoI56_343184HYjEXp4dhAQelDfWUVwWKc5AH50m3rF4UFkVUsgi0U6zpGRRNFaPw,Kara Hands,https://play-lh.googleusercontent.com/-PLeM9WnKRaE/AAAAAAAAAAI/AAAAAAAAAAA/AMZuuclz-JFgHMQwYIlqZU5072Jw2hNf5w/photo.jpg,Realistic Sniper Shooter 3D is captivating game.,5,0,,2021-01-03 19:06:14,,
gp:AOqpTOEs0PZuJzMYdNMNjBIMYgtmYX-KBueAQH7mK1G51E0EBVZz4WO978fn28ebMl6Osz6ajo-RnCcbMLyNyw,Atony11 king,https://play-lh.googleusercontent.com/-f3_vhmDfLZ0/AAAAAAAAAAI/AAAAAAAAAAA/AMZuuckvUfdI6lCnmhk0BmOOCGNOaSLW9Q/photo.jpg,Well design game .,5,0,,2021-01-03 19:00:59,,
gp:AOqpTOEmIQaN1s_igJovOgGExKJIBfXkUx6mT5uB_X9r8RDFPBUcw00G7TDDJXDZhd0RkggG_jlpvEJKMUOlaA,Saqab Nisar,https://play-lh.googleusercontent.com/-kGw6rJq1Syo/AAAAAAAAAAI/AAAAAAAAAAA/AMZuucmBmYHm2CnMJNVlbTz8lCOFD9lIOQ/photo.jpg,sniper assassin is the best 3d sniper,5,0,3,2021-01-03 18:39:07,,
gp:AOqpTOFSCEghwSnNWHKU1xY-Tx0NsEUY8YH-Tu0UteNP6Uj1ExkpzZZuc1YvEEmYvWGiV_cg5KTpbDper9S5Ew,Logical Person NA,https://play-lh.googleusercontent.com/-05-hyGPqEz4/AAAAAAAAAAI/AAAAAAAAAAA/AMZuucl5J6MP7FOhb--2VxkxZVocRlv-xg/photo.jpg,Fantabulous featured game...,5,5,3,2021-01-03 18:37:09,,
gp:AOqpTOG_0AipD5KcuLdiyi8W6Wl9bI7_KE4STSGWTCjuoalwhYtMR4F_twC5PPeNBKc1757hWN2mvmYvPNFjfw,Johns Harvey AM,https://play-lh.googleusercontent.com/-CtcrDKwjz80/AAAAAAAAAAI/AAAAAAAAAAA/AMZuuclm7NRLirrNE9Wjmgoy5LaDiOh7lg/photo.jpg,Sniper shooting best,5,0,,2021-01-03 18:25:14,,
gp:AOqpTOHAW9Y97s7NijfElLDdLApScY0P7COBNZuhAjjRXinh2KolPEzdWwLXMBtiI5gx0nE2PcEEbFMy23aW2w,Sooper,https://play-lh.googleusercontent.com/a-/AOh14Gih2IL1PLoSV5lzWoW7elS_s14j8zqAjA0higAt,Good Graphics Game.,5,0,,2021-01-03 18:25:13,,
gp:AOqpTOGNN5ydNVtfhcebgoQbwW9K1yyyMLk4w7ZKlOzgj7VYms2gYu8KK9aFeTL9SS6uThzV1Np1bpB1hRvZHA,HELP B,https://play-lh.googleusercontent.com/a-/AOh14GjWIgv9wLSmZcmpB5D-iOPT98JShLf82vaz8gWE,Super working game.,5,1,,2021-01-03 18:14:05,,
gp:AOqpTOEqj3LDWT8P_C98BqXahK3_zLtjcak7141l4H7q4_9YjNSBMELvx304LA6qUqVbT6p_VAYw0lSk1dfB_A,Kahani Ghar Ghar ki,https://play-lh.googleusercontent.com/--zouLysVIws/AAAAAAAAAAI/AAAAAAAAAAA/AMZuucnWTPge9FNuDc9hN-_AYCPh6-Yztw/photo.jpg,Thrilling gameplay levels.,5,2,,2021-01-03 17:40:01,,
gp:AOqpTOEh6btKd5FBFnoXBpzOQVoDp_VRf8xtvAIn8feN1-PWBNK5UgHNGJDMAsb1TqzaARTDDxv-kZMKe7KKNQ,Cc Cc,https://play-lh.googleusercontent.com/-7husyM19W08/AAAAAAAAAAI/AAAAAAAAAAA/AMZuuclhUHG_XtMZBiPX0CagQzcevBqHzw/photo.jpg,I love this unique game.,5,0,,2021-01-03 17:32:34,,
gp:AOqpTOF0NGByL8SqfoufNn8KP0lvqKOvkTyy48nld1m_gTJaBZABWxo9qGFXWCKPCtaOsKpgVMh4U1jCcbtWFw,DOOR H. N,https://play-lh.googleusercontent.com/a-/AOh14Gg0oQicfyUgjvY450058_Cl7E7dPK3spPmQY4Vj,It is the best game,5,2,,2021-01-03 17:26:14,,
gp:AOqpTOFnMXw6V2BUPPYEVt3GOVNKIWGWEojKah2NUssz0X8KWWDb-xp49H-3OAE-7Df9sSNEpEH1k1zSj8Xxdw,CIA AB,https://play-lh.googleusercontent.com/a-/AOh14Ghn33TO8JJmdPiTH9jWF0sD880p2K80maO_6E7g,Super control game.,5,1,,2021-01-03 17:25:10,,
gp:AOqpTOFOKEZZtLeLhkehg151y6HR74p5_EUxPcqXSADBd1-qspad8ifTd4iaXls2koJ4xCwTdhJtjD-tE0JBvQ,ERIN HILGARTNER,https://play-lh.googleusercontent.com/-3NVdIr4E_44/AAAAAAAAAAI/AAAAAAAAAAA/AMZuucksiOZ4m8Iqbyzn4SNtmjKhyifeSA/photo.jpg,Unique and gorgeous,5,0,,2021-01-03 17:22:44,,
gp:AOqpTOHAm2akOgaAHlys4_ZYQ5_C7czdNq6zFPzC90o4lZgw0CwfkRpuckntl1EybtMfi151JBX6zE0MA5rvEw,Chang hong,https://play-lh.googleusercontent.com/-xWyHbp6_gdk/AAAAAAAAAAI/AAAAAAAAAAA/AMZuucnWuG2KOd94wEOJI7obqnH2JpmZJA/photo.jpg,This game is good,5,0,,2021-01-03 11:50:27,,
gp:AOqpTOFOGfmsVV6OF8wmANeYB-VwzP5rcJAJRE-qixY_g1FHGKLoAh4bDXslocCx8aF4iylDhTzh2aYoPxSanQ,Farah Queen,https://play-lh.googleusercontent.com/a-/AOh14Ghc0zy93woj-MleivVrEnly7L_1NcbcU53XSZ-Y,This is a beautiful game..,5,1,,2021-01-03 11:37:45,,
gp:AOqpTOF2h05B5Zep4t8jXQAkq8b_WlA658eZ6wKBU0mGpQXEcLP83loI0137KFJXdtCPG3K6agOzhUMpcHmVvg,Norah Naomi,https://play-lh.googleusercontent.com/-H-wBwG-72a0/AAAAAAAAAAI/AAAAAAAAAAA/AMZuuckB6yrz72OEuZaKYoFI4KfMzwTZdA/photo.jpg,Best Action Shooting games.,5,0,,2021-01-03 11:32:24,,
gp:AOqpTOF2IT2VvGCyEZtnupPgdZ1-UWpVobnU8Hrjez2FA4Pqj2qxqSrFJXQoZbAEnEatsaRDENbtbxCCB2lZvg,Moon Bro,https://play-lh.googleusercontent.com/-dW3yXIGBI4s/AAAAAAAAAAI/AAAAAAAAAAA/AMZuucmqOMpTyHQ4ycMryxJiLRvC3JUiEQ/photo.jpg,mind blowing shooting game,5,1,,2021-01-03 11:22:59,,
gp:AOqpTOG67LI6eHQOoTsc6QcjbCwbS15ceOfz1AZQJ5RLznaacMp9GaSG9zIpnbRjMbACzj1Umfz3eJ8c2Runog,sany lion,https://play-lh.googleusercontent.com/-nC7H2u4V6to/AAAAAAAAAAI/AAAAAAAAAAA/AMZuucnEKpPYKtCuHwJ-6UhB8yF-Y9AYzg/photo.jpg,nice game,5,0,,2021-01-03 11:08:54,,
gp:AOqpTOFiQEZapA38yLcZlux-w-ViP3QIN3cGNX-h_eLgHA_P9uRj1yfJ9FW1PZz8zSNNfHroYj_FEjUEifp-DQ,Medusa Zee,https://play-lh.googleusercontent.com/-IxlPeXGnzYA/AAAAAAAAAAI/AAAAAAAAAAA/AMZuucln_NZ98jqvHVbxyGHHzsTIFFVVZg/photo.jpg,Brilliant game,5,0,,2021-01-03 04:03:27,,
gp:AOqpTOHSeK3pCkYwmZ0lG5KZ9PF0dCkylO_Zyf2dawXJbgIS-WlBzKmCj0HFV0t8wjEDSmFSlsbNpSdk5FCl5A,Dr Seuss Rain,https://play-lh.googleusercontent.com/-8TXCHi5c6bg/AAAAAAAAAAI/AAAAAAAAAAA/AMZuucmwPXf1-tVBEM23KR4ugfh9BhdfLw/photo.jpg,Great and fabulous game,5,0,,2021-01-03 03:42:03,,
gp:AOqpTOG1pmFkB4vWZ2Fd0MC3H0wsk8ty6AIdNNEK5wbIZP7GXNjYiMepODWzSzswUyxRUDh7kOdqhPGkP4zO1A,Waris 120ali,https://play-lh.googleusercontent.com/-T-kegQytHMk/AAAAAAAAAAI/AAAAAAAAAAA/AMZuucmny4RR0yp2hdJJ9zPCXHeG-S0zjg/photo.jpg,So beautiful wonderful interested enjoyable game.,5,0,,2021-01-03 03:41:48,,
gp:AOqpTOE180kU7nN64vwpPW1psaZMbDkXb0zMUUwXgQV44ILlDFwHmK1QuNq0c4nmQXPZtTQt57LDEeQAH3H5NA,Sareena Covid,https://play-lh.googleusercontent.com/-pTXdipL5xxo/AAAAAAAAAAI/AAAAAAAAAAA/AMZuucmDlXBAvvXEVlGu9sLCet7A2pnrjA/photo.jpg,Shooting game,5,0,,2021-01-03 02:57:54,,
gp:AOqpTOErOuoS7qXq6O9aQOdbwJaUl5UMPFpne3JnPp1oV8YdNZG8_mBntzFBj4FGXAZ52nsFjYg-p1YMAlV9bw,Mehmood H,https://play-lh.googleusercontent.com/-1bb5TIjiYfo/AAAAAAAAAAI/AAAAAAAAAAA/AMZuucnFjtE-r---0Ud6U_H4ydbasViaxQ/photo.jpg,Nice game with awesome features and good graphics,5,0,,2021-01-03 02:02:32,,
gp:AOqpTOGu-721qwJNYTFykSkBYhSGB4FBXhjKAcaYAPdJuKxlDsnMhgMDfiOX6X31VFRT5ZZMrDNMbrypzkFVTQ,King Ali Raza,https://play-lh.googleusercontent.com/-ALAi6H9PrT4/AAAAAAAAAAI/AAAAAAAAAAA/AMZuucnnIdwyYfMeBofPw-3_uw_SkyBT8Q/photo.jpg,Awesome sniper shooting game,5,0,,2021-01-03 01:45:16,,
gp:AOqpTOHrxYMZMuLVYxh2LBsCf7qqclnxP1iO38Ww8IzYs8-5TRn0pv5LmZHRiLzQkUcg-ZY8W0Gqi7KORwrOMQ,AnGEZa APana,https://play-lh.googleusercontent.com/-EinvMkymvO8/AAAAAAAAAAI/AAAAAAAAAAA/AMZuuckZZIaah4CXpxH-_zL9OkDmzlRNEA/photo.jpg,Gives fun of real sniper.,5,0,,2021-01-03 01:08:31,,
gp:AOqpTOGd_ZG6kTf8uWkjzhMNxlBqiOlT9PseiwMV3C4Wvg8j4MCWs4it9_TTfc6cL3KK9B-4aAkrtoW_EB216A,Enter Name Awan,https://play-lh.googleusercontent.com/-6pjy1JlYfec/AAAAAAAAAAI/AAAAAAAAAAA/AMZuucnfxB0weEpVKZ4gd851brynUGwbig/photo.jpg,Like and superb game,5,0,,2021-01-03 01:00:35,,
gp:AOqpTOH0SQ8PtTRCqE5sdOjIV4gBbnElcXvR3ubjFCJhvHeDJSaeUAsoR7_o4WLFz3XuQ7kBrmrwj5WMmfjgPg,Aron Lam,https://play-lh.googleusercontent.com/-79evPUn75EQ/AAAAAAAAAAI/AAAAAAAAAAA/AMZuuckX76fUD5cPXqca_4jmMM4A5FAvuw/photo.jpg,Beautiful graphics.,5,0,,2021-01-03 00:55:28,,
gp:AOqpTOG3YzoEusWqUlQBDrc_5cpINGR9EXTQRAPWeXJnKAAGa9wtFTequCXAElei_0KQqSbd79goOOJztB_MjA,Screw driver GSM,https://play-lh.googleusercontent.com/a-/AOh14GgPxxmJVHDYgv247WIq1apbFRWWNVJ7hU0kYtf4,Realistic game. Love it..,5,7,,2021-01-03 00:47:32,,
gp:AOqpTOFvKSH-qLS2CrhNOP93Uo5QQtbamYOUgqemQA2MKTbTvSoreIFBaGAYxdrpzsw3g5DapJMhzSRsLA_hlw,Anwar Jutt,https://play-lh.googleusercontent.com/-KC8GzB8qv8o/AAAAAAAAAAI/AAAAAAAAAAA/AMZuucmwpmllJegN9Udk-_X0FLMxWsGMPw/photo.jpg,Realistic sniper nice game,5,0,,2021-01-03 00:34:51,,
gp:AOqpTOFwStdzUHu8WBgaZ2_8xLIdvQ2egVkEo1hJ-gV4SFEeN37CdPqcBbOhO7fbwR_NMd7bZEFs6G8AR9tqwQ,Gairy 388 sobers,https://play-lh.googleusercontent.com/-PxtDImCQ8G0/AAAAAAAAAAI/AAAAAAAAAAA/AMZuuclaUIf97ksSDnh8mOBSI203TCC4ig/photo.jpg,A Fast and fabulous game.,5,0,,2021-01-02 23:58:42,,
gp:AOqpTOH0DL9Y_yFdzCWLCHOJpUjWuhYc0YueGkWcRfmTIkxxrA097m4YHXugZjhfsDaKpQLY45Ej9XktJfDsGQ,Mohammad Sarim,https://play-lh.googleusercontent.com/-DcA7U3gf6MA/AAAAAAAAAAI/AAAAAAAAAAA/AMZuucmCRYFWucoc3ZhPWF3uAhlWEBd7_g/photo.jpg,This is amazing,5,0,,2021-01-02 23:49:57,,
gp:AOqpTOEQoKs6gOym3VIO7fY8ids_7eCR_LYaokwhAcW1TgXXwqG-uinlb9DPKtNQHvRiZHBvpl8HTYKIQzoJbw,Hero Zero Awan,https://play-lh.googleusercontent.com/-m7yWs8bPHgw/AAAAAAAAAAI/AAAAAAAAAAA/AMZuucmYLxjZ4b97qmuVMQ5gSHNqhyO_mg/photo.jpg,Realistic sniper good features,5,0,,2021-01-02 23:34:00,,
gp:AOqpTOE0XcfqT1AHzGXX34F9p3xQEfiC6qj05fPATe0DRjuZdYCXS3F60FcJQf5Kg2VqNt1bWpOJOUBKFhhf1Q,Ayaz Uncle Dubai,https://play-lh.googleusercontent.com/a-/AOh14GjiXCevVK4UpffVni2KKVmSeLIeKOPlIJeJU0dT,Realistic Sniper is very nice and good game,5,2,,2021-01-02 23:10:17,,
gp:AOqpTOHtstmAjgyD1F7ySQgDI2QBPPTfUuHu-QJgqooFRxb3tpeOxeEmHWqP1HFTWrVSw_Vn-UmWP6UdAszGwg,Saifullah Khalid,https://play-lh.googleusercontent.com/-lgJm_Wf-Ah0/AAAAAAAAAAI/AAAAAAAAAAA/AMZuuckixgKrPNBSIErsiU_DK69rHhCM1g/photo.jpg,Magnificent game.,5,2,,2021-01-02 22:40:50,,
gp:AOqpTOHBPq68R6_3-fxW935CdCxCLwI-fsq14NDdSS6VasMCMgKYAy4AIp3anwlfvP5w_2jvFV1LabdT3Als7g,Last Night,https://play-lh.googleusercontent.com/-z9yD19dldD4/AAAAAAAAAAI/AAAAAAAAAAA/AMZuucnmMg0GfGEek-KyDOTjVQYXbEnkJg/photo.jpg,It is the best game,5,0,,2021-01-02 22:37:36,,
gp:AOqpTOHN90DLVkxZZHD-rRJKFLFTwt_XVbhxNkOSmHkEVMYnxcNomAJoWSBkHt1q-nuUAEYRIEuWmPM1jxvR8w,Jan Baz,https://play-lh.googleusercontent.com/-1vZVeZg49qY/AAAAAAAAAAI/AAAAAAAAAAA/AMZuuckk537KH_Ex1lKmdNLzFWC0p95ZkA/photo.jpg,Good game,5,0,,2021-01-02 22:35:52,,
gp:AOqpTOEPNHXnHFP2_Yss2M1p1QXu30-hxTs-_MdbBkCJ0p7YHVaFpDuaTgSjY1N63MEzBICVIr3OJM2867u7Cg,Ali Husnain Faisal,https://play-lh.googleusercontent.com/a-/AOh14GgF9mOaUzw34TNW6dlgcIxYMHqs6knVtyHdv4Ji,Incredible game.,5,0,,2021-01-02 22:15:25,,
gp:AOqpTOEgcO-ON_bFo1mw9JgPycE7KA9UDYRuT1A5TZcgnzfyV7yBjNJG8lnnOpuX0tnLAIr3Inwb7ez0Q8mn6A,Pagal Larka,https://play-lh.googleusercontent.com/a-/AOh14GhQD5ypbn2BuE6t1jKG78zzL-KnJNxViu8fGTcH,i love its graphics and controls,5,0,,2021-01-02 22:13:07,,
gp:AOqpTOGAUIXbCZTAyqWs3rbEtKMPsuerawHBtaymt_uspqpXT4kbEJDGFE5vi3XmNdp5bcLRPE4W3vuLBfPeDg,peer shb,https://play-lh.googleusercontent.com/a-/AOh14GiUdr8ogzP_PhWGP1EnvkTFFhG1qO8jl_HEV3UH,It is best shooting game.i like it very much.,5,0,,2021-01-02 22:06:19,,
gp:AOqpTOGSWJqUy56xTqMNQD2iPwMoxTynYR71_G8ZmdOHlnNLb72gGbjwNPfTvhXbQUZ2BIjYItH0VJVNQTxwtA,Dd Dd,https://play-lh.googleusercontent.com/-DccXdRdWd8A/AAAAAAAAAAI/AAAAAAAAAAA/AMZuucngJwz1alzKmwNkMHhsCJ-3R96T1A/photo.jpg,It is an outstanding game.,5,0,,2021-01-02 22:06:19,,
gp:AOqpTOEKHJfFyqbTuzPe-JOnFWD8cqcOlnMtb0jFTCynZz1_DucOyu6FvHTL4zPcGeSOuRQMCANu3jiD5lhKnw,Harun Saleem,https://play-lh.googleusercontent.com/-k4op4fKbwbE/AAAAAAAAAAI/AAAAAAAAAAA/AMZuucnCbVMFdVWpNO4Tmm3rp3Yjeo-Uig/photo.jpg,Delightful game.,5,1,,2021-01-02 21:56:37,,
gp:AOqpTOHKf4zACUJzdaS8NGNGYC_Zon97QXGI6jwMqr-MEbeIhKT6h_8BvkI98AWgr9byvcWbO2kTXST3boXieg,Liyaqat Ali,https://play-lh.googleusercontent.com/-Yv4qiyS98Qk/AAAAAAAAAAI/AAAAAAAAAAA/AMZuucm1hM1juY1Aem7FXgmxSlBKwAtJGQ/photo.jpg,One of the attractive FPS Shooting games.,5,0,,2021-01-02 21:46:50,,
gp:AOqpTOE0-GYC_jnqeCwgYpvagJKPJjCQTc3twiFbh3kAEvqo-BT53fpg3XnE_1-6vi1yhL6ZML6iRuuGKFimKg,zaid Arif,https://play-lh.googleusercontent.com/-30gGgEtSTJk/AAAAAAAAAAI/AAAAAAAAAAA/AMZuucklgvqQNnlJHXLV6Gp5ehomLBUNBQ/photo.jpg,nice game,5,0,,2021-01-02 21:29:42,,
gp:AOqpTOG6CIawjAC_mj2eIsvhe05bZkQkU5yxHX95PrI8FuLdhysULWOsW4ejXAlx9o8-qnrBxRy0CMyMnmOEMw,Akram Gurmani king,https://play-lh.googleusercontent.com/-Rzl0kBcRAKc/AAAAAAAAAAI/AAAAAAAAAAA/AMZuuclrQAvk6bd4-SK_5G_XYJyffRO5tg/photo.jpg,Beautiful game enjoy every time,5,0,,2021-01-02 21:28:43,,
gp:AOqpTOFFt7_ZnNizV0ytBBx6TQwh8o2D3syLyp-WsUwrjOr26mhAaSIj2tIuxgisM48B4wU-wZnZmq-4NtuwEQ,Stockes Stockes,https://play-lh.googleusercontent.com/-WLMO0LOV1W8/AAAAAAAAAAI/AAAAAAAAAAA/AMZuuckD35fDllQ6HKLS9vhsfpffdkUnyw/photo.jpg,Realistic sniper is awesome game,5,0,,2021-01-02 21:23:57,,
gp:AOqpTOG5Uz6YpiEPB1Retz08wDA-qfghiZt4gzKgIFzaM20_4BrixH-84puoEG06mHffB-F2sY3IeDNGpyFJxw,Danish Mehmood,https://play-lh.googleusercontent.com/-x0U4eeyKLAg/AAAAAAAAAAI/AAAAAAAAAAA/AMZuuclT32S2g3z5yC4m_3jwH3NjDah3aw/photo.jpg,Realistic sniper is wonderful game.,5,0,,2021-01-02 21:07:44,,
gp:AOqpTOHMO-nXk-brukG9CKKeQvvGHwIUwF-Xc5mUwFZWOsA_TAVFil_cSPRIivD1KXwEEeqEt1NyAKYsr28Gig,Impulse Signal,https://play-lh.googleusercontent.com/-QBB6jvXt7ro/AAAAAAAAAAI/AAAAAAAAAAA/AMZuuckSQ4TKYfcY9uBakK1e-mSMhhafuQ/photo.jpg,Great and fantastic,5,0,,2021-01-02 20:55:38,,
gp:AOqpTOHHJRUNTOF1Xdt6c3Ls-d0n--pxnKuTSNWBIYn7KoVpVLb3SykXF103mkgwzKWZ7e0_I-BSfaEJTGSPRw,Nasrullah maria,https://play-lh.googleusercontent.com/-mZPqjTHgjRQ/AAAAAAAAAAI/AAAAAAAAAAA/AMZuucm6FnGQZ44q-0kkSadu3489yOoRSQ/photo.jpg,Amazing and awesome game,5,0,,2021-01-02 20:41:39,,
gp:AOqpTOGrZrGkjuqtD4HnlRny_0NJJgqaaKU1nNQz5rjl9k_o1M6_NnBvYhmatKnlt4XE7DBVX3EP6kHyx0Usng,Julia Aann,https://play-lh.googleusercontent.com/-ZKiyVbkh0eU/AAAAAAAAAAI/AAAAAAAAAAA/AMZuuclXkZhkgVk9U5-t60zK9SGn8GjQ1Q/photo.jpg,Realistic sniper is great game.,5,0,,2021-01-02 20:28:24,,
gp:AOqpTOG8d9NACTlLFto7mfJkBCh2eSOmJzfFlstbfJVmE23ME_e1ojLUADx4O2zSD2sFCocgb0aBZnD7qc9cag,Gafoor 4 Badshah,https://play-lh.googleusercontent.com/-eLGzRJXVKZo/AAAAAAAAAAI/AAAAAAAAAAA/AMZuuckMUXlcZjWeSUwEXA5kSW19FGAinw/photo.jpg,Brilliant game enjoy every day,5,0,,2021-01-02 20:18:26,,
gp:AOqpTOEeim2UrrGsQt8RkfZ-pxhYspjMmQvBNfSSgpUJ4AZzNudp4Gs7cU_Ks9TmGL5oIsCBMlLRMeWdHohaUg,Naveed King777,https://play-lh.googleusercontent.com/a-/AOh14GgpDyGIZrcJSymmGKUSlKjHOh-WPZqFgwxXNM9I,Wow it is a really good game,5,0,,2021-01-02 20:09:14,,
gp:AOqpTOFjkGK27rorjxy8q1PXAwBIxqXlz3dNxc3Eg12ck-BBVlOw-Q4JC9u_1IhMucihYADWkqNon76SFRH9yg,Habib Ullah,https://play-lh.googleusercontent.com/-Gn0SAWkBoHM/AAAAAAAAAAI/AAAAAAAAAAA/AMZuucnSr_Io8B86uQ-61UKvtd3esgIBAg/photo.jpg,Sniper elite shooter,5,0,,2021-01-02 20:03:05,,
gp:AOqpTOHuLZHKgo3iGc13EqYuQ37DHQhkvCwkixUav99aFT5Z4QfDOGcVzT54iP7bckzsYaip4HrR-wugFoCi1w,emma nicky am,https://play-lh.googleusercontent.com/-aGE7BG6z5CE/AAAAAAAAAAI/AAAAAAAAAAA/AMZuucm6S-bXK3FqNpi9eHBLv5mCTTt-tA/photo.jpg,Realistic sniper is wonderful,5,0,,2021-01-02 20:00:23,,
gp:AOqpTOG7QzHGFIakuxqNGUuOnt75CeLGKQgbkVL25PTwLeKzOSL2iE16wu139idjgz3Hf3io98xBscGO4r7t9w,Abd. Wahab Haiderali,https://play-lh.googleusercontent.com/-VoKUxIPDQxk/AAAAAAAAAAI/AAAAAAAAAAA/AMZuucnFjqQ9uuFyKthq5oJ20BJM6NvRfw/photo.jpg,Awesome game,5,1,,2021-01-02 19:59:31,,
gp:AOqpTOHDbDL33FSv9F6CqyaBZ22AzXIQG5QfvV75znQV1eykJOek7elszDtLdNhtZa5-NdCZ8sgWulRzszPRog,Jeff steady3,https://play-lh.googleusercontent.com/a-/AOh14Gh1R619W2l9S9Vs3m1quKkIkdi5ElmtKrIvNoFE,Greatest game for all.,5,0,,2021-01-02 19:46:18,,
gp:AOqpTOHr3q2xPCI6TwQsoD1xd8-JE4EudKHMfxtoq6p2mlPAlYLa6Ceox5Hcj3oZwcD0UPNvq7XLNpINYET5tQ,Llb Specific relief act,https://play-lh.googleusercontent.com/-YchaV7fMhp8/AAAAAAAAAAI/AAAAAAAAAAA/AMZuuckDkorz98CsKBvx-Mpc2s4iqkKTWQ/photo.jpg,Most excellent game.,5,0,,2021-01-02 19:38:50,,
gp:AOqpTOHR05mQvhGgkreZle9QYN8W3_WwNKCLwJ75rxulAsRAYfyrxA5Bzdd80qSMeZwgUGzvZ1udUlkZ3on7vQ,Thori Khoshi Thora Ghum,https://play-lh.googleusercontent.com/--WXOOcMu8P0/AAAAAAAAAAI/AAAAAAAAAAA/AMZuuclhBD3AZvdj9DPvTd0kkRJGTuBZiA/photo.jpg,Nice entertainment game.,5,1,,2021-01-02 19:31:28,,
gp:AOqpTOEKnnws1rn4tQ-P0o9x8ZkycI-hKcE2eW8sL-7KEX2cbgGti4Cq8drlBeotA9ueJyAbtc4Se3cUSr19jw,Disprin Tablets,https://play-lh.googleusercontent.com/a-/AOh14GgKw_PMebjSL24QFFiTDc40Fau2T52Is3yfo8Qv,100%Working Game.,5,0,,2021-01-02 19:30:46,,
gp:AOqpTOERtWj_FU_0whRWUsxE2eSWVw9RLIbsLPbZ_mWlTyANJq2BFMisHuYaWh0QUEQYxS35BjraOWqnhBM9LQ,Gary43 oldman Tr,https://play-lh.googleusercontent.com/-ZwQYcMhAB3I/AAAAAAAAAAI/AAAAAAAAAAA/AMZuuckBSDOpgka32z9z0K2Bsw8eOZNZbQ/photo.jpg,Easy to play enjoy all people.,5,0,,2021-01-02 19:25:50,,
gp:AOqpTOEXxOrbhCjoaJzPRagj7cQMTLaORS1-7-wedIvD-Iz8xi-Mfm-VKpIG2m4jPIjechP_IEFLJ9Q3wO6U8Q,Al Jubail J.L,https://play-lh.googleusercontent.com/a-/AOh14GiOz_qNfkQ5nW87wQsaX22_YVIvDIBRosdMbiP3,Best game,5,0,,2021-01-02 19:16:32,,
gp:AOqpTOFXd6tvfCHp3FeXfbWUaSaymZ4_JQLpBXA_8Tkiz27ucjbpUP_vAF8-vGX6kY1qErYiC9gQDZuYrPazLA,Clas Merostoma,https://play-lh.googleusercontent.com/-MiUkFBHwynE/AAAAAAAAAAI/AAAAAAAAAAA/AMZuucnNrh9wFbDa3nQCD3tWroMA6VEc3Q/photo.jpg,Well design game .,5,0,,2021-01-02 19:15:43,,
gp:AOqpTOGZMLZa4AVFgYZRCJDFd-sUv2sZNPZyQ0njYukCT5kopTVGzcsgyYmC9rYWfgoVp9uGNSIClKY5qFyt5A,Mia Privacy First,https://play-lh.googleusercontent.com/a-/AOh14GjZfeNqAQaZNEBTgEUMku6qOzsgG6F7fCeSjB9C,I love this sniper game..,5,7,,2021-01-02 19:12:39,,
gp:AOqpTOGMG2b6QQ_eVHcjqkCmnQ2rJJtPDYoQ2AM6lUWHel9kmKG4LfleFwgnpCp4jt0_wnvCe-FL7fAVfW4opA,EMILY PROCTER,https://play-lh.googleusercontent.com/-gdsmpZ-kCLs/AAAAAAAAAAI/AAAAAAAAAAA/AMZuuckr2E5GL1QfRzfMQ-GOpaTMOp64KQ/photo.jpg,Awesome and fabulous,5,0,,2021-01-02 19:03:59,,
gp:AOqpTOGTCiVnybECyBDjPFon0AE4UDFFM-LYHA52ieu_5uVCB2KMuqZjQbwT_vMQOzBGR-ugdwvwOdwE6rUoPA,11 Khan,https://play-lh.googleusercontent.com/-AAtT_z8xBFA/AAAAAAAAAAI/AAAAAAAAAAA/AMZuucmvAu29X54Y4KdMVMxNtPfc0b8jvQ/photo.jpg,Fantastic sniper shooter game,5,0,,2021-01-02 19:02:08,,
gp:AOqpTOGm0b5lE76Uj14BWYvli3qTnHT13HFQam_ENpFkluP3fkKde6RZonjOLT67RkaklsWuAitRIwIQyRFWyg,Marquina Black,https://play-lh.googleusercontent.com/-WNIi1tzSQE4/AAAAAAAAAAI/AAAAAAAAAAA/AMZuucmvL1qVHhwJhdxuOdr2k1O0OerkUg/photo.jpg,Fast fased and Challenging.,5,0,,2021-01-02 18:53:52,,
gp:AOqpTOEfYsabqRTEDqR94z1DpnFZFLTPQhHEHeWpNzzZvQr-XriIr8QAn7eqWyYO_d4T8sQDS4Jd4Cl9m1T3aA,Melon,https://play-lh.googleusercontent.com/a-/AOh14Gh3w25XQYpx0P_WOrc89Yjv0AQkc6TXlmP4ETC5,100 % Working game.,5,0,,2021-01-02 18:52:29,,
gp:AOqpTOEOxEqfstnuR4gdfgFx3HJ8Sr6uAW0Q9ANcKLyF4rHs7aNbASwmOBeBrZSm1aryuwjiDB1zkwTTtHtWPQ,TUNE IN,https://play-lh.googleusercontent.com/a-/AOh14Gi0MZQHjARQ6BzdxLry_TY0I6mq2dzeL2AiwjOl,Perfect game ever.,5,0,,2021-01-02 18:52:01,,
gp:AOqpTOFW6kZQUx9a0zhGUgoiQzyf5B4S8UhewjRtq4vzGxW_4Gh6qriCZngImPJqHbh7U7KCy6KyTttit5I2Wg,FINGER PRINT,https://play-lh.googleusercontent.com/a-/AOh14GiOI3lWQP_YjIyltrWkeM4q0GHyk7Ogm-ZagdUE,Great Shooting game.,5,0,,2021-01-02 18:25:18,,
gp:AOqpTOGsA0mpceiVdixysvm45AELPxrQkAfrppUg9mQ74aXaS4fuY1f88oLH6EGqtlTgHNHwyrUNBAL9xsR8Rg,Hajra Musadiq,https://play-lh.googleusercontent.com/-oaD6aMYhOtw/AAAAAAAAAAI/AAAAAAAAAAA/AMZuucleI4z_LoMXTHwh_x69MGxjxDSETg/photo.jpg,Modern shooting games,5,0,,2021-01-02 18:17:58,,
gp:AOqpTOHnxim3M1ytlH0viDU0GjXRzRUvXJT1MpponqU2eLHGo9qAUhx6V1jlDIOTfrvoidGw1kvT-GU9nBSdwA,Ijaz Mayo,https://play-lh.googleusercontent.com/--JLRI13Ap3Y/AAAAAAAAAAI/AAAAAAAAAAA/AMZuucnm_0dp7c4AA2jHA9W9-pBekJasSg/photo.jpg,Best game ever.,5,0,,2021-01-02 18:16:29,,
gp:AOqpTOHlwMzuMF88Hb3eKVUO0Xy2OfYpTd0W95XmP-clwvB7d0blVWHQzVTx0BUDQqRXSLglUXnRsTcY0JTetQ,Donna bohhr,https://play-lh.googleusercontent.com/-tw9ivPtVePc/AAAAAAAAAAI/AAAAAAAAAAA/AMZuucnRtMTjSLqkSTnjPLtmu9zQ88xCPA/photo.jpg,i really appreciate it,5,0,,2021-01-02 12:11:14,,
gp:AOqpTOH2UlG91q_hbrTu4gvC-HPvqV59roXHrRosLP005G5CfrJDZd0bTKHGH6hFwej-LdCfmUNRppQ1zEegGQ,amna akbarbaloch,https://play-lh.googleusercontent.com/a-/AOh14GgeG2U4ld8kL1BqZb4M5c61fFJR2sr73c6IAXxV,"This is a very good game, you can also use the game..",5,0,,2021-01-02 11:31:30,,
gp:AOqpTOGYkS7Z6LlMHXjJ-AQ0GHezWQea1qW48GGckRmXht5qmixnCwOfa-2Y6SEwX7Ar16MjxRKmBg6a7CDV7w,Enter password Bcs,https://play-lh.googleusercontent.com/-7XBmoMPow4k/AAAAAAAAAAI/AAAAAAAAAAA/AMZuuck6TaSiuSMOlTPWz8m84L-2R2JPXg/photo.jpg,Best featured game..,5,8,,2021-01-02 10:20:42,,
gp:AOqpTOGNnjJf1pDLR38yLgYGgqRccK6JarJMzz96NdsAwW2GnqriQxQOcThh2ToAwkBTzc2ect-v6O0OFAOhJQ,hooria ch,https://play-lh.googleusercontent.com/-j5cAcykXwfA/AAAAAAAAAAI/AAAAAAAAAAA/AMZuucl1GpTg1nfWR4NDeSRjRMUhiPJqSg/photo.jpg,Fantastic game .,5,0,,2021-01-02 06:48:40,,
gp:AOqpTOFslclYI8kk06tuiYlsE4dJQQL6TOsOcfsHbxFVpMRMMdI0GE6seiX0knWtyJc5XFuqLK5ApH8grHToJA,Brain Lara,https://play-lh.googleusercontent.com/-VsOuP_XQVt0/AAAAAAAAAAI/AAAAAAAAAAA/AMZuuclL_FTS81wr9mo6AH35VOkkW4Bdbg/photo.jpg,This is awesome and fabulous game,5,0,,2021-01-02 03:41:24,,
gp:AOqpTOGrnsSLnvmqNrlZIJpBulVO6qUKvs4Ly34VhIKQzyvGH-kuZfBqIwLbeaa1uERo4jeNA-mjSzREO9rCWw,Rashid Glorious,https://play-lh.googleusercontent.com/-kPQ6LLdzOGI/AAAAAAAAAAI/AAAAAAAAAAA/AMZuuckDLupm9AGVAK6IVCW2UGBqynHS8g/photo.jpg,Enjoyable game.,5,2,,2021-01-02 02:56:35,,
gp:AOqpTOG2UdxwDKk6Z36932iHVgA9967vNDZM8Q19XpS2Feul8ulQKQoiZhMzP5mEfhFHIVp1G1oyf5WOl9KlIg,Sadaf IqbaL,https://play-lh.googleusercontent.com/-6e92WYGusUc/AAAAAAAAAAI/AAAAAAAAAAA/AMZuucmeXbfCdjYOdKDaZCJ-Pddjx3DyUg/photo.jpg,Fascinating game.,5,0,,2021-01-02 02:18:55,,
gp:AOqpTOGmK3jGF3N1oza2ps1HdkXXD4SuXqkqmsc8LJggti_KTy-hzO98Dy7KzPeWaDOpH2tIBpPM-_JXyK5VFA,25 Gajni,https://play-lh.googleusercontent.com/-nNdeIOjCeIA/AAAAAAAAAAI/AAAAAAAAAAA/AMZuuclDFMVMxqRcrtWB8QgSSfwyc9IKHQ/photo.jpg,It is my favorite game.,5,0,,2021-01-02 02:04:56,,
gp:AOqpTOFtc74jrNNjCkEHJPvSS43A_mM_8NPO3xkLIp6Ov6ceVNriYQYKfJvD3i-XDB4Iu3E-cK_kf_kx-SlgeA,sulman Ajmal panohan,https://play-lh.googleusercontent.com/-gZGUS7Z4ado/AAAAAAAAAAI/AAAAAAAAAAA/AMZuuck7X8esFgI2pw6BKtOHL-6yFowhXw/photo.jpg,Amazing fun game,5,0,,2021-01-02 02:01:25,,
gp:AOqpTOH3bsb5wy7MdTnzWuPkviADLFbkDHHiZZykuZTMjqObCEpgygAXulfEkTzhCShWuvG3-WEhH2UnEWArDA,Ranbaranga rose,https://play-lh.googleusercontent.com/a-/AOh14GjjgqqlXDc3wE-iqNu5RVQXg_0WOsitC2-LQapE,Realistic Sniper shooter 3D - FPS Shooting gives you very clear and fully visible action & mission ground to shoot and kill enemies. In this new game,5,0,,2021-01-02 01:47:00,,
gp:AOqpTOFYoeqBLhGm-bRQM1x2wthqLieEvSbZkUs2zDU-n0dCmpcFohl1qtD1Snza-1SaEevEMXQtuTnzfy9rVA,Fire Exit,https://play-lh.googleusercontent.com/-HKLLlwIvt7k/AAAAAAAAAAI/AAAAAAAAAAA/AMZuucnz42rOt_GFfT4FSH-9koGKK2a05g/photo.jpg,Realistic Sniper Shooter is very good game I enjoy it very much.,5,6,3,2021-01-02 01:11:07,,
gp:AOqpTOFY1KBmn_in0sg3D1FBgiP1W6fqqZpcyBJiho9X73DQYcFnYzMIabtRqrdK5hChM0TB9ZziJ_1njETlZQ,Shaun Michael GM,https://play-lh.googleusercontent.com/-dd7G6tGwS2U/AAAAAAAAAAI/AAAAAAAAAAA/AMZuucmZypLRjJXRG47cVwVYebxkW2eDtQ/photo.jpg,Charming game.,5,1,,2021-01-02 00:40:04,,
gp:AOqpTOG6Ngc5sellMxBxXifXfsNAFmL0O0lAUN4XAHqYzfWPOpdTH1TdZwYvYlOVxqulHaPd5zd9dg0qTY1k3g,Gravitation constant,https://play-lh.googleusercontent.com/-BGkNPy7uBIM/AAAAAAAAAAI/AAAAAAAAAAA/AMZuucmAeTE0ygGguYtbIxJS3xJlVHAiQQ/photo.jpg,Best sniping game,5,0,,2021-01-02 00:39:52,,
gp:AOqpTOH5cRr3SXgw-WGXYx238sMco4N1eu_FBrSO-n0EeKZIp7mj9NEH0i0FzsJrt-zDHOJT7bQPf-7RktSelg,B Mani,https://play-lh.googleusercontent.com/-MTBz__Fim8w/AAAAAAAAAAI/AAAAAAAAAAA/AMZuucmxQ1OZYkbo7akipepSqfJxKPX2iA/photo.jpg,One of the best game ever,5,0,,2021-01-02 00:37:20,,
gp:AOqpTOFGQZpuV-ENxob1rIfFZA1a5coCxQbQ_guK5sI-6amhxqPdwq6tK7a36-9rabej92zfI7_FQHFpoSHIMw,Lal tomator,https://play-lh.googleusercontent.com/a-/AOh14GhI6XB5HhYq529zvJ0ePOql5yuo4t7nXk_VcxBK,Good Android Game.,5,0,,2021-01-02 00:34:01,,
gp:AOqpTOFxqRSbbpsi3-R0Mz-f7OsyP66b7lBYvuv3GFemViGkjhj_XSRwI4jV6yw4jZMz8TSS-fST2it5OvDOwQ,Leopard,https://play-lh.googleusercontent.com/a-/AOh14Ggh6B1yXTBEOFrTABy0tR028dR37n_eh_ooTAAx,Fanatics android game.,5,0,,2021-01-02 00:14:05,,
gp:AOqpTOF9nbM_hDHsJhPDn2PvKU7TguB3i1tbNUIPaeJVLB9WTTJeKtfHmDht-RFJ0AUGNfycRw3XG7gRzmf9bQ,Ayesha Friend,https://play-lh.googleusercontent.com/-2q_fb3EpN00/AAAAAAAAAAI/AAAAAAAAAAA/AMZuucldz-drPM59yfxXPGS_FFSRubG_Zg/photo.jpg,It is a nice game,5,0,,2021-01-01 23:59:41,,
gp:AOqpTOHAXGOVJ7VNtPy-4Yt9bEjjF1TKOwO7kPwiM-DV1aVjQFw7jDIrhj56xhWYvPs37GvvMVbabxzkWIG3uA,Small corely,https://play-lh.googleusercontent.com/a-/AOh14Gj2Z6q1rAgZMhPVzJuxvUff_Bk-NEHIbs6jKdHM,Digital weapons,5,0,,2021-01-01 23:59:08,,
gp:AOqpTOEKDcTrvqCIYSEABVVRF72X_sthNvlzyen8D7JPZbFPi6Nj4Jx5pf99gbis-htdIsDRBQ8RG7JUf7cE6Q,Neil 288 Jones,https://play-lh.googleusercontent.com/-2ScRBNN33NI/AAAAAAAAAAI/AAAAAAAAAAA/AMZuucmi5i-IaTzc2086nSS4xty7HUMOtw/photo.jpg,Fantastic and HD game.,5,0,,2021-01-01 23:57:55,,
gp:AOqpTOH1pD-7iGnrcUsiIUF5y4wOSNpjrACAFb-6NZ5soD0PsfWUfPQVUfiFdK5gtz9ohVtskYv1loiZXIboOQ,Gary59 Oldman Tr,https://play-lh.googleusercontent.com/-bi9CdVG-CDA/AAAAAAAAAAI/AAAAAAAAAAA/AMZuuckS9OYqB3REJNy0FE5EoqZTUzicSQ/photo.jpg,Easy playing this game.,5,0,,2021-01-01 23:26:01,,
gp:AOqpTOHMqLHWucZ3LPHFO99wjUbg29u6EYWickHfSDZU-h9ekAvdKosgBIRHqQvPcrXmdjI63IleoEvvTBiZTA,hazrt shb,https://play-lh.googleusercontent.com/a-/AOh14GiVbeMlOIMMSkqZWjXRT-qe9jWDcI8J7qs0D0Hv,It is very awesome and fantastic game.,5,0,,2021-01-01 23:18:35,,
gp:AOqpTOEaYL_BH3OYOXm1kNAruwP8uEYZoj-5fzB5vvwlwcLbyho679t8pSm9L8dn45NOfOI5nBMR_i5q5BVttg,Robert 5 Downey Jr,https://play-lh.googleusercontent.com/-ZUgV1e7mpN4/AAAAAAAAAAI/AAAAAAAAAAA/AMZuucmIa0ixNMpkptHdNjM2fNTtWj1Hjg/photo.jpg,brilliant game I am interesting this game,5,0,3,2021-01-01 23:16:51,,
gp:AOqpTOHjoKI2XZEr9DY38KtvivRUbBY935bZCavo4z78T0F3duPQ86YcG1tJfa6rmhaT6DU5MMltrgF3oD6iUQ,Roman Empire,https://play-lh.googleusercontent.com/a-/AOh14GjdWFNq2PYGn5La3pEl0ckLlftR92D_qraGlMW4,really great and brillian archer man game,5,0,,2021-01-01 23:04:55,,
gp:AOqpTOFxeyg3xJwJD6vnxQy7WMg-w16KpKNpPY0Y8BN2OwgPAGqTuHw9tNAp3QVj6xj6bPAdmRjb2BMSOGo13Q,Thomas wlliam Bf,https://play-lh.googleusercontent.com/-mgumCqUirW8/AAAAAAAAAAI/AAAAAAAAAAA/AMZuucnfD75m-P70jkHBttYMMc0ZB3EVxw/photo.jpg,Wow fantastic game.,5,0,,2021-01-01 23:02:25,,
gp:AOqpTOEfDptFH7CepLhx5a66j004YHyPnCLb0UwMSxBhJsJFnhWN7I2jqi0LDrnZ5jOkHkfY4zvSKZ8_ZzkDOw,Mala Meer,https://play-lh.googleusercontent.com/-5StzTd-KB1s/AAAAAAAAAAI/AAAAAAAAAAA/AMZuucmlMfX-UYEhuFUwhpwG2Vu9kmsZ2w/photo.jpg,Best game,5,0,,2021-01-01 22:25:11,,
gp:AOqpTOGQ1lr5iABwjZO6LMXoJoW0hu1UE3gskpnpnZaI5vWOPnmAIyqZA4ZYI-5wG-JfJbQDfyswBqL_iwRpcg,Negal frank40,https://play-lh.googleusercontent.com/a-/AOh14GjPnAGvwwexrSV-npsegYB2maLnN2d4ljH4RFE,Well design game .,5,0,,2021-01-01 22:15:26,,
gp:AOqpTOGFtLzpWkfhuRep5t2EdfwQ8omKrzZbFg3bsNAw1wJ0HKLyd12fNhRk7O_KWOShTNu9YXczGwA26OrNsA,Hammad Hassan,https://play-lh.googleusercontent.com/-qc0OmnDzhEU/AAAAAAAAAAI/AAAAAAAAAAA/AMZuuclh17gd4YztcaURZHKhFAlw5p4lrA/photo.jpg,Very popular game,5,0,,2021-01-01 22:11:50,,
gp:AOqpTOHqKuY9gJ-B2tkx-Hh1XX-AedJsHUBMsuj0Key-2bTMKTNqxHiX7qqzCgfqm3rrmHLOQuL6SWVZMcGvNA,Lilly Lilly,https://play-lh.googleusercontent.com/-P-2kMbZ6Sfo/AAAAAAAAAAI/AAAAAAAAAAA/AMZuucnUmyu2FgNAtpP74MScPQTwc7GFWA/photo.jpg,Realistic sniper is very nice game,5,0,3,2021-01-01 22:06:15,,
gp:AOqpTOH8PBfrbIOWCX7AH6FUJc5mWv6MRBpYKW_H6KFDyCMwrYHTEGW2hdr6OAV1ca4UNyFTFCStLQnaJfcpxw,Tariq Bloch King,https://play-lh.googleusercontent.com/-Z-RGImnOAyY/AAAAAAAAAAI/AAAAAAAAAAA/AMZuuclOTN9NjueIMFVB5Kh41qVJa9IgPQ/photo.jpg,brilliant game enjoy everyday,5,0,,2021-01-01 21:37:15,,
gp:AOqpTOGafU_iP1Zq-_jtRn6bt8Cp_niWQ1PqT6ScfSoc7scRvpvXZTze78ZKCXVC3SLvi1TItygvgUR0XPO-rg,Nadan Prinda,https://play-lh.googleusercontent.com/-YDLzyjagFEk/AAAAAAAAAAI/AAAAAAAAAAA/AMZuuclqJQnBb7MdKzbrc1FWbZ9I-gLzfw/photo.jpg,This is the wonderful graphic game.,5,0,,2021-01-01 21:31:23,,
gp:AOqpTOF9RmiID_L-PPSP3Xs-V9jVmXWdYaD4Q_IvgDNOQBlnN9C_5EU4yKVxlovOloHdnGxx2ROB983Pwt5dNg,Adam Amile,https://play-lh.googleusercontent.com/-y_6UZQ3gm6w/AAAAAAAAAAI/AAAAAAAAAAA/AMZuucm9paN9TDH4to5dFVeoVHUkcEtSGw/photo.jpg,Awesome superb game,5,0,,2021-01-01 21:26:52,,
gp:AOqpTOHztp3o5l-WY2DiXqNjBx93XL8_bG6eaOogjrtb2zWaolEF9d-os-vhYb90hK3UBEiqnsYqDc7c8GRxNg,Scarlet Justice,https://play-lh.googleusercontent.com/-80ItXqpAcVM/AAAAAAAAAAI/AAAAAAAAAAA/AMZuucmiJ9LaPQhnFXMmOpCvPYq1oiTVGw/photo.jpg,Outstanding and beautiful and important game,5,0,,2021-01-01 20:51:45,,
gp:AOqpTOFT46-Du55zx2WNXjl1YGqSCnjSV3egv9PlZM_WVmH9wUdynn7inF7jaeRpEeaiJsNMalO4suPD8hI55A,Warid Ali,https://play-lh.googleusercontent.com/-vYFZfGjjf64/AAAAAAAAAAI/AAAAAAAAAAA/AMZuucn0q8HWr9tmimMovI0ALLDADWazBw/photo.jpg,So excilent entertainment and beautiful game.,5,0,,2021-01-01 20:42:55,,
gp:AOqpTOHJLxZjyHCcHq9twWFXdkDjGsgyrTI1JrLRpXaKg-1a-Fh_f9ABNHd40elKTmuDv9G0iYnV9g8FOVenFQ,bilal awan,https://play-lh.googleusercontent.com/-46oCz9jZzsI/AAAAAAAAAAI/AAAAAAAAAAA/AMZuucm4iD1EJaLnhi0qLZjPfufIfUobWg/photo.jpg,Excellent sniper shooting game.,5,0,,2021-01-01 20:36:26,,
gp:AOqpTOF_p6WvRt7mAM2ivVWFPZ5LKPL9zX0nCwX8ZHR74AtdTgUCbTsluakE3Gu0cK7wfyTjJvWMAvwRnBzmYw,Sachal Ahmed,https://play-lh.googleusercontent.com/-u8fdOWl9UJY/AAAAAAAAAAI/AAAAAAAAAAA/AMZuuckC4QkS6ra3ABqf0Xe3wAPW9GIKig/photo.jpg,It's great and very shooting games,5,0,,2021-01-01 20:29:25,,
gp:AOqpTOEuAc7v3dQL5wJnbpGS0eEI6nprHRrJb8SZFD3lbTvYmxPChuXhG03Sw_rQe6jSQE-yRG4rWwfPHlx1XQ,Sony Kainat,https://play-lh.googleusercontent.com/-zYzDIWR9HvY/AAAAAAAAAAI/AAAAAAAAAAA/AMZuucl9A_-89Unys46U59NvW5t-_daluw/photo.jpg,Specific Shooting games.,5,0,,2021-01-01 20:21:29,,
gp:AOqpTOEwn2fPf2D1xIi7trGUBhZtVGZ9NABOxtHKBUovOnWZoHlw58KeMv_13IFwjtLUW8mTZeOulOaZ02ODMQ,OLX PAKISTAN,https://play-lh.googleusercontent.com/a-/AOh14GijwzAvz44olgRQjV3H7Pwt4c3NKyJVJ_z2hra1,Super control game.,5,1,,2021-01-01 20:21:15,,
gp:AOqpTOFEagplOaDQbJfgtm9aRfQeF6Z8RZNMQI0wMPSJ8xRZTCy9_JRo32lH45LKhRqj2MBwWW1lieW3ccR0kA,Turks Castle,https://play-lh.googleusercontent.com/a-/AOh14GiP7xCh18CfbRJHE4dqQkwMClRFtZKQMdWE4r92,Fantastic game,5,0,,2021-01-01 20:17:39,,
gp:AOqpTOGJ_BV_7ZUX099Ra1hJBEP-UTipDxErHLBAJsaXbEFyDZOPLuaRsMBlIKpbmOnyQC_TEij5Tin0ysOFPA,Jacki Alis,https://play-lh.googleusercontent.com/a-/AOh14Gic-pPnYq41j2KzkcDO1ULwB2RFEwtjgpOc8uiH,Really superb game,5,0,,2021-01-01 19:28:00,,
gp:AOqpTOGr_UnQfFQJvivqdZN-_mtlqlvoScJ7zWhkymvHLq1ynpobMWgTWU6pnTXflj1q3TuaxyIsqvrCAJoBFA,Mahamsaeed mahamsaeed,https://play-lh.googleusercontent.com/-4rdbH14Yx0s/AAAAAAAAAAI/AAAAAAAAAAA/AMZuuclh79mX6oI4bQZtMwjDIf9LJBPKTA/photo.jpg,Realistic sniper shooter is an excellent game.i like this game.,5,0,,2021-01-01 19:19:12,,
gp:AOqpTOH0Or4ZkPVk5NPc3DW1FcOX_wcLD1Gw3clvbQsu-zbdK_W4qNKfp1rcSOXIrJ-LDyPsYSgJN1JtnpM4Jw,JULIE MICHAELS,https://play-lh.googleusercontent.com/-odlD5QUq0Zo/AAAAAAAAAAI/AAAAAAAAAAA/AMZuucliw5n6zEv712hFPPk0Bir9WnZ5hw/photo.jpg,Sniper Shooting Game,5,0,,2021-01-01 19:14:22,,
gp:AOqpTOFTYsemHYTnr3M4fd7Bh4b8hPcGVR49BvLYCefmYfThzfYw91nSpYjJnhVvHCw-Spj1bHoaCotTorJBzA,Saheer Musadiq,https://play-lh.googleusercontent.com/-f69NALpkWbk/AAAAAAAAAAI/AAAAAAAAAAA/AMZuucn_qbw3bxnlXQJx6XyZy3t4G5aNxg/photo.jpg,Sniper shooter 3d is a best action game,5,0,,2021-01-01 18:55:24,,
gp:AOqpTOGwcuaQIsPtyWjNemi7l_Gbvyj8TqCrw_zwFtFqxPmQfkF7bBJGA0e4K-4XRnrxR5z4pSFMSVDnqErZCQ,Mark Talor AUS,https://play-lh.googleusercontent.com/-lczVy2tULcU/AAAAAAAAAAI/AAAAAAAAAAA/AMZuucl1fFHQJrWKRbkd80MvAgjiGPIAHA/photo.jpg,Remarkable realistic sniper game.,5,0,,2021-01-01 18:38:57,,
gp:AOqpTOHyFETQuDXkmbw9qAej_zh7rKltJe96S780POmxw96I7JWhekEaBhNnoUD3KjDwe2rzq3hN-yI-M2lHcw,Nikkii Benz,https://play-lh.googleusercontent.com/-6Y-ctKcRWYQ/AAAAAAAAAAI/AAAAAAAAAAA/AMZuucnuUIcReEVT0BHLEGk5ZZKEygvaqg/photo.jpg,Mind blowing game.,5,0,,2021-01-01 18:35:04,,
gp:AOqpTOG4odp2N1mxxgr6qNuY07mDYa3oQ7ExQFU4dUG39hyELdj_fxcBoriGjvv_ldXX31eX4lsMbDIhUOZZuA,Easy STC,https://play-lh.googleusercontent.com/a-/AOh14GjUykQyvgL5jMar6v1PEey1ZzzUqTjBCFpKm7Y,This is lovely game,5,0,,2021-01-01 18:34:22,,
gp:AOqpTOGrsSUg0-DEA4A4qx_GxtOVcu9DN0viYoSzo3lXXraHAyScfwy_Nryhc4nM8h9j7gNmyOlagJbo0ElqvQ,Rj As,https://play-lh.googleusercontent.com/-cfEFBFwskxE/AAAAAAAAAAI/AAAAAAAAAAA/AMZuuclS6cfJP8bC68G5UdWXpFz6L59KoQ/photo.jpg,Realistic sniper is smashing game.,5,0,,2021-01-01 18:22:00,,
gp:AOqpTOHoru0W4fNPCXmBCBabN8hMexJtlg5amn61xwpyFeIOOh26dn-0y75xjKn7jxA9IJwSHxP-Cfo1pMM-kg,Bismillah AutosBB,https://play-lh.googleusercontent.com/-yTmYDx_4a6E/AAAAAAAAAAI/AAAAAAAAAAA/AMZuucnkdlT85BYvM13OfvBBqfaA8yLDWQ/photo.jpg,Nice application,5,0,,2021-01-01 18:03:35,,
gp:AOqpTOFgniRTOeNijGkTMbT-0ww3Bs0R8H_IUOe1X6Y53amc-x8UufZF4jKzMI_E3YFP4xrriG5teL-izb2udQ,Prince,https://play-lh.googleusercontent.com/a-/AOh14GhylfD8b3xwUQ5y1uAt1hWf6FhR7ZxUaaKITeB8,Super contor game.,5,0,,2021-01-01 17:45:50,,
gp:AOqpTOFnNC5vzfanoz6hSY9DcQEpF0LE-qenhSGqit-fSMQIcJ9GWozTjuR_Fi-X7dFz2NdpYc5e5osUUKnpQg,Sweet Madina,https://play-lh.googleusercontent.com/a-/AOh14Giu6_FdLb4GFyjd-fJsKOQhX1Xc51RM-Qr90gz6,Perfect Simper shooting game.,5,2,,2021-01-01 17:26:11,,
gp:AOqpTOGmt35VMU5s22uVFYTEy9zU-PpNCEcM7VxLjwCxZy2mYN7qIVFFDO4K4Bd9ZsqfzJe9mH6ZTm3j_DCiVQ,Uncle Sargam,https://play-lh.googleusercontent.com/a-/AOh14Gg_5tLarVGgzOBgpbcg6FHxTOce9_yGU3kRFF0I,Perfect Survival game.,5,1,,2021-01-01 17:06:16,,
gp:AOqpTOEqqRHib3hwIMtBsJTsmCOOeg1Xrk7MpTJhgNHtsiUSGHL5bTY1a6rok4UetygbFjQiw677EZopXu682Q,Attari Darbar,https://play-lh.googleusercontent.com/-0-Dmg9wr1Bc/AAAAAAAAAAI/AAAAAAAAAAA/AMZuucmR8soJTaPkfPTpFj6bpgHXhbiMOA/photo.jpg,Very good excellent game.,5,1,,2021-01-01 16:55:45,,
gp:AOqpTOECPq8zfXwrGkEvIljumMaVLACnny1XoL7U8wbCGqPHZ07fmG5QhsDQPLg7NKwnOP9OJdym-n6Iw82xKg,Umar Boxer,https://play-lh.googleusercontent.com/a-/AOh14GgpmwI2c2mwwZwjmTgwxgBO235k0RdXz41p89-B,Very very sweet Game..,5,0,,2021-01-01 12:05:18,,
gp:AOqpTOGkd0Q0XTr34KcwrIPPzOP9PxJEsSnth1gl29JOH9m6U12MkeK2eC9nOqTf_CkWsffVwb7B_kV4oDJBzQ,EMMA bohhr,https://play-lh.googleusercontent.com/-ZUjYlFvS8FE/AAAAAAAAAAI/AAAAAAAAAAA/AMZuuclhc66_HzDna13G_JMzh_yp8bbK6w/photo.jpg,it is very awesome game,5,0,,2021-01-01 12:00:14,,
gp:AOqpTOEo44AMtX1Bd3k2zk9R4qbQBCzovMf7Msl3RD8vli3k3N9RrEckeeFHuZKQqgG06Aso02ZCIcIMUVsUWA,Tomato G,https://play-lh.googleusercontent.com/-CZNTGTpyDAQ/AAAAAAAAAAI/AAAAAAAAAAA/AMZuucm7RBtuwp3pZMsqNfuaf1DrpcaECw/photo.jpg,brilliant sniper game,5,2,3,2021-01-01 11:58:47,,
gp:AOqpTOFOM_AnK7wApfIwl3-_ANc9L-MTvYguhlaURhQ7Sq_u8ovv2ceLjhAyOnLRqu0aWvdmzxZA4BwXpIXS6Q,Ali Hasan MughaL,https://play-lh.googleusercontent.com/-0bBYGKH8xHg/AAAAAAAAAAI/AAAAAAAAAAA/AMZuucl0VpEkniNeGz5BO9bCeqHGo6SxEQ/photo.jpg,Spectacular game.,5,0,,2021-01-01 10:09:52,,
gp:AOqpTOE_-yGE-lL0o3X1Wi1xaOMPiH-4WWhtIrivIJFgCIOVcMPUcAQchjxm12ofXAUlAo8wkPtk_5YCNtYJsg,farwa khalid,https://play-lh.googleusercontent.com/-8GNv0_cpT5Q/AAAAAAAAAAI/AAAAAAAAAAA/AMZuucmoa45DBv_lxwUbg9YKodAGPEp4qg/photo.jpg,brilliant and awosome game,5,0,3,2021-01-01 08:52:46,,
gp:AOqpTOHufLcl9Cg7UP66dBC3xOVHOGZrEXpEXpW2-tH965vFLxIyUtHivbf_DsZJmB6mNFC6lzdcaJ_o7u7pTQ,NIRA drew Ihsan,https://play-lh.googleusercontent.com/-Rfu3cEY9jQE/AAAAAAAAAAI/AAAAAAAAAAA/AMZuucm2siSkhnAKzYWz4rVuak1S3sjxOQ/photo.jpg,Realistic master is super application.i really like this game.i recomended you to use this app.its full of thrill.,5,13,3,2021-01-01 07:30:35,,
gp:AOqpTOFstFHdqabQuD4XwOQeddZrSu-zoX-hV0gqyeZ0yE5bzuNzlaA0zdBKAQDRDvTRX5Bba3gj9InW2cYMMw,Ricky Ponting 0001,https://play-lh.googleusercontent.com/a-/AOh14GjnEY7_tJJDM1DXI8wGKfxMk-FF64oI2gSCoG3N,Realistic sniper shooter 3d game is amazing game.,5,0,,2021-01-01 07:05:05,,
gp:AOqpTOEOQKqvOp0l5AI8E48SkSlqHABu6k_t8NBS9ZSfixAAS4lPzqlzfL4h9uSce5dsQ0YbAVMu9DGBWmVsig,andry man,https://play-lh.googleusercontent.com/-A0wY7kQdn7w/AAAAAAAAAAI/AAAAAAAAAAA/AMZuucnD7ghUY93aEl2MUdoVBOSgw-sC-w/photo.jpg,It is a very nice and unique game application,5,0,,2021-01-01 06:34:27,,
gp:AOqpTOGdZ_Rn46AIgPRi1kQGS7VqxU5RpV7QKuMVuSHZbSORvBengmz7ybkgn-3ykdjofvriGkTkcGtLfACzGw,Farhan Zahoor,https://play-lh.googleusercontent.com/-LKD2-kJgnWo/AAAAAAAAAAI/AAAAAAAAAAA/AMZuucm01qDU5FqJIDjBFrWCcZ7YNy7C0w/photo.jpg,Amazing thrilling action Shooting game.,5,0,3,2021-01-01 06:32:33,,
gp:AOqpTOHr4FiaK_i9ObIiji6mHlnTt9lxQjqwQBqDLw4K_b3NAsn4Vwgy8_IfRwwxeuvDvyDWrsJrnbcu47Ckaw,Crist gil Gil,https://play-lh.googleusercontent.com/-JnTlVSeVPXY/AAAAAAAAAAI/AAAAAAAAAAA/AMZuuck2UKYiHEIDFsHZF8wsD_sMUZXenQ/photo.jpg,Sniper Shooter,5,0,,2021-01-01 06:19:09,,
gp:AOqpTOFqgOagnD2ipwTzXq1B9dGtuOLX9cAWTyxulMyGlgDeF58IlvQqtneL_uefpblcjQFsPsaDZsSfjnhSiQ,Shwar SahaB,https://play-lh.googleusercontent.com/-5LOZ1IpZWzI/AAAAAAAAAAI/AAAAAAAAAAA/AMZuucnEcm_-_ov5nTNAHOfyQmnE3FaGyg/photo.jpg,Its very amazing and awesome game,5,0,,2021-01-01 05:51:36,,
gp:AOqpTOHWWh_Qcn5q2HJHxkaihNitfVULC8Kc8yWe4qET5DNBEiObgI0Zg8Q5eBLkA6w34rPsEzZy_vHJzrAPnQ,Let's Party,https://play-lh.googleusercontent.com/a-/AOh14GjKJ0-kCZ5RAO3VO_kKynwVANR3s34csYrxpIj4,Super working game.,5,0,,2021-01-01 04:54:45,,
gp:AOqpTOGnggwuRiIbcFcs6Ee3czPQRN0SQvsDvVakhvqHNS6uMUUtuDLhycab7VWhBfFk3ynalUMxhyl-aDsazQ,Coming soon Mia,https://play-lh.googleusercontent.com/a-/AOh14GgzXYFnUZbv8-iNlgNpwmMJXNxX-GQriO4XmAEy,Great game...,5,9,,2021-01-01 04:45:24,,
gp:AOqpTOF3oufr_Eft1nWa7LCcacUb8LNml-SM0I6MZaGYbQxvOvY14bnk8QG0etR0diKjJSbaodjwZ-QUO8_0Pw,HerRy Zada,https://play-lh.googleusercontent.com/a-/AOh14Gh5GGsoRyc5UOevoKE2Z7zgDpHfoZXgUXbxrqdD,Really great game,5,0,3,2021-01-01 04:43:53,,
gp:AOqpTOHa5oxG8GfSRMrC3skVjt0ATWwVVotBXR7rAMjVwd5bnnMr0LgbkQ5Lpp4gRMo8p2a_UlQXs3PyA8uzXg,Sara Jami,https://play-lh.googleusercontent.com/-ovXPj_5uDTQ/AAAAAAAAAAI/AAAAAAAAAAA/AMZuuclyQHTKA5_G2HYOcMeqpD7fHgprxg/photo.jpg,Realistic shooter is nice game,5,0,,2021-01-01 04:16:19,,
gp:AOqpTOHJJyKGEA685wzNuQz-NW_0hPe-slFcwaM8bqK8EiC0bEh5yNXZ5wOJDYGOZ2-veLhrQBkPnaE-XejUgg,Basic Information BCS,https://play-lh.googleusercontent.com/a-/AOh14GjfHZT6fPimAUzeyulz9oCmB4HI4650mZ-rUpz6,Fantabulous game.,5,10,,2021-01-01 04:07:19,,
gp:AOqpTOHWM4g3LLD9wfffXIENavSrNN4_6RIp2NnUYoap37jnFxXspKH9YSfwjwfrlk3nQ10grUV6BX_wdQQY7A,Turners Effect,https://play-lh.googleusercontent.com/-YY1nJmFpSf4/AAAAAAAAAAI/AAAAAAAAAAA/AMZuuckMOaY2fFWVsHsixTEi-v7RTAm6VA/photo.jpg,I enjoy playing this game,5,0,,2021-01-01 03:45:44,,
gp:AOqpTOHCpm67G2j_LJ1YHJhOfIz9creb83cFw-zbm35efF0CFVBeDjpaSGKDneGOoBxtrGddyvIFChTQcuRGoQ,Miss naz Baloch,https://play-lh.googleusercontent.com/a-/AOh14GjHmXRUij8A9ZCXnX5KbbqH880HhXoi9LaP9lMO,This is a great game..,5,1,,2021-01-01 02:57:18,,
gp:AOqpTOGUD7NpBy_T5qzPWHKCNNJISqHUFxdUjG7Bm5RgggTITDfpMjhbFceoUDiNu2vmVD0wqGbUOwjI9MKtcQ,Bhola BRO,https://play-lh.googleusercontent.com/-trYkWxLrSlM/AAAAAAAAAAI/AAAAAAAAAAA/AMZuucnTJo2iO0SIEbrfZd8NZPFAbYP-kw/photo.jpg,awesome sniper game,5,3,,2021-01-01 02:03:26,,
gp:AOqpTOFhKFpArJJb2K8ZTtYF26wxg9uTpnChwRru5Yg3lmVHK3aeDC9gCNMBnuzUCp0qbm1-gnIFLHi77JU5-A,Mohammadilyas k87,https://play-lh.googleusercontent.com/-qVibUR4i9xA/AAAAAAAAAAI/AAAAAAAAAAA/AMZuuckSAbPP5ngib8jsICULxK8LBnPdmw/photo.jpg,Very wonderful game,5,0,,2021-01-01 01:44:00,,
gp:AOqpTOH8Rwr3aN8m5EaZ-Bz-wbYuQ5QzqhqT6YZkdbsntOgKipHga1lnUHC9Z_Hgep5bR_4-aJTO_bGCg6x9WQ,Hamza TyreBB,https://play-lh.googleusercontent.com/-nLlblOY7hy8/AAAAAAAAAAI/AAAAAAAAAAA/AMZuuclGLQXPweuNgOizGm-YE_oyqCqh6w/photo.jpg,Nice function,5,0,,2021-01-01 01:42:40,,
gp:AOqpTOFNxnSbNOMmbVfnpv3ljtFhLtPwdl1pT9-sDQHMmwE4Bcva3zadCdDKt0NvCrzDODWhjegyUUoIFcDvoQ,Coconut Farm,https://play-lh.googleusercontent.com/-EYN1jEk34ZA/AAAAAAAAAAI/AAAAAAAAAAA/AMZuucn7iQMdf5jJJc0qf2omYNMcbWejhg/photo.jpg,Realistic shooting adventure,5,0,,2021-01-01 00:51:38,,
gp:AOqpTOFBbaOTK274UPnmBR7ftZb4qMKwhragn7oK94L0XbIRH5hppwG9GSkWgXDvgiVB-xw4NyBZ9pwzqhY9cg,Cloth Colection,https://play-lh.googleusercontent.com/-UPX7Udi4oD4/AAAAAAAAAAI/AAAAAAAAAAA/AMZuuckhpkIs9rxUGng4KdrZ0XXkdPHcng/photo.jpg,Perfect game ever.,5,0,,2021-01-01 00:03:09,,
gp:AOqpTOH8dQIjQnEqpywsBD0m35XQCrPhiiw0KvgBnNjHAsHrz0ucX_XpvnnRg27GsHVqQ8jTfK6JefTZRISj_g,Logic Is not blind,https://play-lh.googleusercontent.com/a-/AOh14Gic-o4Vz_Wb3E3NcJ9HRpXOjimQf9qZNbDJdbmA,i love its controls,5,0,,2020-12-31 23:56:12,,
gp:AOqpTOFIsqXVGtVBun6wSK3vi2faHzL8V2c4W2beNkSFNPMkody_YYR2G4ei1Ski8UKRi_v7NZTVFJlq_dI1sQ,Asifa Asif,https://play-lh.googleusercontent.com/-YsZS8zi0APY/AAAAAAAAAAI/AAAAAAAAAAA/AMZuucmlgN2OgDRAjPuLL7GKkN79Q9bm5A/photo.jpg,Very good game,5,1,,2020-12-31 23:06:48,,
gp:AOqpTOF7XIt6mGITEtx9v7z_a7gqaqn9mQctos12jZ4BuaqOyAaS5cB_UU8nonP56o9HK_Ndol3KMFZIR0rUBQ,Olivia Liam AM,https://play-lh.googleusercontent.com/a-/AOh14GjfgQWv57-AfgpmoMgGyaK_HMIs2R_6qFClQU0u,Sniper shooting is good,5,0,3,2020-12-31 22:19:11,,
gp:AOqpTOEN7UqsUtOdnUOLtgeNk3rEov7b-Q_Iabefe1ZoVUxpQ5RJAafIANLfklWORKE9KSC1jdHm-7-F4S5jIg,Willium Fann,https://play-lh.googleusercontent.com/-J_d9JHQtSoQ/AAAAAAAAAAI/AAAAAAAAAAA/AMZuucnEmlDgqgDZU9aXnIThNrrBa04ojA/photo.jpg,It is a nice game,5,0,3,2020-12-31 22:16:14,,
gp:AOqpTOHZ4SzV3mFHB2N6FE8Xf9NBo6NctmK8i21GmbulqY-X3jQM86k_EB4fM2-t76LCkXJ7tqabdOiolPiVKQ,Amir Saeed,https://play-lh.googleusercontent.com/-Ie9qyKW69_o/AAAAAAAAAAI/AAAAAAAAAAA/AMZuuclLPg_tnZrcYTpR56f9u6ZqKBvu0Q/photo.jpg,Realistic sniper shooter is very outstanding game.,5,0,,2020-12-31 21:28:40,,
gp:AOqpTOGyUqBC8bnxlwj4Kw86GU3IPoycvU0CkOkeSeuSHwJXX820WLWv5WVLCF8nIRS0uZP5gBPmV_Imv2bxeA,Top Pops,https://play-lh.googleusercontent.com/a-/AOh14Gjsyx-iGgKrzQ6qa1TthLfNzK5c-tcmQ-r8Y4UU,Super control game.,5,0,,2020-12-31 21:25:43,,
gp:AOqpTOF8VEWBFe2ThLIS_V3DWW-_DkUva-58iuwrP1Rc7AAWkMBIyJnrG1jP9NfJNOkNSl0MeZEN3sk-j5KwtA,Monke. Car,https://play-lh.googleusercontent.com/-VO30uvhHyck/AAAAAAAAAAI/AAAAAAAAAAA/AMZuucluf9qCjOWUdNb8eJaWJ0YjOYDUuA/photo.jpg,Realistic sniper is very cute and quiet easily.,5,0,,2020-12-31 20:57:17,,
gp:AOqpTOEGGR5cKzyHvtcrmQz3Hnp6UyDEfzZaAferI4zRjSU0N3mIWGOde5otkcC1Vju5Idn0gwJFPc96yoavBA,De Kock,https://play-lh.googleusercontent.com/a-/AOh14GimjeKNstVCL_1VrqLG_XAIWR9HIES6rOEiD0Jk,Fabolous shooting game this is...,5,0,,2020-12-31 20:09:38,,
gp:AOqpTOEDMsMv0ly4YkFj3rU9wkaEEWjU12QR1yaqtHLsDvvvBu8w9j2p6LhE5KS1dtmM481FvQiSkOMBUmCFCw,Zines. Hina,https://play-lh.googleusercontent.com/-DzJJ-FEIUGo/AAAAAAAAAAI/AAAAAAAAAAA/AMZuuckyev4BG2f0VEL3R3cOEG4OqN7rUg/photo.jpg,Realistic sniper is very amazing and wonderful.,5,0,,2020-12-31 19:52:22,,
gp:AOqpTOEpxdMeQhMi3fYo_dl6BmE2MU4b5tMk8NtBEUitCZANDBBttMid7nbZ_H5W7ib-Hx8h85pKzL4D9Sscug,A Ahmad,https://play-lh.googleusercontent.com/-xr4sSob4494/AAAAAAAAAAI/AAAAAAAAAAA/AMZuuckvKkS3BSmCC1s7mtd7yz-H7uYqkA/photo.jpg,This is lovely game,5,0,,2020-12-31 19:42:17,,
gp:AOqpTOHe5t1dlVTHJsq0_2AaDf7cY2N-q7vOsFclrXE3bo-sr_LVcVI3sAZa4plHSwKKLfL7PJxnxsyG7U2kvw,Moin Farash,https://play-lh.googleusercontent.com/a-/AOh14Gjy6Siy3aYJO7iE6u6Va8RB61EhxUj5c0rwVC26,Outstanding Sniper shooting game.,5,2,,2020-12-31 19:42:10,,
gp:AOqpTOHaUOqMaUXbItWM4aoiRMYKMCxzxfd5IztKwihsienx7loZ7u3Ikny186oXv6C6jxVZkekXKeC2hKnLRw,Tery Mery Sapny,https://play-lh.googleusercontent.com/-SQ_F71aVviw/AAAAAAAAAAI/AAAAAAAAAAA/AMZuucn4jWLnBXgKu_TIN-5FkmJnRQJxmQ/photo.jpg,Great Shooting game.,5,1,,2020-12-31 19:22:28,,
gp:AOqpTOGJuqhczFxD2c-FJNbSn7ljiPVPGolermWw7XF_Ribf_eHDVFG9laMdxQgnu4O9rx2Uw_dwnThocPGrAw,Salman Jutt188,https://play-lh.googleusercontent.com/-dZltts1VX3w/AAAAAAAAAAI/AAAAAAAAAAA/AMZuucmsxYQF3QhQPnhA209-SlQyI3Xuaw/photo.jpg,Sniper shooter 3d is a best action game,5,0,,2020-12-31 18:43:05,,
gp:AOqpTOHO9ZsX7hXHR1p1BnI09L1YXZYxRGU-BXC4zmLuqoMtlqGUUrzAE9Cyg_boDBFi3eYq5zqoLBfQOezHzA,Abdul Qadir,https://play-lh.googleusercontent.com/a-/AOh14GjM0W0lVBt_9y8mubIXRPUJ20yj6_9WfMVMs2hMaA,100% Real shooting game.,5,1,3,2020-12-31 18:38:48,,
gp:AOqpTOFie6Zkr1ZUk1-23GifB6QIXJD4j2L83G3-uryHGu2nk4XvdXFjedzjvobqDA4jIiJ_gghzxo72WIfPkQ,CHANDRA WEST KBK,https://play-lh.googleusercontent.com/-WgQ2sGjY-WQ/AAAAAAAAAAI/AAAAAAAAAAA/AMZuucmuvjcCOBn_j42qvVF3NS9ooga5nw/photo.jpg,Amazing and outstanding,5,0,,2020-12-31 17:58:34,,
gp:AOqpTOHJc52DLKfb9rOhwxtS62aILnZ7jdwBNAUuDN-NywjfNdeMGKgL78480hOBtVBWvHKWD2PRlmOPFg59pg,Adil Gill,https://play-lh.googleusercontent.com/-lKFwAG3E4Eg/AAAAAAAAAAI/AAAAAAAAAAA/AMZuucm0nzKRsfbEm1-tPHHaVeB2sAcs1g/photo.jpg,Realistic sniper nice game good game i like it game goos game amezing game beautifull game best game lovely game,5,0,,2020-12-31 17:47:51,,
gp:AOqpTOFk86nAwgO_HTGW8DuOAHrB7Rl1gkANRvDvTZuGz3pV_YSBrqDN6h8U6Zh052EyYnaNVevpc4gyO7S6iA,My Happiness,https://play-lh.googleusercontent.com/a-/AOh14GhHT_1DFP3fujQqsjFKx-oeg8Gz44ZyBpmzGoxe,Best to best game.,5,0,,2020-12-31 17:26:54,,
