reviewId,userName,userImage,content,score,thumbsUpCount,reviewCreatedVersion,at,replyContent,repliedAt
gp:AOqpTOG47XS4r1gdY2p838mFK3tSjtYx146VUy9ZhBPI_8e9pOpLJcmkN6GOCk5Y_Ec218GhOrIU2gvWgqLXFw,Angela Perez,https://play-lh.googleusercontent.com/-V01IgXr0-XU/AAAAAAAAAAI/AAAAAAAAAAA/AMZuucmUhwaRQ0dAJDorCbcrxsaLeDfslw/photo.jpg,BEST APP EVER 😜,5,0,1.18,2021-01-14 09:59:51,,
gp:AOqpTOGH31Ef4n9STWQI8OENMfBs6-iocH-mqK2jQ4i0mV67y_I9AQqQa2QZhEaP1p9Lq9Qaua7qntzi8b3sTw,Dreamzmnycanbuy -Dj,https://play-lh.googleusercontent.com/a-/AOh14GjRfiQE1-racpb-cCskHGa1XliPDdT-ZfVEVrNz1w,Update,1,0,1.18,2020-12-13 11:33:20,,
gp:AOqpTOHTRTNUTusGNEp7G8-dRln54MIByCe5cCannQjUn_6zYAuc9-JGmDRz4Ug832jKTbecDR8GHola_x8h-A,Asia Davilla,https://play-lh.googleusercontent.com/-jx7dtntcFrU/AAAAAAAAAAI/AAAAAAAAAAA/AMZuucloqp_XLBzgy9U0Iu0jEA_oFYbbzg/photo.jpg,"Great app, wish you would update it to work in more pos's . I wouldn't mind paying extra if yall did that or dropped a new app.",4,28,1.18,2020-11-05 12:58:58,,
gp:AOqpTOGWXAzPq8lkG9bmKihp3q-wCdQagKqEzl33ip1ZHzGfXkCgFzX0n092Wx10fq0hP5EBkLPN6EFtIEJ8hg,King Okys,https://play-lh.googleusercontent.com/-lz3_JAeY9hE/AAAAAAAAAAI/AAAAAAAAAAA/AMZuuclckhTe4FzGu0WysJvX3Eh8cmzjrA/photo.jpg,Does not work,1,0,1.18,2020-10-15 10:06:14,,
gp:AOqpTOH21osKhAG4XyDdGBNC1o3mUyX39ZHuLqURE6Zo_ted7uTVFm9ASRF1ffLwAG7-MAoz0Eb0CXsrIFoIag,Adrian Rendon,https://play-lh.googleusercontent.com/-JD2sm-bHU1I/AAAAAAAAAAI/AAAAAAAAAAA/AMZuuckndKeQZ9jtMsnrDbONbYviQT2aYA/photo.jpg,od,4,0,1.18,2020-09-13 07:53:55,,
gp:AOqpTOErWW1iPaCVxdBVOWaK8eYvnTsAub1GxDPeHll8GX3C3qXy58U5Se2GVSlFpy4hFlLoqPeSSwFF4BPBRQ,Kiusly Jauregui,https://play-lh.googleusercontent.com/-OkkeLQ1Ri8o/AAAAAAAAAAI/AAAAAAAAAAA/AMZuucmL4rTODWUlG5Iqi_PPk7f0up2_nA/photo.jpg,Dont waste your time. It doesn't work,1,3,,2020-05-19 14:37:55,,
gp:AOqpTOHauBedlD2kucO-fp1XBSvbSbhkaV9aK05Fwp4zor1ogZu2OQl89CSXBzIcxK5E4eO-94Lm9xl5ORcS_w,Nvnone,https://play-lh.googleusercontent.com/a-/AOh14GgcxqttE8Gp24z_gozab5rU5Z6nOyKNoFuzQWKPWQ,Can you please update app it does not work in certain stores.,3,6,1.18,2020-05-06 20:37:21,,
gp:AOqpTOEbGh0WI-JnPUs_4z7APvdEF1dfLUTB9PsMvSOx8evUDvcqrzBF6ZDVSFzOjSxCEH5NmsGPFOVhzumqAw,lus men,https://play-lh.googleusercontent.com/-2o1efl54A9o/AAAAAAAAAAI/AAAAAAAAAAA/AMZuucln2xuZ6C9J-q9hyOadRj7ym-0GyQ/photo.jpg,It doesn't allow me to add any of my debit or credit cards and can't get my money back.,1,3,1.18,2020-04-12 18:38:41,,
gp:AOqpTOGhaQUxyM0RIOqhkWzBMdrb0ghbC1sQULg227L_Qqj06g9epN6a20bOTlGQT4DF_609CqkT3XCJoUKc4g,Jefferson Lopez,https://play-lh.googleusercontent.com/a-/AOh14Ggmt2Rd2yR53_UZwBIGs-O5VER0DZwFQpKDg0nrEw,I want a refund!,1,4,1.18,2020-03-18 04:38:40,,
gp:AOqpTOFYKpOW5B_gN8xug080ro8KsaJuLBzhoQtSr9ydovn40mUZkScMUAFfmNM0iifk4BbM_PDU0jOXvwyoFQ,Jay Egenes,https://play-lh.googleusercontent.com/-bJwZsxFNah8/AAAAAAAAAAI/AAAAAAAAAAA/AMZuucm22mJQYyBnoUwpnub4FfWmaKRvdw/photo.jpg,Can not get it to read a single card. And can't get crater top even email me back. Guys a joke not a programmer,1,49,1.18,2020-01-10 08:43:14,,
gp:AOqpTOF99kOa-BrGz3YEDRj-N-F4pdNly7dDbyVIICx-RbURgr4pdlE699CLcdf-1filnhlraxffGoSqJ8V1XA,Dwana Pray,https://play-lh.googleusercontent.com/-4u-psZg2_x0/AAAAAAAAAAI/AAAAAAAAAAA/AMZuucnoOEG_o2OWnCLiOJZUUF5-i_fnUg/photo.jpg,Why does it say insert chip when trying to pay,2,4,1.18,2019-12-23 16:43:57,,
gp:AOqpTOGQH4YdU9m10687AFI0NojeuZCDz4efRu3bs2iVxvleWS03NGEsFp8SyAJDL8DENN2gg7Dy7sQEj8fH_Q,SHAKUR BRIGHT,https://play-lh.googleusercontent.com/a-/AOh14Gi3blshxIfMdj4_hxcbI-SwLEeDy1pM4lUmnbX-,At what retail stores can I use this app,1,2,1.18,2019-11-05 19:23:35,,
gp:AOqpTOFsSY-QJKjp-VZk8b--ncsm4sZwJflVNdT7CecCAfk_amu8uocyNH95ATMIIuN2Ww8BYTjdZ2tcEhlJJA,Davie Angulo,https://play-lh.googleusercontent.com/-upxjcDMztEA/AAAAAAAAAAI/AAAAAAAAAAA/AMZuucn6uY1er4kyaRb42SLfBKlyrAu7KQ/photo.jpg,Like it,5,3,,2019-10-10 00:35:18,,
gp:AOqpTOGUW7NCvPPyT0NnOXoqh2zNKRgs1J2MpnhaZLEA23PCM3mlNOwAaCb4uiZtXwqs7z-_zZKGQhvmVMR5XQ,Flatbush Picasso,https://play-lh.googleusercontent.com/a-/AOh14Gimw5uLVoaY8Bhe0mQfw2YcBs0pzhHGNIVHCDGZHEs,I dont know what's goin on with my mycard but it simply just stopped working very inconvenient,1,43,1.18,2019-09-11 12:38:11,,
gp:AOqpTOHROdsWcHcMJ4dpbqcramGTOGqGAdR4QoHI34XjlV_bsiXKQN7Oi44Fw8TFRUyti3IWOPrXSeQs3sXVaw,John Kennedy,https://play-lh.googleusercontent.com/-Ujo2NUHenls/AAAAAAAAAAI/AAAAAAAAAAA/AMZuucmg5VXugywnrKpPlqlxK_hQhDEbJw/photo.jpg,Everything is great but it should be a option for what cards you accept and don't except for the app that's about it but other then that it's great. let your customers know what card it is as a presentation of the app.,5,127,,2019-06-30 07:13:27,,
gp:AOqpTOFyqfFsFe17OwU4xTpxbAV0P8oqd7bo-P6KDdFC4JlPlLF8jfmzFvB7gcrq35tnX0q3bzSrrGoLf6_oyg,Jessica Barrera,https://play-lh.googleusercontent.com/-UxGCKDEhJho/AAAAAAAAAAI/AAAAAAAAAAA/AMZuucnpvljTjhu9h6E0qZOl7P0SCsHDKQ/photo.jpg,love this app,5,3,1.18,2019-06-06 09:27:34,,
gp:AOqpTOHjqvwrbajzl3FbUEXxTy5KNM-LNLTIhdqgZLARM3CdpmRdGgzvHXiBnTF13ZqAJVqcC9o4pgpz5_HPog,aBe C,https://play-lh.googleusercontent.com/-Wcd-M5j9_FA/AAAAAAAAAAI/AAAAAAAAAAA/AMZuucmxCbdI3McqzRuriZiYlaBa4f68VQ/photo.jpg,im tired,5,3,1.18,2019-05-25 15:53:13,,
gp:AOqpTOE56uT_aIbKzZJG29gBMXKibIDAIjZmWYskuB_zcyEEiLldpVVppda2yIuLjnc7-gw4dwWxSLMU3cdMaA,md shamim hosen raju,https://play-lh.googleusercontent.com/a-/AOh14GhCLJ4mUg3_SQ9rN2yREYnyExKmkj4LBgW1eS18,very bad apps don't buy,1,6,,2019-04-22 14:36:13,,
gp:AOqpTOHqOudGnjvAK6BMBmlSPPohQ1gaUVRFZ3ynzNgiLnAKjeMh7P7dYsbbbrB3fArNDtbYHSeEb3SBbi6E0w,Yohei Shimoaki,https://play-lh.googleusercontent.com/-O-mOHGbhRYE/AAAAAAAAAAI/AAAAAAAAAAA/AMZuuclxlwNFFpiO5ffBxE7EqA3nqyPnxA/photo.jpg,my phone don't support it but it sill allow me to buy smh can i geta refund,1,6,1.18,2019-04-11 21:52:23,,
gp:AOqpTOHrKKBKkEfk3ZMbGONL3KaKR1OfwkOjnJfodc9pNokHm-iRBznmux0NmQdqWQ4ALiHJ5juzKoLYl-LgHQ,Naruto Uzumaki,https://play-lh.googleusercontent.com/-TzRqW6K_tcU/AAAAAAAAAAI/AAAAAAAAAAA/AMZuuckgZRChttsM8vfE-gL29bJhOi5UUA/photo.jpg,the app doesn't work...how do I make it work or get refund?,1,7,1.18,2019-04-01 16:20:55,,
gp:AOqpTOFrCG4ggfUWZefrPU97InnK14ZLYBrprJuO7jagD4gxi0rDT9TuwH5EHoFFWDKX94VNa42DQaMyxo1-Xw,A Google user,https://play-lh.googleusercontent.com/EGemoI2NTXmTsBVtJqk8jxF9rh8ApRWfsIMQSt2uE4OcpQqbFu7f7NbTK05lx80nuSijCz7sc3a277R67g,can't download card,3,7,,2019-03-02 15:16:36,,
gp:AOqpTOEcdN4K-OZXTlX9e01OIsE9UQCIlyS4dpTvxcmsN_w8AbqY8aWtIS4-S5BKeo5LMR_RDHvoMZRG92iVUw,Scoop Bedoo,https://play-lh.googleusercontent.com/-xd2onbITxeQ/AAAAAAAAAAI/AAAAAAAAAAA/AMZuucnJQTGmP20oN-RFlpZB8fg9i0ukwQ/photo.jpg,"is there an updated version of this app , cos this one does not support most new payment systems . ! pos !!",3,28,1.18,2019-02-27 14:49:02,,
gp:AOqpTOHG2LaLObhHfCbjN_K3XTgxHDO8tcip58fuK4y97JTbZn0M70UHAUOeED3I3EYYOmtXnFPVTVhd-CQRcA,A Google user,https://play-lh.googleusercontent.com/EGemoI2NTXmTsBVtJqk8jxF9rh8ApRWfsIMQSt2uE4OcpQqbFu7f7NbTK05lx80nuSijCz7sc3a277R67g,need refund this app doesnt work at all,1,10,1.18,2019-02-25 08:26:51,,
gp:AOqpTOGQI6TbJG8i9VT5NeyS4ioaTNeNLRTbkGs_HarMgU9btvAUVKd3k3fG4rYciZWP-rOPW4rwOVKtKhZDjA,Charles H,https://play-lh.googleusercontent.com/-5AqTl2HBQWU/AAAAAAAAAAI/AAAAAAAAAAA/AMZuuck3SsRTsfrcWEMZz2t76MeBzHbi1Q/photo.jpg,The paying terminal keeps saying insert chip when I try to use the app to pay,1,12,,2018-12-11 09:43:25,,
gp:AOqpTOGsw7pwOcAAKnKuV27ajNzwoP3lE8pogKh2GmOH4QisSFqSNhKciJAgrTJxaTShzdmj4IR93ryuTVonrg,Daniel Puig,https://play-lh.googleusercontent.com/-z1mYeOEGkhg/AAAAAAAAAAI/AAAAAAAAAAA/AMZuuckk-I2tYP8FIFJ0ZigSJLBRWW5c6A/photo.jpg,Great app. Timesaver,5,17,1.18,2018-11-24 16:17:35,,
gp:AOqpTOE55PXxC2HuznpPeW_U2WGLsAIa_xzaNCahSc_67Thm4CvNBD5NoaTODGWtPrA-fM7S07-b4Z82H2YwWA,Milo Giselle,https://play-lh.googleusercontent.com/-QSmxgGxd1ek/AAAAAAAAAAI/AAAAAAAAAAA/AMZuuclomMxJEVdqbS_3rFv-frWOxcjtCA/photo.jpg,good,4,5,1.18,2018-11-15 21:11:02,,
gp:AOqpTOGEHpMGJB7dCJSA-4MsDTacip565sZp6km4ABEcPaKskqlLflPhJu-nINoFZq4B7VINwlutsRHl0LIKKQ,A Google user,https://play-lh.googleusercontent.com/EGemoI2NTXmTsBVtJqk8jxF9rh8ApRWfsIMQSt2uE4OcpQqbFu7f7NbTK05lx80nuSijCz7sc3a277R67g,"I want my money back! And you owe me for damages too! Defamation of character for making me look like a broke ass every time i tried to use this app and was decline. You charge almost $20 for an app that you know dont work anywhere! Doesnt matter what BIN, or where you use it. Decline! Mr. Scam app developer, you should be ashamed of yourself. Unless you interested on ripping people off from the gate, in which case you should be proud.",1,57,,2018-10-20 19:00:15,Hello. Contact me at roaddogssoftware@gmail.com to arrange a refund.,2018-10-22 08:01:55
gp:AOqpTOEoDvPDBrOiOlT-vd6YFfjCafJtDAeC-JHFAIvchAFBHrMsefEmGHXyaTU3iNpTPLjcjSub9XjNXSJf-Q,A Google user,https://play-lh.googleusercontent.com/EGemoI2NTXmTsBVtJqk8jxF9rh8ApRWfsIMQSt2uE4OcpQqbFu7f7NbTK05lx80nuSijCz7sc3a277R67g,App haven't work yet but seller did respond back to try and accommodate the issue... Still waiting to see the app work,3,36,1.18,2018-10-04 14:55:15,,
gp:AOqpTOGaH4Ys0cyp1e9PY6Z8pUeoWyhHOLVLZTVTzbqeVdPnzHJSLukOUdsVAJIyFgia2EFyFGs723B0thHqvg,jessica nesbit,https://play-lh.googleusercontent.com/-tCKLv5vQ4V8/AAAAAAAAAAI/AAAAAAAAAAA/AMZuuclstIJ-ll5kXKnFWYLMAJc8Lg_6gA/photo.jpg,Can I have a refund? This app do not work at all for me...,1,24,1.18,2018-10-03 05:35:45,Please contact me at roaddogssoftware@gmail.com with more details.,2018-10-03 12:39:54
gp:AOqpTOEBKJp_kGCKtCelxYcL5MpMYNM4hFusRkOpogqrAuXVCLlP9EoV859WzZkITy_Q0e5PIakO8MjEeygofA,Kevin Henry,https://play-lh.googleusercontent.com/-MNNjHUpntAo/AAAAAAAAAAI/AAAAAAAAAAA/AMZuucmJ97x6h8wq2WHP1EdecBaY8kha2Q/photo.jpg,Great,5,9,1.18,2018-09-26 06:29:37,,
gp:AOqpTOFNEyC1ne9Yjp78zVRGTuHl9b_o9ZLH7nKOycIOXx3pE_AwY8cpZtnXBLNZrM59t9ClZ0d3uDhd0FD4qQ,Jhoanna Oblanca,https://play-lh.googleusercontent.com/-U1g1uE6o_FI/AAAAAAAAAAI/AAAAAAAAAAA/AMZuuckuSm6tticj22oYMbITqEpOfJTzZQ/photo.jpg,Love this APP. Works with no problems,5,50,1.18,2018-09-25 16:11:19,,
gp:AOqpTOGtqc87VOcmuKyLHLhbSmExpxEFK_W1-AmZdMKscnO4ikDYUbgVzS1EqJxmfIVna4IJO4otMfZw6jA31g,Nicole K,https://play-lh.googleusercontent.com/-WL2q8XjlUK8/AAAAAAAAAAI/AAAAAAAAAAA/AMZuucnaO9jfolrTiq3nW2wQyEXtWy30oQ/photo.jpg,All my charges decline. Is there something i need to do? Using the Samsung galaxy 6,1,7,1.18,2018-08-24 13:23:31,,
gp:AOqpTOHbsnKFpWePhXBHN4k-AHMIp8Sdan6FXZ9WAzWQw1BUixtys00c2jcsiZYadCIwnsm3P_AtlAd2axRZFA,A Google user,https://play-lh.googleusercontent.com/EGemoI2NTXmTsBVtJqk8jxF9rh8ApRWfsIMQSt2uE4OcpQqbFu7f7NbTK05lx80nuSijCz7sc3a277R67g,Was working for 2 DAYS now it doesn't work need help,3,18,1.18,2018-08-18 14:52:41,,
gp:AOqpTOHhzVXOF8ruspkM2vNGwAMLYh88QZsbKIf-WhL5TiupPQPR3SG-0rQ9y-q00G1MrlIDQ7_04Iv4NuF-ZA,Chizzle Bonton,https://play-lh.googleusercontent.com/-SVAxxDeSP_E/AAAAAAAAAAI/AAAAAAAAAAA/AMZuucm39yEKqUIg1y-of7a6vj35s16fEw/photo.jpg,The app never worked for me it declines everytime. I need the air pay app,1,9,1.18,2018-08-12 22:30:44,,
gp:AOqpTOEJhSmJ72EGx2KQsR0ruHlYNK2fMx-ENoz9S7XlsPMPAhHUdWz3G9vykjWxyBuZsR-08uNFN0mogoCdNg,A Google user,https://play-lh.googleusercontent.com/EGemoI2NTXmTsBVtJqk8jxF9rh8ApRWfsIMQSt2uE4OcpQqbFu7f7NbTK05lx80nuSijCz7sc3a277R67g,Did not work when trying to pay at register,2,14,1.18,2018-08-09 16:38:29,,
gp:AOqpTOFq2e-BzRJWxFShHpAi5SmMvEJbzrvwaKM-0EuS6vKuw6N3MMKpoOM2ws5abe5DdhTb0CxGzskKi0pP6Q,Soledad Alcala,https://play-lh.googleusercontent.com/-PFpyGVCaXUw/AAAAAAAAAAI/AAAAAAAAAAA/AMZuucmB3VQ39R6SIHct0BBoXCO76FdLcg/photo.jpg,My card doesnt work after a week of using it can anyone help,2,36,1.18,2018-08-07 14:01:10,,
gp:AOqpTOFLeeJdBHQMemKpa_CnJXQ3bLR-ZeIVdEuKK86o4E__3BHyXCf1BQd_R2fD69orDbZbB2NACIbn1OFRRw,A Google user,https://play-lh.googleusercontent.com/EGemoI2NTXmTsBVtJqk8jxF9rh8ApRWfsIMQSt2uE4OcpQqbFu7f7NbTK05lx80nuSijCz7sc3a277R67g,My phone is samsung note 8.. Can i use it without root..??,3,3,,2018-08-07 10:11:23,"Hello. Yes, you can use it without root.",2018-08-07 11:22:21
gp:AOqpTOFJo7jiazJVVl8v4Mk9POWEWLIvpXBgG4yUPPaS5tPnAZBGcSZ3lurf9KC8yB_t88qYHEUw7CDuHE1tMQ,Liam Edwards,https://play-lh.googleusercontent.com/-PdgAcP8wpO4/AAAAAAAAAAI/AAAAAAAAAAA/AMZuuck73z09mr4VcUbsUxsC3YFBIupa0w/photo.jpg,"Can i please get a refund this app do not work keeps shutting down and 
closing",1,2,,2018-06-30 17:47:09,"Hi. Can you contact me with more details?
roaddogssoftware@gmail.com",2018-06-30 18:09:51
gp:AOqpTOEFslMbqb5CbmhUbdgh_uii7dqz58Jn1GDN3DKrWj3BxRDwktavdXazrxtnyHqNx4i0C0ipB03Oi1XWxg,A Google user,https://play-lh.googleusercontent.com/EGemoI2NTXmTsBVtJqk8jxF9rh8ApRWfsIMQSt2uE4OcpQqbFu7f7NbTK05lx80nuSijCz7sc3a277R67g,"Can someone help... At the register its coming up as too many cards but im 
only using one. What can I do to get this app to work?",3,13,1.17,2018-06-30 12:05:24,"Hi. Can you contact me with more details?
roaddogssoftware@gmail.com",2018-06-30 18:10:08
gp:AOqpTOGogPHJvnwSwgRQt7SdG6vSG1vYV2UVeLr2_InXcDdEBx6CcVQwNgEu6v7AZ4D5mpGWHxqw5WRUCSNCeQ,A Google user,https://play-lh.googleusercontent.com/EGemoI2NTXmTsBVtJqk8jxF9rh8ApRWfsIMQSt2uE4OcpQqbFu7f7NbTK05lx80nuSijCz7sc3a277R67g,working great with my BIN..,5,31,1.17,2018-06-22 16:52:21,,
gp:AOqpTOE_AR6l-KfRbzlY8YZO58MpaXerAKi8XoKrJoEFUdryl9_9nFmMvthI6pKlALAzSyGEx2pNnjHkZgF-Qg,Joey Christy,https://play-lh.googleusercontent.com/--fygWDbKU44/AAAAAAAAAAI/AAAAAAAAAAA/AMZuuck8DayaI3-IgmMH8CkDFTtskVvjZA/photo.jpg,"App does not work. Not even able to enter card number. Am I doing something 
wrong?",1,13,1.17,2018-06-20 20:16:05,"Hello.
To add a card, you need to enter the card's track data, not the number.",2018-06-23 07:06:46
gp:AOqpTOEv5hGCVM1wH-bOevUXW6qaQQj605hN_5KaOrCYjeen_EGlW8IjAG7sRIAdir4ZfzwHrdsn7w84uyX5GQ,A Google user,https://play-lh.googleusercontent.com/EGemoI2NTXmTsBVtJqk8jxF9rh8ApRWfsIMQSt2uE4OcpQqbFu7f7NbTK05lx80nuSijCz7sc3a277R67g,I keep on get decline even for $5 why is this,1,13,1.17,2018-04-20 17:40:52,,
gp:AOqpTOHVbMkgGtMzkfIVHJQPVKOG_uuESrJAR_kKQIZOEWAtCaBYygzm8cmF7VQ700Yw59vWyaZ_2epm_wQCug,Sade Jarquin,https://play-lh.googleusercontent.com/a-/AOh14Ghl3e7-NcdijQqzYmCaX4ZNknhUlkHyB5ZGSvVQRQ,Awesome! So convenient!,4,23,1.17,2018-04-14 15:59:23,,
gp:AOqpTOGxOqz9aetBI86KT2_-5YOekQx0cATuqOPZv_yx3B_H9ebuCqG-oHVlrHQcd4SbaA9bXOxin9BElf9Q5A,Ali Niki,https://play-lh.googleusercontent.com/a-/AOh14Gh7b2oLwYWtoAzPb7jod-OHUuzyrY2gnw2FVFA,Can not be used.Return my money.,1,22,1.17,2018-04-04 17:52:45,,
gp:AOqpTOGYoEsda58APedo4JdCIplc3C5OKfiioUkVztC_iDUVPWWP1D4QCnap1fxTiMZC5WVAINXPdpqnMKIN2Q,Brandon Flemming,https://play-lh.googleusercontent.com/-wiZzlZVW-iA/AAAAAAAAAAI/AAAAAAAAAAA/AMZuuclSKTHTx6lKkcykUaRS3cmBFiOdQQ/photo.jpg,Love this app and I may have suggestions on how to improve it... it's lacking one key component that is probably why it's not working as well anymore... so get at me when you can... thanks,5,7,,2018-03-25 21:46:02,Hi. Contact me at roaddogssoftware@gmail.com with any suggestions.,2018-03-31 03:06:07
gp:AOqpTOF5Xk9tNQ20PtYOEQhpWVLEllxg8QrLMdLZs70OWaz15cBkbfJtgQpw6myrkMrA9Ovr36AKNoc4mFv5nQ,A Google user,https://play-lh.googleusercontent.com/EGemoI2NTXmTsBVtJqk8jxF9rh8ApRWfsIMQSt2uE4OcpQqbFu7f7NbTK05lx80nuSijCz7sc3a277R67g,I'd how to use it....I put the card in but don't know how to use it inside the store??,1,3,,2018-02-05 13:31:32,,
gp:AOqpTOErTUg2EEfS55yD1L4F8H782iAFh6SOwjx52gBmGAVRvIFgw3f96PSVQYSJv91P-8FgWXycikH5AOd08Q,Mateo Embelizar,https://play-lh.googleusercontent.com/a-/AOh14GhNPGR-w-9HBKGNYBiT10iaDswDsO1YQytqrNZ3sg,I switched to a noon nfc phone transferred this app to the new non nfc phone not realizing it wasn't a non nfc phone. The transfer went thru fine but it informed me I couldn't use it due to my new phone not having nfc capabilities.  I want to use it on my wife's phone which I have my own account on as a guest and it is demanding payment. I will not pay again and will not recommend. Prior to this I loved this app,1,3,,2018-01-13 02:09:41,,
gp:AOqpTOEYmty2KbIPPK9TuvKPI09zPPIGKsTJ9gkZ1l60fYdTGwoAufX7sgK0JshVoGztgldG1tid_gl_nyuwEQ,Nic Day,https://play-lh.googleusercontent.com/-1WrtDno6Tss/AAAAAAAAAAI/AAAAAAAAAAA/AMZuuclUMRH2BecBjmtkWhj2SfoIzxOK1g/photo.jpg,WORKED GREAT TILL YESTERDAY? I HOPE I CAN GIVE YA A BETTER REVIEW PLEASE HELP,1,18,1.15,2018-01-10 01:18:05,,
gp:AOqpTOF4wbKfjdVO2A2CWRZ-1M0dKL28kcNPl6pn4RYA2pTwoVe4aHjlmy8-K5C4H4uOqnyF2bt4QMcL2ek8Ow,Abi Wurtz,https://play-lh.googleusercontent.com/a-/AOh14GhinJtNOFzmQ1SnZfMZc3URbA6h380V-ZkEQnUWKQ,Much love to all the madness...,5,2,1.10,2017-12-12 02:34:43,,
gp:AOqpTOHmH6md-vmtEaaymZUWqkwJnAfgyUgiMSwekwPB7ClkY8DxRtKCUlXMe7q3H8mYgXPscQ8jUBjVAKAD-Q,A Google user,https://play-lh.googleusercontent.com/EGemoI2NTXmTsBVtJqk8jxF9rh8ApRWfsIMQSt2uE4OcpQqbFu7f7NbTK05lx80nuSijCz7sc3a277R67g,Keeps declining. Can you please help me with this issue ?,1,2,1.10,2017-12-07 17:48:15,,
gp:AOqpTOFQghcLXmGcw0uz_6104ahMXjybQBKx1skd-s_aa3rSBP2b2C4cxL7GYKZ75h8Onz6x6Hc_VYY0cpL0qw,A Google user,https://play-lh.googleusercontent.com/EGemoI2NTXmTsBVtJqk8jxF9rh8ApRWfsIMQSt2uE4OcpQqbFu7f7NbTK05lx80nuSijCz7sc3a277R67g,My bank card isn't working I tap it declines I use the actual card and it work why is that ?,2,22,1.15,2017-10-16 18:12:39,Hello. Please contact me with more details.,2017-11-26 17:24:37
gp:AOqpTOFWeegq75xqTgrIf5tU8OY2LOLe3ByIiCPKfMmpHM_RquH-5CCqIkgNs4h5h_WEB2QIayrY0qc0cus07w,katie hassing,https://play-lh.googleusercontent.com/a-/AOh14Ggn_JblWkasvoaGgTbMj48LoKMIcZEWMhJDMDdgxQ,It isn't not working at all for why not?I payed $24.00 for it and if it continues not to work I would like a refund!,1,4,,2017-10-03 23:22:00,Hello. Please contact me with more details. roaddogssoftware@gmail.com,2017-10-11 17:05:23
gp:AOqpTOGpG05wIzS_BcnD6lDGBI9ATMiAL2xThg1q3Ppcg1PSCGwAGyPdDiHbA1FA7o7ImiXZ2_6CJyePz9WcfQ,Ryan Johnson,https://play-lh.googleusercontent.com/a-/AOh14Gihna6guXLjyhGIZsSUaWBG7wKusKcHLZ0URieFPA,Great app,5,5,,2017-05-13 17:18:37,,
gp:AOqpTOHpJrxa7iWrLuT8frAe2_ypbBfr2iF3qaBrPYyWrkOa4UigX8vX0EIl5KQX_TcPX3wlbHlT6gSsn8bKUQ,A Google user,https://play-lh.googleusercontent.com/EGemoI2NTXmTsBVtJqk8jxF9rh8ApRWfsIMQSt2uE4OcpQqbFu7f7NbTK05lx80nuSijCz7sc3a277R67g,App has never stopped working.. works w certain bins only ..still tapping at Best Buy AutoZone  Mcdonald's etc...Thanks RoadDog,5,17,,2017-05-12 17:00:23,,
gp:AOqpTOHZi-m551-93GlvNODdnXVCl1jsJ9tp8WLNBQlqjDg-MClWyvD2cqnOnjgQh0CX-x60kwrsvdfoDg-pZg,senthuran selvaratnam,https://play-lh.googleusercontent.com/-pj6hutuKYAg/AAAAAAAAAAI/AAAAAAAAAAA/AMZuucl8sc0v8zDnZpTS4bVIML3QNJmChw/photo.jpg,"Hi tried using almost all my creditcard and everythinggot decline. I have used RBC, TD, Canadian tire. Nothing worked what bank does this app work with",3,5,1.10,2017-05-06 23:39:00,,
gp:AOqpTOFIbK0-h8HT3E-_AjZS-bAPOCDkM28x73ZHUkvgkPYLFPq07osDoNPnYRgF4m-8IwlnKOGX9lEmw6Xy_Q,edgar jimenez,https://play-lh.googleusercontent.com/a-/AOh14Gh0igk8W-LlHUuBWF0WT5Xafv3Xa6T-RitXlXgFNw,What's the difference from the grey one,3,6,1.10,2017-04-29 16:35:21,Hello. The grey app has the beta method for reading cards through NFC.,2017-04-29 16:36:58
gp:AOqpTOGgn1l7gz50g0_R7mQ07ZMD2Tobd9cUZs6h7GI0UAAjispXxoqUPSUMdvyk3OafocPlbDVYcHG0muVjHg,A Google user,https://play-lh.googleusercontent.com/EGemoI2NTXmTsBVtJqk8jxF9rh8ApRWfsIMQSt2uE4OcpQqbFu7f7NbTK05lx80nuSijCz7sc3a277R67g,It's not working can any one help declines everywhere,2,9,1.10,2017-04-23 13:37:05,,
gp:AOqpTOFK8DGZ9_Ncr47Pw9zIbaGl4ZizHKjy7mhcxcXSQcS1trBpSQTeBSVDLABlZkh1viKjgKAiPu9cswOwZA,A Google user,https://play-lh.googleusercontent.com/EGemoI2NTXmTsBVtJqk8jxF9rh8ApRWfsIMQSt2uE4OcpQqbFu7f7NbTK05lx80nuSijCz7sc3a277R67g,App Always gives me decline when I try to use my card,2,4,1.10,2017-03-27 10:33:38,,
gp:AOqpTOHp5Xd0ZdxE4TOlnZFmLsP7s_LMbAnji6ozvOv-x5O8Mn6uq2EAroQgvgG2UJvvgZfsjKyUL9zIUqXpXA,A Google user,https://play-lh.googleusercontent.com/EGemoI2NTXmTsBVtJqk8jxF9rh8ApRWfsIMQSt2uE4OcpQqbFu7f7NbTK05lx80nuSijCz7sc3a277R67g,I have it now works in stores wish it could,5,11,1.10,2017-01-27 01:41:46,,
gp:AOqpTOFeEBPYmeWmjkzMC_pnVnoL0NnFTasMeqhQ4xUESmABB_5feanx1jqTUlPaf1fb_URcg_5Cu7IppsQ6Lg,vane olivas,https://play-lh.googleusercontent.com/-LCBRzNqHW9A/AAAAAAAAAAI/AAAAAAAAAAA/AMZuuclxHtigu46OBiJNUneOwAfA448f1Q/photo.jpg,So I guess you are not gonna fix this app was great now sucks I want a refund since it seems you can't even get it to work,1,14,1.10,2017-01-19 03:17:29,"Try another card if you can.
This older version has a bug in the card list, but that can be fixed.",2016-12-16 12:23:21
gp:AOqpTOG_DN6jqWQOCl8nHdBTXv7B1Dl2zN3faEJg2D8sR_OOgns5OZmKZAcM_1qCR8wLOfLZSYJiFMDs_OP5sw,A Google user,https://play-lh.googleusercontent.com/EGemoI2NTXmTsBVtJqk8jxF9rh8ApRWfsIMQSt2uE4OcpQqbFu7f7NbTK05lx80nuSijCz7sc3a277R67g,Is this working yet,2,3,1.10,2017-01-17 20:31:40,,
gp:AOqpTOEh2nH0vcABrK99eTFgcrEN0EY5BePVJJXNIQVX5xFzSTAZOusFohEAjltpcWNEcv2sQ74UIbD9NNpRTg,A Google user,https://play-lh.googleusercontent.com/EGemoI2NTXmTsBVtJqk8jxF9rh8ApRWfsIMQSt2uE4OcpQqbFu7f7NbTK05lx80nuSijCz7sc3a277R67g,Nice app,5,5,,2017-01-03 06:57:55,,
gp:AOqpTOHKWr5lHhBF7yY7tqn2KtAo60fk6uao2pwUT2jlfldTNIBcrUifV3VIJF0wgyrsU0XQbQU240A2QeVYUw,Art Arreola,https://play-lh.googleusercontent.com/-Dtih_Xxie94/AAAAAAAAAAI/AAAAAAAAAAA/AMZuuckE_RDvwlmEWGgoBhWKEq4uu_voNw/photo.jpg,Is app working now?,1,7,1.10,2016-12-29 02:03:41,,
gp:AOqpTOHG4DP4E4ksQswMkFYv4GUMZlfW_JaOaqXjN1MJZZdUtU7O9meZqdhNZTi4MC-T9pitKMeUqWnSGH2KvQ,A Google user,https://play-lh.googleusercontent.com/EGemoI2NTXmTsBVtJqk8jxF9rh8ApRWfsIMQSt2uE4OcpQqbFu7f7NbTK05lx80nuSijCz7sc3a277R67g,"To the girl who's is still working you didn't say wich bin, or store or max purchased amount.  .....  smh.             I'm still waiting for my app to stsrt working again.  It would be nice for the developer to take some initiative  and show some type of attempt to update all the people who have paid for his app wich Is no longer working.",2,8,,2016-12-28 08:55:53,,
gp:AOqpTOFur_P3liZfSQCEJZ2yUMKj4FGEEcogh0WWxhPjAjDaydEn3dx330zjpKEoMt_wn_hkFbozL-0Afrb-Jw,Yaya Yaya,https://play-lh.googleusercontent.com/-pvquYIbbVSk/AAAAAAAAAAI/AAAAAAAAAAA/AMZuuckP0UH6XXMlmVRio4b9DZLJ5UBRnA/photo.jpg,If my card is working for u email the developer your Bin(1st six numbers on your card) and what stores it work in and the max you spent......with this info he can see what is needed to be changed to make the app better....mines still works,5,27,1.10,2016-12-25 22:58:56,"Thanks, and good thinking.
As far as I know the app is still working for most people.
Lets hope the people who are still using it take a minute to write here.",2016-12-24 09:50:04
gp:AOqpTOE6jreINOE7rqbjAgrxUXCFNiX2jzrw8G4UXaDVQQhP2_9v0VDs7pwY0zgbwn28ppXZzVxZRahlBk1Vyg,Brittney Berlanga,https://play-lh.googleusercontent.com/-BoQPDO1G4NU/AAAAAAAAAAI/AAAAAAAAAAA/AMZuuck5dZBF2Lz_wDnUFDwgL2UntxzzhQ/photo.jpg,"Damn I'm still checking everyday to see if the app is gonna and nothing. And I read a comment saying that the app still works for some people well I can see by all the reviews starting from December 15,2016 that app isnt working. I really hope their gonna fix the app ASAP, or create a new one or go back to the old version before they updated the app again. Or does anyone know how to get the app working again? I hope I get a response from someone. Merry Christmas....",3,8,,2016-12-25 20:23:14,,
gp:AOqpTOGUPJnwjMRDn_YJKbp5JYinjiz493P23Q2Jm713gJv5deAo0Vz7VyC8T8At-0OmrhiYEKmwQ1VDh1IWeg,Kevin Burns,https://play-lh.googleusercontent.com/-J9m4Y259efk/AAAAAAAAAAI/AAAAAAAAAAA/AMZuucleBYwyQ2vowyA0NXkVF_9iawduWw/photo.jpg,What is going on with the app it doesn't work 20 bucks for a app that doesn't work come on...,2,6,1.10,2016-12-22 21:06:25,,
gp:AOqpTOENO-_DUWzflbRgtWYJhwXQZlew1gF40UpLcEtgXfIhNFjpc1x2-8nEqR0Y0aJfEhRGU3c5CwshBPZIKQ,A Google user,https://play-lh.googleusercontent.com/EGemoI2NTXmTsBVtJqk8jxF9rh8ApRWfsIMQSt2uE4OcpQqbFu7f7NbTK05lx80nuSijCz7sc3a277R67g,"Ok now I've purchased the original version, the lite version, and now the beta version. None of them work. Is this going to be fixed or not. Can I get a response. Its already been a week. These arent the cheapest apps on the market. People would assume because of that you would be on top of the issue.",2,42,1.10,2016-12-20 07:10:15,,
gp:AOqpTOEDO3J-B-cDyFpTinEu5egnKjsA0W96jza03JGLLHep3od5G2w8BBbK2cgQhoSnX0PEMx85o-mUEBsj5Q,Edgar Jimenez,https://play-lh.googleusercontent.com/a-/AOh14GhXWMQ2ZHzGHispVWYWALlm-Jivh8tdMb2emtqaew,"Was great til last week,I get declined everywhere,mcdonalds, subway,riteaid,whole foods,chevron. Can we get it fixed or a refund?",1,14,1.10,2016-12-19 08:34:04,"Hi. 
Please contact me with more info.
roaddogssoftware@gmail.com",2016-12-19 08:42:30
gp:AOqpTOHExPcvOYvvyWR4iWcFG2DTR4-IyNi5cuzzFFdIsBn_OgfGKux5hnl3Plkg9msEIgP_QxNsumhkaq-n8A,Jane Doh,https://play-lh.googleusercontent.com/a-/AOh14Giv08eeNZAMhhLNt_qdlG3grkJdfeB8KsI5R9o4,It did work it was great and then it stopped working and is no longer great and there's been no updates for any software updates or help or when it will be fixed,1,7,,2016-12-18 14:01:14,"Hello.
I'll be trying some changes this week, but I can't say when or if this will be fixed.",2016-12-19 06:08:33
gp:AOqpTOH2yf8Vfma4GpJC9c5e4lwZ-K5WCZJytTbIVY9xvJlGsiT_Fc2ITD9MWkIACNLWCXrSk564wz30i7ANJQ,A Google user,https://play-lh.googleusercontent.com/EGemoI2NTXmTsBVtJqk8jxF9rh8ApRWfsIMQSt2uE4OcpQqbFu7f7NbTK05lx80nuSijCz7sc3a277R67g,Has the app worked for anyone else now? It's still not working and when do u think it'll be working again.....,3,6,,2016-12-18 11:22:33,"Hello.
I'll be trying some changes this week, but I can't say when or if this will be fixed.",2016-12-19 06:08:32
gp:AOqpTOFmolfMma7yNaoChxkt8p6cRGnEGgYnfBnhoq1cMBxHLUphxx2eMHJJ4f3KMv_tGRAUBwkEVDGuqaPtoA,Jamal Brown,https://play-lh.googleusercontent.com/a-/AOh14GhwkCPRHN4jjxtfSBiAW3N7hbDwj_odkIF5TMI-og,Still not working with 1.10,1,12,1.10,2016-12-17 22:52:47,"Hello. I'm having some issues with the latest version.
I'll try going back to version 1.10, it should be available in 2-3 hours.",2016-12-15 03:40:00
gp:AOqpTOGyD2ed4xlkqOdYsgdq3vUsvD9s_dhpJbjOApWqmeJZsGW0INkBDr5_8oUGlyKe8S8YDUxAOKD2-c5qsg,Jr Ss,https://play-lh.googleusercontent.com/-RBlz9X7rir4/AAAAAAAAAAI/AAAAAAAAAAA/AMZuucmUvs8BJLy-QQAHHU3hiiMyAWOHow/photo.jpg,Was working great at first now every were I go i get declined and that can be extremely embarrassing I will be happy to change my rating once fixed I don't think that its fair I pay for a app that's not working...,2,13,1.10,2016-12-17 16:05:12,,
gp:AOqpTOGW-tOQbfJctYuCLMAdwk6KV7FYg6uVa1ftt43tT9-2L_xQcK4-Ro1Q34LtZEBuHZFEoenlyC7k3EU0AQ,A Google user,https://play-lh.googleusercontent.com/EGemoI2NTXmTsBVtJqk8jxF9rh8ApRWfsIMQSt2uE4OcpQqbFu7f7NbTK05lx80nuSijCz7sc3a277R67g,Used to work great but haven't been able to purchase anything for a few days. Even did the most recent update back to the previous version still declined on every transaction.,2,6,1.14,2016-12-16 16:54:57,,
gp:AOqpTOGADvycCWAd5COnGXOzFQEeiqEdTn2eRwYgMoGUD3YajUgdF0Txz7dZr3aDHaD5eSyrSjW1h7GcZ_pQyA,Vickie _,https://play-lh.googleusercontent.com/a-/AOh14GgkQfZ4zHYjJxaN94EoBZmXpW-21LS4c7PxlXTjXg,Is anyones working yet? Old version didnt work. Declined after update everywhere and my cards have the funds!!! Plz fix again,2,5,1.10,2016-12-16 07:33:24,"Hello.
It seems the last update had some issues with the payment.
I've went back to last month's version. It should be available on Google Play in a couple of hours.",2016-12-14 17:37:55
gp:AOqpTOFcx3CKw_DQBGAPmogMKWWsFlui5s9PFhObNItJ_BeLnvK-CSO5lOjblGVVFlyESrZ5L8-n8RSA9K49xA,A Google user,https://play-lh.googleusercontent.com/EGemoI2NTXmTsBVtJqk8jxF9rh8ApRWfsIMQSt2uE4OcpQqbFu7f7NbTK05lx80nuSijCz7sc3a277R67g,App was good with old version how do i get old version back,4,7,1.10,2016-12-15 20:15:24,"I've reverted to an older version, but that has not fixed the issue.",2016-12-19 08:41:07
gp:AOqpTOFuf1PJr338KCJBKdgsR5A75nxAn0xjFtpw4X2iOix7q89Epy58UKJAdjcefGoEdTn9nFFNRUS238Qr_A,A Google user,https://play-lh.googleusercontent.com/EGemoI2NTXmTsBVtJqk8jxF9rh8ApRWfsIMQSt2uE4OcpQqbFu7f7NbTK05lx80nuSijCz7sc3a277R67g,"App was working amazing but everywhere I go now declines :/ McDonald's, Subway, Best Buy, etc plz fix.",5,9,1.10,2016-12-15 19:26:51,,
gp:AOqpTOHwmvPIgQ9WCEqtXl91RV_cPxtcO7s79c-YIipNet3OaxqkvsU7PXm2hzv_b1NODhoefhooieZ7FIBHsw,Alex Davis,https://play-lh.googleusercontent.com/-gk5ZpYFVR4U/AAAAAAAAAAI/AAAAAAAAAAA/AMZuuclyI9w6hByzq5n6w06ZB0D96P5HYg/photo.jpg,"Earlier in the week occasionally I would get not approved  messages, but now I'm getting straight declined. What going on?",1,26,1.10,2016-12-15 11:42:11,"Hi. Not sure what the problem is yet, Doing some tests, will keep you posted.",2016-12-15 11:57:11
gp:AOqpTOHtBFSxsA_r6PJcqWGKlM5--1sAfzWtsKi3JE3eEPmGgD6GuJUw2ZVjQWhdZSwwy6xaAVS3kuUq9G-5Kg,A Google user,https://play-lh.googleusercontent.com/EGemoI2NTXmTsBVtJqk8jxF9rh8ApRWfsIMQSt2uE4OcpQqbFu7f7NbTK05lx80nuSijCz7sc3a277R67g,It was working great then stopped working i unistalled then reinstalled started working again. Then Yesterday afternoon declined everwhere i tried. Would love to give it a higher rating if it starts accepting my transactions!!,3,65,1.10,2016-12-15 08:42:44,"Hello.
It seems the last update had some issues with the payment.
I've went back to last month's version. It should be available on Google Play in a couple of hours.",2016-12-14 17:37:48
gp:AOqpTOE-p61_5Z-BR8v6VX41FN2BTX2G5yFzSXa8h2ur1kvvbkGVAH9bC-W8_aTQ96OolekVJKzFb2GdtKYOOw,A Google user,https://play-lh.googleusercontent.com/EGemoI2NTXmTsBVtJqk8jxF9rh8ApRWfsIMQSt2uE4OcpQqbFu7f7NbTK05lx80nuSijCz7sc3a277R67g,It does not work in walgreens for me it keep say in contactless why??can you fix this,3,11,1.11,2016-12-14 22:13:10,"Hello. I'm having some issues with the latest version.
I'll try going back to version 1.10, it should be available in 2-3 hours.",2016-12-15 03:40:07
gp:AOqpTOHg-aNt1g1-EmDSDtc3fNehUIpFbC0khnEPucR3bfIv4Woky-HtuNHZRr01LNBhwHxeRDdyJpaelajlBw,ashhley wright,https://play-lh.googleusercontent.com/-otliBBkl5I0/AAAAAAAAAAI/AAAAAAAAAAA/AMZuuckjllDrngeGOvoqIPRC1md8RuuTBA/photo.jpg,Not working. Says invalid data. How do I manually input my cards?  is anyone going to help me with this matter?,1,10,1.13,2016-12-12 10:24:01,"If you know the card's track2 data, you can enter it manually when adding a card.",2016-12-14 04:05:41
gp:AOqpTOFfJqF0e7bod4nWRPREH9b3GuE5v9qBKnnJ9-mGPAUuWrW6mYEpXZSzQZcUV16hmFp5K-Z0CrQRou8Mhg,Dave East,https://play-lh.googleusercontent.com/-oEO11CYCAag/AAAAAAAAAAI/AAAAAAAAAAA/AMZuuclx6SOcpkuMpDFin3uEFcKvzplrcA/photo.jpg,"WORKS FLAWLESSY, SIMPLICITY AT ITS FINEST",5,6,,2016-11-17 07:13:28,,
gp:AOqpTOGlzb8faZ2enF2EPhH3Ov3yennPcA4xcnIN0vRMbwD_URIfkAM8bW0R5YqlfFzZGYJyIlCyeIGY7PN2ZA,Terrence Ricks,https://play-lh.googleusercontent.com/a-/AOh14GjKa5tOaQBD49PKiFXc1UH0mgQMwnWv9Wk68Z0f,DOES ANY HAVE A CARD THAT WORKED?   IF SO PLEASE TELL ME WHICH BANKS WORK,3,10,1.11,2016-11-13 14:36:27,,
gp:AOqpTOFp-kwlLwqE_tuPFpQY2tpbcv08RWujjqRs_UPB39cTh1lknUQwj5cG4zNIQ9boqXcw89BGRHoE7PBjxA,A Google user,https://play-lh.googleusercontent.com/EGemoI2NTXmTsBVtJqk8jxF9rh8ApRWfsIMQSt2uE4OcpQqbFu7f7NbTK05lx80nuSijCz7sc3a277R67g,Not working with s5 need update,1,6,1.10,2016-11-05 08:23:17,Hi. Please contact me with more info on your issue.,2016-11-05 08:26:50
gp:AOqpTOFpCBG7DX5oD9OTSp5Xm-Tg9lV2alWrH52FI67SM-FAmfKTYfhqrhRVZgKTDc29SShsagC9Zc14DtbDMA,A Google user,https://play-lh.googleusercontent.com/EGemoI2NTXmTsBVtJqk8jxF9rh8ApRWfsIMQSt2uE4OcpQqbFu7f7NbTK05lx80nuSijCz7sc3a277R67g,Every time I use it the terminal says card not supported,1,14,1.10,2016-10-27 11:09:25,,
gp:AOqpTOEdmF5Ky1RzIrjk3A5DalBjO3aemPOgdC7RRnQYjZXoW8x5Pv0TOqThoULjWuSWUCZ_fPLoMKXgdRnu-A,George Garcia,https://play-lh.googleusercontent.com/-eZv4hMeV6F0/AAAAAAAAAAI/AAAAAAAAAAA/AMZuucklLvUNrFk-OXD-NSR1HngH79BIoQ/photo.jpg,Makes shopping easy,5,7,1.10,2016-10-27 00:14:18,,
gp:AOqpTOHZOInOXjl35TGwT-iYy3lVMFiYROwNKvvdJ7AKPOdN74JL848U24ugZT-5ux1nC9ZjlQBuIwYT7xUzJg,Jason Adams,https://play-lh.googleusercontent.com/-o8rJhz2R-60/AAAAAAAAAAI/AAAAAAAAAAA/AMZuuckyCNKHjkcW5Wyu0fgtB8aa0GspuA/photo.jpg,This app do not work at alllllllll I load my 5 different cards on it credit and debit cards. I look stupid keep waving and touching my phone on the key pads at checkout and nothing happens.  My sister have Samsung pay and her work on the 1st try.,1,7,,2016-10-22 11:28:48,"Hello. Unlike Samsung Pay (which can emulate the card's mag stripe), this app only works when the POS can read contactless cards.",2016-10-22 18:22:32
gp:AOqpTOHk7ADSs-wblFnNqeBVKSxi3kBOeI0juIIayupHGHhhMlOALv8NTPRZQAmH7PP5VGu5UIpt2-VWFwvYIQ,MARIO EL-KHOURY,https://play-lh.googleusercontent.com/-VeJbQg07NPk/AAAAAAAAAAI/AAAAAAAAAAA/AMZuucnScesAdN6sXJH-aCTN9MfNjoZcmA/photo.jpg,I have 4 cards and every time give me error message: ERROR CANT READ THE CARD? Please how to make it?,2,6,1.9,2016-10-22 03:53:41,"Please contact me for more details.
roaddogssoftware@gmail.com",2016-10-22 12:02:20
gp:AOqpTOEOodvNeKnKge9vatBis5JgEMG7BIG312viU1_byUUJLhaAX9aXSx5sXkT4psB8GFibLBPU5cNxTg0diw,Tor Slettnes,https://play-lh.googleusercontent.com/a-/AOh14GjoUIZIaNNYeUu6SUancaTz2JqhiBLPAdgWHt8ivQ,"Hit and miss.  I have a rooted phone, so cannot use Android Pay.  So I got this app, and stored several of my cards on it.  When it works, it is great! For instance at Jamba Juice, I simply touched the reader that was it - nothing more to it.     In other instances, worse things happen.  At Trader Joe's, their POS froze hard when I touched my phone on their reader -- they had to close that register!  (My purchase was transferred to another register, where I used that same card in its physical manifestation).    At Starbucks, my purchase was declined -- and although it went through with that same physical card, I got a fraud alert from my bank (had to confirm that I did the purchase).",3,18,1.7,2016-08-03 00:36:50,,
gp:AOqpTOGl06gWMjz-jvaj4ppGiQryEPZTDL_QWI2OgT6uAzpFv4VleCCzPdqLqtlfwUh1fCgv8QP4O5mgtJ060Q,Ming Zhen Wu,https://play-lh.googleusercontent.com/a-/AOh14GjiulxLDQIcHZHgIGqM5_lelQJAgFUguXAogWzv,It always told me that invalid data.,1,12,1.7,2016-08-02 11:54:24,,
gp:AOqpTOE7pHwBwIAji6l3wkzl5Q8spkaGI003nKVhMcWoFW1W_efoNUsU2K5o0puys1y5X2kE5xgmtI00yDCHvg,Mr Gekko,https://play-lh.googleusercontent.com/-JbBWHUupDLc/AAAAAAAAAAI/AAAAAAAAAAA/AMZuucnEFVF64g153IZNxodp6LTQhPkdfA/photo.jpg,Doesn't work like it used to the cards doesn't work anymore either the bank blocks this or the app doesn't have the futures it needs to make it work,5,16,1.7,2016-08-01 01:46:42,Hello. No changes were made to the payment service in the last update.,2016-08-01 16:11:11
gp:AOqpTOHIqGvvKX3E4qTpJcU03lhprtYhr9Ut-eitnrXBaTgl2LyX4qPgkrtNtJ36jAu_hKvrVfRy3qaA7RJL4Q,A Google user,https://play-lh.googleusercontent.com/EGemoI2NTXmTsBVtJqk8jxF9rh8ApRWfsIMQSt2uE4OcpQqbFu7f7NbTK05lx80nuSijCz7sc3a277R67g,its freezes when u switch cards and plus it doesnt work with ever card,4,8,1.6,2016-07-24 13:01:22,"Thanks for the feedback, I'll look into it.",2016-07-24 13:03:12
gp:AOqpTOE-vQ-zjtT38CkesYOWfMSEliiHFcTEkcD9KEkCwsUOeEaxQ5efWQoo_OQ0g4CsTX_rPHw6Uk0WVSJFQg,Imed Eddine Djabi,https://play-lh.googleusercontent.com/a-/AOh14Ggdj-br1yOvjxGYHdirJFE24DxRTu1kbiwozBdU,Does it work with canadian chip card?,4,6,1.4,2016-06-11 15:49:34,"Hello. Yes, we have many canadian users, but you'll have to test it with your card to see if it works.",2016-06-12 04:28:41
gp:AOqpTOFejmF2ZaajSYF8OaSM9mN4MRb7cJ-k6JorrIyqPt_SQpuWwM2AkfwAmonL58KkmIm1mCKoclD9rrIFdg,Thomio Krákamura,https://play-lh.googleusercontent.com/-N6lbGlG9ZwE/AAAAAAAAAAI/AAAAAAAAAAA/AMZuucl17CKr9rEh_G36ygnOCIz6WCBZCQ/photo.jpg,I don't know how add card,1,9,,2016-06-04 09:24:06,You need a mag stripe reader to read the track2 data of your card. Send me an email for a more detailed explanation.,2016-06-04 12:29:36
gp:AOqpTOEK--o_36L8J7uRi5EfF8IKVB-EWlIODR-3xAH1HtS-9jD7m4eDGCWqPMfNVY4KxfoptnpRBr6q9PUWaw,User872647,https://play-lh.googleusercontent.com/-4n7t4Al0rBY/AAAAAAAAAAI/AAAAAAAAAAA/AMZuuclf6sh33InKoQcrG72XbapanaDecg/photo.jpg,Best nfc payment app! Works with all card brands,5,10,1.3,2016-04-20 14:50:16,,
gp:AOqpTOFuq1AJZ7JplHGn_lxWfBxRwEuDwkAu_joS35ryGI8wW98Suf8WHT796JxBsoSCZhafCZeTP4QCDAl1yA,Kiizer Sozay,https://play-lh.googleusercontent.com/a-/AOh14GgcyL8ieKHqxXsipxwV7ROtpewQIO2V5rVotwwM,BETTER THAN THE REST!,5,13,1.2,2016-04-06 23:27:32,,
