reviewId,userName,userImage,content,score,thumbsUpCount,reviewCreatedVersion,at,replyContent,repliedAt
gp:AOqpTOHTbB7ctTdBe2D5pEQwMdV9qY2gSmfc2Q8ikqtINoprvB__n4QY7tVV-842SG3p7T-e-8UkkyLCDaKyHhI,ParaSense,https://play-lh.googleusercontent.com/a-/AOh14GhV4Ce_eDi_UGNvI_EKNgFQDek71NxXDyxI_Wy9NQ,Other developers should follow suite This game is a winner in all catagories! Great story and the way it is delivered is a experiance to remember with smooth game play and top graffix. Astray is a super star of a game...So give it a play!!!,5,1,1.3.6,2021-02-04 09:00:47,,
gp:AOqpTOFGIU7AinjTkDjc7t5R4T_qPwhMdD5znejBv05Q54qIWYDRVqH-PY-UJdai0nDX4PbPhYJKLq5o5NvgkeE,Andrew Atencio,https://play-lh.googleusercontent.com/a-/AOh14GjVshVg8hmD04tq3t12CTeljLkLSl7aUTyqmVYFqQ,"Awesome game. Interesting story. I did have a problem with the game not recognizing that I had a controller connected though. So I hope that issue gets fixed soon because I was really wanting to play this with a controller. I know it was an issue with this game too because I was able to use my controller with other games but as soon as I tried it with this game several seconds later just didn't work at all, even though it still showed that my controller was still connected to my phone.",3,1,,2021-01-21 00:52:02,,
gp:AOqpTOGVPAUZP48Ns62oaRZXL7REQCvpZ6aWiwsiTYZLHT_AKjiq0zGAuAW1znx_wxLp9sRu6TRc4gzB10i4iWM,Brian Nieves,https://play-lh.googleusercontent.com/a-/AOh14GhILMyFsBWRVF1u1cIsD9_anQ_KxWTN5cXvpJN8Gw,"So yeah I've been playing the game for a while and I ran to a bunch of problems, one of the most notable ones is the controller feature. For instance I connected the controller and it doesn't work because the game doesn't recognize the controller is connected. And when the game actuay recognizes the controller it does not work on the game, it doesn't want to move or do anything it sucks, but anyway hope you guys can fix it I really like this game. The graphics a really good and the story too.",3,10,1.3.6,2021-01-18 15:35:41,,
gp:AOqpTOGeXXmqhg7ZNw0x1jJDhZAMyYC6ff0Hslc3eD4mzU-r_aJktrpd0NRHeaJzaxdCSnzZ1iXsMJckUHltKJ8,Nano bean,https://play-lh.googleusercontent.com/a-/AOh14Ghw-XU3pSpms0MlnT3Gg1RJfE5Id0IOWOdc0tZu1w,"An absolute masterpiece, great story,gameplay, and JUST enough difficulty for me to be able to figure everything out,the artstyle is great and i can tell that you put loads of work into this game but its is incredibly laggy and i hope you could put in an option to turn down the graphics so that its not as bad",5,10,1.3.6,2021-01-13 12:50:12,,
gp:AOqpTOHvDgu4eG5J2lPk8UZEl5zk0tcs0G9VTxGYNyvY3GogIxtquajWWFw__9A9HKJdounU_MVIoOang8Hyggw,Aeolusio,https://play-lh.googleusercontent.com/a-/AOh14Gh58lw-OPA-OxKQ3Q5BR0BLOFaf-QmKmI6PFeCY,"The game is so good, worth the money you pay.",5,0,1.3.6,2020-12-30 04:38:54,,
gp:AOqpTOHqFITbXPtGkn8MUQt_zcK1Vr7uFB9C3JbEw0k_Z_29cgdo29DBLNQkUaidQ0dEhlTfHdpVQMEZbKrAUhk,perla barillas,https://play-lh.googleusercontent.com/-op2hNR9XRRQ/AAAAAAAAAAI/AAAAAAAAAAA/AMZuuckbSodV89c0s4oyLglNttwJGgKJOw/photo.jpg,the game wont even work,1,0,1.3.6,2020-12-29 23:12:19,,
gp:AOqpTOGHfWJ4OIZC692RIAAk8RkNDPyVN43rEdt_0ze_V4y2RXfFm-XIGihvWMuod8bk6nnY9YEmrLa12nwNPfk,Filiberto Castrodad,https://play-lh.googleusercontent.com/-vDkecGNGQC4/AAAAAAAAAAI/AAAAAAAAAAA/AMZuucmU5Ku3pRERTbqP-aNjGcoq6jtv1g/photo.jpg,Give up on lack of updates for the first boss not behaving like It should. Impossible to pass. Waste of money.,2,4,,2020-12-18 08:49:06,,
gp:AOqpTOFqolppY28RoJH00dueTngQhYOSvnb1ZI_0fi9lPJ4G4f_-mEtGpnDW_yQfPo6XVs25jSKei5tZF3lCavU,Ross Olejniczak,https://play-lh.googleusercontent.com/a-/AOh14GiREKS7zGL-9VwfLrb9MVlfjS8Zaybh8Uuq8WRmNw,Just plain beautiful pixel art and excellent game play,5,1,1.3.6,2020-12-16 13:54:15,,
gp:AOqpTOHOFP8UuFisVUTCBi7MaLqVTtUrKoVT1UPCSt3jRnWZ9NcJzgihVrkB55t-krZNCDKaFfj2un1TYg_Y3Mk,CLANNAD345,https://play-lh.googleusercontent.com/a-/AOh14Gj2lknkftFIV6to_WXvcO6cr5slZW1T_1giKL8E8g,It was super fun and I had an amazing time playing it thank you for this blessing👍🏿👍🏿👍🏿,5,0,1.3.6,2020-12-16 01:22:49,,
gp:AOqpTOF93q-Jqm0MBwfcGO4xLn-rMtvFlWMoYHJ3IbCfK2BAdR7kMLAlZIT_N_-6y7zTndqKPa151gtlSyjJPj4,Renard Good,https://play-lh.googleusercontent.com/-0ciIbtvrkFE/AAAAAAAAAAI/AAAAAAAAAAA/AMZuuckNpcj47uXvsrWjZDoCxvi5BFo5xg/photo.jpg,I wish there are more options on how controls are layed out.,4,2,,2020-12-09 03:07:42,,
gp:AOqpTOGWwlsir8WxPKnR9fH04Ib_89zSsZJGPr1iJ03kgcB9oZ8n-BSkYZO2pLCOmdWC9Gg7ejPgqNGb4zONwyQ,Grimmy Hunter,https://play-lh.googleusercontent.com/a-/AOh14GjRpe0AQkjPCTCVhgI-3aIx9trklpDx2lvP4qLa9A,Ive been really wanting to get this game and just got it today. Sadly i was expecting there to be a on screen game pad for those who dont have a controller and there isnt and you cant get past the start of the first chapter when you just wake up.,1,6,1.3.6,2020-12-08 22:24:01,,
gp:AOqpTOHx6RpFGl1orBtqV2BH29cfQRyGtnXrbPfp7iBhEe_dAjiltxdfcmdRQmxUPGIKPisFFLIEOFhmx6KE3WI,Neal Warren,https://play-lh.googleusercontent.com/-l-XtEdcXva4/AAAAAAAAAAI/AAAAAAAAAAA/AMZuucn8C1fPTpcYxyCiWIoW2rhyy6KO-A/photo.jpg,It keeps crashing every time i open the app,1,1,1.3.6,2020-12-07 19:17:47,,
gp:AOqpTOEkQDaMO5XJt4aHPPTm1D5sZRJr7uIZXkUpk_FJuPeTHp5AoXvSBLHSU4BvVi8bjUgmSkXf6jNZSqZAbMk,ex alpha,https://play-lh.googleusercontent.com/a-/AOh14Gh7x16uyVLgW5jgCz69YMSwEqRSdKL5idBRxoIzsQ,Cool action-puzzle game with awesome graphics. Touch control is great. ⁉️ But why the ambient music is mono? sound bad with headphones! You should add a low fps mode. and optimize battery usage. Thx,5,6,1.3.6,2020-12-02 01:23:39,,
gp:AOqpTOGw9Ra6SnB03FxhQlHUN8wU_HqJkJdR49NlwOBsbqfGDlICyX2DOqvpdn0mT4mNPGsRVVwxGEyAfpFixbs,Monzy,https://play-lh.googleusercontent.com/a-/AOh14Gj4OXv1y2Omz1VayJSfkmHM10b5dINvrR2CX6zu,"Great game, definitely worth the money to buy this game but there's a few bug that needed to be fix. First,please fix the bug where the Pause button suddenly dissapear in the middle of the game.The only way to exit out of the game when that bug happens is using the home button,sadly. Second,please fix where we can't see Mo's health bar during boss fights. And third,please optimize the game to use less battery power",5,35,1.3.6,2020-11-28 23:03:31,,
gp:AOqpTOHRdyE-yKVbEekQ6cdZ2-zLwXCYSf5nGWexlgEu8tOryyzlIYHpqByJpBP5bVUwGC3pXkmFhrHfyZXUCXw,SSIC ok,https://play-lh.googleusercontent.com/-NMv1b35ua9U/AAAAAAAAAAI/AAAAAAAAAAA/AMZuucmXEuFNpANNIn17EGSkxaTlzkG8-Q/photo.jpg,"Get you act together Google Play Store ,and come out with more pc games!!!Also come out with games like the Apple Store has Hyper Light Drifter!Why is this so hard, and why do you keep the real gamers waiting for games like Diablo Immortal!! I expect more from you guys",5,1,1.3.4,2020-11-28 11:51:12,,
gp:AOqpTOH0loLAkfR5Yl0JAViDZsE5AXzv5IPa1V_twHD8F5i0Bppa4FeF1mpPMOAAEaPr-HyeGJcqO9r4WfJZOtc,Vince A,https://play-lh.googleusercontent.com/-XFqriIcbBxw/AAAAAAAAAAI/AAAAAAAAAAA/AMZuuckAMcMeAhKlynyWzHjs1FKVBxShZQ/photo.jpg,"This.is an immaculate piece of artwork and a.wonderfully immersive game. My only gripe is controller support. Im on a lg v60 thinQ with the dualscreen and it doesnt connect to the preset controllers. HOWEVER, it is still managable with the customizable control, but feels a little off. Please work on controller support. Other than that, this is honestly one of the main reasons(as well as other rayark games) i havent given up on mobile gaming.",4,47,1.3.4,2020-11-25 21:44:42,,
gp:AOqpTOE41L8YbiyTtQp30z-CZHYOWo8nb0xYw3Ln25aSGlOPJj7Sot-aVqmrAboS4bQ-xCgn4RKbIZIxy4l3vS4,Normal Person,https://play-lh.googleusercontent.com/a-/AOh14GhacvQlUXqf6XTdoQPrQ9SnrtXuCkoUshhKWPx9,The game is nice and I hope there will be part 2. The controller is nice but during the mech boss fight the controller is uncomfortable cuz it's hard to shoot up and down,5,1,,2020-11-25 20:48:45,,
gp:AOqpTOHV7pIwUfgi68YhrW8ljiPAyojtWZGt4u1qypfcYoTkA5gKQVeROplJa4wmwUC508SdhAqe4dwBaBzYZZ0,Hugowafu -Aaron Paul Hugo-,https://play-lh.googleusercontent.com/a-/AOh14GiAwYsQBG1uaV9wPx_5dkEws5I9Yu5Hyb-WiuzJPQ,BS it doesn't support PS4 CONTROLLER REFUNDED,1,2,1.3.4,2020-11-25 05:52:36,"Hello! If you have encountered any abnormal issue, please contact us via service@rayark.com and we will help you to check it!",2020-12-06 02:49:50
gp:AOqpTOE3_5LBDfjiwRoLv42pl3voRel8sFgbpb53f1WJSc0SkEMbUM4ZhR3IoU-394pEI4iAmWAx1Mqf8QyxJ58,Jonathan Davis,https://play-lh.googleusercontent.com/a-/AOh14GgnQQzv-_DvAQImiApv-gkZ-JKDQfn4hRgHuIoOAg,The game is fun and engaging but I'm having trouble connecting using PS4 controller with the game. The device is connected via bluetooth to my Pixel 4a but the game doesn't see it or accept commands from it.,3,3,1.3.4,2020-11-22 22:35:56,,
gp:AOqpTOE2J2f8GffenhZ99FfeXJFAXa3buejbJKMesS0-dDzYleXelBdOAml0WsXJ4dwUgpgaY5vIzv6ogKwTjZk,Rasheed Tatham,https://play-lh.googleusercontent.com/-5U9Vvd2tVZs/AAAAAAAAAAI/AAAAAAAAAAA/AMZuucnPT-VbTousfsBuaLg5RvDLKYr3Zg/photo.jpg,Its a fun game. But I amd having trouble connecting it with my controller. Plz help.,4,3,1.3.4,2020-11-21 12:26:00,"If there is any abnormal issue, please contact us via service@rayark.com!",2020-11-22 02:47:01
gp:AOqpTOFaTFjbwUSZxbQoHXxxx8P6R3xDE8cJPiuTog8xSX1cmP5zZ_HzPOpK836R5UTaS4gafBa_xg7TuxbUcOw,Sandeep Harisankar,https://play-lh.googleusercontent.com/a-/AOh14Gjx3p9SlylEayIu0ApowY8e3AXpu6LRNzOqvZd4Xg,"Great experience with the game, the graphics are well polished and the narrative is pretty interesting. Only complaint is the music/sound effects. It feels like listening to mono rather than sterio sound effect while playing with headphones.",5,3,1.3.4,2020-11-19 09:59:59,,
gp:AOqpTOGQahNfcXiqQ7x93spkdy4Q6hQJoA1u65EAY-Wu4fvpafkEKoLYbg5WftewBQeplGhvNEWTbmkGXDmnsJY,Primal Convoy,https://play-lh.googleusercontent.com/a-/AOh14Gh2Kpv8YqQfxUieqynf6T0lim4CRGQ9Jn-tYYrNlw,"Currently, hardware controller support is NOT supported for the several pop-up menus at the start (Google Play/Games login, etc) and the main menu. The main menu also doesn't respond to the device's software ""back"" button (so you have to use the game's version of this instead). Refunded/uninstalled and 1 star until fixed.",1,2,,2020-11-15 12:24:54,"If there is any abnormal issue, we welcome you to contact us via service@rayark.com. We will help you with it!",2020-11-16 05:41:35
gp:AOqpTOGftu1_OJDK8I9Ikpym-CKEAF6sIC7xyv8KdvIAOSzI0nmUY-GOyN7mNMI98reSJQjwvHCbIbvdrCy8c84,Ranz Fiendi,https://play-lh.googleusercontent.com/a-/AOh14Gg3KPrGmh3V9307vtGuhfniAkkBcOOoQOXT2rmuCw,"Graphic and the music is good, please improve the controller. Yes, I know this game has just been released, I'm waiting for future updates, hopefully there is a controller mapping.(I already got the answer from Gmail, so I'm waiting for the next update and will change my review).",5,17,1.3.4,2020-11-15 02:16:13,"Hello! If you have encountered any issue in the game, we welcome you to contact us via service@rayark.com and we will help you with it!",2020-11-15 02:14:41
gp:AOqpTOHeHELaxrUfBNR06-NFHgBsL6AiCqezrBYqSfdSScIMy5-qsTJAthCj9eHXtVmb-byprB56iG7UMr_w43Q,John Moustakopoulos,https://play-lh.googleusercontent.com/a-/AOh14GgQNAuzDReoyD9_UI5kRNnBcyMINtP-ZJAevjCU9pM,Beautiful. Please add support for more gamepads.,5,8,1.3.4,2020-11-15 01:07:55,Hello! MO:Astray will continue to optimize for more devices and we hope you can stay tuned to it!,2020-11-15 02:17:14
gp:AOqpTOEVEXKT2oDWPL01vYMoVf1v_CS0ziJRv3Cs5V6UDWf8eKBUTuhb_SYvbVD8d7PhKGkV0hzKnk9MkhJ50Tw,Robert Fischer,https://play-lh.googleusercontent.com/a-/AOh14Gh-EGNbpqJYz-R3zSqMWwvsrvo1XvFLUfxLeRAp,"You recommend using a controller. However, I've used a PS4 controller, an Xbox controller, a MOGA controller using both inputs, none of them work. Xbox worked best, but I can't use the right stick at all. Tested on another game, nothing wrong with any controller. I'm disappointed.",2,12,1.3.4,2020-11-13 19:51:13,"Hello! If you have encountered any issue in the game, we welcome you to contact us via service@rayark.com and we will help you with it!",2020-11-15 02:11:52
gp:AOqpTOG7LVwpyzeHB214S6CxjukEQ0vjVaHIrmu1jHGfi_6zYQ2_Yr6j3elMlxKYyiBhYK-K_IqxB1ZUIYULXbc,Ryan Wilson,https://play-lh.googleusercontent.com/a-/AOh14Gg-MYSXqkCD8GsDCiqG7WT7v12SUxxdYdVZiuTwRQ4,No razer kishi support. Refunded.,1,5,,2020-11-13 14:04:44,Hello! MO:Astray will continue to optimize for more devices and we hope you can stay tuned to it!,2020-11-15 02:10:57
gp:AOqpTOEKo_L1AGb9ygZxF_Xb4FwZgm6bRJBWVvjYaqQgd1nFIsKL5Ey3FvfjLD7fySBBTuht09jK4pU9vqeADAI,Black Jeezus,https://play-lh.googleusercontent.com/a-/AOh14Gjo60eE_bpRdeUbj9swlYjpNOtC2E8Nf4VncmmjPA,"Just started a few hours ago and so far this game is outstanding, from the graphics to the sound and the gameplay it's excellent. The only issue I found so far is that there's no way to exit the game without using your home button on your phone (at least not that I know of). Nevertheless I'll still give it 5 stars for now.",5,28,1.3.2,2020-11-12 11:29:59,"Hello! If you have encountered any issue in the game, we welcome you to contact us via service@rayark.com and we will help you with it!",2020-11-15 02:14:21
