reviewId,userName,userImage,content,score,thumbsUpCount,reviewCreatedVersion,at,replyContent,repliedAt
gp:AOqpTOGSzMdDc0sXgcuPuhsStfyxFSsjtSG056O3B_57ZHfOhlofx2h17ErBJ2EijzMAi-pKc4g19sBtq04Byg,Larry Domsher,https://play-lh.googleusercontent.com/a-/AOh14GhL-LfNwGoDwoDo5Q6tlfhs4G-R2JekDsNZMTwZqg,No Commercials...,5,0,1.0,2021-01-15 21:47:47,,
gp:AOqpTOEVNNuAKlIIQj6Z04yTkpQn5-58ZIqa9q5aOpXmEzqM5YiM5MK1xMgxtTIcCh0zOeVYnP4YhYWPcJ8R-w,Mr Ed Ford,https://play-lh.googleusercontent.com/a-/AOh14GiBQ7vXaYWnmYJu2tBvd0Fg50PKpCH2BtP25n6F8w,It's to easy,2,0,1.0,2021-01-09 02:02:58,,
gp:AOqpTOGl57JpvU0bxkCx2llR7lOnLkGPWNjLYPtKQ_rLEAu_TlnQU0THnTVvaRhjUPgee8Or_H6PV6KWAus-rg,Joseph-Émile Michel Brazeau,https://play-lh.googleusercontent.com/a-/AOh14GgdjOG-9QmASkrP_i08k6lMQ0msYH-1DGuYA97R,Good graphics.,4,0,1.0,2021-01-07 19:31:07,,
gp:AOqpTOH98HisNosbbqGBusNdOoyS2xYuekQXeFolZyuPWr1hQoxsoGVhwmPuPNAxQnVo5VlaEzwmoalbPOs6Vg,Chris Hansen,https://play-lh.googleusercontent.com/a-/AOh14GiibMsfLPfNtkWhPW2Is0M0Op10w2dbpWD_JWoxLQ,"Really nice hearts app. I like the ability to play with different rules (with or without the jack of diamonds bonus, for example.) Also, the AI doesn't cheat, though it might be nice if there were some more difficult settings. Still, a very nice hearts app, and it's so nice not to have any ads.",5,2,1.0,2021-01-05 12:48:01,,
gp:AOqpTOEG9iqlZDvAHUKDln9_9qRHkG_wgYCSPsOHnHYpKEh1v2dyGEOMGGPHnA0vb7ih3zQGT912NjF7XxDi0g,k driyer,https://play-lh.googleusercontent.com/-8OvkGtaAP9c/AAAAAAAAAAI/AAAAAAAAAAA/AMZuucnYS2Hq5CYCT5BrPvkq4tFYB1WGbw/photo.jpg,Fun for all and no ads,5,0,1.0,2020-12-06 10:47:21,,
gp:AOqpTOE5gDHCRKsOHXaCEwvs2b4gJHD01q_8n8UP-2Cbw3Q3BZFzcgQgv9JQRuzviXiKTR20bbyQRLkELRPMAQ,Judy O,https://play-lh.googleusercontent.com/a-/AOh14Gi4fq9RnY2Mm1ONtHsIrqs5dww3pfyHAb2FmZh0,My day is not complete if I don't play a game every morning before I start my day.,5,0,1.0,2020-10-21 10:17:38,,
gp:AOqpTOHNpbkphkTEnkF84przpTXIKAvy7NhELzDFEV8Kgq1FF1QlA453tMtZQkqWlNW7x0ZC6METYNy0QWlTow,Paul Reeve,https://play-lh.googleusercontent.com/-SpALW4LJef0/AAAAAAAAAAI/AAAAAAAAAAA/AMZuuclvf8Sdci__Ehh_TWR3CkTUQbFqgw/photo.jpg,"This set of three modes for hearts is so easy, even on the so-called difficult settings that it is apparent that the software writers only knew the rules, but are at primary school level for strategy. If you want a challenge for any of these 3 versions, choose a different app. I use this one strictly to relax and laugh about comic level of players (the app) that slough stoppers. It is like playing against inebriated kids in early adult development, or against compulsive clueless gamblers. 😴",3,2,1.0,2020-08-03 17:21:53,,
gp:AOqpTOHLF4Hp0HmVcsfaVR13inuwEl9X3S3lVQPklN-E6Wx2B6HF7P6RpjpTLNNyaDH4ckDSNfwiRMka3b6ehg,A Google user,https://play-lh.googleusercontent.com/EGemoI2NTXmTsBVtJqk8jxF9rh8ApRWfsIMQSt2uE4OcpQqbFu7f7NbTK05lx80nuSijCz7sc3a277R67g,Still playing and still having fun 😀,5,0,1.0,2020-07-21 18:21:57,,
gp:AOqpTOHLIwT2b79j6W6eGUcygCelxf4Kq0soF7WfQO9t_vMgSCF2nDml-qAF16SgNzpcW71l4ZXjTX40wUluEg,Hans Schaedel,https://play-lh.googleusercontent.com/-SoUcqOoDRfI/AAAAAAAAAAI/AAAAAAAAAAA/AMZuucnubGW6f7spGJ1CkmdVfLUpTt4_nA/photo.jpg,"Played this version of Jrarts on Windows Phone for years. Sadly, no more Windows phone (for now). Now playing Hearts on Android. Prefer the Winsows phone version.",5,2,1.0,2020-07-18 15:59:48,,
gp:AOqpTOF5oWihZNXOGfRiRjc3TrcsXDHXzvstP2pYI6PGF_fIoZAeRzPs9afXo-ttdDbIcBzaJ0aJQtZ9TrRzDA,John Fisher,https://play-lh.googleusercontent.com/a-/AOh14Gi8gAgz5Mg71vi5Cu8YS3XHoEqPGqLfGmBONYOD,Great graphics great game,5,0,1.0,2020-07-11 07:50:24,,
gp:AOqpTOHqcor2vDIgAueYj1xZjukbxn7wmwFeBnWJAL05lfpM8Kz44vU5ewk_wIAU_1Im_9PksK1vzGzaliY1Cw,Chris Brockett,https://play-lh.googleusercontent.com/-Y65Ad8ZPYs8/AAAAAAAAAAI/AAAAAAAAAAA/AMZuucljoWC_B2Atuob5Ea_ObHvTORz7uQ/photo.jpg,The only thing I don't like is auto rotate is on during the game even when I have it shut off on the phone,4,0,1.0,2020-06-22 12:38:04,,
gp:AOqpTOG1x4TXj6Kb8U8XRgxJgf7LIgbmUNJj5LqgqekZhOy_4A3kZkUKraDW19ktvNO5rEm9Nbqu20Xsevb3Iw,Harvey Implom,https://play-lh.googleusercontent.com/a-/AOh14GiIoNmUZk0642FoQj9Hg0DDzVnVKeVYLz8nYsiSAA,"have been playing your game a long time, its the best",5,0,1.0,2020-06-18 19:44:07,,
gp:AOqpTOEn4mzrVPwZl-lrAa741yamB8SfXOcZakFAX0_E7rbLcRUs_tCZTmXirSZj4kiygd1RrNqnlU8ymvz6VQ,Marcia LoGiudice,https://play-lh.googleusercontent.com/a-/AOh14Gg47QmQetqg9cFVbNNOmagDEYdyJ1AQs2rv8BHm,Total fun!,5,0,1.0,2020-06-02 20:41:30,,
gp:AOqpTOF8WqtNd3YGw1R1uuCTJOdu-LOu7cmxsaI30VC4jKwj6SLDgDMVqCPxfXPH858ZQlyE06GB6_P9KTShSw,Joe Gonzales,https://play-lh.googleusercontent.com/-WJJYsQqfmEU/AAAAAAAAAAI/AAAAAAAAAAA/AMZuuckh1rjYQSTgVIk27LKJBE8vuIhSHQ/photo.jpg,"This is the best game of hearts I've found online only problem is, does not work well with chromebook. Get it only some of the time.",5,1,1.0,2020-05-06 07:37:08,,
gp:AOqpTOF3QmZcjEi7hzR6WXKDQqI9EDcBldMFOS4XLWOQQcMSgz50GVJghTneUFQ7qyGwDT2Kj3oK8RItJhlx-Q,Leslie Gray,https://play-lh.googleusercontent.com/-ef96FpENU2w/AAAAAAAAAAI/AAAAAAAAAAA/AMZuucl8vmX0yIbRdvQk10hBJGRQPduV0w/photo.jpg,Good.,5,0,1.0,2020-05-02 04:18:45,,
gp:AOqpTOGN7hApFAAQxjpU6Ge1aRAi3CxPiIOjBTCqYT39eDgz8bAxa_B7VsRw_4KUc-DAaqaYsvcuq9RIV2mwhg,Renee Cassidy,https://play-lh.googleusercontent.com/-6_UcbpGZyeg/AAAAAAAAAAI/AAAAAAAAAAA/AMZuucmyh9F7MPpqq_EhkoJPRK4T9zuZRg/photo.jpg,"Have played Hearts for many years znd many apps, this game is THE most honest and genuine version ever.",5,0,1.0,2020-04-26 15:21:00,,
gp:AOqpTOEgOC9JRoUFomFUp6M5enpR4MWVHLY2yRAb10skBZKhfht37f3yKP6EJKOegapK-n7sYkTWh-Sl3EOYbw,Valerii Danilov,https://play-lh.googleusercontent.com/-AfX2GG8BWi4/AAAAAAAAAAI/AAAAAAAAFII/AMZuuclgW6FCsGuq6SCGRaN95we9lc07HA/photo.jpg,Just wonderful.,5,0,1.0,2020-02-12 15:52:24,,
gp:AOqpTOGAO8FvEElYVx4RKZQTaugAHSTCbe7lW27PJulQPOqQrH1OnycwlnyVUVEHYkaxNT6cIfmykBQ2zZId2w,Keith Eaton,https://play-lh.googleusercontent.com/-3EORQq0Jdxk/AAAAAAAAAAI/AAAAAAAAAAA/AMZuuck5ZT8C8FfjAfTLK60plhvBtLeRig/photo.jpg,Great App,5,0,1.0,2020-02-09 08:55:23,,
gp:AOqpTOGBIvlInICs6kSk7_gUu6tJcU1euU7S3-bEYkJ5TUTF3ldvVxxdNVrCt1bHFlDWM0NmuKj59itFlONFPg,Brian Grant,https://play-lh.googleusercontent.com/-wf_oHgIoSWg/AAAAAAAAAAI/AAAAAAAAAAA/AMZuucnMaUWETXowya-Qxnt732vHrsi2sA/photo.jpg,As good as it always was and works well with a Samsung Galaxy S10,5,0,1.0,2020-01-13 20:01:01,,
gp:AOqpTOEcfUb0V0P22gDybi2Ri_RjffJZeBR0Qt3ALRXVqTb0lH3Mo3RVAPsILJs4Hcp6IblJ_Hcl9IPvttanrA,Jim R,https://play-lh.googleusercontent.com/a-/AOh14GhYTs4Q41-wTNc6Vg7-LT8qniALmZNjSKZZRLeTSw,Taking 1 star for being overly needy.,4,0,1.0,2019-12-12 17:26:54,,
gp:AOqpTOGiloTRm_9yY8u7zHikwrMDcUDHToIKkyvH9ZxZesQr52Y5oixxcoPvHnltq871u8bJ3tKOnwPMGeleFQ,Michael Fair,https://play-lh.googleusercontent.com/-Zo7cj7MFsN0/AAAAAAAAAAI/AAAAAAAAAAA/AMZuucmYsJEiWaXe1oe9ravCBZD13Tys8A/photo.jpg,Great game,5,0,1.0,2019-12-05 04:18:25,,
gp:AOqpTOFn8INd4qbCynN6kCTRGYXE9AWcXv-2AdDTQ0V--BxZ7GV_5G7j54IzUmupxUU2XHZS4wvuRWmBC3LXAA,Steven Cook,https://play-lh.googleusercontent.com/-fca8U6B4aNA/AAAAAAAAAAI/AAAAAAAAAAA/AMZuucl1VmDG3IogmexGHGYYWCRgkdgfnw/photo.jpg,"Fun, fun!",5,0,1.0,2019-11-30 18:31:01,,
gp:AOqpTOHR6r4nPm-uR1RkIFkZ9LtTJGdZnOc7XWfaJpOJ-uYLt_6zrm2Wl35eeoI26NTYekqZOCfEUG5RGJoCPg,jon rushton,https://play-lh.googleusercontent.com/-QX9fQ8k8EkQ/AAAAAAAAAAI/AAAAAAAAAAA/AMZuucklUbXz-Fq3g4PgMeR4-m8jczBH0g/photo.jpg,Great game,3,0,1.0,2019-11-14 14:14:41,,
gp:AOqpTOFByiOdIGzku6o_TdzCb0-ROxLNZlP6H7Wlo6Ircc55cIeR0Ed-BbgdAj9eXXgJxVK4jopNRVkaG2nlTg,Andrew Bauer,https://play-lh.googleusercontent.com/a-/AOh14Gg6C4HYgGIyJSjnnnFXhrxeZNkF4JyZ0OJevn96,"Loved the game on the desktop, and mostly love it here. my only gripe is that it constantly flips and there's no way to stop it!",4,1,1.0,2019-11-11 20:57:18,,
gp:AOqpTOHXAe7R8SPWFE_vZ37WvMoBzas0uxbN8oyUN3YPFx3AWRxYaqXZWJxf8xlMg27mp7yPTGwJ36A0yFpsRA,Jim Theis,https://play-lh.googleusercontent.com/-rXbjWiJfGkk/AAAAAAAAAAI/AAAAAAAAAAA/AMZuucn92CykLYznkOw66DyHKizHt2-5Rw/photo.jpg,Great game! Entertaining and works great.,5,0,1.0,2019-10-21 07:23:54,,
gp:AOqpTOGtu_SInRkFEaOb9eyOl2JUw5Z952P82g2pKdDsRMPlOn8G5wY2MR2jZcK2Aknwy4X0rKY0h-tXxKOp9w,Sharon Thompson,https://play-lh.googleusercontent.com/a-/AOh14Gj9BQhjXDiv2QqDVe1vhmi7Q8L6sFiVVFpG0jejhA,"I purchased the game, so I wouldn't have to deal with all the annoying pop up advertisements. Unfortunately they take your credit card information & the website won't allow you to install the game. It states it will download later.",1,1,,2019-09-14 05:20:36,,
gp:AOqpTOG2WRlLxM5mt2CWecasX_yw3qBf4bk03YW8LZ1L0Q8a46WDfKcbkAHNJhY7bRiUW21jweuvI5_yoIQSGQ,Linda West,https://play-lh.googleusercontent.com/-fkPsK0ZjLfw/AAAAAAAAAAI/AAAAAAAAAAA/AMZuuckxT5C8il_7tRsFtBiHsAAdIbQS0g/photo.jpg,Good,5,0,1.0,2019-09-08 10:33:39,,
gp:AOqpTOE-sGvEPK__suB_Sj-Av0i2Kb3S3UlCL5c0j4M8lqVnui5ZPIa5jLsqkHKLjFx66fm0BLOuxSROfRF5dA,Jacob Gehman,https://play-lh.googleusercontent.com/a-/AOh14GiPCOKvmwbN34fuQRZTQ2AxR6hQihLBUOiTMg4t,"On the one hand, this is the best Hearts app I've found. It's generally clean looking and operating. Does the trick of providing a good, ad-free experience. But as a paid app it has shortcomings. Only two difficulty settings, the hardest playing more like medium. Seasoned Hearts players will not be challenged. Also, there's no end game notice of victory or loss--just the normal score update with a ""new game"" instead of ""continue game"" button. In other words, it's really easy to skip past. YMMV.",3,5,1.0,2019-08-13 01:12:30,,
gp:AOqpTOHSkpG9FNivthX4zkseAWFzOxn_3DZ7nSKs9RYXH9kqNMdK3UIOLZcdP3EnB-8IuwnwWjJZbKe-pr1CyQ,Iulian Stan,https://play-lh.googleusercontent.com/a-/AOh14Gj9g3agWIYI3_jI8IYmpXpXQPWlaqrtHM-pqI8,A bit too slow compared to the Windows mobile version.,4,0,1.0,2019-08-12 11:10:51,,
gp:AOqpTOHgCaxwVz3knO3Nf5yqyZjG8PwCLs8exEZtqjVM8FgyrvRoAstzRmT_gVWZ3suD3rvkWHHzNN2smbxvVg,Ravi Shankar,https://play-lh.googleusercontent.com/a-/AOh14GjOgKpCAX7K7c6UiJkk-2V35dzLedZx7YWZAGaH4A,excellent game,5,0,1.0,2019-08-08 07:06:17,,
gp:AOqpTOG6N4_V9myVdosKKxNM_3TRjTOQjOSqYv-NYi49m8QvY_YmMdaPJK9tMvdM2eRCWWaiMXuOVV0glBQqvA,Arthur Smith,https://play-lh.googleusercontent.com/a-/AOh14GiNBdek0MRG4umc9qs2n0YXNwCFSvrFgZxYttjb,This is a great Application!,5,0,1.0,2019-07-22 05:47:55,,
gp:AOqpTOHK3zLWTl1gR50zvT8hAks8Koe5zkfh_7dOSdyY3y_RmjyJ5iL5-TDyXvz650oDBqISQ9baxDL9ZYEm8A,C3PO None,https://play-lh.googleusercontent.com/-qImX2xEVA60/AAAAAAAAAAI/AAAAAAAAAAA/AMZuucmuoB2Cuc6q4Y5GkuF_TdbtvpI8Jg/photo.jpg,"Difficult to tell when the game is over, and no indication of who won.",1,2,1.0,2019-07-11 19:27:47,,
gp:AOqpTOHNDCbXQkJX4_IC3N7lQ17a6sLMqVDSeMIgU5tcZR5eSP2SvB13WT13j0cC6Pie2Kwasvm9lIgMAvgwqw,Cecelia Porto,https://play-lh.googleusercontent.com/a-/AOh14Ggt1w0vm-5joeTLI1d5d0jONR4iERF3-2SmC0rNPA,great game,5,0,1.0,2019-06-17 15:50:56,,
gp:AOqpTOE7ztYmuc0pt1yxvXBIu3j4pweWQoz7gpGSswtPLbWpmmSCbmxHhzmBCm4XfJnoBU0eP-LdVkLYaoqi8g,Ford Greene,https://play-lh.googleusercontent.com/-zH8ZAhm8nZU/AAAAAAAAAAI/AAAAAAAAAAA/AMZuucnx1cn-ehLtWi6JX8zUAaQBdCjD6A/photo.jpg,The new format is great.😀,5,0,1.0,2019-05-29 15:50:17,,
gp:AOqpTOFyGPQUIoJC9OgbjJ0fA5BlWTjAdv67b5MTC5oWjFWylJQV6lFs27kg6UWgH90M-4nXAjA-MXc84l5GWw,William Wilson,https://play-lh.googleusercontent.com/-WJPsIg4_RNk/AAAAAAAAAAI/AAAAAAAAAAA/AMZuuclpEdCPoKFglGSKX0GPBVP97WFnpA/photo.jpg,worth the 1.99😊,4,0,1.0,2019-05-29 13:06:27,,
gp:AOqpTOFRLyDqotYnM6Vh2v6DB7nitG6aSKfb-Jp5jKiqIRgpNqvuRBmqchuV5r3bPbMw0hSSZdKDU41mhNHr4Q,Kay Beasley,https://play-lh.googleusercontent.com/-k85AYmvZu18/AAAAAAAAAAI/AAAAAAAAAAA/AMZuucl-ZL1o_hsgsdU2oQlx0JpOO4pdYw/photo.jpg,Fun but need more themes,5,0,1.0,2019-05-05 18:12:43,,
gp:AOqpTOHLz3iE_SM-1SJ8dsi_lkYWKgv_OBbEqU4BnhnmOQjDlGr0lBLgq4X6THv44Lgn9zajYQ34YfgxnhWBpg,Faith Burns,https://play-lh.googleusercontent.com/a-/AOh14GhesajRqkF_PSH9S5FaB3JBvanUDfSrxAluWps1hOc,"I do really love this game. But after playing so much, I've noticed a big flaw in the computer players. When they are losing and playing their cards, and they can't take all the points, they do not seem to know how to play and NOT take any more points. They play a big heart then maybe a small one, then another big heart, even though they have a very small one. This takes away the challenge to beat them. I hope the people who program these will make note and fix this. I still love the game.",4,2,1.0,2019-04-30 07:02:03,,
gp:AOqpTOHeuFkXwoyJ5jWfHEyvzJw2-N-AJmx2vlDymRkcNJ9nyVB003UAPRDumtUJq1cQuZ1pc68B0nDosHCExg,Susanna Trasolini,https://play-lh.googleusercontent.com/-8rZhS0sI5zc/AAAAAAAAAAI/AAAAAAAAAAA/AMZuuckdN1ewkNXyTjg-LkNZ7gkgn9KbHg/photo.jpg,Great game.,5,0,1.0,2019-04-24 19:15:14,,
gp:AOqpTOG9yly_lfwwjaKeGCU0WK0BjxMGeg0Je56LpOblunQd65Gy1dfGu07sww6sSIeWOa9aN4QKcho3tpJtWQ,Judd Smith,https://play-lh.googleusercontent.com/-rtzVUH_SIBI/AAAAAAAAAAI/AAAAAAAAAAA/AMZuuck0_uFgyV0sA-CnWxdAIBjgUahF-w/photo.jpg,"Fun, but the ""full difficulty"" version will allow another player to discard the ACE of Hearts....when you are clearly ""going for it"" and only have the J-Q-K. People I play with, will hold that Ace....at a cost of only 4-points....and defeat your quest.",4,1,1.0,2019-04-18 11:04:24,,
gp:AOqpTOGDVoahLf0pQz5gmlPThf1kuFMUaV3fOdy2hax-qucA0sGgXZ6P3Zxu4AT4MRZn7yDmXX1B0FNZJFar8A,Steve Mehnert,https://play-lh.googleusercontent.com/a-/AOh14GjDAbsCcLYuhFvh8cNPcptsQI-vXs2P_iNQ8To-Vg,"Good, except sluggish control causes misplayed cards.",4,0,1.0,2019-04-10 14:26:45,,
gp:AOqpTOFbVQkVjgrh0fhnTmEN4YOBCFvfjTs5ECFb8hepd3mf5s-PJ_JheZENsA0BacYYC8U6vNw1oWUF2FjN_w,A Google user,https://play-lh.googleusercontent.com/EGemoI2NTXmTsBVtJqk8jxF9rh8ApRWfsIMQSt2uE4OcpQqbFu7f7NbTK05lx80nuSijCz7sc3a277R67g,"Good fun, addictive. Moonshots too easy. Deals often lopsided. Very enjoyable game, Thanks Random Salad guys!",5,0,,2019-04-04 21:30:59,,
gp:AOqpTOHf4wDgQO1L6H-9JjkmTOUCWIfu5MQU-Ukl3hT5-UA_Mdsi5RKS0Dmaisk-c44hwvCbhzUzPTKaaJvFCQ,A Google user,https://play-lh.googleusercontent.com/EGemoI2NTXmTsBVtJqk8jxF9rh8ApRWfsIMQSt2uE4OcpQqbFu7f7NbTK05lx80nuSijCz7sc3a277R67g,good,4,0,1.0,2019-03-22 00:12:43,,
gp:AOqpTOHCC48i9r0Ht23I7qG-bNkuLwCbxVpAIOc2TcSIYNksHdW9n3YI-QS3mI-HdBfqPurYV9p8cMnsw8Q_6w,Ted Williams,https://play-lh.googleusercontent.com/a-/AOh14GgZUQiC6eCEaLPPtD2Qru5oldVhcgnhttU_wmo1gg,smooth game play,5,0,1.0,2019-03-20 17:08:50,,
gp:AOqpTOG1aBnO2zaPrpWcD_n2ubAmTzpCp9NR5NGzjUlUIT8ijbHswp49qocTy2GOV1RirBDKK3GT3F1FEIYEQQ,Kate Scarmalis,https://play-lh.googleusercontent.com/-WOrCLDy7dWU/AAAAAAAAAAI/AAAAAAAAAAA/AMZuucnlFNHvSi4jqJ3TwYFLC9OWFIInag/photo.jpg,It is addicting. It is my go-to form of relaxation.,5,0,1.0,2019-03-15 10:11:30,,
gp:AOqpTOHVtkeIYl2GhxsK-O6j6JX-4nVd36ODwb1OGewivyybCVRp9FYVFaqkCfU6_svl-IXXoat7k3wo9hnE3g,Robert Simpson,https://play-lh.googleusercontent.com/a-/AOh14GiDbaeaFBYYPZBqR-FDUCjgvTZMkMw5NlvmIYUIew,"I like the play except when i accidentally tap the wrong card that i want to play, there is no undo.",4,0,1.0,2019-02-17 07:43:53,,
gp:AOqpTOHUjATQFzI53LKWQ-UUtIxcKOQ5yhgUtvsc7Ua5qHmVC65QxNXq-X2ggnE4NH-OeOyH3IRj0NKCxPhvRw,Lucy O'Neill,https://play-lh.googleusercontent.com/a-/AOh14GjRpRedxTG8ztYBG85t8m-Mswfuc0xcM623cXr8Mw,"Sometimes, lets put it this way It is relaxing & it is never the same thing & over. Trying to outwit the computer, I find very much exiting, Thank you",5,8,1.0,2019-02-04 10:53:57,,
gp:AOqpTOHnk7RlbzUxhzeOj9oi12gFsiEgnPuIGPRV1crP3esCYQXd8saz4yxumL3nVJW_M3m2JbiDG7dLBD3Elg,Gregory Rich,https://play-lh.googleusercontent.com/a-/AOh14GgpxQbzsP0MvyNgYfU0QNWy2Qe4g829qCs_oquqPA,A great implementation of Hearts,5,0,1.0,2019-01-10 10:29:54,,
gp:AOqpTOH44Y5bDqYjUUfCadhTjQqY5nwcBDbJmfFdvL8NrNj9mrBhOKvAzkexJZma3eo2NxQNmX5jaxyC_j8i5Q,David Morin,https://play-lh.googleusercontent.com/-kYJ5yyFtG0U/AAAAAAAAAAI/AAAAAAAAAAA/AMZuuckoY3KkQe_u2lT4Gfk5WtoKYVFKzw/photo.jpg,Great game to pass time.,5,0,1.0,2018-12-13 09:08:34,,
gp:AOqpTOGSuctrMRU0TY8kd9qtEfBH-oCp8Jrm_yAn8OC_Cd9Z3qWZyNcp4PPQD7zUYWZTgxK95aDksEz4J3rFDA,A Google user,https://play-lh.googleusercontent.com/EGemoI2NTXmTsBVtJqk8jxF9rh8ApRWfsIMQSt2uE4OcpQqbFu7f7NbTK05lx80nuSijCz7sc3a277R67g,You cannot stop it from rotating back and forth from vertical to horizontal orientation.,2,3,1.0,2018-11-20 09:24:01,,
gp:AOqpTOExlUlcJ43_wP5KF1P25oNtB2kPdJHSPJR_tKH8GLkVWICWTBMuainlpsjneuAY5Ti6sw27KJWtiEpJGg,C Hobbs,https://play-lh.googleusercontent.com/a-/AOh14GgmwO3q00BChYPZWy5YJ33-r_-8XL2rEsm1y58kmQ,Needs lock screen option. Hard to play with screen moving.,3,0,1.0,2018-11-18 13:24:48,,
gp:AOqpTOGyYt4w6R8GrOia1-zgqFVyA3FZ6jJglH9aQnNpTKBwgfVzqD39YM2qfQ57tqwUqpWwlgDHR5J4-1tseQ,William Hartley,https://play-lh.googleusercontent.com/-jyhforONO1g/AAAAAAAAAAI/AAAAAAAAAAA/AMZuucm5srAZawUR2lhmyxUNlJGyGPrLnw/photo.jpg,Good counting during play.,5,0,1.0,2018-10-05 10:16:41,,
gp:AOqpTOFYy7X84nIOgMjm-XTT-QmIof0yrl2Ivee-JpLHgEm2VkwojEdMkJTZgdw3dNZSlExZNBvwqR6C2CYCgQ,David Keach,https://play-lh.googleusercontent.com/-8hVz27WvBR8/AAAAAAAAAAI/AAAAAAAAAAA/AMZuuclklrD5N8mvoPcPhaFMGUkCjak3QA/photo.jpg,"Good Hearts game. Happy with it. Just wish you could speed up the game play more than its current max. But still, worth it.",4,4,1.0,2018-09-19 17:56:56,,
gp:AOqpTOHg2GTDSJKGBdZiRdpQ5WEm00J37LX3gUeesi32eAJQYXEvJKCtQjRoQBnT2y5AF0d4fuTkSmBJRpXo2A,Mike Flegel,https://play-lh.googleusercontent.com/-_Q69lKZIwb8/AAAAAAAAAAI/AAAAAAAAAAA/AMZuuclFI6YFHMCWXLeJg3oXrOTKKMR8wA/photo.jpg,I used the free windows version for years. No brainier to pay 1.99 for Android version when I reluctantly converted OS.,5,0,1.0,2018-08-26 08:54:05,,
gp:AOqpTOFg6Ui1lTTpcQ0C6BRnz7ZYO8XgqS9JOlk279ZK3fXgVPkev3tLmQXa0uC7DIdwR6DllnIVTEg9oSr3LA,Ronald Shumway,https://play-lh.googleusercontent.com/a-/AOh14Ghg75Xz4Pxd_xWhvzuDp0Pmx3wroeeE1a-Hf2yC4w,My all time favorite,5,0,1.0,2018-08-25 10:52:35,,
gp:AOqpTOHA-RU94SBJussEMhclM9oMDm0h7rCfbt7N5wQ6PpoURXqA6I-DLa56-KIh_jqh3drdYvmxxwQo-uNU_w,A Google user,https://play-lh.googleusercontent.com/EGemoI2NTXmTsBVtJqk8jxF9rh8ApRWfsIMQSt2uE4OcpQqbFu7f7NbTK05lx80nuSijCz7sc3a277R67g,"Pace of play is very slow. Buttons are small. Paying for this version was a 
mistake. Go find a free version that you'll be happy with.",3,1,1.0,2018-07-31 15:43:49,,
gp:AOqpTOH3A4b_dYNotWoog0CBHLPsg6AKVT-KUhuy0uEYNuPsbYEC-SOeB26haocVyoe_x-MJFoI62FiaIW1AZQ,Kathie Van Wickler,https://play-lh.googleusercontent.com/a-/AOh14GhMuZghXhwDhlPqumn2H5MvqTzAsoEkBkn1pvNV,Challenges me when I have a chance to play.,5,0,1.0,2018-07-17 21:41:10,,
gp:AOqpTOGEovFjDrbFC7sMoI0no4z55XG7DOnsbf4IrsIUBi678EM_WUSlkszJoPuCHzL5i7TMiV24O94rcMDXeg,John Nehls,https://play-lh.googleusercontent.com/-ALF1vy0r76g/AAAAAAAAAAI/AAAAAAAAAAA/AMZuucmT1C2Kp10_Wsdl-QeB15TKR0dWvA/photo.jpg,Really good execution. Works well. Good graphics but not obtrusive.,4,0,1.0,2018-07-10 16:27:13,,
gp:AOqpTOGoJWtg6X0jDYL4Yrov8yPjAeN0WvmSua9jkPsbnqPuj6as9pBcq4r2qX-7LEdwtawbBKYKN8L7qe5PoA,A Google user,https://play-lh.googleusercontent.com/EGemoI2NTXmTsBVtJqk8jxF9rh8ApRWfsIMQSt2uE4OcpQqbFu7f7NbTK05lx80nuSijCz7sc3a277R67g,way too simplistic,2,0,1.0,2018-03-20 10:09:14,,
gp:AOqpTOGwcS4Pc7f7uRTiv_1Ie3GM0jXi0QHeOJvYQNMQJiJlPYFjJdWE0aEd8eNKGQCR8HVeo5D_wAOU9YwXIg,Rick Ferrara,https://play-lh.googleusercontent.com/-Y7MmaPIXotA/AAAAAAAAAAI/AAAAAAAAAAA/AMZuuclMBesQZAD2yHiKaeMvnSLMMs5ChQ/photo.jpg,Good ol' fashioned Hearts!,4,0,1.0,2018-03-15 14:43:41,,
gp:AOqpTOEUszDPhYb6atkbJzDw37OwJ9zi8nxDo7kdsY-n2iV2li1sVNry8jRw_DccXQrmzh4ZCVy8wydZjQ5WTg,A Google user,https://play-lh.googleusercontent.com/EGemoI2NTXmTsBVtJqk8jxF9rh8ApRWfsIMQSt2uE4OcpQqbFu7f7NbTK05lx80nuSijCz7sc3a277R67g,Fun game. Like the layout over many others,5,1,1.0,2018-03-04 16:21:58,,
gp:AOqpTOEpNvhxgC_z59vgJrhUpmXUrPIatsdhmvpuNzGeS3H418y242DFcgFoQjQC6raYOZoRHRFHbRyzN-4YdQ,paul chavez,https://play-lh.googleusercontent.com/a-/AOh14GgyoOcI2gNSBkmB9BYnn6sMPG5ST49qu-0ilWpLMQ,It is a very very very good game,5,0,1.0,2018-03-01 20:38:41,,
gp:AOqpTOGxeuoDc5pAVZb_iHbFnF2jSl2IAoZKXcY6fowCYcVOUdwEPVlYmvey2eA7PU-bo0mwonGL4X3H_tlNfQ,George Brennan,https://play-lh.googleusercontent.com/a-/AOh14Gi5A8Fo0EyTyKx0i2WblFb9rnxVpTBh7tDZNtNU5Q,Love this app. Actually paid for it on another device. Going to do the same on phone.,5,0,1.0,2018-01-18 07:02:19,,
gp:AOqpTOFaR88x5N6Swnks_c7NPuNP-iLO_CE1oMcHat1VSin8hf0sds5sKGf0M8fMCrH1EgWGTjHRKIhj988TSA,Dorian Williams,https://play-lh.googleusercontent.com/a-/AOh14GhCOAkHTdIb3IQbuwQL9Ms9bura64BFyZh0mVC38w,The animations and key response are far too slow. They were much faster on my old phone with older version of exact game. Game is good otherwise. I want to play faster!!,3,2,1.0,2018-01-12 18:09:33,,
gp:AOqpTOGPmieA2LhWUrnUsgMpJRTuBr-kBuiqNKOpkgmNnWl5SIP1ZZRpvq_r56HNlx1_ckmSF2qhCufDL3b07w,Matt Orr,https://play-lh.googleusercontent.com/-1ZJb2NNtHdc/AAAAAAAAAAI/AAAAAAAAAAA/AMZuucnRsXkxWNtHLGa0ihHFuUZnNdsN8g/photo.jpg,Very good hearts game. Very similar to the Microsoft hearts game,5,1,1.0,2018-01-04 03:17:36,,
gp:AOqpTOEb3lmSeQC1NLt7yXTOb2rcAH7owNAzobM_Rzqie5AccVd4-E6LlqXmfVCuMW9cy7vGlI1bYu2wfmkHUg,K EL,https://play-lh.googleusercontent.com/a-/AOh14GguOddq5isHI3c9EMKgfX68rUecJuDAYWKltrPB,Love Hearts and this game is perfect!,5,0,1.0,2018-01-02 16:58:18,,
gp:AOqpTOEz6wTs1jZ3DhParGs5qUtFCB68_3xtGVXMTYvzvfPaC7I2XbCxA-tnzCItt4Nxzp0ny_k-Hma9LQ3s2Q,A Google user,https://play-lh.googleusercontent.com/EGemoI2NTXmTsBVtJqk8jxF9rh8ApRWfsIMQSt2uE4OcpQqbFu7f7NbTK05lx80nuSijCz7sc3a277R67g,This is fun but still challenging,5,1,1.0,2017-12-21 09:58:33,,
gp:AOqpTOFJxwQA2doh7IP2MiGShuzMjoyvvxp1nwJpA49mggq2ZsoJTJFqqJiyKdGX6o8WXJVe7e2IreSCAphL0A,John Scotcher,https://play-lh.googleusercontent.com/-DHiZnIhT9CU/AAAAAAAAAAI/AAAAAAAAAAA/AMZuucla82H2cOHIICH3w3C_8ulByEI_SA/photo.jpg,Far too easy for a seroous game,2,0,1.0,2017-11-27 08:17:47,,
gp:AOqpTOHZdtkLiALEiKbRZcxdHqlpCvWr5CWZsGWaKIKB4KNEMLIgopOL2FVnuHqUIkV9G_FgnFslp9eMGacEBA,Nathan Stoller,https://play-lh.googleusercontent.com/-BlDIwXLNJ0E/AAAAAAAAAAI/AAAAAAAAAAA/AMZuucn3Rb0TVDDG-jjA_J6eEUFW_e06fA/photo.jpg,I have been playing Hearts for Years.You're one of the better.,5,0,1.0,2017-11-17 22:01:50,,
gp:AOqpTOGqanGdyef2CeWY7NYUcF4GQOV2JQuMh5ATPr7yVdRloZp2HaTUAbXy6cV5XtWRpZi8eG0rjreUYQUXyQ,A Google user,https://play-lh.googleusercontent.com/EGemoI2NTXmTsBVtJqk8jxF9rh8ApRWfsIMQSt2uE4OcpQqbFu7f7NbTK05lx80nuSijCz7sc3a277R67g,"Very clean, wonderful UI",5,0,1.0,2017-11-17 09:44:37,,
gp:AOqpTOFauGwZ44bVj2O_Bl3_oxUp0tFMfegvetB7sGPibWu18r5MKN_vWTrHRDXrwkmcOxHm_vfxw59K9QQScw,Lorenda Clarke,https://play-lh.googleusercontent.com/-XPwCNgzU44w/AAAAAAAAAAI/AAAAAAAAAAA/AMZuuckG9t49yiaxEw0bHWv3oLGvMSHvDg/photo.jpg,Great game,5,0,1.0,2017-11-04 12:25:51,,
gp:AOqpTOEDs_JWLJDDIb9ThnecPSw0FRV07wyef7widYOAowOqmXJRLiA6MMtDV6UhX94aWYOd2shaPQhe2WZ4RQ,A Google user,https://play-lh.googleusercontent.com/EGemoI2NTXmTsBVtJqk8jxF9rh8ApRWfsIMQSt2uE4OcpQqbFu7f7NbTK05lx80nuSijCz7sc3a277R67g,Computer makes fundamental strategy errors.,4,0,1.0,2017-10-29 14:37:13,,
gp:AOqpTOGTUkNVIXUOIZ_T69_s8mSpwAa8SaNNCuLjXGvNjMI60ss-la-8VO-iMAJIg_dxDbdtYSeM7Gj7ZEzpYA,A Google user,https://play-lh.googleusercontent.com/EGemoI2NTXmTsBVtJqk8jxF9rh8ApRWfsIMQSt2uE4OcpQqbFu7f7NbTK05lx80nuSijCz7sc3a277R67g,It's Ok,3,1,1.0,2017-10-27 14:43:53,,
gp:AOqpTOEm6kz-eSC6yswDvtpiZ5Vm3tg2pMrwA4RKjaHdxtYYKt3wq64tu7ha4xLm6LMkZxMIuytPbkjv_yefUA,Hans Imhof,https://play-lh.googleusercontent.com/-WsiWHluS6Vs/AAAAAAAAAAI/AAAAAAAAAAA/AMZuuclHzgUAPUytVVV_dNsx5WkX0Xfbkg/photo.jpg,Great game!,5,0,1.0,2017-10-08 12:11:03,,
gp:AOqpTOGBzMBylpmwB6RbuJRXNauu2OmiemGw-ixElYVC_0r1_I1P72FvgRVkHMKGcUBVdC1vDrtAMu1eaS1N_w,Nancy Icenogle,https://play-lh.googleusercontent.com/a-/AOh14GgG22-pRkIpupnq6DwR1NS8d7lgLaHH1lYZkRJMvQ,Favorite game!,5,0,1.0,2017-10-03 00:25:41,,
gp:AOqpTOFq7UW4uj5rR5DZ9hWcCdnfjM3FD77mIeWFBre_taU9nvC3rpqntx3zDwYSVyMOk3rDJe2hMmHERcWETg,Kathie Daviau,https://play-lh.googleusercontent.com/a-/AOh14Gjfx-Zv08r5-ZxOA8gRExUAZTthzIrk_zcI7HNA9Q,Graphics are very choppy. I would prefer to have the option of not passing.,3,7,1.0,2017-09-27 21:24:34,,
gp:AOqpTOG_6gVIvRVQv7kozQqVtZv4hxXZ2YmtwGrYRuWj5Uh3g4F8wX5PTETBPH7EWZLbemQo4sg2jwwkr1Qlcg,Taffy Kelsey,https://play-lh.googleusercontent.com/-5sb6QDTtW78/AAAAAAAAAAI/AAAAAAAAAAA/AMZuucleuzKpu10o4q8DAbB8e_O06csjsA/photo.jpg,"I wish it had an ""undo"" function. It would be helpful to try differ outcomes/scenarios. I'm using this game to hone my skills. Great fun.",5,1,1.0,2017-08-12 03:08:55,,
gp:AOqpTOEYEKZHPFHGK7-UWMXGiesvDmZMW2YsNqcjE-kjqhAeUjmtdKp-EFRFEnK4xGPrbOnntMxO9OlDn9KkXA,A Google user,https://play-lh.googleusercontent.com/EGemoI2NTXmTsBVtJqk8jxF9rh8ApRWfsIMQSt2uE4OcpQqbFu7f7NbTK05lx80nuSijCz7sc3a277R67g,Game controls are a bit difficult. Sometimes plays the card next to the one I tap. Otherwise a fine game.,4,2,1.0,2017-07-07 13:33:06,,
gp:AOqpTOG09L4sblfBwHozB9tIKAlVuAFSocBMuxu0nX_Q0Ds4AG0ByI0U3oSRK-TD-nZ8RDS7Vw6VYSWxufd7nA,Mud Dobber,https://play-lh.googleusercontent.com/a-/AOh14GjBWTpX-d04T1tfK0wnYeA8tvWW8zcakqWFHDQ9tg,Typical hearts game with AI that don't understand how to stop the other players from shooting the moon.,4,5,1.0,2017-05-20 19:46:33,,
gp:AOqpTOGdHfuE0M1n16zFjnDDeV9bMyBkPE8jKCVZB44G48mhgPzU9iaa1ehEbXj2hq7LemtxvE4mgEzSvEYSTw,Horror tainment,https://play-lh.googleusercontent.com/a-/AOh14GhAXuSVDAJVzstIohg5_zMcgANCiuHHjfP0FQL6,Love this game,5,1,1.0,2017-04-14 14:21:31,,
gp:AOqpTOEEqs271DSrL9AaZhIMPo2eaFFwZmCbQfA8cc9NEvZIDJCWDHX5BDEljAso2UtIOpOVTStNis_ni1hkAw,Kelly Swertfager,https://play-lh.googleusercontent.com/a-/AOh14GgnnSekDXTMCmpgBEgBtEVfsLgu4bPMCLKKZuQUj7g,Definitely worth the money!,5,2,1.0,2017-03-29 21:05:33,,
gp:AOqpTOE2zHQxhHLX-6UjscjamI0mpen4nP0krHeVS7DDruYGhigkAmSKkLJiFduFgr8JNT_c_LJwg80Dyc8UaA,sandypie sch,https://play-lh.googleusercontent.com/-8fNkSWGTtCM/AAAAAAAAAAI/AAAAAAAAAAA/AMZuucl2xw7goFKv3k2RV0Sa2uryI7BlZw/photo.jpg,Wish it was free,5,1,1.0,2016-12-14 22:01:14,,
gp:AOqpTOGjzPkRAb1D0eT_mz86cm0t-1bWAz5Ib1D2Gk2Fh5KNDs_nenyXFHYivezNACBt10b_foEGI__Sm0EIFQ,A Google user,https://play-lh.googleusercontent.com/EGemoI2NTXmTsBVtJqk8jxF9rh8ApRWfsIMQSt2uE4OcpQqbFu7f7NbTK05lx80nuSijCz7sc3a277R67g,Best UI for this game,5,1,1.0,2016-12-14 16:04:48,,
gp:AOqpTOE7x4P9bbHyG4sshyRufOo7pPngig0zEEoqV0LgAUJzaRsjf0H-FxSzEpbAyz9D97DzT0ZbB5R92PjFtQ,Hugh Pratt,https://play-lh.googleusercontent.com/a-/AOh14GhmoaIz7CRcwXSNGDpJSfnQerRWE3LoqqYS9Unrmg,"It does an ok job of fending off shooting the moon, but the other algorithms are painfully simple. User interface is badly lacking. Just because this game is available in Windows, it does not mean that it is better than the other apps. Don't throw your money away on this.",2,1,,2016-09-29 22:46:30,,
