reviewId,userName,userImage,content,score,thumbsUpCount,reviewCreatedVersion,at,replyContent,repliedAt
gp:AOqpTOGa9VBoYBoJTZ9Vm5vxEIveD7Qs41QbDS-woHmOFwSaV9N2LDq-7v4qbPuYv6qb7n19Kgtxfcs1_mOE7L8,Tom Z,https://play-lh.googleusercontent.com/-WkeM-Img5DM/AAAAAAAAAAI/AAAAAAAAAAA/AMZuucmvZCL5pBTwHiptlWpAtY-LsPd_tg/photo.jpg,Awesome game but tiny bit short done it in couple hours still would recommend,5,0,1.3,2021-02-08 05:27:48,,
gp:AOqpTOErAmIgjO4IXMtXi3KaLRguglOtDqCyAvbo6NN86l0mbZHbLiCAJqZU31xenHvK_kV6aThWE614BM-woUc,Sarabjot Singh,https://play-lh.googleusercontent.com/-eVC9gqDON1w/AAAAAAAAAAI/AAAAAAAAAAA/AMZuucnxCl3UPXKLSlwACu2h5db7kcayXw/photo.jpg,Game is good.. Really unique Just one thing.. It's too short,5,0,1.3,2021-02-08 00:10:49,,
gp:AOqpTOH_cmgHdzJIXzncGWSml7UEqEt4GIQ2O1hLnuelMOWeW0ICYHejpTLkAbpz2QjNQQ6h0Ya-E7PrX7Fc5bA,joelis rodriguez,https://play-lh.googleusercontent.com/-L9zuhnrgHUk/AAAAAAAAAAI/AAAAAAAAAAA/AMZuuck7vCkFJLd_WV0IXDVo8tedAQwuCQ/photo.jpg,These puzzles are great! Definitely worth the price.,5,0,1.3,2021-02-06 06:51:30,,
gp:AOqpTOE6pSKJcv5jKis_QAhnLVOOuq7Pe1cxSNHsu7ngWO3-B-2fexLddhsiZFVDi87dNKrjLZG8BNUqvQzrkAM,Scott Lynn,https://play-lh.googleusercontent.com/-ju2sjG6hMUA/AAAAAAAAAAI/AAAAAAAAAAA/AMZuucm7UZeLBgrr7hsobNAn57lOHiRkVA/photo.jpg,Fantastic game!!!! This reminded me of another game that you made called Kloki I think. I love how you come up with constantly different ways of keeping the player guessing. You also have a very intuitive way of training the player to play the game without clunky instructions that get in the way. I would absolutely love to see more variations of your games. I would love to see a sequel to your game HOOK. Keep making games like this please!,5,2,1.3,2021-01-30 18:48:08,,
gp:AOqpTOF0eqbk4bVQlOT6XllM4bCTCyTGd69hy1y5xg4GsGodLnrcO4-CRef8FMGShv8qWwH_c07JBqHhMOBuoAQ,Gryffen Marin,https://play-lh.googleusercontent.com/a-/AOh14Ggeq_V63jxsoD70EwDRHh8tiqx3G11F7PlQAfKI,As quality as your other puzzle games but laked more challenge,4,0,1.3,2021-01-22 18:54:13,,
gp:AOqpTOGxZTnt29GAvncE6EUKJonmjTniKXASJidbvpZ6zaE0-X1gZeYaobIZ43CA3z7EKJxSb7IOAjHBEc6Hz0U,.,https://play-lh.googleusercontent.com/-tlqDt_bXSq4/AAAAAAAAAAI/AAAAAAAAALI/AMZuucke4Srz-PB1tcBQw4mviY1jHqdyVg/photo.jpg,Fun game! Not sure how many levels there are cause it doesn't say but finished and enjoyed it.,5,0,1.3,2021-01-10 05:19:53,,
gp:AOqpTOHawEh58-yJPfY-tdEUX6-sLTAi0sUswlGHwBHCoEXmq42eU6ogUSXsBlnfpfr8OILtwNCObG-gYNOEkV4,Pinkaze,https://play-lh.googleusercontent.com/a-/AOh14GgjPQXVGBLyOVTSfKReS9wVrcZI7lsBRgw2CgLgvQ,"One of the prettiest/cleanest and awesomest puzzle game out there. I can imagine some people would feel upset about the lack of tutorials but that's actually part of the experience. Whenever a new feature/level is unlocked, it's up to you to figure out what it does. I played ~4 puzzle games from this developer and they're all nice! ❤️",5,0,1.3,2021-01-01 04:01:23,,
gp:AOqpTOEmiouChB63GSlGjgDsx3QfWcBI5LHnDihTRKT5BmbBHWBHv4Gkz6SdYp3uvt-DmdLH2tYARwgdhwaYo3o,Edgar Souza,https://play-lh.googleusercontent.com/a-/AOh14GgKJ88CbZZpWvrLy-tJAP_exYVgEL9aUVwI2E1iXA,"I just love his games, super creative and fun. Totally worth it. Can't wait for your next game.",5,0,1.3,2020-12-30 15:27:40,,
gp:AOqpTOHQlNq9jaAhBIceslk2lbWNTO6T3U-WmLgKYjr9J9bQZkXWDNNj7QHSwqQMFlKC1X9LKHWgsMQRfE1sTHs,Eryk Piasecki,https://play-lh.googleusercontent.com/a-/AOh14GjJtlGE33DMTpLrveaWa9fT28soW6od2TlsKMFd,I love it.,5,0,1.3,2020-12-23 20:15:03,,
gp:AOqpTOGtlXLRd1XBrmuu6-C6FpJG97__5aVPOwLPwJU81Rw7SiA1fQi0Cck9k-F34fY-Chfcxvha_br4Pc98Ik0,Josh Engel,https://play-lh.googleusercontent.com/-ge4SgStseG0/AAAAAAAAAAI/AAAAAAAAAAA/AMZuuclWzjjL-2viAoftLePICHXNJrh7Eg/photo.jpg,"Interesting and smooth spatial puzzle game. Not the longest game, but it has good pacing",5,0,1.3,2020-12-14 05:41:19,,
gp:AOqpTOFXCpVndSNz-fiKrauZ6n06Bpa6BOXuWkMg3x799PKqH2GAZxfAoYUr8QJFtmkjGRW4eA-8ygHymjjXONg,Madhura Hegde,https://play-lh.googleusercontent.com/-Gm-CeauYjVc/AAAAAAAAAAI/AAAAAAAAAAA/AMZuucnE7bbX6XGFSeNooYO4qH0ezuW1ag/photo.jpg,Good app,5,0,1.3,2020-12-09 04:58:40,,
gp:AOqpTOG-yXm1958C2JLGwihCDz1CI94vr1sbFK7X7L0a7tkmQ5PD8kuq8naOy0ngCC8RVeO5xua7aAa1Di_PYxI,Griffin Han-Lalime,https://play-lh.googleusercontent.com/a-/AOh14GjbsH4ITGyPrhsv3bh8NwHSzqDL09Tce6hGCc72Nw,"Wonderfully satisfying. Most puzzles feel like they have a million different solutions (though many only have one), and it always feels like you're making progress and pushing yourself just enough. Interface is minimalist and does what it needs to. Runs very smoothly.",5,2,1.3,2020-12-07 00:09:27,,
gp:AOqpTOH_HysDxTxc5svfOQNVqAqtsVoj1kM06xQwICvR6kTH7mYM_kxKEDwpGlD9HgiGbM0yCKEdqRuyNPbKXvg,Rodney Grey,https://play-lh.googleusercontent.com/-tUI8LaXwhiY/AAAAAAAAAAI/AAAAAAAAAAA/AMZuucnD7MYvyj-THO2dv0Mh4RFCWYkcTw/photo.jpg,"My favourite Rainbow Train game so far. Perfectly escalating difficulty curve and lovely, clean sound and visuals. A great puzzle experience.",5,0,,2020-12-01 10:25:27,,
gp:AOqpTOFxT_Dm5G1D6bO_grFOXykJ6ngkNLcUIvtt8Im_ROwbA7xECD0HGybtNFO2Tj-ycZOETfdDVHow2KI4jhw,Gujju Gaming,https://play-lh.googleusercontent.com/--LhUZ5C2ioQ/AAAAAAAAAAI/AAAAAAAAAAA/AMZuucmkOUQP8MFrXe5i_JH8LbA74LkLLQ/photo.jpg,Why you can't give refund to me... It's worst think ever,1,0,1.3,2020-11-23 07:15:07,,
gp:AOqpTOGa1zT5OTR-TfYUwSM2zSzZ9SMmliMGzbi5i1T6eZxKf0jtp69JquEvSztXXS4n87f-ssj7mrWblAT6oWg,Avinash Naik,https://play-lh.googleusercontent.com/-uZL1eATQvtA/AAAAAAAAAAI/AAAAAAAAAAA/AMZuuckXNgAdgVm-xoPLwzZDDdzNS_HkSA/photo.jpg,Awesome game!! It starts of easy as you progress it gets a lot trickier,5,0,1.3,2020-11-08 21:08:12,,
gp:AOqpTOHLWrd2-vcdOh6FqmH7f6NGv2I8tNse7azF1FM4GzJcptPfNZogFabBIrgGZq_ahnuFKREKZVkajJg0wcw,Froomh,https://play-lh.googleusercontent.com/a-/AOh14GhpRvf9SuAJfj_YxR2RJpkqyphlZ0BoCyIctKgvuQ,Great time killer!,5,0,1.3,2020-10-19 11:44:52,,
gp:AOqpTOFik9RT0XoCarVyzVpCjaCnXiDU-5tSSwzn956Oq_M5Ur30t1UKDHGL6k5YwXjx_r2iqgO86aShzJqKE6M,Fahreza Dhia,https://play-lh.googleusercontent.com/a-/AOh14Gj5e179_jg925GpyFvhsv-9jaCXnofLmteBVSPWXw,Good for waiting or just relaxing before bed,5,0,1.3,2020-10-18 21:19:48,,
gp:AOqpTOFvlOBwF9jrog4A2NxwEt7O_Xp6GvRpfMFTmz6NKwgNDOl_Pxz46yp84Plb56pa_mFwIqG3Fw_otPXl_9Y,Chris Shewel,https://play-lh.googleusercontent.com/a-/AOh14GjX0qsNZ0qmQdcMgHnnhn6BJUv7EXGJXDF-7181aw,IRL I like to play with mechanical puzzles that you have to take apart. I thought this was a really fun and relaxing game and it reminded me of those - gave me the same feeling as when I sit and fiddle with interlocking pieces of metal and eventually feel great when I get them apart. You can't really fail and you just keep puzzling at a level until you succeed which makes it really chill. A great bedtime game.,5,4,,2020-10-01 18:20:13,,
gp:AOqpTOFit0IrR_rgC4xK1KuTv-NGLcPR0Rj3me7eOWF4pun-QChH8_WTWvJNJuA2s70gSR7pnQDnju51ddKxn0g,Om the Turtle,https://play-lh.googleusercontent.com/-kUDd1xQQ3MU/AAAAAAAAAAI/AAAAAAAAAAA/AMZuucnwnusW6_z4LMYNtj-K-Z87eXgxfA/photo.jpg,"Excellent, relaxing 3d block clearing puzzles.",5,0,1.3,2020-09-29 06:03:38,,
gp:AOqpTOGz_HZZeUPGpTbYYg4FHgZCMY3clCOSU6ENmP4IsviQA6cousrDpjzDVEbGWx6zHVv_kYswWULnQromGjU,syazana zrdn,https://play-lh.googleusercontent.com/a-/AOh14Gj23iVNd6zoZ8e2oWjU0BmH74w_Y4TctBzltAo92yE,"i spent my whole day playing this game, I would like to suggest this games to everyone",5,0,1.3,2020-09-28 04:23:27,,
gp:AOqpTOFPd-iuy_G5lXILFUTvJYjvVut0sCYVKNA6gVgx2CxLmguTkriFUt7gh6Z3NRybpT7CNcgtY3NGwtMgd3Y,Avram Rosenbaum,https://play-lh.googleusercontent.com/a-/AOh14GiDEqSHzOhZLrtU2lmXMQ1m2nLzaVa-64ans1C1ng,Mind-blowing casual puzzles that encourage curiosity without risk. Zen execution of the UX.,5,0,1.3,2020-09-25 18:15:27,,
gp:AOqpTOEag1oEUuw7eF_wARew9kCy_6LrRWhbZVxKVqHwVTZWTo4swGWX2D5leQhFy13nr9bIcJd-bVoZze3tnVY,Michel Bertrand,https://play-lh.googleusercontent.com/a-/AOh14GjTnUQmpKyXwbuVsXes2SHHijdJS_MBZKmTbLYCnnw,"Simple puzzles, good way to pass the time. I like that there are no instructions or settings at all🙂",4,0,1.3,2020-09-20 14:38:13,,
gp:AOqpTOH7awRrErdYvp7Lb5FOpck2SgNg9tYe1DgQT0UKE7TVmbzk4GVAk4kHBkMKKth4ZmX42m6xbh_4hEGZw7E,Frank Pisani,https://play-lh.googleusercontent.com/-p8BRXyOVptY/AAAAAAAAAAI/AAAAAAAAAAA/AMZuucktEXGLunSmnwxjtEhlFZH1jpG3ng/photo.jpg,Can pass the time away while waiting,5,0,1.3,2020-09-20 02:26:19,,
gp:AOqpTOEareiXZRAql6s-ZKM-6EZ_mUAnRMyaKAxY3HdrAteM6JJuBBJb3iJakYnjL8yykYlJFcD_ZzwhIKud_JA,Patrik Andrasik,https://play-lh.googleusercontent.com/a-/AOh14GhaidIqEcNVxv6VmooJ9cFAc-0taOu3g5yt2z9Srg,Very smooth relaxing experience. I completed it in just about over hour.,5,1,1.3,2020-09-20 01:01:58,,
gp:AOqpTOF3Jq4Rdz2f4yZqE1qQlL4ZqdR_oDxWflFO1PmjDr0uvpGTNrHIZ_Qq9Tin3oZ_ZcwcP8gxUhYY1mUs3Og,Andy O.,https://play-lh.googleusercontent.com/-HnHNFAwGQ2k/AAAAAAAAAAI/AAAAAAAAAAA/AMZuucnlvKcfckDUHrXGm8XoM24DM-eNKQ/photo.jpg,"Pretty decent puzzles. So far, it's mostly been a case of adding new mechanics when things just started to get a bit challenging but I'm not at the end yet and it's certainly entertaining and mildly challenging regardless. Update: Just realized that the prompt to rate came at the end of the game. So... Yeah not particularly challenging and I think I was done in 1-2 hours.",4,5,1.3,2020-09-17 11:56:27,,
gp:AOqpTOFez7TbSLFqD6WhJBZqAPWXNCUTrgRD5blIE-Q5h8J3VfxEX2ckx79bDPNQ6hdzRynZejlFSYO5tedaei8,Svet Ka,https://play-lh.googleusercontent.com/a-/AOh14GgJxSEXDs0k5vTdyIDRzuJlEXiHeystMJvwiLGH,Unusual puzzle as all puzzles from this developer. Very entertaining,5,0,1.3,2020-09-17 02:33:04,,
gp:AOqpTOEvIId4xqZY6mowm1x36hj-vdBidYTyVYbt9d4V65IEnOKF9uypW64MiNi4LxdCLEgr2hYAlzYaaahD9zE,Crab and Corn Soup,https://play-lh.googleusercontent.com/a-/AOh14GhYfkrBT9pMyvG1IssR3uALtqa-nI1MIlsIK8_g,"4 star cause the levels are very few, I managed to finish playing everything while listening to a 3 hour podcast. But overall, reaallyyyy fun game to keep you distracted for a while.",4,0,,2020-09-14 19:11:15,,
gp:AOqpTOFWiXCgBtltdQ549BpUquvfR8PlYUJ9xBaj5jPP_Jl355S8TEwpprrqyaZAx82Dp8bmhd2uRHrqU8QsBm8,Melqui Lagud,https://play-lh.googleusercontent.com/a-/AOh14GiTweyuwKcfZPvMc0-jCUXRM4GUJcUtZy8hhD0cvA,I enjoyed the game so much!,5,0,1.3,2020-09-14 04:10:47,,
gp:AOqpTOH4IVkCTQGjyQ9F1zFx8aNBgaFYJeYAEM7yGWQk0cIY3zTzAKqoS3J8OKPM_gtDuja0tO-MIdLAmAQ1MXc,offline video,https://play-lh.googleusercontent.com/a-/AOh14GiqGAgEBq-xgOk3Sp3uyx7msatdgyEvmOURUG1p,Like,5,0,1.3,2020-09-13 19:46:46,,
gp:AOqpTOFGdfnl2SjSlDIdoGY3GzpfNx9fYoSjSBSpka-iuNkF9P7IQimor7Ojj5kRHpyQ4MROCXUDJUVXXwiMct4,Ravi Lakshman,https://play-lh.googleusercontent.com/a-/AOh14GiaAu__zFZdzQV3A1EV3PyV56RnG64NKlFhALQFHw,Nice game. Approx 50 levels of satisfaction,5,0,1.3,2020-09-12 23:41:44,,
gp:AOqpTOHfF7j8EjaxQrw6wCXbBOURlx4EhwaX-gJfowSKxdzWrcru1-f_CcsVKdEgLtDepMUZsxNdjzu4sMy8hDA,Mr. SmileyJr.,https://play-lh.googleusercontent.com/a-/AOh14Gh0eH1v0Xczjrjsql-GGFiUcPbAzp9wG0b5PCpRNw,Fun and puzzling....lol,4,0,1.3,2020-09-11 07:02:05,,
gp:AOqpTOEJdQvTPknuq1x0bNXG2UVP4Af2T5GY-794ERQNzBKLo3_kO7NyCDwhrT4reiRs-bUQ62l2DO0q8vUoQUY,K. Dominika,https://play-lh.googleusercontent.com/-QwjJw9CcjrM/AAAAAAAAAAI/AAAAAAAAAAA/AMZuucmxvJ0ZRUcmicVIaxyEmSmx-Hu_AQ/photo.jpg,"Got this for free It's addicting, the most puzzling puzzle which makes me puzzlex takes around 20mins+ for me to solve",5,0,1.3,2020-09-10 18:30:32,,
gp:AOqpTOHeJ1NHjSeLzYjIevakhSUPQOBcd2R7N5ZXEvFY37Ks3Buc1z2oVn0ZWOwtdLypy-K23rQu3xA7GyVfXLY,AnOob Haseeb,https://play-lh.googleusercontent.com/a-/AOh14GjN8srR7Fr6z6OzgSoyQA6f7wP83AdiOfgDYu8eWQ,Best of all I've been looking for. Only thing I disliked about it being so short on levels.,5,0,1.3,2020-09-10 14:28:05,,
gp:AOqpTOGJ9NHgfBKQ5qR0sfipJZVOBejnE5l-3lAzIAY3vwNXHy3SjllR28pQpUnUNwkcVvOpm9htPN2DYGRaAf8,Jaydip Sanghani,https://play-lh.googleusercontent.com/a-/AOh14GjaEYiFg7T7v-kJW-OQs6o30VZJxdQwE2Iy7Lrbeg,Good as I expected 😁😁,5,0,1.3,2020-09-10 08:38:22,,
gp:AOqpTOHGM2PmgXe06Zh8LGK5MqN2l3EKfb-5CK5VdeDPPcEdRvyGMouVuXSIVazo3sLMTwBJzS59gbbfk3F2k04,Hartono Putra,https://play-lh.googleusercontent.com/a-/AOh14GgUTInATDSuVM000vIOkIa4vSxWkSeR9pRYiUv5,Just like my expectation.,5,0,1.3,2020-09-10 04:29:54,,
gp:AOqpTOHBwrnr7_v89z72mL-NHzM1DNTXvk6_mMch00wEjSJJqgK95Ljax5y2fnMfgK30PYhAk6_NDP3gEMV8Ddg,Arnold Parge,https://play-lh.googleusercontent.com/a-/AOh14GiHjQwGIvk9krGDri6J21yehK6aOKGSbH90wD1_7Q,Awesome. Relaxing.,5,0,1.3,2020-09-09 11:52:49,,
gp:AOqpTOGkVDb05eI5NhTa5Gp3Dh13PJlE-8u4Nwkh8H7Rm4TctpY-vo4PPr6EXAdw1WHZ4iCEn5CVaSNPb9FEG9g,Muzammil,https://play-lh.googleusercontent.com/a-/AOh14GgxEO_sF-KcaoV_L2fqxpxVgSwqswdVICrmMbE8UA,"Cool puzzle game. Got it on sale for free. Worth buying, thanks dev 👍🏻👍🏻👍🏻",5,0,1.3,2020-09-09 09:41:16,,
gp:AOqpTOH5cM_BlCSib1osfkJYz9tHh7HmaFKJrtFFyVSdVkZ2Ia5rGaHByyYgv_08Eg2Xbc6UjKcMRoUjby0KwO0,Devasheesh Sharma,https://play-lh.googleusercontent.com/a-/AOh14Ggzd6ZFJFSc1oy75wbkWdNrmm1qLn6Hs1DoAcrEmQ,Nice ✨,5,0,1.3,2020-09-09 09:35:55,,
gp:AOqpTOFvBe9PxgjuGUwzE__iVKogm_ZKz5OWQ6klLc3IIJ7Owr0_SxLphMB0s1q_3SN-Hz8d2El2n6L1KMbBJQQ,Jethro 제수로,https://play-lh.googleusercontent.com/a-/AOh14Ghhi2aDq-twh5yiMBZfyaT_xf5oTIizBW4a02awtQ,Good game i finished it in 30 mins cuz theres jot much levels,5,0,1.3,2020-09-08 20:47:53,,
gp:AOqpTOGTXKa7Zlxjnjps88r4a8zHnrFkPeLtrQv3VKW126Sac3FMnntg_GVzNLhUK4HPGdVYP7vNgLbe4G7Nwzg,Jose Abner Brosas,https://play-lh.googleusercontent.com/a-/AOh14GhW3SZ6PFxIUnmRluHqEQb1eOM8GG7DMXC0zfSP,"I kinda like the app, it's a Aesthetic kind of games and it's kinda calming. It's a mind game but it's very cool game, it will increase your solving problem and increase your thinking. I love this, it's relaxing!",5,4,1.3,2020-09-08 18:38:38,,
gp:AOqpTOEnWzzB_wjklY6yWbOFN1oAhchF3DZWlDBcte0FrXgoXZ9WkGLMrNDfA54eMZUzuuFY_uNMYt4-pUxa5gE,Dr. Raviraj Halani,https://play-lh.googleusercontent.com/a-/AOh14GgjXXRT6fuwflqKVrPfUsbLxAB52_-G9WTOIl0_0Fc,Your games are amazing! It's fun and worth playing them! ❤️,5,0,1.3,2020-09-08 04:19:40,,
gp:AOqpTOEA3J-HkvAqXkEaQFdELAow9xQbOB_aXfG1o2hpQgEUtRW3Y3kZkswy80gb40ejnBiv-ChZW-LpQFV5eDM,Syayful Muhammad,https://play-lh.googleusercontent.com/a-/AOh14GjIr4NWj1bL6ldIbdXK0UqNybK34BWpNU-rN2mN,Amazing logic game,5,0,1.3,2020-09-07 16:44:31,,
gp:AOqpTOGFn7mskuhV-L77i5Cv-xTRA0ca5fMKPLyr-6IzX9rfTsPUr78v8V0MD4gJRCF_w7ApHoU5nmG5zaeUZV4,Joshua Lo,https://play-lh.googleusercontent.com/a-/AOh14GhkseiyZzkoCjNRfXx3KpM8irnr2VN7l1Vx1_BN9A,Spoilers: ♥️,5,0,1.3,2020-09-01 11:42:35,,
gp:AOqpTOFC1Jrfyo57zekxlGDNIBWM6WfjXc37Le-HoqDB_YpzGJuLOQDwgyXmyD9-f_14tRPvJFjTGxRj154-398,Aayush Shah,https://play-lh.googleusercontent.com/a-/AOh14GipXBG8I8wA8zF_dnL6fA-5ZrPGJ3T8xbuxTowa8w,A Real minimalist puzzle game,4,1,1.3,2020-08-30 05:00:11,,
gp:AOqpTOGJpNiuCvyJFOuXqfbuQ4S346qQqB67abb3tngk9gyeqiGtlO1Mv83ztO1iqjHS5T6ajTJPRMtkEwheypY,Kiril Mladenov,https://play-lh.googleusercontent.com/-GzcM5aMPLvE/AAAAAAAAAAI/AAAAAAAAAAA/AMZuucli1CKRqbOLV939LYcOrAVRlzBWGw/photo.jpg,Great!,5,0,1.3,2020-08-25 22:51:47,,
gp:AOqpTOHe7yfs5_WWAEgFLsuB5balRZX-iAiJm5EV9kt864NFODrtEuBMOk1mS6uEzSCmrVbs8TISGyZqzsV98bs,Leo Bjorkegren,https://play-lh.googleusercontent.com/-vCSbcTWgZGc/AAAAAAAAAAI/AAAAAAAAAAA/AMZuuclCSiqgTcimRy8agUyCIkeQmNPRqQ/photo.jpg,"Excellent, occasionally challenging, more please",5,0,1.3,2020-08-18 11:28:12,,
gp:AOqpTOE2V1pnP6oL0eZhrrPq2jkcsl76I4z_hCOV8XwPSX4L-MXVyRvaaBRSbGVV5zv8qERnJJQnboZIj9tQeyI,Mark Edward Maciel,https://play-lh.googleusercontent.com/a-/AOh14Gg4vhwxen1V1xnCi8HDvVHXzMrP-m1KfMnclZADK9I,Another brilliant game by Rainbow. No Ads.,5,0,,2020-08-02 04:43:09,,
gp:AOqpTOE1SMc9Yk8C3_ql5MxUwIXru0fCf8IuVYlH66ULjm593NUomECV7utvsCBwdJuhOrUHMXHA3HA-fdczyOQ,Dougall de Totth,https://play-lh.googleusercontent.com/a-/AOh14GiFfNf2vKYfSEXqmensdkRMDb_vyo1JGj2vxtZKaA,Games by this publisher are my favourite mind engaging puzzles. They're perfect for giving me something to focus on when I'm feeling overwhelmed or under stimulated (good ADHD tools).,5,0,1.3,2020-08-02 03:24:47,,
gp:AOqpTOG7Yv94TUTgIjLziYRlx-KzR5weVAXYngCOf1_jOjsPsJQamECHoaoLody-E5dqsyySv--PUY4-m7cKhg0,Kniazcheto BG,https://play-lh.googleusercontent.com/a-/AOh14GgQgosrvOc-j83bVKkl9zL0jdkIBBDu3Bl1l_DEmg,"Very good game, maybe trim down the heart levels a little bit.",5,0,1.3,2020-07-31 23:22:47,,
gp:AOqpTOGueqbK1f2M_oOULvtBVp-hC_zw0WwhAtFTETZLYaf3ZLSdCesVCzZkg59imOjmNoqxVcAnvOP7IYMLbrs,David Hedriana,https://play-lh.googleusercontent.com/a-/AOh14GiZ7LrhrzMrTFO6EdH5SR0901ZTZ4mCKt60zD7OgA,"Great for what it is, would like some kind of measure for progression. Easy to pick up and not out down -- didn't realize I beat it until it asked for a review. Likely to delete now. Not much replay value. But fun once through.",4,2,1.3,2020-07-10 09:55:18,,
gp:AOqpTOG6MJmgt4voIAi6-NUTfKZAaseg5mjZUbpbiZTMgbIfTq5zEMjk8NjR4vhdKd45Rcdjh2eR0G62sVOYiFE,Nik Brooks,https://play-lh.googleusercontent.com/a-/AOh14GgB7VZbhMWNdnvZMxjyzJVTDhxRJZlgh74l2ihAWw,"Well this is certainly a tricky puzzle game that will keep you thinking. Controls are straight forward and the graphics (although a little basic) are good enough to keep you engrossed. So far enjoying it as it really something quite unique with regards to game play, well thought out and I would recommend this if you want to test your brain and pass some time.",5,9,1.3,2020-07-09 05:39:23,,
gp:AOqpTOHoeYsa0JopJBSos1iqkmOBOhfcxdUYXU83GJ3kjJgFASTDedX8eWZCey0FgtyWBZhkAWxJ9CiAyxcSWlU,Private Citizen,https://play-lh.googleusercontent.com/a-/AOh14Gjy3tiB54gbReRTzWy880YFRuhIqB7BWhzb7YnJJA,Very good.,5,0,,2020-06-27 14:06:47,,
gp:AOqpTOE3zXcUcEaSXslT09xbJcY3JdHWp-B0YBKbJxzj9RWwIxtBb9aqTk-u89_0RS2xlkIcUUrvYzGVGekBIx8,Akos Zsebesi,https://play-lh.googleusercontent.com/a-/AOh14GiAW0eglA5Nje82rKHd0XIVpnd969MBSrcnEYYRNtE,Very well done,5,0,1.3,2020-06-19 13:21:18,,
gp:AOqpTOFWIRj4ttW9BubCknbf5920L-PPdWLwlv7_LPlJzQXnu8L9PN4LMAlhvJlDAQcPpzfShucAZXuTSGxIoag,Muhammad Fawaz,https://play-lh.googleusercontent.com/a-/AOh14Gi8pYirs0kgkukYhfErmZ0v5NDkClgiivvUM-wQSQ,A beautiful and relaxing experience,5,0,1.3,2020-06-08 19:14:20,,
gp:AOqpTOE6GbARPkWWMbcWmp_Q7NT5R6qZBFEZpQWkuvFQ8oi8Mv8dPPBMEAqq9TXt5warLANW2K_-5W1FBTMEaD8,Feder Lien,https://play-lh.googleusercontent.com/-nSvae6dDyWM/AAAAAAAAAAI/AAAAAAAAAAA/AMZuuclcUt4KzwxYmhym7MypG5EJ_Ae3ow/photo.jpg,"It's a good game for relax, but not a good game for puzzle.",4,1,1.3,2020-05-29 01:00:17,,
gp:AOqpTOHTwwIvPShAQ3OseFgBGIya67zodUdvmYfLr7IhDMre7S76ZReVj5rXiNHkNFAoTGPL1Td-JqkEs2op9pk,Adriano Inserra,https://play-lh.googleusercontent.com/a-/AOh14GjMdjDyb3GJCNUaa-5Enfxj_mdpslzyc2IEImty-w,Good game!,5,0,1.3,2020-05-28 15:57:51,,
gp:AOqpTOFJrXaoHMkHGHCBa8w0x9hhw9vrCmXduUDZb9UzjPCUEVTL9geqMZIz5keej3HvCW3srInkth6qDljD9r4,Dicer Studio,https://play-lh.googleusercontent.com/a-/AOh14GjsOktbxnrSRL_dfcm8d-nb_MzFqHl3SB9VfOrr,"Just like PUSH, but this time the theme is more like feminish. Have experienced puzzles in other games as well. Push is still the best.",5,0,1.3,2020-05-23 17:04:41,,
gp:AOqpTOHyhohJ2awe1LF03HXfo0Rm5iwY8os9F3x263fR3Dri2o947Jzf0je-5W6PJAUTvDKhN8ZyL-6ajAYAe_M,Sebastian Abarza,https://play-lh.googleusercontent.com/a-/AOh14GiWr_1PbY2OPfVtLzbm-9mJQNftxmj1CLuA_HnXcA,Nice,5,0,1.3,2020-05-18 07:24:47,,
gp:AOqpTOGGyNpCabzNXn7VUUjt-40r2t4l2iRe3K12XG91qdZiq3wEG9GazfJJFtnhWCYi2VtRVbBoSd7cGNdl_lM,Лось Андрей,https://play-lh.googleusercontent.com/a-/AOh14GimmwUD59vrEcam2bZ_3T60rW5Na7ZGSWEWn0ZI,Лучшая игра прошёл до конца,5,0,1.3,2020-05-17 22:45:34,,
gp:AOqpTOFaTxk8MIi41LeJYVEMnfota4tJXkRsfGEGejxyUt9VGjF5Wu0qOV-DJSC6neDQ0ZNxy7SL5si7TYr7krM,Neil Coulson,https://play-lh.googleusercontent.com/-PS5BcwzUyHg/AAAAAAAAAAI/AAAAAAAAAAA/AMZuucmDNxhl470eWtPe-VHlJ1826acjOQ/photo.jpg,Beautiful game,5,0,,2020-05-16 20:43:35,,
gp:AOqpTOFId2SE_BgW6_DbdAeZyDOo8A6iOYfgltjGPc51q9cnshNpQMvA2tG3IjwaihhYZrNk16Le5KBHJa89u60,Blake Smith,https://play-lh.googleusercontent.com/a-/AOh14Gh9P3wTn28I7nCgvs_QLBTmezKuaDigY2AhCTznEw,This creator has an incredible mind for puzzle games. The learning curve was perfect and kept each new level interesting,5,1,1.3,2020-05-14 22:34:08,,
gp:AOqpTOG33clD5IR5VAVOqRHpjM9PTktO45cO9IYXyXhF0lNfFxDISqBiFaPoelbB5zcBLa4we-WUsuwbzeL1FBE,Clarence Agatep,https://play-lh.googleusercontent.com/a-/AOh14GiUzqAhrXkCvQGQ_fDvDG6lC7-KMxq8nqD3xwj4Aw,Love each puzzle progressive challenge.,5,0,1.3,2020-05-12 22:42:27,,
gp:AOqpTOGNpI7Blre9GDgh0HBr5XEAtS1DTqKmuPVhLLute7BhWAJV7SWMCfjsogUr-l5mZaITqHdbrS__47Ott6E,MilEna Baggins,https://play-lh.googleusercontent.com/a-/AOh14GhsAjIwMJSjtZ65mzmCVhmqoX5_9c2Csx-4jApj,"Calm, enveloping interactive experience.",5,0,1.3,2020-05-07 23:26:49,,
gp:AOqpTOE321WwKRMmT-43C_Ybbk5fIi5ZL_HIylUwsjrID1YVKov-_oEWANDELwsmqHaL3GQufd1btpE8ZHVv4ec,Sándor Pál,https://play-lh.googleusercontent.com/a-/AOh14GibErxX97W6wNdSGjfopmTpUdj7282m6U4rC7E1,"I loved it. It was a little bit short, but kept me entertained till the end. And sometimes I wished for a progress bar, to see how long I have, but in the end it also adds to the experience not knowing. :)",5,1,,2020-05-07 04:01:01,,
gp:AOqpTOEEMrohkloF8Fc9DAdHNnkKbbB6rGaiMgWkd9Eh6g5asxBFklDZEvannvaVf8A3nYEO_wLq17RvEb4w6KA,John Kershaw,https://play-lh.googleusercontent.com/a-/AOh14GiZIr0tWTL3c4PAmvWBQpsIOJ1D7vmKfnzrOUZFiuQ,"Very clever, very tactile. Pace is just right, more levels! Editor/user generated levels?",5,0,1.3,2020-05-05 15:02:04,,
gp:AOqpTOG-Za1J6KHukPy6KYUq6mc322UKiBGXEcuIVmQdLAOlwfISDb3aoUgSMo6j-k6HojzY09tda-MVrCCYvIo,Felix Pütsch,https://play-lh.googleusercontent.com/a-/AOh14GjqJKvZGJdFshIAj2wKF7MtELRwSbte5KhJWkB1zQ,This game is relaxing and challenging and fun at the same time. The puzzles get gradually more difficult and introduce new elements. More than worth the price.,5,0,1.3,2020-05-03 20:55:55,,
gp:AOqpTOE192rsQh3mAdg_yrtZd3MrDVCp2YlRwMsPMteAHREJ3Dojnx5CpKIRhGiXZjX53iY5Rm-lE_rx1nYRUZk,Stephen Crooks,https://play-lh.googleusercontent.com/a-/AOh14GjCpnZFygIqjfeOjFbk-m1wGqpTVFxlEZMzyC5jgQ,"Thoroughly enjoyed the game, was surprised when it ended though. Hopefully there will be future updates with more levels.",4,0,1.3,2020-05-03 06:17:48,,
gp:AOqpTOGgVR-WP_qd3XThtlx9ZmBEu51A61y0lk6-XDWTbEgT8avoReJwzStfJQhElvynjIn-Wvd3lMQ9jVbz_iM,maher dahdouh,https://play-lh.googleusercontent.com/a-/AOh14Gh6ZqsHxfgjCfN9AnAkz_pBY56gF3mTsIGAr9KL,Very relaxing fun no pressure yet challenging game. The sound design is impeccable as well.,5,0,1.3,2020-05-02 02:42:09,,
gp:AOqpTOE0b2aQyIb5D-TEw1LYW6xLPDfiS53m8Cpr5jHGa_vtGl4s6chSPotH2utKDUBa_OYwQouMbbyZm1C1RkM,Charlie Smith,https://play-lh.googleusercontent.com/a-/AOh14GimdCzF9fGKk7LOBVJPFbv6jgtzXWD1qr8q7zHhsg,"Wonderful puzzle game. It's easy to learn, starts off being not too hard, and gets progressively more challenging as you go on. Some of the later puzzles can be a little frustrating. But, if you just keep at them, you'll figure them out. In all, the game developers have done a great job here with this app.",5,5,1.3,2020-04-30 19:22:12,,
gp:AOqpTOG05xQMGzcWftTEiThOkmSPrg_SHxOlhMYwWNq2s_m_fbeXPJ3yfrFWxEJcJN9qJpsY5SgwigSyVtpMgvM,Tony Sibley,https://play-lh.googleusercontent.com/a-/AOh14GhoOV2M96QeibPBhnEa7MihmIrT-uOAIN-Vo8fP,"This is a great, chilled puzzle game. Enjoyed it so much that as I completed it I said ""oh I've finished :("" would gladly puzzle on with more of these. Going to check out other titles by the developer...",5,2,1.3,2020-04-30 05:40:46,,
gp:AOqpTOGUJmnlIJx-09Da4EiwgWdy9IT3qgovf4d-21_ke0EObMRekxfYg5QUko6nhm480Sen5a3oxQJCIE_kbUM,Phil B,https://play-lh.googleusercontent.com/a-/AOh14GjNPn5dbhBGBhaprjoKPol2seSeW9nVRE7_epuj,"Such a fun little puzzle game, I got this for free (limited offer) but would have gladly paid for it",5,0,1.3,2020-04-30 04:41:17,,
gp:AOqpTOGPUAM7OSWvwGPRPd0wSuylhIqD5ZfL5viSwv5C96TeID9dDDsND-EOog8Nb8MRo4FaR5Fop-_lhtci6-M,Abu Bakr al Caranzalemi,https://play-lh.googleusercontent.com/-BPOZqKiaTtk/AAAAAAAAAAI/AAAAAAAAAAA/AMZuuck8_prQBLhN9lyrqt6hwt6WXFKIBw/photo.jpg,Wow. Game of the year.,5,0,1.3,2020-04-29 12:34:59,,
gp:AOqpTOHN8a9o8q0ohIjQGvAc8zYxmBXRT3rOF9B1RH4yPYAQOhTwGPANBlq_9pFpm5Zkd7khzKAthgKRUgiGfag,Josef wells,https://play-lh.googleusercontent.com/a-/AOh14GgPZ4b2zc8hynWYsUmuEfdo-qdejDAKcfCrM05-gPE,"Low stress fun puzzle game! No ads, no nags, no timers stressing me out, no gotta get 3-stars stress. Too short, otherwise it would be 5 stars.",4,0,1.3,2020-04-28 18:08:49,,
gp:AOqpTOGkc2wNrI17269RYnIRBXupbLMxwLB0_CR-BZDWQy1PqzsRZgi17kcqp6dDQirZcD1XM6rZ1_xUhM38caI,Thomas Vargas Holguín,https://play-lh.googleusercontent.com/a-/AOh14Gjkp5XDbkNdFb5QeQtwiy7qQbBGhyznqxe-d6U4CQ,Amazing relaxing game,5,0,1.3,2020-04-28 13:33:08,,
gp:AOqpTOGLOclK8jgkmXNzfk8oV1sK5sseqhu_RHwbIcFothqkCtRqB7jJ5N8EHu77x22X6LVoYOs1bmg-mcLqe_Y,Nick,https://play-lh.googleusercontent.com/a-/AOh14GhFiEVwx7rvzHAUpqxBJ-ycPkfFvwF14k_8CWwA,"Nice relaxing game. Please release more levels! No ads, just a good game. Well done!",5,0,1.3,2020-04-28 13:32:32,,
gp:AOqpTOF1KDlBIRL4DBjMUthIQ3Od4AtUDR4BlSMmMSRFYbZhFpRnFRJiR59B3BlAtU9LiODJeGHPlBKyX6ViCrU,Guru,https://play-lh.googleusercontent.com/-zvqS7HCzcQc/AAAAAAAAAAI/AAAAAAAAAAA/AMZuuckta8VQwOoKYaaFNN2MpWnd7AT3Tw/photo.jpg,"This was an awesome game, just like all the other games from this developer. A minimalistic and flawless game it was! The game was easy, I will say the easiest from this developer. Still it was so much fun to play. The game is short and I completed it in 1 day. The price is maybe worth because there are so less games of this type and quality in the playstore.",5,8,1.3,2020-04-28 10:44:25,,
gp:AOqpTOFYfvC1qU0a45g0QwF_wFEeRCCtGwsYmdRAgMdp-VBMRwoqGJAcb9FYS-tkBV9Kuyb6U3HPHq7OdI6O0MY,walid Jlidi,https://play-lh.googleusercontent.com/a-/AOh14GgiUCLyHI5chI4JAbN5nFcMEJ7u2j3aiPEZC_dhBg,Good game simple and tricky I like it,5,0,1.3,2020-04-27 20:01:00,,
gp:AOqpTOEUQvk1NQeaNFsNL9jF96bHuOk5_Pt7BDDsrmrQgW43CKb7uhIapmulduAVALqkazdMq4q-qzwf4aisAPg,Ananyo,https://play-lh.googleusercontent.com/a-/AOh14GiB0tnFrHN0gK9qmCKVQMDOSFbMg3x7eMaHAOZMSg,Great minimalistic puzzle game. Would love to see more levels.,5,0,1.3,2020-04-27 11:04:13,,
gp:AOqpTOFmDx7XkqlD-degU-8AfVAZ8cQ9uF1YHLoHCOqrYg8rWhTi-lvlEzbJKu4lyzu2QHpYO7QZPRlEK-ktkns,Aika Jackson,https://play-lh.googleusercontent.com/a-/AOh14GgqVveep9gxl_tDmZQ_ed8ng5OT6ThhaDZ8MaepWA,"This was a relaxing, slightly challenging game that I really liked! I wish it was longer, though. I was able to complete all of the levels quite quickly. Other than that, great job! 😊",5,0,1.3,2020-04-27 09:59:41,,
gp:AOqpTOF-Usl2eA-b5YmplXw3_zam4oRKv2IhhsmspOfftNNN9T98Z29mXp71OsLS9boybPpwD8OIO8nIAtVPUtI,Teige O Loideoin,https://play-lh.googleusercontent.com/a-/AOh14GjZHU16mb1_i0HY-NgkXmaODvrfWltwFBqhn0Cxiw,"Great puzzle, very simple to pick up and fun puzzles. It desperately needs more levels though.",4,0,1.3,2020-04-27 03:04:41,,
gp:AOqpTOHOHu9eZk60NnTKo1ngZwoC8JsTrM4LCTTNc8H8EOT-JaPjcti7ThGFJPXR8fcIzuxzvc9gnGulm4iu698,Abdulaziz ax87,https://play-lh.googleusercontent.com/a-/AOh14GiuRD7-NFyLRNg3mWgaVP6GFkuFkJeB1pQ2oWw,This game give me anxiety,3,2,1.3,2020-04-26 20:20:04,,
gp:AOqpTOEy2ehL6ea8B72-8xInqIUHZoABVn2gQEP61Xz25vbzP2eJ3w16qtpgarFzqmiLcpfXY8eQ0bIp5X1ijIg,The MythMaker,https://play-lh.googleusercontent.com/a-/AOh14GjukA2D90xvPp63iGBARHQB_-qiuK9rJaiUkbw,Simple but fun in the style of their games.,5,0,1.3,2020-04-26 15:58:25,,
gp:AOqpTOHXqcBMyV7loBS3D9-rAAwsHigZQsQ3346Un6T2fefqL2wTx2dYJ_bsrpcVAPWFyg2mDwMJYwCfmRSGZq0,A Teeter,https://play-lh.googleusercontent.com/-IDphug1t_vY/AAAAAAAAAAI/AAAAAAAAAAA/AMZuuck5zZ3DALxlCeQw6gBH3lLCiq3kqQ/photo.jpg,"Fun, simple, puzzles that you can play a few minutes at a time. Highly recommended.",5,2,1.3,2020-04-26 13:35:07,,
gp:AOqpTOFrD_jZ9pMv2ubqg82PI9T509iKh7WUh3UDm-9K-mMqXwJtmQLAle2VUPj6cXaUshzQSmMMo0ZpkFi2xfo,VG Mesina,https://play-lh.googleusercontent.com/-rnBQXtjFuXw/AAAAAAAAAAI/AAAAAAAAAAA/AMZuuclAkq0_2pWoiDgjprEYcqSPgU0p3A/photo.jpg,This is a minimalist game that I absolutely adore. This is easy to learn and play while having your dose of relaxation. Easy 5 stars.,5,0,1.3,2020-04-26 11:50:34,,
gp:AOqpTOELbtOcFaimgOvoDryOH71Xy1CbLVM8RNr5Q09yIIkdgICsDRmdkI-g8FG6NVQRoCC_vXmEhWWSf9cDAZs,Jenna Morris,https://play-lh.googleusercontent.com/a-/AOh14GgQP-sY1VgnF4Rz1stYZ3QGF4r_ZxS0ozWWuSrT5Q,I really enjoy all of the rainbow train games but this one is quite short and never gets very difficult. Still a nice little game if you've got a few minutes to kill.,4,0,1.3,2020-04-26 10:17:26,,
gp:AOqpTOGWWNsaUUR4QqWSymkIvr2jzHmOx8TxU2I2jjspPgN0FnJ9pif50_8S1V_a5ljWsC698lbhm19dRHwrucM,Sébastien Faucon,https://play-lh.googleusercontent.com/a-/AOh14GhzLACutbh9jCIuOqzC82DkySX9xUC9jcrzLbWY0w,Very nice and minimalist.,5,0,1.3,2020-04-26 06:15:36,,
gp:AOqpTOHkdZmAJzktVYdPJ7RENEmDL86wyAogJJZQ1ObPOShdXL0yz82PBn2bEnGIIY72NmbIQlz9VR4ul_Hre9g,Ben Sharen Li,https://play-lh.googleusercontent.com/a-/AOh14Girg-2e2O1QRb2t9P6amJvXbzd5J2Bfi_WjsbD1rQ,"Relaxing puzzle, calming music, easy to control.",5,0,1.3,2020-04-26 04:48:02,,
gp:AOqpTOH10F55NaIChDJsc_V6xB3qpr-Y30gzSDY4NkuTQCh9imrGtmTcuyMsfB4UXhpXxpfn7257mCh85wrbZuw,Matteo Ceriotti,https://play-lh.googleusercontent.com/a-/AOh14Ghns3dv_nLlyzdu887mVVDAb08CP8u29MSWHV5Hmw,"Minimalist, smooth, original. Well done.",5,0,1.3,2020-04-26 02:53:57,,
gp:AOqpTOFMMuw5IEW5fJbND7tuQDx-Fsb2pcNKVhdV1QpfA2atiYZbxLCJ52J2EWvj9YDVYhAXq3kFB4_Ll9JCPs8,zoran popovic,https://play-lh.googleusercontent.com/a-/AOh14GjJBbazdBoa6nVmtWKz09ZCULFRRLDvBlLt5bT9TQ,Excellent,5,0,1.3,2020-04-26 02:46:29,,
gp:AOqpTOHAJQWlXFKP3rNfi3fW9-3AlE8qfdo_DlydyaQ3MIttCEu1jHK67nB07teZ_ypBfwnCi0cLb6MXnpM3ra4,KINGSTON MOSES,https://play-lh.googleusercontent.com/a-/AOh14GhiL1cd_tanvZvKgkQF6gnmQaugO1OcAcdia13r,😁,1,0,1.3,2020-04-26 01:36:17,,
gp:AOqpTOFp5kQvz-dMSR-TXWN_A719PmOTBloyJx552Gg3rcCj04qxc1xM6A-i1b5c58FH58A82yma_ygKDsk2Wgs,Tisha Beedle,https://play-lh.googleusercontent.com/a-/AOh14GiDINU-Ldum0veyNWhf2fzZOPKrNHFddvUz84lzlw,"I adore this developer's games!...my absolute favorite developer! Thank you for helping me escape boredom! All of your games are, in my opinion, the best games on Google Play! Keep up the good work!!",5,1,1.3,2020-04-15 20:19:35,,
gp:AOqpTOHHiQc23BMCWE6aJ7bb48hVi-kGMik4-xeSu8ZNUGlC25Asxgs3PlSueABhxgXhsTdHTx1v2f_AN6P9VGo,Brian D'Souza,https://play-lh.googleusercontent.com/a-/AOh14GgOKlMDfCOd8HV-I16jSnvxBAwV67wrPj9BtjNnVSo,"I like that there are no time limits or any achievements or anything. You just play for the sake of playing. Although a tutorial might be helpful but there's fun in figuring it out yourself! There is no high score or star rating or time rating in this game, you just play because you want to play. I like this game, more games should be like these! Instead games nowadays make you grind for no reason!",5,14,1.3,2020-04-13 03:14:15,,
gp:AOqpTOH7j_B7exdJPYxKNbw1zC7NBtqiWaB0meh0rm2TMSjRQAP9RbaJLZbp3hCZeeCNGz9VIiw3A2HgSZD-iGE,КАТЕРИНА Ю,https://play-lh.googleusercontent.com/a-/AOh14GjyEqVXV3jT5i4g7iNBBQvYSRwsdmaqxuA5TZm7WA,I love the design. Thank u,5,0,1.3,2020-04-12 14:26:50,,
gp:AOqpTOFeJ-NisrsXTVUsrjXdsAQIkiJlnufSrClM5ui8YVeqG48VhHMi9fJnIZjtXbrX6w0_rGLI7UUEaBDgsYE,Amir Muhammad,https://play-lh.googleusercontent.com/a-/AOh14GhQcf7M3XthwSTkE4U_tr_KezwHqt4aZC3Rn7XHsA,A good relaxing time killer.,5,0,1.3,2020-04-12 05:08:27,,
gp:AOqpTOH3NtZjlLIk_GJIinI3vLB4zfmobOrLS_vvjQzZNYn0Du1buyn2DVnWkEkNaI5iy0EN0M6M8VgZJy3R7cQ,J Nelson,https://play-lh.googleusercontent.com/-pnzEWU1ArOk/AAAAAAAAAAI/AAAAAAAAAAA/AMZuuckuNuMwP7YogHMa7Wr0-TvALqdOmg/photo.jpg,"I enjoyed the game, but it seemed a bit short. Maybe that's because my familiarity with other games by the same developer prepared me to know what to look for. For first-time players, each new function starts very simple so the player can figure out how it works. Then it gets more complicated with each level. I think it's worth the price, especially without ads.",4,5,1.3,2020-04-08 15:16:22,,
gp:AOqpTOFiMyw35PWKqmyx686Zby6wEpjDdoUEnaqhmtVI8tTVcI3IrG7HMo4xqBZ9pJs7W-sHqOUasPs74e9tyWk,wo0ps,https://play-lh.googleusercontent.com/a-/AOh14GjIOZpY1XiJ9ynTKJa6GOh0q0B4-uoh4j5FrVPh3g,"Great game, but a bit short",5,0,1.3,2020-04-07 13:05:18,,
gp:AOqpTOHuqleMMZS65x-VfAAqTP49yaY30R8RFvGw7GMEqHNLJ9CYY8n-hPILlyyCCpo9wGdz6kPudP4EGSepv0Q,Ruby J. Scheme,https://play-lh.googleusercontent.com/-Pq0aY26EOpQ/AAAAAAAAAAI/AAAAAAAAAAA/AMZuuclpq_ZNZotxW2cpuNV3nDvSASo5WQ/photo.jpg,"Intuitive and responsive UI/UX, as usual with Rainbow Train. The difficulty of the puzzles grows incrementally. Yet it doesn't require a lot of thinking and indeed feels too simplistic. Probably the least interesting game of this developer.",3,7,1.3,2020-03-30 10:03:01,,
gp:AOqpTOGp7owF1KUFqp3pHr3o-cjxuyY4sHgawDWhZ3SEyGSZHD72Qm22aPaSb7yLn90SNfF2_D4XJz-bBwmNi1o,Lester Pullen,https://play-lh.googleusercontent.com/-vXbIH_qZbpw/AAAAAAAAAAI/AAAAAAAAAAA/AMZuucktfEw7RfJ7CP3Z9avZAxue1R4UlA/photo.jpg,Friggin awsome never played anything like this,5,0,1.3,2020-03-27 19:22:32,,
gp:AOqpTOEdub7151cUXcs76i5wt0-qOvHBxuU7kGYEIyg_Tcdvao0OkeQNUfVXQtFsU7-UOA2EmqH9vewmNdRUXeI,Lea H,https://play-lh.googleusercontent.com/-AYzJqeIZM9w/AAAAAAAAAAI/AAAAAAAAAAA/AMZuuckAZjdm-yyZY9UJ3bz9L0ijd33New/photo.jpg,"Very enjoyable, albeit a bit short.",5,1,1.3,2020-03-27 14:08:39,,
gp:AOqpTOGk3oFjKXLUCJQ6UYW7MA5ztSox5iYTDzD012QT_RMkIbhDYCSoiK1lGR8gV_CFBzyLirz57TXPFMwhOKI,Paul Gray,https://play-lh.googleusercontent.com/a-/AOh14GgssIG42ygs0FEvrVZgjSqR-BPGFGqKr_qg5Ekk,"Beautiful, clever, lovely sounding.",5,0,1.3,2020-03-26 07:20:06,,
gp:AOqpTOH1VLCQzwkAVgG6QA6s7JEqoCUk1njyL__BqD1FfxfksghYakK6WG6ifmJJIQFNmzHct-nJjtBGFEDJmfE,Chris Nevitt,https://play-lh.googleusercontent.com/a-/AOh14GjUWhScS-pF8q5Cb51wd5J4cGJrrtYSzrXeqrLd,Great minimalistic puzzle game.,5,0,1.3,2020-03-22 09:24:53,,
gp:AOqpTOGPOe0KelJam-rwEit10peouS8TiJ8-1phjQ6BX3PVRgJHwMzEm6L3xCMtmhwP_mYL6pGi4I79Nw_IWOMo,Ameer Hamza,https://play-lh.googleusercontent.com/-2QDRH2lO8ms/AAAAAAAAAAI/AAAAAAAAAAA/AMZuucklwq4SpDSNvdKcSrS7vGjtfri6oA/photo.jpg,Nice application,5,0,1.3,2020-03-21 11:25:53,,
gp:AOqpTOFJBWcTd_HNAknSsen6sLwSTHuVj2eam0duVuA9YNxlutNmZWB5edBkjASSiOHKuw3quBin7G5l2g_b6sc,Ansis F,https://play-lh.googleusercontent.com/a-/AOh14GiU3al3oPesY-K81EDHht-LUM5Mydqv0sJTvbymA54,My favourite phone game for sure!,5,1,1.3,2020-03-20 23:51:12,,
gp:AOqpTOHHqMQX65mVvj9YNEjku-YCluuQgGB32b3XO--GNHWznDaIgUYVT9a7_DyCgeQOCzL2R007WQ0B65xoqvg,Yervant,https://play-lh.googleusercontent.com/a-/AOh14Gi5A1RKkmroA3PS0c4hZc6ZijMJHx2fGa5obvL0jPs,"Decent, if you like the others in this series. Good quality, time killer.",5,0,,2020-03-19 20:53:13,,
gp:AOqpTOEFOwIOula0EJk3vUZSjdK6_1OgpRGvCnaNMhWv8fi7z5VM5msc07YcJghn34vr5Ebxzuj7cREoIBX1cko,Joe Shaffer,https://play-lh.googleusercontent.com/a-/AOh14GhoGdRER6UjQjb1QpHfRUEjoas-X2MzJpPExofq,Fun unique puzzler,5,0,1.3,2020-03-17 20:42:20,,
gp:AOqpTOFB-w2qqA3yPbYxlQ7EyzNd3X-DHZp0dZwvKJOl_fuVqrKnuy7gH1KRGVZ5A08pj1aDNUjTR3Q4FNc5dHU,Imran Hussain,https://play-lh.googleusercontent.com/a-/AOh14Gh_V2kqN4nu5_v-xF5e0dOyVQK5BBd2rA1r8-PDcQ,Another awesome game from Rainbow Train. This is an easy game that you can play while relaxing. I enjoyed it a lot.,5,0,1.3,2020-03-15 09:45:10,,
gp:AOqpTOFHWnj6wJaBzTt31eb4ejrdHv9WnvrtB9a1kPeryX61cA37nU7USVaTuFazu1hK_76PxjE4a6tKlJ8D3gs,robertgrigg76,https://play-lh.googleusercontent.com/-T2R3xh30ZRM/AAAAAAAAAAI/AAAAAAAAAAA/AMZuuclfaX_QaohPUYbBXNAebwi9Yj6irg/photo.jpg,Super high quality that I have come to expect from this developer.,5,0,1.3,2020-03-13 10:12:58,,
gp:AOqpTOGSY1AS7bw6NgHVMK3Wpm_kWQGILF1UoO54nJDRWTB7zbwRA4fN6d-B0roJbULyj-zXqJ8vOPKVq3uyIaY,XFearlessShadowX,https://play-lh.googleusercontent.com/a-/AOh14Gi6MTmcRuhAr6wYTaVyCzheDam7kpSQuGdhw0PgeQ,Best puzzle game ever I really recommend it!!!,5,0,1.3,2020-03-12 21:32:39,,
gp:AOqpTOFvYQIYplov1zX8lXFjJqg9XnquxocWa9sXj4jBaYCzGapoxdrnqgmLMy3lUNc3ebLT4Ecg0h25FQ4mUN4,Law Schuelke,https://play-lh.googleusercontent.com/a-/AOh14GiHoi2Cywj3ufiHQ-Hv4eKQfEFtpXpRW0f5MPoAzg,Another fun one from this developer. Clever and doesn't outstay its welcome.,5,0,1.3,2020-03-12 07:06:05,,
gp:AOqpTOECyNABJTwHCl3XYFkbxFhJCG_LIpp23cK1Fqn6nVLf6sYB82Mgf7XvYECDzLBxyN4OQVZEaTkZrBRbLug,Shirwatel Simini,https://play-lh.googleusercontent.com/a-/AOh14Gj833FRYtzMjG5sqGjewOQBnGrCzTwOq_uZccdqPg,Exceptionally excellent !!! Worth more than 5 stars !!! And i always like how your games end up with ❤️ level thank you mr dev !!!,5,0,1.3,2020-03-11 19:06:44,,
gp:AOqpTOFW-l9v2C20zQLXSErG5F1ABfIbSeNc9QZ7cg4-OENUrZauDSwwkycei8djjX1D8EOJFwz1DylxH210bxM,Joel Skaliotis,https://play-lh.googleusercontent.com/a-/AOh14GgJOvZK65tQOPwKX_3ATmln4CAw8SoBJsx7vVcB1g,Rainbow Train puzzles are always wonderful,5,0,1.3,2020-03-10 17:15:20,,
gp:AOqpTOFe7N9IdALj37GkRlnz6EkBuq9Rji_9qiESa8uqmVtAeL2gHNXtpCONEW_5c2Mpd-r9WgN46yxsiWkykEg,Jo Mo,https://play-lh.googleusercontent.com/a-/AOh14Gj2Y4_YJboPlHKgMpeu9OZLEvl1bp3NNA1wJoUbWw,"Great game, hope you sell millions",5,0,1.3,2020-03-10 17:13:44,,
gp:AOqpTOE2VqoKkfe7HL5rv0yPf9v8nV0fuGsNsicntBNDxMLOLSqbcFusLm_wRRFY201TAakaFi9_roq3zdQGInU,Safiya Ibrahim,https://play-lh.googleusercontent.com/-gwLDy8Dk8ZY/AAAAAAAAAAI/AAAAAAAAAAA/AMZuuckIJ-n9TIXc5Eogeals9vsk55fghA/photo.jpg,Amazing game. Music is very relaxing and is a very calm problem solving app. Very short though hence why the missing star but overall great.,4,0,1.3,2020-03-09 15:06:02,,
gp:AOqpTOHh7lF6FNMtfWh4HqsUXkfS17AqnD6OLQBXxifT--8zgAotcnnpwb2HElS4VqBaI7RUp5AlmPlwwLNwG1c,Piotr Glogowski,https://play-lh.googleusercontent.com/a-/AOh14GgFh9payr7Jzc5MoIa7VKiGWeeE6qvX7FVxxxnZqA,Amazing and relaxing puzzle game 😊,5,0,1.3,2020-03-08 05:43:23,,
gp:AOqpTOGOB2tzzxKErwbedIVbB8bI8Por0_oBOiQ5iNiM8AviKUvFgo_sX4z_4rVU9lxFWzbUgHC6yM_JSSFWE_c,:P WQing,https://play-lh.googleusercontent.com/a-/AOh14Ghsp83sljh3x5vLCEONIsGlsOobBPZJamLNJrz0pk8,"Not as good as up left out, feels more like a fidget toy (like their other games)—it could feel zen if you just want something to do, but it might also induce anxiety if you're looking for a more engaging type of satisfaction, fun or challenge I guess, coz it is tedious, not difficult. (But thanks for free)",4,6,1.3,2020-03-08 03:22:48,,
gp:AOqpTOHACHbqzi-9ExePdy9VzWeCyHWSfn_-OcRt_JYReK4vuQ8Dth7qHA04xIJpJKfQ4GCXXjXfuEV79YN6c7M,이주형,https://play-lh.googleusercontent.com/a-/AOh14GgVuT7cTmxf_3zU8MfSqBVW27_LqCNGkgs1_H1NaQ,good,5,0,1.3,2020-03-07 21:08:56,,
gp:AOqpTOF0dxCvYTsEAvdvwHGEmhKb96eQMTI241F60pDIIp6zwfwArnz-ed2TmbEvDeRiJZQk0CYsxqaEu9VfNbM,Ayden Tucker,https://play-lh.googleusercontent.com/a-/AOh14GimoVh29Q9TCIzbLsVNSpoHVtfdPvob8G_aJUXn,I loved it. It was an enjoyable experience with nice calming music. I have now beaten the game and recomend everyone to try it,5,3,1.3,2020-03-07 20:23:42,,
gp:AOqpTOFy-ICCtK8cHdFGdQ_bn7CorL2xUKdnSq7XiQrTG_HR_pkQSUQ3dztW8G4SYEkAaJNferzkl6tjw5-LxQQ,Jean Lam,https://play-lh.googleusercontent.com/a-/AOh14GijlwEe0x3_Ci4g-ujeBsCoA0tlhteStD3MwRdUSg,"Great game, too short though!",5,0,1.3,2020-03-07 17:13:10,,
gp:AOqpTOFpLi5oD45chzxM9BKNKcy4f7EqGw6WH4dZ-zRRABoYAhF4dSkKraGnl3-s6AWa13ezrjnjiatfOqEeBHM,Michael Richins,https://play-lh.googleusercontent.com/a-/AOh14GgldC6NoHsvbArYAW0niu09KfCrgKqRMQUC3EZc,"Challenging yet casual. Spend a second or an hour, very fun but won't demand time you may not have available. Very intuitive.",5,0,1.3,2020-03-07 10:24:17,,
gp:AOqpTOEuRUl_3i7r7FqS_emHqT8jRwB5y6zvhf8zzi76e6in4Q9RKw_GnWR9abiyRHI4djJhlxjipP9O6Vie9d4,Seph Gallistel,https://play-lh.googleusercontent.com/a-/AOh14GhpO4PBl5ev4BzgqsFX8jKOA1YhBzzLWuxG8r9lVA,Very enjoyable puzzle game. Only complaints are that it's too short and there is no main menu to go back to your favorite puzzles.,4,4,1.3,2020-03-06 20:05:15,,
gp:AOqpTOGkiCEWiKkl94dlPAKPlgEFj_6boRup9CYBDBmX2FmaZMC12J08ZxRoByJBegIlXY8PbKJPg7SqSpWzTYU,Ryon Grau,https://play-lh.googleusercontent.com/a-/AOh14Ghzs87OqQ_pTY6OCMhx6_eqoC1tij8vrp00YQV-dw,A perfect little puzzle,5,0,1.3,2020-03-06 18:52:47,,
gp:AOqpTOEcN-AlshnDtIxwa-572Mp3IrDUneiM7j2-anFV9uHQ_bfbPEeuLGoSqqPWvLce-U-uLzXW7We_wFTPx_Y,Nopphon Ratanamanee,https://play-lh.googleusercontent.com/a-/AOh14GhMYEY_pUjyohwlnPw64dPbpn0JbTHiSLKkZtu_x1Y,"Although this game is puzzle, It can help me relax from the streess. The music of this game is incredible. I can listened to it all day. I also love the sounds effect when I interacted with the block. Every design in this game are so perfect. TAKE MY FIVE STAR!! (It would be nice if it has more level XD)",5,8,1.3,2020-03-06 18:38:02,,
gp:AOqpTOFfDaP9nkDX4W5w-CKs9vpm02D6OWoooFW86ATAUcjT-o0igvp4V4qgUvT0P5Zh-qlAaUPzdXC1O40WTjk,John Bohman,https://play-lh.googleusercontent.com/a-/AOh14GiIunzc77EB8_n5ctSFa-lD_5_JjHE48EYHAPO5vA,"Great game, I love the puzzles. It's a very clean, simple interface. I only wish there was a way to get hints every once in a while.",4,0,1.3,2020-03-06 14:12:32,,
gp:AOqpTOEKPi5y3nuloiGpi6S25_E-coRCtNdNgBeVcVFdPzCmtFHSshJ0VeoBjNpd5rgODpLrUDRlcbjdl4TUM2E,Román Rodríguez,https://play-lh.googleusercontent.com/a-/AOh14Gi-PbUTf9E72LV6F84_Uy0UbVzcUZm-hkygwwr0mA,Love all these puzzle games,5,1,1.3,2020-03-06 12:40:41,,
gp:AOqpTOFdFlvcjrNpHxm9yS5Kr1UojflBSwBnV7ttMPEwujhA5JIwoOztdQSGomRnT2zPXwMd9Gc7etDHhsrD6c0,frogpond,https://play-lh.googleusercontent.com/a-/AOh14GhHAHWEsCvzA0Yyv4mozm2WXTsPSoYM7dPDCgr3bg,"Bought this game on Steam a couple of weeks back, was pretty happy to see that it's available for free on Android. Naboki is a really good puzzle game, the same goes to other Rainbow Train games.",5,4,1.3,2020-03-06 12:29:42,,
gp:AOqpTOH1Bs7ddNuuzewv077kYfDz6fwLs0Hji-bVuI_VgVJpLhbknUILLgU8ZQEg9QSXEi_eadYB-yxwfeaZE9U,Kasak Agarwal,https://play-lh.googleusercontent.com/a-/AOh14Gjv9dU15AOoLcbnso-Ud2CAyWCVtJevkN7w_aax,Forever,5,0,1.3,2020-03-06 10:17:31,,
gp:AOqpTOFePcjqdmIJHBuoXylbCVS-bFXycw0Oe5fiRJFvY513tuSMjhUD-8zJAuMaYZq7evDbMgQ8hbrXhD2Y1Go,Hikari Kuro,https://play-lh.googleusercontent.com/a-/AOh14GgzEgFymPOZp3h1kaWp6g8VBp9Ao2l12YuToDY4DA,"Another great puzzle game. The higher the level is, the more challenging it gets. Truly worth my time and effort. Thank you.",5,0,,2020-03-06 08:07:52,,
gp:AOqpTOHJo-6x9LyRomp8xdYJlbOGwXOmKfT_zfYuFVaTuPcMmzWwvAAJLSSlxeTD9qu95uVv5H50-CbFwTDZog4,Raul The Sorcery Student,https://play-lh.googleusercontent.com/-VH2dtxCrvsU/AAAAAAAAAAI/AAAAAAAAAAA/AMZuucmy-Sr13Rm1dbBc-DbZA5Qmf-BZxQ/photo.jpg,Nice and relaxing.,5,0,1.3,2020-03-05 15:02:50,,
gp:AOqpTOFaPcEiFMaI3Izgykn2jczgos7OC2DnKWhvDPkWa5tU4PKijQruXUEROzQ1C3ozPyMvs1c9UT_jC1JpTuo,Rom Mob,https://play-lh.googleusercontent.com/a-/AOh14Gh3pNuWYbgmW4JPOPZaIPfLEOHA2nZwgTRkgKnV,Fantastic puzzler!,5,0,1.3,2020-03-05 05:53:16,,
gp:AOqpTOFolTWml5Mb-l5s_8WSewiwXqbc0m5VfcGTXVpexINYEqEVxHgvIVWgXDXuiZ8XCrAbSAI9VlwKtck73fE,Fire and Ice,https://play-lh.googleusercontent.com/a-/AOh14Gi6gx83zsdhZAVQDogO2KlV9wx1mcxKoNujeG27,Really cute and fun!! Although rather short- Glad i caught it while it was free,5,0,,2020-03-04 23:03:46,,
gp:AOqpTOGDgRPQSh6tIGI2D9foBjqY70shqEew_IiFZi65fEf4o3QmZ6D9hsX9HQNrCh3JlUrlYtZL5tdSc3EmANU,Bryan Loo,https://play-lh.googleusercontent.com/-JUq_EmNevYs/AAAAAAAAAAI/AAAAAAAAAAA/AMZuucnmnIojnuYkCF3eU69cLHTdouM6Yw/photo.jpg,"Good game again, but too short. Woefully short, terribly short!",4,1,1.3,2020-03-04 21:10:07,,
gp:AOqpTOFGqRYPFNFOx7tlUtqWbxYheX24lMxgcE6Ano9E5vIl1LK1vlBKmWbBVPi9TUNcxpt11hbzlgvYHKsOOAU,Анатолий Ширыкалов,https://play-lh.googleusercontent.com/-eI31wFSQ8OQ/AAAAAAAAAAI/AAAAAAAAAAA/AMZuucnsip0_KY6sMeUtnV8IvCoRn7Febw/photo.jpg,Brilliant,5,0,1.3,2020-03-04 17:30:21,,
gp:AOqpTOGzbaEemM4WNhDTI0_99wtbAimWuJA6eWSYQkef1SbLpgnTYyyd8sCWNqOlEKw6Zzxr6zSVODFRLC7Qbt8,Yotam Dobrin,https://play-lh.googleusercontent.com/a-/AOh14GhBYRN0OU1HehGEVNIApLbk-kCD8Ddtgx54RDteCQ,Challenging in the best way possible. It left me wanting more,5,0,1.3,2020-02-21 14:19:40,,
gp:AOqpTOEGOFNszLDep5j7lLvne1ts58lYvWsxXV0amkezQ104jnAptUy5FKVv2dPjvN2mBzAJuIvlvEQWMNOtPRw,Aaron Vey,https://play-lh.googleusercontent.com/a-/AOh14GjNe4IHmBGyFOoHI0-qEVKWVRRDtARuvtRwNcUcGA,"Could be a bit longer, but amazing game",4,0,1.3,2020-01-18 17:51:32,,
gp:AOqpTOEHc-5i0nHl2qhODcQFqwAeOMliIWAPQJzRWfJRu0BdoP1F4MkROQb_RSf5NPaS0F9MZrjPM2lklzq7Bg4,T Sav,https://play-lh.googleusercontent.com/-BFytSJKoT5c/AAAAAAAAAAI/AAAAAAAAAAA/AMZuucm7pdICsMuqtcnwiFTFMUypPWM6RA/photo.jpg,"Lovely peaceful game, with some real challenges. I always enjoy Rainbow Bridge games.",5,4,1.3,2020-01-15 05:26:26,,
gp:AOqpTOH95LVLjPJEqrF3J-Go_hlHlA7LNIgpNUXkvHL6VrAshmyMiUORbC4UAbWjRpJte2HmzPIlpXlJvJZ2tgI,p twy,https://play-lh.googleusercontent.com/-favVDhDojIs/AAAAAAAAAAI/AAAAAAAAAAA/AMZuucmdTP18xeXYbxku6-Lv3F7xoSwlLg/photo.jpg,Another great chill puzzle game from rainbow train. Play all their stuff!!,5,0,1.3,2020-01-09 18:04:34,,
gp:AOqpTOF-rnCOiIvXj-TBm0pjSXyBjcF-lEKWY_go_-hOmVKtksR8st0_2o-54GGw3l4oR-A9Ry0q7rZeqf7oQ4Q,Michał Hickiewicz,https://play-lh.googleusercontent.com/a-/AOh14GhYsOoYu32VuCIW6SCZnIPy1C298waTjOoVM6pO,"Great game but too short, I want MORE! Can't wait for your next game.",5,0,1.3,2020-01-07 02:00:44,,
gp:AOqpTOHsX_FE9VWpgISchHxiVfxSnns54C9Hyq6DFyJXMKK-5p5kHGPfdvVJaLyT-mLO2iBkhBWNoTw-m6k4txI,Alan North,https://play-lh.googleusercontent.com/a-/AOh14GgIiISjz-WB0IoASX-bBl4kvDjbmtpxfCVmJFWS2Q,More excellent chilled puzzling.,5,0,1.3,2020-01-03 08:08:44,,
gp:AOqpTOHZnPBpCMLdKlcXfvLJGI2Z0OgPldj43bEYIRUVq-CPmW-3ouNKHAjoD1iNBOcOfcMhotLIM4rW98-z01w,K B,https://play-lh.googleusercontent.com/-2oBsVYKXpdk/AAAAAAAAAAI/AAAAAAAAAAA/AMZuuckz4ooAkuCCZYLihvwd4q846RYYwQ/photo.jpg,Excellent puzzle game!,5,0,1.3,2019-12-30 14:40:51,,
gp:AOqpTOHM7_rkmkZjeiMgm8RfXyYC-R2dA1nYQBFPi94UDhh00AqxTHQ_MOms8ZjW4ssqG_4ODB34IVI5PHQJCjI,George Graphy,https://play-lh.googleusercontent.com/a-/AOh14Gjj8OcqNj5YAdYeB6fQ7HYsNbAkjbWSK_6XHcRi,"Short very short, but what's there is good",4,0,1.3,2019-12-26 05:28:32,,
gp:AOqpTOHoFbjFezG8WS8rwFhdNuWhrvK9E98nsG9hHWkkFFEZJwLLD_lMOzFgR4J95fVSwwMkKK96ChOdsRmRIsg,Makara Nou,https://play-lh.googleusercontent.com/a-/AOh14GgVUu1ZHTRFAWRHmUFW11pkqWXsSClWVGMKX4gn4w,Fun,5,0,1.3,2019-12-26 05:23:53,,
gp:AOqpTOHWqjJo3JUUF6ofZMKORVUEHNKLPZBXnAYSVoF7_uxK4lmufz3x5AisrQ6AZjpFHRsW8CQTAJNsU--nE3s,Володимир Снігур,https://play-lh.googleusercontent.com/a-/AOh14GiA1xZfqGPOy-YGp45dMghGCHCBhzrJM6qDl9ZVdw,"Quite in style of previous games, although a bit short. Honestly, I was surprised to see ""rate this game"" pop-up... turns out I beat all of the levels. 10/10 need more of such games",5,4,1.3,2019-12-24 16:18:11,,
gp:AOqpTOFUBxuuI5OnjL09_gUj6khUu90o-2qmxKSAT1ef2tKdIqHbA54AfHxuRJLiC-0yPgjHshxf4AGOVLVD0Ws,H ̇Kb,https://play-lh.googleusercontent.com/a-/AOh14Gj1dkB9dLVVE6bdhXxqvdNwRfxkA44keXC6KRjXzY4,Great,5,0,1.3,2019-12-22 02:41:43,,
gp:AOqpTOHQjcytUVXUUgCdQcamHGfPrxv5H58SBNbKgT_53KRKe-lAnD14UxmjJ5iQHSDDLohJM_P9eaL57So2kLU,Becca Sorestad,https://play-lh.googleusercontent.com/a-/AOh14GhwEuydIBtJ6LCD6yl5zNJRGxzQLWvCSGIylULe1g,a perfect puzzle experience so far. soothing and stimulating. highly recommend,5,2,1.3,2019-12-11 16:12:31,,
gp:AOqpTOFO-0qHtDI6BNfsSgCx6tWPJqxaeGGWQY5ZGruKguVuQ9oGm9FPNmmIEY1qOp9tDiSpX0PbKkSrEchxqws,2 PAC,https://play-lh.googleusercontent.com/-J7_wsGw3gcA/AAAAAAAAAAI/AAAAAAAAAAA/AMZuucm-9xTDrG4QJic3tLBlmrGl14G-0g/photo.jpg,Favorite game. And its so cheap.,5,1,1.3,2019-12-09 19:31:59,,
gp:AOqpTOGbr5cOLULW877s8KawpPMpz9conLz9A7k_scaafBhGJwnClJHg2NeamoURWw-o_AYqgoi7LM1kvGR8SlE,Shreyas Grover,https://play-lh.googleusercontent.com/-TNIWWtWBCPg/AAAAAAAAAAI/AAAAAAAAAAA/AMZuucnHtXvjxD3NDjBDT1KKkUCaGzXv3A/photo.jpg,Good game but completed in an hour(very shot),4,1,1.3,2019-11-22 03:57:43,,
gp:AOqpTOFSo7Ard8OoWM1REiim88FITwdsF2dUTdKtpHkuCCH5dOpOJ5KmhL9qM6C-JB8R6HnQWk4AfHh_VAzUjvs,mohan danak,https://play-lh.googleusercontent.com/a-/AOh14GhBNnMU-D2FXBYdD8eSPISAEWdlqqY4sL8VtJizmQ,Nice,5,0,,2019-11-22 03:18:01,,
