reviewId,userName,userImage,content,score,thumbsUpCount,reviewCreatedVersion,at,replyContent,repliedAt
gp:AOqpTOFM4tuBONy4p3nql3CIfaZO_h4L14KKIJHrzTIPNkUB4gxMwIdxhPpwouOp-_0IWF6U_oAVCXExTBlXqA,terry hughes,https://play-lh.googleusercontent.com/a-/AOh14GgsqCj6V1q0hGKdEP01SU3vNlK0eoQ0Rb8yvBSU,Great,5,0,2.6.0,2021-01-31 02:59:23,,
gp:AOqpTOGYVUU_MYdGRmwu6vzPV1J8Nvs-IVip6uTerb7usmOikdglX4Fiq0IuJZ1_d2r2gzVhhGSyfNh4O7Jm2w,Robert H. Karandjeff,https://play-lh.googleusercontent.com/a-/AOh14GhizTzyL0O2RpBPMnbbhuYb1NjXxL0UHxFhxXEm0go,Easy to install wallpapers. Very fine HD quality.,5,1,2.6.0,2021-01-26 01:39:21,,
gp:AOqpTOFT4Wzl-8Ldx9Wgts0j8_Sw_VciJwtNQSmNGfT4_N1OiTQ8yaDIHdQA4x--O-5yi-X15C585hC6VV0Kqg,Jerry Mejia,https://play-lh.googleusercontent.com/a-/AOh14GgAlo8UFiIXrDjDBlAqzxFYWmGjTRR-RHBEouT3KsY,Nice picture 👍,5,0,2.6.0,2021-01-20 18:03:17,,
gp:AOqpTOHs8OgwzGeUW6qSEXwfhJ4PXipemLHkU8h5AerW4PjzzAyxqO74f5oj6Ujwq-5Bz4HACVOEB7rr2WZwBg,Doris Harris,https://play-lh.googleusercontent.com/-emkYrzSw1AY/AAAAAAAAAAI/AAAAAAAAAAA/AMZuuckznqf5xXKz_i9SSeajSnlwmKfthA/photo.jpg,I just love 💘 ❤ 💕 ♥ colorful wallpaper 😍,5,0,2.6.0,2021-01-17 00:27:12,,
gp:AOqpTOHy-00lm_11ApvuwxPVU0LBu_tJogxkWlZWQH1YFxXCyf_zJCnmyVZV9K2evnLHdwG2CYIKGBZu9JGL3A,christine Hall,https://play-lh.googleusercontent.com/-b4hHUMDFrpU/AAAAAAAAAAI/AAAAAAAAAAA/AMZuucklJmgeKbdN5kAa8MLmqitUkhVQ7w/photo.jpg,I am truly enjoying the beautiful images cand ease of use!,5,0,2.6.0,2021-01-13 04:47:13,,
gp:AOqpTOFbCyhP7OJDEKEnjOsftm4p0BceqOhJ_2k5SxGDFpzHI_621A2bINwBkGmksYM4yZxfJK14SD-XoI2Wig,Steven Brand,https://play-lh.googleusercontent.com/-tPhyS5p-ctQ/AAAAAAAAAAI/AAAAAAAAAAA/AMZuucnBWeXOCiEobRaDfEEusSVm2SyMFQ/photo.jpg,This app was good a decade ago. Not so good anymore and the picture are so low resolution that they're not worth using. Crappy and a shame,1,23,,2021-01-02 18:36:34,,
gp:AOqpTOHSLY4ZYZ4_TJ81gaRz-FV0ajAQzBX73I3GrdBRB-_Ta9-VkcNLLiCOsTmamIhT2xlzr-mAHm6spy6Gsw,Al Simpson,https://play-lh.googleusercontent.com/a-/AOh14Gi5NZOqilGq7pxhcCnnqeB7uKsQsL1MqD2I2HJw,Very sharp vivid wallpapers the variety is endless...,5,2,2.6.0,2020-12-16 16:29:00,,
gp:AOqpTOFlaSE9Yhkiry9cuzSWxW-e2HR0YPHHhZjxVnsQs7Jbn6SFtIbIl71Om2PfY7FtPY_ZvzJLke2uLJjx7g,Ryan,https://play-lh.googleusercontent.com/-Sxb-bEqalNo/AAAAAAAAAAI/AAAAAAAAL1g/AMZuuck_bM88ZSDRYGB2m96pD7_y8nKilw/photo.jpg,Best wallpaper app better then zedge,5,1,2.6.0,2020-12-04 08:30:48,,
gp:AOqpTOEUeB5DFCoGh9ABsKEItCIj1pOsJusxwACUZW927lhCflevNu_2R86dz-eqn9k7KEPIabha_r5Vr6mXzg,George Woods,https://play-lh.googleusercontent.com/a-/AOh14Ggs1XKqBb0ccCg4jGZQZdKuEMvGmH1bqAa-EJzR,Very nice app that is easy to navigate. Great selection of punctures.,5,35,2.6.0,2020-11-15 08:25:53,,
gp:AOqpTOHbakZPUNazz7Thz5qIBhoixpxR74YNGTpaaNbJO3Czw2QmAN3J8M4roYc2__rPi2c_2u3Uu6orLFQrFQ,Isa Ahmed,https://play-lh.googleusercontent.com/-D5vJGA-39uY/AAAAAAAAAAI/AAAAAAAAAAA/AMZuucmnPWUcIW-CKGnFa2BfRmgTuD94Sg/photo.jpg,Good,4,0,2.6.0,2020-11-13 05:18:32,,
gp:AOqpTOEj-ei6oIiY3fyS-AVOJfDNWbaFBDcf_4kMrSbaqAPvLg67i3S0GMLS7coWLZ_IoATxaSIK6q4Ttaf5Uw,Joey Cuddington,https://play-lh.googleusercontent.com/a-/AOh14GiMuDPzvgOOeBWNnyvKUUEH4_hT626ctCLqjY4Byw,This one might be good I don't remember,1,2,,2020-11-13 00:00:06,,
gp:AOqpTOG0wFYLjatZgCGrQ_99JtESUYr-FYa5ya2T2_XiLCDZfVSyTtd-Ah3dwoD7UMKLaedoM5n5DiX_T0xevg,jose cervantes,https://play-lh.googleusercontent.com/a-/AOh14Ghwxy3KXEUyLwgxeu63MmCDBqSSXp8EMRI8_u1a0Q,I'm pay for and the ads not stop not Fair,1,4,2.6.0,2020-11-05 18:28:14,,
gp:AOqpTOE3avohcUiX4eAQmdXTYoAtzLNaVsezD5-dDNyUvhU6vMWxmceQ8cW4ugHOdJBnS8Tcy5sfR8lEPWJZZw,Jayne Orrell,https://play-lh.googleusercontent.com/-5y1tDMQcV7A/AAAAAAAAAAI/AAAAAAAAFIY/AMZuucnJMCYqcAFQ8hsmN6TCs_0tzPRFMw/photo.jpg,This is one of the best apps for wallpaper. Loved it from the start and have kept it always.,5,15,2.6.0,2020-10-28 20:07:49,,
gp:AOqpTOGIz-21rcHdaiTq-G2ITfQRlBLp65cWmDrlYD1ZLuV9OxtRifhTsYPw4ge58rphD3eXBraVppTmb0ghMQ,Terry Brower,https://play-lh.googleusercontent.com/a-/AOh14GiI5_9XzPhPc3fX1e5eKK_xO6nu6GQ86gp30_BFnw,Very good,5,0,2.6.0,2020-10-25 12:23:04,,
gp:AOqpTOF1gs4tV9sM0X8-LSAQrTFJPIMRb0GmqzUXpaxaZDQ0Ztv73gsLT8wKz5vksg5HMvmldeF1r0fxvxHAbA,jon haws,https://play-lh.googleusercontent.com/--5IbCaivKZA/AAAAAAAAAAI/AAAAAAAAAAA/AMZuucm9N_UXpO0MsTec0Ifv01FZhOyMow/photo.jpg,"Hard core, heavy duty, badass wallpaper homie.",5,6,2.6.0,2020-09-20 09:03:05,,
gp:AOqpTOHCsZ3r1ivkATjfgNC1UWDlLYy7HMMEtMIzpAEUsCfMKmSUITLEx8Zlx-VQdmvbddCAw8jnLlAdEyFXXQ,Alfred Muller,https://play-lh.googleusercontent.com/a-/AOh14GgBFdYh2SGg198KeCuh0u23L4zlbzR8Gqr4C5-yrg,It great,5,3,2.6.0,2020-09-15 04:58:40,,
gp:AOqpTOH836B6Ry6UoB6UIU4TrY6xBVOQ2RXYwSIwiAmRKGtUbyYx3LYEHQRoSR5bZDWYf8Z1saGrENWCG-DgHg,Allen D Confer,https://play-lh.googleusercontent.com/a-/AOh14GgaUSiFQLHeaGkSGxNKYP52wSUp-JD-07vOyGyk3Q,Its great,5,3,2.6.0,2020-08-27 16:16:03,,
gp:AOqpTOFcDEW5SO7xj06bYSLKZNp51q-wNlRII55O8wwulKuoMfoWRbUW8atBoDCTszeUGlompEuzbo_hmTKnjQ,Gerry Hall,https://play-lh.googleusercontent.com/--_TMC4JJbl0/AAAAAAAAAAI/AAAAAAAAAAA/AMZuucnk4vtz2rLuRXq4qbXrzV3f2Pdrbw/photo.jpg,Great app!,5,2,2.6.0,2020-08-14 11:39:50,,
gp:AOqpTOEjXOlk1fvnC7r5Tp5AfWuhRMTsFD0boTxl-EokHQ37VqGKMAfpD3HttKtT7beEujTusf68aMMMSMTJCA,Betty Quay,https://play-lh.googleusercontent.com/-5TEll4xNO4I/AAAAAAAAAAI/AAAAAAAAAAA/AMZuuclDVQC8JpIMUVF8x9v9XFv28AnKuw/photo.jpg,This app has so many options that it's really hard to decide what to use.Sometimes I'll change the image several times in one day.,5,48,2.6.0,2020-07-18 15:46:34,,
gp:AOqpTOGmnjt6OM_ExyjHWSFYaDSzgGJIpSOIkgBxr6lZxj1mdHqi0vH4qoD_WRGR0PjP7xSlvxFd_C__c2n-NQ,Chris Hemington,https://play-lh.googleusercontent.com/a-/AOh14GgcuVZjrvn1CObmgPgxG4LFaY85ulKa5VRdXRdn,"Wonderful wallpapers, love 'em...",5,3,2.6.0,2020-07-11 04:39:30,,
gp:AOqpTOG4FsEOqVz0VH8fMDAJhXUIqvVou4K_BOF0LHm-xSdmOkuUZ0ull5bfb65WBfKEdhjxww3j6e_gEahDgA,Clarissa Coleman,https://play-lh.googleusercontent.com/-pUwsBORaaFg/AAAAAAAAAAI/AAAAAAAAAAA/AMZuucn3P8YScpQYX75CWLQ73AcAyyNJcA/photo.jpg,So many C@@L ones to pick from,5,4,2.6.0,2020-06-21 17:58:24,,
gp:AOqpTOH9aDx_owDSp1TRySRi-lVnxwD8ZHDnbm_TRyFHAleoWL_TaTteDjjhy3f5WZDD4uSgr7-7vBZCWa63Tg,Judith Lehl,https://play-lh.googleusercontent.com/a-/AOh14GiQAr-oNl6OwRpplEGgauXRGFx9gzi9_llL3cuaJw,I Love this app.,5,2,2.6.0,2020-06-07 17:10:29,,
gp:AOqpTOGTYn9a1t-2qi5w8cP2PIizIDablZN1hfqJgxgHH6G3mZqJPSfqSgejjK4uLI8YbRSkqoFQ80HkWRqw_A,Dacia V,https://play-lh.googleusercontent.com/a-/AOh14GhRpkAj2JWYZRSfkP7qX6BfHN4IWOOx-66aTxe36Gk,"Eh..many pics are duplicated. Quality is average if not a bit blurry on many of the pics. I've gone through nearly all of the categories & have found one I liked enough to download. I'm not happy to have spent $5.00 on this app, I knew better but gave it a shot anyways. Disappointed I can't refund. Live & learn, I guess. 😫😖",2,101,2.6.0,2020-05-25 06:42:59,,
gp:AOqpTOHvSYsrHI_0z_voltD_fCLfMTFRVG2iUfV9KpekW3Z7XkH5PjmES63S08dhDDBKQKqTIW4wvMJ3AGfOKw,Cecilia,https://play-lh.googleusercontent.com/a-/AOh14GiLnqordPyQR1YRWcpRKi3RjBDDp_teSHV3tstBNg,Amazingly application of precious pictures! I found many photos os cats and kittens that when downloaded look so real i gave them names!🙀,5,6,2.6.0,2020-05-15 17:03:40,,
gp:AOqpTOFSKBYN9coWCESYIBTleMOoBknYYd176Wq_Q_GDgAycYzIbU8HbNP7B7BUaaTI_6P_160SolvfO5HjMPA,andrew jr,https://play-lh.googleusercontent.com/-m4Il8kCum7Y/AAAAAAAAAAI/AAAAAAAAAAA/AMZuucnly-du_1yCQSovKbnm3FYURDRbew/photo.jpg,I LOVE this app I LOVE the animals and colors,4,4,2.6.0,2020-05-13 19:39:01,,
gp:AOqpTOGHj6K0hZYxCvNLrUjnGl6QnexM9xpcc1W7_qfxq6BGQ7eVozBeZeOKhxuuCdIVIxs8Hr31DyDMQEadtw,david machen,https://play-lh.googleusercontent.com/-xTW4QInWnKU/AAAAAAAAAAI/AAAAAAAAgAY/AMZuuckYsLPF98l6AH5T2vN8-zjcbY0hfQ/photo.jpg,"Well worth paying for! Beautifully presented wallpapers, all with perfect clarity, in full HD. If you like to change your wallpapers, then this is the only app you need. Perfect.",5,66,2.6.0,2020-05-01 19:12:35,,
gp:AOqpTOHEPrOazUzHwth6i22D7qHIYQdHLildIdTFq5YAo0iKTjJOtB3bUWforfcHZ9wISwTKmcrR1JWAcljDUA,Brenetta Goodwin,https://play-lh.googleusercontent.com/a-/AOh14GgBM-Uuwb1Xc98Ac4V6zEyMXwu2K30Whqbn4y7etw,Love the different type of pictures.,5,4,2.6.0,2020-04-30 21:54:25,,
gp:AOqpTOGMMPrXTuu4FerXfsZ0UsL-JncUFS2m24geC-4pc9lRzFW0haUdQF_TocOxeRUX5fZWDT8JgP6YSZf4iA,Greg Turner,https://play-lh.googleusercontent.com/-5kD6lTs8TM0/AAAAAAAAAAI/AAAAAAAAAAA/AMZuuck3oKqP_VveJozspwdtlTc-1PqzpQ/photo.jpg,"Excellent App, easy to use with a huge range of high definition wallpapers.",5,29,2.6.0,2020-04-30 18:56:10,,
gp:AOqpTOHtGy_BZbJ4xmW0SZZ5T5mBlJzVFKQgl5fW4Httl2EcwUiyMZKRHby6g-6M582kFMIxlR6zE0K_XKmsSA,Shawn Thomas Berthel,https://play-lh.googleusercontent.com/a-/AOh14GhXEeF6_NtXTBIrrE0iqj7CVQQwmIdLoXYvLq89QNc,Awesome photos!,5,2,2.6.0,2020-04-30 18:29:23,,
gp:AOqpTOGVTGTUBPhhz5ty93LBeTF7Vgs585kydtSdiNOkkC89S8lW3d1gQrHVpokdP1rlIqcCwicvNXIJ_Mf88A,Fredrick Milner,https://play-lh.googleusercontent.com/-GqP59dNAL5M/AAAAAAAAAAI/AAAAAAAAAAA/AMZuuclcGqlzFum5xhcSKxm0CCEzh5MmUg/photo.jpg,Plenty of themes for your phone.,5,3,2.6.0,2020-04-18 22:47:06,,
gp:AOqpTOEkok8zUgcWWp7my6U_lyCxLQ3BLOp7dEY5SHaj4qwMMkAx-AoMLEI4iVjrqfKgxrG7Bhd5yonvykm2tw,Lester and Sherrill Jeffs,https://play-lh.googleusercontent.com/-yCtLjIgc3Vk/AAAAAAAAAAI/AAAAAAAAAAA/AMZuucnwmmbstcR_wlXBGmwC8vfnWxUTeA/photo.jpg,Excellent choice of wallpapers,5,2,2.6.0,2020-03-20 00:45:10,,
gp:AOqpTOFAcNjnF61Oc2h0rXXjJieKZXDtr-SQB_vJzQKDY77eEs1ZjtP8GFYMzXzCLc4VWCAGsYDOFY3ieKjx6A,Che Christo Tafoya,https://play-lh.googleusercontent.com/a-/AOh14GgYHjUhJnUfdtfAmWtnwm9tXezRCDCBQZ1laYT7pA,Beautiful and mature content. Worth the small price.,5,15,2.6.0,2020-03-15 10:17:53,,
gp:AOqpTOFEBPc4qEP8nPC9m9bXwLAciv_6PUbtqcioTEP6ANpRfShdzU7AkcFo2P4wPnJ6aBQk4rf8HJ69hdhMMA,Jane,https://play-lh.googleusercontent.com/-Tj9m2HfF5fU/AAAAAAAAAAI/AAAAAAAAAAA/AMZuucka5bnYswKx0ofFACUJHjli4ldV9Q/photo.jpg,Needs a search option. Too many to scroll through. Bought for the colourful app photo but it's not in the app.,2,20,2.6.0,2020-03-03 00:45:52,,
gp:AOqpTOGRD1LDa8a-damqlD8MxfD0cnMFLdIuFFtcZGluudpcmhwmgfk_kkrTRX0BbRxQ4deqTJTuGFE_XMkGJg,Manuel Garibay,https://play-lh.googleusercontent.com/-o0Kd7EoL5rA/AAAAAAAAAAI/AAAAAAAAAAA/AMZuucnjPhnDLhvWrIMNG8y_TFiUf0NtFg/photo.jpg,Don't get it. Very annoying interface. Wallpapers are not HD (some are). Horrible app.,1,23,,2020-02-07 20:59:21,,
gp:AOqpTOGjgSglui469q8-xblDWtXrTbQaoB8VhylgNuUWjtkkZ4-hxY-sww7zJyAKvdihzFT6wN83lTBODM4FHw,Nancy Smith,https://play-lh.googleusercontent.com/-x4cNDGdm19Q/AAAAAAAAAAI/AAAAAAAAAAA/AMZuuclKPk6gh_liSk4GSlVhJSg3kepy4Q/photo.jpg,Very glad i paid for the pro version. I will never need another wallpaper app. Only thing that could be better is to have a bible verse section.,5,42,2.6.0,2020-02-06 14:38:34,,
gp:AOqpTOESjeDlFs1BqQ3HhrDjzIwHpG7fCya8U8QsLR-TeYtIM2X9GVBpz_MZoCwO-JRiZIeIp5X6X5GZvCxOug,Anita Brodrick,https://play-lh.googleusercontent.com/a-/AOh14GgJyH4gA6n4sziOVRcMx-WAeraGnYZSAFph2Cb-gA,This bundle of wallpapers has many categories to choose from but yet it is VERY LIMITED. How do I get a refund?,1,13,2.4.2,2020-01-27 20:36:01,,
gp:AOqpTOHcTeD5sfLMAm20h8Z490q6WwpCA11rge2owc03ApOI0G8z84pu10HfVS7z6KhNqEX4hq8mFYemmdzApw,Mark Brook,https://play-lh.googleusercontent.com/-JBZ-TgMEDEs/AAAAAAAAAAI/AAAAAAAAAAA/AMZuucmyY50pMsZU7G9Xs7_fYk_mXBUFtw/photo.jpg,Brilliant app pics. Are amazing.,5,3,2.4.2,2020-01-08 13:33:07,,
gp:AOqpTOG4GevSSpoxsrgxjtxXzrpBLyXmTC2EQ94sS1GGz7s0C41Z2mSe6oqaOH-soH7LOU2t400Prghea5kbUg,Kelli Jo Goodman,https://play-lh.googleusercontent.com/a-/AOh14GjD9Uw0hYNq7buGznV_ClrdhNdJSxl_Ij8JwVMWXw,Fun fun fun!!!!!,5,1,2.4.2,2020-01-05 12:09:04,,
gp:AOqpTOHklGk1LwNyO5JnLgxqFqnYq7GlTW5kXpmGbgHr1watigNUNEhe0pdNxeHo6o7v9a_LyTGxMhCns5zk1g,nadim khan,https://play-lh.googleusercontent.com/-hDNL8EXkln0/AAAAAAAAAAI/AAAAAAAAAAA/AMZuucmcYP8Zn4d4dxSCX1k54AsFyFLrfQ/photo.jpg,Lovely resolutions and galleries and easy to use also navigating the different options!!!!,5,24,2.4.2,2019-12-29 17:00:21,,
gp:AOqpTOGx8LLxC9XN9ua1-vGY63mhLlBVqxvE88F-09FpLYRxzpioY7Gh3Ag-vnKFvx7erQcwSGV9Zno8w5obHg,Simon Tongue,https://play-lh.googleusercontent.com/a-/AOh14GhCv1urDiPgVDDOnUhfV8J3UnPlLaQGyuTNr1_ZMQ,Billant.,5,2,2.4.2,2019-12-17 07:43:02,,
gp:AOqpTOEF48HFztQrhLSP1f8SK8li-JUsIuwdRFOZS3ZC54t5ygqq8jYUfgDoEPLMrzIAnWkNpkmtXgJNggXtYg,Debra Levine,https://play-lh.googleusercontent.com/-Isrru4EosXs/AAAAAAAAAAI/AAAAAAAAAAA/AMZuucmKXpXtzdJWmLouPwDRdqUXUHF4kA/photo.jpg,The vivid colors and scenery !!!!!,5,8,2.4.2,2019-11-22 10:56:39,,
gp:AOqpTOEuxNmJFbv-f5ZGK77CBnRUjEy8O5FiQY-ueZqA_3x9_1mhF8gqcNX3IK1HUMEWsbE-a3RK7dPzVpWSFA,barbara w,https://play-lh.googleusercontent.com/a-/AOh14Ghs-76QsyfG3X8G5dpbGDgvqAD8LPKG1HW6jtJ9FA,Very nice wallpapers,5,3,2.4.2,2019-11-14 19:31:52,,
gp:AOqpTOEt72RZZupDdGPkNnN0oG159JzLrjrz8gCrxYOLyFJ-7I8KQAPgMV0Wdn_-x8v6lRkx5tox5QlMivGiAA,ken royles,https://play-lh.googleusercontent.com/-VSaQA1Jdz3Q/AAAAAAAAAAI/AAAAAAAAAAA/AMZuucmyQmpuXICriYPY0bixBrMRy1j-Eg/photo.jpg,The best,5,4,2.4.2,2019-11-05 12:09:25,,
gp:AOqpTOFJk5lzCbgOugeywHiJEiDJUU3qOrZ0pFQ6wYulNVb9LlFOs7ELtp6kM6mw4smdmgU2plNUkFHp5J_11g,Miranda Owens,https://play-lh.googleusercontent.com/a-/AOh14GgqislC8eZZMclqycVZG-3v2OPgJsMm6vYwAa8ldA,Freaking bad ass@!!!🥰😎😁🤩😚😋🍄😉😀🥰🤩🤨🤔🤩😍😘😤🤪🤪😵🤪🤓🥳🥳😇🍄🤠😷😇🤧🤓🥳🤓🥴☻🤓🤫🤕🤕🥳🥳🥳😇🤠🤠😇🥳🤡😻🤖👽👩‍🏭👩‍🎤👩‍💻👩‍⚕️👩‍🎨👩‍🚒👨‍🚒👸🤴👱‍♀️👱‍♂️🤵👰🦸‍♂️🦸‍♀️💁‍♀️💁‍♂️🙋‍♀️🙋‍♂️🤦‍♀️🏃‍♂️🚶‍♀️🚶‍♂️🏃‍♀️🕺💃🧖‍♂️🧖‍♀️🧘‍♀️🧘‍♂️🧗‍♀️🧗‍♂️🧘‍♂️🧘‍♀️🏇🏋️‍♀️🏋️‍♂️⛹️‍♀️⛹️‍♂️🏄‍♂️🏌️‍♀️🏌️‍♂️🚣‍♀️🚣‍♂️🏊‍♂️🏊‍♀️⛹️‍♂️⛹️‍♀️🏋️‍♂️🏋️‍♀️🚴‍♂️🚴‍♀️🏎🏍🤸‍♂️🤸‍♀️🤼‍♂️🤼‍♀️🤾‍♀️🤾‍♂️👨‍👩‍👧‍👦👩‍👦‍👦👩‍👧‍👦👩‍👧‍👧💪🤟🙌🙏🙌🙏🙌🙏👀🧠🙏👐🙌🙌👀👄💋💘💙💖💜💞💗💓💕💚💛💓💔🧡❤💙💜,5,6,2.4.2,2019-11-04 21:05:55,,
gp:AOqpTOHP49JUoSM9d-cXjzNOt41uVh2UP_c3htYe9T9LHMCqtEzz5HqiOhhuo1R0b5UNMnEfyBcOwsV2neP6Zg,J. Strock,https://play-lh.googleusercontent.com/-UP9tbGfBPZE/AAAAAAAAAAI/AAAAAAAAAAA/AMZuucnL6rrT9MDEhXdvFk0LiuCqzHcfZQ/photo.jpg,Great wallpapers You HAVE to buy the pro version,4,26,2.4.2,2019-10-26 15:49:09,,
gp:AOqpTOHPpYgKvTDNcl9-NZCSmdTGcCo9igxLTXq_pFuhvGoBAKVH6PhzwPch7-fFUjq1xNp-lEU-cZz5RVd8PA,JULIE TURK,https://play-lh.googleusercontent.com/a-/AOh14GihBd5ghFLZeuVVIJGbzT0kWWOMc2F_495yxKLq,"Nice app, easy to use. Beautiful vivid colors.",5,35,2.4.2,2019-09-02 12:50:40,,
gp:AOqpTOHuJvxfV4RDIY0VBGNKjDmKQmuVYrQaE58ywHQqOjotzis9PdqmliuaZ-V6DjbaoBbpVozszitK-q5uLw,Pamela Squires,https://play-lh.googleusercontent.com/-7QgOgFahP-0/AAAAAAAAAAI/AAAAAAAAAAA/AMZuucmEGs5VndHjm6POEOO-Zp8GBpWZog/photo.jpg,love this app,5,3,2.4.2,2019-06-19 19:45:24,,
gp:AOqpTOFZUmbF0Ez-XLnKq-NcZpHXXehzLATnpOHXFTgXfCqQT_QMa-7ifirHZa8ph0XmWM6jnhWrLCnPv5u4kw,Sandy Watson,https://play-lh.googleusercontent.com/-zDkt_MOkDCA/AAAAAAAAAAI/AAAAAAAAAAA/AMZuuckShF5o_FtaT5iTCGbrzTnkSvK4Bw/photo.jpg,love this app enough to pay for the app.,5,2,2.4.2,2019-06-07 14:33:09,,
gp:AOqpTOGNg96iNGQ1oyiYEyWlkx-OMngXAaQEW70ZD3zn_vGR4EJfmuWn-VE96mMK368aasSYBAmiFguXLOKjBA,Robert C,https://play-lh.googleusercontent.com/a-/AOh14GgEr21Yh3jbd0u2U979vTPOv4ldZvVl9fALMK8ODvA,great,5,4,2.4.2,2019-05-30 09:05:24,,
gp:AOqpTOGsDWUNzuZBUFvkBp6f7S4KzKHfHqCF9HUTPtEq-Btl-aDVOHld1eP_mUfQXRlP9B7jBzTBEOCVKl73og,David Ramsey,https://play-lh.googleusercontent.com/-QKrjyKROnbo/AAAAAAAAAAI/AAAAAAAAAAA/AMZuucnWs2gQ49feQjFPxY6b3yEy8zI4pA/photo.jpg,"I'VE HEARD IT SAID THAT A PICTURE'S WORTH A THOUSAND WORDS , THEN YOUR APP . IS WORTH A THOUSAND WORDS TIMES THE NUMBER OF PICTURES YOUR APP . HAS ...",5,12,2.4.2,2019-05-16 15:38:33,,
gp:AOqpTOFzhdRPQG7v4rVv8bdiwnS-1yOfsLalqYltEWjidQ9sqt-0aIfe32t8TlRA_XwRCXu1YHLBicFggeDqVQ,Patrick Siclari,https://play-lh.googleusercontent.com/a-/AOh14GgZrq3CGBCcerRbJgm6jtQP1WRnmA2V7-wNFy3Db1A,awesome,5,3,2.4.2,2019-04-12 19:43:34,,
gp:AOqpTOGNzUCdq5swkMTiS4jI2C0qw3Ose3Yd5ZXRMkmo0fHKWRJaF3Dn-_5Em-X7QpRPxJRQ2FJD35zNq4mueQ,Ole Dennis,https://play-lh.googleusercontent.com/a-/AOh14GjPELiffHiIoQI5jQAWDEHBvicKSQDkyPiplRyI1w,"I'm a simple person, and like the simple interface. There are enough wallpapers available here for anyone.",5,3,2.4.2,2019-04-07 20:12:04,,
gp:AOqpTOF5QHt8vEOylHdcmKlelMFu4ibFUsVYAIfOJNFtHyLzMZdazqoOEoacT9BBJZkZg3XdAsUJx1tUd-VvDw,Theodore Banks,https://play-lh.googleusercontent.com/a-/AOh14Gh-jNqHBW50BV9-VDoj2Pxgvm0kV27HCX9KHd6jSA,I think it would be better if it had a way to set it up to change wallpaper on a daily basis automatically.,3,28,2.4.2,2019-03-07 08:51:13,,
gp:AOqpTOEMBCaPu7FZEvU-1WYJwbUYm9RnSqWcpY2L4yN6glsPmdEig4u5KKI59aAwUFKunqaDObBXDc_KV2Zr-A,Dawn Marie Metcalfe,https://play-lh.googleusercontent.com/a-/AOh14Gi0lUPuYkGAXB8fegE6qHnWOSm6uwQ5vXhnTeN0f80,nice choices,4,4,2.4.2,2019-02-22 22:22:01,,
gp:AOqpTOGjKQPzyxwFiTa1ciozaEd-JnICXtHscz8HE8MXE3pFo3Nt4-0srH4cSfQ4Odr0R3nWXJ2r6nTav01h8g,Kevin Pongracz,https://play-lh.googleusercontent.com/a-/AOh14Gjw8_D_fG8scOxvWlVuAUsVJH470BgbXV1V92j78AU,Great app,5,3,2.4.2,2019-02-21 15:36:31,,
gp:AOqpTOEHlfIVv8vWl0-tabeB7sMkQLq7Cuq6vhIqkKRChE5ps02-R0MF8mHKgy81Vp4sxpLKeKQvvraxWBlUpw,Donald Paden,https://play-lh.googleusercontent.com/-V4dcb0CLtdg/AAAAAAAAAAI/AAAAAAAAAAA/AMZuucn3Jk97-wJ2XADqDwaUEfvdBEoJkA/photo.jpg,they are HD.,5,5,,2019-02-12 16:37:05,,
gp:AOqpTOHjuDXPomXOV-TxJwOprS1-ugZjxRJEIlc3Ed8hmK8Psyp8XZs-BJF3MiqeKon-Bbg4YOXsZ9uUv7RexA,rene vega,https://play-lh.googleusercontent.com/-MtqBGozNABo/AAAAAAAAAAI/AAAAAAAAAAA/AMZuucl0nl6AWOvmih5m0fPnMgqor5xqEg/photo.jpg,Great,5,5,2.4.2,2018-11-01 02:41:35,,
gp:AOqpTOG-4ky2aLxqe9Oujh0zICzjY4CBu_dQaWRJJtls_JRYKv0lypcZ0saTMJENfTjcPMhuv18XciZH9od0aw,Joao Faria,https://play-lh.googleusercontent.com/a-/AOh14Gi8Px7cj-7jfwseDRkt8QBJUuBzxY8mwIQqlOv70jM,Very Good pictures. The size of thumbnails.,3,32,2.4.2,2018-09-16 10:51:28,,
gp:AOqpTOHBkWy-z6z2Zm6ROaH7mDnkkFH03-jSoI4cRxxUSP3s-vHzb5hbu19xFZaonGTK_iT7N4tAznJX_VuSHw,Mr Bunce,https://play-lh.googleusercontent.com/a-/AOh14Ghw-04Yp6LTen9hD8G2fhBaHydVSDWB1rTUEFxB7aw,Great app for finding cool wallpapers,5,0,,2018-07-23 13:45:22,,
gp:AOqpTOG470LSWX9zfAzAGI3aA3AemE0hFLfkkjFhd-gOFXS5VgeFoDBs2z_U_cioWYHp0m_9H0e4jwO91JinyA,Cyndi Lane,https://play-lh.googleusercontent.com/-jiRifNfQLxY/AAAAAAAAAAI/AAAAAAAAAAA/AMZuucmaekJQuE9IlIXSdBNPgfqAwhy3Sw/photo.jpg,I like the variety of pics,3,2,2.4.1,2018-05-17 21:04:36,,
gp:AOqpTOHNQgwROcfYs-6O8D2AeM-Gixb9fN_3ueLdI5bpf6Vg9dIfFUrz0epFOoQhM8R-DFNfJ_lJzsvETyc0aw,Ben Abrams,https://play-lh.googleusercontent.com/-9Fa-QBFgb6I/AAAAAAAAAAI/AAAAAAAAAAA/AMZuuckCnKFbTWzQyI_A_mQAgNhH-M4ZTg/photo.jpg,Very much like this.,5,2,2.4.1,2018-04-03 19:00:10,,
gp:AOqpTOHlNpOWbIXRmMGGZo4jk86GpJXRO9CSUi8eGsUQd4e2Y0ST9S94GH5W4ePAQaCVlTpz8hSWoKYLNX7OEA,Maritza Jurist,https://play-lh.googleusercontent.com/a-/AOh14GiwtO5vnTSRJcMYdDSHH9FLia1H5tON2KevbTVoCQ,Beautiful themes & brilliant colors!,5,1,2.4.1,2018-03-25 17:30:47,,
gp:AOqpTOEu0rtaTSfJxXaVqf_QWOHrUSTlDWQntmvRLcl1eHX-nyvRRLecBQIP74j9y1WwkObkfdwHfKD17aYnFw,Alison Wallace,https://play-lh.googleusercontent.com/a-/AOh14Gi8deqCbboWl4S8mnEpr-cxa3lDxfhNkagt6BI4tQ,Awesome 🤗,5,2,2.4.1,2018-03-09 09:56:04,,
gp:AOqpTOEFjVzZvpuOkzAgGWyib1CPGC1k5_E_g6NNBGr-xKsjlyvcyuRQnsKhL_LJl-wvcljR3dw6JTQ4Yxq9TA,Sue Griffiths,https://play-lh.googleusercontent.com/a-/AOh14Gghx1Mj4u8uSAAcFfjDfPma25Gm3GbzV4hjxGuUWw,Great walls ..thank you!🎋🎋💖,5,5,2.4.1,2017-11-25 01:59:21,,
gp:AOqpTOGRAmU6HZHaLNuiRSTqMkHgJWeg12odE2pGS3_PSDMSA9BalkO0zrwoVtRUVnQNJAmmhfr7xOxD1SRuaw,Hilton N. Jeanne,https://play-lh.googleusercontent.com/a-/AOh14Gjf266g_4QPVeSwYDBGzVzA5LzOHXBE4FPZrMJ5pQ,Nice,5,1,2.4.1,2017-09-17 05:25:27,,
gp:AOqpTOH8yY7jl1FUuUzbN68-cZfV1_Ct6jwSBmqhneYZC2ogIOcrbHnJG0O_B9iXn0AYoq7kuFKqnFprVRRopA,Christina Parker,https://play-lh.googleusercontent.com/a-/AOh14GgpAnXuYiBjxuSjzlJd-371wou7GOHt7Mb0QnTO,Awesome pics,5,0,2.4.1,2017-08-31 22:27:07,,
gp:AOqpTOHXReu5qDqyPaHmffXwjnyqnZFIEPD5SGCe4bJerN77vnlieTTyI_Gv2NLO8QN_XICR8V5oRjGvBchfGg,Lea Anne Russell,https://play-lh.googleusercontent.com/-oNhVchA8uFk/AAAAAAAAAAI/AAAAAAAAAAA/AMZuucmpU2auqG2eP2jQw22d_LHB7L7zrA/photo.jpg,Beautiful colors,5,2,2.4.1,2017-08-26 17:04:51,,
gp:AOqpTOFMqGc6NxXlI9S--iSHiDbrFa1UG43795uQUa8wDDpQWYH12iwq4eKbNeZgjf24ymlXZM3Bv8LJB_XzRw,Sheree Thompson,https://play-lh.googleusercontent.com/-U56854uivE4/AAAAAAAAAAI/AAAAAAAABjs/AMZuucmmJSF_DEqxSnLCFe8cSaw7WqkPKw/photo.jpg,Get it. has something for every one. I still think its great ...,5,33,2.4.1,2017-07-15 19:30:01,,
gp:AOqpTOGTko6T3mjqGzJA6RWWSUooj7u-iDs3Bfuwhye4eZRWM6AvahZ6icSdwDUd50FZJ5z0KFROPqQrAaIphw,vidipssDonna Flores,https://play-lh.googleusercontent.com/-J9ileCz37FE/AAAAAAAAAAI/AAAAAAAAAAA/AMZuucmnViVoguqiyUtkgXNpuGw5Gq63Gw/photo.jpg,The pictures are beautiful and I love the variety.,5,15,2.4.1,2017-07-15 00:24:59,,
gp:AOqpTOGa-wDmOZ-kH3_gPUVoktb6zDC2T3VWiQjGYWohUzMZs7jodG-Ye6s7ZK8Xa54bd4ICFo7xaoBuH9rNFQ,A Google user,https://play-lh.googleusercontent.com/EGemoI2NTXmTsBVtJqk8jxF9rh8ApRWfsIMQSt2uE4OcpQqbFu7f7NbTK05lx80nuSijCz7sc3a277R67g,Good stuff but could be updated more often..,4,2,2.3.0,2017-05-04 21:53:22,,
gp:AOqpTOFiRkPg6m79fP2DHABkpJBO-xRA3BQTx2UwNpIfbBPvvdbe6KGQjeVr1ZIzdWvUnQXXBLTPj9Jsqg7teg,William Deville,https://play-lh.googleusercontent.com/a-/AOh14GgKH09Hcc18aPlURxU2Ozvs_qFZYPKWNtb1m2-BLQ,"For a free app I feel like you would be treated great even if the pictures were not HD...but they are.and I don't seem to get pestered by ads blasting.All in all,great!!!I'd buy it again!!!lol",5,7,2.3.0,2017-01-17 10:51:21,,
gp:AOqpTOGCqpZD-z6kjMaf-M8e23GoveEQw4DLzIgcBGGE8TjXwvCUvexaJPUIV-b0Oryxhz4VvtI4zUHWO9DxBg,Edward Morbius,https://play-lh.googleusercontent.com/-gUZxoe-mg8A/AAAAAAAAAAI/AAAAAAAAAAA/AMZuuckVvVuWg8lCf4w0YEZmeS8xGI_flA/photo.jpg,A pleasure  to look at. High quality. We worth it.,5,0,2.3.0,2016-10-19 12:57:46,,
gp:AOqpTOFrsKT1SsojTyAp_H9Bn7OtnYOgr-5Sz7kra0NLWKRvDhXl0JG0R1bx-UP-J-FgX-aUDZvjVUKsfzYkCw,D. W.,https://play-lh.googleusercontent.com/-8ugp8xzCius/AAAAAAAAAAI/AAAAAAAAAAA/AMZuucl3kRbsn9C3txhV-uatbpawU9R84g/photo.jpg,Love it!,5,0,2.3.0,2016-10-06 19:08:15,,
gp:AOqpTOF0uQOMxQMKVo0G58xavwwia_kjygzuO4_3TAeTRbWZ3FR51C2SvELkci463k12HiMX--SsASb1iGnamA,Thome Willie,https://play-lh.googleusercontent.com/a-/AOh14GhrV8aqJ_vt8VNm37W9aEcDThRnUHXm8FJ6HyasYaw,John Crayola would Back it.,5,1,,2016-09-12 22:42:55,,
gp:AOqpTOETVwlJMlqwDVKDfCEDy8FQwgO2CY2bkyjm3C-7NV0eG34tdFbmJ0oO3f-NsSEuUbiYcRLLyzso3YXlqw,Gregory Bolton,https://play-lh.googleusercontent.com/-Hf82LRdUy5k/AAAAAAAAAAI/AAAAAAAAAAA/AMZuucmsnKOoGCjikCOb-JsJ3DKDchYQgw/photo.jpg,"I bought the upgrade, still getting ads....come on",1,5,2.3.0,2016-09-02 10:03:04,,
gp:AOqpTOFmdTeNK0NGRIe5LfvDuLJiE4Olk8uYl9WUc0dozEC2-xYvsOGn6qWFUTL598Sgx1s_gY0NB_1CsJWdiA,Sunnie Estes,https://play-lh.googleusercontent.com/-t7TOiz-x5Hw/AAAAAAAAAAI/AAAAAAAAANE/AMZuucnkWco0cUroV-_muKR_F-X5hDfiEg/photo.jpg,I use it often,4,1,2.3.0,2016-08-16 14:22:56,,
gp:AOqpTOFFKZUVXVWylL1dzpgkqXd0doJlqeUUUznPF_vc6cCNb9pEvX6KRJ-I2If1PqKGVbRLeGInaX5yNs47Kg,Wendy S. Mann,https://play-lh.googleusercontent.com/a-/AOh14GiEzarUaCENccdZv9-7zJarvrxC6voNE8C1V5Fniw,"I like alot of wallpapers. That way I can change often, every day if necessary",5,19,2.3.0,2016-08-13 01:44:54,,
gp:AOqpTOGtDxdBHFZgNRstrDSmQO1Mogpuv4aywuIP18o33jHL2RaTPZirQs8gPjErIFNi4bsLeixxbMwivyh83Q,Dawn Hunt,https://play-lh.googleusercontent.com/a-/AOh14GjsPWfdJo9N9h4-nJAHNbyq0TYJmHL8CrF-zGI5zw,Beautiful,5,2,2.3.0,2016-07-01 15:50:00,,
gp:AOqpTOF2vPPGMohPrnA0pmEpmhbG5-yW7L5g6ofPM7BagbZp2t2IGxub2tvBp5pdCz13UMqK6_9ZH7MgTnTqrA,Robert Brown,https://play-lh.googleusercontent.com/a-/AOh14GhfQe7QjAUQ1fdYQBQlNKcK5sB5K73O_Z2FW2Qcnw,Nice assortment.,5,0,2.3.0,2016-06-17 13:13:44,,
gp:AOqpTOH_8ZhQ3xeGyHfFs1JmGHUQferXicfWpxS4dZmA8ixxqDJvaRZK1cWliYK-BdzmCbW1RmvVjMclqQdp7w,Satish K. Singh,https://play-lh.googleusercontent.com/a-/AOh14Ggn2YwScV2rGz9A7pnLH-ulucsCp26uvpz6wUBqCA,An awesome app to have.... 😊 😊,5,8,2.3.0,2016-05-07 10:45:59,,
gp:AOqpTOEGFJIt99tD4Yg6iZ8oNUUbIKU1akykTfx4nI5vjHR9fLk1JchZIYAERs3JlmHeJsZr4zvbxhZKDMnfVg,Julie Harrison,https://play-lh.googleusercontent.com/a-/AOh14GgahumExdnTaYkXsRvVpH7hOzXHVpjxQPgOQirVXQ,Very kool wallpapers!,4,3,2.3.0,2016-03-17 07:46:34,,
gp:AOqpTOEcUVCvOfVU3PECuvZIoeUe4aAXfbt3eANM4KSstjhTL--89TUXqJWlvQanGr_DycbCCD4TLGO4xzSlZQ,CHRIS BROWN,https://play-lh.googleusercontent.com/a-/AOh14GjSOAF26dWm_bCiSG7XkzZHzOfvrMZzYYLAkEQHiA,Great App Pics In HD Would Highly Recommend It To Anyone ~ So From Me It's *****,5,12,2.3.0,2016-03-14 02:36:08,,
gp:AOqpTOHd6shgdc2sS3OcrFtCbIlfWPV14DlIR4wE_fd5jobl4SeciWHi-dO1ZopvyJbCWMLby2cn3iApeDXk9w,Robin M Morrison,https://play-lh.googleusercontent.com/a-/AOh14GiMJDnwGbuQs-Q3yY3B-y2nEEN7isMKHFabOWaM,Wallpaper,5,2,2.3.0,2016-03-08 04:41:53,,
gp:AOqpTOF6z4CXIPU_P_xbSCBf9dxU1L1ev74AGxx9WgBirQup1OgykofK_lx0xEqgUIHxw_PSIIEwvahl55cvQQ,Teresa Petty,https://play-lh.googleusercontent.com/a-/AOh14GhZBXcN6A_76Wp3RBzeZSeULw3QLdgUkK1zUfTP4Q,Great app.  Wish there were more of a selection in holidays.,5,5,2.3.0,2016-03-02 13:05:05,,
gp:AOqpTOEYovq3436ojUMj2Gs2BOpf-pPAQqiJqX0wHMjD82TxGrV2ngYaAu2gvbsbXGfAv-OSofJfRc0TTfn6OA,Melissa Wilder,https://play-lh.googleusercontent.com/a-/AOh14GiHhsMgd5CMiDJ-6vOoDzMM0oIQAJfCdDT8aJnV5Ao,The most breath taken pics I have ever seen keep up the good 👷 work!!!!!!,5,26,2.3.0,2016-02-19 13:43:12,,
gp:AOqpTOHApHnLzq66nKsP_Qe3UG6CTksCD0Vsn2z_4BvvNeq06Tre8R4PYcwK_7oInOz_r23fq9EQ3WH9UrFdiw,Penny Breeden,https://play-lh.googleusercontent.com/a-/AOh14GhxlL4psbzB3JeHyxcUr-H-SY-QNPBkpiSUiSsolQ,Loved it.,5,3,2.3.0,2016-02-13 18:36:57,,
gp:AOqpTOG_ljTfvIPC1ygdOMlUNSYPTOs3XM-_1w6xDo7IrKNoErOZ__BHJboTj_dknl7HSGD67drsmMPImtUcyQ,Ed Vanderpool,https://play-lh.googleusercontent.com/a-/AOh14Ghe3ETgvHEyjEFmUVSMKMePdEAA166CrNlY_fgao-o,Simple to use and great wallpapers.,5,6,2.3.0,2016-01-26 21:53:37,,
gp:AOqpTOGJU4yhzDWSr6V6yDbvfat9AKfmmw11gT_cGsG4f4ZGhW-eP3YfQ9BPVRjMA9oU-paxsmTJiypILQgoPA,Brian Donnelly,https://play-lh.googleusercontent.com/-smohCdr5JEs/AAAAAAAAAAI/AAAAAAAAAAA/AMZuuclfsBSt7c95X3GGm9UNyXsKhvx_Dg/photo.jpg,Really nice work!,5,4,2.3.0,2016-01-06 05:59:12,,
gp:AOqpTOFZbyw01JsGpGchmhaY8IVKtA_Nj7B9UTw8g-DqxSONHRvv4aSl-2bdVefni7r9SeX75W4w_N8BJpjziA,DylanGaming !,https://play-lh.googleusercontent.com/a-/AOh14GhYaU7cD_H02B-3inLRrMI4v6ONcrlEKEBx9VuPNQ,Great app easy to use and pick wallpapers,4,2,2.1.0,2015-12-03 05:44:14,,
gp:AOqpTOHmypfZWImb0NPm1x1KWXuc0LUfA3e2jXGcChP2200gEEBzoHedfirbt92lydHNt4niN4SIq7MPV1PvtQ,Shahad Sadiq,https://play-lh.googleusercontent.com/a-/AOh14GgeHGeRxxhQQSzjLAWtbsX55VdYN5Q_qwZSJCT_dg,Very Good. But please provide the option for setting wallpaper for lockscreen too...,4,4,2.1.0,2015-11-26 08:35:38,,
gp:AOqpTOFx6yOZg4i4VVI_rFagwS-2u-xo3E3-GqDNs_fO92vl44zF74CZniIYlviyp4kae9bRZUe9yuwCiRcR8Q,Sarah Kermalli,https://play-lh.googleusercontent.com/-aiSCG3NQIQA/AAAAAAAAAAI/AAAAAAAAAAA/AMZuuclE3a85p3bS_orEjjstcsOcURNmbQ/photo.jpg,The best wallpapers by far. I love the collection of wallpapers in this application. It's all my favourite categories and pictures to match. Perfect in every way.,5,1,2.1.0,2015-10-29 02:25:26,,
gp:AOqpTOHexdemhO7ybIaCbL6B0dYYySf078CX4iZdc0YEi8cya1ZCTZULvs3p2OgEM3VMa-UFIKoRhgXAUeRe7A,Rachel Wainwright,https://play-lh.googleusercontent.com/a-/AOh14GiGakGp9_qenbD6wytTb4qBAhFj0vKjD0N1zS_5,Great selection of lovely high quality pictures! 5 *****,5,2,2.1.0,2015-10-22 10:25:26,,
gp:AOqpTOGUNsDWpb6Gx5sSnPe3olQMHioebFCN5MuiR_os4PckNQEOLFR2kaWwtzjN71tpW1Bpx4YcRKuw7lej3A,Valerie Maddocks,https://play-lh.googleusercontent.com/a-/AOh14Gjxai39CtHNFBk4PvxNXj_6-sNJKgCzBaTRrLgz4Q,Perfect,5,0,2.1.0,2015-10-21 04:04:42,,
gp:AOqpTOGy2dJh-kLN5q878GK1KqttTvX7wy15d10mmGANJsvZbpXUiKycsd9_RnDgTtZpgDWE4Ns9qInMi3ZorQ,Stuart Rath,https://play-lh.googleusercontent.com/a-/AOh14GiI64n_nU4m72Wjrw7LYnPrWXQ_PmLPeQ2x2MYk5g,Is very cool!,5,0,2.1.0,2015-09-29 10:35:53,,
gp:AOqpTOFzI4y55BONeX8A03NslXYlgXmMRZ_ovVv4Er-w_IW6Ut6Qsyt1I4ZRg8BFZXal2p5YI93JYv2mC-Tr3Q,Heather-Beth Smith,https://play-lh.googleusercontent.com/a-/AOh14GgshM7WrBESgIkH_RK38Io8tuw2bYhCLbAgXSL5,Good for a little of everything,4,2,2.1.0,2015-08-23 14:47:17,,
gp:AOqpTOHfNqyLj1it51YKNh-wzKQF8p7CD3iaKRX8FP4oKgUiN3WmhM1pCIOY_JKJWCLh6Ac2DC8jJXNOCWyJbA,Michele Wise Williams,https://play-lh.googleusercontent.com/a-/AOh14GiKD6KCM6J87RJLxMS8noq6PZI1gJqHgom6-W1Mtw,I love matching these gorgeous photos to my contact list making everyone personal and special.,5,2,2.1.0,2015-08-20 08:43:22,,
gp:AOqpTOH9LKErKpiRgfeCM5hQ18EV04-gpedl8kWVEZKyzyeLCOXWF58PwXpoopd9ZLn1bXTO4R1gAmeCX6R_qA,Marti Fulton,https://play-lh.googleusercontent.com/-Pe9RnOW1WFg/AAAAAAAAAAI/AAAAAAAAAAA/AMZuucnwfpIftgvm6hXlDHIB4GhqnS2UrA/photo.jpg,Vivid colors and great pics,5,0,2.1.0,2015-08-13 23:36:58,,
gp:AOqpTOFicxSbl8uEiQS7oQhIFgK-CmjYctVa__AlYIBbyPWmBw-ezRJ2sm2KPRdp0OBaNWSp18qGKzgA5Jw_ZQ,J. Sage,https://play-lh.googleusercontent.com/a-/AOh14GiR8Ry2-YyaI9FQRObyZlJAQfL7jidLFZJcrOrlVA,Good selection!,5,2,2.1.0,2015-07-15 12:19:44,,
gp:AOqpTOHLAuDxXyWNJ2-FOTCWrpdBcGGnFEecaQU_T_tBmI0XU_NTapdbSrGsA-6peLRlNtnoVDkwI2ER5294Tg,Pat Miller,https://play-lh.googleusercontent.com/-BlJBK6TBfks/AAAAAAAAAAI/AAAAAAAAAAA/AMZuucmNR-G9nF5oSaSnvOQZ7hoTIH6uCQ/photo.jpg,Beautiful  pictures.....enjoying a great deal. Just would like to be able to put it on both screens instead of just one,2,4,2.1.0,2015-07-14 20:08:59,,
gp:AOqpTOEw-DiETwTsqFpD40cKOiEAYJrMJaDsRfI7Ct9UotA3TXXg2lEPGRgn5CKSL1bo5dGvV5tY5eEMvu2kFw,Maya Diakova,https://play-lh.googleusercontent.com/a-/AOh14Gi4BgehAwQ8SVpqeYlQtgy5Zc8_6iI1DwuheypLMQ,That app is very good and,5,1,2.1.0,2015-06-14 06:29:41,,
gp:AOqpTOFdIu8fZerlUWAIwhdTA4nAFB2sCMacGlTvfwwOXmut14xWFSrf9B-R4xCE8TJIVrztbTqIXiTEYWio_A,Alesia Jones,https://play-lh.googleusercontent.com/-Mghfkw-TkLM/AAAAAAAAAAI/AAAAAAAAAAA/AMZuucl9Ox7D0nqEdsiC-aMc_mjWVG-sQg/photo.jpg,Very nice approaching easy to use..,5,4,2.1.0,2015-05-30 12:50:56,,
gp:AOqpTOHKqPfUgvWOgiYUKacdfKp5AH4latVjYuMwZnB2hbU-UnaBI4pdCFbQ_Vxkc0BY2J2YbegviNWCS-8a8Q,A Google user,https://play-lh.googleusercontent.com/EGemoI2NTXmTsBVtJqk8jxF9rh8ApRWfsIMQSt2uE4OcpQqbFu7f7NbTK05lx80nuSijCz7sc3a277R67g,Nice app,5,0,2.0.0,2015-05-19 00:23:45,,
gp:AOqpTOH-wbfxp989MUFF-8lwLZ4KGOhW_TjoO50WnDrKMP2-jAt2LzRkeH9FlgzVeVQS-bRwHhhXFPjKBbkHDA,Lil_Wendy,https://play-lh.googleusercontent.com/a-/AOh14GiofEjKFq5nDPGk8MzRvZeKMkL7OqvgzXs1HbHCD0g,Zola m brewster,5,0,2.0.0,2015-05-14 13:22:41,,
gp:AOqpTOEIBAOLzlkVOeenmzX8U9x9wW-pYDftIjQjbHyiEioyxwhbTKK2uxuQEYruOu_1s96THW1ZmxK9YmZwxw,G. M. Weir,https://play-lh.googleusercontent.com/a-/AOh14Gg2F0dpYThZQf7_feik7XFmzrZTrxw3pl1ftzOYqw,Excellent pics! Great variety!,5,0,2.0.0,2015-04-13 08:08:18,,
gp:AOqpTOFST1jjsuZ6MyIxCGkkH7jTRipH-xDyyfWlZnvRwaWINP6ukA5CHvhhrCtm3C7k8CrEh9jeEU_qdOY9IQ,Christian Hudson,https://play-lh.googleusercontent.com/a-/AOh14GgpkoOfXWPXmqpbiATO3AAST4YWP-sxkTzxq1Y3,So far so good.,5,0,2.0.0,2015-04-04 05:15:22,,
gp:AOqpTOEmTaZJDRiPg0EJRZtlKNByl5OdVlaPi8gsa_htpbdtMmzJNzUtzlkhSXjHncRdi7f3jquthPFOBEv-kA,Paul Whitcombe,https://play-lh.googleusercontent.com/a-/AOh14Ghe1GCo3-fXsck3RHKeuktqd7upONUA-Byaf1NkDg,"Brilliant HD Wallpapers App , especially love the big cats.",5,0,2.0.0,2015-03-21 04:28:51,,
gp:AOqpTOGK73XPjsCdD6xc2Ap5CF1SCl7qa_h_5Ez-WihLXq2DNKPe4BHkx_WSPbtgCYulOr2-NeYdRO_wS0auFA,K Midgett,https://play-lh.googleusercontent.com/a-/AOh14Gj7wcB7Fei9k6mJ3Ax0eSWN6anK4NRsjkP2P6AbHAM,"Bright, detailed, interesting,  I love making cards, attempting to scrapbook these are great for that!",5,0,2.0.0,2015-03-15 07:59:49,,
gp:AOqpTOFqGuuE8LH7gd2aZXl82k1gIU5-6oF-6Fi-cdJ809k-3G_xh7HY7ubugSVE6amZ_XFdMVOScTPymQTNWA,Judie Garner,https://play-lh.googleusercontent.com/a-/AOh14Ggii3CH_WvfHidLVoNGTzYjccejr1IfV1iL89M7WQ,...Judie,5,0,2.0.0,2015-03-13 13:58:56,,
gp:AOqpTOHvZykJZY6Sn8PBi9HD00dsWDOgRLKD8G0LgigMC_bPmjTVLoXJddIVcA8mJ4GfT9DlcGisw505co1esg,Cindy Murray,https://play-lh.googleusercontent.com/a-/AOh14Ggwvp4fp8OdRruewukDgT5hPHRgKMRY2Ce-uhLr9w,Nice,5,0,2.0.0,2015-02-26 22:22:56,,
gp:AOqpTOGElWnR6CRQUm1Jq7eQ0RfSK1Npy9H_SIte0ubN1j4YwC_J3-5fG8hMtNe-IdEgQZjC6MFdwHNgHFvYHA,LA Russ,https://play-lh.googleusercontent.com/a-/AOh14GjeyMEpi5DRaKSwrbZiJ_gE4X-JQxvHnc464AKkHg,"The pictures are so colorful and vibrant.  Need more pics, update every week.",5,0,2.0.0,2015-01-19 05:10:14,,
gp:AOqpTOGPnOWd8PRGWe6njr6grveJwepL54TPZ1_Iaa_pG6TLy17vmicVl0bbXIjpgcZ4ecQcEyYJFQR130TUgQ,Lisa Koster,https://play-lh.googleusercontent.com/a-/AOh14Gi25aj8rYoL8t7ay4siTFCCEDe6WhCN1me95Lzxhg,The best wallpaper I have found. So many to choose from amazing !!!!,5,1,2.0.0,2015-01-16 10:19:35,,
gp:AOqpTOGo--ybZiEY0ANWn0MuTgCNlKisSOqkZx4Z1jCgpfblFFvZ5S_E3hR-9c8IoBaHSTaN0S9gLc7Z45QZRw,Glenda Pittman,https://play-lh.googleusercontent.com/a-/AOh14Gh0KhVz0Pn5Z_7Bpo68XHsgOmFt13PpI4pvclPG5w,Not had for. Very long same to be doing good for right. i like the fix that you can share them with Facebook. Thank you so much they. Look nice,5,0,2.0.0,2015-01-02 13:20:20,,
gp:AOqpTOFmO8XDQEJzvCGQw1IOoyz5G374JDwqkpM5YQjgYFOur426s_SuBAGqZVMmmVgQTgLkeXVfk0u5GdSLuA,Jeniffer Lyn West,https://play-lh.googleusercontent.com/-ohIp15WvKmA/AAAAAAAAAAI/AAAAAAAAAAA/AMZuuclB6xMKpOEHXgDShHGH2uYIPy2V-g/photo.jpg,This Wallpaper app has the MOST AMAZING pictures of anything from A to Z. The most complete collection I have EVER SEEN!!! Easy-to-use/download/& apply.,5,0,2.0.0,2014-12-16 20:47:56,,
gp:AOqpTOG6jYqJVDq4_vGYO2PNTpJ4zEaFbrjdefTTVJnV77rpVWg5d2Iu32YT_yJ9wYaa6Tqmwi-_X7JxSo5VAg,j alcordo,https://play-lh.googleusercontent.com/a-/AOh14Gi9CVLiRTQYYdIf88xac4F02ndZsRM1dDw7P9ktIQ,There's a variety of pics and they're all very unique. Luv this app.,5,0,2.0.0,2014-10-18 07:52:16,,
gp:AOqpTOFQJUtthTMg1GH-F-Y5hWsSv7lgoN3uwaoRV4p53OYNvx04Qt5YV8TQ4q0GsV5aR4HhagftzMdWA7RIlQ,Jim McGuire,https://play-lh.googleusercontent.com/-aBwQlvN8omU/AAAAAAAAAAI/AAAAAAAAAAA/AMZuucnj_-T_Eq6RMucDF7T-2efCC4Q9jg/photo.jpg,GREAT SITE TO USE.,5,0,2.0.0,2014-10-16 15:58:13,,
gp:AOqpTOES2Yi-BSlVv-l2Z2OlS7V110FGttSVnRe-mg1cEKZgI-Vud5gtfjhNsGe_i-dvgtBdU4scx7jon_x8EQ,Cassandra Miller,https://play-lh.googleusercontent.com/a-/AOh14GiFoEfDcxlnJkMnXlsnzvEyfzB2o1t_0H5JCP2o-Q,Love the variety!!!,5,0,2.0.0,2014-09-17 19:15:21,,
gp:AOqpTOFYcok7N31myoSqwYn7bPSvHuX3wB8vpRXIfTip2R3Z9UMZkAoygY2Be5PHuqd8RpNfuiYN0Pj-IbxwXg,Chris Brown,https://play-lh.googleusercontent.com/a-/AOh14Gg6txRIvGGnUbcqBYvAzRBk_E9s3nxBJNpzCk8IVw,Serving,5,0,2.0.0,2014-09-12 16:28:42,,
gp:AOqpTOGlzMagav7vTIzNm39D3pDl7SGJXM5KAEwi1cGiDD1NXd3WI_J3pDpzML2qIbvsJSFxL4WPbWqGlPEttg,Noel Wight,https://play-lh.googleusercontent.com/-OSC6khJOG48/AAAAAAAAAAI/AAAAAAAAAAA/AMZuucnPZ6KMM-WKvgr7ld21LPDzV3weyQ/photo.jpg,Love it,5,1,2.0.0,2014-09-12 15:29:53,,
gp:AOqpTOH29vwNS1sW1twXO09yOrdrA-XwgC4KaDlr1DoIQUnXbVV_kOK65o44y--a6Jze7_IJeZmmdxiyZFIe3A,carlyj1958,https://play-lh.googleusercontent.com/-xTx66rzbhls/AAAAAAAAAAI/AAAAAAAAAAA/AMZuuclExCI8CIamJh-DiiRe-eNJhbxMCA/photo.jpg,I like this app.  It has a nice variety of wallpapers to choose from.,5,1,2.0.0,2014-09-05 14:25:06,,
gp:AOqpTOG9S4SSp3Ehq7pgYppEveMYZxYgC5iQAx9-ATHfKQhC-7EHjeYDkAszCj62Ws40-cEi4j8km7c1VOaUPw,Chuck Madigan,https://play-lh.googleusercontent.com/-YpEI6nqqcs0/AAAAAAAAAAI/AAAAAAAAAec/AMZuucmK2fm3As9L01o7HllcLXvBH0cftg/photo.jpg,Like all the pictures it hard to choose what one I like on my phone.,5,0,2.0.0,2014-09-01 08:13:23,,
gp:AOqpTOHboS_AnGftLFdW3avl5s1mufMOB19cvu3Yr3tA82paZEUFZg9cKw6KqF3K3joDbz12b_Pb3-h83BVkWg,Zulu Osiyeza,https://play-lh.googleusercontent.com/a-/AOh14GhqLhIMx0v9pK_rqfad9tr1icu7n9fVErdviSAn,"I upgraded because I was impressed with the quick features, great quality, and a fun variety of categories.  So much to choose from and is the BEST wallpaper app that I have come across so far! So it's been worth buying.💙👍",4,0,2.0.0,2014-08-25 23:04:29,,
gp:AOqpTOHJXgcfsjg5hlIgAoBuuk8csV8uh5Bv0uLjN0e_-RwK2J1QASGulfO-WtErYELNZhrIAajQxHrjeaUagg,Sarah Sizemore,https://play-lh.googleusercontent.com/a-/AOh14Gg7UCNCUoD3TVgLXIdv_t7Gf1gyV9Vr0USpJwWFLw,Thanks,5,0,2.0.0,2014-08-25 03:32:29,,
gp:AOqpTOFLVrUtTIIlZQk7kOE92CZjnvpqr9e4d2zEQUXXkXS12R9xpVGYWmtJ--CJU5zBKrbs82iYgLr443tbnw,William Berman,https://play-lh.googleusercontent.com/a-/AOh14GiW9GDpb3TtOqlm0necqCAYxPp-d0JqXfiSgwzNlw,I love it,5,0,2.0.0,2014-08-13 22:54:23,,
gp:AOqpTOGseHqXvoolvr9E4YK-yUMB_aOOxTFvvB38VfMUP7mbivocN1tWVmeWwJP6UNhBoeh2jjwHcNjC9xzyDA,Gary Staerkel,https://play-lh.googleusercontent.com/-6VlNTUU-Cv4/AAAAAAAAAAI/AAAAAAAAAAA/AMZuuclc8FcR7tWgzw04pNxoUsK__jeb2g/photo.jpg,I like the HD about it.,5,0,2.0.0,2014-08-03 21:46:54,,
gp:AOqpTOEQ9HoWfQWxJMn_09UckyiZdCLMFD2kljnTyPcGY7Ho15mlRdH9sn6hx0BBfXAnoxDz5S6qPL5CE7Np7Q,Joe Freeze,https://play-lh.googleusercontent.com/a-/AOh14GhoeKk7dTkgQMIouRU8BK2Amgf25ZM0xtTunIQMyQ4,Not to bad,5,0,2.0.0,2014-07-24 15:33:05,,
gp:AOqpTOFHx5iCMqNqBuU3Melt5gKNakWkl31gevGro2zsr6Bw8dbXJIGPWGFJYoxayVA-WFHFyahipo5zLMmSCw,A Google user,https://play-lh.googleusercontent.com/EGemoI2NTXmTsBVtJqk8jxF9rh8ApRWfsIMQSt2uE4OcpQqbFu7f7NbTK05lx80nuSijCz7sc3a277R67g,Very crisp and beautiful shots.,5,0,2.0.0,2014-06-25 05:03:58,,
gp:AOqpTOH_IaQOk5UhM6h88hCkjddZWsb2xYa3flM0iUn2rABIIgXxtk46-2kGOmykqy_fyvqVIMu3R1nktWURog,Pedro Hernandez,https://play-lh.googleusercontent.com/a-/AOh14GgzzV7EsR5JWdsb8ys4MdEsskXNAmdV_7t2afOd,Good stuff,5,0,2.0.0,2014-06-14 02:21:04,,
gp:AOqpTOE7OqDnyXSwy4oeJYrjIHhEaPHnfeC1ThwYi9VRUrnXdINlYDNjTfrC-OA1b-AQcQuJMvOBRtxIucAODQ,J. Elias,https://play-lh.googleusercontent.com/a-/AOh14GgN2ydvgmZL5Kl3a3K4xRxRD_rbwFFfFwD50EarQg,"Great app and easy to use! They have tons of images to choose from! The one I do wish is that they had more ""fun"" images like polka-dots, chevron, or cartoon animals...otherwise a fabulous choice!",5,4,2.0.0,2014-06-05 21:45:37,,
gp:AOqpTOEVK-w79h6sWoOAFdFx1Qez_-oiDRz3b1H91TkkuPtB7QiWIn1i_9gy1JQ99fl6vYlpCfSJSvAJ-zP9SA,Diane Jackson,https://play-lh.googleusercontent.com/a-/AOh14GhlviXYvok7-Qbt0FYTWktv1OHRXBuKYdR_AP41nA,Like this app,5,0,2.0.0,2014-05-26 14:36:06,,
gp:AOqpTOFTbikw6kFXSp45vudifNmj2IuHsSWK33GVE7sIfVLv05cXjhnd_DPsERQ0DXEEDGfPS_ZzDAgBvwnzdQ,Sara Noltner,https://play-lh.googleusercontent.com/-nKSOjvDtBMM/AAAAAAAAAAI/AAAAAAAAAAA/AMZuuclmy7OYG1FEvvU4cDR9gBSbFp4uIw/photo.jpg,...great....,5,0,2.0.0,2014-04-24 01:39:34,,
gp:AOqpTOEGaYhvNz5IAUUWuV3QT-qwqwLfpgzf8j65pcQn1olpZN3SpH6vtxZePf8pgRNn1T1e4DGBCtjd4kIR6g,John Barclay,https://play-lh.googleusercontent.com/-9a04C2GEw1c/AAAAAAAAAAI/AAAAAAAAAAA/AMZuuclYjXFuOfdMMZtjZeCXtvckueFZkQ/photo.jpg,This is fantastic!  Love the images!,5,0,2.0.0,2014-04-18 07:12:12,,
gp:AOqpTOHqDeinDfpJAMZENb8Rr3EQfywFacl5YH2ewIvk39S_ekDnuW1XECfsGJgsR8HfNuZJZs-2SZMaY7_jKQ,Colby Brasher,https://play-lh.googleusercontent.com/a-/AOh14GjwO6YyaJ78WHPC7nhe6b5qms5JWRKLcrJcfiz3jg,Awesome,5,0,2.0.0,2014-04-11 17:16:37,,
gp:AOqpTOElkE5Qua1C5wMx85UA33Eyl93cfodtvWDK2pX7W6hwLi-6g75u9jAJAAyKy5gVlfyCMD23vxYYiZdEzQ,A Google user,https://play-lh.googleusercontent.com/EGemoI2NTXmTsBVtJqk8jxF9rh8ApRWfsIMQSt2uE4OcpQqbFu7f7NbTK05lx80nuSijCz7sc3a277R67g,Love it.,5,0,2.0.0,2014-04-09 06:13:44,,
gp:AOqpTOG7YMLE_oXr_1NfIBGzH_AQlYxdbZB5LXLJU8Hx3sXQxc2h8RGJvfYxxj9b4tKwYAZfdRB3i2rzaEYBDQ,Gina Aills,https://play-lh.googleusercontent.com/a-/AOh14Gg2VR1dC3EyIVTxpJuJaYxA9_tUvf6f1jp3pXf5kow,"The pics are beautiful.  I can even save them to my card.  There are so many choices.  I paid for the pro version,  so I didn't have to look at all the adds. Nice work.",5,0,2.0.0,2014-03-19 06:38:08,,
gp:AOqpTOGxIvw5xq8xETWZ7TKsHeUuiS8sripX7plY2Hlj5jJkUVqWni4UQr4nZdiKD0IUrw--Zi6HOQW4OyjU6g,Tony Jabbour,https://play-lh.googleusercontent.com/a-/AOh14GjuzA3XdaTRuf5Vl9ZGFabU5qejao4fUmjOOUVhXQ,Best wallpaper app its just cost 0.99$,5,0,2.0.0,2014-03-19 03:58:36,,
gp:AOqpTOETYDhh0AEveclT5kfOjBNexv0OrlrwFQnM7NPjcH1aPpW0LyXt6zvB7bEmJwQImzacGjW7wceQ7xN5cg,Randall Smith,https://play-lh.googleusercontent.com/-TukERJ-MAT4/AAAAAAAAAAI/AAAAAAAAAAA/AMZuucmOCy5f58QjMmcRnxclNUIomSKkHA/photo.jpg,These pics are fantastic.I especially like the pokemon,5,0,2.0.0,2014-03-12 15:19:21,,
gp:AOqpTOHtI-a009tNQcjxf4i60Bb9Daj0U1--JTsmydD85tA3sLZvip_fgj6kAGLCl8ghySquQyUZJJ58PKrfgw,Joan LaHara,https://play-lh.googleusercontent.com/-UbIwtVPF6Oo/AAAAAAAAAAI/AAAAAAAAAAA/AMZuuckSSY2xXsHbvlSpoRUf76crWh6wXw/photo.jpg,Many many many wallpapers to choose from!  Awesome variety and lots of categories!,5,1,2.0.0,2014-03-02 17:50:03,,
gp:AOqpTOGdELeC_Q6P68raN3BlDAD8wsm8GVVLfPTePOiPCZ9ukQ1tZUoIYncC4YIDjx_nzb39JRUzqnSqTE4HCw,Mikel F,https://play-lh.googleusercontent.com/a-/AOh14GjhjV0R8deqYv_-YlHOP1kCfl7WiG9USN72Jk50BZ8,,5,0,2.0.0,2014-02-26 20:12:32,,
gp:AOqpTOFOQSY3zhOioWvazCbZP9rsgpG_ZGdDvZwGu69hlf55lAkIBHVw7nMTRDaD6aSzndHgKmFIn5S-PdozMA,Travis Gross,https://play-lh.googleusercontent.com/-FdQZcEtlKLo/AAAAAAAAAAI/AAAAAAAAAAA/AMZuuckC97O5tGp8-r8XK2aCDNI09Q4moQ/photo.jpg,Photos come from Flickr download Flickr app for 1  billion pictures lol,3,0,2.0.0,2014-02-25 00:40:48,,
gp:AOqpTOHICxPYDTlvuL5Tq8Ulz4DjJb-Qmp7Q2YZlFb4jwTjNmyIhSuFsbQq5syIIaBf6tRnZH13yefLg9d_H-Q,JenniferLynn rocktropqueen,https://play-lh.googleusercontent.com/a-/AOh14GgagnQaCSANbEGUFfdbr4HisLRyyW-Qfoax6ocdSR4,"Lots of beautiful, fun, colorful, vibrant wallpapers! The wallpapers are very easy to download and apply where you want them.",5,0,2.0.0,2014-02-24 22:45:57,,
gp:AOqpTOFVSmqwrXsnMb2Ns_I25eHB5nBUrqSK4lWojqYNpkPu5yCyRXsk1ur3P3LWZ1OG5bAtQnz1hfRJCuP0jg,David L,https://play-lh.googleusercontent.com/a-/AOh14GiVdk2lQz54FgcI3D96ohRKDCyk0FrzHWuLbuXKMg,😎,5,0,2.0.0,2014-02-21 15:20:09,,
gp:AOqpTOGIgzCjgcCUMjzZ792rTUKGM9MjEM2quW6frjUSc9e7nmJGR_0KhVFguzS14a2dAOOF76pOdu7hwYaXOQ,Jeanne Stich,https://play-lh.googleusercontent.com/-o7Mvp_wGQhI/AAAAAAAAAAI/AAAAAAAAAAA/AMZuucmPGkuWOWPPjy9_xYnYNILgJNufqA/photo.jpg,Beautiful pictures to choose from.,5,0,2.0.0,2014-02-15 07:58:21,,
gp:AOqpTOGoBZNzJyQC2hYqTom2QysIzyGzeCP7qUmLAhc0SnU5w48lGszbbAEtNLd1YaPpeydYqc_4szZzBbP7RQ,Darren Herbert,https://play-lh.googleusercontent.com/-Vcbz2e7-VAE/AAAAAAAAAAI/AAAAAAAAAAA/AMZuucmsm17ZtsmMxLOjH8mNPlEEjWMRKw/photo.jpg,Do get it its very worth your time even money,5,0,2.0.0,2014-02-02 10:54:48,,
gp:AOqpTOH3xAzy8l4cpNxYoNKlI6BTrwSSgpN-ocIfqnlEYNcuj_vmPekaFOnmKnkBDDLwIW3NgVpsFI3fyAeTXw,Angelina Cabrera,https://play-lh.googleusercontent.com/a-/AOh14Gi4LcvBjX7_iADuQQcSwJXkYzSG034k3YSyOcoSeg,Get the pro. No adds! Unlimited saves and shares. Most importantly clear crisp and colorful pictures.,5,1,2.0.0,2014-02-01 20:05:35,,
gp:AOqpTOE_pnKQnW8tr-yl7n6ok0KaYhnz14HmqhZ7AbnsA8hpOBssGWObs6nyy0k5mEV0VH63-ztiHvsCsaeTng,James Zelenka,https://play-lh.googleusercontent.com/-ZB1y28IShkk/AAAAAAAAAAI/AAAAAAAAAAA/AMZuucmZG6kTqKqpWYBaoJodQ9uRg0vmGA/photo.jpg,Best wallpapers yet.,5,0,2.0.0,2014-01-30 12:58:02,,
gp:AOqpTOHv5uR2YmRFsBXBniviCy3KN71ypJ77OD5N9wHP42_2YoFWs1NIHAnIqVyVITjsyODMi6ykOGWHMo-P5Q,Mary G.,https://play-lh.googleusercontent.com/a-/AOh14Ghf9gPmY-lr2RvyuqzmlfzVRt1BJI9W1uWjC2r__g,"Sorry I purchased this; the wallpapers are dull, boring,  just ugh!",2,1,2.0.0,2014-01-27 01:18:04,,
gp:AOqpTOEaNM-H2XZGHzyYeC0Nfgs7FxWvVwTYLyOc_oZcKm37GHWDDqk3fbQYG3D1Vevp4l_xq90kdoHYWzp1iw,Lisa Paech,https://play-lh.googleusercontent.com/a-/AOh14GgLg8rjOo8dD4Gb9p0kNDahcFarN8k-HN5JDoY4Zw,SS gs 2. Love the variety & the easy way to browse through the site.,5,0,2.0.0,2014-01-24 14:09:02,,
gp:AOqpTOExq6qfJt8y_8p67y8UH-kTi8v5qZy2RnEpep4obdnq5vtiMoY3C7pzn-XnBThh3yuzZB8IsAj_9dAj3g,Julie Kulisics O'Bannon,https://play-lh.googleusercontent.com/a-/AOh14GiwvKpI6zuInP3LBe59c2e5xU3MToqBxT5Zu-druA,Love the pics.,5,0,2.0.0,2014-01-24 12:51:15,,
gp:AOqpTOEd0Wc2Br4btpTqeebemShL37kHk0Ui7dgjBrg_fZXSxvNksVz0xJuKLgvwykeWlgIL5ID6qV9RMn9RQQ,Georgia J. Morgan,https://play-lh.googleusercontent.com/a-/AOh14Gh3Q8i6DPmuc8hWS6z0iWaiV2RwQQt1bsIcBFTV,"If you're looking for some great new pics to use for backgrounds on your phone, this is one app to check out.",5,0,2.0.0,2014-01-19 14:58:23,,
gp:AOqpTOH3BdMZpnLY2jAMVuzO8SJOc9hcCx9FeubaiDrkqUa_s6x-X8MrZ_feFYUeNyPbidn8hRbZk9kka70dyQ,Dawne Klups,https://play-lh.googleusercontent.com/a-/AOh14GiLLNq4nI3z8eNLCR2f5hljD8isuQ2Q48dOLcNmMA,Love the HD pics,5,0,2.0.0,2014-01-17 05:26:54,,
gp:AOqpTOEv8_y-FkQ-IDZD6mZCwkmTnJnKgWbhFTC_6k9g4FEECXTiT6szYeWPONUe0pikMf2kYTQto3_0J3l7yg,Gavin Wolves,https://play-lh.googleusercontent.com/a-/AOh14Gg2bHphdQ8XSqc0kPIbvJxnWZ-U98MJBS8PkjwpXA,Great app and variety,5,0,2.0.0,2014-01-13 13:29:35,,
gp:AOqpTOE9sTl-tTukI0DpjChGoteTXDVa1WfGIjAX94ZzBIBGnw_zVEpcLKLHCpUSC4U2QmtDOe8njkKhW8uQTw,Kevin Burns,https://play-lh.googleusercontent.com/a-/AOh14Gjdl2AdReXWT24YokAuO_1vbc1c5_9l2Eql3HpmNA,No way to set wallpapers on home AND lock screen.  No instructions.. Very bad app,1,1,2.0.0,2014-01-11 22:09:21,,
gp:AOqpTOFlJa_NjVcSsZwh4XY7qQHN5IoAgq_Jtk-lfz6K8aEzIQWKDYfG0jLtfETF8HHNQSI8PyR8X3Wvpv-nRQ,Avery from awesomness,https://play-lh.googleusercontent.com/a-/AOh14GinPu7kqOV6TgneS4RTMcwke7Q52088Dej6_hHnzw,SO MUCH WALLPAPERS!!!!!!!!!!!!!!!,5,0,2.0.0,2013-12-29 12:27:11,,
gp:AOqpTOFXl4ibbiK6rE2_MKKE5WSC2afp7Fk7YhxIxn9ajJmRUWGoPCobNAfTL7Y71gXbVXMooSOB5u2t8pbZWQ,dean dailey,https://play-lh.googleusercontent.com/-8GlFIlH_oY8/AAAAAAAAAAI/AAAAAAAAAAA/AMZuuckZ7fj4ab9MQw4H5yl_46Tj6K5UhA/photo.jpg,Easy to use,5,0,2.0.0,2013-12-27 07:53:36,,
gp:AOqpTOEfdwqFDjIS9EKkT3Nynhu1toDX6Yoxr0GpceG-1hAYuneYdqCIQU_MKcwl-wcNo73sZ-j4HMYnf17OSg,Fredrick Kennaday,https://play-lh.googleusercontent.com/a-/AOh14Ghg3XFQjqcPf9j3k3kMFx9pb01sqXXFGtmr154R5g,This has something for everyone to enjoy. Changing wallpaper has never been easier.,5,4,2.0.0,2013-12-18 21:19:44,,
gp:AOqpTOE-fIJar62ySVQW_2CK_xFWpZ4FaJijSXV9sl3JlkrBWNH92REiSx0IiQ4sOGVUG2F9lKROCGVmMRylyA,angel figueroa,https://play-lh.googleusercontent.com/a-/AOh14Gj2sLgMksyzt-5B8acJjS2IvCpH8B5Z3QJt_OzLDg,The best wallpapers I've seen in quite a while are in this app i strongly  Recommend you get this  App,5,0,,2013-11-06 11:44:24,,
gp:AOqpTOEwVd32uPdZ3XQqKOrcXUC9YF8ZphZEai_KWtYsQo2O345j56d50iDrHdzmwVmA3tTvyGwIlXxHpbiuIA,Sheri Svendsen,https://play-lh.googleusercontent.com/a-/AOh14GjhIX4orNBlx98mr74JdkgKdxNiTlpWMkPv8qhy,Enjoying being able to change wallpaper with ease,5,14,2.0.0,2013-11-03 07:31:53,,
gp:AOqpTOGw5zAz7VfW0PLdey7-vSr5gA7n-MXsng6JGP0Jr8yl3NuZAsupm2djc-TXp7xSuJdLpMmLdZtyl-d3eA,Aung Myo Myint,https://play-lh.googleusercontent.com/a-/AOh14Gh9-S2hfc7oC7wvMseEZkCfEMDrjMOb_p0hHddfnA,Great wallpapers for S4,5,0,2.0.0,2013-10-31 20:02:51,,
gp:AOqpTOH3hfNtKnVlwRnBdU2y68h5iZnku7XCst1SQUMzOCNGdw4CkywkTVtTuk20bMr6iizRvnLlGX2DHXjp9A,Roseller Gil Fernandez,https://play-lh.googleusercontent.com/a-/AOh14Gg13PHjoWxL5XSHovA2qNmsMtfs75bBfupyJnwOHQ,Great!!! colorful and clear thumbs up for me...,4,1,2.0.0,2013-10-19 13:08:45,,
gp:AOqpTOGqh4A3_anxbrOQhtRxLJMPYhQa7fsEjzVpYuRU4dkd_4bBHx0wo7LhEaH1WCc-6LEpPJke_WQ1hillww,David Clemons,https://play-lh.googleusercontent.com/a-/AOh14GjuFsicTErYpKRbLz1x_XApFemf1P6DSo46s8fv5g,Great,5,0,1.3.0,2013-08-08 02:19:50,,
gp:AOqpTOERG9atSTtflaSu_Kw23d15RIMSukncyYnAd8VA6Pxw83zhprCvXU92f9y1b9-N17rkvFrFzOD_X1tRZA,Alfreda Mcafee,https://play-lh.googleusercontent.com/a-/AOh14GheBLMFdI9F869ooxVMeHjRwLpmo2zVWSu6HZKE,I will use this everyday.,5,0,1.3.0,2013-07-10 08:41:21,,
gp:AOqpTOFTJvtLmIubnZvT16UhIzK4L-z4sBh4MyYlF51U4R60lvMSHeYAm_RBy17GI1wxLBZ4CpnLyDDkl9c77w,Larry David,https://play-lh.googleusercontent.com/a-/AOh14Gg0zyNmBfp2Bi77XpzfhSO6zt5Y7EeSYi-I53qX6mU,Love this app !!!,5,0,1.3.0,2013-07-06 23:04:28,,
gp:AOqpTOH_jIXDrYYjRyLlnj_Kd_jPAQC03FWZEwIO18l204NrvKhLoh2Zbtoj6r5q68ChwEOvi1VUEn7G9wh5oQ,Rungarun Santhadkolkarn,https://play-lh.googleusercontent.com/a-/AOh14GhgCfNK0JPrt1skJ8tMoOr2zl5uk2Cx4u7MmGcyVZY,Love is,5,0,1.3.0,2013-07-02 18:55:48,,
gp:AOqpTOErGZ-7x2-CIPBJSWFBGWsF5EhCt-Yi_G9YTESTwEXnjONheIbJjHPoV3Qi38OtSlYebx-9LHBHSW12kA,Brayden Poole,https://play-lh.googleusercontent.com/a-/AOh14GhQtpdRSqM8Truxie3LbSB_erJNo859URxBsTLhkQ,It's fine,1,2,,2013-06-26 23:50:52,,
gp:AOqpTOGyCkrdRBQmrnFJrghpDB1F2QMdldrOfEsAk_3CZWgOfsQGdTx1v36H4smfTLR3BHYAzflAdwB1HIN4yw,michael burgess,https://play-lh.googleusercontent.com/a-/AOh14GjjP01qINvpY7GuTvHnX1RQoq8WNDWCB6f6cyD7Uw,Supper,5,1,,2013-06-26 04:21:30,,
gp:AOqpTOGNj92EtWWht4IkUkcOY_2Ts0ZXasgzHs5LQkxHj4P5WH8HrG10jKQXzNXFB_5tyMdy03B1xZAaBCggJA,Cindy Cartwright,https://play-lh.googleusercontent.com/-NXLRJW3WEMA/AAAAAAAAAAI/AAAAAAAAAAA/AMZuucmHL8iPyeLHkeTat2rGRkTxh-cURA/photo.jpg,It takes me places ill never go,5,0,,2013-06-18 14:54:26,,
gp:AOqpTOGRXmcloVuYVfR2Ef_6oDI8GxlHkCMYUlhSNxAA-ebqNNl9w9aqltRkhScK6KixZcC0-Q2BYxfVb2K4ng,Robert Vince,https://play-lh.googleusercontent.com/a-/AOh14GjlkznyP0hNW_uG6tgV1caUOrinGzxVmh0BZhII,"Beautiful pictires, I love the nature shots, I love the outdoors. Fantastic.",5,1,1.3.0,2013-06-14 00:05:20,,
gp:AOqpTOGdYW-4hgF9r5Lxj_ODPQrr0wg5l7HqdUtH0yHqftEWHNjK6raCifLbm8AF-ObIzKw9kQcRrL5PP5GAHg,ALgreen Mama,https://play-lh.googleusercontent.com/-RcG5g_NRAH0/AAAAAAAAAAI/AAAAAAAAAAA/AMZuuck2VW-xFD9VdjvrtskXi-MUfwPpYQ/photo.jpg,Nice job..,5,0,1.3.0,2013-05-31 10:06:55,,
gp:AOqpTOH6QwaCfJPATDquzvSN9iiGWOt4h3gcNewYSyblWuAm4l1xdezdTxf1Y9eudWFustcmhVUgmLpjTcCeng,jennifer celentano,https://play-lh.googleusercontent.com/-ex8zkXIzLoQ/AAAAAAAAAAI/AAAAAAAAAAA/AMZuucmca7T7AjE83KDs-SBhTCwA1juFbw/photo.jpg,I especially love all of the different flower and heart wallpapers!,5,6,1.3.0,2013-05-28 14:41:08,,
gp:AOqpTOG-I5xoFv6wI5xc3yD4I10KbFop0aVFxdWB1N15WRHaFl4dXeZBqyJ-EjwIO09oHTUc-5Jys1nzKvLfvw,A Google user,https://play-lh.googleusercontent.com/EGemoI2NTXmTsBVtJqk8jxF9rh8ApRWfsIMQSt2uE4OcpQqbFu7f7NbTK05lx80nuSijCz7sc3a277R67g,"Worth the 99 cents for pro, because free version is slow with advertisements...love it! Hope the wallpapers keep updating!!",5,0,,2013-05-23 04:02:09,,
gp:AOqpTOE3kugQyP-lEMywY2B6LFfWjGQ9TUOf6HQHYovfyzEYWeMdTbz-3HHsifgNQY-J0j4rGspkSN7tK_4zkQ,Chris Zaniewski,https://play-lh.googleusercontent.com/a-/AOh14GimWLXSnftZM5N54cQjiLKwYG1H1C56OtdlOB2I,Love it. Worth every penny!,5,0,1.3.0,2013-05-13 08:08:27,,
gp:AOqpTOF83Ob3BDO48yh-jD933NCvwSxjZbg4iJwL2oK9mTPbfKZJk0N8rKvbnIXGoUtKioURfA6IQ33YMIvpvA,Colette O'Connell,https://play-lh.googleusercontent.com/a-/AOh14Ghy-5yd5v3uSRZsM434FeiRvYvAJdTVVgJtsfj_oQ,Best wallpaper app I've came across love it!!!!!!!;-),5,0,1.3.0,2013-05-05 18:18:35,,
gp:AOqpTOGQyRgcTzMim12B9qkQZQdMZl530Wb2-LMI1HyIDi9fUquj4QuymvMcN_CHLYsx-xlsvWucaxYqUKVBSw,Elizabeth Stevenson,https://play-lh.googleusercontent.com/a-/AOh14Gj2NUYPghqrLL3qGAU2gjblWcvMkU-6Iqt8rEmXvrA,Great paid wallpaper,5,2,1.3.0,2013-05-01 16:19:06,,
gp:AOqpTOE6kvnpqyYY38aCZegxLKUgYZIVTQBdEmnDbkIW7raOE6rfBfejhthKaL5oP9hvUF3AU-Ow4mSMfyN2cQ,Patricia Burdiss,https://play-lh.googleusercontent.com/-D8c5cjDGJN0/AAAAAAAAAAI/AAAAAAAAAAA/AMZuuckDLtvsgp31OD6Uyxac0HwMZQTjjQ/photo.jpg,"I like this app very much, and for that cheap price you get alot for it.  like I said before, I love it and happy I got it and will tell my friends about",5,0,1.3.0,2013-04-29 13:06:57,,
gp:AOqpTOG6Vql9CPEW8uNyI6jGp_tlSCV2GqnHb2oYZqzMYzGfVK3iyMU0whyKdvCUXbgFaKXdnWvkeNLg_vjQog,john corcoran,https://play-lh.googleusercontent.com/a-/AOh14GgtPtU7oj9OPuVqP7DEYoBQiGTgrm_E5c-Q-YNe_w,Loaded with stunning images from a variety of categories,5,4,1.3.0,2013-04-16 04:47:26,,
gp:AOqpTOG201rVfaNWH3Hnk2uXSlN1f1J9c_FZOC9Y4v6lfVlXdWYibdaIS_WnvY3D696vSVJQOjG0NehM7QZccQ,KJ,https://play-lh.googleusercontent.com/a-/AOh14GhXSnKXSn16t7mghlvZSf5OJlWjQDNuyvt7TRKdOA,Totally worth it!!!,5,0,,2013-04-05 19:17:33,,
gp:AOqpTOHC05sfsEQ96Zf2qwXRvgLySP-CSXw03HP3cyyl9yxgGeuLH-QdMowZS9QSjLxOjgdg4yJL2wRLX_Y-og,Jocelyn Hart,https://play-lh.googleusercontent.com/-23t-rMZe-Ho/AAAAAAAAAAI/AAAAAAAAAAA/AMZuucnF72Dxm8a5iftZ28gl64Yf0mOxTg/photo.jpg,These are TERRIFIC!,5,1,1.2.0,2013-04-01 14:43:45,,
gp:AOqpTOHF3q3I0RWg1WLZgr8qnUiWSfs4_XYjbsoMzjqYtRxBg5exa1AtAmH91ULHQ_yPu0g11cWc7k_eWTJm1A,N Walker,https://play-lh.googleusercontent.com/-fuK3A0ohkWI/AAAAAAAAAAI/AAAAAAAAAAA/AMZuucmBTfU0B_BlODzX4nD7i4C6kqCp6A/photo.jpg,Shows beautifully on  the Note2*,5,1,1.2.0,2013-03-25 14:05:58,,
gp:AOqpTOFoR0TsPIP7HHM15BxSOVli260wCTE3hhFSec8QXFtBiMadf19DZPWhYUziZQJU4nF_XytfM6uzIh7Ebg,A Google user,https://play-lh.googleusercontent.com/EGemoI2NTXmTsBVtJqk8jxF9rh8ApRWfsIMQSt2uE4OcpQqbFu7f7NbTK05lx80nuSijCz7sc3a277R67g,The best,5,1,1.2.0,2013-03-15 07:01:43,,
gp:AOqpTOH2sa95tVcAzgtkrt0p1iIsCJ8L7LbEU7EKJvlPWPj8VzCWRJizNNVVoN6E2kgxF3pkuNbPwnULVHj6Hw,A Google user,https://play-lh.googleusercontent.com/EGemoI2NTXmTsBVtJqk8jxF9rh8ApRWfsIMQSt2uE4OcpQqbFu7f7NbTK05lx80nuSijCz7sc3a277R67g,Great,5,2,1.2.0,2013-03-14 05:15:57,,
gp:AOqpTOHX3fBMrTv3nC0EjLEilrvgrbd2aDMBLFZ-BmmQ6lp4iqjnTGvYUQHLXGy4nD0WgomcRIbisrjwJLBISw,Rob Ballard,https://play-lh.googleusercontent.com/--B9WsXSAh3Y/AAAAAAAAAAI/AAAAAAAAAAA/AMZuuclJbD4pMYDt5pZIpsOX_i7chBUlZQ/photo.jpg,Great app love to use.,5,2,1.2.0,2013-03-09 08:44:24,,
gp:AOqpTOHB7MBeoEgVeGn5vUc22YWvx16SRnkALXmh_T-BYuXGeQ50yrmuAoFFQETILu_qSUT-B8u05gB4kTWETA,Katie Morgan,https://play-lh.googleusercontent.com/a-/AOh14Ggbt_2OMD0L6tTMBcbBMDyF2wtK-gqW8JmgXAH69Q,Lots off great pictures and easy to place a wallpaper.,5,4,1.0.0,2013-03-05 17:49:03,,
gp:AOqpTOFh93C2PUI4k8LZ1YQe_jv_noVN6LIPBE4O6ou2zjPD_uQ3nKwl2w2Ld5mKbZSWBPZWtauHIWzdEq4ohQ,Larry Hutchins,https://play-lh.googleusercontent.com/a-/AOh14Ggo5bam_8IvNHlpkm46BSQlasacZ8MtN-W3zP1Itw,Samsung galaxy S2      This is a great app. Great HD wallpapers.....A+A+A+,5,6,1.0.0,2013-03-02 13:05:53,,
