reviewId,userName,userImage,content,score,thumbsUpCount,reviewCreatedVersion,at,replyContent,repliedAt
gp:AOqpTOFOjDkRm6lwBhQUdA6ZE0G7O7KE_sHriWrGBCCn47kcKoBC9eO0QbCE864yz_bOcCmgjUPRunRYBfnVfA,Matthew Barr,https://play-lh.googleusercontent.com/-brhJFItvbXE/AAAAAAAAAAI/AAAAAAAAAAA/AMZuuckPW5-BkVy4mT164j2LVYwKk81QJg/photo.jpg,"Tried to give this game a chance but the tutorial is absolutely no help. The fact that after you choose a card it flips over and you have to long press 15+ cards after the first ""age"" just to remember what you have is horrendous. You can't change the AI level. There is no rules page to look at (I had to close the app and look up the rules on line) so if you have any questions while learning, you are screwed. I wish I had not waited too long to get a refund.",2,0,,2021-02-06 15:17:38,,
gp:AOqpTOGW-1f13XBLKTcnZ7Wmseb6F1ZyZE5WQY2OQEqQb2qdBV7n_ImE9LdqISyJT5M_JdtjItdjw3erC40ifw,Joshua Gouge,https://play-lh.googleusercontent.com/a-/AOh14GiDHk9L_6Tm9k7K29Msh4TF-YqydjZra94Tq0pNGA,"Wonderful, addictive game!",5,0,1.1.2,2021-01-29 01:19:02,,
gp:AOqpTOE93fm_JhUXv8GMfqcE_VDhkeZxGUTIwADRGIlVqvxZCEr8B5T_o0obDMJjl_d50AqW1NJQaw60KWCPvw,Paul Hayter,https://play-lh.googleusercontent.com/a-/AOh14GgqBmFRuOabfDJJurmSajMDm5J_QRNfiG9xheu0vQ,"I love the game and I love the app but I hate the matchmaking in the friend system. An update, maybe two, would go a long way.",4,1,1.1.2,2021-01-17 22:34:11,,
gp:AOqpTOHFTusYe2gQo8RRbHlP51hybk6ttp1CNVu_XR4zl6vh1Anxh5eMOTlmWkSVnrjhG0thFaMumPqBdf9Zbw,Joseph Hogg,https://play-lh.googleusercontent.com/a-/AOh14GhYn3nelg9BwHFEhMgE6qO9G3Ryro91cpjrb17VcCk,"Disappointing level of bugs for what would otherwise be a great app version. I've had games with my friends become desynchronised where I can't select cards or see which cards get played, and a few times I've been unable to build wonders even though they have 0 cost (and there aren't 7 wonders on the board yet). It's disappointing as having all of your options available is important in this game and it's no fun having your options constrained by bugs.",2,4,1.1.2,2021-01-10 02:18:29,,
gp:AOqpTOFp3rFPMNdVURcgafztBJabO5H7NC4L7SfCLm7z_weQmPyZA3wOHDQeHKFPIC4dieRxoxgimqNs3sbyrw,Tom Rothwell,https://play-lh.googleusercontent.com/a-/AOh14Gg49TzZc3u8mD4PFNC8CepTXn8N2P57YCCmeljFXw,"It's a great game and the app works well but it needs some improvement. In the online matches connection is lost when I get a phone call. You should be able to leave the app without losing the match. Just make it so that your timer keeps going down and then auto discard just like it does if you take too long on your turn. You could then make forfeit after 2 or 3 missed turns. Also, there should be some kind of online matchmaking and progression. AI is weak too but I just play online.",4,3,1.1.2,2021-01-08 12:03:10,,
gp:AOqpTOE07zYtYZLIdU2E_VZEWtkHHEQxjxnnfhtSoUUys5k5I4OVwh2vxZwbmPX1MY-n-yiOC4DHiAgizjMJaQ,Christopher Jowett,https://play-lh.googleusercontent.com/a-/AOh14GgbSvmaQzWhRuS-biPpo6Bts-bxTAnovKpEZMx8,This is a great game and a good adaption of the actual board game.,5,0,1.1.2,2021-01-05 05:32:15,,
gp:AOqpTOEL4vEAtVPcz1562-5Io9b67JXzXatfyEKX7esRHiM0tuXPofKJyDezvpHPhxMUQIq3ikUTd9nostpwmw,Andrew Graham,https://play-lh.googleusercontent.com/a-/AOh14GjRPCoiFyRP1o8kLaG-TB644spBYt2Tzt38-gGE5Wo,Love this game. Please add the two expansions!!,5,0,1.1.2,2020-12-29 14:31:42,,
gp:AOqpTOGlozdtxVgOoF3tI3lS1bSi7o9aumy6PQQ6FA0tcm7UopVtJInD_aULZ_5uZsnC0WGPT7254cFDAscQzw,Michael Toon,https://play-lh.googleusercontent.com/a-/AOh14Gi-M_tTZU4Lt7nezejMjeTAgXz93S5Qu8BVXyemteg,It's got a lot better but I find it weird how it doesn't show our ELO score when we play other people. I want to know their rank and rank of our friends list. Also it should have tournaments that can be played over a week. Always having three or four games on the go would be excellent.,4,11,1.1.2,2020-12-29 01:25:58,,
gp:AOqpTOFc4e-d_Xn1VoBqsPRuQWFrweAEOXb2lSd-JwtGoTCtSVqM7ak37Ru1l29sEgVEMCt0I6DwI2Tym4iDgg,Clancy Oliver,https://play-lh.googleusercontent.com/a-/AOh14GhGfcAeO-JS-jL9kcwkLL6p40tfx_3f-j0bMeKfFEQ,Such a fun game with beatiful art! The ancient city theme is marvelous! This app is good on either a phone or a tablet.,5,4,1.1.2,2020-12-22 23:57:51,,
gp:AOqpTOERHCQtlSFwJy8yUkzTX-e5JsC_XZpgGk5tSK9ZuAwhxmlLrhPm1g338UOd2xJQYPu2WOSe1aDL3y9xmA,Brandelin Bailey,https://play-lh.googleusercontent.com/a-/AOh14GgfGYKESZB2YZUImhSgp35mJiXUufdVXogmCPo4ewY,App stops working in the middle of a game and doesn't save progress. No way to save or recover progress at all. And I was totally winning!,2,9,1.1.2,2020-11-21 11:04:28,,
gp:AOqpTOEKqJUz8vFEd6ANZzJM5Lr6Zd3xj0X2FhSzfd6yQd273zU1vbjn3t0Vy3jfx9clPfa-x7nhlLHUWjZI0g,Cam Worczak,https://play-lh.googleusercontent.com/a-/AOh14Gh0FajX7KI5UNmIkHQ_FNdEPi487-K68anUlO7FGfc,Flawless game. The app is perfectly designed.,5,0,1.1.2,2020-11-11 18:20:54,,
gp:AOqpTOEI_NjSa-5RX1ts3Ax7eNp4gmgcDOTg6gxJj8Hhy4Aodl81ck2Bb33dGHa64acT0mccyyLZ5BcbrEmBxA,Thomas McCann,https://play-lh.googleusercontent.com/a-/AOh14GgDhnjWjYZrhXKdVw9FXdg_nWUYifq4XX8S2KIDRmE,Wont load on pixelbook go.,1,0,1.1.2,2020-10-09 05:07:21,,
gp:AOqpTOEQQ-ZHBiQfVSKShcEEIabsB54wUZvcdEJr8xAgHhANDojq9vRj97F5FeSrEmoBBlxh7YYRKQCFFRqiZQ,Cason Pratt,https://play-lh.googleusercontent.com/-1qG6weNRBak/AAAAAAAAAAI/AAAAAAAAAAA/AMZuuclIJ-sYIRVsPR2ShxG0bR2qF7OGHw/photo.jpg,"Horribly distorted and ""tinny"" sound. Waiting to see if developer will help me fix the problem. Will adjust rating accordingly. Seems to be a pretty cool rendition of the tabletop game which i love.",1,4,1.1.2,2020-09-22 19:59:17,,
gp:AOqpTOFGxbUolvQ2BRbsU_uOGvIAi3DmK2SsnOHdIYXmAlDAp2NiYEUsjvjANULFf4bo3oh2AS7r6vakIB1uiw,Maria Perrone,https://play-lh.googleusercontent.com/a-/AOh14GgNbR9mItEOJCPRPpfTqSRlVRaGlxLwf5CbuUlz,"My brother & I purchased this since he's played the board game & we enjoy Thru The Ages. It took about 1 hr to figure out how to start a game together (need to be on the app at the same time to start a duel). I accidentally closed the app using my phone, which forfeits the game! So you need to be on the app at the same time & to stay on it / have it open to play. How does this work for people who live in different time zones? Or need to use phone for something else?",1,18,1.1.2,2020-09-01 10:16:05,,
gp:AOqpTOEI1YSxWXdIysUEGMmNyxCRfkP8flwADYeuhmPkEsXM6XXHocHJPJs_1iLstD_Uk1Z-Ei2KhElteCIwWA,Josh Drake,https://play-lh.googleusercontent.com/a-/AOh14GhCGzepoKKMeEPBtkyKpvWKdb1NBxB1kJMGbnRR_g,Just like the board game version. Excellent,5,0,1.1.2,2020-08-25 19:35:41,,
gp:AOqpTOHhN4hsEBL8Oimk-GE-RiTy1d6sP38RvaNjBrE7qMbRVzaW5YBNJnMvt5STy36Y_50ca-Ea5MtbHWQUYQ,Kory,https://play-lh.googleusercontent.com/a-/AOh14GgmeBD0Bl_u5DsE65vCATFr2ONmMGrgHehvjmy59Q,"Minor in-game lag, but great game overall. If your phone doesn't suck, and your network doesn't suck, haven't had many issues.",4,2,1.1.2,2020-08-23 12:05:45,,
gp:AOqpTOGyjbiymPeMaGrOZxzrgpIBHi5Jw_ZNoLRlh3FgJLA8CpmoJ083CvZJM8VcQ29xKeeQRYjgjqg2JC35CA,Mahi Boys,https://play-lh.googleusercontent.com/-DKZCGTDx_lA/AAAAAAAAAAI/AAAAAAAAAAA/AMZuuclLHCbXqxhvebjNtJplMjSiKhcpmg/photo.jpg,Osome,5,0,,2020-08-06 12:13:40,,
gp:AOqpTOFqEa00oLiePrUJQlBEqXytkP1EjXd6mtzsPsKPW5-ZL7VivEtmTChaY8cyvL2dcNvmcnd7y5au4udSOA,Dennis A,https://play-lh.googleusercontent.com/a-/AOh14GiIsatXQSQnTPXLQdUBtFomK-lbeK7pQLOxOasA614,Doesn't work on my Chromebook or tablet. All I get is a black screen with music.,1,0,1.1.2,2020-07-22 19:16:18,,
gp:AOqpTOFBcsHHHdA2zg2GQ1OLnLXFRJPlcsT32v0Y79TP41zCU3GQerwYX2L400nMbYNjcGGwniXYwLYmtMqI0A,John W. Bechtel II,https://play-lh.googleusercontent.com/a-/AOh14Gj0L11C_yfztqarEJzo0i869b--jtJ79zZUe59Kpg,GREAT adaptation of 7 Wonders for two players,5,0,1.1.2,2020-07-20 20:20:07,,
gp:AOqpTOHaoW8DzU1RjeK14Q_QU3bAg7P-v7knuIs1ihk2DR_qmTFGm4gPRhVf_dUUV9ToE47tLntIg2bj7O-H5A,Rob Tyrrell,https://play-lh.googleusercontent.com/a-/AOh14Gi00HwXnhD1mGvv9eQ-zDoT_9kRoCSSM3sVsMLA3lI,Great interface. Pretty good AI opponent. Fast games. Worthwhile port of the analog version.,5,0,1.1.2,2020-07-18 05:41:38,,
gp:AOqpTOEw5F07E3h9mA5g4-rcn0l6-JEHF54EyFQuRg_BA4FgMN3oKiYgKZxWfxYbxSiFzmmVYb_gP1VJXTJuHw,Liu Jimmy,https://play-lh.googleusercontent.com/-eMXn_9r7Zyw/AAAAAAAAAAI/AAAAAAAAAAA/AMZuucmpcy3blDcvW2miWgLefV9zcZC7wQ/photo.jpg,Terrible Graphic and gameplay. Definitely not worth the money.,1,0,1.1.2,2020-07-10 00:31:30,,
gp:AOqpTOGrUYCiNy5HFzv6mwozIrdl9ir4pef0kHdUZiTAoFLW9NU1EQSRu02NbgEHDCLkwyrbZ8ERqMa1u4zdOg,B T,https://play-lh.googleusercontent.com/a-/AOh14GhqIpgc7UIKqi0-Wq8qdGq1c1qXDGLhkLxUa_eAHQ,"I love this board game! When I found out there was an app, I had to get it! Sadly, this was beyond disappointing. Running the OnePlus 7 Pro, I achieved what seems like 5 fps. The sound is extremely distorted and sounds like a mechanical nightmare. The graphics on the highest quality is comparable to CD-I Zelda games. Attempts to contact the developer and mentioning the bug fixes has been futile. It's frustrating to buy the game, get a non-working product, and not be able to receive a refund.",1,24,1.1.2,2020-07-01 11:25:49,,
gp:AOqpTOExdLcgYY_rG35EYQP6eDIQw0YEDW-sZsmq5wC7uAhqq68NsBIkSqd0X70Xw9kq5LN-3PL5WuOSK2PiEA,Taylor's Trick-Taking Table,https://play-lh.googleusercontent.com/a-/AOh14GjDhE3BBWHSNEMOxUGQDYFO6908ihE54hcWX_TV,Love it. Hope the expansion is added😍,5,0,1.1.2,2020-06-25 13:58:24,,
gp:AOqpTOHtdrn9tS8PZgJCGhxuUt31o05ALDLoT3VzVq-V63yL0mTNLeuM__qsX_dOwCMiLsoeK-s3X-NPfMWdjw,Eric Tarver,https://play-lh.googleusercontent.com/a-/AOh14Ghwwg-nujdOLK2aCAq87Yn1xlH9jjgf-dzpj6hIJw,Problem with The Appian Way (Wonder.) Does NOT remove any coins from AI/opponent when constructed.,4,1,1.1.2,2020-06-24 21:15:40,,
gp:AOqpTOHmzF9DixWfhIuRqbbxxdPNVnjwiSsRC3-3I-4dSb7dgk7-9qYKOXY3-cmyfcPL9Hlu7NsfhVmA6f58pQ,Alex Hughes,https://play-lh.googleusercontent.com/a-/AOh14GiyH0P2earjpZk_CjJttbQTJ2GTSaJ3JPyTv9vXyQ,"Just like original version! So much fun. I just with you could communicate with your opponent. Maybe just a list of things to chose from like... ""good game"" or "" play again?"" Or "" your going down"" or ""that was a bad beating""...",5,1,1.1.2,2020-06-20 05:23:19,,
gp:AOqpTOFf3P5V3DVanGbDexiooW17acEWXq3QZUk6Zygq1pfzxvtReFpc-MDvx2zNnIpbxEQzxdLlpBGvi-08fQ,Sara Austin,https://play-lh.googleusercontent.com/-EebyPBuxnq8/AAAAAAAAAAI/AAAAAAAAAAA/AMZuucmOxdPdw8ZTVv-gE2p9WIazOg-5eQ/photo.jpg,I play the board game and this is a great way to play. Would love to see Pantheon available!,5,1,1.1.2,2020-06-10 07:07:21,,
gp:AOqpTOHg4E87c3SA-kIMHhG5TE-piRxGxhej3prmE1lwVCgwKa2gyB_INdBeqnmu5P7G48Cp8a4O6H7GYJ6Z0A,Corey Stein,https://play-lh.googleusercontent.com/a-/AOh14GjH8BChUE8WmInEkmwfLyZnooDbQWUioZfaQeToQRE,"This is one of my favorite board games, so I wanted to download the app regardless of the negative reviews I was seeing. I have since played a number of online matches and vs the ai and I honestly love it! I match with another player very quickly, the ai is a decent competitor, and the controls are intuitive. The two things holding this back from being 5 stars are asynchronous play and global rankings.",4,7,1.1.2,2020-06-06 08:20:10,,
gp:AOqpTOFGv65mEDOCv4pu6LpuFS1MtFiCnhpEYA6hHDfwJVSmUH2gVGKUV35Awfll3ttjK7eRANy1p6lr_LrXjg,akayla bustamante,https://play-lh.googleusercontent.com/a-/AOh14GgTPpeGwmUyvw7EmkV3p4zjQR9xIUWABSBmms3D,"This app is not worth the money. It can barely keep a connection long enough to actually play a game. It takes FOREVER to match you with a random opponent, IF it ever does. It's glitchy as all hell. It selects cards I am not a pressing on, and sometimes it does not let me take an action on my turn causing me to lose my turn completely. It's really unfortunate that such a great game was turned into this hot mess. Hope it improves.",1,17,1.1.2,2020-05-26 11:23:30,,
gp:AOqpTOEc09agyEnW4nOdZ8nlBWrZGYmEoWRLPGpCYgsgusna1dweSZp0n7GwtE0ZTYKe8TnGadvIKhEWUJvFJQ,Gavin Ayling,https://play-lh.googleusercontent.com/a-/AOh14GhrDPbID57S1vh4CO2Hq0YoBC2F6o660rC_gIVXGg,"The perfect version of this game for phones and tablets. I haven't experienced any instability. If I was going to be picked, I would love a 'play again' button.",5,1,1.1.2,2020-05-18 18:55:14,,
gp:AOqpTOHdvJBysWVC6hfOxWcfzwhpbfExLXupvgYri_daHR1_gB7H-1Jqtx8CojJZYxlVFW4Vts0gCloJG7Y11w,james mcclelland,https://play-lh.googleusercontent.com/a-/AOh14Gi62egl_vH6ystYTWvMG_oQcRdASDkI3ms9oE1k,The games is great. The interface and art design makes it difficult to understand what's going on. It needs to be cleaner.,4,0,1.1.2,2020-05-17 06:48:54,,
gp:AOqpTOHRYlEyqrKk77a4mOEwZEGMtGwoOdszwvMnDkxMYsrjGYx1Iisw1OVzP52vw7zVEUyd59y0w7-6jRx-SQ,C,https://play-lh.googleusercontent.com/-H8GDq9wV6pE/AAAAAAAAAAI/AAAAAAAAAAA/AMZuucnuxOP8SzuzgVn6dpIZgMBFIPKOlA/photo.jpg,"Good in AI mode. Haven't had any issues on local network multiplayer, and online multiplayer has been stable for a few weeks, so I'm upping my rating",4,0,,2020-05-16 11:58:03,,
gp:AOqpTOF-RZxHUIRfieJhsH_OnoUQWRhVtJt85MXYLWWlfui0ckbuhnxH7UYO4u9Rc3m2Ypm8wT9Ef76MC3fzag,dakadae pool,https://play-lh.googleusercontent.com/-_OJz-G3EF8Y/AAAAAAAAAAI/AAAAAAAAAAA/AMZuucmxW1jZ4tYM5-SbLGYHSbFlxg8p8w/photo.jpg,Fun and great time killer,5,0,1.1.2,2020-05-08 17:25:03,,
gp:AOqpTOFRDpyvCHUUCMcMHgHLQPLjYvR8WVimP7el-PF0OY7Z_uZOPzYu_mQ-2lFeSQBY4BESpxNxMcIFb1Bgtw,Ygal Ktorza,https://play-lh.googleusercontent.com/-xXI_Bsa5Se8/AAAAAAAAAAI/AAAAAAAAAAA/AMZuucmRzIx-ZaOzinvvTqd7vD_LRJEUxw/photo.jpg,"I wish I could rate this app 5 stars... Unfortunately it's impossible. I am sick of it. I play (or should I say ""try to"") with my friend online but most of the time it is impossible to synchronize and start the game. When we finally are able to start, most of the time we will be disconnected in the middle of the game. Maybe we can finish a game 2 out of 10 time. I contacted already repo and they told me they will look at it. So far zero improvement. They should refund us it's unacceptable!",2,30,1.1.2,2020-05-08 01:06:33,,
gp:AOqpTOFEichwf_Xw02XQJQM2-mxsTAk5MgwBKVshw0tP0LgZ6GQerT3ziOF7hO_RZfDkLQ0y9pmg6WaxoEneUg,Josh Landecker,https://play-lh.googleusercontent.com/-Ur_iS6O-Xs4/AAAAAAAAAAI/AAAAAAAAAAA/AMZuuck1pByqKLByZbzEtQNySggYC4Nqeg/photo.jpg,Sound is all messed up. Works great for local multiplayer. Haven't tried online yet. Release the expansion please.,1,0,1.1.2,2020-05-06 19:38:23,,
gp:AOqpTOFKEmcfvWD1kb5msf4FP3e8zMhO9QB3AU4iSrNVq-ytBGFWGZDyQ6o2lKXGlQojLlL_-xqMpnRe3YSYoQ,Cullen Malone,https://play-lh.googleusercontent.com/a-/AOh14GhWofjlGEPIeWjP69cr33iIgbOmpnRaDwadsjp9OQ,"This game is not functional for online multiplayer. Both friends must be online at the exact same time to start a match. Matches frequently accidentally end too early because the turn timer is too short and has no adjustment. No option for asynchronous play like other similar games. The developer has not even put in the work to make sure the game functions on a tablet, it is ""unavailable"" for tablets in the app store. Expected way more for a paid game (and an expensive one at that)",1,18,1.1.2,2020-05-02 05:27:41,,
gp:AOqpTOEqvikk4JbyB8It19FT6q6FrW5QPXF6C7XJQJ-UtmwYeh2Xd3WBvGpaIhXZDHOLpH7pU9ZRXAnyPYGKnA,Ashley Kuntz,https://play-lh.googleusercontent.com/a-/AOh14GgbzBCAsmVR9nkZoB_JIYKrc-Yc09PeSByHmzbySA,I enjoy this game and I think its a good adaptation from the board game. My main criticism is that the AI only has one skill level. It would be aswesome since that there isn't a campaign mode - the AI game could be customized.,3,2,1.1.2,2020-04-24 14:43:23,,
gp:AOqpTOE0_5HBNJtijoz8KyuascDzr4wowvmO1lBmweyn4s119JtYqcbfXBKLzpdBa44ZyWBzYIBo5Iwg32EAqA,Vincent Kaminsky,https://play-lh.googleusercontent.com/-eDdL-Q55udk/AAAAAAAAAAI/AAAAAAAAAAA/AMZuuckGLKcAv13MB22FjrxcJTbWnR4GYw/photo.jpg,Works well if you can connect to a game. Several typos/spelling errors/visual bugs. Edit: Many of the connection issues and menu bugs have been fixed after the first big update. Mostly just untranslated French and errors on the loading screen quotes remain. Hope they can add the promo wonders and Pantheon expansion.,4,0,1.1.2,2020-04-23 23:57:27,"Hi Vincent, thank you for your feedbacks. If you want to, uou can send us information by email (app@rprod.com) on any issue or typo you encounter, we'll fix that ;)",2019-10-26 09:07:51
gp:AOqpTOHh4xu5GlZaHVY9Q7wzK6t77ojQl2-eKjZexWSC0mckeNcIpxHO7FjJ6NnCWQUCJKwWHjTJuV82kcWRfw,Subhradeep Dhal,https://play-lh.googleusercontent.com/a-/AOh14GiTlwBQbdwivtbYxDmU6IdeMFdMCCagG637HsflPQA,Buggy at times but works well most of the time. Have been hooked to this game right from day 1. Seems like a fine adaptation of the original board game.,5,1,1.1.2,2020-04-21 21:44:50,,
gp:AOqpTOGXJRsftiRO6pEvjPD2wYNwa0BY3ThASROsestvfpWd8-uzmgK04SntVdDLZmw15Yy7Xp1w7-XfnigupQ,Adam Rogg,https://play-lh.googleusercontent.com/-OO9HbosPrlA/AAAAAAAAAAI/AAAAAAAAAAA/AMZuucl_WcSrqYjYzTqz4vUBPXl4UtkkOA/photo.jpg,"So fun, exactly like the card game (which is one of the best 2 player games I've found)",5,0,1.1.2,2020-04-12 21:12:53,,
gp:AOqpTOF9Sl0GA1Cwcw2cKocZHBMXnTe3AC1lVGLeyTtiedSbQEYis5fkWy_gtESEmfRYOO6kwdbzo4A7fZgiaA,Hannah Betts,https://play-lh.googleusercontent.com/a-/AOh14GhxHaWzwSYfByBh9-2ZNh5qrk15BzY3R5nwxs4XZw,"This app is actually pretty good! Having seen some of the early versions during development, I am totally blown away by the end game as its really good by comparison. The only things that are really bugging us is that if you're playing with someone side by side or face to face, 1) when you play your move it immediately switches to the other player, you don't get a chance to see what cards are revealed next 2) when asking which player should go first, it doesn't show you the cost of each card.",4,2,1.1.2,2020-04-11 02:35:14,,
gp:AOqpTOH1uGWMVV5Bo2OqtMZDCal_IF4y4AGOsHIvK_dAbBNRGOSH15_Px0iZHlLGfiPRbxxHHEN7Ekzz8w5y4A,Craig LaValle,https://play-lh.googleusercontent.com/a-/AOh14GgSyYwGY0dnz03ApAAmW6RxFLKKa5Vso31pyXuRmhg,Multiplayer seems buggy. Can't connect. Single player is fun and easy to play. AI is good. Looking forward to giving 5 stars once multiplayer is fixed. It'd also be nice to have some asynchronous play options. Edit: Multiplayer fixed!,5,2,1.1.2,2020-04-05 21:39:43,"Hi Craig, thank you for your feedback. As the game just launched it can be sometime long to find online game. but this should rapidly become shorter with more players. For the asynchronous game it was been asked to us during the Beta and we are currently debating to add this options in future. But it's not planned yet.",2019-10-26 09:19:11
gp:AOqpTOHK0GqYqlDLh7AVql9dGJES2ptePN-sZEuR0S6DQC0y0qNMngbsqfItsQwTgGpIkCo0tFsfwlp2EPWxJQ,Jirawan D.,https://play-lh.googleusercontent.com/a-/AOh14GhDamYMqkHlUt_WKvgvb5T8wmf6ZjlnyWSY5H1hmA,Not able to create an account,1,0,,2020-04-05 09:06:41,"Jirawan, nous avons eu un souci d'accessibilité aux serveurs cet après midi. Mais c'est repartis ;)",2020-04-05 11:23:03
gp:AOqpTOEUFJVZMmJJihSMSDZ78HsAAlx4J2ISvdOutAX9BKWlws2u9funr57ChC2-dA4Kyw9hKKAGHbZaUblIaQ,Anita Berntsen,https://play-lh.googleusercontent.com/a-/AOh14Gh9Y6zhiSUUAyYhp9nx8VqIj7GKVqFNoOUZh9y6Tw,"Bought it to play with my friend, on the same network.... keeps giving me error 16, and nowhere does it say what error 16 is. Please fix!",1,3,1.1.2,2020-03-29 06:05:18,"Hi Anita, can contact us via email (app@rprod.com) we may have some question for you. Thank you.",2020-03-30 08:35:45
gp:AOqpTOFXhCyPMmfRjDLrmQUaQfpwQNu3m2t1AjLZ_M7q0rCZIvHGxIjfhEBmIWMY1byu4EIvrN3pQnMlG2Ci6A,Colin Kelly,https://play-lh.googleusercontent.com/a-/AOh14GgYWHEEZ7Pweueig1jYB6Yif7L77_YRHz-UJMSMzg,The best pass and play game,5,0,1.1.1,2020-03-07 06:51:48,,
gp:AOqpTOERUte3EeVVVYwV4fQDq91mBmydUKVXULfYLcCbk4HETAIkakj3d7CD8YnnzY9q-piKsLaVCoWrEiJJIw,Chris Wilson,https://play-lh.googleusercontent.com/-Fd4W8Tbkdqc/AAAAAAAAAAI/AAAAAAAAAAA/AMZuucnXcII2huUE5m3W0dQQQCHmcZorXA/photo.jpg,"Love this game on tabletop, and digital when it actually works. Getting online matches started is few and far between. More often than not, I get stuck at the matchup screen and either get error #0 or it continuously says it's preparing the game and never changes. I've even gotten a forfeit losses from this somehow, which lost about 40 ELO rating points. Absolutely unacceptable. Also, the resolution on S10+ cuts off the other player's name due to the front camera.",1,11,1.1.1,2020-03-05 07:52:24,,
gp:AOqpTOEGtZ0SdIOcDhk8kqSFIAHIXB1ziZ5scBcutsXFwVTMD61t7jJQj19wlmSJ_cF3Poe_Qaqq_O1RaCrBug,Frank Clarke,https://play-lh.googleusercontent.com/a-/AOh14GhCu8840c8BTaEyp4-fp4Fc7goCbyLLFjHe5tSqiw,Cards are too small to see.,1,0,1.1.1,2020-03-04 23:56:30,,
gp:AOqpTOE5MNea2swaUn0GLB4nmS2K5WKYTmYoSVagPBNFS8FhPsS-80s6QQTupJK7vtEOi2TifUm8ixIRxqMZjQ,trevor deke bajus,https://play-lh.googleusercontent.com/a-/AOh14GjgZVzFQBO_sWebdQlc5Jfs5Lsk-MCFB2ntoJMscw,"Didn't work on my chromebook, had to get a refund.",1,0,,2020-02-29 16:29:52,,
gp:AOqpTOF5KnL8CT7saDwM3VqmrQAgM2oR3bZFW5mgKk_RSRfM3lwQCKIOmbzILSv4cKez5uaw5I8lbTzgdD3P3w,Wouter Eeckhaut,https://play-lh.googleusercontent.com/a-/AOh14GiDqUoCVnDs4-TOxyq3dB10qRsMc4zpsQEE1TwcRQ,"Excellent digital adaptation! The game is clean, yet all important information easy to access or display. Will you add the expansion?",5,0,1.1.1,2020-02-29 11:15:39,,
gp:AOqpTOEc4lHikhr7FdZcJvgE1xQN4XBO094aR6cZ2JJ5Y78HVg3f37oDbE0XNqeWiOtuYG8PSJlKF1T4lf5deA,Aziz Marzog,https://play-lh.googleusercontent.com/a-/AOh14Gj59mS-HmUzUM2HZwxOoR2-pI3qUV8gkSNQE5ypXQ,"Vary good game, it needs a new expansion.",5,0,1.1.1,2020-02-23 23:22:49,,
gp:AOqpTOFdJ1oUZJEYxWGrN5Og0QClPeBzsfhDoH-f9rXGBnh69oGsrnWhSE2PNAVLevdOn9hEyPvCXDu6WD0YAg,Angel Zuñiga,https://play-lh.googleusercontent.com/-AoLHh3tmf8g/AAAAAAAAAAI/AAAAAAAAAAA/AMZuuckKLoPYus-3GHTtHi4N2zanT6tdSQ/photo.jpg,"Good pretty good, I would love to see the expansions!",5,0,1.1.1,2020-02-18 04:08:45,,
gp:AOqpTOH9fLXlhQXumR-kcZ0i6S2hL0idQCzwRgczCDpzhGWzf6MMw46qgI8f0h-U0NXVap6rhq1n7Jj8nf_7Zw,kosnik78,https://play-lh.googleusercontent.com/-gHkZCnI5gJQ/AAAAAAAAAAI/AAAAAAAAAAA/AMZuuckoADkHAWCHSnaPPDgoqApS5ljpZw/photo.jpg,"It' ok overall. I think the background of the area where the cards of each age are laid out should be a single color , or at least as less distractive as possible to ease the eyes, because there is already a lot of information on the screen (age cards, players cards with many symbols and colors that must be tracked by the eye) and it can be tiring especially on smaller screens.",4,0,1.1.1,2020-02-09 04:49:26,,
gp:AOqpTOH2ONjR1pNrQ3HIWka-npYQ0MyaZ8xXp5p_Fo_4-2e5PzTrGfdSmAB4kzOrmi51s-dJ6mWMnsZmINOkpQ,Micheal Brees,https://play-lh.googleusercontent.com/-Bqa2VY77DjM/AAAAAAAAAAI/AAAAAAAAAAA/AMZuuclZGjl8IJg-I5Bnc8cfg2ec-m_s1w/photo.jpg,"I don't review often but I Love this game, by the app crashes and glitches often. I have a Samsung galaxy tab that's about 3 years old.",3,0,1.1.1,2020-02-07 15:44:33,,
gp:AOqpTOFvDM12Xb9krPUFi4i2mDuJXAJERr8odHIlzxhRFORGZsznpV7aQ-nJL9kBvZtc2Mv7ADeUUJOD1fUFWQ,Abdullah AL Mutawa,https://play-lh.googleusercontent.com/a-/AOh14Gg01oLQQymIURoRGE7cB_jMHBWnWlRGj8Zs127sJw,just need for tablet,5,0,,2020-02-06 20:34:18,,
gp:AOqpTOHArSbkqV9KVFhvI1cv_cTjR96f8e-i0x6iMCVZeOzcORHBPiFlrwsVhD4_SYVfUMS4cHOcFpFTyVfIBQ,Eliza Lau,https://play-lh.googleusercontent.com/a-/AOh14GhcXWKHJgbWSzYO2RZ3Vt4LIDsbU0OZyEckmoGSKQ,Isn't working on on my chromebook,1,0,1.1.1,2020-01-28 19:49:46,,
gp:AOqpTOGvxw1PC1d-zr0wC29bSyTSb3l1vOGP936-0UY4rMc4OM8mjTTpRxQiDHubtATwobRVyp3Bqqycx8zUfg,Zadok Barringer,https://play-lh.googleusercontent.com/a-/AOh14GhMYOSJYilzUUL0fixlQeZCXDX2toCJqujqfsZ8Tg,So when are we going to expect pantheon? XD,5,1,1.1.1,2020-01-25 00:41:41,,
gp:AOqpTOGP-61kywA-zCY83ewbgvZzmmsGpxA1U7L1R7NmXfLPeOOOesiWFBR2FWXFcit2s77jcVJNyzkzMvSQzg,Robert Burton,https://play-lh.googleusercontent.com/a-/AOh14GgNiDkeafUAZ6gyYRDezDgxDWebC7w5QeySQ_Th2aA,Great version of the game. Makes playing very easy and quick without the need to calculate resource costs and points manually. Wish it had more ai options for single player games. Recommended.,4,0,1.1.1,2020-01-23 20:51:53,,
gp:AOqpTOHzNJXyf-5gyj1XjAVWmjkQUZjgPmwldRTzyawWPfCmIFHYDDH851LaBAaIcAvk7x5vYnv8QOpqDpXUDQ,Matthew Hunnefield,https://play-lh.googleusercontent.com/-DiMeYgSEMFA/AAAAAAAAAAI/AAAAAAAAAAA/AMZuucmrahilVKAyKygsj0JhI-kmrhS58g/photo.jpg,Great game. Love the shared screen feature that eliminates the need to pass the phone like other games.,5,0,1.1.1,2020-01-22 09:10:27,,
gp:AOqpTOEUb6Oy0leXFxctdJMCoRmKrr4hlMgzRdogN-mrxsUbCjI3j0cKQLgv3m0L_hAtuLlG1CVk9Cx5dfJxAA,Mike McCraith,https://play-lh.googleusercontent.com/a-/AOh14GisKZF10iWIoG3aqM47AELetTNerZ5TnRJUb89WZo0,"I bought this game to prepare myself for the real deal. Admittedly I had to run through the tutorial a couple of times, not the fault of the tutorial, my fault for not RTFM. It is harder to play on a smaller screen and I hope to pick up a tablet soon. Excellent communication with the developers. I hope they include the expansion(s) soon. It would be nice if they included an undo.",5,8,1.1.1,2020-01-20 18:06:02,,
gp:AOqpTOHc_t1DRna-qmTMifcUHlugo5heDLZe1Tm2aRRBGh4_Sp9TuFg-_7PRi-Edml4zIs9U5b_yB-xy1O4LWQ,Jelle Kleevens,https://play-lh.googleusercontent.com/a-/AOh14Gg-8qKm7OEinBgxtLZaRauMZb5o-Z5AeN7o1axr,Please give the option to play against a friend WITHOUT a timer. Otherwise great game.,3,3,1.1.1,2020-01-15 23:23:03,,
gp:AOqpTOH1KAde1JJWfuETJqh6iyYV7j2TEj0-G60Ox23i_KNjkp5JnLtYmt1GF2qwajPjBW1cZlOaS1m6XkauUw,JP Strydom,https://play-lh.googleusercontent.com/a-/AOh14GinIhjFRTu73bCnnm6Kmd9rHN9ldw-9QnQmAUWGXAA,"I can see the devs are actively working on making this better. They've improved the matchmaking speed a lot, and the few small UI tweaks they made have made the game much more enjoyable! I hope they bring the Pantheon expansion in at some point.",4,0,1.1.1,2020-01-14 04:44:31,,
gp:AOqpTOEvCbNeMtrxtMCcRTL5jAP0KrKZAJhej6Y8bWmw1ihSvzSPzC-uOpLTLm_KcX1IzIgJIVtya_roRev1Ew,Who Conquers,https://play-lh.googleusercontent.com/a-/AOh14Gj4_9LygLLJsHrdFQ262i9fBn2LUK5DpBVSjH7ZXg,Would have been great if a landscape mode had been supported. Having to hold my tablet throughout the whole game? No thanks. Uninstalled.,3,0,,2020-01-09 19:13:04,,
gp:AOqpTOGmbI8A4xRo9qH4zrR98mDH5mo3A6WN59j-lc34SMIdD0iXgZBmtHr9nEo-qvCmjVos3OHFbSOdUniBBg,Gustavo Fialho,https://play-lh.googleusercontent.com/a-/AOh14GiSQpJFVJ9aAA_zNkrK4_FTLD9YQ63Un7-5GGM-IA,"Had some bugs but now is perfect, if you enjoy the board game , buy it no hesitations, the only thing I would add it's a friend system where we can chat with the oponnent I would also add the list of all players by elo and show the elo in the begining of each match",5,2,1.1.1,2020-01-08 20:07:24,,
gp:AOqpTOE9eBLTRXh3k9HPOFDAydEmJCCuZ5o2xwZt374Fnkr243FerIYoBOAuCozikeS9WBDZ0qivuxHSp9bmDw,Matthew Glenney,https://play-lh.googleusercontent.com/-kyIHqA2YAJA/AAAAAAAAAAI/AAAAAAAAAAA/AMZuucmsuk4XIxpI4aIBc_bYWO4PVxfWHw/photo.jpg,"I love 7 Wonders. The game is very fun to play. However, 7 Wonders Duel has a CHEATING AI! I understand that with a random element to a card game there will be times when things don't go your way. This game has every random element go the AI's way. I'm very disappointed in this because the random element to the traditional 7 Wonders game is random and fair. Developers need to learn how to increase challenge biased off of skill, not literally stack the deck against you.",2,2,1.1.1,2020-01-05 08:32:35,,
gp:AOqpTOEE3C8LhtXbtc8uixuGtPKplQfYqA_0Rfz4te_7CcDZu1QFwjYpfH6UC3c6BGJhZNXY26PToDu-E8DUYA,Nunya Bidnez,https://play-lh.googleusercontent.com/-B2dCNrHCtaU/AAAAAAAAAAI/AAAAAAAAAAA/AMZuucmQfpjRDjBjC-klj53-7cE9ube1ZQ/photo.jpg,"Pretty smooth, just a few little gripes—the current cost to the player of available cards and wonders aren't available from some screens, there aren't enough players yet for the ""quick match"" feature to work reliably. All in all a really good interface though. Still can't figure out how to create or sign in to an account though.",4,4,1.1.1,2020-01-03 16:05:37,,
gp:AOqpTOGNiFimrSBskzRci9VXVuoUGF1u2zd9i-uotAIzabj1OZZhjMPFI9XUDI1wnb4ZOkyNqMRIvVt7PzrDlA,Danny Dougherty,https://play-lh.googleusercontent.com/a-/AOh14GhLMZN_nX_gz5ezFh3NhrrSWqly9Hc_LyuIEItYPQ,"Great game and gorgeous on the phone, but loads to a blank screen on my pixel slate.",2,0,1.1.1,2020-01-02 19:40:28,,
gp:AOqpTOG_WCZ2b-17xAsx66luQQfw_3fz3Q-QCX-WFFGdH4v2ewxODNiB3L_G1ZI2W8-y9QOlQThonRQTzcc0gw,Oskar Höjwall,https://play-lh.googleusercontent.com/-wBnAI76OjlE/AAAAAAAAAAI/AAAAAAAAJDM/AMZuuclhBijpwNZNzUZP3B8UK2DbKXKQVQ/photo.jpg,Only thing I miss is a more challenging AI and the expansion.,5,0,1.1.1,2020-01-01 05:47:29,,
gp:AOqpTOEfo8nGFn9YX48bKhs1pkeTnyUpU_1EwaoM_NAI52pg_ANLEHzTDQwAGoWD0vVetXEVcSZ0EdqNhhoJkw,Arturas Jacikas,https://play-lh.googleusercontent.com/a-/AOh14GgqJceTKKkJKOAxsTekuL4HUjigNh1R5L4N0-Ku,"This is amazing skill based game! It is great copy of the board game, most of the bugs are already fixed, and I love that this game is constantly updated. I highly recommend this game for people, who like games with more skill involved than luck.",5,2,1.1.1,2019-12-30 17:50:19,,
gp:AOqpTOEniB17k2YaFoeaWH82qUq5yYEmu21J6-k76nIXR4nsHcBbF0jzzHrYhQhAEvC6YmI_Q6gv5xTIvpcnew,MJsquared Jazzy and Maya,https://play-lh.googleusercontent.com/a-/AOh14Ggswza_OKtEi96Sj9rlTB9I1hl9KC9M40OzbLrSIQ,"Good game and realistic from the actual board game. Only 4 stars as I prefer 7 wonders muti player myself, but app excellent and works seamlessly on android.",4,0,1.1.1,2019-12-30 00:39:12,,
gp:AOqpTOHO53yc8IZkjUYqOAD-7yUzScYpH3ELHcc1IduS9XXif0l22PfDN2LB3YRn329alcToOGBa1jzzrTSBsg,Ted,https://play-lh.googleusercontent.com/a-/AOh14GifnNr6Na_ZSpj2iNPh9OUIVPqw9Vab_F0o-ahyhg,Great! Very close to the board game experience. An option to make ressources costs more visible without needing to click/highlight would be great. A landscape mode would have been nice. The real question is: When is Pantheon coming?,4,2,1.1.1,2019-12-29 16:42:29,,
gp:AOqpTOFOFVdajkA5RHkakNNsTnOBLP3aCXJpSl0sq2E8ETlWSPH55Pt_uYCSWSU3UYf6U0GVk5_OL5Tfv-DU4Q,David Powles,https://play-lh.googleusercontent.com/a-/AOh14GiJTn7BgOWQGL9splE_GViXjv91RIfORZlbldGrAio,"Had to refund after one game. Love Duel but this was full of bugs and typos, and crashed a few times. Might pick it up again when the devs finish it.",2,0,,2019-12-23 17:24:24,,
gp:AOqpTOFgBhhy804Xq4mNpwQp7lcWiHXXaMk1L3ScD_0B4cgey4TjuB1IKkUXvsc_0qbvxodv4eShfW-Q9LoP7Q,Wade Beltramo,https://play-lh.googleusercontent.com/a-/AOh14GiB9sYyev7_G2jLxtoXKsFczHqC9SsdR7NzqhjZlsc,Awesome! Great interface. The AI is pretty good. And the Quick matches have been seamless.,5,2,1.1.1,2019-12-22 04:46:49,,
gp:AOqpTOFn8r9wQcWhBxbldhJsUt3DSagyNxy-PO8KfuRzWt3se117J_ddr0bbek8Wk6glL8JYDIK1TRoJrbLqTA,Maxime Fagnan,https://play-lh.googleusercontent.com/a-/AOh14GhfA_4LI2QYq6Dk73XWPaTZjZuUVHNKIe0CcU-uag,"Great game with decent graphics. Big fan of the board game, the app just needs an async option AND the ability to message your wife for a surprise game if she is offline ;)",5,1,1.0.1,2019-12-16 00:05:50,,
gp:AOqpTOH4QYpAwU7FRF1QFOVoJXml3IJDiM82DvOOXbe3ETD9BBQ-3hb97UUa7chl-j1cGU29Fz8-UHkms6X8FQ,Gary Malkin,https://play-lh.googleusercontent.com/a-/AOh14GiY_pfw3gwzSbSFB_6BOPablR37lDozR11dne_3gg,"Most (if not all) of the negative issues mentioned in previous comments have been fixed. This game plays very well. Each game is very quick and no two are the same. I've played the card game version a few times and this app has made me appreciate just how strong it is. You can't stick to formulaic strategies because it depends on what cards come out. There is definitely a luck element to this, which some people might not like. Personally though I would recommend it. Mid-weight strategy. Fun",5,8,1.0.1,2019-12-08 03:06:23,,
gp:AOqpTOGuKtMZ6FYGhDQnqCdh9NzoQfiS-Vo6jEg6zmOs7N4qIRB7YbdiLl_du4ErYJ-TbMdXMUI6I6pzNyegNg,Jakers NI,https://play-lh.googleusercontent.com/-gcu4HUe2wwc/AAAAAAAAAAI/AAAAAAAAAAA/AMZuucldmOhmaVIjc7lxnP9V87CR1OGmBg/photo.jpg,"Won't install, despite following Google's troubleshooting guide.",1,0,,2019-12-05 00:49:13,,
gp:AOqpTOGkwXgn7C5RyVT0hpowA-XTxdBg98qXzWqHafI4c3eRR4ImEbSLioqP41Cld4vJgJZfvAAJAnCAp1N9bg,Brandon Boyd,https://play-lh.googleusercontent.com/a-/AOh14GjBQzTapkquM-0keULzg4VCpDvqDvu0cw_O9ZQGFQ,Game needs a bit more graphical work done. Also needs a mode where you can duel a friend and take turns while not playing at the same time.,3,5,1.0.1,2019-11-30 20:05:36,,
gp:AOqpTOHHq_4F8bdjHAAJHsN3DfH1L1oaJUqRFKYmqexxnAfP6j6wL-FDKBtaU_NKrjoXzp-3zXE10x67DkH8Xg,Zine Lordji,https://play-lh.googleusercontent.com/-tn4kYUKIG90/AAAAAAAAAAI/AAAAAAAAtmY/AMZuucl50hxKYcYhG146GTsLYfsirVOT7w/photo.jpg,Keeps crashing when started?,2,3,1.0.1,2019-11-24 10:27:57,"Hi Zine,
Don't hesitate to join us directly, you have multiple options to reach us in the settings menu. We can use more informations about your experience.",2019-11-27 02:11:53
gp:AOqpTOGWE08rEc8RY7zTjxGYX67l0eu_aV2F5PgMxpjhl7whXZV749aFdpvHN6MPaUT_q6CBYVsRue0p2d82fQ,Cee Phour,https://play-lh.googleusercontent.com/a-/AOh14Ggbb05l1WpvPGhFZZC0zQ3NwcHA6Hbk7KjTGCOapg,"Great game now in app form, which plays very well. When playing solo it plays very fast!",5,0,1.0.0,2019-11-16 10:46:35,Thank you Cee Phour ;),2019-11-27 02:22:53
gp:AOqpTOFWt9SAS0arZbRbl_6dXS6yRV8w877sx2KZg6zuWibllofMEC2ANzplOpMuSBa9cuUqmY5DHAFITnTMsA,Stefan Todorov,https://play-lh.googleusercontent.com/a-/AOh14GgiIxyDJdOzhfOL8z6pWGNq3bkoX39e637hDKUFUw,The game itself is 5 stars. One of my favorite two player board /card games. The app is very bare bones though. If we get the pantheon expansion at the very least it will be a big improvement.,4,1,1.0.0,2019-11-04 18:55:52,,
gp:AOqpTOGYSC3NvXL3OmZFekqLL65v3NxW3ZGvJ-isj4DJ55jR8xWhZA0DdQje1kuXp09dgWWN17o6VdVXMKygbA,Ben Watts,https://play-lh.googleusercontent.com/a-/AOh14GguHjQB4aKdiD8HNrpnqrjyUF-oOrA9OoPRHM_U2g,Good game when it works.. constantly disconnecting from games. I think there are alot of bugs still,2,2,1.0.0,2019-11-02 18:25:49,,
gp:AOqpTOF_ZfheFwRJJo7cfqM1qapf0CvxQgLAeYsrdlgRxTckBxuv2ZQ1AJhYceozo12PiSVxJQGzeSM7GVY0hw,Samuel G,https://play-lh.googleusercontent.com/-EWPo3lOiWeo/AAAAAAAAAAI/AAAAAAAAAAA/AMZuucnbIEk-g7EaVI9mYyq-UmOxTwKu5w/photo.jpg,"Great adaptation of game. Only recommendations are to make it easier for online play. For example make a lobby, chat, and give option to remove time limit for turns.",4,0,1.0.0,2019-11-02 11:09:08,,
gp:AOqpTOH7Y8VY8VxYSp3eJSG9k5b9d0mXFKQ7sXTTg9ZjNCvKeisX87At5NrBs_IBwBReTTfSD9eEZwiLqYI6CQ,Vic Thor,https://play-lh.googleusercontent.com/a-/AOh14Gh94PoDYo53zf2Owqi04p6JKD0w8Q-z7WB1iEtT,"Nice and fast implementation of the board game. AI is fine, but I expect it to get better and different kind of them.",5,0,1.0.0,2019-11-01 09:12:17,,
gp:AOqpTOGWeIlRgYHEE-CN2IcUiMiDBNzdhKc0tHiWk4hlM2PkYh_7EoM7NDNe0fIjYi3PENk_F84rfgoCVm9Czw,Joe Mouawad,https://play-lh.googleusercontent.com/-KqZbRV9h_1Y/AAAAAAAAAAI/AAAAAAAAAAA/AMZuucmSiay2k-2F5MzM0C_K5bFvH5A0DA/photo.jpg,"Multiplayer works badly, and sometimes get disconnected , please fix",1,1,1.0.0,2019-10-31 02:11:52,,
gp:AOqpTOEe2NuaYgA-YGodTc_YR34bkTPfKHrlZq6ApH9Xrwiml31oYW--yzAAGpyLcrr9CM4F-dtRUuS-MSk8kg,Wesley Coverdale,https://play-lh.googleusercontent.com/-JzDzJBZxw98/AAAAAAAAAAI/AAAAAAAAAAA/AMZuucl7QJcInEAZJ05DO5Idt27Nd1Z_zg/photo.jpg,"A great first version, far easier to use than the alpha. I like the artwork and the colored borders work really well. The AI does play fast, so a rewind option to see the last move made would be really helpful. Good job!",4,5,1.0.0,2019-10-30 18:50:34,,
gp:AOqpTOFBMXeH6VLVT3U4e4KdBi8sr8DlyxGOADGSRUMKelE8aaM41yOv5ytDZbpDkC7U2ykQo3HI9YNE46JXxA,David Thomsen,https://play-lh.googleusercontent.com/a-/AOh14Gjf7j7i7pR8EvieP291q7lVqsXYw6KJWg11OJjR,"This is a faithful adaptation of the original board game. My main problem is the timing system. I don't enjoy the game when I don't have time to consider the whole board when taking my actions. Some strategies, like counting to a particular card in the board to ensure that the opponent doesn't get it, are almost impossible with the short time limit. Needs some kind of option to turn the timer off, or even leave the game entirely and pick it up when the opponent has made their turn.",3,12,1.0.0,2019-10-29 21:38:51,,
gp:AOqpTOGxWCqz30-lzk2WCBxXptd3IZsYxSSLY1eQqnWzvDTv9eZXpnfT0f0o3GLFZBfkViGhqBXgzyvQoNMT_Q,Flavio Furquim,https://play-lh.googleusercontent.com/a-/AOh14GgUl6JpKj5yFZVoHza5bR24m-Fmi2RBrWG2Su_7qw,I own and love the tabletop game. However this is a poor design.,2,1,1.0.0,2019-10-28 19:08:06,,
gp:AOqpTOGbeFhde2PJ27JAyY31ayHb3sAgyU7_0Rmqo0Sp24y0Z5a5af9OfJY237HIYAmGBCMmyhzAIVNWXBgk3Q,Nick Mao,https://play-lh.googleusercontent.com/a-/AOh14GhbC-0U99Kxw_AEUcoVoTxD4AV2uADuPZ0DnnyB36k,During tutorial single tap advances through 2 tips. I know the rules but it may be frustrating for new players. More feedback later!,5,0,1.0.0,2019-10-26 13:01:47,"Thank you Nick, we''ll take a look as you say this can be frustrating.",2019-10-26 13:46:30
gp:AOqpTOHuYk9LsUlo7K5lAqebi5mg7Sj6-S6457Qyrr4BYbyFCmK_fRyA1UhIG4EG-LMB1yQonOSoUjGEO85a5A,Peter Evans,https://play-lh.googleusercontent.com/a-/AOh14GiKvDwprZzwfsknKdtTWNy1BZyJjNGGvXYqWcUbhQ,Great adaptation,5,0,1.0.0,2019-10-26 11:55:42,,
gp:AOqpTOFfPUfRD1xDEDw1rtdlE6zot7cvpCR5av69y80rLKCX3G5sKGeVtdx9807BDEqBjTa5UxyqmY5vspnT-w,Weber Schulz,https://play-lh.googleusercontent.com/a-/AOh14GgAzOGXTcAYZYfGXmvf77-9oy33srxgSLpT_e7p8tQ,"Overall great design of the game. It is easy to use and looks really nice. My one complaint is that sometimes while playing online the game will just timeout, and freeze up. There is no way to recover the game.",4,1,1.0.0,2019-10-26 07:18:39,"Hi Weber, and thank you for your feedback. Can you tell us more abbout the freeze by email (app@rprod.com) we'll take a look on this ;)",2019-10-26 09:03:25
gp:AOqpTOER7uTOAKFYuMBJctVgXqi-kXiItBrUhtCwERR72nwDho1ARDZK3h_L7NAvi5i-jr8_9c0VbyVT6pMBeQ,Robert Konigsberg,https://play-lh.googleusercontent.com/a-/AOh14Ggm8SZw2abUYnW7LGAzpvfer08uN0kq94HKYPuBUD4,"Good first version, but until some usability issues are resolved I won't be playing it. The positive is that the AI is clever and challenging. I would like to play it, but as-is, this is still in need of some improvements. 1) It's not very friendly for a small screen. The UI operation to get a card to display (which is supposed to be a long press, I think) isn't quite right. It's some long-press with a small move, but you have to do it *just so*. 2) Once a wonder is built, if I tap on the wonders to view it up close, the built wonder is not visible. I can't see what the AI paid to buy it, and I can't see what powers it granted the AI. 3) When playing the AI, the AI plays far, far far too quickly. When it selects a wonder or a building, I can't tell what it just took. Poof! The card is gone from the play area, and that's it. 3a) This is particularly worse when the AI takes a card, I have no idea what it's doing with it. I have to know what the AI's tableau already looked like, and what money, science tokens and military strength were beforehand just to know what it did. 3c) Worst is tying all of this together: the AI takes a card to build a wonder that destroys one of mine. Poof, poof, poof! All I know is one of my cards is gone, and it most have been because the AI built a wonder.. I don't even get to find out which card I lost. **that's awful.** 4) There's something I'd call a bug: during Wonder selection if I show settings, it overlays on top of the wonder selection area, but you can still see wonders. When tapping on a wonder, it takes it. It should NOT play the game while I'm looking through settings. 5) The choices for colors and borders for wonders to describe them as unplayed, played and available for purchase are far too similar to each other and the underlying background. 6) Why does it keep giving me game hints? I have played it three times, I know how it works. The game needs a little polish, I fear. It *will* be better, I'm sure.",2,19,1.0.0,2019-10-25 20:15:47,"Thank you Robert for these feedbacks. When you have a lot of texte like that don't hesitate to send us an email instead, this tool is not really good for long text it's a bit hard for us to read and easy to miss your points. A lot of interesting points here, and i'm sure you will love the evolution ;)",2019-10-26 09:39:57
gp:AOqpTOGQG7EBJb9XePH1d-io99x7MFwrYonpbw-G4VarWwSmeDOWYWoZuwbasO10fgVlwrVdttZf1EbS1ZpXzg,Julian Lex Judge,https://play-lh.googleusercontent.com/a-/AOh14GgWoJwsEA6mPqIn-r1Zi7PFAoQdWpcQmsYFCqCEkw,"Really smooth animations and the ui is great. Great implementation! Can't find anyone to play against yet, and not sure if multiplayer is asynchronous, but even if not, worth every penny",5,3,1.0.0,2019-10-24 19:45:10,"Thank you Julian, Yes we have to wait a bit for more players to be able to find online game quickly. But if you don't like to wait you also can use the friend list for online games.",2019-10-26 09:28:29
gp:AOqpTOG1Uad3GJBy2nWIO_UUNLOEgtsPkYhwlaNIHyA455WxVY1rST_NhBEWyCcOphxTTW02ok06C9nr6h3qww,jaeon crighton,https://play-lh.googleusercontent.com/a-/AOh14Gjr4hFD0tiBOX69b_wQk8o6m8fWP5198AMQEdGdUA,I'm the first one👍,5,1,1.0.0,2019-10-24 17:40:00,Congrats :p,2019-10-26 09:25:25
