reviewId,userName,userImage,content,score,thumbsUpCount,reviewCreatedVersion,at,replyContent,repliedAt
gp:AOqpTOHcK6YkFu9-C_QEwbqAd1y8Bv-tm_9iDP8Q2kgEZEFyicHawGd6IYFI1qCCEK6GEVesvRFWl8BF9dVWRA,christian grover,https://play-lh.googleusercontent.com/-Zu14F5rOJVA/AAAAAAAAAAI/AAAAAAAAAAA/AMZuuclDQ1zOwItuFTofBmzveHkdvXML7w/photo.jpg,Does everything I was expecting. Has helped me improve my lap times on my bike. Just a weekend warrior track rider.,5,0,7.0.10,2021-01-23 18:18:31,,
gp:AOqpTOFZITFro45hY_bjmwSPHr6JhBcKLc6TjtJFxzn8PqUJIbLW8nsecxN2BE4nmFfI8aAyYekTwq_xdQUkBQ,Brian&Maclaine Coles,https://play-lh.googleusercontent.com/-mCHqRpSLK78/AAAAAAAAAAI/AAAAAAAAAAA/AMZuucndhmVa9sEODjhA5nMgWRnbgxXyiw/photo.jpg,Amazing accuracy with an external GPS,5,0,,2020-12-02 07:45:36,,
gp:AOqpTOF5Fgs9RLMwkcJihxqnfroPR4qnv3hymK6onrMvGYhhKbvZtw9-nn9WP3XWTTZGhpjRl71h4BHJt4I61g,Elliott Harrison,https://play-lh.googleusercontent.com/a-/AOh14GjVsiBp2XrV7N2aSIWe15EpDeBtawGfchYEiSZREw,"Does not work on Surface Duo :*( I got a message saying the video was imported successfully, but then there was nothing there. No video showed up.",1,3,,2020-10-29 23:44:03,"You gave it one star because it does not work perfectly on a device that has the worst ever implementation of Android? I think it should be applauded even to start up... The video import just copies the video file to the ""raw video"" folder. If you want to import GoPro GPS data you need to select a different import type ""GoPro sensor data"".",2020-10-30 02:47:24
gp:AOqpTOGIMNPRpi556t24KoOo3tVzJP_MYzQFKYO60crNyjqEYptA9s65OeB7y4VeReezbw6zhtvbrLInkA6HTA,Andrew Hay,https://play-lh.googleusercontent.com/a-/AOh14GhRAAD6kCACHYCbCB_Mu49WxnO4Mc-HTF1yWjlqTA,Fantastic! quite powerful if you put the time into learning to use it.,5,5,7.0.10,2020-10-23 15:40:57,,
gp:AOqpTOGtvQ36yPu1wCCnyeZds_zHpGMoiI9zxIiOa8ZUmQ6w1WJFhTmFrtr4jP_b0vf10nP9XcuRNh08Ebt7yg,Daniel Fanger,https://play-lh.googleusercontent.com/-me84kPHMJ6A/AAAAAAAAAAI/AAAAAAAAAAA/AMZuuclglGnuRWEmhryQHMoMS60DVhnP7A/photo.jpg,"Most unintuitive app that never works for me. Hope you feel like messing with settings every single time. Sessions don't record properly, randomly starts and stops. Gopro sync for videos is a nightmare. Get a real setup and don't bother with this amateur trash.",4,7,7.0.5,2020-09-10 03:41:28,"If you contacted RaceChrono support we could help you with the app. It is an expert tool with initial learning curve, and might feel unintuitive at first.",2020-09-09 22:29:59
gp:AOqpTOEHU3zSwgAIgzzqnDZeWfKl1yedYQhgITWcbPXZOXGjeMHW5fSFBh4gMuTpLGY3nKHASy8ZenMZx_-x_Q,Tarun T,https://play-lh.googleusercontent.com/a-/AOh14GiNj5DP6-5XsuUBBTUA8ODm7bswSGDU3i0WRvxNAg,The best racing app there. Simply connect it to a bluetooth for better accuracy.,5,1,,2020-09-07 21:41:42,,
gp:AOqpTOG_TQ-05omhwpfeQLUAWHLMZRzdnijvIOklSGOrIdfHOteBp-rulwEs_ZQCtfYmBDGNiEIxJUJfqTSvQQ,Mike Myers,https://play-lh.googleusercontent.com/-MhbWMqwIvyc/AAAAAAAAAAI/AAAAAAAAAAA/AMZuucnkFk9BHwD8216YRzFZsHcmH5vnLg/photo.jpg,Best app for lap timing. Wish it could control more than 1 Go Pro,5,0,7.0.3,2020-08-19 02:49:45,,
gp:AOqpTOFehS0M5Nv7FenIGcLbbt2CTtSR3tx1DSXc67I_nRHcSBA-PXY4FqIydgx0Npzw8hismrLVz66moaoX1Q,Alastair Blowers,https://play-lh.googleusercontent.com/-R7WOY2Ve7zA/AAAAAAAAAAI/AAAAAAAAAAA/AMZuucn1ZNzUiny8b_-9C8q1ulMyOLa1bw/photo.jpg,"Exceeded expectations....paired with Garmin Glo to give quality timing information. Used in track to inform gear selection, braking markers etc. Unbeatable for the investment. Thanks Antii.",5,4,6.4.1,2020-06-25 14:30:27,,
gp:AOqpTOEWLqM6-ya1pPa8EffSiUah8_iMxLnoxq197Cukli77Ea5vVlHbwbt90GNsDjLoAy37j0NYnKmh482ghQ,Greg Gates,https://play-lh.googleusercontent.com/a-/AOh14Ghug3wjNcQ-uKWcz9tR3Hn-yqKlGvbOQQIF8jndhg,I've used this app for several years. Love it!,5,4,6.4.1,2020-06-20 04:46:34,,
gp:AOqpTOHAAj88FfD1HblnkutJC9POUK4uIwk-hUwWDbwUtYtmq7Y_bFaTr4hv7Fymm2X7HsFTJ0qSgtMANse6xQ,Denver Benjamin,https://play-lh.googleusercontent.com/a-/AOh14GgmSyLrT5-dHJV0InhqhAITP3jGTmo8xtaYq8dH,"I use the app in my circuit race car with an external GPS and it works brilliantly, I do not have a Go Pro camera but have one of these generic ones, video overlay is a breeze after the race day, support for the use of the app is amazing.",5,6,,2020-05-20 05:15:28,,
gp:AOqpTOHl7hxojpmaLhwf-GpEwK5PvRNdFDjOr_Hg5FUBQ1YqpG6ca08Vi6FE5re93s4HP2WRh6fkpFZ-NfZMAQ,Rick Loughman,https://play-lh.googleusercontent.com/a-/AOh14GjIDtn_vOJGyhdtVzcsebQ2IqVsZ0Ku8x4FLyMW,"after *many* years: still works perfect to couple of 10ths to circuit transponders on my old s3, s4 and s8. does *exactly* what it says on the tin. rare bugs are always fixed by great fast support. i used a gopro 3+black and only internal sensors and got picture-in-picture overlays to make a great video. top app that produces great data for amateur racing and track days (s3 will only do hardware up to 720p for PIP so i set the gopro at 720p60wide non-protune just in case) v6.2.1 = perfect :-)",5,4,6.2.1,2020-02-01 08:42:59,,
gp:AOqpTOG5pZR_PTRoWJzi7W0r80VrZf-srpds7yLToC9kqe-D96FKPR63FsOnRj9A1oSqo0NBwq5uGpXI5FA-YA,Wolielmo wiangopoulos,https://play-lh.googleusercontent.com/-5Q6Q6hR9Vbw/AAAAAAAAAAI/AAAAAAAAEL8/AMZuuckQc8Nw0-ZTBqI7kKRqZOLvGU54qw/photo.jpg,Just perfect,5,4,6.2.1,2020-01-31 20:47:16,"Thank you for your updated feedback! Improving the backups is one of the main priorities going forwards with the app. Unfortunately a separate PC version is currently not feasible, as I need focus on the mobile apps, to make sure they are as good as they can be. That said using this app on a 9"" or 10"" tablet will probably help you a lot!",2017-09-18 22:32:28
gp:AOqpTOGiTqrxZ8JE-SHU5aAVFW8RPrRX9h-cwC71sqNcL2le6gnMwDyegpuv6H2lc7zLVpTNPMSDZasYt52lew,Guy Kuhn,https://play-lh.googleusercontent.com/-OPPfyl1UXtg/AAAAAAAAAAI/AAAAAAAAAAA/AMZuucmzMlwq5rxhJEZz-5F0V7ShOyMa0A/photo.jpg,Very useful and easy to use.,4,2,6.1.6,2020-01-09 12:35:01,,
gp:AOqpTOEh-0lev9f1LQN1n8KAPlhLfd4hVyvqPipRyTkIR6L2tXy385SCtmrba0gDnso4vOZsCI_EzfhLJ_W4WA,Cris,https://play-lh.googleusercontent.com/a-/AOh14Gg_wvlPbgMaIh74KvifwY_efzHsjm5K_eDAQP3XDiQ,Great and Complete.. Thank you 👍 👍 👍,5,1,6.1.6,2019-12-15 10:39:42,,
gp:AOqpTOGdHq2k_fC7VGd4aOoWFoGFr7dpROk0sF_UPNGyldAJlI9KUDCtwy_uDh7Uc5oFPHe8nFMTYtghwoA0Wg,Trialshop Pl,https://play-lh.googleusercontent.com/a-/AOh14Gg2c7xGAL9MHStnohaf63fv8xownXMHciimTZ6G,Very difficult to use. Poor video quality. Used to be adequate back in the days when there were no alternatives. I think the Devs should start over.,2,4,6.0.11,2019-10-26 08:16:54,"Sorry hear this, please contact the support so we can help you with anything that seems difficult. The video quality is only as good as your camera, so improving that will improve your video quality.",2019-10-28 02:37:10
gp:AOqpTOECe172MqX6dFZF6EBRachxEwSF_EX_5Fpm2WWXT4XfzYdNrUlmY_0ax_XIkJBCs8tT9nJOudwcxpM5ZA,Vaughn C,https://play-lh.googleusercontent.com/a-/AOh14GhbpH-Z171fRLDltVonWpEyifDf43MCOxzssiNhWQ,This app is absolutely awesome,5,0,,2019-09-19 05:53:55,,
gp:AOqpTOGCb3Ffu13X-0105GvkP4KbBWMR32EwyORVk3I-L2HNalhZ9dQUkdsz-3qeB8DzMTRcyz6hpDuAucM2Uw,Lawrence Butts,https://play-lh.googleusercontent.com/-hjJDfJVlBGI/AAAAAAAAAAI/AAAAAAAAAAA/AMZuucn4D9-MVllCRklXcT0HbWHJfLOeSQ/photo.jpg,Awesome App!!,5,0,6.0.11,2019-08-21 19:23:27,,
gp:AOqpTOGHJAhZimbCv16QthylyCLjHMu4r8cM63aCpOoB20YM1oWt1kqlTi-VxV-0Xmmn-XOVhCnnLSJbvG-byw,Dirk Van Heer,https://play-lh.googleusercontent.com/-Cf2099OVerk/AAAAAAAAAAI/AAAAAAAAAAA/AMZuucl7qmAH6SrKQausIlPCgHNJsCqFIg/photo.jpg,excellent tool for the hobby driver,5,1,6.0.8,2019-07-13 16:58:42,,
gp:AOqpTOH8dJsmFnmTxOyg1UmpZ87IR3sPxBtCFziNoWhP8f1BitqnJMG9pwtZBD0bXw4FqWdSxs3lPqEL3RCX0A,Antony Art,https://play-lh.googleusercontent.com/a-/AOh14GiGDMIy5sbTh9qNhCcZBa9koFNMe6aIjVevwH00_Q,perfect... use it in trackdays and dont need anything else!,5,4,6.0.6,2019-07-02 03:46:34,,
gp:AOqpTOElOcp-_bNp5kgFCUAZdlN0oiZsNJuelUHeGkDXfQ43tDMv8vPUWmo31frP-B_xrnw5bmSMSSCbJMEEPg,Stephen,https://play-lh.googleusercontent.com/-IK9KgnjoLuk/AAAAAAAAAAI/AAAAAAAAAAA/AMZuucnYf1VJfCoKIUR2N9LnxY75X0TGew/photo.jpg,Excellent overall. if I were to improve i would like max lean angle gauge added in addition to the current Dynamic lean angle. Great Job,5,3,6.0.6,2019-06-18 02:03:11,,
gp:AOqpTOE8gfV9o03pSaorG7fb5ChKbveCYgtb-sTQsCVyDVrw7bJHCM3LQ8Fbp-NB_i5bp9BfV0Qk_pVs5aXSSg,Jason Rafanan,https://play-lh.googleusercontent.com/a-/AOh14GhjNTggP4rmjmLdRXLNEnIkUcq_mXvgOLDm1RgvCQo,unable to choose wide lens. may buy again if future update implements this. for now track addict does the pro features but for free.,1,0,,2019-04-03 17:33:30,v6.0 beta now supports wide lens selection. Please join the public beta to get the new features immediately.,2019-05-22 08:01:56
gp:AOqpTOFiVp47v8yvn-oVBsp68sIvCY39kguKMSPWUyaD_jmfQOlbEm2dXwBX1J6UETkpskalHCwWxQynlacBMw,Vivek N,https://play-lh.googleusercontent.com/a-/AOh14GgdYm4Odh2qc4dihKCgdE-jIihG4B-uRly0ZOmI-uU,Great app. Best budget tool for track riding analysis,5,3,5.5.3,2019-04-03 12:08:02,,
gp:AOqpTOFMKFOvwjCLpWVeiaowQn9ACaiTdngxC55UgdxaOTfPHIto-K38TBvK8St9q7d4KgWjAxf1-YlB0SpdTQ,Clevo Clevo,https://play-lh.googleusercontent.com/a-/AOh14GiLVJ3uqzjcF8KY-rdB_TLjoqos-Ghhfgc-aTawJAs,"love it, can't wait to update my GoPro so I can control and sync easier!",5,3,5.5.3,2019-03-02 23:38:05,,
gp:AOqpTOEsUmQQCSNeA0HjCeCL0Vhqato2q7j1zrkd51Cz9CDwYD8Q7RtMMRWjrpdLlZNzHSGqbt6xCYylFZIwQw,Nick Petris,https://play-lh.googleusercontent.com/a-/AOh14GgTb41KHtL0WS46WBKdk1bjl3PBzYnePC0IPxMvhg,"Please add wifi sjcam action cameras, and if possible a way to backup online our trackday sessions. support is already top notch app. Thanks for this tool you provided us. Keep up the good work.",5,14,5.4.6,2019-01-02 01:45:18,,
gp:AOqpTOGuTcT88s7n7jASZkqqiPXpSAZdN-yd2i_cH8ckJ-Oh9GpzqlZh8mT4zurYohYgvbiH4A46hEvvOd54Gw,A Google user,https://play-lh.googleusercontent.com/EGemoI2NTXmTsBVtJqk8jxF9rh8ApRWfsIMQSt2uE4OcpQqbFu7f7NbTK05lx80nuSijCz7sc3a277R67g,"This app is awesome! No bugs, clear instructions and faq. If you need help their customer support is fast as well. Wish I could give more than 5 stars!",5,15,5.4.6,2018-10-07 08:12:54,,
gp:AOqpTOHzYntVUE41BRmapC2YE_C-_SSFp2vyOV9jSqhoBdMN1QUcllTDztaUCLodBkNFB_1bDLoK4QU5B6BgSA,Tim Draper,https://play-lh.googleusercontent.com/-MzBoBkhCpu8/AAAAAAAAAAI/AAAAAAAAAQY/AMZuuclrr3R2_lbBKHeJqYsxYFjmA3Pxuw/photo.jpg,"App is well worth it, but the additional hardware adds up - 10hz GPS, gopro, obd.... All for the love of trackdays!",5,0,5.4.4,2018-09-11 08:32:13,,
gp:AOqpTOFMycYgVKKzhi0YHuiFPdm8DMWjSW5Uw3LJrZbxHbuQsYZBfecu0Z16YjO4jdnAE98sp-XiIIZ15AuE7g,Christian Stangier,https://play-lh.googleusercontent.com/a-/AOh14GhcGWl7YOAPSBFRdeXLLoPkM7VtPqCCL69v9vkFtg,Great app. Really easy to set up. Nice post processing.,5,0,5.4.4,2018-08-01 20:23:51,,
gp:AOqpTOGT91ge6ImXzNxNKxqkJr08qJ8OAGo6h9QbCUQxaPfM_b_cCE0kPJ8ScNHG51QjYu9DKygw03-zHq_v5A,Jose Batlle,https://play-lh.googleusercontent.com/-pitKpqFuFcg/AAAAAAAAAAI/AAAAAAAAAAA/AMZuuclWbfs4-AcQrQxyZNj2W4yDtI6CGw/photo.jpg,i was able to sign in.,5,0,5.4.4,2018-07-25 19:48:06,,
gp:AOqpTOEc9cKsF008N1eijOIqnPmVP3tUTaIomQ4TaUi9Myz2aCRjY5ZPsGQWC0yblf4YxFO6Jntex-NcHoctuQ,Randy Sherwood,https://play-lh.googleusercontent.com/a-/AOh14Gi3oXADKFFbQF9QlEuj_FAMULQDSS7woJnIHDkCZQ,"Great for making videos, but the GPS data with my Pixel 2 is horrible. 
Somehow, Google Maps is perfect and always knows exactly where I am, but 
this app thinks I'm a quarter mile off the track... I'm new to racing, but 
not THAT new. lol",4,0,5.4.3,2018-07-17 14:52:41,"Where and how do you have the Pixel 2 installed? When using the internal GPS, it's critical to have the phone in a holder, with clear view to sky and satellites. It will not work from your pocket. For that you'll need an external GPS, and then you can keep the phone where you like.",2018-07-21 01:22:31
gp:AOqpTOHNuWbQoLTNKcPoKRFofKrlY8jEoO_7EBG-NSTxrC64wk-V2Wyo0OYuYdRK3v6mUkesExPhVc88TYyMpw,Guilherme Brighenti,https://play-lh.googleusercontent.com/a-/AOh14Gh5sSFYFORU3Key3H7sp_9Xcxbm5htW1XGBxNgFpw,"Best app for track days. You can see where you can improve your laps, 
record video with speed overlays, starts the video on the GoPro 
automatically. Developer is always updating with new features. Totally 
worth the pro version",5,1,5.4.4,2018-07-09 22:41:25,,
gp:AOqpTOEv3jdxQ4BonSZOahwFAaHM5MtSQeiEHHSGsiuKxz7-AoMbMbFUT0xTZ4wg-IYb5klbp91tNboD4zZnEA,Rob Jones,https://play-lh.googleusercontent.com/a-/AOh14GhjzIzibYE-EwRH1XS8qk4fsXoY1FwqvaGsZzoMCAU,"Just works with external GPS, OB2 readers, GoPros. Professional looking 
result. Love it.",5,1,5.4.3,2018-07-01 23:30:55,,
gp:AOqpTOEVr3SngmRQNLQA2b9fJduXuXsyd8jiMGdQcFgB_8QQt7Dpuxz8XsNf18RTgLXGjVIoi4GI01-_l3Sdvg,Avi Lazar,https://play-lh.googleusercontent.com/a-/AOh14GhwDaxLQ4ROJoHDBx_EwC1EpUpfK-VEofKuPbK4,"Just downloaded  (havent used yet), is there a setting to use storage on SD card? Samsung s7 is 32gb (almost full), while my sd card is 128gb.",4,3,5.2.0,2018-03-20 19:52:46,The external storage can be used for videos and exports. There's settings for these in Camera preview and Export queue -screens.,2018-04-11 06:35:42
gp:AOqpTOF-PCNe8nn6hDR5h1fyRL5C5NhazK9bQ0lqVkNKAfDySlWVyT8r3T7MjS71L6CXvCtprgzNoLXPXBM05w,Brad Trevaskis,https://play-lh.googleusercontent.com/a-/AOh14Gg0j1CaDNCNHTB8qyE5WLGXQLFAuklS4shT2WryKA,The app devs deserve commission from GoPro. This app got me to buy my Hero4. Convinced 3 other friends to buy the pro version of the app and GoPros. We love comparing our splits.,5,11,5.2.0,2018-01-25 09:32:55,Thank you for spreading the word!,2016-02-22 02:39:10
gp:AOqpTOFunxurzS7gQ8W_-tRl1CW6417k--nAlxiqjJA0cNaOZjYR4kGx_EbrcVovZ-3Sr3-5JF8z-ur-dyn49A,Ari Karistianto,https://play-lh.googleusercontent.com/a-/AOh14Giad-hpYROnrJKcOaR15T5e4U6yfW-1URAkfTA8,Very good app i use when im race,5,1,5.1.3,2017-12-15 20:50:41,,
gp:AOqpTOHSJaZ5M-Da18eMFIsAqstVmElK57advsYPpumgGhNMlUayMo-BUV6frR60350pfhfNo8dXe7_cWcVFew,G B,https://play-lh.googleusercontent.com/-P5w038_XY24/AAAAAAAAAAI/AAAAAAAAAAA/AMZuucm83OL4kwchmnP9W9LUEl-bs1twBw/photo.jpg,Love this app.  Only thing short of perfect would be more designs for the gauges and be able to remove racechrono watermark at thr bottom.  For pro users you would think they'll let you remove the watermarks,5,0,,2017-11-04 10:29:40,,
gp:AOqpTOGSPCqySoEzws9iLnP8wSp8CwZpVqkbCgSRfUKABnjsBUFL5NP17-0YdOenwcQ0Z9PIAz3mtTITl90fHw,M D Schroeder,https://play-lh.googleusercontent.com/-acGGU9dXHKA/AAAAAAAAAAI/AAAAAAAAAAA/AMZuuck0FNK9u-eKYz2DXm8B4cNBLhYR9A/photo.jpg,Works Beautifully!!,5,0,5.1.0,2017-10-21 06:30:12,,
gp:AOqpTOFnJz53RD6uDJdibMm6EZF2roI6lu8rYITEJKqhTaZ1pCS8moHAsBBLNAiYCvVAFgF5Ky5hqiNdi3XgdQ,Gio DC,https://play-lh.googleusercontent.com/-aRaGOaDmxUI/AAAAAAAAAAI/AAAAAAAAAAA/AMZuuclt4JEVUzaHS13wOi_Lqv7OtHn0dQ/photo.jpg,Just can't use my Q-1000eX with the app. Gps is connected but apparently can't see satellites. Can you fix it? EDIT ( i managed to enable EVERYTHING from the settings menu for the device and it looks like it is now working! Hope it stays like that!,5,2,5.1.2,2017-10-17 03:16:57,"If you're indeed editing the sentences your receiver outputs, please make sure at least the RMC and GGA sentences are enabled. Others are optional.",2017-10-17 04:21:07
gp:AOqpTOGcYI25g-EiBOABpLw-fCGmOSySQkUT6oIvdyMH3GA3peUstsahvZfZw88ipm-vHWcNtjC0Y4Pv3l9lGA,Ken Trier,https://play-lh.googleusercontent.com/a-/AOh14GjCRXqfFA-exCg-oU74fmXKREu5O4t2TDTA8LjPkQ,Can't say enough about how pleased I am with this app. Most of all the customer service was awesome. I was initially frustrated but ALL my emails were responded to in a courteous and timely until I realized where I was going wrong.,5,1,5.0.9,2017-09-05 08:34:40,,
gp:AOqpTOEl_FIORdPpOnJZaJNoiWluBvO9KldlFZ-uQtCNlXp3WMP2yyBHecqVa2YGLI26ubk3_q2KvbOS_ovUEg,hafiz mohtar,https://play-lh.googleusercontent.com/a-/AOh14GhIIIeWm7L9VHxgtyGQzS0rycHqxchAXROEPSMp2w,"Greattt appp!!.. Im an android user.. My phone have dual camera and one of it is a wide angle camera.. It seems that i cant use that i can cant switch my wide angle camera in the race chrono app... I suggest adding the switch camera button will help alot.. Other than that, its a superbbb app..",4,0,5.0.9,2017-09-01 09:21:12,I'll research that!,2017-09-02 12:13:58
gp:AOqpTOG5NA0WE02Zpk_lJxPsLZRXNPDh-e7viTPnCM1z6mGqcfXCJO6g9dlAGzRAJEb8777vv-tP0Zzx4Xos5g,Ben B,https://play-lh.googleusercontent.com/-OjJ3dwju_FU/AAAAAAAAAAI/AAAAAAAAAAA/AMZuucllw9aHpa2PLf6d-THqebPskdgUSw/photo.jpg,"This is a quality app when it works, but my last two visits to Brands Hatch won't record any sessions for laps. I'm not sure if it's an update issue, but currently at Brands now and still not working",4,2,5.0.9,2017-08-23 05:37:56,"Please contact RaceChrono support, it may be a track setup or GPS signal problem. If it's track setup problem, it can be mended afterwards and you'll see your laps afterwards.",2017-08-24 23:30:41
gp:AOqpTOFGQHsvJ-1hK73HiW3YahET_Ztvooyum8sePrDcjVgOek_oovQlsMFmyzxJstnU1c1DbEHqjUTIyDViOA,Anton Trukhanyonok,https://play-lh.googleusercontent.com/a-/AOh14Gji3PRruAT9BDB1mdQ2JUvp40pAQ_PVklnjydr6ogw,"Very well made, worth the price. I use it every time I go on a track day.",5,1,5.0.9,2017-07-07 06:06:35,,
gp:AOqpTOEH7OAy25SEODMhDpOFW1Gv17LM36tx2eb9dzmPUFNEzIP6vjoPnWjsjrjOpb1Fj1Vvlz6UjLOo7XOQ_A,Hector Eugenio Escobar Contreras,https://play-lh.googleusercontent.com/a-/AOh14Gg2rhyDNOfFuDoUuNt0P_zMa2kaf_Snn-0SH_ZAAw,Great app love it,5,0,,2017-05-12 13:24:25,,
gp:AOqpTOFFl_D9arMH9Yc2hGieOe6XpDV3OP0IYyJNqggOgaoWn2mciLhVnQvBjXP6VVdSgPIT9pOTeg3yAnbtEw,Dario Bigongiari,https://play-lh.googleusercontent.com/a-/AOh14Gi9SM6nbvlkwufg1avqmABySL5JfarzUeuPKX-lsw,"Sometimes it forgets to record laps and ui is really cluncky edit: I appreciate your reply, I'd be hapoy to reconsider my review if the app improves. My main problem with ui is that I need to always select a track every time I get back on track. Why can't it just default to the last track of the day? How many people do drive more than a track a day? If gps is so bad that my times won't be recorded it would be nice to know so in advance, or at the very least after I finished my session. The idea of a session is nice, but these things are called track days... It would be nice to be able to group, compare and export data by event. Also grouping by track (using older sessions from same track) would be nice.",1,1,5.0.6,2017-04-23 16:20:44,"Thank you for updating your review. You can already record your track day to one session by resuming it after a pause. This way no need to re-select track either. My app doesn't know if users are on a race, track day or commuting to work, so that's why call them sessions. GPS data - the user needs to ensure proper reception as app cannot tell.",2017-04-23 22:46:27
gp:AOqpTOGyYmZaOzaUr3Sl3iFAenPD7JEfp5NR1KJaLg6XW1CX56e0P5svvjC0yixFoApsXF_U5LS7pXkor-cXDw,Daniel Sulzbachner Ringsma,https://play-lh.googleusercontent.com/a-/AOh14GjXfbdSbt4uGtTTUPXaV4YVuIo1OBLtpLl8IYglmsk,"Lots of great features, very useful. Any way to overlay the real time track info while driving though? Would be very helpful for new runs",4,0,5.0.4,2017-04-16 01:22:11,,
gp:AOqpTOFaRXCsMaGdX1CAQGme6BYPyREUC-lXZ_9C1gvwSaCoEYGSWqtgSS68IUW-vOCIVn3Eh309XXsCpLEyFA,Georgi Timchev,https://play-lh.googleusercontent.com/-3YglSy-ijV4/AAAAAAAAAAI/AAAAAAAAAAA/AMZuuckHwedJDLU3dKj4mxhNpk1yYkLTqA/photo.jpg,"Great app, but I've given it 4 stars because of the long wait for the acceleration testing part which is still not ready.",4,1,5.0.4,2017-04-11 21:33:53,,
gp:AOqpTOFcwuwtHDwHxfZCG_c0vlKjFkqUVtKxBlr0bcMBvelQ5WDAsUmTz4Kqhmc2jff_2Ypey8dDgyNmulL6bg,Brad Arnold,https://play-lh.googleusercontent.com/a-/AOh14GhKbQmJZRTtSOh4zwJjp4D5ZH0iIhykZX3keXaq8z8,Love the app. Just wish you could record custom Canbus data.,5,2,5.0.4,2017-03-29 22:59:27,Thanks for the suggestion. Do you have suggestions what tools/readers/commands to use for that? I may look in to this so I'm collecting information. Feel free to contact me through support request.,2017-04-05 05:08:59
gp:AOqpTOF3Ycws93OLWWGazItlXhJ3vzjj_axE6JVQRSi6Nhc0_OGfz_0z5d7Ze6bs0eyq2YPwVBM53qgnZW4erg,A Google user,https://play-lh.googleusercontent.com/EGemoI2NTXmTsBVtJqk8jxF9rh8ApRWfsIMQSt2uE4OcpQqbFu7f7NbTK05lx80nuSijCz7sc3a277R67g,Excellent lap timer with video overlays!,5,2,5.0.3,2017-03-03 08:40:50,,
gp:AOqpTOEOiBK3xF2MSjxkOvW3ivk-mXw1S0CdIgqpy4UzgCuQbLJigsTPvSNU1y62xqZFf6saOA0aOCXWPgVlJA,Massimo Filippi,https://play-lh.googleusercontent.com/-p-TGnScfJ1c/AAAAAAAAAAI/AAAAAAAAAAA/AMZuucka0eBoeH_b7OwPBjzk2o6qAwA_PA/photo.jpg,"I have been using Racechrono Pro, weekly,  since June of 2015. No matter if I'm on a very small kart track, or full-sized road racing course, ease of use, pairing options with the outboard Bluetooth GPS,  in app functionality, all excellent. The ability to overlay various graphed data channels is very nice. I had a hardware issue and the support I received from the applications creator was in itself was worth what I paid for the app over a year ago. Great training tool. Couldn't be happier!",5,8,4.7.1,2016-08-29 04:03:17,,
gp:AOqpTOHJDs7S12fPJUPqbVIgau6hSGZhVqx98BVXk_CHDQ50cy8fCA2Y46wyZcXKvHLvaXoKEHMF1z2z7qX1nA,A Google user,https://play-lh.googleusercontent.com/EGemoI2NTXmTsBVtJqk8jxF9rh8ApRWfsIMQSt2uE4OcpQqbFu7f7NbTK05lx80nuSijCz7sc3a277R67g,Fantastic job done by the author. Works perfectly. I have managed to get quite a few other people to change to using this app from using a different one.,5,4,4.7.1,2016-08-19 05:51:52,,
gp:AOqpTOEAFJOmZPQLrGC5HgtLt415U2BJpHv0-RjyBlD3z8ktFsehXJnWi8hgB5UQ4ULIRwv3h0vmitiQuZZwcA,Trevor Izard,https://play-lh.googleusercontent.com/a-/AOh14GguprP1FTC3FRcQvG8i-u6EqLQJg45Cj5m9qbNIGQ,"Worth every penny, start it up and it can tell when ur at the of the pit lane and starts timing 😊",5,1,4.6.7,2016-07-27 09:42:40,,
gp:AOqpTOHLHHxMUSSopKr74RApH2ZRpYH_d3SMVaFnJLyP80kFdof1EORza19Au7XQ01N5kdMYAlalCFfag9OepQ,Erik Larsen,https://play-lh.googleusercontent.com/a-/AOh14Ghig6GRbjcpBj2VO0RtAsPZmA6n6A2kzAAlC6DCbg,"Great for real analysis of different lines, braking and turn in points between laps overlaid on each other.  Not quite as good as a timer while on the track as Harry's lap timer but more intuitive and useful for data analysis afterward.  I usually have both running at the same time for this reason.  Unless your race is not going to be on TV or your at least trying for a national championship then it seems hard to justify anything beyond this.  A external GPS and OBD II are a must for this to be worth using.",5,0,4.6.7,2016-07-20 23:32:08,,
gp:AOqpTOHcXfUN-tFr9MUlCQBoC0lSFSTSfYqfJThycXhhjGk1KtZ631EBm65WXtHUJ9hd-Oh-Wb5j7nIKveYxew,Paul Brosius,https://play-lh.googleusercontent.com/a-/AOh14Gi4exf5dpPIw2_IF0RXAqfuSKEGciA_mOZXkPuK8hs,Used with a tablet mounted to dash to show laptimes during endurance racing.  Very reliable and accurate when compared with the car transponder,5,0,4.6.7,2016-07-20 06:55:07,,
gp:AOqpTOE1NiQv7vSiY3vX7bciKtPj8Xh5YLcxlIik7AAlx5rQgCbb1X9eobmxJNP5j7gMwjroHGpbn5SnXxMPmQ,Ricky Cunha,https://play-lh.googleusercontent.com/a-/AOh14Gj2xvUipehBfLhYlFOzKo2ZWk_Sdyur9598TjA5PQ,Second year that iam using the app! This app will make any track videos e look like a professional video with data. Very easy to use and very acurate specially iff you use external gps antena. And even buying a external gps antenna you will save money compare with another options. From far the easiest and de best lap timer i seen!,5,0,4.6.6,2016-07-15 04:27:23,,
gp:AOqpTOF7OjfgUnJxQo8uyVlIQbL1SdyEkbXSJ0P5kb-ulsn9SnAe0aQyo1tH_8kQMRopQMztPkNaNSNuH8YxGg,Michal Szymorowski,https://play-lh.googleusercontent.com/a-/AOh14Gg4t7FDOQM1-DUGSfeY8Tu7QsEd8LuIQAAMKDx2Lw,V good app. Works with gp session,5,0,4.6.6,2016-07-01 09:09:03,,
gp:AOqpTOHBvClYwhnr1zez_RK8Pwea_RsDj1myF7GX9vUSagcQQJin8BhztMghw3HCRRopRdZIZvuvv7v4kpEscQ,Bobby Bonestell,https://play-lh.googleusercontent.com/a-/AOh14GiuTNZ720KA8r2tkiWM2D9gE26JrEBekzsyNmkOCmw,"I use it with my OBDLink-LX, XGPS160, and GoPro Session and I love it!",5,1,4.6.6,2016-06-06 21:20:47,,
gp:AOqpTOHKYj0-cA5iP6O6NY0RvdovyHdQvebkC3mIS3OfjbHhNAfzasJFAluvij_KQ53tTH5aHPssjCFns4jfwg,Florent Bouron,https://play-lh.googleusercontent.com/a-/AOh14GiZ_hEqCBrbfBN7eG9kVvE4bxnrmYo-XtHNIdAd,Good working lap tracking and fantastic analysis functions. Nothing compares to the analysis available via this app. It even gets better with new versions,5,4,4.6.6,2016-05-22 07:22:32,,
gp:AOqpTOFZmOLVW5u8QcoFdjKnuxPJ94rRgmtbA5b89iYF4ZAvb68MzWFiL-nNt8qAAQ_VwB2P8RPX_TE2ezQlzw,Md Nordin Marhani,https://play-lh.googleusercontent.com/a-/AOh14GhZi8-WxMSRrme4lPmFHBcOKmsPHDqqWkMAXj8PJZA,"Everything was as expected. Really satisfied with its performance, functionality, and accuracy. But recently, hit with error message ""application error 6: contact developer""",4,0,4.5.1,2016-05-15 05:54:12,"Please contact play-store-support(at)racechrono.com, I have some questions in order to fix this.",2016-05-16 02:47:01
gp:AOqpTOExhSknKYxt-RN1hUJ7uWIFYrEI0DpQeNrQTm997GEq66zyYsxIH7tcRztbCqFNkpO8ImTW0spXzqT6rQ,Antonis Petrou,https://play-lh.googleusercontent.com/a-/AOh14GiK28KFuopjBNZZJlc3SWaaO5M1d-_pLxkNimVoiw,Pretty descent app for the money you pay,5,1,4.5.1,2016-05-13 12:40:29,,
gp:AOqpTOHGeDmo7-cTrzZgFKbQVC4FTY9yIkC-xNiCpIM4r-911_8Zjf2iSqGjw0YIeXIJmYqijz1BMNh3O1W6sA,Andrey M,https://play-lh.googleusercontent.com/a-/AOh14GgV9wcsmQOVkzPRufGMBSNKBQQxhrVtaNNyty72iw,Thank you!,5,1,4.3.9,2016-02-29 23:36:53,,
gp:AOqpTOFP04-HMuUrkqVqqwJ2b_R9vNfb9CTpz7s651-2Rf4258OMCK1Kv01ftdZ3RT887FzyvJ6bP0mWXT5sTA,Robert Pruss,https://play-lh.googleusercontent.com/a-/AOh14GhP194nlDi0fPOzNqd_3DJ_tskOJrT2DOozDgo7JQ,"I have been using this app for about a year and it has been excellent. It took some getting used to and playing with on making tracks, but once you get it down, it works excellent. The developer is very responsive, replies to questions and concerns quickly, and is always working to improve it. I love using it with my hero 3+ for autocross.",5,9,4.3.9,2015-12-09 11:17:23,,
gp:AOqpTOE0I8EgY268ydwZV17gFYKAcKBQEcxkxGXmmPFRevq380Pw3Xn4WmGorZL5sLxTz43ejp6xQA3poCv5SQ,Otto Lascaris,https://play-lh.googleusercontent.com/a-/AOh14Giz2tPd_l16M0XL75a0-2liuU-Wk2TX3Uyr7zGK4LM,"Great App, works perfect. Only defect: It has no autostart. Sometimes it is very difficult to be concentrated on your race and press the récord button at the same time. With this feature I would give it a 5.",4,3,4.3.7,2015-12-06 13:52:24,Agreed. This is a common complaint and will be addressed.,2015-12-07 01:36:38
gp:AOqpTOGnZQsmgcW7zV68_kMjueP0Td4adYFEif_jYjxLkIOFgCyFlg_Bcbyw8bK3sVGNbDz8SG3aMTTyDx5gdA,Ihor Bilyy,https://play-lh.googleusercontent.com/a-/AOh14Ggfa9XBi7OJ3In9CqfMaZPIs_Edfv1iP2w6upCv3w,"How much value this app has without GPS? Probably 0. Every time I start it, it tells me I am in Daytona and gps can't lock. Waze, gmaps can't lock until phone turned off. HTC One M7",2,0,4.3.7,2015-12-05 06:23:49,"It should work fine even with Internal GPS, sorry to hear you're having some trouble. Please contact RaceChrono support for advice.",2015-12-07 01:35:34
gp:AOqpTOFrHOAquQHhcsBAl7T99vuIjvyFWXlrpQkA91uwTY7Zz1o1RwtEcY1SNcfL8oz2UGqhv5Bj4gBE7G346g,John G,https://play-lh.googleusercontent.com/-J2blmMbHNaA/AAAAAAAAAAI/AAAAAAAAAAA/AMZuucmktAO_sQ3gzI6HrSYqINd71sK6BA/photo.jpg,"unbelievably good.   i did find one minor glitch,  when playing back a recorded run,  it plays slightly slower than real time.   about 5 seconds difference per minute.    in other words: playback is at about 90% speed, not real time.  I tested this on two different devices.  *  Playback within the app, and no videos recorded.",5,0,4.3.6,2015-11-19 06:57:27,"Is this glitch in analysis or playback of the exported video? It might be a glitch with the recorded video or the video player component in those devices. Or if using PC/Mac to playback exported video, then VLC player is recommended. Please contact support for more advice if needed!",2015-11-19 02:06:45
gp:AOqpTOG800RhGJdM3Mx1xq8BcrTKNwN-P37WZsCZEivvC4729Bvr_6DXLCNrCCzstuTnD-YsXcS3dJ0u2KpURg,Koly K,https://play-lh.googleusercontent.com/-2gwp_3cMFnw/AAAAAAAAAAI/AAAAAAAAAAA/AMZuuclpoUsvFHuwjx3qp1sB14RPnZe9iA/photo.jpg,Now it is easy even for a hobby driver like me to get good quality data and overlaid video from my race circuit advantures.,5,1,4.2.5,2015-10-28 16:57:22,,
gp:AOqpTOGaldVzdl63J-lMnHR-SyrDuhbIpIih3uFKhKWrwv8_ltxG-NH5jYjO4k3xY2ftFQ1rQIKGRePT_0jhRg,Alamgir Mand,https://play-lh.googleusercontent.com/a-/AOh14GjAqwxl2unaKOLft8kD29uNM8tc6WNfrIpQpOttRQ,Used it at Thunderhill with a Droid razr in my suit and a GoPro on the tail - awesome video editing to sync the data and the exported overlay looks very professional,5,1,4.2.5,2015-10-22 23:32:08,,
gp:AOqpTOFJFd93sbL_JaYkNjLdcyM10hdaN9OksKGEtZhXwC-8Xe_6-Y4qwa93iEzAmC-GjLn8Pzioll1r4sOgzQ,Özer Özkaraoğlu,https://play-lh.googleusercontent.com/a-/AOh14Gj8VusEGTHzK0KTqd9wgEF8A8wutzMSkcZVdKjGPNU,"Combines all data sources, and provides a very nice ui for analysis.",5,2,4.2.5,2015-09-28 04:38:42,,
gp:AOqpTOFsZL0Q7H4PYP0UsVqUwVhrsVozsYkVeLpRFAVGrJLZpEuE5QPpeZzO8wGEbNbYZKoSFgWfmSCk6wUOHQ,Johann Van De Venter,https://play-lh.googleusercontent.com/a-/AOh14GgMTxnFK9Caq333-iecrMnVTmSwgVapbfVmA8Sd,What a great app. Got another 3 racers to use it.,5,2,4.2.5,2015-09-12 22:59:27,Thank you for spreading the word!,2015-09-13 22:06:00
gp:AOqpTOHkb6N2M5NxSQU29SmHT6dtS5FdC36qJqeU21pt8YKq85LH1kA75JIMsWgl2IwzLVWJmeFe1W_l7uWg0Q,Vytas Bilinskas,https://play-lh.googleusercontent.com/-ganyGnO0SuY/AAAAAAAAAAI/AAAAAAAAAAA/AMZuucna2GNCUMoXYwVc5MA3KWBFjtgF2w/photo.jpg,Like like like,5,0,4.2.4,2015-08-28 02:15:46,,
gp:AOqpTOHX4cjyvdavhZEOTBokQ66dkg_QE076Wwls82anaX2UAECdss0DFZT1PYGTEwj9Vhy5lOUtbxq1G1yDQQ,Andrius Senuta,https://play-lh.googleusercontent.com/a-/AOh14Gi7kVkqWEwsWFs0F_14mnm2cABXH6dP82JSlL8M,"So far so good, but wondering can I connect to my vems ecu for engine readouts via bluetooth. As I understand vems is compatible with AIM protocol whitch is compatible with CAN. Can someone shed some light on that matter?",5,0,4.2.4,2015-07-28 09:40:34,Currently RaceChrono takes only OBD-II. I wonder if it's possible to connect OBD-II port to that ECU? ,2015-07-29 08:52:26
gp:AOqpTOEt4L8jS41gva5oMmzf_ZE3AaY_s1YxZ4Bs9a6ZnLsCynpziFqjXd1jZIcpXkz71VPL23agU6TQufZZUQ,Simon Durrant,https://play-lh.googleusercontent.com/a-/AOh14GjZXl1N3kERWXQ3zjf9XpvF0wnCJGP1go57mbtZIA,This works brilliantly with a Garmin Glo for trackdays. I love the features that let me analyse each sector or add video to the data.,5,0,4.1.5,2015-06-29 14:54:20,,
gp:AOqpTOGOchfOjxXuS3LGXix4_JmJReeHl60xgMBV-fgiEUtg-QA8MycaO85-KaPZWuIAt3Y14_a7-D4YdgSZeg,Azar Azizov,https://play-lh.googleusercontent.com/a-/AOh14Gj36u9-krbLElF5HzADMhGmnNQAu92wIFCuWL2cYA,Love it!,5,0,4.1.5,2015-06-22 15:04:42,,
gp:AOqpTOHMU00Uclqu356fubYDzTga2vbKSnJXcFA6658_v9KxVwL9BEES7NrJSFg4a05q0SDwFWRnswTpplDNlg,Tyler Utley,https://play-lh.googleusercontent.com/a-/AOh14Giwar4bc7gcs-FplW-kn8LIGbS3ngK3N57DIfbtXA,Actually works with active support. Video can go directly to sd card. Data overlay and multiple and scrolling timeline make it easy to study laps and find room for improvement.,5,0,4.1.5,2015-06-09 10:20:56,,
gp:AOqpTOFVLYSDrk846IRO7BtsV51wuP8c8t4h9hlQI3yON3O2buTcQQI5BkTSC6LQNxHKclZ2L1vjkOAQKnebbA,Chris Laudermilk,https://play-lh.googleusercontent.com/a-/AOh14Ggbjjcs3YTwtZe9fl29poCPy0eJtyhoTwlHPKdpxA,The app just works. It connects to the GPS and OBD without needing to fiddle with it--which is invaluable when getting ready for an Autocross run or track session. Having the money channels immediately available for post session evaluation is great. The app is actively supported and I can't wait to use the new GoPro control.,5,0,4.1.5,2015-05-26 21:31:43,,
gp:AOqpTOH04uYxelNyTJXhOo7BJeVLsM92_lxHzIsIZyXKqsJ-58j1dm5KlyblCiZQ7UtdTMHoxbL78UW51dRHAg,Mark Rehorst-Smith,https://play-lh.googleusercontent.com/a-/AOh14GgyRu4Cy9NG8lVOnXrfyMFf2haRZomft6Y8Zj4,Best app for lap logging,5,0,,2015-05-16 02:21:01,,
gp:AOqpTOFQE2wdDQ6kJ2ZNs7FA4r20J5x2hOd_KOZggzQ6HBFxhxHvZaAGQwIOMkTQAXSX4oz8PBsDtScGMO30Sg,Jeremiah Mason,https://play-lh.googleusercontent.com/-YAvW1yfGteU/AAAAAAAAAAI/AAAAAAAAAAA/AMZuucnxlfcRCPtC5V-v9yVhxVNxfJ6Png/photo.jpg,Only app with go pro control that's not buggy.,5,0,4.1.5,2015-05-15 12:35:34,,
gp:AOqpTOE19IjbEu8-9s0OmqJwnKSJ0ZnY7BcR_VTZIhHswdMOoGQTPBEz7YwpJOA-6dc7H1V43HtHJ-KCLI_fvg,Michael DiSabatino,https://play-lh.googleusercontent.com/a-/AOh14Gj0v_TU0BWSiCAfq_3eXguCQ5vH18Y4Lgte06fiuQ,"Tried them all.. Paid for all pro versions... This app is the best... Best details, best data, no hassle video, waiters to modify an existing layout and data points.  Just looking for ODBII wireless hook up....  They have Bluetooth",5,0,4.1.5,2015-05-12 17:43:46,,
gp:AOqpTOEhDDsvqjrxxRtUppFwc6ncuWFSHyHBKASndNHZfpAXvVjRCNbFxZzZ0dQPVrcLBw-R1UnVRutdfC4uhg,Andrew Meens,https://play-lh.googleusercontent.com/a-/AOh14GhQLjeHqMU0xb-m5XHXufjMGaYHjj7tG7JTHzzj,I've gained more time on the track from this app than anything I've put on or in my car. Money well spent,5,2,4.0.9,2015-05-02 05:30:45,,
gp:AOqpTOGd56kezxOTmC4FukMjJw8nMMh_tRnRRDzb2IZJMTHzM5dW_8gjPCCHqpx_T5OdP0KkiMcqcj6CQtg_pg,Jeff Male,https://play-lh.googleusercontent.com/a-/AOh14GitaWQCXm1fSFOEUYZpeMi5LN2vaxJp6x9ziRiLEIY,"Been using the free and beta versions for so long (which are fantastic) I thought it was only fair to pay for Pro. Coupled with a 10hz GPS and OBDII reader, It is almost as good as some of the fully wired in solutions at a fraction of the price.  I'm sure as more features get added it will become closer and closer.",5,1,4.0.9,2015-04-01 05:08:56,,
gp:AOqpTOH-JcL3PoXEs9UPh5LKvlyzJvrRRB5BX5es9NIjwHVDX4dwRwhXvkCBfEPJ_TpKTLoEYDqBMTJgwTJI_Q,Kenneth Mobberley,https://play-lh.googleusercontent.com/-xeE7ayC_744/AAAAAAAAAAI/AAAAAAAAAAA/AMZuucmQ5pJf9l3fOHs2lDQTZ5dzTF6q2Q/photo.jpg,"Loved the basic RaceChrono app as it worked with my Garmin GLONASS when others didn't, but missed not having video recording capability. But with the Pro package, it has all the functions I need!",5,1,4.0.9,2015-03-30 03:09:48,,
gp:AOqpTOGTCBLS1f-955SDXvE5G45CUVssLn0QPCuDmpBYYZcC3ocYLYYMq0JtEeWYik6orNBAZLbaP5FkWpClYA,D Puorro,https://play-lh.googleusercontent.com/a-/AOh14GjL3q7SvvujbtWmBdaev8Ga1mpHpXNRdYTmK3UAbw,Thanks for the great app!  Complements my GoPro for HPDE's.,5,0,3.36,2015-02-04 01:51:50,,
gp:AOqpTOEmxaA67-U12XuctuhaRFiURUmTMW1OJFKZDkYVwCZJSXBl0uDaPJrm13TEqMusLicirTZ5xkMMnjv6qQ,Chadwick Morehead,https://play-lh.googleusercontent.com/a-/AOh14GjG9nPDBqNWp_mcwK7GZCYvUYzeNUxGnRG05brO1qk,The use I've gotten out of the basic free app made it worth upgrading just to support the author.  I've tried all the Android track timers and Racechrono is by far the best.  Has yet to have a crash or fail me.  I use the export files to produce video overlays.  Has made improvements to my driving in real time and after reviewing results.,5,4,3.33,2015-01-03 17:09:03,,
gp:AOqpTOGOBAbuliZGynIwhXnYiU7LLrmLGfumsNE7vvIXmxmP3ft563c7MNKUitIQNqwnu8KesYKHDQucbxkccA,Nelson Nascimento,https://play-lh.googleusercontent.com/a-/AOh14Ggtn5bqggVfvrpw79AsArozHlvPJ73GyM4_xbTOOw,"Worked flawlessly with my GPS unit on my last trackday. My Gopro footage was easily synced with my sessions and exported to youtube. Would be great to have G-Forces and some more info in the final video, but the developer has already mentioned it will be available soon.",5,2,3.33,2014-11-22 03:16:46,,
gp:AOqpTOHZm8ivqq53PpIDaQQyKkpX5UAayeLSrDGM879hUOwrc8igKLzEAjxi4r98REtVesZpWB9-Y2y6FsD68w,Frank Fargnoli,https://play-lh.googleusercontent.com/a-/AOh14GivvTNz0wnBvgLWiaeWzDQBn3h3dLetOWLgDaF-Qw,Great app just what I needed for days at the track.,5,0,3.33,2014-11-14 18:16:31,,
gp:AOqpTOFuuyIon80sJwuzhGUTrdUIV4yG7kWKMawB-LH2wAYu5iPYdg-ioAzGZJaFQXdBoOG8ln9RE1vFqduZ3g,Eric Brown,https://play-lh.googleusercontent.com/a-/AOh14Gjlz9xlK1kWkL79Vxtf3Ddx_5RN7K25hFPQA6hX-w,Use this for autocross data logging on a budget. Works great!,5,1,3.33,2014-11-14 12:57:48,,
gp:AOqpTOHjyYzRqXGpNVZUAz07-C8RiUuEyUVM6V6Q7euS76NYrRz4h_TiLmX6u9SDOuIr1nYJSR3i_Gws5zUbJQ,Florent Bouron,https://play-lh.googleusercontent.com/a-/AOh14Gic1dvUwpAITH5vuji_IjLLGGaTuOrlBYKcLfC6gw,Awesome app. Would really like support for innovate OT-2 data as it's the only way to reach into specialised can bus data streams,4,0,,2014-11-11 15:29:57,,
gp:AOqpTOHn8a6s0gnbqVnqzFklRbcYOgojdu6KTELG7TMPtv79luM10p2L_3HYwEl5cFGcbJbz7rTfvKO4Kc0fUw,Philip Burdock,https://play-lh.googleusercontent.com/a-/AOh14GgBEaGBzduFbJ24LpI4hurRcciTm-AlpwiFbhmOKw,Very accurate with 10hz external gps. .,5,1,3.31,2014-11-10 11:58:56,,
gp:AOqpTOH-Y2rio-tO_jGzOaK2z-TGLvr2e9bjl3fHkeyuKQD8z0jNJjJ6wVJp5stp6OunRsZDnFEzxbW8vGLGEQ,Kev Straw,https://play-lh.googleusercontent.com/-Py7fyoobiGM/AAAAAAAAAAI/AAAAAAAAAAA/AMZuuclgmFm1aEqbsMmKmCKQnMWkbKCx8A/photo.jpg,This is great and it works as it says on the can. Cannot recomend it highly enough top marks keep up the good work,5,0,3.21,2014-10-14 15:49:36,,
gp:AOqpTOE8AtAY_rKMvgmdyVslsUyyOiHvy3YMEbhBqN_Lwr3gdAv64jv6TY5PuP-F2Wx4OCaXArQI9audMTGw8A,Mel VanderWal,https://play-lh.googleusercontent.com/a-/AOh14Gimxv2eBC8fHzk4eHN5azwSnblLyXx4fPbM9FV2ug,The free version warrants 5 stars.. this version gets 10 stars.  Unbelievably simple to record and export a video with speed and RPM.  Immediately connected to my bluetooth GPS and OBDII reader.  A fantastic self-analysis tool.,5,1,3.21,2014-10-11 18:35:05,,
gp:AOqpTOFPhSLFKDB3O1OejwOOZEHd9JZVIde5yfNOgeVOLcDiZoAnzFkox61ZacvJ6WxTd88d0reYej01ylVylw,Petko Simeonov,https://play-lh.googleusercontent.com/a-/AOh14GiXLFjhsWvciMWEEpL0nmroi-gBw4OwcaDV_gh2xg,Excellent app being using it since it's Symbian days. Really need the performance measuring features to make the app perfect again,5,0,3.21,2014-10-07 00:28:53,,
gp:AOqpTOFqeXSNr82jlnEJBPfTz1UxkQiJks_dmqHfEUL6TQMVXa9stULFoLQfQdyxst1AaEhZ_3CXbT47BrY_Kw,Henri Österlund,https://play-lh.googleusercontent.com/a-/AOh14GiPw-ol9FQbzaNrN9SxH5lxQxabBxE_79hvONue0BY,"We have been using RaceChrono Pro in its different alpha and beta versions this season at VLN Race Series at Nurburgring and are very pleased with it.  A few observations: - proper external GPS is a must, otherwise the quality of GPS data is not accurate enough. Phone's internal GPS may work on tracks which are flat, but not at the Ring. - Telephone's internal video is amazingly good. We only used Samsung S3 and were very positively surprised on the quality of the vid.",5,1,3.21,2014-09-09 08:36:28,,
gp:AOqpTOEh4R8s0msj6NygPBN3tY-o0KkYxico9R57bVeFHicsiRTZS7PvCebE_D5aVgpM75Ks1QNm9J4Nxq4dzA,Brian Reynolds,https://play-lh.googleusercontent.com/a-/AOh14GgUQYZhwx8LCuA-M9kq76qd51etkb_aq7umDZkT9w,"Minus a star for not loading all my data, devices (bluetooth obd2, bluetooth GPS), settings, tracks, etc. from the free version.  It takes me forever to set all that stuff up.",4,0,3.21,2014-08-19 08:59:51,,
gp:AOqpTOGw-YTg3oAuZlpTanYRsNbkawzEL-Gepr7FenVQb6atYP63k1kTzrusPhZBXGpU_3pXY5f6Y_OqMZceaQ,A Google User,https://play-lh.googleusercontent.com/-AO1xEzClg3Q/AAAAAAAAAAI/AAAAAAAAlMY/AMZuucmoNjWRGMVZCvSKgYc_KdG4lBAPMA/photo.jpg,"This is critical to me.  Really need ODB air fuel (measured).  This should be standard pid across cars.  What's the chance? Very impressed so far, not a single crash.",4,1,3.21,2014-08-05 15:13:22,"The .csv files are intended to be readable by video overlay software, which themselves have units conversion settings. The units are metric to allow simple and robust reading at the other software. In Excel you can create math columns such as =(A1-32)*5/9. Please contact RaceChrono forum or support for further assistance.",2014-07-04 20:08:34
gp:AOqpTOGW0yd9QIlex4r15i7Wtqy5xDTbCrl4HLtdcFQl6kII3Kr6-WqTRTLtkRbqC7NtiGl35rC7HY9-O1CGaw,Berenger Humbert,https://play-lh.googleusercontent.com/a-/AOh14GgdXtlePXFa1MjnH7eVEPTxU1KQYT969epCaLs6-w,Really good,5,0,3.20,2014-07-31 16:10:19,,
gp:AOqpTOHhPtfoSmgnOsDdeObCuU_Dj6UZLIiKWaFhAQBT3yMoet5MtwqpmVWDcFHPB7gMnnIyJdS1mm0mbhrZ3A,Andy Quek,https://play-lh.googleusercontent.com/a-/AOh14Gi6xAmy2-TJ0VDPjqdwSBsj6PJBOP1Uf3Ua77ySVA,Capable of exporting vidz with speed and tachometer.,5,0,3.20,2014-07-28 21:41:07,,
gp:AOqpTOHAm0tj5HoGhCt0xVExwebWvRlkYdxLD3g0QgwHal8UeM1JUF5OYr_0malPU8LObSCEFhnZBGUTRIreYQ,Konrad Lindblad,https://play-lh.googleusercontent.com/a-/AOh14Gh8K53JwugO9uqZUAnAA7LDGPbLCTKSgcb4gKVzkg,"Worth every penny, best app ever! The video recording function with overlay gauges is awesome and the lap timer itself is superb. I made a custom bracket for my phone so that it can both video record my laps and show me the lap timer. I LOVE IT!",5,0,3.13,2014-07-03 15:16:00,,
gp:AOqpTOEtAXFsk_bWuoBD5jXA4cK49llJKIvmW8U_O7S1LwGW6EZk0spLCVbFYaL5R7KOF1fe1Ty05L3uhZ5J_Q,Jason P,https://play-lh.googleusercontent.com/a-/AOh14GhbO2bTjqMBVUQIdhdyNhOjJVK9o6IvJMGq_gEcSNI,Best timing App out their now with video. Make sure you invest in some external GPS and a OBD reader :),5,0,3.12,2014-06-28 05:20:20,,
gp:AOqpTOFAn4Eppcc1iCLke1cD7r0hflwS5bObmIP2--78ctsdXZH8SI4-5hLRwxi2xLRNqa-ZV-N3yQy1GG-lkA,Conner solo,https://play-lh.googleusercontent.com/a-/AOh14GgwroxYFKvVkOE0lbXBVQBMLGUrszznUdsA-JEZJQ,Fantastic app with support to match,5,1,3.10,2014-06-24 11:25:50,,
gp:AOqpTOF8Y7owahec7CQ1EQZMXsyod4lbsg7TnZGxJBg0JWUgPMKN0RZjz8jyGUBAI4UFpxOJTz6FkoQWib0IUQ,Mr. 986,https://play-lh.googleusercontent.com/a-/AOh14Gi8s36dXb-It70DEQVhG_ELcF9iMOIQ6ZGOqVwoYA,Glad to see RCP finally released after a successful Beta test. This program has everything a serious track enthusiast needs  in one device. Excellent track evaluation capabilities and long with  video recording control.,5,2,3.10,2014-06-24 09:30:29,,
gp:AOqpTOF-kwkxlYfQ-rO2JgBejG5jlZIQvdn9jxALj8qyZspUB3cLeY0r7gYkQJ47TiirMuKawdPzr5NPz9MPmQ,A Google user,https://play-lh.googleusercontent.com/EGemoI2NTXmTsBVtJqk8jxF9rh8ApRWfsIMQSt2uE4OcpQqbFu7f7NbTK05lx80nuSijCz7sc3a277R67g,"SO happy to see RC going Pro! I'm glad the Android version is as good as the old Symbian one, and now with video! :) The UI really takes advantage of the better horsepower and touchscreens on the new devices to make this an excellent laptimer.  What did happen to all the Performance tools though? (rolling starts, 0-100, 80-120kmph, etc). I still have my old Symbian version for those but would be great if they could be added on to the RCP to make the program complete.",5,2,3.03,2014-05-28 23:55:41,"Before performance measurements I have some video and lap timing related features to do, but it is not forgotten! The performance was never on the Android version just because I wanted to concentrate making the lap timing part perfect first :)",2014-05-29 00:54:59
