reviewId,userName,userImage,content,score,thumbsUpCount,reviewCreatedVersion,at,replyContent,repliedAt
gp:AOqpTOH69F99zMDWOtiuSsa7DyG4C_EelXjTvklOUIRTnfV-aqKUOHrOND3wkCyho3P4TcxkZmK5U77xY25aIw,Metro Eilat,https://play-lh.googleusercontent.com/-BazWWU0alHU/AAAAAAAAAAI/AAAAAAAAAAA/AMZuucmeq7t7ah1aHZbgfOi_St3gg5Wjxw/photo.jpg,Don't use this app,1,0,,2021-01-27 02:12:36,,
gp:AOqpTOEaN783DY196P12gkUhkOrFyAfxiZ94pGAt45jGh4j6iq2lZGFK0ninbvslGDBC7oTAF8payEUanBpM0Q,Daniela Silva Riera,https://play-lh.googleusercontent.com/a-/AOh14GhLFC54AoDJiGilSmNpjt6uj49ZrGZ_lCdn_qnud04,Crashes immediately after opening. Lost my money,1,0,2.7.2,2021-01-17 13:32:15,,
gp:AOqpTOElYJTmHey1EUrhSK71vjsnSXeqWNmTI_m6XAOFH7ne_F2dlYYI0kBsX5ZFxAlbCiRQdIBs8z8t0Wga0g,Srinivasan Balchamy,https://play-lh.googleusercontent.com/-6AqDHb09zbA/AAAAAAAAAAI/AAAAAAAAAAA/AMZuucnZJil3gQQVZGp9M_yuCwqalO8YFg/photo.jpg,Worst app. App doesn't work at all. Crashes whenever I try to launch. Money wasted. I'd request you to refund the money.,1,4,2.7.2,2020-12-31 05:52:37,,
gp:AOqpTOFUomkM2ryCp3exY8BBpZ9NsLiXX_JKwH_rO8guCRz_vZNNEAJlVe6N-gX8mt3mImR9AlR7Ai2IQxq7sg,Kalen Gerk,https://play-lh.googleusercontent.com/-T9bzArkGcdo/AAAAAAAAAAI/AAAAAAAAAAA/AMZuuclQ_4Uji5iSEkZXPyo4-SDu0B3XyA/photo.jpg,I open it and it kicks me out,1,0,,2020-12-28 16:37:37,,
gp:AOqpTOERxJrH6SkRO7cf4kZiQbimLEf7oxORTi1ubR9jfShq-5ODvOmvY7PIyGA7ARSSi-MzSp7k2wOYr42_Zg,Laxmi Goud,https://play-lh.googleusercontent.com/-w10TByAUYcs/AAAAAAAAAAI/AAAAAAAAAAA/AMZuucmFHXktdc1saHXLvNT_74S9ILUELQ/photo.jpg,"App crashing after install, unable to use this app for a single second, money waste",1,0,2.7.2,2020-12-22 23:27:11,,
gp:AOqpTOHaH0-DHHtC9UbK18aZLQSssrf6PmRJo5xJjGvvCy79XNOxpIhhMC7uEp-0vz0xmkTndSwiwNvF1G3QLA,Vishwanath K,https://play-lh.googleusercontent.com/a-/AOh14GiPFmAl5qP0o7dIDukQn21yGOlgtq-1pYvNqnLotBk,It crashes immediately upon starting on my android phone. There's no response from the developer.,1,1,2.7.2,2020-12-07 00:24:40,,
gp:AOqpTOFJ9yBR8TumONYM5MpKPe8Iri6BpRGgQ-2Fu0ayMhRi6VCU989nVkjhzAWrKPiVIhF33Yy9H1LuxRjFGw,Erica Melchiorre,https://play-lh.googleusercontent.com/a-/AOh14GjDe3Ee2zvkSDxnymheO5WryLfxqRFfrG5FQi-cfg,"NEEDED this app so my son could access his school lessons and so he could teach his classmates an art lesson, purchased the app for PC first$17,99, then app for my phone $6,99, Big investment for an app that crashes IMMEDITATLEY, NOW WHAT?? What a waste of time and money,",1,7,2.7.2,2020-12-04 08:30:01,,
gp:AOqpTOGZoyAesuLe1qSPNSxxqgoP2dQoCcOv7LcnppelR6FKGE1f8CChaQT0JsrEh-d1iRtHZGcZyj-K81Hp0w,Nicholas Browning,https://play-lh.googleusercontent.com/a-/AOh14GjjQRz5mNm09xi2S1Z2ilKa_IpLKnOnb0nviJrq_w,DO NOT BUY. THIS APP HAS BEEN ABANDONED. Old software and crashes at launch. It hasn't been updated in forever sadly. Air Squirrels really should delist this app since it no longer works.,1,9,,2020-12-02 10:40:27,,
gp:AOqpTOFDX8TnduZefEPjO-eHM5u6AxDXvnqX56fXEnpPFpqlDGQq677OPq0X5nqtwh7qOqmO2ajHtioAkG6T8Q,Maurice Atkinson,https://play-lh.googleusercontent.com/-gwN87_z1Fzo/AAAAAAAAAAI/AAAAAAAAAAA/AMZuuckeQBaQOVo0Er4bZaLtdmNy8AUV-g/photo.jpg,continually crashes DONT BUY,1,0,2.7.2,2020-11-29 10:31:09,,
gp:AOqpTOH-C_G_tuqwKlCE6h2kkjx9i0Nw7L3-_CTgFzEFePRbUDJ5mKLzLe4rcWKWnTZQhrj30FDLcRr7pOl_Hg,Tom Carroll,https://play-lh.googleusercontent.com/--AiVIy_-htQ/AAAAAAAAAAI/AAAAAAAAAAA/AMZuucmDwjqKJhS0P5t4x0JZ16rdjmf_1A/photo.jpg,Does not open,1,0,,2020-11-26 13:42:14,,
gp:AOqpTOFOAAl26ZuaX44iXLWUJYHKOkiq597_Osa8BEtnxnavHN4I9BIO5CpJbsH3N6pJ2K3rJ15suPgiJYIUeA,Eliut Roman,https://play-lh.googleusercontent.com/-4o5NyEmrb4E/AAAAAAAAAAI/AAAAAAAAAAA/AMZuucnKOW7RZIfhxs3Ba3iY50yerR8vSg/photo.jpg,"Unfortunately, You pay, You open, Name it and start, Then It crashes",1,0,,2020-11-14 09:42:33,,
gp:AOqpTOF5CB5aZiL2pc6gdmgESIiUcwvWAttqqS70uS5KhhzBfdsxUG3gq7o1ShsYAtn_uL6o6lgCu8QDZuwDTg,Ricardo Aguilar,https://play-lh.googleusercontent.com/a-/AOh14Gj8hJqMIj1JQwX6xDbqR1odLy5YZx1apixl0dYaTt0,It crashes when you open the app.,1,0,,2020-11-09 11:59:28,,
gp:AOqpTOHOcrxbzv8rif1WbNjPbXTUhUxqoAEq811iLbgdnjNTXXuOc1EuYbijD_GD01zF1IDFaDGXy7ozFWyLtA,Fanus Wallace,https://play-lh.googleusercontent.com/a-/AOh14GhSZRm5b1okMgZP4x4rQFFeO9n0AVMu3-3jlCD4_zI,So I bought this as i use the desktop app. What a waste of money. One will think they would sort this,1,0,2.7.2,2020-10-19 07:51:34,,
gp:AOqpTOGVG0vwsHenIDEr56GVZTCYsrXOjqZdFelfr93q2_kdibbmVIxZfFc5unqXNqGoi75W530eaaJiddJmUA,Anand Mahajan,https://play-lh.googleusercontent.com/a-/AOh14GiX6PT0tQ4g3sNFKbVkGBT_-MClpCLhPRN-YP05OQ,App not working on redmi k20 pro,1,0,,2020-10-13 03:00:58,,
gp:AOqpTOG2NhkpchBkZLGrEzTRzseGNdlGQY7W0TNCmSoQImRJaA2g3l_UwbK9nSLFoDvBfBo6KAuEjzBkBdU10A,Nidheesh Gopalan,https://play-lh.googleusercontent.com/a-/AOh14GicxgKr779MQ7lozHa-_hx3nDdPMumc-dcv1yAElQ,It's crashing,1,0,2.7.2,2020-10-11 17:10:34,,
gp:AOqpTOFbMXCaVagehiMBtC6_xPaONjOthP4WOgig8h9EbBlssCEriZ5m7bMtPkwyarHs3978CiJxoJIuPgX5xQ,Colleen Dang-Wong,https://play-lh.googleusercontent.com/a-/AOh14GhJjGe7DYarLu8NcBD0S1kF09lnpgz9khT1v7Se,It crashes a few seconds in. This needs to be fixed or please issues refund.,1,7,2.7.2,2020-09-29 23:16:55,,
gp:AOqpTOEyvEYiNM0xdY77Vi1FfL1siotPrD5OoUcvtLYAqTMWnzFrlqVwoRLup0KL1sHLvyq6Jt3BSMWx__crug,firestop232,https://play-lh.googleusercontent.com/-0L0K_idlY8M/AAAAAAAAAAI/AAAAAAAAAAA/AMZuuclciPBVDYcm22cAGdhcJWC0cndRbw/photo.jpg,This app crashes 5 seconds after it starts up. Don’t purchase this software until they update it!,1,14,2.7.2,2020-09-24 23:09:33,,
gp:AOqpTOG2mzFVUUmmjiCwcd6Rh8S-5M9s9NyWipRASRrb5UTXLEy8lQVa0TTSRCdwlqQbV9fEL5dXMf_JJmexmQ,Nathan Potts,https://play-lh.googleusercontent.com/a-/AOh14Gi_2roBieaJbsSniUqPcIgMo5bGi95OqJ7v4ttK1ng,Does not work with Shield TV. Trying to get a refund!,1,5,2.7.2,2020-09-24 14:07:47,,
gp:AOqpTOGWWiFkC3v9vSrrTTlpyLVp3RO2idot99VrNjvS0LGQS7SLS5MN41CX8aGu3DqS-t5lUes6w5cEwlJWzg,Fawad,https://play-lh.googleusercontent.com/a-/AOh14Gg_yS9LV6DSAXCkkBnOfZk3j12CcFZmKjs906Dp7n4,Kept crashing...waste of time and money,1,0,,2020-09-22 09:09:30,,
gp:AOqpTOGRgHvtvVgxpbIqzur8UUkbX2Jyd6DMUdp_Kqcj6LQOP2rDheqyoOAmGiCK26M3_vWcQKc9IZ9d_eot6g,Dana Life,https://play-lh.googleusercontent.com/a-/AOh14GgYCP_cY4Xha_pDvdjyYV8Y4hLnaK_CWVRRVmUcOQ,Crashes as soon as it is started. Garbage.,1,3,2.7.2,2020-09-06 00:07:09,,
gp:AOqpTOHrM5_FKIJW1Kje-pRi7Pmj3_WINzPtQaLSb4Z0kORMI38YK3LU7rMrb5Cv6MGqZGI2-opUt4ZEhNfZzQ,Ahmed Farag,https://play-lh.googleusercontent.com/a-/AOh14GiTmJC9_WFHR_2uXSJ23cj8b010A7tZiwb2G-w0,Not open 😕 I paid for it but couldn't open it in Samsung note 10 plus,1,0,2.7.2,2020-09-03 07:57:33,,
gp:AOqpTOFJCqb9XOs8AuI8LmIOlN-758caE85FiPNKUN9KhGIaYxECJd-IDMQ_I4vEC4T5uYYbP7-TwNHfmN4ULw,Thandokazi Sikhundla,https://play-lh.googleusercontent.com/-NrhQDvjsiUE/AAAAAAAAAAI/AAAAAAAAAAA/AMZuucmx4uOC8GyvoVTD_eyP7UvySa0eXg/photo.jpg,"if there was a rating of zero thats exactly what I would be giving his APP, What a total waste of my time and money. I cannot even see where and how to claim my refund, I WANT MY MONEY BACK! totally useless!",1,7,2.7.2,2020-09-03 05:16:54,,
gp:AOqpTOGr2zbXfHu8BtyMfd3dWJBfePizBoS0jCkNR54GjWXdvccmezmRceunN7D1yrNkkYSaxQA1xVp_tg0FMg,Mandee Scorpiniti,https://play-lh.googleusercontent.com/-2n087eQryi8/AAAAAAAAAAI/AAAAAAAAAAA/AMZuucmbeH7WBgnvvncTGHcUvyXTaJhMKQ/photo.jpg,App kept crashed,1,0,2.7.2,2020-09-01 02:10:23,,
gp:AOqpTOGv7wj7yctvuKSFoslH7Zwa5hG7q9zBrBboKzXN2alaZg7sqDnpjtDtWey8FljCjlEH9o6jNFWsQER9Pw,KyungTae Lee,https://play-lh.googleusercontent.com/a-/AOh14Gga51ZiPFexjxfL1d_DWEmE7PIWIT-8zJp2GWkKKg,It used to work great on my Nvidia Shield TV a few years ago. Not anymore after several OS updates.,1,8,2.7.2,2020-08-16 19:56:00,,
gp:AOqpTOEx7yzsTJJ76yyZBYrSaGXJBTFDxNCy-SaSvKp7S9Xe_OhqXPVNOhp3e4xaRzg_Rx8UtoW0nyatUyt3rQ,Sharpie Streams,https://play-lh.googleusercontent.com/a-/AOh14GjQZPH-e2WHh6qMhdtbACgJ1V4BBEpVilsaASf2GTI,doesn't run on Samsung Galaxy 10e,1,0,,2020-08-13 14:45:49,,
gp:AOqpTOFsv7kZTlfZPrSw9zXCnBqbtf0AhsvTC-EiDL2WPJ7EcbFGUDkfRRcwc-qMbX6eGS3VBIxoKRgMnKqGbw,Sunil Baja,https://play-lh.googleusercontent.com/-bTdyfNdWkwI/AAAAAAAAAAI/AAAAAAAAAAA/AMZuuclxgOUmy_RWCOWFPp4f8Va1u1IvNA/photo.jpg,I am unable to use this app it just crashes,1,0,2.7.2,2020-08-13 08:17:13,,
gp:AOqpTOGN7tOGu_V9kBE-wLf2Q7B-dAks2CSsUle76E-lIXq1Nd3SEfKebZ0t9S16Y0kP30s_SyYPjxmFcNonHw,Lucky Pucky,https://play-lh.googleusercontent.com/a-/AOh14GhOvi_s6i9oLVFXafPC1_8OvEsyhiLNk756d_NJlfI,It won't even open.,1,0,,2020-07-25 20:41:14,,
gp:AOqpTOGPr_ChJBXpqTPeK_QwKSDGG3mllhOe5mpcDEca9VQlXrcY1vlSN41svxxiGS8Mvy1dmtB2HBD63Usbmw,Elissa Mitchell,https://play-lh.googleusercontent.com/a-/AOh14GhdJElNCgxcUxp1TaHoaco5OWgqh_ok-btK4pqu2w,Keeps crashing. Seems there is no solution to this problem.,1,2,,2020-07-01 08:45:12,,
gp:AOqpTOH0CxdcARCpxA0tBczaMheGYCMiadJV56gGYSmAW1Owe5QPBGmNDw3N9IV4NnyGVBnUj9aaK3t8lSgxxw,Jeffrey Samuel,https://play-lh.googleusercontent.com/a-/AOh14GgQWKwLqYpD87tjNtEnfj2FHuJEXpSct-ip7vPtsg,Keeps closing as soon as I open what the hell I need a refund,1,0,2.7.2,2020-06-15 11:24:41,,
gp:AOqpTOHIqgobPkGWgLtxzU1epy7nH6YLejzbPVJ7ov6eE8lobBv_zttPdBri4pHoVC5WYHPUcQSt0vffwBYQsA,Zen Blaster,https://play-lh.googleusercontent.com/a-/AOh14GjrNJjApdbqcWQlPfB9n4j86FGHy7QYaZT3mhAEHw,Crash when I try to open,1,0,,2020-05-06 15:39:37,,
gp:AOqpTOFLGkZTr9IyXTDV_Tr3D8s_vTStDt3s8hUC7FcaA6-xstPojeLqjnk5wZ22bOSZ8e6XjeTGJSd0ttbTFg,James Stacey,https://play-lh.googleusercontent.com/a-/AOh14GgebN_tQK-co7Ao0GA_xLbLHyd0wxxfVA4immHd2rk,Kept crashing on ChromeOS,1,0,,2020-04-26 02:23:22,,
gp:AOqpTOFGNX6XoiQUs74Fgco0zJSMRxVVCW2481YzW6u7SqEdAJP2y0Hfl85u6RSctrPFJ1u3ryxuCm1NSVng1w,DJ Hector Fonseca,https://play-lh.googleusercontent.com/a-/AOh14GhNYTuyVWEDnMrbskGkBXSBW1dJlscNeBRp32y9aQ,Would not connect with another device that has same app,1,0,2.7.2,2020-04-25 12:21:17,,
gp:AOqpTOFKrIbinyH6AhpkAgHcpfqGCQXmtlpQml_1oTEcBkkx3KtN-c9wRYPhbI6q24SGVM5bOuJtf4Zry8NNdQ,John Jeffels,https://play-lh.googleusercontent.com/a-/AOh14Ghe7NG6TzGCzRzgO-NmaRPgATecbu1ZBZcmNHM7Mg,"Very disappointed, I downloaded this app and it keeps closing itself and doesn't work so got a refund. The reason I'm disappointed is I have the same app on my amazon firestick and it works perfectly.",2,11,,2020-04-23 03:26:55,,
gp:AOqpTOFdeumkFzPlLxXHnC1dgAnIaveY6SlN6RyZcSqDcpp3N_7D2ve6QCZHG6soCqzmx-1KWg47ewRMa5QIvQ,Prinya Tantaswadi,https://play-lh.googleusercontent.com/a-/AOh14Gj4gp79F7W-BAndaRJGvu2yMPTgDHqQmCwZrGAROA,The app stops. I have tried it several time.,1,0,,2020-04-18 09:23:13,,
gp:AOqpTOGFEbefve6v5kBxaaVH4-773GoNpb6zvYZOxGKeCGhez0YdeWc8yel_Pxiws9xdPS5GFt9q3-rCJaJPZA,John Oliver,https://play-lh.googleusercontent.com/a-/AOh14GgClCosq-7Mak_KLKHz5Bjwuvzw8gPGrQlyOCJ3teM,"Kept on crashing on all 3 android devices I tried, phones (Huawei P10 and P30} , Chromebook",1,1,,2020-03-26 07:08:50,,
gp:AOqpTOFvoWDD_3j_jO9xjaa8PmyjkztZUjxbsBFmdvfPFCh_iM6NclXCC20cN_FBor8jaukKvhs0c1A3q4tGbw,World Singles,https://play-lh.googleusercontent.com/-ipdQNjUuJi0/AAAAAAAAAAI/AAAAAAAAAAA/AMZuuclGUBSjavmfyjoAKUzwg0cFbQldhA/photo.jpg,Crashes on load,1,0,,2020-03-14 12:02:41,,
gp:AOqpTOESea9YZQzSt8-HdFr0dPAAhMySKmqxLoiC1-GgtqTXVBhf1YTjdEQ_hqsuIxSMgqUooQ3boczuhGohMA,Kimberly Chaffins,https://play-lh.googleusercontent.com/-xFw8-w2NpUo/AAAAAAAAAAI/AAAAAAAAAAA/AMZuucllcViF8hLWtvjHP1G_pgqIW2k6VA/photo.jpg,Could not get it to run - immediately shuts down.,1,0,,2020-03-11 17:43:46,,
gp:AOqpTOEt3IhdI-o_eubJ196IQKgTfHVojnGy7beTNurJipoM7i-Pscjuj6l1rsarh9Mm6SzwzCrWJrmqebNdEg,Nigel Catterall,https://play-lh.googleusercontent.com/-DIE1Y00RINQ/AAAAAAAAAAI/AAAAAAAAAAA/AMZuuckripkon8gZP3T3DkNTeyRF9_JqCw/photo.jpg,"Crashes on opening, everytime",1,0,,2020-03-05 09:26:39,,
gp:AOqpTOEBxa4jRd6CwvEpC49Xyphro96YpE0MDYc_rTRgXUffntInz6SFf8a6hyw_41dz57jU7SDVUdtM8Zd4MQ,Peggy Littleton,https://play-lh.googleusercontent.com/a-/AOh14GhHWhHn0Nb8s3oJyuEb9f7tJPKDEbSWSymEvMU0Mw,Reflector 3 on Macbook and no Refelctor 3 app for android,2,0,,2020-03-04 09:35:14,,
gp:AOqpTOGlPTVM-WNxo5RIuGNHkaaChlvGHaVQXs8twT3hKwz2t7XwuSQwIFLMr09UQxKSLEkKw2owM8-OP4NFBA,david castro,https://play-lh.googleusercontent.com/a-/AOh14GhiTjnZfYItv3Q0r4pq5Ga0H9cO9u_QpVrjAAM8YIo,Crashes as soon as opens. Can I get a refund?,1,0,2.7.2,2020-02-18 10:10:29,,
gp:AOqpTOGSy5TTIyBvQaz4Q_1Jdb66y1j0mb6L3pKYOpf1QPgwcMjqwqupcDEaFSkml8TFAFCyT1FS9T1Ic5JS5g,Sarah Mowery,https://play-lh.googleusercontent.com/a-/AOh14Gh2ksnydhP_L5FmF_xk4ITEYRYzPcp13TjgMMDQ,Crashes on opening immediately after installing. Don't bother wasting your time.,1,17,,2020-02-13 09:45:35,,
gp:AOqpTOGtfbfkvMIF-VVtTrmgQNPSqcjjCmUT5ovJyb1_wwjZEICrj14i4r1ybbtNruU_siC1jeU_mVVJ8uADdQ,A Google user,https://play-lh.googleusercontent.com/EGemoI2NTXmTsBVtJqk8jxF9rh8ApRWfsIMQSt2uE4OcpQqbFu7f7NbTK05lx80nuSijCz7sc3a277R67g,"downloaded mirror my iphone, instantly crashed, restarted chrombook for the same thing to happened",1,1,,2020-02-01 07:47:00,,
gp:AOqpTOEoKrx4yU_OyeRhtNzQLgBvrlaiaJCbA1dkn1X1MHSSnLAncV330R42gAg_C5054AUq7EL5luHNDq_Kdg,Angus McDonald,https://play-lh.googleusercontent.com/a-/AOh14GhRg5OfYhto8IxrbAbVyxzVV_Gk0HPIAZT6olt0VU0,Crashes immediately.,1,0,2.7.2,2020-01-30 05:15:24,,
gp:AOqpTOEpzl3_QG1l8KVoRTsuF7nTBtTFhjYtDxuWp0qOQDd53GGhqMEwWoq98lszTqEg1Z2w3_EvNgZ0Urz1Yw,Angela Berardinelli,https://play-lh.googleusercontent.com/a-/AOh14Gh7PweBlcneL1vyBrv_SlX4rR--5lXBu9WcwDV2KJo,Broken and outdated,1,0,,2020-01-29 06:46:36,,
gp:AOqpTOF62Q6-UqulxJ5A0xy5Of03A68upAJYmQBxgQ_6dzWDDDN3jXcBOQdHxkOk4wvKdR_WMdrLDH1ah_Dluw,Dr.A.K. VENKATACHALAM,https://play-lh.googleusercontent.com/a-/AOh14GjJ-KvrQJIsZbFNYbUQiDX-irzw561JsmPvmckmmqI,It keeps stopping,1,0,,2020-01-19 22:43:48,,
gp:AOqpTOEkK8fZidN0Hp5ygKJcWWNJU7INnUrtyS3fwTRdBXXpO61I2TZhI05puSKd3s3mNcYkUYSfUwxk-X50sg,Timothy Palmer,https://play-lh.googleusercontent.com/a-/AOh14GjC6MACx1NYlODxLcrFyeEJNdrNdtzf_Rg5GaEZwQ,Crashed immediately and wouldn't work. Absolute piece of trash. If you're thinking about getting this save yourself some money and don't.,1,0,,2020-01-01 08:15:26,,
gp:AOqpTOHatrMuRC6LqV7EmmrRDqXgNi73z2H8jPYhMnNA5J1iPGYRFaBwwV80Yip659YiqbjdXbrE6oxOnx-Ysg,Nayr Drib,https://play-lh.googleusercontent.com/a-/AOh14Gg9GMfDcccCPfzXeKt0IU1PFsMWlbXMwlyj65w,Worst app I’ve ever TRIED to use! DO NOT WASTE YOUR TIME AND MONEY,1,1,2.7.2,2019-12-29 10:40:51,,
gp:AOqpTOF7Mkycde0AXz_w-avMekqF2aKtFwP-tGLlWwYUnuLKp2vurjw_KeT26lwFJoKVQUin-HyKBzDP7XJDhA,Ando Muneno,https://play-lh.googleusercontent.com/a-/AOh14Gi5ZASNRsCA8hrfRo4p0ytcFmssOoehEgqj0E8ukBQ,Crashes after setup. Don't think the dev's are updating this.,1,3,,2019-12-25 18:40:06,,
gp:AOqpTOH7Mikka4FSh-INWnTEzFX1yxm7YYF_xxfjAEwJVK8NZ7nRbSwe_6GItghmZnTtmZPVkOQB9AujeiqDSQ,Terry Chepyha,https://play-lh.googleusercontent.com/a-/AOh14Giu3SzdUs3K70HSifMkqWoXtrzjX0ksfQhR-GD-AyE,doesnt work,1,0,2.7.2,2019-12-22 08:39:45,,
gp:AOqpTOGLL5vzYxLNFh3tnv8_hElAsJH4wRBhRxJCtYpe74Aoupj198jByMZyRKj3pDhvXtVtHO6g37AEPwRrJQ,Matt Stearns,https://play-lh.googleusercontent.com/-xeNX_ZcPGpw/AAAAAAAAAAI/AAAAAAAAAAA/AMZuuckhn2Nr6vvb7CRR0bm9PUre_qE_ew/photo.jpg,"App keep crashing paid 14 buck for 2 devices and didnt work,",1,0,,2019-12-21 11:28:02,,
gp:AOqpTOHnxtcuKM2moulca-4KWEkyiqqjEztTG30O7-pKfdq2W2VSYLy9lotcdD5XOPp9YlxAXMjwl1ERENYzHA,Wanlapatch Pratoommuang,https://play-lh.googleusercontent.com/a-/AOh14GjktgvnOIUYol50eis_ics4M-uil_-FsTpApGyvRBA,Cannot use,1,0,2.7.2,2019-12-02 01:46:19,,
gp:AOqpTOE8wrYY_5DohP53Eq_EuGYA7EX-Si8drVgoEacHy-6BqEjOwJMi7GaAG3TlRXmvu_wEo4UaRLnPV1TMRQ,Robin Brownstein,https://play-lh.googleusercontent.com/-FsLiQ4eJf_U/AAAAAAAAAAI/AAAAAAAAAAA/AMZuucnS9qAMFmKfrQoVvcp5JMebk7Ycsw/photo.jpg,Does not work,1,0,2.7.2,2019-11-14 08:10:48,,
gp:AOqpTOH3z_z41SkKDGZRsIddmrrpV9aVL8ZG6hi-z5E5VjjYNDEBAXmv2zb_y_qoFOQxxfrxdeGZHtpnh7UUWw,vijayaraj suyambu,https://play-lh.googleusercontent.com/-Rj3XVWJZnnk/AAAAAAAAAAI/AAAAAAAAAAA/AMZuuckZ-C6Kp-9aWn5uPaQTfcQpHj202g/photo.jpg,Keep on crashing,1,0,2.7.2,2019-11-07 03:07:31,,
gp:AOqpTOHn10-ri9C3zpY0gcBeA2x6Z-HMbFfc05YUggq4NrVvHWHRLKDMu0mFyejal6e3vZ6u-VLl3s_JakxZaA,Mugen Lover,https://play-lh.googleusercontent.com/-IVrmZAE5_IE/AAAAAAAAAAI/AAAAAAAAAAA/AMZuucnEptemWr1qhB38TQUGfGwzwVmMvg/photo.jpg,App keeps crashing,1,0,,2019-10-26 21:41:04,,
gp:AOqpTOG4s_sF43ImErrhEn6d2T8dcja2F7svA32VqKk48V3Q5csFIw1QLrMZ7b9qrwnIIKt4NOKCrLvO0GLkuw,LVTaco Bar,https://play-lh.googleusercontent.com/a-/AOh14GjLpYs1QP2X51IhnSpMOvd1Up5VHZSYuyfymJTGIA,"It doesn't work, I can't open the app",1,0,,2019-10-15 09:36:41,,
gp:AOqpTOF5bf6kFB-qwN83lbr-1r0c-1YkXV0um1slfR_IPe2GDhrj2TUDhjLdkNQ3aQQ0OKSpUsLzWIvOOowtZA,Travis DePuy,https://play-lh.googleusercontent.com/a-/AOh14Gglod4koMCK8JQ3KzGAlt90I7ulf1pDU791IYLm,Laughably unstable. DO NOT BUY,1,0,,2019-10-14 09:59:29,,
gp:AOqpTOHjGTYCe89aiiYZk9BuaLeo7_85Lgz_Nm1k1cbcp-BvYuOY-CNaAhCbj_CXmVqyHZOVBOgulbA3-O19bQ,Carl Bane,https://play-lh.googleusercontent.com/a-/AOh14GgcCsJ2baWZh5yHWEE24YiDL8tBVnfrxbQQ7dTRWg,Crashes immediately.,1,0,2.7.2,2019-09-17 16:14:10,,
gp:AOqpTOHKjRWsHNhhVblJKUNbDJlMZ1EZvW0ap-c4QSYLm7319K8bbLCzV_ob26AckbhKb3WRUbAuvSq2_KaRHQ,FoothillsFamilyLaw Witness,https://play-lh.googleusercontent.com/-NUnuJCZhNE4/AAAAAAAAAAI/AAAAAAAAAAA/AMZuucn7yF1ivWnwrQD7BalHN2SPkGJtzA/photo.jpg,"Will not run on ChromeOS. Crashes at startup. Would love for this to work as I discovered Reflector and AirParrot as a way to show presentations from my iPad to multiple uses. I have chromebooks that I give out to meeting attendies to share PDFs and wanted to cast to them with this app. Unfortunately, since it will not run, I cannot do so. Now I won't be obtaining licenses for the PC/server version of this or AirParrot. Too bad.",1,16,,2019-08-29 15:52:15,,
gp:AOqpTOH7XL5hkEjZyLSUghFbAY3BbMjOdk-5xZf0eZ9SNRQ5fT2ZedygDL9kQBW81Ctz3B5T0ix-gKMIlO7a1g,Jose Duddy,https://play-lh.googleusercontent.com/a-/AOh14GiuRwNeEApi8w8FeRhEWkHweynsPJvCvYjjh3-kHwQ,August 15th 2019 9:18 in the morning just purchased and install this app on my Google Pixel XL3 and the app immediately crashes and does not open I have already requested a refund.,1,6,,2019-08-15 06:19:32,,
gp:AOqpTOGnkTg30pAYZ7fy3vZtVHmdMiydQBV_B4Sso6KiIniW2jPZruKbLO5r5t2uVGqj7752lQdia-TL1kmBRw,Stuart McCallum,https://play-lh.googleusercontent.com/a-/AOh14GiSzVGQnAb007-UV9lwcdw_dTg2QhUWJEM5WkMt,"Open app, instant crash, repeat to infinity.",1,0,2.7.2,2019-07-23 14:12:07,,
gp:AOqpTOEb6pgNu1b3V-IaQ0cOnIGwo2OQEP8HgiAjrr6O0ZlXt2c48MhbpYCJXAhLi9akb8DA10dDh2PugkkmQw,Clay Byers,https://play-lh.googleusercontent.com/-5ZekXno16S4/AAAAAAAAAAI/AAAAAAAAAAA/AMZuuckYi595XhE6ev8NZyvfx4GtDLriFg/photo.jpg,app literally just opens and then immediately force closes before you can do anything. dont waste your money,1,3,,2019-06-25 20:26:37,,
gp:AOqpTOFcn4_uvLIG6xmA7Cc_DXDfJLo0Ccy7S4jLeXnIDiN9deh5kj6wFVDMtruBVFFybUur8dS6SdPexcyKJw,Jenn Ziegler,https://play-lh.googleusercontent.com/-FkaNqs6GBqU/AAAAAAAAAAI/AAAAAAAAAAA/AMZuucnoYtWmkyJcUBdpQ_dHEz8fUfzRjg/photo.jpg,"I wanted to use this for work to demonstrate functionality of a mobile app on a training call and every time I open, the app crashes automatically. I would like this fixed by Thursday of this week or I would like a refund.",1,14,2.7.2,2019-06-24 08:20:09,,
gp:AOqpTOFT7P5k9pmkDhe2jPBcTSSpplesZ3dd1K4ZaJ0Czfb_OxXcawDvsXQ7CXCVXKQnquE6EF4kdR7yknUOXA,Georgia x,https://play-lh.googleusercontent.com/a-/AOh14GgB3kB-CdhvVXQ_vLFeVNsr3TkQt-IQHnHuZRWf,"doesnt even work, dont bother",1,1,,2019-06-22 07:52:30,,
gp:AOqpTOH5HR5voFTtMZ1Rl_wt7x7uYOOKdgm7cbfnTdPxaxzAwD_tzCvDgTLqPfZX8i1SuS8O-mLSz4CW91xwEw,Dean Burns,https://play-lh.googleusercontent.com/a-/AOh14GifQsTFC9nHvbUnxCeg0VcMGEsKURePYeX-QiJc,Does not work on galaxy s9+. Crashes. Would like a refund.,1,3,,2019-06-06 07:43:46,,
gp:AOqpTOFwbhXcrIxobhdHXRSOSVzH5jjACPUnPMKR5isqUyBTIoNQwwO8jBawM-jK5MY8IS4F2L5isfUKzXR8RQ,Laurence Moore,https://play-lh.googleusercontent.com/-a4HrHg1hHcY/AAAAAAAAAAI/AAAAAAAAAAA/AMZuucnO2yl__IJYrzrv8DGQGaYPpox-8g/photo.jpg,Despite the bad reviews I bought this app. I immediately refunded it as it just doesn't work. It keeps crashing and won't even open on my phone. absolutely terrible. I will also get a refund for the desktop software.,1,7,,2019-06-04 05:32:41,,
gp:AOqpTOHCQMFWt2GxFH4KU4JD2rCMqfIyaDt6sFILuMTC3bKdhiNWkdHz8nPhl8hjL6GtDPWA--YO2QQBPtoEsg,D3d Security,https://play-lh.googleusercontent.com/--SpLKBcGyrs/AAAAAAAAAAI/AAAAAAAAAAA/AMZuuclWbhJylv02ofxsSjI0aHDOV0TEPw/photo.jpg,i have paid 450 rs fot this and even then i am not able to connect it on my laptop. getting error while connection,1,2,2.7.2,2019-05-29 04:40:39,,
gp:AOqpTOEcI3gvel2iBM4H56dOac-_zC8UCGcvELgzWlle5RW4XBs2hmYsTdyBR7UCZ_8E3xr5cwummsFQmaAo4Q,Jeff Maddocks,https://play-lh.googleusercontent.com/a-/AOh14Gg2DgiHCO-FnEnRNENAaCc3GReCIx25FWoNQw8P8A,couldn't open the app,1,1,,2019-05-22 09:15:22,,
gp:AOqpTOFtAebQlniiiaXrEZG8UpeyPUFhVnHsAA1kGvAH4ftwMV6jIE6T1Iyzoszux2tUGLFo2HYrgWRi9ljeuQ,Donavyn Lance,https://play-lh.googleusercontent.com/a-/AOh14Gh7Un0_YJDSz7DoRGUhXnhMIWqahz1VpPy5gN7Pdg,Didn't setup at all,1,1,,2019-05-22 00:12:03,,
gp:AOqpTOG7GT0xWVuXM12b8mFZncElOORcH2sTijedtviNA2zEPNrPeh3TN-HoiySj6Buvz7pictvjgZnCu3rakA,Hieu Trieu,https://play-lh.googleusercontent.com/a-/AOh14GgZICYohwHRVrJfL7wznZe6DnMcBw9EtDFoEwMVRg,the app won't open at all on my phone. waste of money and can't get refund.,1,4,,2019-05-19 21:55:41,,
gp:AOqpTOFZ37YRzQOKtEwdzbwDvmGVKkb72XglY_lfTNXsJhDQJHS3T50JjhZNY2LU8OxTPI7wCasI1yF4obNQVg,Jesse Recalma,https://play-lh.googleusercontent.com/a-/AOh14GgCxADog7OEwjRn7uTMxliyJSkbm_BcXW95TK6hdg,The app continuously crashed every time it was opened. do not recommend,1,2,,2019-05-19 19:24:39,,
gp:AOqpTOHCrYEZnXVFRjk3-DRhELuyd3Vbu65hDNr_0rZv3GN7IQxP9lGbreCrYhkylegmWQ6f9FySYdKqanhvlg,Carol Soldea,https://play-lh.googleusercontent.com/a-/AOh14Ghld9u0QrBJrVXbXISyB6K_gvOdRE_Bi5l4RplXAfw,"it crashes as soon i open the app, i'm running it on Android 9( galaxy s10+)",1,4,,2019-05-03 06:10:15,,
gp:AOqpTOGsCVo5o-leP8yPBeIrgzQEzY_DfZM_fLXVNu9u1xzXZ2oaBIJPrbZeBTAcY8TwTyb2fVQYqxLxmdSjCg,Birkir Fridriksson,https://play-lh.googleusercontent.com/-deJNG6hrx_Q/AAAAAAAAAAI/AAAAAAAAAAA/AMZuucl5Mqw9_ABkT7XLsG0HKM1hTBWKiA/photo.jpg,never seen anything crash as fast,1,3,2.7.2,2019-04-11 05:50:29,,
gp:AOqpTOG1DIu20KXh2wVuzMfSjHZAi6cEU6IFjgPdv1T0tbUVVXbjmbA6BLvP5uYaRe-n1UNaBNubIbH25cLlqg,Kat magnuson,https://play-lh.googleusercontent.com/a-/AOh14GinfvRzj9E-K1DvCvSRG5tgu-iHCvHmZOyUdBMvww,garbage. won't open on a galaxy s9,1,2,2.7.2,2019-03-22 14:37:15,,
gp:AOqpTOHQjrl0j7WeEPrZxHKcGGaVClDD430XvA9d_B6WHyQr6IknAi_o49GjBM0duDdjhlj1CodlKk7SHyGlVQ,Richard Llamas,https://play-lh.googleusercontent.com/a-/AOh14Gh1Ullh0sGxFdRSxm8IRo4V3Bs3FBma5LDpWEkM1Rs,"Complete garbage. i have a brand new pixel 3. this app opens and crashes in less than a second. does the same on my chromebook. furthermore, when i click on the refund button it tells me no can do. Not in their policy. how this got past the play store submission process is beyond me. i want mu money back and a free lunch..",1,55,2.7.2,2019-03-13 10:00:24,,
gp:AOqpTOE5xsXw4589mEH-c4DVlF31L7AjZ8v5gNWMIhs3sDnc-8nSDJv8o9xo8NjXT5oYT272NLkbgoIPe1HVOw,sukanya govindan,https://play-lh.googleusercontent.com/-Q_yXQ_MZQ_A/AAAAAAAAAAI/AAAAAAAAAAA/AMZuuclvR7tvSGMPpc17XL49l2GrSk2ORw/photo.jpg,stopped working. paid and used it once and then it just stopped working completely,1,3,2.7.2,2019-03-01 06:41:33,,
gp:AOqpTOGkuxVxdi6rk4i8rQAtxtioEr0glGjgcLXMsC9MH3MhsSuvYg8veW1lDkpibAZrzGaVN-nlTMWl6_AeaQ,James Taylor,https://play-lh.googleusercontent.com/a-/AOh14GimFnw2Of7F-pc-0fujaLtEY9qlnwfulCiKG7hbtw,crashes immediately on launch,1,2,,2019-02-27 07:58:51,,
gp:AOqpTOEkFtO8-3QhRDcMgLyheYjY66TTi93in_M1TxGqkOeLkSSbkEh3XNNWLS1SC3lD5-3qfuW4S0f4LIxMJg,Bertrand McHenry,https://play-lh.googleusercontent.com/a-/AOh14GirKOyWoRXT0i6ziEIENmm0N0da04vvxvxNCDLwJQg,Disastrous! Had high hopes but couldn't ever get past the sign in.,1,1,,2019-02-22 17:31:31,,
gp:AOqpTOHn-dM6D6co90TxadSuheIv5dYsd6vl-0jQ4ojGZ8Kfl5d6tF3Nv0UBznBz0c0yg3WjpYRJzNx6o0NHrQ,Jeff Myers,https://play-lh.googleusercontent.com/a-/AOh14GjyxRb70vq6NN6M-rxaLv9lO-xSxlb2UHTCyJl0lw,crash city,1,0,2.7.2,2019-02-10 11:53:46,,
gp:AOqpTOG0ES015oCYNeQ4y6930TKQqKNhzQ0Jfn3hydlfll2dGslVsk7WXyz2xjwimWsDXAIK--llWK3GMwG-2g,XSG l Dirty,https://play-lh.googleusercontent.com/a-/AOh14GiQv3aI6EezJwI3r8BEnWS3M6pUl2prM5SboLFfcA,complete trash. doesn't even last one second before crashing. galaxy s9 plus,1,2,,2019-02-07 23:46:55,,
gp:AOqpTOH-D0apkMkh2sNA4Lnx-tg-iFGclVEZg3yqh8yviG6_Way3CX9m9yP0J2i5TfWoZiiIzBhYuArygh0cNg,Kelly Vergara,https://play-lh.googleusercontent.com/a-/AOh14GgRIhbw7UQoood0hU4GbOuXKivA3AoSl-MNWovKyg,"used to work, hasn't worked in ages",2,2,2.7.2,2019-02-02 22:19:49,,
gp:AOqpTOEsMOKTI4GcyLd4rvAT4Yp_efWwxPOwvkNv-5hla-8F9dHeKd95UjNvbyw7WCK3r2KG1KaxQ0KsUj1ZGg,P. T.,https://play-lh.googleusercontent.com/-HMuzq5ZyCZY/AAAAAAAAAAI/AAAAAAAAAAA/AMZuucmMrhYh3WjS-CPAFdXl2HR1UwkD0A/photo.jpg,Garbage,1,0,2.7.2,2019-01-17 14:03:10,,
gp:AOqpTOHLqf-f5plMLYdEMlHqkcFu8VcbCF6t2lfPrrf9tErh5Shy0QhLm_t2fIlVZqY4EL9KZdcwxlIGBRzIHQ,Simone Songs,https://play-lh.googleusercontent.com/a-/AOh14Ggs4yHdU0miJo4ukUilv76SSSSVkvfH9vB8WNcn9w,"Just sideloaded onto a Kindle Fire HD8 (even though it said it may not be optimized) but it worked with my iPad (2018 6 Gen) right out of the box. Fun fact, I mirrored my iPhone XS Max to the Kindle simultaneously - really cool and didn't expect to be able to mirror more than one device at the same time.  Jan 14 2019 Will update going forward.",5,24,2.7.2,2019-01-14 10:50:51,,
gp:AOqpTOFJTaNDreC0w59vi432v8NVVDQ0Bxq1OGA9AsB1uXWksipVsQ-ikyTwyTHD5yJGvpGf--9Asoh3o0v35A,Mirya Glover,https://play-lh.googleusercontent.com/a-/AOh14Ghmq-nlcqccBdX9uTnX3y2ROEasSa207PHYnUoahQ,"the app does not work, google cast is no longer available to pair woth it, and the C9ntact Support feature in app does not work to be able to get a refund. This is horrible.",1,15,2.7.2,2019-01-06 21:43:00,,
gp:AOqpTOFP_VGcO0OC9y9HL3xS5diacSA1QRw42scZMhJpG-0kE6dP_3-LvASut6-LWy5LfN_OXgtY1VNSVTEgjg,Paul Swansson,https://play-lh.googleusercontent.com/-rZMtS43NFjk/AAAAAAAAAAI/AAAAAAAAAAA/AMZuucnLyuYBdENz_foUroa0_7PAwjZsyQ/photo.jpg,worked as advertised on my Nexux 7. It even said it was not optimised for my device. Given how great it is working I can't imagine what optimised would look like.,5,1,2.7.2,2019-01-03 13:35:32,,
gp:AOqpTOHWZi5jtHnss9iCuDZjxI_6nlBGMOpSiWU9TYrOkw9k0-ZFAExmkktjLUXJDDVW0_MyPTmzd9z4OJG4fw,Akilah Humphrey,https://play-lh.googleusercontent.com/-r0JRSXxr7tI/AAAAAAAAAAI/AAAAAAAAAAA/AMZuucly8U21CxSAUSpYGpqgrdQn92Kq8g/photo.jpg,I need this App for my job. This version is not helpful because it's different than the computer version. This makes no sense.,1,3,,2019-01-03 11:54:22,,
gp:AOqpTOHTFV0BZhehshT23kvKy4lwmMi-o4a3xiJ5aPYcNLHec4K_ParqnrQ1sUyFqRaR893C7ZfxUW_tpcQZdA,A Google user,https://play-lh.googleusercontent.com/EGemoI2NTXmTsBVtJqk8jxF9rh8ApRWfsIMQSt2uE4OcpQqbFu7f7NbTK05lx80nuSijCz7sc3a277R67g,does not work,1,1,,2018-12-26 05:49:15,,
gp:AOqpTOHmGaGripTJg92niifQ0l1FUkMZaWHCGGhWXWIPEUXcZaDJfHQfeUJO5Cuj5dieq1A60SVKaxWGQ_rOhg,Labella Trix,https://play-lh.googleusercontent.com/a-/AOh14GiwRlOCvpAHchV29-2Qbzr39i4h-DInNtgC6fhMDYg,Works intermittently. Video does not play from any of the applications. Only works on safari.,2,0,2.7.2,2018-11-21 17:12:45,,
gp:AOqpTOHGcLr9mv_MoRk6NFFx0Vhewyh95OjmSrTMo08R-R0vrUtaJ6X4gHRgOED60z0Ci9-nr6kTK5bFXmOu-w,Viveag N,https://play-lh.googleusercontent.com/a-/AOh14GjzokFY9jXpdQs3nylBNW4isjGIBNfxjoRiQBCQaQ,In this app jio TV is not comes with full screen,1,0,2.7.2,2018-07-23 00:09:36,,
gp:AOqpTOHwQzVOXHSU8mSueqeTAtBrC92bqppwiLdTc8VbNWVW5CF0-_GVTvJSzeqlGglW5PG2vtyCy1vkt42ajQ,Brent Bourque,https://play-lh.googleusercontent.com/a-/AOh14GgiFxDR5Z9y7SDQU72wVitaPwVHdRQGwvQFhTfl,"App sucks. Doesn't do anything and can't even check trouble shooting. All 
in all I paid for a bogus app. I want my money back.",1,0,2.7.2,2018-05-31 12:18:29,,
gp:AOqpTOE2zdJczezdff2dcy-ZB_ztVmRfeofvphiBXxL3JetYF5W0Sw0CI68nFE6wclnRWm_2iOBeUh8H4q9UIw,Karine Coutinho,https://play-lh.googleusercontent.com/-pyMMW2hhlbk/AAAAAAAAAAI/AAAAAAAAAAA/AMZuucmH6UK5ae-5WR_hIj96cb_o2gfvAA/photo.jpg,"It just DOES NOT WORK for Android. I paid $9.49 for it and I would like to 
have my money back because the app doesn't do what it's supposed to.",1,13,2.7.2,2018-04-29 18:14:47,,
gp:AOqpTOHI3V1We_WxfTDotO_NjUJhyU_ljvAesXcJX2RBSX4-nHkmDjE_uTyHvEfqY8G43509htZowOrfzc5sXw,Zachary Giles,https://play-lh.googleusercontent.com/-ZgWGt_sFBGA/AAAAAAAAAAI/AAAAAAAAP3E/AMZuucmAvJ59g02REuKoGjyx2Q3pTV04SQ/photo.jpg,"App never worked, new version came out that old buyers aren't elegible for. 
Why bother...",1,0,2.7.1,2018-04-19 19:29:28,,
gp:AOqpTOECwc3rHkLewqZD2-EsTIFkHp2a06aIo6A8PvDYSEMOO2xzJcooZLoasN7HQAg39KdK_vJFLvanFhPlmw,Everett Crawford,https://play-lh.googleusercontent.com/a-/AOh14GhhGHLctUv-IZd2jBuOwPB6cJZIe2ozlRlT81xUCA,Not a good app. Never worked.  Want a refund.,1,0,2.7.2,2018-02-08 20:23:07,,
gp:AOqpTOEnX7bt34oNAniNAcg7YsF87e5a9TZ0KEsgNfzNZoa9AW7hbEJSYutp3vLVIM0EgBZbjOv5Wpfvg-ytJA,A Google user,https://play-lh.googleusercontent.com/EGemoI2NTXmTsBVtJqk8jxF9rh8ApRWfsIMQSt2uE4OcpQqbFu7f7NbTK05lx80nuSijCz7sc3a277R67g,This app is not working I bought and I regret buying it I want my money back I bought it for 6.99$ this app is trash,1,2,2.7.2,2017-12-30 00:08:21,,
gp:AOqpTOGzBzPmhh9hItoQW_KHd2LZR0rR4aIVwWW4vH12mKED8SGvpKh1GnXd7tja3L-0s77wcFrewDsjuIFN4Q,Louis De Waal,https://play-lh.googleusercontent.com/a-/AOh14Gj15LzZZYAXO7CZ5S7JJ3GvWtNBzmXyV0FE-LWl,This app doesn't work for me at all. I want a refund please!,1,0,2.7.2,2017-11-12 13:48:21,,
gp:AOqpTOHkVW9eJ3y2znr1HS5uyR_TLelD0xwzrgW8GTxPd5xFs7U-84m5odSCbwnt2LVu2MEyH2lhOO-q0JexVw,Anna Martinez,https://play-lh.googleusercontent.com/-891rWGM9suA/AAAAAAAAAAI/AAAAAAAAAAA/AMZuucnLWME4ofR2s8HlD7LGPtsgg3Yf2Q/photo.jpg,Need money back.nkeeps crashing.,1,1,2.7.2,2017-11-01 07:46:36,,
gp:AOqpTOFUE208erp0Q0AspbWKdZeL4A7F2yu96s4CITkPGyiXII2njitsnM2PIlGyu2P1F9UZoL-vjVUQ78Yl3Q,Sugihyanto Djajadi,https://play-lh.googleusercontent.com/a-/AOh14GgPPKUt8RirR5iJ-OX2JjIGkZd4Ia3WWd-Klni_,"Always crash when open on samsung tab a t585 can you fix this issue? In my macbook demo version is good. Only 1 time i can run normal Now it not cash but cant detect by my iphone. I thing this apps have bugs when crash port 7100, 7000, 47000 still locked.",1,18,2.7.2,2017-10-09 02:54:10,,
gp:AOqpTOFmjBgFaP-AR0dtWbxHlwVYg2qaaUtmO7KhhgLDQIyFZwUs9GxYk8nsJ-subBss6ALfoLtOY8xO3-IL-g,Kanoksyn Khemjinda,https://play-lh.googleusercontent.com/a-/AOh14Ggg6UXibGKIiMBlj8CGppHbQZTVw5-E3UFftlo1,"I'm not so sure why this app did not work for many people as you can see in the reviews. When I first read the reviews of others, I was shocked. However, I decided to buy it anyway because of refund policy. It works really well in all of my devices including Xiaomi mi5s and Macbook Air 2013 (I mirror the screen of these devices to Sony smart tv). I love this app cuz it saves my money (I don't have to pay for a cable or box used for connecting my devices with the tv, especially the Macbook Air.) :)",5,37,2.7.2,2017-09-24 16:33:06,,
gp:AOqpTOHp5K3rDE_f-gkt50qcWRGp1tslkxoSU7OapLrsbeAEq-3pDsL1R-mubgrbhwIxNXptmtC6gEAV6CSBkw,Timothy Singleton,https://play-lh.googleusercontent.com/a-/AOh14GjePPXA0501pymMtlvFhHL5HwvvECnfPA-af23JY3k,Great concept. ..if it only worked...garbage,1,1,2.7.2,2017-09-21 13:34:59,,
gp:AOqpTOEoO_Jmi5hk5xdPPGpXM1KT-BmFcyPx71xDgOB-npk1khr-6q7wFjPiYqG2jSaIWOHo03o5xEmZyjL96w,Cian Bolger,https://play-lh.googleusercontent.com/a-/AOh14Ght8iWPgL0y4VtRgCzkiS-xdCYx2WcDB7YrgYvGnQ,Terrible does not work at all,1,3,2.7.2,2017-09-14 08:46:31,,
gp:AOqpTOHdDw-e78oyukGEOdcm6FtpX-ohjULR35LLGUR2mJj5-4FNjfE0gswX6W3rh1cmrwfFp5siqMFrm9cpSA,RJ R,https://play-lh.googleusercontent.com/-EUkSgmmFHYQ/AAAAAAAAAAI/AAAAAAAAAAA/AMZuuclBh7X-m_P8IFJOHDvsCz40VLsdxA/photo.jpg,"This is garbage, I paid $6.99 and crashes automatic as soon as you click on app to open",1,13,2.7.2,2017-09-08 13:29:54,,
gp:AOqpTOFR06vdPyLy6TOqSNu-oS-lq7hpCrimv2zigiQ-Nec-DUBrAr7YfPyMFQCvv_Xh2OK3H2PfSewf3KOQaQ,Rafa Fe,https://play-lh.googleusercontent.com/--dmBQrsZVQk/AAAAAAAAAAI/AAAAAAAAAAA/AMZuuclR6WU4_jQ_2jHMqcHJsm137bFVPA/photo.jpg,Lixo....,1,1,,2017-08-04 13:44:30,,
gp:AOqpTOEU5W3Xd57WFEFh7cUGqDElm3JxpxulJr189zpgLd8kR3GS_TJNvaDktiQhHyeu4RIdMkHXZ4d0_xyOvg,Carolyn Tiley,https://play-lh.googleusercontent.com/-gDWqkjLqjPY/AAAAAAAAAAI/AAAAAAAAAAA/AMZuuclaFhC2N7uX84BE8CNbtUEuP7LVOg/photo.jpg,Don't buy. Won't work. Waste of money😠😣,1,1,2.7.1,2017-08-03 14:28:24,,
gp:AOqpTOE-rnT6c9rFRmkSg6KGW_qW7dgYfKXE4TVSpYt8q6nIk9fQCDMhpZW6tGOZeoZ2zfWN4QHOaJhXxF6slw,Christopher Zak,https://play-lh.googleusercontent.com/-hGadV0qQmL0/AAAAAAAAAAI/AAAAAAAAAAA/AMZuuckEJxBuZaHwuSC4sbw7fKl_DMGQcQ/photo.jpg,"I used this app to view iOS screens on Windows desktops without issue.  However, it simply doesn't work when trying to share an Android 7 screen.  Tried it on multiple Android phones and it wouldn't work.  Finally gave up and purchased another app.",1,10,2.7.1,2017-07-17 11:58:50,,
gp:AOqpTOFcaIBbyhubni7wguiFDBfr4nMoDTJ6uMG0u72tbv1K5g0gCfLzepqfVUgFZSik82GWKs1C4KQmZtymeA,A Google user,https://play-lh.googleusercontent.com/EGemoI2NTXmTsBVtJqk8jxF9rh8ApRWfsIMQSt2uE4OcpQqbFu7f7NbTK05lx80nuSijCz7sc3a277R67g,Not working,1,3,2.7.1,2017-07-13 14:41:51,,
gp:AOqpTOH75WofsxEeksK7bEQrSHfigXKXR0gh25ZnJHxn_83tmc4FukDI4yKCc2zxlHbPlS4Jei97bqWQmdqy2g,pascal gasser,https://play-lh.googleusercontent.com/a-/AOh14Gj-yM7uil_bb8K5vmEABKO6nb5RsuIjgORFUA6O,Doesn't work in full screen. super annoying,1,1,2.7.1,2017-06-11 13:26:10,,
gp:AOqpTOEfpwR-lyD9QdyUIe-Ev6ysn9M9WfcgQ6DLgw16iUz-86TKndwXyiigdZq95iMSeWeJctXsNvB2NdgO1g,Carlos Gomez,https://play-lh.googleusercontent.com/-0iX5OL2lZkE/AAAAAAAAAAI/AAAAAAAAAAA/AMZuuclH4O5dsvCRuXk9BmkrSyx8anPzAQ/photo.jpg,Need to use with transmission to pc windows with reflector 2 and my samsumg s4 dont have android 4.4.2 please return my purchase.,1,1,2.7.1,2017-05-10 12:59:34,,
gp:AOqpTOF0OuNbG0GnUOgUIzWBiGjuDZvn94IxxXAyFTWDpFy88IlOGR2GsWLyY2CQYjR0SqTM3ve9ovXYCGU7fg,Dan Parkins,https://play-lh.googleusercontent.com/a-/AOh14GjwlKNhhF6de11lhhrXCLf2vwwVifTrGPLy11JY,"Crap...paid $6.99 and cannot use.  Had used in past with droid phone to mirror to MacBook...nothing now, totala crap....stay away",1,17,2.7.1,2017-04-25 22:46:29,,
gp:AOqpTOEmZr1ofyTfW7LfW1lxTcisPUPPQJhd1LWpFzgJZwnEBmz1Y7AiIGJqW07k9GA2rphHeqwys-hRGmZe4Q,A Google user,https://play-lh.googleusercontent.com/EGemoI2NTXmTsBVtJqk8jxF9rh8ApRWfsIMQSt2uE4OcpQqbFu7f7NbTK05lx80nuSijCz7sc3a277R67g,Was a bit dubious about this app given the reviews - but with Google's gracious refund policy in mind I thought I would give it a go anyway.  Perfect - does exactly what it says on the tin!   Mirroring from both iOS10 and MacOS Sierra devices works spot on.  It isn't the cheapest app ($4.99 would be a better price point IMHO) but I'm happy! (Tested on Nvidia Shield TV),5,23,2.7.1,2017-04-19 14:26:51,,
gp:AOqpTOF8WrkSdec4wLKrfKwZmVT_oQFq-t9d-lazqZEdRpv-_qWJoICnD1IsOo0K4LOorLYBnrjscDY-_nDssQ,alp,https://play-lh.googleusercontent.com/-6QubWNpJwOc/AAAAAAAAAAI/AAAAAAAAABo/AMZuucmqxL1JIHtuJnUAVdJNnisfRGA0HA/photo.jpg,"Doesn't work, i want my money back",1,2,2.7.1,2017-04-16 11:31:13,,
gp:AOqpTOGmm577Urh8ODY1Gjw5BEqDS5H7bH_hTCO0FThVXDoBetJuxw1E9c1QOTGD9L5ExQTVzpHFjo1WQ2L93g,A Google user,https://play-lh.googleusercontent.com/EGemoI2NTXmTsBVtJqk8jxF9rh8ApRWfsIMQSt2uE4OcpQqbFu7f7NbTK05lx80nuSijCz7sc3a277R67g,I laid $ and this app crashes whenever I open it. You need to refund and fix this,1,12,2.7.1,2017-04-06 13:39:20,,
gp:AOqpTOGv8Io_L_Xva8pOrWlRuoTDahTdwzrIiioIgh3SUzzaZqUo_Sh0oyJ4l9k95_zr7qjV1vH0RiEzx_pDSw,Arnasi Wangdu,https://play-lh.googleusercontent.com/a-/AOh14GgdaorddxXxlR58vW0Ceu9NRvTcvR5BbPQoH8FAbg,The app has been constantly crashing since installation. Even before I could connect it to an iphone device.  Fix this soon.,1,2,2.6.1,2017-03-09 03:57:55,Please reach out to us at support@reflectorapp.com and we'd happy to help figure out the crash and get it resolved quickly!,2017-03-09 07:26:17
gp:AOqpTOHr7FRInl9u7zwxlwSoY2dbyFmSSKm3ZLt4KTwFUdO2fLcfnnN6VMqkCWT4Xdi-_LiN9KryUG9i4bU8Lg,Alejandro Quintanar,https://play-lh.googleusercontent.com/a-/AOh14Ghh0770G7kv7oH0Fb4lDvhZBRtOVpSDx3X8FmL30g,"It is a shame, I bought it to mirror my screen using AirParrot 2 form the same company. Sadly is not working, all the time the app crashes and some times  only works the audio for some seconds and close it suddenly. I hope the company put seriously effort to make this app usable again.",1,10,2.6.1,2017-02-21 13:15:16,Please reach out to us at support@reflectorapp.com and we'd happy to help figure out the crash and get it resolved quickly!,2017-03-09 07:27:13
gp:AOqpTOHDwUzOeFqK1D2ph-K2BR76CXLk1Clt6S0LZSiuriuydgaaIkD5fw7Vu5-c6OaB95BewsVakrodtjLgyQ,Shari Odum,https://play-lh.googleusercontent.com/-Y_NBlhjoL_8/AAAAAAAAAAI/AAAAAAAAAAA/AMZuucn3DeC1_b-wgUPxcHtCuazpE4l1HA/photo.jpg,"Every time I open it I get ""unfortunately reflector 2 has stopped"". I even tried a second download. Money thrown away.",1,4,2.6.1,2017-02-15 19:32:04,Please reach out to us at support@reflectorapp.com and we'd happy to help figure out the crash and get it resolved quickly!,2017-03-09 07:31:16
gp:AOqpTOFMdp7vnggqhpTuUD7wqzU0fekMo0Xdvjef7nalNxsQ6caIsa2z_LVJDoVuaBQucoMM6Xv5Uk2kFJ3q4A,Jonathan Sinker,https://play-lh.googleusercontent.com/a-/AOh14GiUEBwYr6__ZnyrnHh-cMgcvqfuhv__SO5koGmC,"Crashes, not able to use with android",1,1,2.6.1,2017-02-14 06:26:27,Please reach out to us at support@reflectorapp.com and we'd happy to help figure out the crash and get it resolved quickly!,2017-03-09 07:31:19
gp:AOqpTOFDnt3FiCHjl-jXi4nSbfIbv8xc1GPGBWopRV1e4f3U8GpxekgMSX4sQkUosOIwg1NGbJPMYq3WBnkTMA,JAR77 GAMING,https://play-lh.googleusercontent.com/a-/AOh14Ggx12mdRrsC98vcG6oo7nGhKbobIG4yuTCmVdBCnw,I want my money back app crashes don't  spend on this,1,0,,2017-02-01 21:43:22,,
gp:AOqpTOE34cxZ_cGTBCsE9ezOMGh57cQfdUNvjcW7F07um21Yl44irV0TK6KI3TYQ7aILWElFWNBmdHp6p5osaQ,KaiHasPowers,https://play-lh.googleusercontent.com/a-/AOh14GitGyIZbGrTX7sQlI9qUmK1RcauFcx9Rx3X-PTLvQ,This app is amazing but The Thing I hate about it is The Frame on ios 10 on ios 9 The frame is good but The ios 10 frame Needs a little more improvement . :),4,10,2.6.1,2017-01-19 18:39:03,,
gp:AOqpTOHQjOgA0I2HRKRChRPzXskgCn0ABJB9ji9ynaiMUDEdPqnZV7_W0GUqg-G3D2QyEe8mP92i5y9fn9R7mw,Mahmoud Youssef,https://play-lh.googleusercontent.com/a-/AOh14GgwSCtxoLLXZkV8K6OMMrMXqlIsaGiK1tuFo8pifg,its not working at all not good I want a refund,1,1,2.6.1,2017-01-19 06:04:08,,
gp:AOqpTOG0aLF59YQlrIzSmhRt9H-y4mBwh6qmTzTTg9JnMN41BYjWif4JtemzSeMgj7rAYUYlaYBRPNQWN9gZbQ,Nukie C,https://play-lh.googleusercontent.com/-iYN8v-4TOFI/AAAAAAAAAAI/AAAAAAAAAAA/AMZuuclrD_60061Z1ZQ0tBCaYDUpIRyoJA/photo.jpg,"i dont know why people said it doesnt work, it works just like apple tv, easy as that",5,12,2.6.1,2017-01-12 19:52:10,,
gp:AOqpTOFPCRAaI3NqAHY-HTMr1jPltxXpO66dtlDZYpIs9G6H1Uy3uwq_k34BL2eQTZ_do9mj2pbQm829McMTdQ,Matthew Noonan,https://play-lh.googleusercontent.com/a-/AOh14GhXGNludrmfIeNKLtBD0Vz7LfGRbHVofGhwRi_cDw,Not working on Google Pixel,1,1,,2016-12-24 23:06:21,,
gp:AOqpTOGYwcNJI0Yv3PHQVwBPXiaoEG37WyYB6MWbc9kh3-l2BXTBpePyRrsjRb0EX_Wdbbp5Dfv3zosQmI4JLw,Brian Choe,https://play-lh.googleusercontent.com/a-/AOh14GidbUV5useFXj26DM0UPtfmqUGrIFjcpmj4DCYlt4Y,just bought it for my projector but it doesn't work with my iphone! why did I pay 6.99 for this crap!,1,22,2.6.1,2016-12-22 12:10:41,,
gp:AOqpTOHRqi6pfrqcXGPqChiAxSA_5L0DYpgjf7c2pQnuagSs70xNE6wsZYe8ISj4q-4nt4OIOuAQamYoyxe8rg,A Google user,https://play-lh.googleusercontent.com/EGemoI2NTXmTsBVtJqk8jxF9rh8ApRWfsIMQSt2uE4OcpQqbFu7f7NbTK05lx80nuSijCz7sc3a277R67g,Me a refund just email me a 7 dollar Google card to redeem please,1,0,,2016-12-21 12:27:33,,
gp:AOqpTOEfBawlWq2x4w8Jbxp434KUjscWhxzn3f2oTMI7nIbTcDGu15RpbTHH7A5SBhY-M0izSydZY6f6IQ4uqw,Ahmed Gamal,https://play-lh.googleusercontent.com/a-/AOh14GgTkWDIb2eM9sdgDFetVa0i3udgv9X1jvyWpTxRjw,I'm in the middle of a test and it keeps crashing on my s7 edge.. this is useles,1,1,2.6.0,2016-12-18 04:19:07,,
gp:AOqpTOGXOgoVy0nrx8CJh60tBDifLLq-tvnVsq0sMV-jq6rBv_NSiHJGulZzy6FTea6wFA-tpgJwMiN71op_5w,Joy Ile,https://play-lh.googleusercontent.com/-fz3Rp6NplDo/AAAAAAAAAAI/AAAAAAAAAAA/AMZuucmML4RNN6ObJLEd5-na3a6B99fcMA/photo.jpg,I want a refund. This app didn't work on my phone.,1,0,,2016-11-29 14:32:59,,
gp:AOqpTOGC4EOfO0zUeV9vImgCk2g7Yg8K2v9009q2Qr3BfCb93NHvTY0htOaYtG_F-E_MrNBNFjlbFPQMWttpMQ,Shiraz,https://play-lh.googleusercontent.com/a-/AOh14GghXEJMUnTgAGQdPtpaVB535FMUuWkTs-i42x24R7U,Keeps crashing on my Nexus 6P running Android 7.0 This is useless! Even tried a 2nd reinstall!,1,4,2.6.0,2016-11-28 15:21:56,,
gp:AOqpTOHqwHbt2TWTKMwuqZzFme_lLH3fz2kpAbQkQzwUBDbmD4_vkhSCULuoNuawtAxXcXFYBQx5lXOpFiJUcg,Andy Holliday,https://play-lh.googleusercontent.com/a-/AOh14GhefG9GOWLl1Fu2h2lCpc2lIndyWjwbaBXH-DYyug,Displays ios screen fine but some apps such as the sky sports and sky go apps don't stream. Prob not the fault of the app authors but wished I'd know before shelling out £3.99,4,5,2.6.0,2016-11-28 13:35:00,,
gp:AOqpTOGDfnPAWLZU4B_ceZ-m-OeJyaZhHtdYNpikHmbcVjKm3EvuyiSjJoTSvFliw_W5ALQwOIhXhreivF1VFA,Patricia Files,https://play-lh.googleusercontent.com/a-/AOh14GiV1ab0GjDn3TEzmP2Xw1rzeaGHmspQxd8F8rlqZkY,Reflector 2 is supposed to work with Android and it crashes each time it is open.,1,7,2.2.1,2016-11-03 14:17:56,"Hi Patricia, Sorry to hear you've having trouble. We would love to get this fixed for you and anyone else who may be experiencing the same issue. Please open a support ticket at help.airsquirrels.com.",2016-11-07 08:58:22
gp:AOqpTOGxTSiNv25vMDyIBsF6CnELg9V1xpevfUzHbQpeBiITK-ZzaVdi8CJaf9YNPCrruIsqKNmFNmdszVHfNw,Jared Willcutts,https://play-lh.googleusercontent.com/a-/AOh14GibiYiqirf_OKTky1fw8tKMlZetrU3qjK_yizV87eo,It doesn't work with samsung devices,1,1,2.2.1,2016-11-03 10:35:17,"Hi Jared, we've worked hard to ensure Reflector 2 works with Samsung devices. If you're having issues, please contact us at help.airsquirrels.com so we can get everything resolved and working for you!",2016-11-07 08:59:20
gp:AOqpTOHtqlKv5atyaX2Vd_zkxY2it93S6YuZHlhnGvMnxBkUVuVPdDnRLRG0LeV0wlhgSYSYCo3OgJ9cWPGnjg,paul Middleton,https://play-lh.googleusercontent.com/-oMuaY6Cxs8g/AAAAAAAAAAI/AAAAAAAAAAA/AMZuuclVxxs7IRTijXk1In6fku-CQExUuQ/photo.jpg,I am a uber driver and prefer the iphone app. Only problem is I could not read address on iphone. Reflector mirrors on my tab. Larger and easy yo read.,5,2,2.2.0,2016-10-21 18:11:43,"Hi Paul, we're happy you like Reflector! Thanks for the positive vibes.",2016-10-25 06:43:33
gp:AOqpTOHjIsicIdon8Th9xLSMMAKMX0EJzVF_IRmhmPq_b1tiNDNtwHwIs7ChVCaT5TZC8MsTnnSipB0WJAFqpw,Shannon Adams,https://play-lh.googleusercontent.com/a-/AOh14GjLDI-XYdmeA6ftRE7s81FWyIbJNmw2tLGzE_CiGg,This ago didn't work. I've uninstalled it. Just want my money back.,1,0,,2016-10-14 06:31:45,,
gp:AOqpTOGytFzEoNUESg4991k-7EqK6E5gS-yt43IzCeHkIHeNddmhWbrOcW2U_TybaSqhxkf4aYPKT6pKayYsXg,A Google user,https://play-lh.googleusercontent.com/EGemoI2NTXmTsBVtJqk8jxF9rh8ApRWfsIMQSt2uE4OcpQqbFu7f7NbTK05lx80nuSijCz7sc3a277R67g,Never thought ill be taking the time to right a review but the app cost $7. Would not haver taken the time if a spend $0.99 and cut my loses. But to have purchase an item that only streams sound from my iphone to Android there are cheaper ways to take that route. You'll only stream sound from iphone which was the reason i bought.,1,8,2.2.0,2016-09-26 10:52:11,Hi there! We're happy to help get everything working! Please contact our support team via help.airsquirrels.com!,2016-10-13 12:54:14
gp:AOqpTOEDb8q_7EkjTK4OsjhB-j_mei36iKWRwXmRr0_W2ZtLhcdPA8UQd-a_v2IiUDnQZlp9TjFdpj-C-oSofQ,Prith Pal,https://play-lh.googleusercontent.com/a-/AOh14GgXliVmuQhT449rh9a4CI5beOSwdpHFSaAQG2_UTWU,Crashes every single time,1,0,,2016-09-24 14:31:01,Hi there! We'd love to resolve this for you! Please contact us via help.airsquirrels.com so we can get everything fixed for you and any other users who may experience this issue.,2016-10-13 12:55:02
gp:AOqpTOFpmvXNOrF3SPvjtOMazJ1NBT7JRLWXMb7bJ--defSsMs6vZmoqr1e1H3iKo3gV2mqvu7ErTGwNiJOQAw,Lisa Reid,https://play-lh.googleusercontent.com/a-/AOh14GgWEyKVKOq04UW5gq-pDEu3CgbJQz0v456Zfg4gXw,"Reflector has become the bane of my existence.  I give demos of my company's software to customers and potential customers. We have a phone app, and I need to be able to show functionality.  The last several times I've tried using Reflector, it's been the most stressful part of my demo. This morning, it wouldn't work for iPhone, but I managed to get it working for Android (after it started and stopped working within a few seconds, twice, prior to the demo). Last week, Android was a no go, but it was working on iPhone.  I'm actively hunting for a reliable app that I can use. The intermittent nature of this app reflects badly on my company and our software when I use it, and I can't have that.",2,1,2.1.1,2016-09-14 08:15:01,"Hi Lisa,
We're sorry to hear you're having trouble, and we would like to get everything working right for you. If you're demoing Android or iPhone apps to your computer, Reflector only needs to run on that computer—not the mobile device. Please contact us at help.airsquirrels.com for further details and assistance!",2016-10-13 12:56:21
gp:AOqpTOH8t7x54UbP_p13Au149IBrUNiRhl9C4zTraLrq4sHIAfbktsl9NwqZc8TQmBQStR6LomqnN-yeIBSZ8Q,Chancy from TX,https://play-lh.googleusercontent.com/-B7VI78Biz-M/AAAAAAAAAAI/AAAAAAAAIAw/AMZuuclAmT7kyQps2VDs6s92LMSdkB3jJA/photo.jpg,"When it works, it's cool. The problem is it only works half of the time. I normally don't review apps, but considering I paid $15 for this so that I could use it for work, I felt the need. I would NOT recommend this app.",2,9,2.1.1,2016-07-11 17:04:22,,
gp:AOqpTOEFEXOFDzVoqksGieHx-qWCXocbVPuGD-NvI1nfJpQRn8rYMjTkuJWG-ezgXE8IiVOAmhRy3Z39wwPB_A,Sebastian Jacobs,https://play-lh.googleusercontent.com/a-/AOh14GgsyBH8HG0aM1VgBp1W2fj7PMKk0AUFp-tGHdsd,Crashed,1,1,,2016-06-27 20:40:21,,
gp:AOqpTOFLvjiEH2r6jdWlos5oF80V7GVoy5b1fOTl2hsJTZgVDcU6gxeHU6hZOYcCLpFEwB5HY6sBGh5-zrJ17A,Gur Isler,https://play-lh.googleusercontent.com/a-/AOh14GinDtbXLoZ5akvt1hPkaORGsUQct0W9LzZgCpYs9Js,Tested on lg g3 and ipad air 2. It mirrored through my local network but was really slow and unreliable. Lg g3 had android 5 and air 2 had ios 8.4.1. Maybe should have to upgrade ios but should have worked good enough with ios 8 as well.. I think this technology needs to be improved.. Developpers should expand device compatibility as well..,2,0,,2016-05-14 04:01:57,,
gp:AOqpTOEYMplb04CredZRR-VwtNjYZ-AkuO1g4EiP_FdqaZS-tYI4__HBDRdSc7btatIVUbfYlQBGAHrGeOzN7g,Robin,https://play-lh.googleusercontent.com/a-/AOh14GhD41Ocl5i5Pp2BuH55RsuXkLQRCWebdgbCse22Fg,"Works perfectly on my ZTE SPRO2 projector (with Android operating system).  I can leave Reflector 2 running and then Airplay either music or video and it starts up within seconds.  The only downside is that fullscreen mirroring can be a bit laggy, but think this is more an Airplay issue. For video/music only its fine.",5,21,2.1.1,2016-05-11 11:37:18,,
gp:AOqpTOHliXWHCVvgqOhNllPB7iN7GebfnEebyaBAqyJiEtw2mI5cI7uoy8dhemda9htQEzxl3VX2qq6_rmiVow,Daniel Lee,https://play-lh.googleusercontent.com/a-/AOh14GgyssyBCYRYfkVvBg-9-6etOFIeGyC7YIL5nnN1UF8,Repeated crashes upon launch on Android TV (Sony XBR X900C). Has never worked on this TV.,1,5,2.1.1,2016-05-02 03:50:50,,
gp:AOqpTOERs3TGH6u1lyWJEvWw6RuW63FltGGBhHQpgvfwcG2ZanqtfJ9Wq8NURwthOGD6AzCConAWG2OX31hubQ,Róbert Fono,https://play-lh.googleusercontent.com/a-/AOh14GgXalX7H5l-vW7x8tt6nKdF5XkodSfRDxLjKrYksFM,"Works great, even on my super-low-end tablet i got for about $100. I use it to turn the tablet into a second screen for my macbook. There is a slight lag so don't expect to do image editing or anything precise on it but it's great for having eg. a chat window or some documentation on the second screen.",5,18,2.1.1,2016-04-30 15:22:26,,
gp:AOqpTOH2AAjSkr0vAhfIJjW5FP7OgH0qdNhYANeXUytXmVCtEhU0ldzT0fiCajqzsIXLXN_m_CLTOfkPoQhd4w,Adrian T,https://play-lh.googleusercontent.com/-mrLD_nmo7hg/AAAAAAAAAAI/AAAAAAAAAAA/AMZuucn3cBCFa8IK5cSoDSqUDhAl5IQYQg/photo.jpg,"I want my money back, please! I bought this app but is not working. I'm getting crash after crash.",1,15,2.1.1,2016-04-13 13:17:15,,
gp:AOqpTOFfjA0zk6V2NawHcPxVg88Tq6GvPGS3-TRA3wdUf1J6mvtw1vN5oNKrSl1dZ24wKayP9yK0LbsH-Q-gyQ,Krispy Chris,https://play-lh.googleusercontent.com/a-/AOh14Gh-VL-0Dq_krttY-psWI-5ACD4HsEYA7x3tIkGTAw,Plz help everytime I open it. It gives me white screen and 3 seconds later it crashes and backs out!!!! I want my money back :-(,1,7,2.1.1,2016-03-28 19:36:32,,
gp:AOqpTOHy5woLC6e4st3m4ZyIgOU0LZxuj6SdLWlbaekfG3jazWeBi9R4yrLUIy9Hwe8z2ffEvFsfpLsL0GRuCg,charles smith,https://play-lh.googleusercontent.com/a-/AOh14Gj2YqHAQ5g7S_8P8g8o7KC9R5inBBkK7PH3MsLE,Not even worth wasting my time enjoy my money,1,13,2.1.0,2016-02-19 21:24:44,,
gp:AOqpTOE7KIqsGYUyJg6UUTi5V3PHr5O9UDXRo896p_-DAYm1Uh1_c7qHiSiMFDJH7thMYHCJAQShTJv3yWEfzg,Jay Hoyt,https://play-lh.googleusercontent.com/-u6ATs3ybW4E/AAAAAAAAAAI/AAAAAAAAAAA/AMZuucmMBNBsfJA9RrkdPSqEL_fDgNisDQ/photo.jpg,It never actually did anything after I opened it and the support pages are useless.,1,0,,2016-01-28 12:03:49,,
gp:AOqpTOF7hkYsQs-AqKAOnf_2K2rd0t9X5IrwbLyk2RsVaLb1N9TDBrUDUUrPeCwQR8NM7iF1buT5J33wVAlp-g,Timothy Singleton,https://play-lh.googleusercontent.com/a-/AOh14Gi9pqFBIZgAIuZu5y4KT2eIEjTCsAWte1OiGjoYEQ,"I purchased Reflector 2 for I pad and Droid.  I pad version works well, Droid crashes often.",2,1,2.0.0,2015-12-11 06:05:36,,
gp:AOqpTOHHuwcn6Mi5TCreQ3NpM4T1mCDc4rIV9fIzYxJapXW9E5xnDXaAcaBLoGUxZ3hsgJuFuYRhXh26dSd3eA,A Google user,https://play-lh.googleusercontent.com/EGemoI2NTXmTsBVtJqk8jxF9rh8ApRWfsIMQSt2uE4OcpQqbFu7f7NbTK05lx80nuSijCz7sc3a277R67g,Slow and unresponsive like every other similar tool.,2,2,2.0.0,2015-12-10 22:41:58,,
gp:AOqpTOEYxinxP76EeKK5JnRp4vSh2f-ClFuAUFNBy7rk7qNrGj6cGp98Dx36f_dMPtgQXjvyl35ec_JO3uyBRA,Chris Mattia,https://play-lh.googleusercontent.com/a-/AOh14GjeQf-rF2eakWUGZLrPCPt6BhmjHKl031nt7LRECJ8,Mirroring from Airplay devices to my tablet works great.  Does exactly what it says it should do.,5,0,2.0.0,2015-11-23 23:35:48,,
gp:AOqpTOEVqen98f9_-HMbyES4W-KFeBlbDTmXG_EsB6d1sz2rW5C223KyvUEgNvjYKKP59yN8CU-Mr2Voc4izsA,Lenin Diaz,https://play-lh.googleusercontent.com/-2Uq2KUtKcY4/AAAAAAAAAAI/AAAAAAAAA_o/AMZuucnEclHHGBRtbUF9HSjlRelnn08GSA/photo.jpg,How hard would had been to add the ability to switch the mirroring side ways...  I don't want to see videos I portrait mode....,2,6,2.0.0,2015-11-22 12:40:10,,
gp:AOqpTOF-RUw8E3PgKc0jN6dTMLAJx0TJg-O0oGWjBL_bR255zIZ76rnwLY0G5_8oss83thrWJsHkwnVD1sCmVQ,ALok Null,https://play-lh.googleusercontent.com/a-/AOh14Giy5NMjw7WyxIVeG8BJZyXcEZh0Gtx4Rx7qieFkHQ,Mirroring 360 works better all around,2,2,2.0.0,2015-11-10 21:44:07,,
gp:AOqpTOGzzE8amuQlL6LHFKpVuT2r9mNNVYyc4AVIh8a81mJUEq-QiGms_OdTtgPlLKzX1GHbJFvTUFxgsqMiQg,Danielle Walker,https://play-lh.googleusercontent.com/a-/AOh14GgYsJoFJo-itnzeQMvNNS-pVdP2gq2L93OL1IAiAA,It works! My phone shows up as an AirPlay destination I can mirror and stream to!,5,0,2.0.0,2015-11-10 06:23:44,,
gp:AOqpTOHSLQjB4UGnzGt224jdWBJbuJ2jRUdvUONYSEM64iY3ilGb61O0WUHgFvSJ0xU2BtWHDmW2FJfAuMtaZw,Sami Coffman,https://play-lh.googleusercontent.com/a-/AOh14GjyD0x4ynPhsH7r0hFcxI7lNX_QO1ZQbfEpjvCRPz4,Reflector 2 works great on my phone.  I can extend my desktop to it and mirror my iPad to it!,5,7,2.0.0,2015-11-10 06:07:36,,
gp:AOqpTOGCaAFOHBAyssfA9EdnPgBJL-CQIy-PUYqYGi55eJyxBSmsCrXjwOS3vp6DL0yG594ArlEb0jsx0fTbCQ,Alon Moral,https://play-lh.googleusercontent.com/-OinZLffp5CA/AAAAAAAAAAI/AAAAAAAAAAA/AMZuucm6FYKDvw7V9phyUfkS8KdS5lgbpw/photo.jpg,Want a refund,1,0,,2015-10-22 11:37:49,,
gp:AOqpTOEBrFhhmSnwN2GvJpNdA5FtyIhtorlCmE_H2wjMikWJEcYbtV2gCH2KPqUMRqmyyuJDytwDaEO3HwrhVg,Roosdiono,https://play-lh.googleusercontent.com/a-/AOh14GidYpGapOhtUz6SRkoP_WLouH03nw6vIJ7g5PD0SwE,Bullshit..!!! I have paid but not working,1,2,1.1.7,2015-10-21 22:48:59,,
gp:AOqpTOEoVu9VTlneKAoEITN_H8JAoaZcRaiT5EvqlRYPo-incYrwA50ttJ_vQdJaKKasoQ4a90XlVcW5dd_xlA,Will,https://play-lh.googleusercontent.com/a-/AOh14GjA0G0-8v150sSnLnDfbO7Dk2O6knqwfHQnK-N34Q,Stupid,1,0,,2015-10-12 20:30:24,,
gp:AOqpTOGuidGDEGmv-IL_8IUePwenJDHvqmkLlW9F_RtsszfC0XKpCN0gFLw7zdlIPNqSVa_gBF7uERM7usAJMg,Blue Knight,https://play-lh.googleusercontent.com/a-/AOh14GiqFTpTM3C3jAx7IuLRxatZO6QZyXqqTlSESPkJbg,Does not work with ios 9. I would like a refund.,1,3,1.1.7,2015-10-12 11:10:11,,
gp:AOqpTOGxy-LzbG_YsoLl0Q6ealSJ1nwOWdgnuocvErDRyMlh0GcC5jptpD8AvbwA5s9CXiwwrQnF0VImi_CxDA,Mikey Neeley,https://play-lh.googleusercontent.com/a-/AOh14GgcfQhDZz_2BE2e1JDujcVbD2NI5HvPka8Dam0AaJE,Does not work,1,0,,2015-09-18 17:19:19,,
gp:AOqpTOHVuEg9oTLhLqEcMTFzxbUqhguS7MoctoCo6YhylGaphdj2-79--5jj0Ub1gZaNzG0us6_BKj9FZTJ6lg,Carlos Monzon,https://play-lh.googleusercontent.com/a-/AOh14GhRi0XlyRwc5LLMYDxqlXLmATH1Ru14ri_r4N_ZAw,"The app is actually worthless, I gave it a try and nothing really happened other than the transaction taking place rather quickly. I had to delete the app before the 'grace' period for getting the refund. Believe the reviews, STAY AWAY!",2,0,,2015-09-09 20:19:50,,
gp:AOqpTOHcP42LfXWjmu6jLgNSW_iKQtDCSusRXKSKQjLDPI2LCyk5MTbc7NJOCW1pSLTVMcxm-FyR14xbKd2ZTA,Guitarist Glenmagic,https://play-lh.googleusercontent.com/a-/AOh14GiiNFR3_pZ4dykn5lWFkd1dY6a_D2fbomdGcEZZjg,Be sure it's the right app you need and besides they do not want to give the refund right away,1,0,,2015-09-07 02:00:14,,
gp:AOqpTOFsdlgeMsxCpSp5y4k87ZTiRTq-cavh9RgDgCuwR356AYJoKImi80X-K7YcFpfRBW_Zw4Km-ZTx3wch1Q,Clix,https://play-lh.googleusercontent.com/a-/AOh14Gg9dYIyrpKUq0dzqZC4n5RqiiJjpIFBBnaCnmV2Yw,Best app if you want to nark someone off! Thanks for nothing losers! Waste of £5 and a waste of time!,1,0,,2015-08-27 09:32:01,,
gp:AOqpTOFTUq8ZYjYVip1Bvzz2vjR30sUre_peQ0n7PsxUyctQCTlPLddkuYPIhJB3JZ9B5EppCkpz-Ey5HOtzbw,Felix the Explorer,https://play-lh.googleusercontent.com/-A44sAsOxEWo/AAAAAAAAAAI/AAAAAAAAAAA/AMZuucnfcknvjeH-EjwVgerTooJhliMJzw/photo.jpg,Tried to connect mirror S6 screen on Macbook...Doesn't work at all!!!,1,1,1.1.7,2015-08-23 03:38:07,,
gp:AOqpTOGBBjiayx68ScCmGuczYbkDPwN2TTZSgMb-Dy1i4XvzOXp4bdVG19AY4ZjIPL7bglDC9MC2XdJr8ArVWg,James Harris,https://play-lh.googleusercontent.com/a-/AOh14GjOtr8CNjaeEX1EXoO-8V4wvkyCLvk5Vcckr6XEaQ,Refund me asap this is a waste,1,0,,2015-08-22 13:30:52,,
gp:AOqpTOEu9DFZiCL8CPdAd6D0lYnag67LjoTjiS0c0VNwYq4TrhvbfmnaDpo-jITJQO1R3zeQZZln4ZENv3BwMA,Richard Chen,https://play-lh.googleusercontent.com/a-/AOh14GiCfwfkN_4t7-5-DnI4CI8eHQ8NgCsQOs7OOIOS1bw,My MacBook Pro does not see this receiver appear in airplay list no matter how I tried. No way to use it at all.,1,3,1.1.7,2015-08-21 05:03:59,,
gp:AOqpTOGu4tSxbWio47mYSXVNcG4wHCMeK_Lc81SXOjl0UAMB5d7RiwqN_RdPTmM5OioXDWmMA5HWU2_K7ILEFg,Stelios Arianoutsos,https://play-lh.googleusercontent.com/a-/AOh14GgTWTuyn-1-M211Uf_E1-9Cl070dgdN2R-J3SFy_MA,Why I can not see it on OSX airPlay list?,2,3,1.1.7,2015-07-07 23:53:52,,
gp:AOqpTOGGjSBoOekiShvMIkaVnY6OIoitTCgoj4PMdxtMHqFZInF6nmDoSvY4IfTHb6soHiPI-JIzh47BT2jwpw,Micheal Whelan,https://play-lh.googleusercontent.com/a-/AOh14GhHlzeluM6LBYEZVPdSi1TNS_cFb1iAoGuWg5926PM,"After many tech support contacts, restarts and much frustration I give up. Time to credit my account.",1,0,,2015-06-23 06:16:15,,
gp:AOqpTOEUskfZijPGs_LTg3Tvaq4dDXkEF9-TNu02swd5mwdEBcYiAAkom1gvvwtkvS0fNuEhTMnsdsW3RnwE7A,jc carey,https://play-lh.googleusercontent.com/a-/AOh14GgMh08CaUBZEJPyNttP-G8fh_usTsDKDBk_ntsvtw,Does not display screen like iOS,1,2,1.1.7,2015-06-19 12:39:51,,
gp:AOqpTOHPPU78Ac0RgfJ3lr0FTHmgOm9xT591vHPhwjx9KqqNtMv5nnALG9RsXq8eMO8B7uM3lxri6Lrww_Difg,Google User,https://play-lh.googleusercontent.com/-A0lF2kqEy5A/AAAAAAAAAAI/AAAAAAAAAAA/AMZuucnxWeAM_PNHnmGxMpsMamiUO1yXMA/photo.jpg,"Not compatible with nexus media player.  Works with some other devices, but not reliable.",1,0,,2015-06-09 16:23:59,,
gp:AOqpTOHvG_mNHDZ6nGAYV0D183YAz2NwviIKT0R5E6-3VqVuULd9HMYmzmU8difpQ5GvHnUt25cYtKrDuMnHQA,HeadshotiseeuCoc Game,https://play-lh.googleusercontent.com/-Irmqald1gik/AAAAAAAAAAI/AAAAAAAAAAA/AMZuuclk3dZjKzUhSq23Y10PYmEPkIWmtg/photo.jpg,Sounds sucks and video,1,0,,2015-06-02 13:50:54,,
gp:AOqpTOEvdW0K_sBvrYk-mMQKRBE21NC9572qAkctaY2sYQ4VVhQo9XhWfwojyDKwbKaV7W3eShWnRwM4ds5Ixg,Josiah Larson,https://play-lh.googleusercontent.com/a-/AOh14Gim9R92Gm01qRd_isnMwLFw3oE8xKhcNtP8SB7U_Q,Waste. No help,1,0,,2015-06-02 02:30:53,,
gp:AOqpTOEp8JupXOtbsSCOrE8XtB7IYNxA0MlBQT8obX_W2UZPPDxKFUchVwVLEFqXJ3VFMSCmVqIAhPJdpg8neQ,chris sterry,https://play-lh.googleusercontent.com/a-/AOh14GjNrcCcgTwyGtI0ztN6q3bnmcE25J4F0sTbjZKo_XU,if you have used this on iOS don't expect anything remotely similar. 6.99 for an app that does nothing relevant. I would do zero stars if it were an option.,1,8,1.1.7,2015-04-25 14:29:19,,
gp:AOqpTOHALpF84UilN01MAih3YohAHwQGnGI2xJFhGTpYltC94wBA6UGbCQpCMqVCKvK0qbkPyihECsdCMljxPg,stuart mckenna,https://play-lh.googleusercontent.com/a-/AOh14GhpAK4qOVRsq931QUypT0b-v8l3tXrvtnCAgvsdZQ,Please. Don't waste your money.,1,1,,2015-04-01 04:35:21,,
gp:AOqpTOGVUMV7W-yz51mHuFwJ3vielqJeAM-PRiR0ebZg-QUcTDfOTJb5SwBLHiMjx9N2uPmkANs7vTocqYq1iA,Douglas Sarmiento,https://play-lh.googleusercontent.com/-4RDocWl0nhU/AAAAAAAAAAI/AAAAAAAACIs/AMZuuckeXNc4j9q8twkKzq6EbTLgYHf2Rg/photo.jpg,Doesn't work to mirror FROM android.,1,0,,2015-03-20 15:36:58,,
gp:AOqpTOGcDaZHh4nXErtaf__5svSGxQ8Fk8IqXroE9AhpplDtJ8sjx-NaLyXrySvF7raqIfbv7bgTfja4oRdTCQ,Adam Jensen,https://play-lh.googleusercontent.com/-9cLiBlosaCk/AAAAAAAAAAI/AAAAAAAAAAA/AMZuucl7oVUACiaYUDUm6BIU0caSdd5QsQ/photo.jpg,"Reflector does its job well, even on older devices such as the Galaxy Nexus. It deserves a much higher average rating. Good work, team.",5,0,,2014-12-05 20:22:11,,
gp:AOqpTOHDjFqsPQA3292p9_dmVs8D2Sqq8TQNNd6lYDtkG01uNrMuodx1HtA-6QOy_xzBMLk-S_3OmFRzjyr7eg,Jonny Guns,https://play-lh.googleusercontent.com/a-/AOh14GhN0MxhuMK84oUi2GA6vA1tg1ZgEJDkH_rSTRkyQg,"I am unable to rotate the screen, being streamed from my pc, to airparrot 2, on my Note 3. If I'm overlooking something I apologize. Thanks for such great apps!",5,0,1.1.2,2014-11-21 14:43:40,,
gp:AOqpTOEtANdjUVhXE4ECaNDigQLXkQbBKYWMde6XqrczbQ0xsYMVBvwXM1l1qmPOrx9dNxym2A5yFNA-LetHSw,Kirsten Stuart,https://play-lh.googleusercontent.com/a-/AOh14GiStCBB_5q2DlpUvnuqhY3t0_11CWYhVMG9VN2i2w,Tell me how to use it I dont understand!!!!,4,1,1.1.2,2014-11-10 12:36:15,,
gp:AOqpTOH6KooNdfjb0YNAI2xatIjLNkTstGG5u1azM4zmMbfIrX23w2Z6sLDY0QKjQnGTwK8UwGH7rsHU4-MA5A,Dustin B.,https://play-lh.googleusercontent.com/a-/AOh14GiaSm2siXnDk5nIQEzCbWCSV0IX-So_1_OuQR_-KPg,"So, after testing a few of my devices.  I realized something startling.  I was unable, as noted by other comments, to mirror my iPad 4 (7.1.2) to my Samsung Galaxy Note 10.1 (4.1.2).  However, I didn't give up.  I also tried my rooted Samsung Galaxy S3 (4.1.2).  My device showed up immediately in AirPlay after download and installation, and the app ran incredibly well.  I haven't tested thoroughly yet, but I am giving 3 stars as the app works, but this seems to be a huge oversight by the marketing and development team for unrooted devices.",3,2,1.1.2,2014-10-23 11:59:39,"Hi Dustin, You definitely don't need rooting to receive a mirrored iOS device. Would you mind contacting support@reflectorapp.com to provide us with some more information and logs? Thanks!",2014-07-11 14:29:44
gp:AOqpTOFtbEds0QKXWGEM6Nu7icJDj2Q7IoobQif71SK5reCfa3Vn5_lleOc79HLfKWFQ_qFacCuFq_Qf_99aFw,Kyle Tuck,https://play-lh.googleusercontent.com/a-/AOh14GgqvfT2C4nfBK8h_prU4-rx6LSzvmU4W0pFVsBBWA,"I was surprised at how well Reflector worked on my Nexus 5. It even supports multiple iOS devices simultaneously. It's not perfect though. The biggest issue is that it doesn't rotate the screen. I would love to connect my phone to an external display and have it full-screen landscape. Also, the app crashes on exit. This happens every single time I quit the app. Not a huge deal considering I'm quitting the app anyway, but clearly there is a problem.",3,0,1.1.2,2014-10-16 20:19:31,,
gp:AOqpTOEidHCbE980bd5BhvfD60YTf8qcE_N2j_IAZng3PVD95XQS2X3p9Bp3jKHqZkKg2mxNkPtFZK45gLrS9w,Shihab Alhammadi,https://play-lh.googleusercontent.com/a-/AOh14Gi433RPcH-GQ-JgXVW02NaJQ9jDRpnFygSPOOL6bg,"The app works like a beta version! It works fine only when I connect my android device to my iPhone using WiFi Hotspot. It doesn't work over my home WiFi network. The app lacks some basic features like rotating screen and in-app on/off switch. Screen rotation (or landscape mode) is crucial for playing videos, how hard can it be to enable it?!. It also has some silly mistakes like there is no email address in the contact support link. The app crashes every time I close it. I also have other suggestions.",2,2,1.1.2,2014-10-07 15:11:47,,
gp:AOqpTOGPugpaawnNnR8UUcSvZHxRQMDUrBCxtEbqtSCfOjEEzPkB9jrEOWoMSGz6sCmCXNV7EzZnUXyCI3zXYw,Parina Muni,https://play-lh.googleusercontent.com/a-/AOh14Ghab78xpfPBS-qm2kLb5WUTCu4YOPWLDIjFvGnpSWg,Why do they have even have it on google play . This is horrible.  I need a refund.,1,1,1.1.2,2014-09-30 11:36:21,"Hi Parina, We can assure you that Reflector does indeed work! If it's not working, please contact our support team!",2014-09-30 12:13:03
gp:AOqpTOHivlaZ-y0D8aw8vJI94Yw8WQCoZipwsXHxGImQhwcl23-lOl-vkGJnieL1byNuOTyQtkq-jpx2OvsGOg,AboAli Alshalani,https://play-lh.googleusercontent.com/a-/AOh14Gi_tgdT3mlOi_ZKV49u1AnjkdPEUXkOqaF76Kyp,Refund my mony plz,1,1,,2014-09-30 05:16:41,You'll need to contact our support team for a refund! ,2014-09-30 06:57:48
gp:AOqpTOEQhlAdKw8IHw0pcLFq8oMYDDRb9BINjE6f6E5SgniYH8khNg1sdSgnW70vD1IupxrjhM72HSzd-A1UVQ,Tahir Hussain,https://play-lh.googleusercontent.com/a-/AOh14GjZzyD5dKA2UxucI2UbgXDvb4XfBIfeIeoXJkgMvQ,Keeps hanging on my note3,1,1,1.1.2,2014-09-26 12:44:12,Please submit a support ticket so we can get this fixed for you asap! help.airsquirrels.com,2014-09-26 12:49:32
gp:AOqpTOH_w3jossXPIrUiHN44ThmploBbZj05KjD6jYT9nHtL95qr6dH06JR8beFcy6dIWMTNuMjUvCk-3f12Zw,Aaron Smith,https://play-lh.googleusercontent.com/-Ihrna3FwLTw/AAAAAAAAAAI/AAAAAAAAAAA/AMZuucn4SaWhBkTdIqtilUyW8pa3GPTDXA/photo.jpg,When i click on the airplay on my ios device it doesnt give me the option to mirror my android device,3,0,1.1.2,2014-09-25 17:46:06,"Hi Aaron,
Reflector is a receiver. You can mirror your iOS device TO your Android device, but not the other way around.",2014-09-25 18:20:15
gp:AOqpTOHyD44aJe2jawCrwjiVAPVXPRctsCyP_TH-P2hq_7cTvSV2pM4ncBQzaT2cUi1YE_scUAjuclg7OHWbXA,Steven Saltzgiver,https://play-lh.googleusercontent.com/a-/AOh14Gg7gQGSkqdPpMrUQe7prkmOAAotFt66stdwZxVAqA,This app will not work unless you have airplay a feature only available for iPhones and other Apple devices.,1,1,1.1.2,2014-09-25 11:16:49,"Steven, that's correct. Reflector is an AirPlay receiver. We clearly state this in the application description. If you would like a refund, please contact us. ",2014-09-25 13:07:48
gp:AOqpTOHamu4k1XTbevlypdVaaiZJvb_rujDalisM858RxTlGZt_bsP1KuaMhr5fT96adWGQXS-XgdGB4wyoUsw,Greg Moore,https://play-lh.googleusercontent.com/a-/AOh14GhmMDBEO57LMPe24XB3Ztl9kja16OcfkXp5H9_502o,"I thought I'd be able to mirror my Android screen to my macbook, but it just lets you see your iOS device's screen on your android device... Not very useful at all.",1,0,1.1.2,2014-09-15 12:36:20,"Hi Greg,
I apologize for the misunderstanding. We make this very clear in the application description. Reflector is an AirPlay Mirroring receiver. It cannot send your screen. ",2014-09-15 13:57:50
gp:AOqpTOFXhWfwXRRzISSXpkCO81q2BeUC_KTyV5SYLGMMdLj86Qxgk2iATnFfIHTlCsePefiM0NE1CnR2PYBDWg,Jason Weaver,https://play-lh.googleusercontent.com/a-/AOh14GhNq23ZuUUgVNd6Lpeh9XCVgBq0DgGNTr74hGRXgg,"I've been trying to refund this app since 5 minutes after I purchased it, and it won't go through.",1,0,1.1.2,2014-09-14 18:24:29,"Jason, please email our support team so we can process the refund for you.",2014-09-15 13:56:41
gp:AOqpTOGKqIeScO-fkNp8mWed8Qw2-O5BbpUtvQ0eyXNVve8U6gq6fxlEPizoWOBcwuwpljF4_7-8AZEUIDlM3Q,E John Feig,https://play-lh.googleusercontent.com/a-/AOh14Gh-xh54qFwQVo9fCV2XL_idv0S3ni2TIAvJaUYb0oI,"I've tried out all of the other screen extending apps, and this is the only one that I've found to actually work reasonably well. The scaling is correct on my Nexus 10, whereas other apps had the scaling so far off as to be unreadable. Since it's using AirPlay, it actually treats the tablet as a real monitor, and allows me to use system tools to manage it. Well worth the price! Great job!",5,2,1.1.2,2014-09-07 17:09:04,,
gp:AOqpTOGcjOStxiopopRDYcUxoXF0kEH0p9bA2IPIanSZltaDMJX8zahEASSNSWnYdGI67oxDjMUf7M6_L0Iqsg,Ollie Lane,https://play-lh.googleusercontent.com/-RwFhkJVLKb0/AAAAAAAAAAI/AAAAAAAAAAA/AMZuuckHjMsE2TqvkTVkTj-Cf1RhNz8_-A/photo.jpg,"Only sounds coming through from ipod 4th gen, no display coming through to android device, not happy.",1,0,1.1.2,2014-09-06 13:43:57,"Ollie,
The iPod 4th Generation does not support mirroring. This is an Apple limitation.
Please email us for a refund.
",2014-09-08 10:49:26
gp:AOqpTOEBcyCb0cRNljBngBkRPVRZUftN0afnk0J1y5ai2ikQbDQhaAJ7lwxyUR784edWrG7FXVQRLCYvKkTAmw,James Turner,https://play-lh.googleusercontent.com/a-/AOh14GiBa7Jx_b95sx2qJXBYruuGHl1SAWB0ElX2tHmj7IA,"** EDIT 08/29/14 ** - Stopped working with the recent update.  Therefore, only one star review.    **Original Review** Works OK, except the display is stuck in portrait mode.  I would like to use this to receive slides from my iPad, but since the slides are landscape mode, they inefficiently use the display of my android device.  And it would be nice if there were some way to hide the back, home, and apps buttons on the bottom of the screen on a Nexus 7 (2013 edition).  Finally, a bit wonky when making a connection.  I frequently have to close and open the app to make a connection.  However, once the connection is established, it seems to work ok (minus the problem with being stuck in portrait mode).  Also, it would be nice if there was a way for the app to disable the screen timeout on the android device.",1,0,1.1.2,2014-08-29 13:19:56,"James, please contact our support team and let us know what's not working for you! We're happy to help get everything working!",2014-09-03 07:02:37
gp:AOqpTOF0cVdlF8GETnnzERzNvw4d5W-1OZJlR1u3HxAtD_OPIxK2ZSZHptovMhFp1ghCI9ciiw9YU9XfAQD3iA,Michael Lin,https://play-lh.googleusercontent.com/a-/AOh14GhVvVcLCFhFCGM3kUFxyylAj9mkapOLE8uG5j1p,Useless. Can't even refund it.,1,0,,2014-08-26 11:31:38,,
gp:AOqpTOF2L3cLS0YSHEpFWMuoKM_MOuWc8BYTWQEIVidRMqqQdpiz0w8fekcQd2_9nA0DvF8JO_Au5_0bWutKgw,rtpearl,https://play-lh.googleusercontent.com/a-/AOh14GhZOPwP1nxu4Jgko7YQ44qAa4PDztSZw_G226rk,It is one of my favorite apps to record for YouTube,5,1,1.1.2,2014-08-19 16:00:45,,
gp:AOqpTOE-_iZYR9YTj8S2TUeUZ80iHiTIH2yedFAFkpjjPPsjMs7AD92beVf-oufav87uumZ3weXh7GoXcobSJA,Keegan Long-Wheeler,https://play-lh.googleusercontent.com/a-/AOh14Gig9jt_jrqXYvyuasJbchiB4btS8aDI6PjXTqKQbQ,This App allows me to mirror any Apple device to my Nexus 4 screen through AirPlay. Very easy to setup and use.,5,1,1.1,2014-08-01 13:15:55,,
gp:AOqpTOG68PaIY5fMuq7irWdmSgwegoPCwjbDBLN6L_5IMgvoeZ8jJDGG-M0QOrJ4ycC4zf-d6pOLgoahqsv-Jw,Ace G,https://play-lh.googleusercontent.com/-fWnMGKyJeYg/AAAAAAAAAAI/AAAAAAAAAAA/AMZuuclPKlSf2GeDerUBOtYasvIYW1kh_Q/photo.jpg,"it works fine but i am not able to hear any sound i play in browser and it is very slow, please fix it,, this app can save a lot of money to people on apple tv, chromecast etc. i have paid $7.50, it will be worth it if u can fix it, i just bought it few minutes ago but cannot refund even though it has been 7 minutes, Please DO NOT IGNORE MY COMMENT. have a read on it thanks team",3,0,1.0.1,2014-07-22 02:46:29,"Hi Gill, We never ignore comments! If you contact support@reflectorapp.com with your device and OS version, they'll help you figure out the issue and get things working for you!",2014-07-22 06:45:40
gp:AOqpTOEP42R5tLOcoj-PZynFyIGXubdGyJxPpyZd8nTBDRAltEIVQBurFDuhvMlYF4i5L229SI9W2WNfnQJEGw,Michelle Salmon,https://play-lh.googleusercontent.com/a-/AOh14GjJHBoqf7Jj0JiyMsJkitZkTXimCwo4MjHA5EewiQ,"You need to own an ipad, iphone or ipod touch for this to be any use. And lets face it if you are downloading it on android then you probably don't.  Thought I might be able to see my computer as that is what the web site says but nooo.",1,0,1.0.1,2014-07-21 18:39:40,"Hi Michelle, You can use Reflector to receive built-in mirroring from a Mac. If you have a PC (or an older Mac without built-in mirroring), you can download our sister app AirParrot (www.airparrot.com) to enable mirroring your computer's screen to your Android device running Reflector. Hope that hopes!",2014-07-22 07:36:48
gp:AOqpTOEE-QFtqHLEoQQv4FMN_93p2hhTwkyubGUhlp_mQdM_2NVQzW86N6DaA44YeV-H_6KPLS9grspwfhao0w,A Google user,https://play-lh.googleusercontent.com/EGemoI2NTXmTsBVtJqk8jxF9rh8ApRWfsIMQSt2uE4OcpQqbFu7f7NbTK05lx80nuSijCz7sc3a277R67g,'''Couldn't install on USB storage or SD card.'''  error... Bad coding guys .... one reason why iOS is superior...,1,0,1.0.1,2014-07-21 00:28:26,"Hi Ovi,
Can you email support@reflectorapp.com with details so we can get this fixed for you? ",2014-07-21 06:03:52
gp:AOqpTOE6SQnQXWpqUsPIykqf_cxdTe7e1isG-Qq12MkNvc9RCQIsGVRqU1Cext6QUv8KDEVfHNzOERNjc_tBYA,James Holgate,https://play-lh.googleusercontent.com/a-/AOh14GjNPmGHBDMcYFM5sd3Qr9QvhynQc-ggnW_2g2Cd_Q,"If you have a Mac, you can play your iTunes tunes on your Android tab as well as monitoring the screen. If you want to monitor your screen, select  your Android tab on the Airplay icon in the toolbar. If you want to monitor the sound, select the Android tab from the Airplay icon in iTunes. You can play the sound or view the screen from your Mac and view the image from an iPad at the same time. You can pinch to zoom on your Android tab to see the image larger or smaller.  One thing I would like to see is an option to hide the Android notification and navigation bars, like YouTube and Google Books. Good work Squirrels LLC!",5,1,1.0.1,2014-07-17 19:10:06,,
gp:AOqpTOGSdsi7SAj41D_-jN7NiiDrG9aW-62DSg_4MThgmtXUPSMswKTdnZj6mxG7wWts_cIX8-uxS3-PjdopJQ,Lee Koma,https://play-lh.googleusercontent.com/-YvG-zduhzGg/AAAAAAAAAAI/AAAAAAABQB0/AMZuucmWe8Xdrv7mKpX-5eO6sOAfHsn_vw/photo.jpg,"Only screen but no sound, Macbook air to Nexus 4",3,0,,2014-07-17 04:05:54,"Hey Carl,
Email Support@reflectorapp.com with details of the issue so we can get it fixed for you and any others that might be experiencing the same problem.",2014-07-17 06:43:48
gp:AOqpTOGcrSTOhftLyDl3O8dhO-TAYs4RWsqnvhk_ivjd4s3hC2jr_1wloChu2J99mHJyVn0S3G6T0wzpi-mFIQ,A Google user,https://play-lh.googleusercontent.com/EGemoI2NTXmTsBVtJqk8jxF9rh8ApRWfsIMQSt2uE4OcpQqbFu7f7NbTK05lx80nuSijCz7sc3a277R67g,"I was fooled like most here into believing i would be able to connect this Android unto a airplay network, with out reading the small print and assuming it was airplay compatible, this is NOT airplay compatible at all, it only connects to airplay DEVICES on the network but not to airplay itself.  you can connect to a iphone, ipad, mac or PC but not to a APPLE TV which is the point of airplay, if you want to do that buy another app, im asking for my money back  THIS IS NOT COMPATIBLE WIRH AIRPLAY, AIRPLAY IS A FEATURE USED TO STREAM YOUR DEVICE TO A APPLE TV AND BETWEEN APPLE PRODUCTS? THIS IS A SCAM and MISLEADING, yes i am aware the description said that after i read it, how ever i was mislead to the link with a advert saying it was airplay compatible and purchased it accidentally, can i get my money back please?",1,1,1.0.1,2014-07-14 11:27:06,"Hi Capnbooboo, Sorry you had issues. The description does state that this is for receiving your iOS device, not pushing your Android device to an AppleTV. If you contact support@airsquirrels.com we will be happy to process a refund for you.",2014-07-14 09:19:40
gp:AOqpTOE1dG8ToWTalh_6aZIz20_breHN56KLpVtWg322_5Gy30PlU-qy9voJi-m0UwM061ZK19sUocofcuHT-g,David Burroughs,https://play-lh.googleusercontent.com/a-/AOh14GiJPHgWulkxsEIxAHHkPU17xnjh1BsWeuURf203eA,"Despite app description's bug fix for this, Android device does not show up in AirPlay (Galaxy Note 3, iPad 3/iOS7). Would like a refund...",1,0,1.0.1,2014-07-13 22:34:34,"Hi Deuce Dot, If you contact support@airsquirrels.com we would appreciate some information that could help track down this issue and resolve it for everyone. It's clear we're not quite there yet. They can also process a refund for you.",2014-07-14 09:20:37
gp:AOqpTOGIy1x0b68g-uAjdvd_1BEudm_3kAzr77xrcxkZvwwqDCo9MsiOfAmIltxkc7v1Rr38NauB5MCKr95GTQ,A Google user,https://play-lh.googleusercontent.com/EGemoI2NTXmTsBVtJqk8jxF9rh8ApRWfsIMQSt2uE4OcpQqbFu7f7NbTK05lx80nuSijCz7sc3a277R67g,Was easily able to mirror my iPhone and iPad to my Galaxy Note 8 and mirror my Mac laptop and also use the Galaxy as an extra monitor for the Mac.,5,1,1.0,2014-07-12 02:25:29,,
gp:AOqpTOGWfRx4EGX2TA6F_aU3d51Hr26j--EUNMamb5oo6c22Dp2_9DOupQIx12ubt_Cj2uYI9qvM00ZA4Gak7g,Benjamin Sjavik,https://play-lh.googleusercontent.com/a-/AOh14Gi1G5PdP-NJ-jyHQvjiz0MLCIAgRBlwBVLtF8cD6LQ,"I'm not certain what problems the other users are having. I've had a seamless experience since installation on my Nexus 10. Run the app, wait a few seconds, and the airplay button pops up on my macbook pro. Screen extension is supported and works super well at any resolution osx supports, and there is no latency issue or anything. Love it.",5,2,1.0,2014-07-11 23:28:20,,
gp:AOqpTOHI9ZAApn7HZQ7eHaJ9Cx6xeH27Gp708NPgSa_3r8b2xIRisAj_cy9Hf0_kkCOESYXJBV7-DoKdH2r5mw,Matthew Yerger,https://play-lh.googleusercontent.com/a-/AOh14Gj7R8Xm3W0An5ZHZGgq4eiQOmBxW5gmWgwLEWfHCA,I have been using reflector for months now and I have never had any problems with it. I downloaded the android app today and it worked the 1st try on my S5.,5,2,1.0,2014-07-11 13:57:48,,
gp:AOqpTOG8EJ2RtnAdU_kt1RQHn7Ql1Ie3Nk1wN5OBppxZdNQROiJBZEu7hXHv7Jbw0c6rcqUuTMFsvL9LmZPGYw,Tinker Tester,https://play-lh.googleusercontent.com/-BpLKOFt6abw/AAAAAAAAAAI/AAAAAAAAAAA/AMZuucl5vkvo-dF5_lqeRPWizQSmOzqaFg/photo.jpg,"I use reflector for iOS and have already bought the 12.00 pc app thats required to make screen mirroring work.   Now its available for Android. Well not exactly. When you open the app there is ZERO explanation as to how to connect to the PC. Also, it informs the user that they should connect using airplay which is exclusive to iOS. Not android. Very stupid presentation. This is a great tool, however I find it absurd that these guys are trying to sell this without full end-to-end support working. Its like they threw a 6.99 price tag on it, while the app is 1/2 way finished in hopes of getting some money early. Maybe come back in a few months. Hopefully at that point it will actually be ready and wont be trying to sell something that doesnt work yet.",1,1,1.0,2014-07-11 13:42:40,Hi Tinker Tester. Reflector is an AirPlay Receiver that you use to mirror your iOS device screen to Android. If you have the PC version it works just like Reflector Windows. It appears in your iOS AirPlay menu.This wouldn't enable you to mirror your PC to Android unless you have another application (such as AirParrot) on your PC. Hope that helps!,2014-07-11 13:54:47
gp:AOqpTOFjXq0Aa7BHRBTwh5PW18NiadBY521xiBYbrnRBKk9g5uyXOJcwW43furLK5M6ie_YvrbmKnwrGcIsBqg,Amit Sett,https://play-lh.googleusercontent.com/a-/AOh14GjfGSVnEhTQcIkUzm5TUs7Ki8A1Uav1bv1HLB3D,I purchased the App then launched it on my Samsung S5 and configured it and it did not work. My S5 did not show up in my AirPlay device list. I did not get a refund!,1,1,1.0,2014-07-11 13:28:54,"Hi Amit, We'd be more than happy to get things working for you. Make sure the S5 is on the same Wi-Fi as your iPad/AirPlay device. If they are and still can't see each other, email support@reflectorapp.com and we can help you get it working in no time!",2014-07-11 13:58:31
