reviewId,userName,userImage,content,score,thumbsUpCount,reviewCreatedVersion,at,replyContent,repliedAt
gp:AOqpTOHSdEotkdcZ-SZfiuTJiZpYJFqP336f2XaFnnbtHcVfj1uvXsN7e-djGwrdK8CoZ3y7_rHTfsoceJwcZA,Scott Chaddon Jr,https://play-lh.googleusercontent.com/-rOeBW1nuIkk/AAAAAAAAAAI/AAAAAAAAAAA/AMZuucnFzls0ms8ExVy-g5WJPf2aqCxniA/photo.jpg,"Generally really helpful, especially for tracking combat levels. The app boon actually helpped me win Munchkin Pathfinder today by doubling my Item/Eidolon bonuses.",5,0,1.0.2,2021-02-06 15:52:42,,
gp:AOqpTOFdydzV3Qqz6H2OWA37XxihPfYr6D6-NmKXds_EbJfmqAOoduUSGEcJ4eaFb6DMCv1m3sQ8OrvGSLgm3A,Michael Mehrer,https://play-lh.googleusercontent.com/a-/AOh14GiT--KIV4fNr32ptBISmDjpKmdXUrfaYEeVlw_IFw,"Last updated 2013.... Doesn't work great on updated devices, it works half the time.",1,12,1.0.2,2020-10-29 15:59:36,,
gp:AOqpTOHbE-2x7orrvWxgPhdiDtQNzGRIwXOB8_0Had5af3N_CDxLvM22G_f-xzZFhKW2KcNwzmr7pyhwslZiyg,Sly Slythers,https://play-lh.googleusercontent.com/a-/AOh14Gg2bS4RCrPTytOW8laLWFByAEWamxrhgzYNdOX0Yw,Works just as advertised,5,0,1.0.2,2020-02-22 21:29:31,,
gp:AOqpTOFOG8WASMOSHyCdyhwn8Powz4K4YmadL2yOzI4MGyoy8x0U8UodgpEpnJJH7T9jJeNuOI1LhMADVzp6vw,Jeffrey Stark,https://play-lh.googleusercontent.com/a-/AOh14GjaLBqmXTPdFrxYmU5nIRtnij_X5eguseZAjncOEw,Not talkback accessible,2,0,,2019-12-31 10:40:35,,
gp:AOqpTOE5PVhPSQT-8TKVhQ7hSDPWDziAIyJXZlHnrnHItQHk7ni8-nogQrp6KaAaYqho6faUO1KQ2M8gLKF6WQ,Joseph Milner,https://play-lh.googleusercontent.com/a-/AOh14GiL1AzoP7sLQq7Z_cr8RmW9-1961bzq6VMoMTdYVA,"Beware! This app is old, and does not work very well (or at all) on newer versions of Android. Dev, can we please get an update?",1,40,1.0.2,2019-12-15 18:48:41,,
gp:AOqpTOECWRNaRgDcIRGaVDAgmuXDuiSg3h0tRn9oEmo9N3tUDQ6EdxN9O-G81ZY2B6gIpBCYCtAGcNqU66Ltfg,Daniel Ohler,https://play-lh.googleusercontent.com/a-/AOh14GjpYux8PnVUYhTF1vlx_f9Z9lv_R-8pVaBwtTM6,Needs updated!!!,1,0,1.0.2,2019-11-02 13:53:02,,
gp:AOqpTOFPtK5g8zU4buHIwhdHm4l67ZnJvEX4yROtFErHiLZlrv2U8DQptdKCLc5qds_IFf_5hBkozM3NaOenGQ,Jobo Goat,https://play-lh.googleusercontent.com/a-/AOh14GgaPdkO9COWjaAXhSTsjpnIQxcWrLWQiR0rsVYhYA,Breaks on boon,1,2,1.0.2,2019-09-21 20:41:47,,
gp:AOqpTOHyNFfah_kP9n_Umw8nDKkg8NFbd8jzmtVYOQrQw5JBlJXTO2CX5I8a28s0YGO5zggIriKHjvzIGboaVQ,sam partridge,https://play-lh.googleusercontent.com/-EI5nPS1ts7I/AAAAAAAAAAI/AAAAAAAAAAA/AMZuucm4-8NVbsY2LfnQdfTFmGxskswI0g/photo.jpg,It has no gear counter,1,0,1.0.2,2019-09-09 12:24:30,,
gp:AOqpTOFn-RAbYxdj_rynhBhj1cWCHoZxJbWF08QWqzO2OSLWBEuT8IAVIXZNMz1MEWVJkpYOMRNqidR_e1f3LQ,CJ Pena,https://play-lh.googleusercontent.com/a-/AOh14GjYpZjf3FBUXrSU705Xo0fY8ezk9K8W_K76DdEULA,App is just a basic level counter now,1,2,1.0.2,2019-08-24 21:13:20,,
gp:AOqpTOFvNeFUUqdaofn_H-ThWsen2c9T6TJO0qUglRsbIttYMmg4zaahWpt9ibeRkgxKNLyBNPC1hBEOKB65gA,Val B.,https://play-lh.googleusercontent.com/a-/AOh14Gh2-dlTsr5xkP_TAQFfJpUMwfHbPmmg0DAuEekQ,Handy helper app for Munchkin!,4,0,1.0.2,2019-08-24 10:36:51,,
gp:AOqpTOFhDlIptJsJm-c2zwHm_z5-XpDcaavU5UjkKuarnIaTfy5-Gga2QPZ5f8Wz6RqtP5qlmOMgJ-S4j99Opw,Francisco Burgos,https://play-lh.googleusercontent.com/a-/AOh14Gji3NGAT-zxUNQ7vqSBvZmr0gC5ayeyEsuOrbg4zw,"I bought the app but keep getting a ""not licenced"" notification.",1,3,1.0.2,2019-07-14 00:57:31,,
gp:AOqpTOHhMFxgI-8rRyYedfJ-3zXNoFM8fuf2wV8cyNhlPrqorqPgu9axWmQbyYQpvJGTpATU0GcAQyWSCVu_SA,redknight four,https://play-lh.googleusercontent.com/a-/AOh14GhixVWST-Ugyik9mpGAw7ZeUAT_J8tALxhBnmWn,still working on a US Samsung galaxy s8+ with the android pi update also worked on android 7 and 8,4,5,1.0.2,2019-05-10 11:55:09,,
gp:AOqpTOEkKSgWkQaHgw0XaxpMVUWNp-PxJUUT_DgZx1OTcTQTivrjXCDEjUdFYt-8rrl-ScNjmnBbLzWW_mw76g,Xopheria Drac,https://play-lh.googleusercontent.com/-Rd1fJWxxkp8/AAAAAAAAAAI/AAAAAAAAAAA/AMZuuckgfLYSkmyPgm4omMxPdK_XGYqMmg/photo.jpg,it crashes every time I open it,1,4,1.0.2,2019-04-02 22:05:18,,
gp:AOqpTOG5koJrXnx6oZTRwdePprciGETsgo6OXbrXlU3fmi3wZF67leH8BEnMKRtof4QBoPjfcsefV61heKX_cg,Joe Pepersack,https://play-lh.googleusercontent.com/-V_4zezSyk9Q/AAAAAAAAAAI/AAAAAAAAAAA/AMZuucmPZjdXrAo_LuwthwvfqAsDLpN18w/photo.jpg,Essential app for true munchkindom,5,1,1.0.2,2019-03-30 09:54:49,,
gp:AOqpTOEiXLxaSp7PMLGUqGGKAL3ECo01km_-y3QKmCiqmlrdBj5tmPWvAhrVSLlvsMnJk_hqF7fTzTco4GylSg,Chris Summerfield,https://play-lh.googleusercontent.com/a-/AOh14Gie2jmS24uCzsR7oLNDqrWTh3HzlVDWerS5aullvG8,Not updated in 6 years. say no more.,2,6,1.0.2,2019-03-23 16:12:01,,
gp:AOqpTOH3CClz8iwiyLoFzXnV73l_ERC9f895Fkjz5rLNEuOSHn8SISt9q_1g00XxKx2dK3CE6kIGwRrB1t_b6Q,Clement Goh,https://play-lh.googleusercontent.com/a-/AOh14GhCo8GPI5dNoL4YscQQZXmyU_J5qmu18UbQvk_WYw,"Keeps checking app license and saying app not licenced please purchase app, which I have a long time ago",1,19,1.0.2,2019-03-20 04:59:47,,
gp:AOqpTOGHwO8AoViLGgfWkDy8i84sCn92wUb0yyTBZx2VHKrpoCDbteRV7mMn2eOIbvhu3jAGPsTpLkoICyNmLw,Gilles Losier,https://play-lh.googleusercontent.com/a-/AOh14Gh9qvpywiKPVPuMN10KwsnMaa81gTvLjEQue1E5IFo,outdated please update it,1,3,,2019-03-14 15:48:39,,
gp:AOqpTOGuiMQLIhZ_NpuvvcogrHWosIr22VsXs-FGzV1iRRJsimgSMzAY0lmmuwzICKUm4WoedTXWtZ2KvdyoiA,Tom Soiler,https://play-lh.googleusercontent.com/a-/AOh14Gjp6Sgx9XVN-lol6D0CgrQd6jUOahD2JHtc34_qyA,Trying to use the Boon feature force closes the game. Really was the only reason I paid money for it. Last update was how long ago and your charging $5 for something that doesn't work?,1,58,1.0.2,2019-01-01 00:20:49,,
gp:AOqpTOHC_7ga55udyuj3KT3u6Tk5IxdR2lYBkQtP0YuxB8h5rx1agWGXsb-mxhdGEG0DsKg0c6I4sZNwKA-PTg,Hany Solh,https://play-lh.googleusercontent.com/a-/AOh14GjAjJufKNQuiwq2lZd5fQSSEqojN_4BMcQ5WPpHAQw,it keeps saying the application is not licensed when i bought it from the play store... unable to use it.,1,9,1.0.2,2018-12-29 19:40:21,,
gp:AOqpTOGSxvHFFuM-p9FwGwqMBAzFxo7OFPbAOmjgrIeeY1ZBSYIY3cnpmNlZoFTvlO2hos8nhA1DqzI_IA6XEw,Malory Belcher,https://play-lh.googleusercontent.com/a-/AOh14GgAdGy2apMiqeV0VWc-1Jdr7CTd14PE9hkQHL3lyQ,completely useless waste of money,1,3,1.0.2,2018-12-25 15:43:37,,
gp:AOqpTOGV_C9PLqtCW1l3COBdwPTqqDt1-sK9rCqcYEOAs_LGivs6VL_WGth99iJ5MUFNsFO8T1P9aFALZCE2Ug,Tom Whalley,https://play-lh.googleusercontent.com/a-/AOh14GhJeMPjDTC3qC-OA_wLYtjNfuTKUkc_xyXpIHhG,I want to love this app but it crashes every time I try to get the boon.,1,0,1.0.2,2018-12-17 08:48:21,,
gp:AOqpTOFxTrpsemuEwrCH0foqqw13lDPxREtb3azw3LF4xBHWIMzovKsjGIRdwdPtzrATbajZsQTSwnHr7D1yFQ,Xola Lee,https://play-lh.googleusercontent.com/a-/AOh14GhpBNq_UU_LPQ7x8AiIzSctkcUzT-a-eE9_sFj08Q,"Where are the other Munchkins like Steampunk, Vampire, and more?",3,0,1.0.2,2018-12-07 12:07:12,,
gp:AOqpTOFjJvym8lxOpc3CHB6hccAiQ23RRAgDBwSZnJuioLXIv5FmLuRk9h5eGcXfBkGp5ooxQwkqyPfuFnJR_w,A Google user,https://play-lh.googleusercontent.com/EGemoI2NTXmTsBVtJqk8jxF9rh8ApRWfsIMQSt2uE4OcpQqbFu7f7NbTK05lx80nuSijCz7sc3a277R67g,Super useful!!,5,1,1.0.2,2018-11-21 01:17:26,,
gp:AOqpTOG3c9t9HAgNjHPWexwWDoRN5-uMJB8mKSFLT-b22RRWX9CvC3yxGRn44ckxja20e6OicrJYurkk5V9NQw,Sam Harrigfeld,https://play-lh.googleusercontent.com/a-/AOh14Gh8fORxsc4mlyCmGPsf6xeedT_7bD3FWn3LWiZoUw,App force closes when I pick a boon. Feel a little ripped off after paying 5 bucks for something I can't even use.,1,10,1.0.2,2018-11-04 20:42:20,,
gp:AOqpTOHxcAyJe6AeDmTt9YTIRNRjw7bP1f7bx2DaKv4dbRWiDHVIUIDFwR5fXDr3pJL5rwKGjbrwmrwesYrmPQ,John Bilow,https://play-lh.googleusercontent.com/-x8efjn_31LM/AAAAAAAAAAI/AAAAAAAAAAA/AMZuucmoLlzTDg3LFaC19hHP_gdG1U9oHw/photo.jpg,I would live to use it but the app doesn't work I will be asking for. Refund till it is fixed,1,0,1.0.2,2018-02-22 22:32:59,,
gp:AOqpTOEYVShUdlI8bJVU0SdxjsbWxV9feJmimTXr8jpaQ-CWqsvdpObhxhu_WBsJ18yu93nN2Uu_ck356oSSkg,Ninenames,https://play-lh.googleusercontent.com/a-/AOh14Ggtbb-_RRVEz_z37iQHMPhpGKbSmYbKP0uYEJu8,"I love this app and it is very useful for playing munchkin, but recently it has not been working and it claims that I do not have a license for it and to buy it on the Google play store even though I already purchased it for five dollars. Also, the application crashes whenever I try to enter the numbers section of custom game. Please fix this problem! I really like this app and desperately need to be able to use it!",4,0,,2018-01-14 17:15:40,,
gp:AOqpTOFzSRm2mCsABJO9ROkSDRzXbop-Q7GT1Ig2-ymyEPzMghltDhCJ-eVqYeey7tQv4KOIr1mbI4zpuhMLOQ,Sn Bobs,https://play-lh.googleusercontent.com/a-/AOh14Ghu1r-EHXumwkIAgaS7-xf4MR-LlxRZny-wuI690Q,Would love to use it but the boon feature causes app crashes,2,0,,2017-11-19 18:02:39,,
gp:AOqpTOFTqGqLtzYco41R74UGV9aN4iGot3NMRW6EpKIITo98ituOs3lZ6Wc5ltjs6wjIRq4mUJvenc9xkFWoXg,Dazzalotus,https://play-lh.googleusercontent.com/-mfDGLseCvN0/AAAAAAAAAAI/AAAAAAAAAAA/AMZuucl17__Ze_WntGIAqbEywtn32kXC7w/photo.jpg,"Works fine, but outdated and a little expensive for what you get.",3,0,1.0.2,2017-07-02 19:34:42,,
gp:AOqpTOFFh_CGVPSN_vI9gApNFWHWGAa-ktsG1gbFSeUgI2supfKKIuCngcTYs_R6Ea3ZO0nwJkMDC70aFnoADw,Michael Dunington,https://play-lh.googleusercontent.com/-qZSQfCKvsw8/AAAAAAAAAAI/AAAAAAAAAAA/AMZuuclMvkaZIdGzt4IghKfk5UFP3Yh3lA/photo.jpg,So much easier to play munchkin with this handy tool.   Can't recommend it highly enough.,5,0,1.0.2,2017-04-19 18:39:10,,
gp:AOqpTOHcbuP7UuJkMMRLkD2UZwPGT5BLHmdtsiW_dPZqN_-7OUUg5_dTe9qYArXYD0Nfu00F467hbsqz66THpQ,Dave Conroy,https://play-lh.googleusercontent.com/a-/AOh14GgE47bRxfMwlmCWbiALNOXzimENWWnvpFAEMyYr03c,Crashes every time I try and get a Boon if any kind.,1,0,1.0.2,2017-04-13 18:34:09,,
gp:AOqpTOGY2oDptLhgxnqrIVpq8hPcoI5K03iEnK9yUfE75vvnXGAiagGxX3DFS4eIdnT1eq8SZU_Z_otahQ8n8A,Arielle Vanbergen,https://play-lh.googleusercontent.com/a-/AOh14Gj3uBDPy5U1Gf4F3QG3D_sbCPuWtVsfnpELBlqj,"It would be great (and I would give it a high rating) if it didn't crash every time I tried to get a boon. I've tried uninstalling and reinstalling it, turning my phone off and on again, and nothing seems to get it to work 😞",1,5,1.0.2,2017-01-11 16:04:27,,
gp:AOqpTOFbU8cJTksZUAi4z6-EFc1l2B-sRuc5LBKIzdxtKPlroWh2qKvSqZqQH9-ZROIKIiKawBgOnFPtHILv3Q,Logan Melton,https://play-lh.googleusercontent.com/a-/AOh14GhhTPNV79o962NRka5JkSC3G1kZAidqrhft8GZzQg0,On my HTC desire every time I try to get a boon it crashes,2,0,1.0.2,2017-01-07 21:14:42,,
gp:AOqpTOF_bXherFORZrJhEqdVPhsnL2ZfUeU2TFfaPtDhDxmLa6nYAUwQ-T8lhYNW7xTUNQpf4an0QtmbKjL0mA,Bethany Queen,https://play-lh.googleusercontent.com/a-/AOh14GibRRqxxSRqQjWO7lzm7wscJ09mVE3NLHZZh64d7g,"If you're a munchkin player, you'll love this app, plus a boon for every game.",5,0,1.0.2,2016-12-15 16:25:03,,
gp:AOqpTOGRUt3ELDVKuLM0Xkz8nAxKUwTVsmko_ONPkCFY8mIrCok2bqiRFZvooQWemzPYkBnSfS71rPZzcMzYCw,Brittany Bozich,https://play-lh.googleusercontent.com/a-/AOh14GjuaBL_E7EmaHV2VGE_eBt57OuL9oqf-BNcHthdO5A,121212,5,0,1.0.2,2016-12-12 15:07:37,,
gp:AOqpTOH5ETR_5s9Hmnbe_SNfPwOlX3rwc3UdG5ATeiDMBvWWYivVabi6_zX0-dQSWGgL2rTBFPFEEo3btmI_6Q,John Parker,https://play-lh.googleusercontent.com/a-/AOh14Ggi8Xpl2sXrSrCne-dPLWvdkwbUzQsiHgbNxcLCiA,Would be a lot better if this was updated for other munchkin games,4,0,1.0.2,2016-11-03 22:37:15,,
gp:AOqpTOEPYTTcSBwlzL_8oBLycZgimjeD7M6D3oqPP8kyyr_UVryvCNl5yKZsaynCa-lQzydHUPPkfh6jwfSHbA,Eugene Dunn,https://play-lh.googleusercontent.com/a-/AOh14Gjb7vowwUiN9JvbCM2DbWydMGfDmqmZTWXx-JYt,The level counter wont go above 2 for me and when i try it resets to 1.,2,0,1.0.2,2016-10-30 00:11:08,,
gp:AOqpTOHf7a2PJ1odssoPIikShmqtLr8sT91omDcFwPhHsZcAmKfrId5wDY5uebXW9_hz1nCeaZXlr3DkeeNisg,Tony Leeper,https://play-lh.googleusercontent.com/a-/AOh14GizJnvpyEnesWfKlDw7T8GEp_08IYvb8ipnXLdbdw,Lg g3 makes the counter impossible to use.,4,0,1.0.2,2016-10-23 17:33:17,,
gp:AOqpTOHf621C-F2J_q73oOBJQ3EEGBIy_9f-kpFawAx7nSWq44a2pX17y7dlYmxnSWxjdha3a_0mCM0lK3bvpw,Danadas,https://play-lh.googleusercontent.com/-oITVbbQbvVc/AAAAAAAAAAI/AAAAAAAAAAA/AMZuuclSWeKiDEQnhNr64DkPaa41z0THjA/photo.jpg,"I bought it and it says that it doesn't have the license so that I have to buy the app, will be willing to change my review if I get a solution for this",1,0,1.0.2,2016-09-29 11:28:58,,
gp:AOqpTOG4IyTATCWlCvNE5GZvH4hvv8ewuw1OJOpqD630fg8K6iXiScXhFlBxwBaOCsqpjPJjYDRhiwWTXI8RDQ,Edward MacKay,https://play-lh.googleusercontent.com/a-/AOh14GgmNwHHCrdFe6THDMELS9E36adrqKjaEF5PybNWlg,"For $5 I expected a pretty perfect app... But on my new HTC10, it crashes when I try to get a boon... Sigh.  Fix it quickly! Pretty please.",3,6,1.0.2,2016-08-08 19:08:52,,
gp:AOqpTOEBr-Z8JPcqRuPHOEKf2ntOX5z-jDAFTiYrVrIA1VPxCz2tR1wNk9QOqFUERNdCSdi3DUPCvj3rVriHGA,Sandy Motteram,https://play-lh.googleusercontent.com/a-/AOh14GhY_ndrwjtfo5CK_yYZDhgipMt_ry-5SDGKxp6EKg,I've paid for this app. Please fix. It crashes whenever I click 'get boon',1,2,1.0.2,2016-05-29 13:37:50,,
gp:AOqpTOFgLIwh-FS5Z32fnBDSYwZu5b1GY_B0eJ4sjWBLwx-dxrWkQv3LjRdrm3o1V-kmDP9j3jBQ_A1-XOdfWQ,Cameron Bish,https://play-lh.googleusercontent.com/-LC8CN0JjZ8w/AAAAAAAAAAI/AAAAAAAAAAA/AMZuucljQyGyL__T28aZVqjbQxw9YtoKUg/photo.jpg,"It works great, but it's literally only for one player. I love munchkin, so I didn't hesitate to buy this app, but I won't pressure my other friends into buying it as well so I can really utilize it. Pen and paper it is.",2,0,1.0.2,2016-05-05 21:01:07,,
gp:AOqpTOFD924a_156OfrXyaUscSiC1Ubi5dV00tpVTNKM6dvMIPjWYeFC6Zy2ashWAoIb3SFQRh_U6pSrPcXZ2Q,Keith Bingham,https://play-lh.googleusercontent.com/a-/AOh14GjAE4g_z2j8IkNdzApGXVuDACuW3ii1JKdssQllXQ,"Most of the features work well, but the app crashes when you try to create a custom counter.  I saw one review from 2014 where the reviewer emailed them to see when it would be fixed.  The reply was that an update was in the works, but may take a while.  So, it's been 2 years now and still no update.  This is such a simple app that if it takes their developer over 2 years to fix one feature either he is the worst developer on the face of the earth or they are just flat out lying.  I tend to think it's the latter.  Steve Jackson got his money, and he knows that schmucks will keep buying this app because it is the ""official"" Munchkin app, so why bother spending the pocket change it would cost to fix the app.   This would have been a 4 or 5 star app if they had simply left out the custom counter feature. But when you leave in a broken feature and have no plans to fix it you get 2 stars, and you should consider yourself lucky to get that many.  Where's a curse card when you need one!",2,6,1.0.2,2016-04-17 19:31:53,,
gp:AOqpTOF5j4GeU28gOkILLXBinc07V17Hdh9ElBo2XibM6JDi_kyQY59eBi8UyJWhom1ORhxBehgrViJgBI4gmA,Daniel Gray,https://play-lh.googleusercontent.com/a-/AOh14Ggof0-B23yEsjMdRtFzcZ7XC3Y5lLjelz-LHYQMRA,Have audio problems after upgrading to marshmallow have tried reinstallation still great to annoy my friends whenever we play and I get an advantage.,5,1,1.0.2,2016-04-01 19:36:07,,
gp:AOqpTOFsDwe9TgW2KUnv-0KcvPcKzwDTCZs1i-115zpMKvmW9nFUbxLWywwAOWFl1AGhgoHGPj3-yW2Spj3DLA,Heather Mashburn,https://play-lh.googleusercontent.com/a-/AOh14GgThpDcBVPvj8nZwPQYaC8TYeB2-KZifNtYX0bY,This helps me a bunch because numbers get confusing for me. Having a way to count up my combat strength and the monsters really helps keep things straight for me. Love the boons; my favorites are the ones that allow you to make a token into a game piece that adds to your combat strength. I love using a doctor who token as my spirit guide!! :-),5,54,1.0.2,2016-03-27 08:30:18,,
gp:AOqpTOFoPD4TfhdL3MrsWLS_eAOelpGJDtesgWy6vUnlsae8XYLeby7eepQLhM7WTfrMNjagjIs5OmCK2gWB1g,Matthew Bielinski,https://play-lh.googleusercontent.com/a-/AOh14GjPSFbtkkBcajHn8Q95c-xKK7M1rvucbih44hOsQQ,I live this game and the counter really enhances my enjoyment. And getting a boon is awesome!,5,0,1.0.2,2016-02-04 15:55:17,,
gp:AOqpTOFGXEPCOHZH4283tr5y1oXfJmyrAwJzjcNNH_POyiTvnIm1Qy0G4-WK6HWH116ahqpyCjJgZsmn1VTxhQ,Joe Regnier,https://play-lh.googleusercontent.com/a-/AOh14GiXWOzrscPajk3wlhTQytU9iFhciM-RGw1RdSSdf9E,One player. Expensive. Many better free apps.,2,0,,2016-01-22 19:21:38,,
gp:AOqpTOEBZ_iiLa4d1d9VUbpX78bAAQNZ_ujI9ztirpNbh3MKafdclA5-Jrxl319xSQ6SG-3l1vIAPP0VOSWOag,Jordan Heinze,https://play-lh.googleusercontent.com/a-/AOh14GjAIgNtju4-eL0uqMmAQMKjdAuMU4HvQ0DoEt_zwQ,Free apps have more to offer not worth the money.,1,0,1.0.2,2016-01-07 14:26:15,,
gp:AOqpTOH-fjy96mGsqnPcTpjJm8SHTtCO3zjJ0zKxvVJnAPZO9wHWpNv0_CYRarsTq10ILx_BPKc4iMrr_r2llw,Natalie Lucero,https://play-lh.googleusercontent.com/-AjOvw5138eQ/AAAAAAAAAAI/AAAAAAAAAAA/AMZuucmQjmx1JIv7djVA1AP3ZqM1Lo4pQg/photo.jpg,All the boon pictures are pixelated when the rest of the app has good graphics,2,0,1.0.2,2015-12-31 14:26:06,,
gp:AOqpTOFQ84GNCUlD8R9wGS3qw3TZD5zxPYwlO62OzyPYyVY3tQ3sgOajipMYfbBhWnRcUbCgZlLMC_zDZR1wyQ,Hannah Bohrer,https://play-lh.googleusercontent.com/a-/AOh14Gj_wDqzdaCw4CM_jTHNDiDMtVW76Delkh2NZutkPXo,This app is total bunk. Clearly the creators are just trying to take advantage of their captive audience. Not only would every player have to pay $5 just to keep track of their own level but it doesn't even have all of the specialty packs. Either include a game board level counter in your munchkin games or provide an app the can keep track of all the players levels equally. I just lost a lot of respect for Steve Jackson Games.,1,0,,2015-12-31 10:55:21,,
gp:AOqpTOG6j7s8GiH71W4uXy55ETkYurd6LCW3rz9-CV4a2043ncxAPodcjCf8jShFzYlwegZ5TpH8YUEV-636Xw,Ad Im,https://play-lh.googleusercontent.com/-dhI8XK9jOmg/AAAAAAAAAAI/AAAAAAAAAAA/AMZuucnwAdBleQAdFhc5vDwwSWnQPIstbQ/photo.jpg,Seriously could have put multi player function in.,2,0,,2015-12-27 21:13:00,,
gp:AOqpTOFD3E6Nn3hRA3UT4GBsrLGwVGLre39l11g-mlOJfRKqTWhKnbeg1CPtoj20cQGl3UcSwUl8VuP803b1LA,Satyrn Rexfuall,https://play-lh.googleusercontent.com/a-/AOh14Gi-fYfzjIxPJmoYp5AXtchRrYVWT8IT2IWZ7AJ60A,The ability to claim a boon is worth the price of admission.,4,0,1.0.2,2015-12-15 12:08:20,,
gp:AOqpTOEc6i7AyiiUGmz_HOAaX-DtuMZuupnyeDtp45gnZh1loyJOURuaAr_dGkGPcpf_0unV2veULgggfXkN-w,James Howell,https://play-lh.googleusercontent.com/-4W6qRd0L7Jo/AAAAAAAAAAI/AAAAAAAAAAA/AMZuucl8u_MPZyG2eRY6b8EUEJS9ELfiVQ/photo.jpg,"The level counter only goes to 2, other than that its a pretty cool addition to the munchkin game",3,0,1.0.2,2015-11-21 22:09:00,,
gp:AOqpTOFpKFTcyDsXq5XHIPJ4utIMMAUA8boXD-HhWgIseFFJWWb3xnUPbbpLcWesvP-AKDu_4faUaoLIYzQfpw,Joey Pytel,https://play-lh.googleusercontent.com/-RbhKKzYnLw0/AAAAAAAAAAI/AAAAAAAAAAA/AMZuucmBH76BqNfKpJJA1e98PxaojENGkg/photo.jpg,"This app is great for tracking your level, but the Kill-o-meter doesn't really do much then store two numbers. The bonuses are very general to apply to any munchkin game, for $5 I expected game specific but bonuses. But works okay as a level tracker, I just expected more",3,0,,2015-10-16 21:39:03,,
gp:AOqpTOGkP-u46RbnZwJ8U0OqNajRKRaaLjvL46CIuaY6IUQe9eW3_xEWgXNzGm5F6zeY6Okq_DDY6fvv64wh1A,Simon Sedgwick,https://play-lh.googleusercontent.com/a-/AOh14GitfKuLcrmgF8U8wsZGmGmidC5taL85jcLCTvyGw1Y,Seems a bit short sighted to not have level counters for at least three Munchkins. Please fix this oversight.,3,0,1.0.2,2015-08-25 23:31:51,,
gp:AOqpTOG83mdvM3utUNPUZny69hKwt0EuvrgVFWNGtN0OnnKTH8jk6EW2qVeV81xFDBxPXtL3TU8AsPw-_BdtwA,Ryan Knieff,https://play-lh.googleusercontent.com/a-/AOh14Ghy9o0XqXTj_vngHAstBHgu2_AF4u5pyVs2F3lMww,"For $5, the app should include ability to track other players levels as well, not just your own. At this rate, I need to shell out an additional $15 for me an my small family to take advantage of this app? No thanks. Other apps That do the same thing are free.",3,0,,2015-08-05 14:26:17,,
gp:AOqpTOGMTMbWIjGcbIsOsS7Z014h4Zfu-T_XSHGsWBowQrD1VuNaAZFcsXE03_8ou0RCQYxikcHlDJCdLvVQyg,Angelis Striate,https://play-lh.googleusercontent.com/-Jn7F7si7N2Y/AAAAAAAAAAI/AAAAAAAAAAA/AMZuuck3vbyb2wrNMqu-O4FGAzZmpEQ-nw/photo.jpg,!!!!!!!!!!,5,0,1.0.2,2015-07-30 14:10:27,,
gp:AOqpTOGJ6Lyn8KC78YdcoUt_KwSLnZabViLULQxGArTreFH0uN4O_dy8C8IMMu3tutxi-HYaX1extfgipdUfig,Rasmus Raabe Svendsen,https://play-lh.googleusercontent.com/a-/AOh14Gjb357THeJkgD-dmsE2Jva_3oCSaxUS9m4WroBTXg,If the level counter also had a bonus counter and an easier to use kill-o-meter that automatically took those 2 stats I would rate it higher.,2,1,1.0.2,2015-07-16 08:01:36,,
gp:AOqpTOEfypckS9cw6Y7iKs24CIpf_WOnzwP_l3B5dtwAds-I3EjPY0QT6xl9AtMrwXUw1q0PG0V2IwLibGn09Q,Sarn Xero,https://play-lh.googleusercontent.com/a-/AOh14GhMH_mNyRGOpoAPCZwv_TLrHxl7gS01nYheGuvNFw,Friends are jerks and won't let me use the boon. So app it's useless,2,1,1.0.2,2015-07-11 14:21:35,,
gp:AOqpTOE8FVR0IOytv_f4zy4iBWzRGE6ngcQK_2urlRv2Y8Tw05GITXxmEnF7lFt3As6f5ZCT-JSv9hMm2mR3SA,Micah Linscott,https://play-lh.googleusercontent.com/a-/AOh14GghCzJ2KcbzNXM48SsredNHQkAb2Hhv1rhkwkSE6Q,"I love using this when playing Munchkin. However, the app crashes when I try to set up a custom level counter.",4,2,1.0.2,2015-07-01 07:35:22,,
gp:AOqpTOFDAbUI5mBKZVl9vluKD9UJ9GdwEdvEEvfeqE1olEKDCJKN8aOHM_c5PsMbw2qaN8Y-aaxW7dJfdqxC7g,Thomas Cox,https://play-lh.googleusercontent.com/a-/AOh14GjL_nX3_kNDgZFoBNOYyGDt74t_69gYr6MuAQGaMQ,This app will continuously ask you if it wants to reset while you are using it. Just use a pen and paper.,1,5,1.0.2,2015-06-16 14:40:53,,
gp:AOqpTOEcO8P1k0-fgt5AUw4BYHeyOeemfoxLxp6Wszq_2hpd8j8izR-IkynMlHN_o-ax64JWOlIx3Kfb9wUiww,Tim Zachmann,https://play-lh.googleusercontent.com/a-/AOh14GgshrVIu9XKeodqqCspShnl4zdhUSltUmUxRFOM4w,Unusable bc the resolution is wrong and everything is to big to use. Wish I could give it 0 stars.,1,3,1.0.2,2015-06-15 17:47:47,,
gp:AOqpTOFUUjxp7c1MTDrMKH1x6l3PhXB7tRlKF6TPZUgXC-VZyuXrRsaF-3uV33cvQNf5vT2GrnOeisK43LMhog,james James,https://play-lh.googleusercontent.com/-98ganLJhQO4/AAAAAAAAAAI/AAAAAAAAAAA/AMZuucm9Q2iSZqSOAztrwF_D3ayLtGxmOQ/photo.jpg,"I love munchkin so much so I decided to donate 5 dollars to Steve Jackson's games by buying this. It counts your levels, rolls dice, and gives you boons. It would be nice for level and combat level be on the same page as other level counting apps do this. Also it crashes when I try to make a new counter. Otherwise It works fine but using paper and pennies work just fine.",4,49,1.0.2,2015-06-03 12:49:39,,
gp:AOqpTOHBlMc-le6i4JtETo7YsSKFK882biCIzmSHorzzJn4A_1Yz2ZnlmuN0QjhTn0Su36AzU5k1meIMLxI4fQ,Derek Christenson,https://play-lh.googleusercontent.com/a-/AOh14GjhcGXmzOJe6kfWLyj803il99xLqZAmleyH0QPB6w,"While I was skeptical on the price, it really is a fun app to have when playing Munchkin with friends.  It covers Epic Munchkin as well as original (20 instead of 10 levels), and some other Steve Jackson games besides.  The little bonuses it gives the player are especially fun -- mostly for the effect they have on your friends when you invoke them!  (Not fair!  lol)",4,23,1.0.2,2015-04-21 01:27:40,,
gp:AOqpTOFmg0vqMjTdyA7mLGaTeTGvzee4XXzQzQQNZ4CHLkqB63RVKoQaAeugm-Q2u7M4rhgVlPUlpOaus5nODw,Elizabeth Kimber,https://play-lh.googleusercontent.com/-mUqle6ykI_M/AAAAAAAAAAI/AAAAAAAAAAA/AMZuuclJBayf1LKtPQXVW6Y8EgdJgRv24Q/photo.jpg,Can help you sneak in a win just when you lost all hope!,5,0,1.0.2,2015-03-22 15:06:13,,
gp:AOqpTOGRhvMtOkBh0aq_vUqhkC9UZ77ICl9Ob5RePczacUZZPXqBrl4cYPBbG06jNnAmydMz6dYQUpqXeM6MCQ,Daniel A,https://play-lh.googleusercontent.com/a-/AOh14GjyWNrzS0rG6scav30gybKPfGqhg1rjhB0zLDsQfg,"A bit overpriced for what it does... I think you should make the dice cheat for you or something, like if you make a weird sequence of taps the dice rolls six... It would be worth the money if you add another boon or something.",4,0,1.0.2,2015-02-10 11:03:52,,
gp:AOqpTOHZuV_1YUh78e28r_Z0IphoYyBRQLz_geTE4o92WW2GPO2-EqeyZbpiFLRUkOJwXkngtjY75lsNLaqk9Q,Xander Hintz,https://play-lh.googleusercontent.com/a-/AOh14GjVTyx_l0mDqPNF_Cy2UY1tBoyafkYiAOC7DifH,"My friends and I play this game a lot, and I don't always have something to count my levels with. This app is great! I use it every time I play and the free boon is amazing and extremely helpful.",5,2,1.0.2,2015-01-14 05:25:58,,
gp:AOqpTOHCLfI7eLb7uWBVic1hCP5tF7SuSIVxvAJ4-sZN8FVJX83MegMtYWlzu4_v-0a0Ubu-qP9vWu2WimThfQ,Cholie Diaz,https://play-lh.googleusercontent.com/a-/AOh14Gh71580KPle0WKYgZQC-ZlFiUI4WDESL188IEz4QA,We have been using this app for ages and you think that they might add cuthulu or some of the the newer sets,2,1,1.0.2,2015-01-03 20:36:04,,
gp:AOqpTOEC596PmvQuPITCcu1SLwhrOx6SiSMws16rZU01KPXUwoXtaXazgEBtDRYamisCiVkIS3QBJ_k6aB2uqA,Roger Boyer Jr,https://play-lh.googleusercontent.com/a-/AOh14GgeKF_P9n6OyImkoNEJSyi893fMQvt6JesagPoccA,"Love this app. But i would like to use the custom screen, however it crashes every time... On every device.",5,1,1.0.2,2014-12-31 21:04:43,,
gp:AOqpTOFTRB42UWFXjedp_lcW678I2Cra7FScct5qiRxp1hBa_2mJEe965Ohb-b8wJD7Rtz0U96gpxZss_0h--Q,Dylan Singer,https://play-lh.googleusercontent.com/a-/AOh14GheKFI-VB-YKU3AQ9sKjzCWpWMkrysHF8wbcA_yspM,"This is really really amazingly terrible. Such a disappointment. It looks really outdated. I would've said it looks outdated 3 years ago. It has an easily reproducible crash. It's just bad. I hope you guys update this soon. I love Munchkin and I'm more than happy to give you $5 for a simple app like this, but for that price this should be flawless.",1,35,1.0.2,2014-12-08 16:12:00,,
gp:AOqpTOGMEeKuytkifUgngVlpaw99xyTvtvtwReNAaM0tddtwT62AyOhRSTQnuDrTA8Db6Zq62dx2orVUVnd7IQ,GiveMeYourMilk,https://play-lh.googleusercontent.com/a-/AOh14Gijlc5VylSlXlN4r5lQMxTqoOYqDic9JHp0ps9s9Q,Yes,5,0,1.0.2,2014-11-27 11:26:43,,
gp:AOqpTOEg32HaIW111rOQ5g_x3_o_OeBIgZrCvBQUB3oHCVu8DwyNBdoCUbGGZ3aL41o_suQl3up5MVadiIDvGA,Micah Wilson,https://play-lh.googleusercontent.com/a-/AOh14GgbmUeFqUhjhFaZiofsiKyHHEm-hk8URjo4VvwEyw,App doesn't keep track of level AND bonuses from equipment.  If an update fixed this I'd give it five stars.,3,3,1.0.2,2014-11-21 18:08:49,,
gp:AOqpTOHk7Q6likfJYzo5l6iGFxDFfvRRK0lRAwo3oocIa_3Zre01lwvrsQlCVMVoNI5IGkMMYQUQIn5OO1F1Uw,J B,https://play-lh.googleusercontent.com/a-/AOh14GjVTy5i8mAXW1TWV1JB3wFNGL67fqEkz6zbvEP3zw,For what this app offers it is very over priced. There are just as good free versions about that do the same job. It seems you are paying for the Munchkin artwork and boons.,2,3,1.0.2,2014-10-28 21:10:34,,
gp:AOqpTOFsdM0n0KKJiTB_q4RzAJeLGW1N0bpheV10XRH0oBGd0Q86v7X_0IjTd0-3zGFen8kWTGUrGwTbJnRMlQ,greybucket,https://play-lh.googleusercontent.com/a-/AOh14GiItquzA5Bmb8RO2T4Nl7gwwK8nFGYtwmw2u4z5_g,"For $4.99, it REALLY needs to be able to support multiple players. Also, having the ability to set your character's strength by items instead of just a number would be nice.",3,3,1.0.2,2014-08-05 15:17:32,,
gp:AOqpTOFLSzXNGJIWr8tYSZ-PJu9rfdFXVOx5SUUqaD9HaxKGv7dES1_99tcCc845_77NfCT3xNREf4ogn-fqBA,Ron Feulner,https://play-lh.googleusercontent.com/a-/AOh14GjQuQ68TlwXM8c5LDWQnZ57NkdgULez454azRKtTqs,Instructions from zombies recommend the app and zombies isn't even a theme.  Boo.  But still looks good I'll know more after game night,3,2,1.0.2,2014-07-24 10:05:34,,
gp:AOqpTOHDItSuoL9swpwD82dIdd3tuP19MvsnysNccaLRMDEbv3OOuvZa-rgg-w82FkFhDGQ8bXyGGmBoYd9UmQ,Nigel Smith,https://play-lh.googleusercontent.com/a-/AOh14Gj82uBlqxNR8OhTcRGby2q8Cr2bjdSprd3t4Rqwyxs,Doesn't track gear!,1,2,1.0.2,2014-07-05 21:15:12,,
gp:AOqpTOGjiC11CGCZgiMY3Jk2SYukflDvNFFRzKIQ1K3PD-TVxFz9WJnvgvfXVwMAkrOOMUYPsesn9uj8HNDTUg,chad lochmiller,https://play-lh.googleusercontent.com/-22TnKKUOUe0/AAAAAAAAAAI/AAAAAAAAAAA/AMZuucnnHt_mkcuW6bnpnf0QxuO2I8PlBg/photo.jpg,"For such a great game that's lots of fun, I am severely disappointed by this app. It always crashes and it's pretty much useless. Expected so much for five dollars. Could be so much more",1,1,,2014-06-01 17:42:09,,
gp:AOqpTOGtdjCC4TmgX0aAFKzUSw_bSsP8K1UcKmINoqK0GlO9TNQz6GY749Vkp66SctfnIWZzKO081p1YfZUmJQ,John Apple II,https://play-lh.googleusercontent.com/a-/AOh14GhHa_iJpBaBFQYwu_sLsPPnscfdWIRwBKp_Ow1eKnk,".. They all said,  ""that's cheating!""   The looks on their faces when they found out that the really is the official app and I get the boost on the screen ... Worth every penny.   Haha!",5,10,1.0.2,2014-05-24 01:13:34,,
gp:AOqpTOHgumB5ZJbc0bYjAb_6Gvgx4lnJgWyU2ardzQ4YwdpvBylYOc5w9d2mu4WQ-M8r27i3BiBFqHC6B81PZQ,Alex Mason,https://play-lh.googleusercontent.com/a-/AOh14GjWuReyx_lY_2Y8EPdbBx_DvnnfC4LVhaQ57rxg0w,"Always crashes when setting custom counter.  Emailed devs, got this reply:  ""I’m sorry to hear about this. We actually are aware that the custom counter isn’t working as intended on select newer devices. We have a design update coming to the application, but it is still a ways out. Hopefully this isn’t too much of an inconvenience for now, it’s just that feature that has a small problem.""",3,59,1.0.2,2014-04-20 19:41:44,,
gp:AOqpTOH9NEsXfr8IlbxSlyjhQwocFEIEfCROU6gb8lCJHiyTTing6AbK9DImxjczytnACKBninMfcPPeQifbhw,Wellington Manor,https://play-lh.googleusercontent.com/a-/AOh14GjNaxwaDjs17e2JMgj1u8X-Gwc5__BwE_QTEqqOfg,For the edge. 4th wall munchkining.,5,2,1.0.2,2014-04-17 16:37:09,,
gp:AOqpTOEJFl9Dm9XsZbDKhiyvX_-WUwM8j5iM3RcwxOpFEKMC3Pyg1xdyoQcdg779isOxjT96kgtPlD5KMB7lWg,Erik Dormann,https://play-lh.googleusercontent.com/-qWkXS0rOMCM/AAAAAAAAAAI/AAAAAAAAAAA/AMZuucnkzZn6IMMkKe4G5nrJNkRBIcTr5Q/photo.jpg,"Nothing is more munchkin than acquirering advantages that no one else can match, and the boon function will give you just that. Buy this app, even if you almost never play. It'll pay off!",5,2,1.0.2,2014-04-11 13:20:56,,
lg:AOqpTOF81bRErY1-GYeW3PPaW0t3R-Kn3u5g5BplpWgFdp6hXNwModSutHHV7qbOpbqLtYKxy0vYXacRNsiLpg,A Google user,https://play-lh.googleusercontent.com/EGemoI2NTXmTsBVtJqk8jxF9rh8ApRWfsIMQSt2uE4OcpQqbFu7f7NbTK05lx80nuSijCz7sc3a277R67g,The custom feature does not function. The app still has not received any updates for any of the newer versions of Munchkin that have been released in recent years.,2,4,1.0.2,2014-04-08 18:06:26,,
gp:AOqpTOE-wUxdZL6S1hZeLZh-IcwO5WPfyKePF7y-vPPHiXJmTNFMbTzJqDAzX6_G5bPjvgGZtI-WzujeBF_PzA,A Google user,https://play-lh.googleusercontent.com/EGemoI2NTXmTsBVtJqk8jxF9rh8ApRWfsIMQSt2uE4OcpQqbFu7f7NbTK05lx80nuSijCz7sc3a277R67g,"This apps work with many SJ games and that is nice but there are some features that need to be changed.   This was originally designed for the iPhone and the app does not scale the screen based on screen size. If I use this on my tablet or my note 3 then the app is very small. And the pictures and icons are of centered.  Main complaint is with the munchkin kill o Meter. Why is a players level not tired to the kill o meter? When you go up a level, you have to mark it on two screens.",3,9,1.0.2,2014-04-07 09:20:13,,
gp:AOqpTOHEXYWNxMlYSL_y6PumT4mfSNuPX9Eq11eRwekyeDWVpDyW6X2tDo2pd2L1MN2fx9C9xfhOyn-nVkXHLQ,Ape Sapien,https://play-lh.googleusercontent.com/a-/AOh14GjGjxfGwHfu9pw75FnPghAogKkxGd3WJ4DqGCDjvw,Fun to make my kids jealous with boons when we play! Muahaha!,5,2,1.0.2,2014-04-06 14:25:03,,
gp:AOqpTOG8jQFblrkN-pBrbBbKcryt4l3qg9ajvfBWD2zuQUH1hI37yjnuGRLj3wUgLRhnPePlA3Tdy8LNBJD7kg,Patrick Bloodrage,https://play-lh.googleusercontent.com/a-/AOh14GgIeI9CYwena0sbn5uFe06X_dSIXXrwwCqc0735zA,I love the app. I use it all the time when I am playing Munchkin with my friends. Only thing preventing it from getting five stars from me is that whenever I go to create a custom counter the app crashes. On both my phone and tablet. Other than that it works great.,4,4,1.0.2,2014-03-29 18:27:25,,
gp:AOqpTOEmdbnonrUU8Br88bFda-jxNpGnbp_G10-M5DdjHjKnkaHb9tFrBbNsY5tkrUgDgxAjpF5RUfPiFS7MeA,Bill Graham,https://play-lh.googleusercontent.com/a-/AOh14GhDDRc2vjErS6rE9Fs6Y0KwsP35vxIyW_bfdmhAlQ,,5,0,1.0.2,2014-03-07 19:14:34,,
gp:AOqpTOFEkaRcGS7Lh4Sb7EAXBkxmqShvN-hU6Q5kQA4Vyjw9UwbvsLAenagBMZCzDgNZQxN-MQV-87J6USl0iQ,Christopher Smith,https://play-lh.googleusercontent.com/a-/AOh14GgtY0-4Tu8lEpl--aVzOA16SrFsdZYrUleS-xRH_ec,I thought I could use this app to keep track of everyone but I can only track my progress and for the 4.99 price of entry it's a bit steep.  The app works great don't get me wrong just figured for 5 bucks we would be able to track an entire game.  Buyer beware,3,3,1.0.2,2014-03-04 08:01:07,,
gp:AOqpTOG-3zYRL_wjFa_LqhOXnj1V3NmZx_uRaqyzTXM3FcjKpobhzfc02omdFrlshN7zgSf3kVG7_4vZLYJ2SQ,Adrian Gonzalez,https://play-lh.googleusercontent.com/a-/AOh14GgIUKR3TTizB7OpyC-bxJ5mYMu03L1GkqpiyAo6gFU,This app works great when using preset counters. It is only when creating a custom counter that it doesn't. Every time I create a custom counter it will crash when trying to select the numbers. I'm using an HTC one. Fix this and the app gets a 5,3,5,1.0.2,2014-02-22 02:08:14,,
gp:AOqpTOGaq5EeW3o7EaWbcwM4K1uXTueDNN-L-TxXUYKdPqeqJEUg66r1NqJ8Lwp_vWuw59C0f6EMosu3FLjEpw,Adam Tresner,https://play-lh.googleusercontent.com/a-/AOh14Gi87lXudwwkoi70XDk1ZXDcsLuWI2vEi73TnqiR,What a waste of 5$,3,2,1.0.1,2014-02-20 21:38:54,,
gp:AOqpTOGom3lu4Wlv6S6NTqo0warhSv_d12lCvq35iwv5ywc8nmG5AFPjqpDXwyHfDpA6LpsF5pXU1zaMPsxB_A,Jack Krapf,https://play-lh.googleusercontent.com/a-/AOh14Gjm4s6tCVsq8LmP3iLcLW9o7c37up8miWw-XD2CDg,"Boons are cool, crashes every time I try and use the custome game option. Does what it's suppose to.",3,2,1.0.2,2014-02-13 00:08:38,,
gp:AOqpTOEi8G1ApLpXCUDfng6hwb0vw_1jFkhFqFoAgb_-yGlbuGQGBaq2qgzhZ1Uf6fDdYQQsip66PP3p_prTJg,Dylan Taylor,https://play-lh.googleusercontent.com/a-/AOh14GhbdGNmOCGeiH00XXNw5SMvJofib-qzdFphLYlNow,"I love the boons you can get, and using them at the least convenient time makes my friends go mad. To all the reviews saying ""its rubbish only one player can use it"" THAT IS THE POINT. The idea is that it gives the owner a completely unfair advantage and the abillity to easily track their level and strength. Make sure you know what something is  meant to do BEFORE saying it sucks.",5,39,1.0.2,2014-02-01 02:17:47,,
gp:AOqpTOGeGNNcMzJkGFftMazK0US6nQWsOa1IM2T3OrsYYwIbTMZquISFOrw-A2RKL-TuLeoCcjSYFGP4GqSd1g,Brandon Neal,https://play-lh.googleusercontent.com/a-/AOh14GjiFuzDWdhcz1S8zWFZ-a93sFRaLnlopxYBEo58QQ,Happy to support creativity. App is cool too.,5,0,1.0.2,2014-01-18 21:18:53,,
gp:AOqpTOExywrOqJZjyG8dBKXAJkh4820A3ICZonm_1miNG5I7TespCMY73PT8wzutqY7mDx8Ao7efhtGhcVPpUA,Pascal Bleam,https://play-lh.googleusercontent.com/a-/AOh14GgwexFZSCkIG_TO3UpmvoKvPszajCNLLJ8q79AFcOM,You can only keep track one one players stats and only one player can take advantage of boons. I doubt my friends will be excited about the fact that I can do all of this cool stuff and they get dice for level counters.,2,42,1.0.2,2014-01-16 17:51:00,,
gp:AOqpTOFk5hLmFNUHRzF7BoXAnjzaTKweWf8or4iypmZ28nRG_10zT0FUKh_JNGSRAjP4ThIyWL0DbsQJmDiTTg,Jeff Szappan,https://play-lh.googleusercontent.com/a-/AOh14GiG2L3SEpsxjwb6VdTaqSkoVt33HH7D7UOJ73rvcg,Simple. Elegant.,5,1,1.0.2,2014-01-16 16:33:10,,
gp:AOqpTOF4u3FF41IcO9C_D3KoRqWdhCOHZ1xjn1rC4sHTLpBn25T0XYhPI15W4joQ-xC9bTSTwIr0-Lw_VnqbCw,evilkoolade,https://play-lh.googleusercontent.com/a-/AOh14Ggqhb5NAB5edSH7ts-IPKRCsyme4_bmAtLv2ujshA,I love it and will continue using it jus wish it could update with newer editions of the game still works fine without that but it'd be nice.,4,2,1.0.2,2014-01-16 02:49:10,,
gp:AOqpTOG4N9vr3XV0hiF80XUZWAQO1lcS1gJrHKOPW3FJxuxhAePY-uGzUFBjF1h_Ihb1VETpEsTmJfio7ADZag,James Roberts,https://play-lh.googleusercontent.com/a-/AOh14GjiXG305CjIJWGRn43KKyMIP0wSonXTb8ajVv8KAco,"Custom counter is broken, crashes everytime after background selection .",4,2,1.0.2,2014-01-10 15:33:37,,
gp:AOqpTOGAmXOfu26_oZQLrZOn-emYEF_Yl0y3zHSByMVdBNag0YX4leuj-2aygJ0FfY-swgJPlPTcCF8Plq7hSQ,Neal Woodall,https://play-lh.googleusercontent.com/a-/AOh14GguyUk3psYSnZ_uvjQtrS4SQNFgvM7UAC9861TJww,Must have for any Munchkin game,5,1,1.0.2,2014-01-06 21:14:13,,
gp:AOqpTOHJ5jF5yQ7L5B0NBhwUqNmkWRCM6x7AZkXt9W_YecZkjcuzmt73zsTcobzYK7Jr8Zity5cs1c5hvl2cng,Jeremy Cherms,https://play-lh.googleusercontent.com/a-/AOh14GgQ1Tgirhh7AOOeem51U_rAJYNHhQy6OKjA8b4yd28,App helps out a lot!,5,2,1.0.2,2013-12-30 19:51:15,,
gp:AOqpTOGYIhKkH2jlSMKYw7bwhQYyXnU6xeLWsYg43HpAbMmvTmEq5W4Tc-CASQXkgZK9LIDDyas-eMPCwK8gLw,Hafliði Örn Ólafsson,https://play-lh.googleusercontent.com/a-/AOh14GjdW7YRmiub4pXtf1mw-HI1-nz3M6PlJ9e7PyKfxg,Thank you,5,0,1.0.2,2013-10-29 07:25:04,,
gp:AOqpTOGCvr8LXt9R_mq7aeHlUdCW3-yjinbVu_MaazmeU_mag8h9v58UBqzZzkf2rAo_bE4qUGFi3an0_Vt4sA,Max Whittingham,https://play-lh.googleusercontent.com/a-/AOh14GiOqEk1mkTqb4xZpy3AmNRl7IaunzOYj1ARS0uRVg,"Love SJ games, not being able to use it offline is terrible.",1,20,1.0.2,2013-10-28 16:40:26,,
gp:AOqpTOFYXX7DdZmaLTyrBWvRGSPY_2FdEsBmm0hWodMjTrD53XI3o8TZDeQ9fvH9sQA-jbTWmcXZF6k1w0RLKw,Sam Edwards,https://play-lh.googleusercontent.com/-R3L9vProQr8/AAAAAAAAAAI/AAAAAAAAAAA/AMZuucm8ytAlzpSIzA_sVhJl14mzUe5Ufg/photo.jpg,Cool little app but not really worth the money,3,1,1.0.1,2013-10-16 14:08:23,,
gp:AOqpTOHp36P6F8NyfS-Pg2_Mpr5t_cX6m8x9b8ItMjFwhkhsavQokWZPOebsCGz0UTVd39Vup5DXWt3MFaJPnQ,Bjarke Freund-Hansen,https://play-lh.googleusercontent.com/a-/AOh14GhW7TiMUuzK_KheOLQ2zl-9q5RlChEj4MeSy9kYHxk,"Works fine on a phone, but looks absolutely terribly on a tablet.",2,2,1.0.1,2013-10-16 13:05:12,,
gp:AOqpTOFilT3XmxDG-D2eTAq1bTnw0YuxzRlI6GSLgUBIIT68RjyC67NDUCq8V1xWChMfAFesr-dKTWYG4CPq1Q,Erik Thayer,https://play-lh.googleusercontent.com/a-/AOh14GgphuU5_qTSVrEhBgYTQSCw2cVmhkVeMD2nmE-t0g,The counter is crazy simple.  The battle counter is super difficult to use. I wish I had not wasted the money... could have gone toward an expansion deck instead.  Who wrote this?,1,3,1.0.1,2013-10-02 20:34:56,,
gp:AOqpTOGmkD-BM1GkHPbdWjTI8lDGIhRlRYiRBnnYGUUBmjXOFh5wUplELCCd5KyFKduM-cSMHuaiPJlAneohaw,Paul Brannan,https://play-lh.googleusercontent.com/a-/AOh14GhjuoKnhjNmjToahGitJ7Tz2cf9HzaD5drZJQyG4Q,Not worth the $5,1,1,,2013-08-28 20:00:37,,
gp:AOqpTOG8a8mS7ZhDjOiygeSAs_KI3ZpQYlNh8E1nz67IwAL1W3Itc7Cx6AWshaaIk9DT85U39NvXfBKZGWZxJA,Will Moody,https://play-lh.googleusercontent.com/a-/AOh14GgVBDSbKAKpdxC40m36kMNzU97pfvDDlJYuGDgEDTI,"Might be worth a single dollar, but even then the ui is ugly, slow, and lazy, the boons are nothing special, and you can get more utility out of free alternatives. I regret this purchase.",1,3,1.0.1,2013-08-28 13:38:31,,
gp:AOqpTOEvZgbj8SjKWlQPaF6XOK5HWmrlhY5KnUAZRl3qh6IRColPY8LvGvGYoszFF_ZWMfL1497sK7PQBOJH7Q,Dallas E,https://play-lh.googleusercontent.com/a-/AOh14GggzvwcxfysMnI485bMz8IRpMRMY66nHsk_U0E4CQ,Would be great if it worked or if they would return an email about fixing the problem or a refund,1,1,1.0.1,2013-08-17 08:50:20,,
gp:AOqpTOFH0JKiMVG1Npy5aOZYwKBPtT5MXkX_6WoJdPVrR-XNjpDDn2DTdPIMQvKKreQZwQf5wAaEx1wQMlCccg,Rohan Hutcheson,https://play-lh.googleusercontent.com/-6ghGAUg1KSg/AAAAAAAAAAI/AAAAAAAAAAA/AMZuuckMWI2mf3TCaRwr5wGR_UvHcRBmbA/photo.jpg,I love this game!,5,0,1.0.1,2013-08-02 17:01:33,,
gp:AOqpTOFVa-7VdcK6H-k8gAGpSX_PD0ilJrkM4gD1zz_G47DjbcUlTr84TI18AAXrxRZz4Z1evhbROAyItTykTg,Joseph Briggs,https://play-lh.googleusercontent.com/a-/AOh14Gi45wypBNL_2v7lHaBFKW3k-wA7kpITDpn37-Ld2tg,"The Apple version is fine, this one is unfinished. Android has the tools released to update the code so please use it. I see a new app released for ogre, why not release a patch for this?  Boon is fun, level counter great, 'skill' clicker and dice work nice too.   Fixes- Scalable User Interface, d20, counter auto add level, remove constant DRM. I need to be able to use this apk in areas without internet access please, so how about a 1 time license check. I bought the apk and 1-7, please act like you care.",3,4,1.0.1,2013-07-05 23:33:30,,
gp:AOqpTOE8kQrgpaEHiabxRJRecMJ3mdya-07SYQAvRLLmlR9JMMjUO5nmmzC64qxYtlWoP99scqnX96-2NQQAJg,Chris McBride,https://play-lh.googleusercontent.com/a-/AOh14GjCQ8SX28OxmFsLDNV-uBfl0ZyFPJkvo3SXtbN1dQ,"I works alright on my Xperia Z but there is no sound what so ever, soon as that is fixed I'll probably give a better rating.",3,0,1.0.1,2013-06-15 06:09:26,,
gp:AOqpTOEuf6RBZ5lE2HJj7376sSLeBfPdRP0eLM2FJkcrm-TiFtnLBt6Ge8xXCJLbNQh0DFlVx3A8JJEbKQh7Mw,Philip Rinke,https://play-lh.googleusercontent.com/a-/AOh14GiezZJ07PbWrW5FsUEGZ6sUmTHbTFDLOZFH7rjTMg,Only tracks one player's level.   Useless.  Waste of $5.  The two other free apps are better,1,3,1.0.1,2013-06-14 02:28:25,,
gp:AOqpTOG9IpPB3zV-6UUdAcshzK0v1PJtYJmDQ2RRghTJWB1HhXxl2cdyX71_LEVNSR8mBItn58bGKav8xKYAqw,Kindar Conrath,https://play-lh.googleusercontent.com/a-/AOh14GjktywRvz6SXqc6BTDJnj07r4b-QpY5nqtF2rjCZQ,I love this app and with the bug fixes it works perfectly again! Always include it in my munchkin games.,5,2,1.0.1,2013-06-06 11:12:58,,
gp:AOqpTOHF6gQg61XmbEBYfIQSWUnNmBJEoc0Ab9zj4R2O8V81vtq7iTIA4pi81_asjZgZx10xWmQjrePjtmoC9Q,William Parslow,https://play-lh.googleusercontent.com/a-/AOh14GjuiW7RbkD1a_riVAxoRaFq6vsg3T4bNx0hTiOkNCM,"Kill counter numbers do not line up with the background image on my acer iconia a500 but other than that its great, and highly recomended. Could do with a few more options to add more to it, after all it is a $5 app.",4,1,1.0.1,2013-05-11 18:03:08,,
gp:AOqpTOFpvFctO4JM1VIP6SJDdQ9n4WjH9RIk0pybeocrwyTx8PELL_zaq-uO-PB1Omly2-TIHN44qvUBfbyXQA,Durburrito,https://play-lh.googleusercontent.com/a-/AOh14GhF1-4DNJPJ5JK_Yxl0aX248LVp0uyJKyIaOnvG4w,"Perry good, but whenever I try to make custom games it crashes on me, not just on my phone either same thing happens on my buddies phone too.I'm using the Verizon droid DNA.",4,1,1.0.1,2013-02-12 20:53:56,,
gp:AOqpTOFyKRKCIik-EgJGK0_d2Te672tk5e_hU7BBY0FPDCzKLDHbN5e0q6p4w6iauSyRUi_p2DFj6fjXLGhAQw,Jennifer Campbell,https://play-lh.googleusercontent.com/a-/AOh14GhfVrzx8SWDhlAEj2gNGBT-TDPFsEgRUNplS1VlzA,"Paid $5 for this and it force closes all the,time.",1,2,1.0.1,2012-12-29 09:35:46,,
lg:AOqpTOFG_VNyikt2lmgMwio-AWWmO79yTzoOPD6eOiG9_qyOAIIm_KtYHEkCIShMTXml3mTs6A00ermgpYfNaQ,A Google user,https://play-lh.googleusercontent.com/EGemoI2NTXmTsBVtJqk8jxF9rh8ApRWfsIMQSt2uE4OcpQqbFu7f7NbTK05lx80nuSijCz7sc3a277R67g,Really unimpressed! Since paying for this app it has never worked. Have emailed steve jackson games 3 times now but no answer!,1,3,1.0.1,2012-10-29 10:13:49,,
lg:AOqpTOHxktuKTWxevv1vzEhTCtbCCdiVFERJodCFg4s-Z6QoIxhKA818g_GSk7af6CovDuC_KCk-XxRpgv4gVQ,A Google user,https://play-lh.googleusercontent.com/EGemoI2NTXmTsBVtJqk8jxF9rh8ApRWfsIMQSt2uE4OcpQqbFu7f7NbTK05lx80nuSijCz7sc3a277R67g,"This great little app has a kilometer, a-level counter and a dice roller you can even shake the phone to reset a kilometer or re roll the dice it also has counters for various other Steve Jackson games including epic munchkin and you can customize your own counter. it has a few sound effects and a few animations and it has boons that get more powerful the higher level you are when you claim it.  If you love the game munchkin this is a great little app and its very munchkiny hope you have fun!",5,2,1.0.1,2012-10-19 12:37:06,,
lg:AOqpTOFcFif0BwdiQKt56rQ5a_i0U5L7hDfUv6msC5hVHDDjEnvUUmi03MLFXOsu9rgPrJc2nyplNOmuzOQdnw,A Google user,https://play-lh.googleusercontent.com/EGemoI2NTXmTsBVtJqk8jxF9rh8ApRWfsIMQSt2uE4OcpQqbFu7f7NbTK05lx80nuSijCz7sc3a277R67g,"App Force Closes when you try to use a Boon.  Mind you i love munchkins and this is truly a sad day. The only reason i bought this app was to support Steve Jackson and the world of Munchkin. The interface is great, its beautifully designed, But it doesn't function the way it is designed to. Truly a sad day. I will keep the App and hope for an update soon, so the app actually works. Sad day...",1,1,1.0.1,2012-09-21 09:35:15,,
lg:AOqpTOFY9MDxLCQRcW7bTjGu4FqugVWMiHNRP-ZdGMYNRMtNNfMq9E-vZOh7HX5XixlhyRXu5b_7IaFMqalcDg,A Google user,https://play-lh.googleusercontent.com/EGemoI2NTXmTsBVtJqk8jxF9rh8ApRWfsIMQSt2uE4OcpQqbFu7f7NbTK05lx80nuSijCz7sc3a277R67g,"I would think for a paid app, I would get more functionality.  I tried Munch Level for free.  You can manage multiple players, their levels, item mods etc.  The combat tool will auto-level if you win.  I do like Munchkin itself, thank you Tabletop!  I find the features in SJ's version seems to want to sell more products i.e. the Kill-o-Meter.  Maybe if SJ Games would some of those features, especially for tablet users, then it might be a better app all around!",1,8,1.0.1,2012-07-28 12:54:32,,
lg:AOqpTOGGlG7Uu38KFJCiWc231a7LywofvZ5iujFDs-_DwzgMqjJI_i8yaJQagqLPSyBrj4NClLQMKEjbGOk-4Q,A Google user,https://play-lh.googleusercontent.com/EGemoI2NTXmTsBVtJqk8jxF9rh8ApRWfsIMQSt2uE4OcpQqbFu7f7NbTK05lx80nuSijCz7sc3a277R67g,Worth it just to show your Munchkin Pride.  The in game bonus has helped me win more than once.,5,0,1.0.1,2012-07-15 17:03:27,,
lg:AOqpTOHufMZVXNZmd4C1Stc3hjqYVZd73fBk2EkEZJX7wW8J87HFy51ykBR3XfYlMYKEQKDSQT1ZZAsYaBASIQ,A Google user,https://play-lh.googleusercontent.com/EGemoI2NTXmTsBVtJqk8jxF9rh8ApRWfsIMQSt2uE4OcpQqbFu7f7NbTK05lx80nuSijCz7sc3a277R67g,Very good for fans and even gives you bonus !,5,0,1.0.1,2012-06-06 18:53:17,,
lg:AOqpTOHn6OXAj-wRikMJhgCgX7vheNR-dZNKxXcgC-RMgGOo6rmXpylmm7dx6spHBY_XhDtk6-MF-xcsO6WGNQ,A Google user,https://play-lh.googleusercontent.com/EGemoI2NTXmTsBVtJqk8jxF9rh8ApRWfsIMQSt2uE4OcpQqbFu7f7NbTK05lx80nuSijCz7sc3a277R67g,It's a direct port from IPhone which is kind of lame. The program doesn't fit to screen. The reset for the kill-o-meters is in a different tab; inconvenient. Price is high considering it's a half way job.,3,3,1.0.1,2012-06-04 09:44:33,,
lg:AOqpTOENdLwdhJfEvmsblOTkocl7DHoVSJvjDe_R_SLY3V10buTOwHuT10rR_8D3ndtg2oClXA6II61MiLJ-ng,A Google user,https://play-lh.googleusercontent.com/EGemoI2NTXmTsBVtJqk8jxF9rh8ApRWfsIMQSt2uE4OcpQqbFu7f7NbTK05lx80nuSijCz7sc3a277R67g,Needs to support new munchkin games too! (Especially Munchkin Cthuhlu),3,0,1.0.1,2012-03-20 09:16:42,,
lg:AOqpTOGPdwCnwrtFW-hTgfjJP_yE8RB9hpUiwNPUlbZuKpo_x3X4zSbGq-lhx7icXEYGho9LlXP6pTec2i_WMw,A Google user,https://play-lh.googleusercontent.com/EGemoI2NTXmTsBVtJqk8jxF9rh8ApRWfsIMQSt2uE4OcpQqbFu7f7NbTK05lx80nuSijCz7sc3a277R67g,Amazing app,5,0,1.0.1,2012-02-15 18:41:44,,
lg:AOqpTOHGenjVmm3MEOz1wo9mMl6hPMSGFYAseU5Vzp2nk1mKfsm3jPvDcSif5JYkABVfMMKa-FFaWRckKeHfWQ,A Google user,https://play-lh.googleusercontent.com/EGemoI2NTXmTsBVtJqk8jxF9rh8ApRWfsIMQSt2uE4OcpQqbFu7f7NbTK05lx80nuSijCz7sc3a277R67g,Rrrrrrsome,5,0,1.0.1,2012-02-07 21:41:29,,
lg:AOqpTOH-7o8t9Z4B3F1GjA_uOrxyyoO7sye-deKjo_Z5jebUZMAX-u091H-zLQcMN49c-wLUSlVjF0b3tSe7oQ,A Google user,https://play-lh.googleusercontent.com/EGemoI2NTXmTsBVtJqk8jxF9rh8ApRWfsIMQSt2uE4OcpQqbFu7f7NbTK05lx80nuSijCz7sc3a277R67g,"Lots of fun, should be free or $1 though.",4,9,1.0.1,2012-02-04 17:03:28,,
lg:AOqpTOGaGnRQbnfgdOLaBsNMA2P64F5X1eqiWX2sgnEJXhZzqnyq-tAwbqu-yi6FeCH9UTEjtUTYx6l1VrKg9A,A Google user,https://play-lh.googleusercontent.com/EGemoI2NTXmTsBVtJqk8jxF9rh8ApRWfsIMQSt2uE4OcpQqbFu7f7NbTK05lx80nuSijCz7sc3a277R67g,A really great addition to an already fun game  :) thanks!!,5,0,1.0.1,2012-01-26 19:34:48,,
lg:AOqpTOGJf365wVF6tKUh-LHNt-Fiq3vtphTqNaBqCwwYoZwfZgp71Gy3ZqK3p9PlGp-n-wUdsDYNEuukRwLj9A,A Google user,https://play-lh.googleusercontent.com/EGemoI2NTXmTsBVtJqk8jxF9rh8ApRWfsIMQSt2uE4OcpQqbFu7f7NbTK05lx80nuSijCz7sc3a277R67g,Counter is only for 1 player..  $4.99  is SJ just bending us over,2,12,1.0.1,2012-01-07 14:55:49,,
lg:AOqpTOFbKaGpRLQzhO4KWBl5HFHP0C9kJDBp6-sjYx0G4n_4GZvE-oCKTupfC3GNiyqjrXdWOsBP1R4lPCwQew,A Google user,https://play-lh.googleusercontent.com/EGemoI2NTXmTsBVtJqk8jxF9rh8ApRWfsIMQSt2uE4OcpQqbFu7f7NbTK05lx80nuSijCz7sc3a277R67g,"Ripoff, app is bloated at 14mb. Boons are lame, useless 90%  of the time. SJ needs to stop being so greedy",1,12,1.0.1,2011-12-24 23:23:52,,
lg:AOqpTOFW9_ubuBNBH9b1fchuLmZ2vK0LqdMsrFI8ncYL781HDo7tyHScKNErFtZgoLLXjqeApvM84HpAi05EkQ,A Google user,https://play-lh.googleusercontent.com/EGemoI2NTXmTsBVtJqk8jxF9rh8ApRWfsIMQSt2uE4OcpQqbFu7f7NbTK05lx80nuSijCz7sc3a277R67g,This is a great app.,5,0,1.0.1,2011-11-29 16:14:51,,
lg:AOqpTOF3yiwNqNQ7YVPMr7i6JWEV33K66vhnxIAIvBR82d7qh4t6m_QCBQBhROqfc7y9ce7I-fCajxvVzFrbsQ,A Google user,https://play-lh.googleusercontent.com/EGemoI2NTXmTsBVtJqk8jxF9rh8ApRWfsIMQSt2uE4OcpQqbFu7f7NbTK05lx80nuSijCz7sc3a277R67g,Has a level counter for Munchkin games and I love the free one time use boon. The Kill O Meter is great for keeping track of gear bonus' too.,5,0,1.0.1,2011-11-10 21:53:20,,
lg:AOqpTOEftA0X9WtjQGTr6IfF4TaVVvD-N7TIy9gMbvPWJ4tmfnUittbKbHWhgo4_ZuCQipius1QLjl3vCz0jpA,A Google user,https://play-lh.googleusercontent.com/EGemoI2NTXmTsBVtJqk8jxF9rh8ApRWfsIMQSt2uE4OcpQqbFu7f7NbTK05lx80nuSijCz7sc3a277R67g,"Munchkin App is totally awesome,just like the game itself.....it f'n rocks. SJ I want to say thank-you ( a million times over ) for you .",5,3,1.0.1,2011-10-18 18:18:15,,
lg:AOqpTOETM_SFedP-c3_JxDue6iBFODiFJEMBiPPJVgTlRuL3sktmGi6S0Ko4fnHcifgwaKLkS9CnJBcvdAkmbw,A Google user,https://play-lh.googleusercontent.com/EGemoI2NTXmTsBVtJqk8jxF9rh8ApRWfsIMQSt2uE4OcpQqbFu7f7NbTK05lx80nuSijCz7sc3a277R67g,Perfect App for this game. Completely worth the $$!,5,2,1.0.1,2011-09-22 17:14:16,,
lg:AOqpTOErBJJ1veHHdjre1BfLThxz5TTNuC3fNgIyQXGHP4gnbPvdBCl6C3lRcUAKSbKCsy0I08r_eLn8eBqKhg,A Google user,https://play-lh.googleusercontent.com/EGemoI2NTXmTsBVtJqk8jxF9rh8ApRWfsIMQSt2uE4OcpQqbFu7f7NbTK05lx80nuSijCz7sc3a277R67g,I support the munchkin card games and am in the middle of collecting all of the sets. Unfortunately I am not happy with this application because it does not track gear bonuses. I thought the official app would provide higher function than the free level counters. I requested a refund for my purchased. I will continue to use Matt Pearce's lvl counter until this app is improved.,2,25,1.0.1,2011-09-12 10:07:33,,
lg:AOqpTOEPjf_gJGA6CC_LnOld3fhNa_2XEutHEDuYWrxJ6_2biSaxq4lEuktPBNU3qhkA8VI9CzWRsQr0Kf6tlg,A Google user,https://play-lh.googleusercontent.com/EGemoI2NTXmTsBVtJqk8jxF9rh8ApRWfsIMQSt2uE4OcpQqbFu7f7NbTK05lx80nuSijCz7sc3a277R67g,It would be amazing if you added auto update to kill o meter when you update your level. If you have 5 attack and go to level 2 it would update to 6.,4,3,1.0.1,2011-09-06 01:39:37,,
lg:AOqpTOFXkXxPkhhmOJZ4z7Nmq3PVqK4Pofc3Oy_aB_1QoJkKJRP9TRSWvSNH5F3eiFN4XbZMU2nIU9NAlQlW9A,A Google user,https://play-lh.googleusercontent.com/EGemoI2NTXmTsBVtJqk8jxF9rh8ApRWfsIMQSt2uE4OcpQqbFu7f7NbTK05lx80nuSijCz7sc3a277R67g,"As with most commercial products there is a bit of a high price tag, saying that it is nicely made with a rather clear picture and rather satisfying sounds when you gain and loose life in the game, Be warned thou, the boon function that you get for owning the app is great but will likely cause arguments with other players on the basis that A) It's not on the rule book supplied with the Game (is in the online version) B) Jealousy is a pain and the fact you get an advantage they might be against you using it",5,4,1.0.1,2011-08-15 23:44:22,,
lg:AOqpTOEdkA6UcLQN5X79snWmhdg04MaQ02fSYgPpXfNSgP26ReBx9nWE9IlWrHH8-SQHe2c3BvxqGp8LDSkl4w,A Google user,https://play-lh.googleusercontent.com/EGemoI2NTXmTsBVtJqk8jxF9rh8ApRWfsIMQSt2uE4OcpQqbFu7f7NbTK05lx80nuSijCz7sc3a277R67g,After update app is great! Thanks!,5,0,1.0.1,2011-07-05 17:58:16,,
lg:AOqpTOHRBYKanY_nT4_M7k83NrSXWqbAjAokFW5R7OZsTuL5IVjK-iCoBN7Yzsr_SEskrMGrJadY31_mYSqZQg,A Google user,https://play-lh.googleusercontent.com/EGemoI2NTXmTsBVtJqk8jxF9rh8ApRWfsIMQSt2uE4OcpQqbFu7f7NbTK05lx80nuSijCz7sc3a277R67g,"Works great, helps the kids keep track of what the numbers are.",5,0,1.0,2011-06-19 10:04:11,,
lg:AOqpTOGcN7LN3pXIR-dRn_0Fn4GVdHp7rUNOH6u4OD4SwGJtNnW4BUsXLEvMMz9LveZYQU9_1Vm70QlvO1DItg,A Google user,https://play-lh.googleusercontent.com/EGemoI2NTXmTsBVtJqk8jxF9rh8ApRWfsIMQSt2uE4OcpQqbFu7f7NbTK05lx80nuSijCz7sc3a277R67g,App is good. You can use kill-o-meter as a gear counter. My issue is no way to set the winning level to 11 or 22 for epic. Would be more stars.,2,2,1.0,2011-06-16 07:01:35,,
lg:AOqpTOGMlmigiv4YlDygWca0Mb_adM5UpFzy7Ee2h2VR0TlHcpFgoLClEE-LMMDpIrur-2wWs6269yAMLpTqIQ,A Google user,https://play-lh.googleusercontent.com/EGemoI2NTXmTsBVtJqk8jxF9rh8ApRWfsIMQSt2uE4OcpQqbFu7f7NbTK05lx80nuSijCz7sc3a277R67g,Good if you don't need to keep track of more than one person. The boons are the best reason to buy. Needs a counter for level and gear.,4,0,1.0,2011-06-13 18:15:20,,
lg:AOqpTOFBhMCTb9kh34YRfVjObmmQqB7ctp4UFIUbmH9A46Lq8CMnaocYxNysw-NWqTSD3zfoOgxQfFkABy-xWg,A Google user,https://play-lh.googleusercontent.com/EGemoI2NTXmTsBVtJqk8jxF9rh8ApRWfsIMQSt2uE4OcpQqbFu7f7NbTK05lx80nuSijCz7sc3a277R67g,"Looks really good on xperia play, may benefit from some of the functions of some of the free apps, but this has boons my m8s don't B-)",4,0,1.0,2011-06-01 02:19:57,,
lg:AOqpTOFl3OmrfsGcww9s-jiKG718kbRVVMncEv9znrzvhIj39HS3B6zT_GGOs86r5LJnlK_I7vK2V-7na2PlZQ,A Google user,https://play-lh.googleusercontent.com/EGemoI2NTXmTsBVtJqk8jxF9rh8ApRWfsIMQSt2uE4OcpQqbFu7f7NbTK05lx80nuSijCz7sc3a277R67g,"App sucks big time. Why not tracking of gear + level on the same page, until that, refunded. I would like to support the team, but no go.",1,2,1.0,2011-05-15 04:14:27,,
lg:AOqpTOG44gYt6Hc28kHXBx7ad0x2EJleOiGty4XnP39wySuwKLU4M4TrvIS5xYpzAmQkrN3hDTBMaDALkFLIQw,A Google user,https://play-lh.googleusercontent.com/EGemoI2NTXmTsBVtJqk8jxF9rh8ApRWfsIMQSt2uE4OcpQqbFu7f7NbTK05lx80nuSijCz7sc3a277R67g,"A $5 app should be a lot nicer. The graphics are way worse than on iOS. Also, center the boon button on the screen.",2,4,1.0,2011-05-14 07:10:54,,
lg:AOqpTOEntTFQHS0GfhZsjj3Ov2-rziF2jk6_Z1nCs353T1ftfv1WGVEZh36g7c_xRpXjJo_AXCVN8VaobzmrOQ,A Google user,https://play-lh.googleusercontent.com/EGemoI2NTXmTsBVtJqk8jxF9rh8ApRWfsIMQSt2uE4OcpQqbFu7f7NbTK05lx80nuSijCz7sc3a277R67g,"Looks slick, but not nearly as useful as MunchLevel. Add support for tracking of multiplayer stats, class, race, sex; and I'll consider reinstalling.",2,1,1.0,2011-04-28 01:33:21,,
lg:AOqpTOE7Os_-3wA-9LE0Kp7HG7BHI_MFNRfzsvZVlDT1hqF79OL3QtWplNGO_tjbE-HnIxnoS5rvwNIZoTsdtQ,A Google user,https://play-lh.googleusercontent.com/EGemoI2NTXmTsBVtJqk8jxF9rh8ApRWfsIMQSt2uE4OcpQqbFu7f7NbTK05lx80nuSijCz7sc3a277R67g,I've waited a long time for this and am loving it!!!,5,0,1.0,2011-04-25 15:55:33,,
lg:AOqpTOFoJos2GwpxNrWsio8CDJF9Phhk-CiSdsHJF2-TR4DhiPY-nJgeMozG8MY--UnlLuirmbFW6cgA9WSRzw,A Google user,https://play-lh.googleusercontent.com/EGemoI2NTXmTsBVtJqk8jxF9rh8ApRWfsIMQSt2uE4OcpQqbFu7f7NbTK05lx80nuSijCz7sc3a277R67g,Get boon button forces close app,1,0,1.0,2011-04-11 10:03:59,,
lg:AOqpTOHbVKAXMYyPVa7mR0Pyuk2XbmYdcXC7U5EKg4UgR0F2XPuZnBof8xGitHSF9nLXnfKXsa7-YtUqPDRQgQ,A Google user,https://play-lh.googleusercontent.com/EGemoI2NTXmTsBVtJqk8jxF9rh8ApRWfsIMQSt2uE4OcpQqbFu7f7NbTK05lx80nuSijCz7sc3a277R67g,Very nice application but doesn't keep track of gears or other bonuses. It needs some more work.,3,2,1.0,2011-04-02 06:49:19,,
lg:AOqpTOEWvj47WEVi98ClxZNVSwE_cplYuEkpcNBivOABYlBYsbl4dOUFbsoZhhyqGjf_dVVxrWGlbfZGEjTqyg,A Google user,https://play-lh.googleusercontent.com/EGemoI2NTXmTsBVtJqk8jxF9rh8ApRWfsIMQSt2uE4OcpQqbFu7f7NbTK05lx80nuSijCz7sc3a277R67g,Official app. I uninstalled and refunded. No multiplayer support. No racial/sex/gear tracking. I'd buy again with 5stars if it added multiplayer,2,3,1.0,2011-04-01 10:11:43,,
lg:AOqpTOHHfeYAiLPrqWP7wP5QoZtDz7YM50QipRnE1kzyv0jV_BkXjTRI6GUqo5ioXXGGu013Udp8TEkVSWcv9Q,A Google user,https://play-lh.googleusercontent.com/EGemoI2NTXmTsBVtJqk8jxF9rh8ApRWfsIMQSt2uE4OcpQqbFu7f7NbTK05lx80nuSijCz7sc3a277R67g,"Besides the obvious points of the Kovalic art, the multiple counters, and the boons this app is a must-have for any Munchkin fan. Beware this is no where near as flawless as the iOS version but I'm sure in a few patches this will surpass it by being available on a wider array of devices :D",5,0,1.0.1,2011-03-28 11:31:13,,
lg:AOqpTOEXrtKBlhmEBGIUbvMPxHkoAkI7ZzISVM-XqP23j5o5mbnZ1aj3Wr4i6plx4oXCZS8fI1zH8cz3tQF-bA,A Google user,https://play-lh.googleusercontent.com/EGemoI2NTXmTsBVtJqk8jxF9rh8ApRWfsIMQSt2uE4OcpQqbFu7f7NbTK05lx80nuSijCz7sc3a277R67g,Yay for the official app. Boo for repeated forced closes and no screen on (which is easy to implement). Needs some work.,3,1,1.0,2011-03-20 21:10:04,,
lg:AOqpTOG31ZG3ubvJrzeQZgO8VEZuPjjfGR5fxiXHvLDL_JQ1eu1MEwb6aELdd9-0PbxISDNIewKJjbqZrvaXXQ,A Google user,https://play-lh.googleusercontent.com/EGemoI2NTXmTsBVtJqk8jxF9rh8ApRWfsIMQSt2uE4OcpQqbFu7f7NbTK05lx80nuSijCz7sc3a277R67g,"Graphics resolution is somewhat meh, particularly the boons.",3,0,1.0,2011-03-13 22:32:39,,
lg:AOqpTOFhw8-P7kHg13fva_VpEY6uRaU537YrWwA59eFUIMAwZ7KAP6gExhWyjfzgstJ6wOIc_EPsBiYO8Pn-Zg,A Google user,https://play-lh.googleusercontent.com/EGemoI2NTXmTsBVtJqk8jxF9rh8ApRWfsIMQSt2uE4OcpQqbFu7f7NbTK05lx80nuSijCz7sc3a277R67g,Nothing like some Munchkiny goodness. Counter works great.,5,0,1.0,2011-03-11 08:59:43,,
lg:AOqpTOEdIYpCxiGBA4LBFLBbqEDzeZPda-wAmSeIb8Lg_rKKbQDloqXYQ9bIVEsZU3tpgRxg_--nwExsC6gtmw,A Google user,https://play-lh.googleusercontent.com/EGemoI2NTXmTsBVtJqk8jxF9rh8ApRWfsIMQSt2uE4OcpQqbFu7f7NbTK05lx80nuSijCz7sc3a277R67g,Great app for a great game. I hope in a future version they add an option to prevent the phone from sleeping.,5,0,1.0,2011-03-10 23:22:53,,
lg:AOqpTOHxN5w3HALwyod_hnmCpoSB_l1gEZA_wgZqWx-pYiyuxwWYWtzocIH_QU503ItC5SZmvzVFCL_n85Xn5w,A Google user,https://play-lh.googleusercontent.com/EGemoI2NTXmTsBVtJqk8jxF9rh8ApRWfsIMQSt2uE4OcpQqbFu7f7NbTK05lx80nuSijCz7sc3a277R67g,There are free counters that keep track of level and gear bonus more accurately. Five bucks for boons? And the graphics are sub par and grainy. Refund,3,1,1.0,2011-03-10 18:29:38,,
lg:AOqpTOFd0fmT9QTQn-fKFLX5JLZ77yLc_dOvt2XhTPtV-JDCTkdtpwKXa3tHB0zz2fVS3V3-Je6dwIB-X3C5sg,A Google user,https://play-lh.googleusercontent.com/EGemoI2NTXmTsBVtJqk8jxF9rh8ApRWfsIMQSt2uE4OcpQqbFu7f7NbTK05lx80nuSijCz7sc3a277R67g,"I've had an opportunity to play with the iPhone app, and this seems spot on to that. Great work! Certain objects seem anchored to the corners or edges, so on larger devices (Samsung Galaxy S and a rooted Nook Color), the wheels and numbers for the Kill-O-Meters do not line up properly.",5,0,1.0.1,2011-03-10 04:28:58,,
lg:AOqpTOFL2Vxmt8hsH8lbNmVrmUwRkSOpY2KZ3m6KQ6sfXSZXW29rOOsFSG08FerVF87w4WiczrQTCKsdHwn4JQ,A Google user,https://play-lh.googleusercontent.com/EGemoI2NTXmTsBVtJqk8jxF9rh8ApRWfsIMQSt2uE4OcpQqbFu7f7NbTK05lx80nuSijCz7sc3a277R67g,"Would enjoy the capability to keep track of multiple players, similar to munchlevel application.",5,1,1.0,2011-03-09 15:36:37,,
