reviewId,userName,userImage,content,score,thumbsUpCount,reviewCreatedVersion,at,replyContent,repliedAt
gp:AOqpTOEkLYWCNmuB5t53fcc_E0wtvSQCzmVruvuqbKLv3CHSPNDm1APeErTB0niMCBRHIuuVyFOoBRxjix6euA,Arin Aghakhanian,https://play-lh.googleusercontent.com/a-/AOh14GgBNzcX_KwP7CoXmb01XUVDWDtIB96YINYSJwmdVg,Freezes and disconnects alot,2,1,1.8.5,2020-12-01 23:17:57,,
gp:AOqpTOF5MHi740s-pv_Nuh50W6xIi1WWZvz5xEUDEPo9XMmWpXRStwbzEQxEuilcHriQOYCg6_a7oYxn_iN5dw,André S.,https://play-lh.googleusercontent.com/a-/AOh14Ggpqe3Ch_E5hAjOHszyGMEa_by7crYh9Qtd-hZs-g,I would love to see this through Android Auto.,5,0,1.8.5,2020-10-16 18:38:33,,
gp:AOqpTOG2bYchhyJNJayhjnX2QheW9DNPBLBXlOY3xssyKQtc738tTaHedmfxCPPv9EYYSjQtug4fUwaqaQpJ-w,Pascal Keijzer,https://play-lh.googleusercontent.com/a-/AOh14Gh7mdfqYZ1T8ZVpbnK2-4gbT0YCh8fr-qL5wC84CA,Doesn't work in portrait mode. Can I get a refund please?,2,0,1.8.5,2020-10-02 09:43:01,,
gp:AOqpTOG72vNsiK_VHEsZ2SXYbQo2iOtsTOpJLzshvcrQ_--XxQHPfPuj0eYIpKFT_8bBdfJUGLSXt845FZaDJQ,Albert Spaulding,https://play-lh.googleusercontent.com/a-/AOh14GgKWoxkPFlHKRukFJGy7oA2BI6JREKFBxReP3T42A,Works great on my s10 +,4,3,1.8.5,2020-08-03 21:38:21,,
gp:AOqpTOErvan1rZAVmoAxSOJ4LTrBguoqfiBgWftpQ5-EkAOqgzxUgKrWdNKmj73a41zB0Hf28ydGvF5W2Hx-Cw,Clarence Gilbert,https://play-lh.googleusercontent.com/a-/AOh14GjDnmyqh4xY8GmVoTjdhTi5hYQdTlaU0zJ6eJVw3g,Not only is this add on useless you can't get a refund,1,1,,2020-07-23 17:36:14,,
gp:AOqpTOFg0nBXqCXd7fZ6ejT6OV1oyB71Ncrr07R9KKU6qz_ru8yDXRah9kbJB7OPpRmUOKHoi-VANRs6vR2ZgQ,Wolielmo wiangopoulos,https://play-lh.googleusercontent.com/-5Q6Q6hR9Vbw/AAAAAAAAAAI/AAAAAAAAEL8/AMZuuckQc8Nw0-ZTBqI7kKRqZOLvGU54qw/photo.jpg,Bough it for the gear inticator. In manual transmission you can dictate the speed of every gear in conjunction to rpm and it will guess the gear. Not...,1,10,,2020-07-19 11:28:50,,
gp:AOqpTOGzYqOMz40fATCOP76CLGFWNcIzKbcTvGWqANYToKkgFoLH1qrQ9ylsXJDwdWCEsaTOLakpZbI4P0sdMA,Alex Papadopoulos,https://play-lh.googleusercontent.com/a-/AOh14GgYm3BsqkV2EDKH2i3BvZr8Rf-T3aSlDt2iApo5bg,"Love the app, only issue is that temp gauges cant be set to an alternate max temp. Its always 250°F, be it Air or Water. Set it to 50°F, and it stays the same at 250°F. Just a little bug that needs to be addressed.",4,17,1.8.5,2020-04-20 10:56:01,,
gp:AOqpTOGyYZK3Prd-S-8nCElMwTOttMJOi5djX3mpsb6SJ8SsGBHxkQl0JrOVDAoKxAYN-IrQksySncGjH9MBCg,Ancient Theorist,https://play-lh.googleusercontent.com/a-/AOh14Gh-CHpDC-oWIbb223ADQkMJmxaDAKRibNE6Jrkh6w,Badass,5,0,1.8.5,2020-04-19 23:05:16,,
gp:AOqpTOH6aGe6_xUXyn_bgLzgecOKSJqoSQeqYlPCpzWboL9JKVSH49RsbXfQZvCOPEuyFkwvwA4O30qbx4McSw,Joshua Pate,https://play-lh.googleusercontent.com/-PK1Y_t0balQ/AAAAAAAAAAI/AAAAAAAAAAA/AMZuucl5GqqvqoCDrtT3Ms0fNBd1ijqLsA/photo.jpg,"Please add in ""Fuel Remaining""",2,40,1.8.5,2020-04-10 11:33:57,,
gp:AOqpTOFUR7jTu6RLVxBJBse9AtMBicevvq7hvJeQAcaQJ_CFP7s53-UDey0B8k0oEvIdhJhRCgTtA7QfJ8n0Jg,Dragon F1,https://play-lh.googleusercontent.com/a-/AOh14GhFFM9-24k7Fxu5Yn9ze1J1tVmbaNXxDmKzb256,While it works okay with manual drive vehicles its garbage in automatic vehicles with overdrive when it tries to caluclate the gear. Why dont give a option to read it from pid?,2,9,1.8.5,2020-04-03 11:35:21,,
gp:AOqpTOG2kbTklOtlasnh7LyLTNS0hgq5DiLUrSYY6Ji37aTK7BCrEIvolR8GzvQl86kwgloBrdknZlLOmSWf5g,Nam Vo,https://play-lh.googleusercontent.com/a-/AOh14GjmftgQrLBI-QTkuFONQ8H571P5HlSv3SYo47740w,overall it's pretty good! i do have one problem and can't figure out how to fix it. any temp like engine coolant or IAT always shows 32F. changed the unit but will not change the reading. can you help? also would like to have fuel pump duty cycle (%) and oil pressure. my car is 2018 honda civic type r.,4,10,1.8.5,2020-03-19 22:09:09,,
gp:AOqpTOE5wljR2Hy36cjpnugn4Txmw0WKSpv9Ca4cHxhmCC9wZpYDXPDhvGsxXX8EhQ_FZw8aLCjVK29Ff9mXHA,Andres Rodriguez,https://play-lh.googleusercontent.com/a-/AOh14GgHd1FuNmgU4g_C2j2ryqz2saqNJznOfxZRuqXvXg,Works great!,5,0,1.8.5,2020-03-17 16:52:15,,
gp:AOqpTOFVEPme7TM0i_P-Xa_24brB4PxJoH38ajCLjvDgZhh_yqWjr-P2S6dB8xyKGuGmhl8fm8WN_jxAVdq9Ug,Kamil Scigala,https://play-lh.googleusercontent.com/-b0hAQCSCBgM/AAAAAAAAAAI/AAAAAAAAAAA/AMZuuclUFqOjlu0JB-Pyx3-EeZJ1JW548w/photo.jpg,App works very slow tested on S9 an note 8t,2,4,1.8.5,2020-02-02 09:04:59,,
gp:AOqpTOEG0LDvkys-rGXf3J7TAzc89jDeEVKUiElJTVp6DCv-4Oo_WbK8Q6LhozKTS15Fgz48dP7NuTBgPALBVg,Jadrick Morrison,https://play-lh.googleusercontent.com/a-/AOh14GiWWYgK2UHdenpHysqfm6jPPXZlgRt2Rf-sT1Bz,Needs update,1,0,,2020-01-05 06:20:25,,
gp:AOqpTOEblhqqLqmhWcP4szZb1UyxJATAb5qdjmpTHb7cIgIvSERQvukbmQOVasdg8pazQxV1Lyy5uKH_qX7T4g,Genedel Toledo,https://play-lh.googleusercontent.com/-052jcm_PNUo/AAAAAAAAAAI/AAAAAAAAAAA/AMZuuclWLLRon80kX1FJbeCjHz_x7oHUzg/photo.jpg,Gear indicator is not working on my bmw f22,1,1,1.8.4,2019-12-25 07:41:17,,
gp:AOqpTOEZqSChsgTFz95va3knjzpThpuKc5qP5e944avXxNJpp4y_YP8Gxe3kwhRt3y0RjUM3y47ZMR50ihn7CQ,Barry Nguyen,https://play-lh.googleusercontent.com/a-/AOh14GgnMLQXlC8cMVmgLlerAUH2h9FBSt3PqjECAdcv,Great concept. Works great EXCEPT when it auto screen savers a few minutes in.,3,1,1.8.4,2019-12-23 19:36:38,,
gp:AOqpTOFzV1vHwfLSPsBC_D4HNdh41E4meZsOQ117n8VXAiuQbpMVd_whPMbOmsGxUQ7doY6FjOsAbgEBLVvgYg,James,https://play-lh.googleusercontent.com/-j-Crjdm1g4w/AAAAAAAAAAI/AAAAAAAAAAA/AMZuuclWSGMk-9DJ4QNDFdxE6ytQW7ik5g/photo.jpg,Love this plug in. I run a green theme for daylight and a blue theme for night to match vehicle guages. Tells me important stuff I would otherwise not know. Great app!,5,1,1.8.4,2019-11-24 22:09:33,,
gp:AOqpTOHcSY42i1W6oDYwLQ8JQakHKEfT-Tch2YyOHWM1_4vTIad7lcGh6MhZXsyolab8YT34gclRFYIv6qMUkQ,Wesley Henry,https://play-lh.googleusercontent.com/-NRoRH8uE1g8/AAAAAAAAAAI/AAAAAAAAAAA/AMZuuclWnZiBuPF5zpf_rExI07J8GnNUZw/photo.jpg,Crashes every time it's opened with the recent Android update,1,7,1.8.4,2019-11-01 20:04:53,,
gp:AOqpTOEQ5Ok14Sjk2QNtNhGTq67yQzR5HSXwdUctCKjBrtdkiGZx3DPzmweK_pj9YggSBOk3qKtJ43CwlEmZjA,Alicia Ramirez,https://play-lh.googleusercontent.com/-eyFn5lh2kqs/AAAAAAAAAAI/AAAAAAAAAAA/AMZuucmyKS1A7Cj0M_7zTPRgI8RpTMgjsw/photo.jpg,📼 📼🌌,5,0,,2019-10-06 11:44:33,,
gp:AOqpTOG3tZHqecEXEtc5Z4aCoNtV-cEtMrhNSINigjgz5M0w3rxqrneYx-t3hj6q4mwK_lcck-369EW-XPqHgQ,Allana K CC,https://play-lh.googleusercontent.com/a-/AOh14GjtlnB1S6CKXktE-tmAwBVpc-JiCTF8KThs5zNImQ,Does not work on latest android,1,2,,2019-08-26 04:52:49,,
gp:AOqpTOHSyVgt2zoPoZBMNux-e6bSM0mdIv63kqc6FLYnrS1hyrenWozegoipi30cMbMsaqQlq6pUI1hpaxgx0Q,Kelang Chintharasy,https://play-lh.googleusercontent.com/-jdXSUXx_Zsg/AAAAAAAAAAI/AAAAAAAAAAA/AMZuucm18xK3YJ7kdY8n8hUPpSwUpL7bMg/photo.jpg,"confused,why is there not an update for this so I can use it properly on my newer android phone? guess I'm getting a refund...let me know when it updates",1,13,1.8.4,2019-07-15 23:28:00,,
gp:AOqpTOEcFoHo1PFbpF9GszbgW99VanR4eun0XzqQhMh3Py1jqpQqz4xBD_PxHRWgl4C-66jKfETKO68qL-VQZw,Paul Reissfelder,https://play-lh.googleusercontent.com/a-/AOh14GikXRV6aaq3lmWh8XCkf5tllXSD62r6epykwMuoY4M,"won't run in Android q, live their original torque though",4,0,,2019-06-07 13:03:45,,
gp:AOqpTOF3U-8fIZaBVkzmwn0MvSzMLzgqwRpOk-c4heiqjnM2kZYqaCq7WOpp8hi9qDo-qS9WaLe5ZFQlHqSRoQ,D IS FOR DREAM,https://play-lh.googleusercontent.com/a-/AOh14GiVA9ynyb8LMRNaDvRoI0m78CXaATjOzFSCVWHHjvs,"I really love this app, I feel like a rally driver by using this in my project car, however I would really love if you guys can make an update with more options thanks",5,5,1.8.4,2019-06-02 18:34:46,,
gp:AOqpTOHT1LbX5BgUIg76KZf5K8bibZFleS897kgOma514Vjr8arnBNszSA8ySZP_bnnU-7tZ4Ik8YPuR4ZY-pA,JS,https://play-lh.googleusercontent.com/a-/AOh14GgpTKjORVftoIP7odjI37VheRoW3-zFbgAr1Nl0,Works Great,5,0,1.8.4,2019-05-19 13:31:49,,
gp:AOqpTOHN6bB5PCaEIZrltTW6qZwaQ7t2BwrqMJMdXOwhNs68JHw87ODxYZlep32srXy1Q7uU9igHLi5FdBA8hg,Hiema Bedrog,https://play-lh.googleusercontent.com/a-/AOh14GiQNEGs7LVlOxIT9hyYw2pCw5yn6g_qlhSj7Sa2jA,very cool app,5,1,1.8.4,2019-05-15 09:34:06,,
gp:AOqpTOHu9h2F_0SabASQYl5yFAICIxAiRyq7B-olbC4biLN-CGRROtFAmyplK96HBcYWhWps63MY5EMNEX9AKw,Mik 777,https://play-lh.googleusercontent.com/-Btfc34l9qs4/AAAAAAAAAAI/AAAAAAAAAAA/AMZuuckIY-rvmJi_6PokTGDawWzvglI7Mw/photo.jpg,Good job. Lack only one function - ECU programming :),5,5,1.8.4,2019-04-18 13:13:23,,
gp:AOqpTOGTmx7eTPjKRY9fvPHWLdzOPrzTlVimxMNKD48DDJio3cpUmnjB8NuoaYGTiQlqS6R6iUK8MKe1KoAeEg,Austin Reeves,https://play-lh.googleusercontent.com/a-/AOh14GgyovZU3ufraUY3zhYEb0QvCsksJMLxb0CWGXnhjA,terrible and outdated,1,4,1.8.4,2019-04-08 18:53:44,,
gp:AOqpTOGmY9eJ3vTloJMfeaesZOgw5ClH_aGV0MoY9btghdQudfJ92A5kj8UMXWkLM1ekecQFVAMwt6C9_9M3Cg,Nick Lamerikx,https://play-lh.googleusercontent.com/a-/AOh14Gi5lpm3RfP1YQGgojVzWyRQ4FU65vT0vQdeQuFz,"Great app. Is it possible to add an option to calculate the gears from GPS speed? My car has an old obd system and the ECU does not measure the speed, so I have it set on GPS speed.",4,20,1.8.4,2019-03-15 14:06:45,,
gp:AOqpTOGnA4wFq20mDU8IRFUoGE5qhTtsorSxcWMeIjnfPa48qviPlfX2iBzwaMbURQ5jt9TJYVvIO_AnshPLag,vin eli,https://play-lh.googleusercontent.com/a-/AOh14GiieFxScmOFGlMr_aUkL3hKLO4uRKHoBJBu8Xhp,Absoulty awesome app. Would be good if it could have few things added to it from the torque app like oil pressure .. throttle.. and vertical bar type gauges .. other than that. BEST,5,7,1.8.4,2018-08-28 10:47:46,,
gp:AOqpTOGzV2WrbaaW4_9CeNV8tifv969rLB80mMSY4M-Xse_kYEAzRvPWyWmaR3_z--giwnGgNaqSwBomX2mHNA,Robert Paul Bergsman,https://play-lh.googleusercontent.com/-kjyVs97brgc/AAAAAAAAAAI/AAAAAAAAC0c/AMZuuckvJAAx2EiiAnsg84o5S0PeLRts2A/photo.jpg,"Ok. But, App can not be moved to external SD memory",2,2,1.8.4,2018-07-27 00:30:26,,
gp:AOqpTOFbvO1s_IltkXTm3TzWhh8w7c3v-r8uTYMZGna66Z4jdtejVEYm1nQXLuOMDTuCNJ5ZxucWpe2eG2dR2A,Tariq Schmidt,https://play-lh.googleusercontent.com/a-/AOh14GgEo9tsxWI4UPV37nli9qSGbpJGnPlEoES7xNbKAQ,The handiest app! And saved my 1000 on a racepac dash in my track car. Works very fast with an expensive adaptor and not a ching ching adaptor. Mr2 time attack car loves it.,5,12,1.8.4,2018-03-07 23:02:19,,
gp:AOqpTOF2fPI5HodXTwuyZUJf3UhKQyherNY-CgGaIYa5u-jEW3eHDxreXbz6Mo1M_zlfH58tfSM7A6bNzCSTJA,guoho huang,https://play-lh.googleusercontent.com/a-/AOh14Gh8Kbci2LbWHGaHz-MTqDVU02ZhTZGkTjQpjrdI7A,"Just realized that the build-in gear number is a calculated one, but not an actual number got from OBD interface. I know the PID number for gear information but found nowhere to replace the original calculated gear number. Can you make an option for custom PID input? If yes, I will change rate to 5 stars. Excuse me for attn-catching low rating.",4,32,1.8.4,2018-02-26 03:35:36,,
gp:AOqpTOHsLOA3zlyyMxnJx-FoxUxKXv25mg9OwpxUwyeotlWnY_c-4BP7NusrFNfFUcS_D3IQndip3Z6xbzc7_g,Anusorn Thesruang,https://play-lh.googleusercontent.com/a-/AOh14GhJ7F0ze6YwZaLypW21uqRJgU3sHwfhgjlJk6fQFiw,So good.,5,13,1.8.4,2018-02-05 06:59:37,,
gp:AOqpTOHWwiaPBGksaZAI_tSYRJx72gxi2_I59yd5kgbWncK2m-kq1j51WO25siGm5-stcJLkF3rE3Ab-u3ECwA,Philippe Lamarre,https://play-lh.googleusercontent.com/a-/AOh14GhUk-hujMepy92g3sPJSFyCfOLh7I6njW23lTXW,"Great app but you can't add a specific PID, like trans oil temp.",5,2,1.8.4,2018-01-28 17:38:25,,
gp:AOqpTOHJ2kwKkYCROAa3axynxYi5Btg938p4rCF3XFKcHYcm_HCURDy92p_bFUn55RmFauK8CXajTpCos5c4gw,Jhon Marquez,https://play-lh.googleusercontent.com/a-/AOh14GiMh9mvE0Lzcowccz9w54b5iQzfT1tis8hjijIv,Good customization!,4,0,1.8.4,2017-12-12 00:19:05,,
gp:AOqpTOHPiUMeaO75G0er6M7XfkivGNl3N_qsGwyGOrWbaAbehUCUpPeOdIwra5e8YMopoVU2kW0Nbu4gTIRbLA,David Berger,https://play-lh.googleusercontent.com/a-/AOh14Gh6mfUWAP5pqy86zhoCJz6hxpkPbAPTmSqto-txkw,Once you understand the workings of the app it becomes more interesting to use various functions that you may not otherwise have thought of metering or measuring. Pretty neat stuff.,5,1,,2017-11-29 19:07:59,,
gp:AOqpTOFJWhtzpIq2ng7OX3t8L7jGv7YFNdOlrqyVE4-LkvVcRvC7O0Q7J5hc78fMVGmqP0MYO-3m-FkXqEGMpA,Jeff Chua,https://play-lh.googleusercontent.com/a-/AOh14Gh5_K3bz1CejTUDaOziwvs7Tc0aZf5pHhLfWcWJnA,The app seems to react slower than torque pro. do advise if there is anyway to make it more realtime.,4,10,1.8.4,2017-11-04 09:12:19,,
gp:AOqpTOGkaYXc94-njQlylxlNoTzINeMoaV2A4aarLao9k4jrv26APHoAwo2tP2XN8uF7leDkS4OZzLoL2duL5A,RICKY Lafollette,https://play-lh.googleusercontent.com/-d6MS0cDpdq8/AAAAAAAAAAI/AAAAAAAAbao/AMZuucmFMKBBscKEqiUu9GPsFsII9mZGdg/photo.jpg,It's got a lot of different options,4,0,1.8.4,2017-09-06 13:34:08,,
gp:AOqpTOFsLKe6YAMRRlzpr7XIhn-Fsmb-Gj7ElClViiJwPAxQDr1ojGkx-XDJ7JhlbkHCEw6YUfCEUJR0zJ6gyw,Teerapat Sinsap,https://play-lh.googleusercontent.com/a-/AOh14GjfaXPJTF3CbNaXDHI8k-JmuxV71uE06oxw9Ko3,force close in vivo v3  please fix it :),3,2,1.8.4,2017-08-20 07:29:56,,
gp:AOqpTOEYoFaLbD8B9gQLhcIWptCnlqSpV3LVlFbOymKg6uW9IOBX8uc-j3PE_4K57XiONU_zrtiYHfd7y2bvGg,ChevyTwins,https://play-lh.googleusercontent.com/a-/AOh14Gi1DKxMUbb4ABgtUyuyYVomsNEPpe7wyuvPa1Rr,The app works great on my Samsung s3. Just wish it would run on my 10'' tablet. You should come out with a RaceMeter compatible with large tablets.,5,36,1.8.4,2017-08-12 17:04:22,,
gp:AOqpTOEtZ9p1wFWjxCr5Dni3G3GzU-kxT3gTsStm--59uQ_7ClOZejBa5v81DpLBpTxJcOIShUwZ-CQd7EXkoA,Calais Eights,https://play-lh.googleusercontent.com/a-/AOh14GgJXhpush4Yl2tD6UV-2oJ23funNtXfbjVNvJmP,Great app! Would be 5/5 if you added a max marker on gauges. Hard to watch boost while WoT,3,38,1.8.4,2017-05-26 20:27:43,,
gp:AOqpTOEVOPJ9Zgyc7Nokxbm49Pi3UTmFwxRgum2GVxIXkwlG4I2e28Vb4rFKgVM5GwKV9w_0FTDuvo8Odi11fw,Andrew Prather,https://play-lh.googleusercontent.com/-vFG1YI3TQPA/AAAAAAAAAAI/AAAAAAAAAAA/AMZuuclspu_FQYf032Wd45O7lsd6Dy7-xA/photo.jpg,Crappie graphics I want my money back,1,2,1.8.3,2017-01-23 17:33:26,,
gp:AOqpTOEsHNAzqpHiS6jNAndW8y8-u3ES72JRA96eaR2I118HpATzTSmT0kz8wb1_-OWWPzJUdsKt7fgtVdcz-g,Smokey J'S Diesel,https://play-lh.googleusercontent.com/a-/AOh14GiI7A81q11wGXh57U_MSd_DxfdjMdKVkYNA5ROik3A,I use this app for tuning car's disel trucks and it's easier to use then putting on  a dyno and I've compared 7 dyno runs against this app there damn near all the same give or take 10 Hp! Add wind resistance and that's where your 10 hp Went! But you must scale weigh every vehicle and it's dead on!!,5,13,1.8.3,2017-01-13 20:04:09,,
gp:AOqpTOF9nw_fqXSoVohuOGwWTNyXRcnuz77Gy8VQCZQFskw1QyLon644nrSzTtnJZPEmV1XJn6OUd_k-enP_Cw,Brendan,https://play-lh.googleusercontent.com/a-/AOh14GgGxt9eGyvl7Xocqf6KIzmcr2YuHNvizcQvbuNzCw,This app has tons of features but for whatever reason won't tell me what gear I'm in.,4,3,1.8.3,2016-11-25 18:16:18,,
gp:AOqpTOHq83qjArzldDFZVtaY5_Ey6LD6WzHbfLgle1YCNb-re8PUTjBPnEynYvyJCvg2yH5Et3agQ8SwK6vsXQ,jetguy fly,https://play-lh.googleusercontent.com/-9eKDu0MfUVo/AAAAAAAAAAI/AAAAAAAAAAA/AMZuucmJ1Cklyss2TaajVv8WGN74e9ufRg/photo.jpg,Having trouble with the gear indicator.  It only shows gears #1 and gear #4,4,2,1.8.3,2016-11-22 10:09:09,,
gp:AOqpTOHJ9c0H6_LESsLXcxZ4djs6ZBSC1Zlry-n5G5sup1-Tvpge_0rS5-IYEt5dPdaMSlGVKwrNchktO87CUA,Lucas Barton,https://play-lh.googleusercontent.com/a-/AOh14GgBywoOfNbUKIavGJkvW7GVxT8P1UVgPYW-Xx_hyfE,"Great, but wish it supported sensors that torque did. For a good example fuel level.",4,2,1.8.3,2016-11-19 12:42:01,,
gp:AOqpTOEk6OPBlt72_3uH1yu9wxYvWsa9VqMB7HVwAuIl5G2085TMcmHa6AodPdHLmnv1kGy9M6HBDG4H7ZhVAw,Allen Ashley,https://play-lh.googleusercontent.com/a-/AOh14GiFxf5yoxxfSvngRHKhE8np0NTYBtCVc7pVk4jgLOg,I want to be able to add negative values to the boost gauge so I can see the whole picture of what it's doing. Currently there is no way to add negative values to anything. I also think the amount of gauges is very limited,2,10,1.8.3,2016-11-06 06:39:55,,
gp:AOqpTOHEhtvWZewkQYn3r2CmvxD3PV4NUiQER8wnCpMY827INd-W_Eywwlj64C1mmTX3oCXiPkTQVp3t_POk2A,A Google user,https://play-lh.googleusercontent.com/EGemoI2NTXmTsBVtJqk8jxF9rh8ApRWfsIMQSt2uE4OcpQqbFu7f7NbTK05lx80nuSijCz7sc3a277R67g,"I like, it but i want more options like volts and Maf basically everything that torque has but make it look sporty and nice  currently working on 6.0.1 N7 20013",4,5,1.8.3,2016-10-30 15:59:58,,
gp:AOqpTOEn_hPJHPotKm-qmiOgHTSkpcN8FphD3Fwe6ggBQx00cN11FKfpT_qIyS155DMt7qORf2VlqkB9of9-cQ,William Ibanez,https://play-lh.googleusercontent.com/-2Zyr6nLEBDg/AAAAAAAAAAI/AAAAAAAAAAA/AMZuuclYSAx5ygdz3ZRbJRH8JWTHQaLtFw/photo.jpg,this app didnt work on my phone,1,3,1.8.3,2016-09-10 19:01:48,"Hello, Please do not hesitate to contact the support, I will be happy to help you. Best regards.",2016-09-20 01:46:54
gp:AOqpTOFH6dYtZv4oX0qAfnf8CuY0YGGXuRvbs4S-up3yn0M2E1jTdknwW1CqpR_px5kzANlGkMAmqLx059Gz8Q,Cody Havener,https://play-lh.googleusercontent.com/-WmA3jcSsfwM/AAAAAAAAAAI/AAAAAAAAAAA/AMZuucnO4ZaH6AJKWzJQlndaVNePYEREmQ/photo.jpg,Didn't work,1,2,1.8.3,2016-07-24 04:09:57,"Hello, Please do not hesitate to contact the support, I will be happy to help you. Best regards.",2016-07-25 01:23:09
gp:AOqpTOHcUN_Jj7RcIrKHnzKSDH18cOQrIKM74LfTSZqQ5hnmfQsirHXjxyYYdWl68Fb12ddhCFzzbdsQ5EA0Gw,Stevie Deez,https://play-lh.googleusercontent.com/a-/AOh14GicS-QCi4KSBei7Gyku24DFQaRx72emFXUMN-TB0w,Awesome! Would love it if the dev can add fuel level (%) wiget in the next update.,5,3,1.8.3,2016-04-08 19:27:24,,
gp:AOqpTOEjQlOJHI852weSIaSMyX6vBccvyJBChtcJ3yG1SqQm4dpc4GdiC-AMwdIuUY_nFIMFc-nhTz2yNBT_WQ,Aikarion R.,https://play-lh.googleusercontent.com/a-/AOh14GjwPZ79lx9c0LoYNU6MtN8Hamgergpi5AhgIEKASg,"Like the gear number light or the shift light. The app is most likely running fine, my Nissan just may not have the required sensor for it to know what gear it's in (It's a base model). Because those were the main reasons I bought the app, I refunded it.",3,0,,2016-03-19 16:28:33,,
gp:AOqpTOFzTgLxsoO2_FG5euXmfI3-eVoXbUtHPAwjyNil03jyjw5BnW2kwL6MFnnusAdwysqXVWt1TpIj89UEMQ,Gareth OD,https://play-lh.googleusercontent.com/a-/AOh14GhWhXjqjFasfrxNWOFfp2hxT5zHVKGz5S1GVRq9SA,"A dash app that has no option for oil temp and oil pressure is not very useful for me. Also It states display and angles can be changed, but sadly I didn't realise only displays in landscape mode so is no use to me at all. Please explain this in your information. Thanks.",2,58,1.8.3,2016-03-13 03:22:07,,
gp:AOqpTOEQkkLO7cUJX1BR6-zPhmsFuhOue2Png8Tw0UVWZ_wGaoo4yOuM4C8zI7ZQLdjxyseKjBoEafHEM4crKg,Bert Daanje,https://play-lh.googleusercontent.com/a-/AOh14GhA6RZ62zMR5BaFG8k2nwPJmQAGlWy6bHOAou98fp8,I love driving this racing style display in front of me. Fully configurable and plenty of interesting stuff to display. Used it now form a few weeks in my Fiat Punto Twinair. Also great support from the developer if you have an issue. Verdict: 5 stars out of 5 DRIVE SAFE!,5,46,1.8.3,2016-02-09 12:43:21,,
gp:AOqpTOFCQrIoNqtvZF4CXycCdr-d-iefKe1XJx9gCd23DhM0_FiwrpkIKP4VIHLjA-9N841zjkeGJ7ntCnISDA,LowNSlowIII,https://play-lh.googleusercontent.com/a-/AOh14Gj1TGi_x3usHSwSGrjGqr4YhfHynt-ieDYupOZSKg,Great display and much quicker than Torque. Both are still great apps.,5,2,1.8.3,2016-01-26 18:06:47,,
gp:AOqpTOEl59DDWVhZTjPTAPkOBntg4OZHdGQ2FfZeo8eops5r_mCjiyI7E2UnvPdr1LSrULabUxWgAyHopfEqOA,Martin Burns,https://play-lh.googleusercontent.com/a-/AOh14GjRQH9irqyufYgiDP7oQNeyjYq8YLubDpi8bH-zxA,"Beautiful graphics, quick to connect and seemingly endless settings. By far the best app I've ever purchased.",5,2,1.8.3,2016-01-11 15:47:49,,
gp:AOqpTOH8MjISmYyidlBgJdv_k2Hy1q8gzj-HltvR_XBs8MZ2f3bMWoYjla-6l_GtF67gK-UEYi88B5fCQGNHBQ,Greg Llewellyn,https://play-lh.googleusercontent.com/a-/AOh14Ghz34RZEsU6XmYsxk4X6QsLR0_CUd1EKwNXcWiy,Functions that work in torque pro do not work in this app. Wish I had setup instructions. Emailed developer but have not gotten a response.,3,20,1.8.3,2015-12-29 18:28:02,,
gp:AOqpTOFAG5RBRmXp5zaMYIKoL6u3AStMoVtAJqmSLu6wVb5397ld16KynTv12mYlqq4ohOZ2LLsX4smxDmtuXQ,Jennie Robertson,https://play-lh.googleusercontent.com/a-/AOh14GiEXZplBljn6XrlEp8EwDiqwmdin8npqF8eqnmcrw,Doesnt work on 350z refund please,1,0,,2015-12-14 11:51:38,"Hi, I'm sorry for your experience. Normally if the OBD2 communication is working good then RacingMeter should work properly. Regards.",2015-12-15 02:44:45
gp:AOqpTOEe0rhIhvzVrZhNIkwqZsFpuE4b8hlFi1mpifKTDwJzbaOAaQ_-Uz1f9S4RWK4c9V5QkMFPZ4WB7E9PYA,A Google user,https://play-lh.googleusercontent.com/EGemoI2NTXmTsBVtJqk8jxF9rh8ApRWfsIMQSt2uE4OcpQqbFu7f7NbTK05lx80nuSijCz7sc3a277R67g,"I'm glad it can do Immersive Mode. Something I wish Torque would do. I do wish the app didn't show up in the app drawer. It's a plugin and only works when Torque is running, so having it in the app drawer isn't necessary.",5,25,1.8.3,2015-12-13 16:48:40,,
gp:AOqpTOG6PHhVP1wVPnCm14762a0wFyZamN8QGbvYjAZ9JDtfbaaSfBhyhs_LFe442wOht0TZGxtIvfXvkiyMOQ,Jonathan Dawn,https://play-lh.googleusercontent.com/a-/AOh14GhxKEjBEUEKxc2cQ1IP6JLIqsP_zRiriFg7SG7aUQ,"Cannot add custom gages of custom PIDs or other PIDs in torque  only works with basic things like speed, accel, gear, water temp",1,7,1.8.2,2015-12-06 23:57:59,,
gp:AOqpTOG9sU1zoek-we_seIdTLLyMdFWbDp1OLBmXSy2aPigU-iqXgIv0t_latvQ4lyFo-LZAma4-F1xlMpm8sg,Nathan Russ,https://play-lh.googleusercontent.com/a-/AOh14Ghv9mCr2HbB7yE7QZIFbMHGbqaiTq0x-U__QlTY,I long press on the screen and all I get is half the telemetry menu half hidden off the bottom of the screen. I assume preferences or options is under that but I have no way to scroll down or move it.,1,1,1.8.2,2015-12-04 17:55:22,"Hi, This issue has been fixed in the latest update. Thank you for your report.",2015-12-09 01:02:59
gp:AOqpTOGQYzvM9FmszCMS9SNP_AHmOqEsX81orW7nzdPVP4fq8X-VSPOSIUjwUBqaPsfP_9olgJ9goW6ga8Ocig,Joseph Buccafurni,https://play-lh.googleusercontent.com/a-/AOh14GgWeTkSixyw6QBlCe6aQ2_-sp-B9bZfQAQNF83LJA,It is as cool as it looks in the pictures. Just buy it!,5,0,1.8.2,2015-11-18 13:46:44,,
gp:AOqpTOF6x_8VniZ-jlrkwLk2wkrQ2gVhgYOFTtVL9_AkOmeTlkhtbrb9vWPxNtqFnN6Gxeq19GwvOdPVv-Qg1w,Matthew Whitcher,https://play-lh.googleusercontent.com/a-/AOh14Gi3s6ku2RQ54oPjJRpbrSqoFZULIwpqAdhaNbBrNNk,Digital speedometer does nothing. I can only access 2 themes . Red and green. Way too expensive. Please fix.  To Dev: I did email you never got reply. I did customize digital speedometer does nothing. Thnx.,1,2,1.8.2,2015-11-14 09:00:30,"Hello, I just reply to your email. Please try to go in the bottom of the preferences menu, uncheck the option ""GPU rendering"" and restart the app. Hope this helps. Regards.",2015-11-16 05:04:43
gp:AOqpTOFciX8IdhUJsypRg-sxzEvvBQxNoG5C1szygTuBBjFd6TvPIDmbvV1d9Y_EvGtuksE7MSEobVAq9GW6Hw,Shaun Lunney,https://play-lh.googleusercontent.com/a-/AOh14GhXXD22ZG6lLbQ01nWJp0KpFjhzaP2Twn_ENY9G,"Like the app, but definitely needs a good vacuum to boost gauge. There are a lot more turbo engines out there now, develop for that market! Thanks!",4,3,1.8.2,2015-11-04 06:42:22,,
gp:AOqpTOHq9CpeYfExZwk-B72vKRKijl0u4aT9urdhUcgzwRW8nhoi9oJy5GJ_kPcnU_2yS_80IBr9iDuHHSsn_A,yojoshman! 86,https://play-lh.googleusercontent.com/a-/AOh14Gj7_Yxir7xY0lohp3kajYpbNhdZLl-abLIdWg-WdQ,Why does the app not have a widget for oil temperature ? The normal torque app can see oil temperature dont understand why this cant?,3,3,1.8.1,2015-10-27 15:42:21,,
gp:AOqpTOF5r4l63Od-zRXH_K5vKkTReNkZMvOvhZJSAEOx_iXE2lupuVrStwUlKFzA1YutuiY2N_ih0NUC6RK09Q,Joe 1,https://play-lh.googleusercontent.com/a-/AOh14Gi7VHPndZIfpVHtxuEE1D3U33O8dk4C9hnVAc6v,"Worked great, but 1/4 mile times were consistently inaccurate, such as it saying my 05 Mustang GT did a 19.xx 1/4 mile, where as in the normal torque app and at the track I would do  a 13.9 -14.1 consistently. And yes my car profile was set up correctly. Also I think most of us racers/practicers using this app would like to see a 60ft time along with a trap speed for the 1/4 mile. I would pay $20 if it did those things plus the other things it already does, and that's no joke.",3,2,1.8.0,2015-10-06 20:14:31,,
gp:AOqpTOFuwrzjI074aKtI50mk7iAfO3434SQozlrKTXoMm89-aFVzu1CnzEzsvYQoPE0Dle1GMvgggyUDKQgPkA,Jubail Barroquillo,https://play-lh.googleusercontent.com/a-/AOh14Gi_xDYeFZUdwbVmg-j4KioDUwUrL-V87Oe6stuj1A,This app improves the look of Torque a lot. However I would love to see a boost/vac in numerical format. Can you please add it in the next update?,3,5,1.8.0,2015-08-25 02:14:14,,
lg:AOqpTOHhvk0RPNBx_LDQbjVyTkQ6HX7tfBN7-LLTGwCVNdt6QQRzamXkfDMigUn46XT59b1vrCd9nksoWJrPqQ,A Google user,https://play-lh.googleusercontent.com/EGemoI2NTXmTsBVtJqk8jxF9rh8ApRWfsIMQSt2uE4OcpQqbFu7f7NbTK05lx80nuSijCz7sc3a277R67g,Next step add a boost/vaccuum dial. And a new bar segment dial style. This app could be better with a little more work. Hope you can find the time to improve it .,5,6,1.8.0,2015-07-23 10:26:22,,
gp:AOqpTOHPqkUDPFz9lfm_anToT4Nv9HRbNrzsrZpNXx9ocLzYVLGkJBpxUCNUvj3s7LDwCt3wrlvedIzse1DbNQ,Alvin Brinson,https://play-lh.googleusercontent.com/a-/AOh14GgnfNxIVn-9WpBt7_AFlKX1Kqktot3L1i86J8L9,"Telemetry is non-customisable, thus I can't record vital data on my Abarth. I need to be able to record IAT and Ambient Temp, as well as some other parameters. Also without the ability to record HP and TQ calculations, they're almost useless as you cannot be LOOKING at the gauge while DOING the recording of these - that would be dangerous driving. Needs to either be selectable in telemetry, or as with other gauges, needs to have a ""Peak"" value that displays either like in the main torque app, or as a falloff (gauge falls down but leaves a trace) if on a dial. Only showing the current value isn't so useful for some of the gauges.",3,4,1.7.4,2015-07-17 11:29:02,,
gp:AOqpTOEHuhB3hVnzaY72jTSM2C185mlkUDLiUmtSRZeAfP5HfWFMGJK6RSWrn-8IsNZ54K4lWpPbGcVX79HrGA,NeT GhOsT,https://play-lh.googleusercontent.com/a-/AOh14GhHl6T_xZwo6xvh8Qt7nEiX0JT_9F4fyVWPZpZV4wM,"Worked fine until it started crashing on my Galaxy S4 :/ I'll be reinstalling to see if it fixes this issue. The rest of the core Torque Pro app is great no bugs yet. Just confusing to setup for my 02 mini Cooper s.. wish there was a setup guide or something for dummies like me, ha! 5 stars if I get it working again.",4,0,,2015-07-13 21:01:59,,
gp:AOqpTOFVOYAnjhdWlNiMYk4DHpti8cmdPKEe3VXt0HFAC4smrbuIdrNX9Zis4XGDmj3hT1VJoZ0zXx7hKAV_cQ,Blake Tow,https://play-lh.googleusercontent.com/-sh899yylBXI/AAAAAAAAAAI/AAAAAAABJfw/AMZuucmX0lM6RYUH9I2WSsJYqVFCh08NDw/photo.jpg,Would be even better if the boost gauges could show vacuum. It seems like I have to use one that shows 0.0 when it's in vacuum,5,2,1.7.4,2015-05-21 13:04:19,,
gp:AOqpTOH-2OMu_jeJSi-g33XnkG4ZvexRLo_XZuZ_X94hDIviwULve1FUJJjF1vBHY9oN6d7kKKjxHb237z5ncg,Jolly Ong II,https://play-lh.googleusercontent.com/-W4kYtanYtkg/AAAAAAAAAAI/AAAAAAAAAAA/AMZuuclqeRlk54mR_xt9x45Hokiy-DK9Ag/photo.jpg,It took some exploring but finally found how to add the voltage indicator.,5,0,1.7.4,2015-05-19 10:49:32,,
gp:AOqpTOEvjbhexqYsQLmPM9LR9i3Z_0mL4OwQbfBK9mc83VFNRJOq1tg59RfwvU5auvgSzAkJEaukyNwh2OxS8w,Hello World,https://play-lh.googleusercontent.com/a-/AOh14Ggq7Sku2ing9JxDaLgX1st23-DaasChZggddzeBGg,"For this to be perfect, it needs to display extra PID sets.",4,0,1.7.4,2015-05-15 21:08:49,,
gp:AOqpTOFZU8c4Xw_dlHNlPCIov-bdGDdQmxnVMZ9zxP5_26WlJl4yxonaB_AUEm235oDY_jubdnhbIBvDgQmLGw,Bashar Saleh,https://play-lh.googleusercontent.com/a-/AOh14GhKcpFw9WjnxQo-Ejtq8RBbH6VUVrOKkCjPQ7hlWg,"With Torque app.  It's really a great gadget, only gets better and hopefully we get even more customization.",5,1,1.7.4,2015-04-17 05:47:59,,
gp:AOqpTOEnyhBYDWkuXoO_mPhnRQBBN6amounWz3__UlSc2wweLcKpRwNlKNfAb8ghBrJiCx0JqRQT32JpoP9JCQ,Guy Moulton,https://play-lh.googleusercontent.com/a-/AOh14Gg5Nul02k4kbcwa3rCVnWE2EP6p6M-ZeL2bki6fmw,I have a lot of apps from these guys and it's all awesome.  This app is no different,5,2,1.7.4,2015-03-26 17:12:54,,
gp:AOqpTOFlwYJek9mpHoscdpHw0TuhsEagD0J9lBVMWw9uxtryG-9GUwoDgxbr7ATLkth9vgjXVMZY5QU_aDJWpQ,Patrick De Guzman,https://play-lh.googleusercontent.com/a-/AOh14GiVNv_LeSUPLkM92OObpxvgH3AMqMZOTjiXmttDCQ,Please include boost air temp and knock retard as part of the parameters shown.  A lot of the users have force inducted cars.  This would be a great add on.,4,8,1.7.4,2015-03-23 16:02:21,,
gp:AOqpTOHO_N7HlaAtRcYJoqxqs-XTYkSi-RzB5qxBS-7qAfOjEkzyypv9d-aM3PhKguudI9vMK-zznpOGZeRngA,James Maynard Phillips,https://play-lh.googleusercontent.com/a-/AOh14Gh4cDcM5fz9_3DJ_lmrARIgnfZjFl3rtZ5dTYg3aQ,nice,4,0,1.7.4,2015-03-09 00:32:06,,
gp:AOqpTOGLfU6wwsP8CNZWayy8aJAkzm13GNqtvXAru0hK3pY8g8caO3Z-IY1VUyp23oF5KldlWkNti8idvTO9nw,Ivan Sini,https://play-lh.googleusercontent.com/a-/AOh14GjDqBk9PetXXeP9xpnkVroVq_J0WTHguDB4niqTSMk,Great,5,1,1.7.4,2015-03-06 00:04:28,,
gp:AOqpTOHD8rrw6xC9mWRIetOWayFm__GbU2RT660a8qo_x5XRczG313Ht7ycbZbDx6MyjCrvvYRnhIVK_s-dNHw,Dan Frederick,https://play-lh.googleusercontent.com/a-/AOh14GgpK7j0g5He-ld_3oJ_vSzi4YiAMyO5n5tXQg7BOYA,Very cool stuff,5,0,1.7.4,2015-02-26 18:06:19,,
gp:AOqpTOG4EEkhW3J8E3dE-BwGwU0uhk9vje0tpyAD5XP1Swu_RHS4oNaJefow3zQ3NcvYmcRuNTVadQHaU1kI7Q,William Westerso,https://play-lh.googleusercontent.com/a-/AOh14Gix8ETU-9W1fY0iCvGzwb-8SaaDlGZcylvRnKoLGQ,"I love this app because I love the design of real-time telemtry for my vehicle (not for racing purposes, but...) for the available viewing modes! However, when I changed everything from metric units to USA/English units via the settings menu, the LPK (or KML) doesn't change it to U.S. MPG. Is this a bug? And, another idea would to put estimated fuel remaining and distance to empty option (in all units). Those are just ideas for another update. All in all, it's a good app! EDIT: I can change the fuel units by the settings menu. However, as the real vehicle indicates true fuel level, why does the app have the fuel gauge go haywire (like 10-25% above/below)? Is this a bug or does it have to be input by the PID?",4,3,1.7.3,2015-01-01 12:46:24,,
gp:AOqpTOE0ZklTB_bAjZ7h1sEfUryQkS4loprLfPTGm2JiSyYvgld2QLKpHJQaQHbfSo8h-E9DbUNErk9uPmVQ7A,zakaria saqallah,https://play-lh.googleusercontent.com/a-/AOh14Giuqk87kCEjnKdfX9lGhRWI7WK5MO8b4dWNz30iYg,"Its great plug in ,but it is need a peeb sound when you need to shift up or down",5,1,1.7.3,2014-12-27 13:35:25,,
gp:AOqpTOE8L-1pXz-KfrypTnadBu1hwIi5J2ybXb6K80gt2gU1ne6k1HrEf0LRx4HcktWyr1Y48zxvU9onbrvp3Q,Alex Buijs,https://play-lh.googleusercontent.com/-aStFtS-4MSs/AAAAAAAAAAI/AAAAAAAAAAA/AMZuucmtaD9MxG51JD2CLBfGLtqz5Caomw/photo.jpg,"Can't resize the digital speed to a larger size? If I were able to do that, show fuel remaining and have a vacuum half gauge, it would be perfect!",3,1,1.7.3,2014-12-18 07:12:44,,
gp:AOqpTOF8ALSfj7U-dO1BIqKQNngYZeYkLBS427n5-dNBfx2DBqC5LFKGRt8erzHJmwi4AcFtOpzbVOo_6zhllA,Benjamin Grant,https://play-lh.googleusercontent.com/a-/AOh14GjCsBzvQeBfs0erRnXlHsx56gxx_xDd_LzKIdpQ4Q,"this is a very good app, everything works as it should. No issues at all with my Ford Focus 03 plate (mk1.5).   As Others have suggested....  the load / boost widget, make another one with load / vaccum make a standard dial with vaccum and also enable it in the LED bar.  The shift bar is excellent, why not also make a single shift LED as a widget? then you could place it by the RPM dial or bar, and it flashes etc when shifting?  How about also enabling touch buttons in the gui for say resetting the best 1/4 mile,   Another feature would be what the GPS satnavs do, when nighttime, perhaps switch to a darker theme?  Also how about a racing meter miniserver? i.e Phone 1 talks to OBD, yet phone two can talk to phone 1 to retrieve sensor data, to enable another screen? like perhaps telemetry etc?  So many ideas!",5,1,1.7.3,2014-12-16 05:16:11,,
gp:AOqpTOFFOAT5rKfPuys7Ia9CmfRnuktmk_pJTkp4C-CBTorEgGaFPUi_8L3bQvCy7ld41-OVp8I0LpzCAj-3tQ,Darren Whitfield,https://play-lh.googleusercontent.com/a-/AOh14Gi-y4baOptcnU3o5KgyQ-70P2vYpZEvgomXLniiEA,Love it... took a bit of tweaking to get it working the way I like but all good now. Fast response to questions from developer too. Overall very good.,5,1,1.7.3,2014-12-13 16:01:42,,
gp:AOqpTOE3TF3X-3nlyq0Ysai476ujkfUzHdgSSbOzv0IxY6aCK3ej-cuA8Z-LkFhGqleRZ_xmUx7uJUN9wK9YKA,Michael Stubbs,https://play-lh.googleusercontent.com/-Kv38dwilIvg/AAAAAAAAAAI/AAAAAAAAAAA/AMZuuck2j2DGr1dfx-4TEQyqUqs5IyNtPg/photo.jpg,Best app good layout and dont have to buy loads if gauges and fill my pillar up with them,5,0,1.7.3,2014-12-02 09:44:46,,
gp:AOqpTOHEFJaGAZGUJJcOqjSDwsCrGhxQTWij11Yqu9I9GeIuhEJ_f4T9YXFm70BEgoHXzdEw2-oopOyIP-bqjw,Jason Kinney,https://play-lh.googleusercontent.com/a-/AOh14GhiU3UL6KQ7hK07jBjI2iWny3qNoyUJo2EvnFjisfo,"Seems a lot faster than Torque's gauges but I feel it is overpriced for what it offers as a plugin. The only extras are gear selection and shift light LEDs. Everything else can be done in Torque itself. Cons: Boost only, no vacuum, nowhere near enough sensors on telemetry, needs multiple sensors on telemetry, overpriced. If a lot more sensors were added to the telemetry I'd rate it a 5 because that  is the main reason I downloaded it. And put all the sensors in 1 place. No need for categories.",3,0,1.7.1,2014-11-17 20:52:38,,
gp:AOqpTOFh9B1c--oP9XCrLmxrQuOCoZk6Yu_P5tWmIdrbzd34BPRwDTwvJnwagOWwQDEIH0eHwkRABuSsAZ11sQ,Vulpine Seventythree,https://play-lh.googleusercontent.com/a-/AOh14Gifmw7LYBBUPVW8EiyA3xVQ-QaMOfZRU3MU9Xv-,The gpu rendering & 25fps setting may be the cause.    But it's by far the Most used app (next to torque pro) when I'm in the car. d;-{ )&gt;,5,1,1.7.1,2014-10-23 01:53:02,"Hi, Please contact support to investigate further. Regards.",2014-10-07 12:03:21
gp:AOqpTOHgjqAtOeei5ad9Pt8Lfg04td9w22W2yI3EcAegE1h6IgDCgBmdeaGYQn97JfLT5Aokik-PFe47Xmr8tQ,Jack Lindahl,https://play-lh.googleusercontent.com/a-/AOh14GjCxDxUiHZGcfLoBhXU67htXw8Lefw5EvK8rXLbFg,Racing Meter is a great addition to the Torque Pro app. The combination makes this my most-used app by far. Congrats!,5,1,1.7.1,2014-10-21 06:33:02,,
gp:AOqpTOFsXWzysuqTD2MPo5yDf-jMZRYKwuoMB9zpsZ7SEIkoB4I2xcEyON5P8IznOI70T0rs-X8k6lt7AMPVaA,Kevin L,https://play-lh.googleusercontent.com/a-/AOh14GhJX5hIXsPb18NVT3dvMfGcbNmWBFEj0MALY6nJ,Gives you that desired race look that sets you apart from the rest & the cool indyglow look of the display is a nice option.,5,0,1.7.0,2014-10-10 07:24:01,,
gp:AOqpTOGH4NdyX2nUcLeAw-o-YJN7bhSpT8A3KXJde0NxPDDT8LrrtbPR6IGTj2S1Nc_HFRx2gbZUxJK0gg2K4w,Jonathan Itin,https://play-lh.googleusercontent.com/-bvArMQ-Tjdw/AAAAAAAAAAI/AAAAAAAAAMg/AMZuucnKfJJv5fLuWBC1IBU6LLjOix9R_Q/photo.jpg,My most used in car app.,5,1,1.5.8,2014-09-24 02:33:56,,
gp:AOqpTOFo-l-MXOlq5dHMYoE4zS8Qj2bqdN8dbwW_YAX_bm26yYQ2FmeQ-RMKTDXFEbz8d9RkcCJ3-IQU6_9jRA,Torkel Opsahl Viereid,https://play-lh.googleusercontent.com/a-/AOh14GiTaD-JUAgf3TGjEpMnulKtVknTRzk1PACPyP9xpUU,Trying to refund this as it forces display in landscape and my phone is mounted in portrait.. but the refund process doesn't work.. It seems to try refunding but a sec later the refund button is back. Please take action on this!,1,0,,2014-09-14 15:54:24,"Hi, Do not hesitate to contact the support, Regards, Fabrice.",2014-09-16 01:38:02
gp:AOqpTOH1ycc2GS7Xty5E04P-d7Sz3TVHB-vhOklNr7JMsf8dzjJLIFeJ0O4GaIjdc7tqLz_c-njoLslMICv3fg,Ivan Alvarez,https://play-lh.googleusercontent.com/a-/AOh14GholNOwxz5DCwPJTj3eCxzCUlyRbqA-rnaxAb1qGwc,This is an amazing app had a few questions? How do you get the led on top to work im able to change color but wont light up? It may be my B.T. obd2 but it has slight lag.,4,0,1.5.8,2014-09-09 21:53:58,,
gp:AOqpTOEDh8jHcgTXa3oIpgwiCoRTJfQA6uIG1OVdVd3DHmXa5DVd1LDeAadewdbDyQzJHLIliHHMxO70sE2qFA,nikola stoyanov,https://play-lh.googleusercontent.com/a-/AOh14Gjzwzo14z0AW5RnTSsV6rh_VJ9k5VSe70VcIDE2lg,On HTC Desire 500 plugin RacingMeter for Torque Pro does not work.,1,0,1.5.8,2014-08-26 02:47:28,"Hi, do not hesitate to contact the support for any problems. Regards, Fabrice.",2014-09-04 01:40:39
gp:AOqpTOE86aT7lbsJw_9FDPsq-ziMB4XQdUmUYvHfxgrBtP_ja86jUNZyjZI0BiV1GBjdgxMVB1a12vuGYlUs0A,Cristian Marcio,https://play-lh.googleusercontent.com/a-/AOh14Gh6RLEM457Ol6ZcwX_nK9H6U8vnSNaa8_zhItaAYA,absolutely brilliant. love it. the minor issues or gripes i had with it had been handsomely ironed out by the devs.   congrats on a great job!,5,0,1.5.8,2014-08-18 13:36:20,,
gp:AOqpTOEDoeEulrbZ8wDuiNa4BskrLLo9PQjFKJQbz8ApoyWwFLMaxTjcGi98lZNjlrgqce5qk2AtOrsGJf-4Jg,Chris Overstreet,https://play-lh.googleusercontent.com/a-/AOh14GggpAgX_BcAf9M_9teRlRfnOoZgEnaXh2CLizWxboE,I love this plug in and use it everyday. It now can estimate your fuel costs in real time.  I love that the developer cares about his software and updates it regularly,5,0,1.5.8,2014-08-18 10:37:12,,
gp:AOqpTOHl0jpA3f99SIXhIQVzrDzcPO2s6Qo5BK-H0j0ciCZIFcl4GXhv9dCSxksxhBatu4yWF64nG5GTBEWCTA,Nathaniel Atienza,https://play-lh.googleusercontent.com/-qTE9M_mRRgI/AAAAAAAAAAI/AAAAAAAAAAA/AMZuuckG7SCJhCzOveQa-Yf1sFuPKhXrWg/photo.jpg,Shifter dial is not responding with the actual shifter,4,0,1.5.7,2014-08-17 17:33:41,,
gp:AOqpTOF-tSDBbXqb2ioXZjXx0mdsaRINP4ePwp1VxSoK_a6RkMGJq7o-qcUiG940eikI670ttvZd-O4_YUZFqg,Uraaz Esmail,https://play-lh.googleusercontent.com/a-/AOh14Gjgf00EgeJSVjbNLYI8KdspyeLcNHsGByxJ_D1utJE,App developer provided excellent support for the app and was prompt at responding to emails.,5,0,1.5.7,2014-08-17 12:59:40,,
gp:AOqpTOGSfJsDEFynpyhbYozUYHsclh6Be-g2dr9YsJmSEwL-FSQrWwsMMOCO12Cr5Qr6zt9N9rVVF_YAHycSZQ,adam Borneo,https://play-lh.googleusercontent.com/-ffNpnk8Rb30/AAAAAAAAAAI/AAAAAAAAAAA/AMZuucmivXJ5VV-XNZrAMqYGe6ITHkOyog/photo.jpg,Thanks,5,0,1.5.7,2014-08-17 03:19:35,,
gp:AOqpTOHgio8fUeQwQEDn_WqkHzG0iysSS0xHpbf-6XVHxT2VxB7vpKaPm1C4xMH4SHxeYvnuKylxXD_MA566mw,Chris McGuire,https://play-lh.googleusercontent.com/a-/AOh14Gicj7cx52MXC8Aa2uILIUghRtMe9PoNfFk6Yw7fqQ,"Takes the great functionality of TorquePro and provides very nice customizable visualization/gauges. Even does a gear indicator better than any other implementation I've seen. Would have been even better if you could just input all your gear ratios for an exact calculation, but the way it's implemented now comes up with its own ratios based on vehicle speed at engine speed questions it asks the user; good for people that don't know their car's specs.",5,2,1.5.7,2014-08-02 20:49:43,,
gp:AOqpTOFdPdX10YJtJNX7_kmrCUGL2MY9YIgM6-9mDDwgiFuZZ5fhNQfAZjT4MKmiUh-l5FzuPvfrYj8X_oVopg,Jason DePasquale,https://play-lh.googleusercontent.com/-h_9JoEfbI7I/AAAAAAAAAAI/AAAAAAAAI0M/AMZuuclh609pb_JT1zhjePcL8xJ8kHRJJA/photo.jpg,"Great eye candy, works well.  Nice job dev!",5,0,1.5.7,2014-08-02 20:03:30,,
gp:AOqpTOHb8U3wM79nM9Mv8K0kmjmuAVDJnTah9FTlwMlC8XwA3SzFvMhxHGRCum6QSDFbBxX-quI-M21fpE-uqQ,Daniel Davies,https://play-lh.googleusercontent.com/-RCZ9yxT7VdI/AAAAAAAAAAI/AAAAAAAAAAA/AMZuucnJKnWhi2JBDcy5KhelYH0hdjNUWg/photo.jpg,It doesn't tell me what gear I'm in. Otherwise I would give it 5 stars.,4,0,1.5.5,2014-07-27 07:01:29,"Hi, You have to set up the gear ratios in the preferences, ""Car Profiles Settings"", ""Car Profile 1 Settings"", ""GearIndicator"". Do not hesitate to contact the support. Regards, Fabrice.",2014-08-02 07:16:02
gp:AOqpTOFzrCgCdoDNmXcVXatEL-uyXmPbm5nDP0HIgg26SWDvEKz2E-DSsRHFLWR23VEtX_8Zm-tZQD_up078Qg,Roby Art,https://play-lh.googleusercontent.com/a-/AOh14GjSt49JC2uMHbSMcMJwjJbFu9PwdLj_-jAUnFzP,Very useful application.Working good .,5,0,1.5.4,2014-07-15 12:10:02,,
gp:AOqpTOGWIgOGtrX82zFQTZ9zPABORzpsX3aCHhzde4ywk0XeFH0PaDzH97_Ity_pONp_U4rtIcAxEdruOYyRvg,Jeff Sereno,https://play-lh.googleusercontent.com/a-/AOh14GgxCcAVxCE3AkMcsKaZpoCIEtGhdZByl30Yhy6Mzsk,"This is a brilliant plugin. Very useful and pretty easy to use.  Love the telemetry feature and the easy-to-read meters in the default configuration. I'm yet to customise it, but already getting a lot of use out of it.  EDIT: Just switched to the ART runtime on my Note 3 running Android 4.4.4 and found that the meters in RacingMeter do not render to screen properly (but all logging and so forth works fine). If you switch back to Dalvik, they render properly. Torque Pro's meters outside of the plugin render fine under either runtime. EDIT2: After discussion with the developer, it appears the rendering issue is an incompatibility with ART under CyanogenMod as it works on non-CM setups with ART enabled.",4,0,1.5.4,2014-07-11 18:34:28,"Thank you for your report. RacingMeter has been tested on an official version of Android 4.4.4 and the ART runtime with no problems. Maybe ART behaves differently on different devices or custom ROMs, I'll let you know if I have more information. Regards, Fabrice.",2014-07-10 04:58:41
gp:AOqpTOF2iU3im9ly_-D_ais4vB5A0I31iR1xJYE2Sitp49ISpbAMRNLrERfcoyLy6i0sLoNALvCXi4rEocrmLg,Rob Hedges,https://play-lh.googleusercontent.com/a-/AOh14Gi8JiQTaY2X4ZYrDQf5jKl366d6gWiyJYZf4tKavQ,Galaxy Note 3 on T-Mobile with KitKat using a Toyota Highlander 2013.  A co-worker showed this to me and it was an impulse buy.  Good graphics selection...,5,0,,2014-07-09 22:17:30,,
gp:AOqpTOF0w2yDsPjjiVyJ6C0s9XBq1AQl2C6lNsM8PNWoK4xl4eBNZOKOu7LgBaCY2rGqdqAW2lh-rsToLNt-_g,Prateek Dalal,https://play-lh.googleusercontent.com/a-/AOh14Gi-ZBA11UWWylc4X_-_b91y1cqc80esKw4ev3mtHQ,Worked when I installed it...but after two days it has stopped working...it crashes when I open it.,3,0,1.5.4,2014-07-08 03:15:12,,
gp:AOqpTOFbuKB_u_bI3ft_JgrKVsGOE3hbzMLB1h-iOfEgyrDFXMcP1I_KlE6yhp_i6N0sMoNVP4egcatKQoqzGA,A Google user,https://play-lh.googleusercontent.com/EGemoI2NTXmTsBVtJqk8jxF9rh8ApRWfsIMQSt2uE4OcpQqbFu7f7NbTK05lx80nuSijCz7sc3a277R67g,"Started this within Torque on my 05 Mustang GT. Immediately, the gas gauge on my car shut down, and started throwing electronics faults. Shut the car down, shut this app down, then re-started the car. No further issues. I'm sure its just a bug, but its a big one.",2,0,1.5.4,2014-06-30 06:09:05,"Hi, This is a plugin that works only in read only, the Bluetooth communication and the OBD2 protocol are managed by Torque, this could be an incorrect behavior of your ECU or Bluetooth adapter. Regards, Fabrice.",2014-07-01 01:44:38
gp:AOqpTOGEYpagwCIiNUxzOwkCd-FOsvS2EJ_wsfTpQ2BkdA4zbfyESUiNj6osWXzp5lPIsL9QzJPmuWGRt9t4zg,Ricardo Oliveira,https://play-lh.googleusercontent.com/-Wq5s1bfugWo/AAAAAAAAAAI/AAAAAAAAAAA/AMZuuclXd9b9gTTaWq_yMfXMcp6XS5z1XA/photo.jpg,I wish for a refund!!! Really bad plugin,1,0,1.5.4,2014-06-21 11:22:49,"Hi, You can ask a refund via the support up to 5 days after the purchase. Regards, Fabrice.",2014-06-21 14:22:11
gp:AOqpTOEMKQVpPkQNV0ve6E4akYNeS6NBqlGLtxgWLE6YzZp1ZjU7tqq-ABKiE6uQsJ5uQ5AODSCq1fi4-SocEg,Keep The Faith,https://play-lh.googleusercontent.com/a-/AOh14GgAP9rrG7fRxZvHaiCjRW9xRirzzuNATnHPui0ZMg,Useful plugin,5,1,1.5.4,2014-06-15 19:49:28,,
gp:AOqpTOFfQDfm2DU4tgGZVNUZRLwhbciOfqkj73j63mBqNOKnWEvVhsTeqLu5XSh_PCFs8QeEnYLmqFw-HoDJMA,chris causon,https://play-lh.googleusercontent.com/-wQGuST-CwMU/AAAAAAAAAAI/AAAAAAAAAAA/AMZuuckiAN2rElw-6W7_XeNH-bFjqmUQ7Q/photo.jpg,Pretty good just a little bit high tech set up,4,0,1.5.4,2014-06-12 10:51:07,"Hello, thank you for your comment, do not hesitate to contact the support if you need help. Regards, Fabrice",2014-06-21 14:24:35
gp:AOqpTOHY0s1U6g-_FX91Ys1q4zBBAeu_bVNHS0HbwJCdzvUs66KDaiMQdZXU5npihJ0qMunBOlIVNrrraiMHxw,Warren Hinton,https://play-lh.googleusercontent.com/a-/AOh14GgjyNEs6GpmysnxToiMUY0MSGqI4Tp74hw6h4xeLg,I reported and issue with one of the features; the developer fixed the issue within a few days. The new updates are flawless. Excellent app!,5,1,1.5.3,2014-05-26 19:41:42,,
gp:AOqpTOFGnOoCN9w796SeuBFAxUL1wPJ7_HDfGx582QiEu-YESGSBbL1iGIyFNsWAzXVerELzTecmqj-9LDjZtg,Reuel R,https://play-lh.googleusercontent.com/a-/AOh14Gg99Bl6EE82ygXJxv4l5iHv23UGRZelhZFw9K02iQ,I can't say much other than I really like this GUI - works well and all data pulled from torque reads nicely. Great app/add-on!,5,0,1.5.3,2014-05-25 13:36:16,,
gp:AOqpTOEvPjQoagTikk-UlN4yhc9QevARYyrbrYdz8kNe6T4w9_EFxCvPWa5a-d8aGD--dftikoM94_Pfdmb8BQ,Steve Horne,https://play-lh.googleusercontent.com/a-/AOh14GiDn1-P3ptvb1pPJCoPn7BayC16UtpNxGsggEmsuA,This is one of my favorite apps very happy,5,0,1.5.2,2014-05-15 07:42:17,,
gp:AOqpTOGT-S3aDgcdgrz-f9f-3ZjVsYSRS3cec0AOUyP0ojXsrQIVqFltw7Yesbbl4xj5X37YuJOV6dLCrq4YIA,Matthew Thomson,https://play-lh.googleusercontent.com/-vDamWJO1-ck/AAAAAAAAAAI/AAAAAAAAAAA/AMZuuckIkNjDOpUQ0DwwPBsTw6GMYEPsmg/photo.jpg,Very usefull,5,1,1.5.2,2014-05-08 01:10:03,,
gp:AOqpTOEiG5Y4yndZXcsh5b4yvw-ys23-L4iZ7yzYCLKs3Ft1IJbi6IzFdMmVx-xV2qihZ6A-gwr0y3-Q67mvgw,Egi Alan Kusuma,https://play-lh.googleusercontent.com/a-/AOh14GiEuBSRY-9SEtpBkzLNVi7Rzqp_Ga-GWb7Wu7BnBQ,Awesome,5,0,1.5.2,2014-03-27 09:16:31,,
gp:AOqpTOHY_cpRU8OHaj8Anrv89iGgFAXMtdYMdtngA_53PzOMjA40IdHqsiFrGj9xweOiYNKRjHnFuFo9ZrV4mg,Gyula Racsko,https://play-lh.googleusercontent.com/a-/AOh14GgJ5fkyfailD_53kZoWPFQfBMBwCD_UBFOnJT_9MQ,"Nice app, but it is a lile bite hard for costumised it for a firs time.",5,0,1.5.2,2014-03-25 15:16:14,,
gp:AOqpTOGJwc7_4H6kN6I0QprxfFV7j1-6EK9sqNvQyUXQ6zAvSh9QOAXXro4PbPVr3I0hW8UFTL5O3PpTQCsSaQ,Wolfram Schlich,https://play-lh.googleusercontent.com/a-/AOh14GgkWYdFK9p3JacpDUigzmExXzyTOLlPLeTJuHLnWQ,"still not all torque PIDs available,  e.g. fuel trims are missing. AFR is now available, but I need it converted to lambda. also, commanded AFR/lambda would be very nice to spot a difference. handling of the GUI editor now improved a lot with the latest version! nice to see it keeps getting better with every recent update! :)",4,2,1.5.2,2014-03-25 11:54:08,"Hi, Thank you for your feedback. More PIDs are to come, a major editor improvement will be implemented in the next update. Regards, Fabrice.",2014-03-21 15:41:09
gp:AOqpTOEDDF827jJyaqfW0q7E6Fe2Yapl8BXI6ZDOxfoq7snnyEFZDhUi_P3ye2QnAWbJuyW2NXr4OXjzhu5AJQ,Joshua Schultz,https://play-lh.googleusercontent.com/a-/AOh14GizS9nzp08jUqxM8IEkAZdPMgL-xhC0xkm2d1nfXg,,5,0,1.5.1,2014-03-24 08:19:10,,
gp:AOqpTOH03GcXyaUooxneqrtRjJDL_Z_BV2i1Tz0OsX9ScPMnDhdkBMj4LbZrV__g2rzwAVRzVlB5G_iM_3ao2Q,Artus Pang,https://play-lh.googleusercontent.com/a-/AOh14GgFvg25-X_3swb29gxKr_4p_WT88s8N4YA7S45_iVk,,5,0,1.5.1,2014-03-20 08:54:40,,
gp:AOqpTOEaPSLmmZw7MggGj1Zm_9H9EQLLSuonsNVgaoNH-X4Piqv5pXupTdOCTJ5wwuV_UMvnM8TNlkJPm50e3w,Brian Verdin,https://play-lh.googleusercontent.com/a-/AOh14GhdS5Pm2ImCOt-eB7XAputjUMgVT7bxP8CekgcrKA,"That is a great app,I use it alot......but would love to see a read out for oil pressure.",4,0,1.5.0,2014-03-18 18:09:11,,
gp:AOqpTOFVUig6qfWcGpmjy4saK0JR68S2KhecPq4X0pHW9iRxttwn-IWDKhY26PF1BlJaKFvey0G0DUF7clbJWQ,Andrew Kajda,https://play-lh.googleusercontent.com/a-/AOh14GiPWb3C7MvHtKFgDHToVoBQvCuXMXYL3A2EZ6iQoaw,"Great app, but after 2hrs of operating, asks for wifi licensing, although download by data,redundant and disfunctional after payment by data... please fix. Once paid and activated why ask for wifi??? RECEIVED PROMPT RESPONSE,AND FIX.THX.",5,2,1.5.0,2014-03-18 14:15:47,,
gp:AOqpTOHHC_MxcesoC9Kd0w9vbD_7Vzfm878ofpctTtzOqYDFmLaeQjIWBlrdyMFvlgTdIbdOLB1bq2-jr13oHw,Junior Bonetti,https://play-lh.googleusercontent.com/a-/AOh14GhDM1Mu-S2vVMqaSqGoM2jCpw-9NAJNuFMKCuorYA,This wouod get 4 stars if I could flip it over so the charger didnt have to stretch just to use and charge my device simultaneously.,3,0,1.4.4,2014-02-13 16:17:53,"Hi, you can flip it in the preferences menu under ""Screen Orientation"". Regards, Fabrice.",2014-02-15 01:53:13
gp:AOqpTOGXXEoDX18U0rdF6Fp01vOrA_T6Rj_bjGRQWTJaaQJkZhcF8H7d3h7dKHxHsITYdl5RlJEbXIx_g-AXyA,Josh Westerfield,https://play-lh.googleusercontent.com/a-/AOh14Gh8CSEOtAH-nLOMOL_QlGXNp6lhusur19OLEHEVuQ,Even after setting up my 6 speed manual in the settings its still shows N when im in first gear.,2,0,1.4.4,2014-01-26 22:58:15,,
gp:AOqpTOHYZdFE5bMwgjjUFa0350YYZsv59_m4lQN0Sm0yPzIqARpqDlItO9i0IdDXlpcmzbbQZfZtATJI9GbgCw,Matthew Avery,https://play-lh.googleusercontent.com/a-/AOh14Gh9L-KlH7NYfGLEfDbVVolaio79RsH8RnMR_hg39g,"Overall this is a really good app. It would be nice to have more parameters available, and I wish the g-force correction was better... When I put my phone on the dashboard in HUD mode, the longitudinal force is totally off.",4,1,1.4.4,2014-01-18 23:56:17,,
gp:AOqpTOEjH6RR8xRgfQPWS8DyszfqzWPaiVWaHyXAm_h0e1-n3dzN1mWuyZyDE8_V8HKuaEY6nabmgOieKDwZVg,Kevin Wong,https://play-lh.googleusercontent.com/a-/AOh14GgENdpMNUlDNjXrELocEYtIxzJV4F7QWbX0BgD-qw,Best OBD2 on the market.  using racing meter in conjunction with system.  works perfect with S2000 Honda. So many features and functions.  wish the rpm is virtually realtime. Perhaps programmig can be modified to make rpm sync with realtime engine rpm. Its really the ultikate combination with obd mx wireless.. this is also thr perect rscing meter for the sports driver and competative driving.  Wish there are more pre layouts.,5,3,1.4.4,2014-01-01 23:19:17,,
gp:AOqpTOFj8uMcq5hllq1yvmwtHfUAyugVM19tmAJtwU-bKTKkptHhQTmI3hLRI45VrRIuiMW49rphYrw8iU4weA,Jed Gainer,https://play-lh.googleusercontent.com/a-/AOh14GjFYJqc49CyN6ZSDkbSsxjyd_ALdZTxDrworVJjzA,For the price it should be able to display all available data,1,0,1.4.4,2014-01-01 14:21:08,,
gp:AOqpTOGkwSE-fXIyAc5NGYCnetTf17xTvlG0cvzjsuxYNVQzoME9gyY_rMLxAZtvZEi-g-e6zGxdNsJkcUr3Ag,Bobby Hassan,https://play-lh.googleusercontent.com/-PfCZGAOBT0A/AAAAAAAAAAI/AAAAAAAAAAA/AMZuucmVCyLf8YCvbVObUtp5uYVp7egxzw/photo.jpg,Great app,4,0,1.4.4,2013-12-28 04:17:46,,
gp:AOqpTOH9P3N3Lt3lbvPZ1fz00Jupz-Ycw2YQv3F6UxM1CGqQHn4qnwD-IHBj0mTkCWIoOWGyo-xx4Sq9HS869w,Mohammed Nosseir,https://play-lh.googleusercontent.com/a-/AOh14GhSDavIJfL3HGV1RVcnUHa0mqTKGykycXQv5_YNag,Dear team I buy but not working Ihave Toyota cars,1,0,,2013-12-10 01:28:43,"Hello, If Torque Pro works on you car, RacingMeter should worked. Please do not hesitate to contact the support. Regards.",2013-12-10 01:43:49
gp:AOqpTOG0HDFOanmu9bUIQ-maiDYkAH7xlTWzMeYGWyIxJW7567TY7bqnSprDhKufJF2FxAOvYaeTFCSzRgm1Gg,Squirrel Modder,https://play-lh.googleusercontent.com/-jrjX4Q3GXWU/AAAAAAAAAAI/AAAAAAAAAAA/AMZuucnGowfat6yMnNW4vOum2HEzfEO9hg/photo.jpg,Tough to set up at first but you lrn. Needs more gauge options though. Like for fuel and engine temps oil temps voltage things like in torque... why its missing these I dont know but its alot of fun.,4,1,1.4.4,2013-11-22 02:43:43,,
lg:AOqpTOHPdLl-L--u0py9vPVCT38mCiQCu5NMufwXtJ_LxPdBvxQCA09SFbPihFRpz6s_MyF-Hf2s3UzReXABNg,A Google user,https://play-lh.googleusercontent.com/EGemoI2NTXmTsBVtJqk8jxF9rh8ApRWfsIMQSt2uE4OcpQqbFu7f7NbTK05lx80nuSijCz7sc3a277R67g,"I'm running Torque Pro on a Nexus 7. This is, by far, the ""Potentially"" Best Plug-in available. Having a software development background, I know that serious time and money were spent. I'm scoring this a 3 for the simple fact that so few OBD parameters are available. I don't understand why. The PIDS as well as their output (formulas for processing) are available. Why not finish the magnificent work that was started?",3,10,1.4.4,2013-09-11 18:19:25,"Thank you for your feedback, new features are planned for the future, please do not hesitate to send your suggestions to the support email. Regards.",2013-10-22 05:06:42
gp:AOqpTOF-Bu1_SWovJC8HA_PMHUBSeVqvbJh0qF4CP9ZmpcwfWkEjF0Se96hPhz_NYVcvGaUUXw8zZ6vtctukGQ,Jeremy Watson,https://play-lh.googleusercontent.com/a-/AOh14GgJ0EnjBETaoSII2aK2JN-nI-GM1vpITasH0VTTDA,"Have a few issues people should know about, nothing major though. Screen will not auto rotate. Meaning, if you dock your phone the ""wrong way"" Racing Meter is upside down. At least for my Nissan, it doesn't read any PIDS for gear position. You have to enter speeds for gears. Which means gears are useless unless you shift at those exact speeds. Other than that, customization kind of sucks a bit. All in all, for the price, not worth it in my opinion. But when you get it all set up the way you want it, not bad",3,1,1.4.4,2013-09-09 18:39:05,,
gp:AOqpTOF0NH7TjYjoMpMaUuaUsbLKeP226S-IMQnVBjZJEG-1DbjRIaOWfHZ5kQn_jjex9lUFY_uzvYQ2tKdFGQ,Jason L,https://play-lh.googleusercontent.com/-9vB9RX6Yp58/AAAAAAAAAAI/AAAAAAAAAAA/AMZuucmdr8XWul2z3qBsZj9UKVnD13pHKQ/photo.jpg,I would like an Air/fuel ratio icon also. If it had that this app would be perfect.,4,1,1.4.2,2013-08-19 17:49:19,,
gp:AOqpTOEapFImflWv77_XlLsmWithr4_nmGRHIBTgYRDvntXKWXrsY3eQHdiwcwPGU6Ts8CSYu4CfHnHcPX8QVQ,Bryan van Staden,https://play-lh.googleusercontent.com/a-/AOh14GjTDfeWyyZyM5WBB1_qFAlu10CKQTvEjBarEhh10w,"App integrates well with Torque Pro, but drains my battery even while im charging it. Very fun to look at though, and very accurate once callibrated correctly.",3,0,1.4.2,2013-08-17 17:10:43,,
gp:AOqpTOF0xtQhlNEgqnU_4Nm-DviXDoMcGb9NeosQDKqm9qIVo2MBNUDRYv9BcJ_7-leeXkHLuAFvjSBgys-4EQ,Pierre Eklund,https://play-lh.googleusercontent.com/a-/AOh14GhvPTzoPFl5vv8QLeNo0pcFRRLUY-DPfOKwPq51Qg,Sweet,5,0,1.4.2,2013-08-15 05:32:13,,
gp:AOqpTOHkHEpGOpA9pdmbTsIMRGzU_-kBu9xbWnuHrPjuErmToUTNzf-WveVg6z6rO5D3Qm1zm_GjL_YBeKqCFQ,Ken Williams,https://play-lh.googleusercontent.com/-a8E5FoPDug8/AAAAAAAAAAI/AAAAAAAAXNE/AMZuuckaI1sN3qD68KHS5gAgNxrWaDHaow/photo.jpg,"Looks cool, functions perfectly, had no trouble setting it up.",5,0,1.4.1,2013-08-03 23:55:59,,
gp:AOqpTOFYUQymWgA4Q5wedD8neSmgPI8ATld4o_yAoE6Mjg_AwFwfvKzChqeKT01bMe_ayvTiCwtgC5zwSq6S7g,François Archambault,https://play-lh.googleusercontent.com/a-/AOh14GjEIBsz-K6yBEBEc6BFXMufwWdmClucjuAwIl49XA,"This addon needs to be able to read all available pids in regular Torque app. I mainly use coolant temp, KR, intake temps, Boost air temp and anbiant temp. Those values should be available in this addon.",3,0,1.4.1,2013-06-19 07:46:44,,
gp:AOqpTOHIz23yN6rL71-OfJMg8Pr0Fr45x21r6JTodu_8Em_5QZS3Bos4699TyVs9iBaZI9dOvmaPhBANzJnH6Q,J Villalvazo,https://play-lh.googleusercontent.com/-aB915lpxZr0/AAAAAAAAAAI/AAAAAAAAAAA/AMZuucn0klc41bzERF2binVBagWGJIO2Hw/photo.jpg,Could use better layouts in the near future,3,0,,2013-06-12 15:39:28,,
gp:AOqpTOGBSFoBIbywPw1BRkkV_lHz3nCWU-oZSlmbTMiqpiNLsH6PiPK_dxLxoZgAJwZRssDvJcL6_i9EN_NNZA,Gohanburner,https://play-lh.googleusercontent.com/a-/AOh14Gg5CnuRl4HwXZKYODzRHCUy4kAr6z1FaShyM0mG_w,"Why not just use the basic gui editor Torque uses as default? So much easier to configure. Also, wish I could have only numbers, and change gauge types.",3,1,1.4.1,2013-06-02 20:24:55,,
gp:AOqpTOFwlbj1zmEH4uHy1n50kuhomVXZ2cH1r12KrahdCbLIPQ5gYUSwbu_wE4t7lrkWzNjDpfajqdjUd0eiWQ,Jarrett Allman,https://play-lh.googleusercontent.com/a-/AOh14GithA-DyBSXMRMhav9RyU_mMFfDO5JMGZlCY8ZoMVk,"Torque supports reading the current gear, at least on most GM vehicles with an automatic transmission. I would like to see this implemented as the current gear function is wildly inaccurate",3,1,1.4.1,2013-05-30 10:58:12,,
gp:AOqpTOHnXgHjTEXnO-yWZ1v7NJfo0VIH0fV9Y807Eu-zQrkRC3dY_4DgYw91NA3_F4X6YClsMBMMzc0obNXrHQ,William Schmitt,https://play-lh.googleusercontent.com/a-/AOh14Gi-E-3tR93r2Y4iG1ekc3MK--BqwVtNpYQffC5o,Hey - it's an app for in car use.  I don't have a connection there.  Please fix this.  Otherwise not bad.,3,0,,2013-05-29 15:56:13,Hello. Normally the license verification is not made for each start. Please contact the support a quick fix is available. Thanks.,2013-06-01 06:17:31
gp:AOqpTOFSAOgD57lP3Z5nh-5IDfqA6-0PQ1c8PtLUpt4AcpEd1NB607PwzpA1bYa14vCu017GfBK12p7liTz5bQ,A Google user,https://play-lh.googleusercontent.com/EGemoI2NTXmTsBVtJqk8jxF9rh8ApRWfsIMQSt2uE4OcpQqbFu7f7NbTK05lx80nuSijCz7sc3a277R67g,Nice app. Could do with some improvements to GUI editor.,4,0,1.4.1,2013-05-22 08:40:56,,
gp:AOqpTOFTe_KtUu-P-H0ZgZ4H_GIq6gmRLrc0QAoc-nnEKTvrJ7XZ-F1--TNW189B3dnZnCwlddzL4OUSxdj2Jw,Leonardo Modernell,https://play-lh.googleusercontent.com/-WhyxY9gKdcM/AAAAAAAAAAI/AAAAAAAAAAA/AMZuucnL2Psr2C0dhNBCYtYqm5j6KTMhIQ/photo.jpg,It makes it look like a race car gauge. The price really shouldn't be $3.99 though.,2,0,1.4.1,2013-05-13 10:36:56,,
gp:AOqpTOFRvfC4E5ETEGH0rImKQiRZtq5n2Rh99p38wexWpvNDpSYrHmZy6Klmli7tUqsjoe77Xmd8DCcAY73V6g,Dylan Conner,https://play-lh.googleusercontent.com/a-/AOh14GgCwQx28SE3Wf4s02dVoH1XZoSBxdopvwpZLegMnw,"Customizing gauges is clunky at first, but once you figure it out it works well. Selecting the gauges is a pain, but everything else works pretty well, and the end result is a much better layout than you can get with the vanilla torque app.",4,0,1.4.0,2013-04-04 07:58:49,,
gp:AOqpTOHCvnQfi7P2NfSX-4z6MeOG3jyUg5DMVAL9k6MT0HfI3WRFUZvQx8-vdZr3Mkz_Q6SkDRKI34K9Rx2wow,Christopher Van Gurp,https://play-lh.googleusercontent.com/-eSzc1NsjSyI/AAAAAAAAAAI/AAAAAAAAAAA/AMZuucnIxrZt652Qi28WfTbXfhWjdrbmIQ/photo.jpg,Doesnt add much to the torque app in any way. Just changes the way it looks but heavily limits the available metrics. Very very difficult to arrange the dash the way you want it.,2,0,1.4.0,2013-03-25 22:23:55,,
gp:AOqpTOHGJOvrGjCCyw02yLoSnpaeC-gtN7DNk7eM1On7hU4WebfoAfpBstNd_QhKkj4D3zQNjEMi6336AtkGdw,David Feinberg,https://play-lh.googleusercontent.com/a-/AOh14Ghs3xk-gUXHzNbZ4QK5KHUaUJClD90HIqXn75HCZQ,"I really like this app a lot.  It's my favorite addon for torque.  Big, easy to read displays.  I had a licensing error, but I emailed the developer, and within a day, they sent me an update that fixed it.  Great app, great customer support.  Overall, excellent product.",5,0,1.4.0,2013-03-14 13:24:22,,
gp:AOqpTOEcR6rNUKLi6vZQV01MPFHXhckVsZa1R2inZOGxqQMKqjDOVmVbzLZcLDPAalu2qy22wXZi7JjpwwZ3Tg,David Graham,https://play-lh.googleusercontent.com/a-/AOh14Gja1sogG3xdXHAzDw_ziNFZt6nJUfC8rPy1RXSE,A few different sensor readings would be nice but overall nice addition to a super app.,4,0,1.3.5,2013-02-21 12:15:39,,
gp:AOqpTOF3LBFLhAIkkmG33WzHh2Va8XXhQ-VieiqiwoCGKhq3IAxVit5B81nYFoUsodtCn5BB0f8E2AO-VQHU0Q,Rob Sheridan,https://play-lh.googleusercontent.com/-YB2Em5g5h-E/AAAAAAAAAAI/AAAAAAAAAAA/AMZuucm1vlkEZ-Qz0FQ84hOx-0pqkDOgsA/photo.jpg,Thanks for the hard work.,5,0,1.3.5,2013-02-21 10:03:07,,
gp:AOqpTOErRE7i12iLk3GJF_DoFA5s_eQ5HJN0cAB6su5eXntumwiOmGIFHNf7fOUw7szIzMvRl4w5SFU1sp1ciw,Willibald Merkatz,https://play-lh.googleusercontent.com/a-/AOh14GgSkuE_VOWN3tlPCHnAgMiIFdOIOuNFJmkE4V87SQ,"It is a descent app. HOWEVER I wish noy only `LPK`, bit also`Kilometer per Liter` for customers living in different cultures.  To me, LPK is useless option, which makes me confused.",3,0,1.3.5,2013-02-09 02:09:57,Hello. KPL and MPG units have been added in the recent updates.,2013-06-01 06:21:08
gp:AOqpTOFab3mrDjVQPLI5VlqEa9tUsNg8kF5xc8aim2BRbeTVZYDSdzry9RE6ouFTTmO1LKwP0MH4rhwWK11gIg,Home Home,https://play-lh.googleusercontent.com/a-/AOh14GiopmHCu_GxBy3s2Cyp6UlTUaQjOGH1A3q3aIAX,Nice program the only thing i dont really like is that moving or changing the display around is a pain ! Maybe drag and drop coming soon?,3,2,1.3.5,2013-02-03 19:29:53,,
gp:AOqpTOEj8nMsY5e5Zh1rS1cIBLty0sfsPfRxN326brabszlaoLl5BN2byFTP5o935LF5KHoUgE5GbcDNjVBoZw,J Mooves,https://play-lh.googleusercontent.com/-7Kzg_z0RlFc/AAAAAAAAAAI/AAAAAAAAAAA/AMZuucn7QbPt5lnaKbkuYRGxGaDGMGovlQ/photo.jpg,It's a great way to monitor my 'Motec exhaust system'. :) Thanks for the hard work.,5,0,1.3.5,2013-02-02 19:25:02,,
gp:AOqpTOE-t6-UEVuF41j_T_st3bCMKYtdzwtT0lYHXVBFNWYw4A-7-h57XEXYqEFky_3Blu1UNrROah9ZoUcsjA,jonh bishop,https://play-lh.googleusercontent.com/-wjCD_8pc1xI/AAAAAAAAAAI/AAAAAAAAAkc/AMZuuclvsvVRJte1t2tMwgxMFjnnWeIDgQ/photo.jpg,"For a plugin its very expensive since torque had all the work. Gears change don't work and when they do, its like a guess. And more important. No Refund available?",1,0,1.3.4,2013-02-01 23:36:31,,
gp:AOqpTOE1mpylEukb7GUXDqMfUtwFCEi7IY3yYkAsn67QG5qyq8CG9WlD-SYPNfNI3uoUcwi43ekOdma3iSuJSg,Kris,https://play-lh.googleusercontent.com/a-/AOh14GjL1kkahuRw5Px2zKpO4AiS0ZMcJcmV0F6JkdiaYg,Other then a few issues and I'll have to restart it to fix its an awesome app.,5,1,1.3.4,2013-01-29 18:04:49,,
gp:AOqpTOF1txmNa0folvMVlE-lvugH4CaHs7eXKT2jX6c6WV0bd1d_jM9GoRs6-9MbdTHzLj1q6dr_ZLEwdHOInQ,G R,https://play-lh.googleusercontent.com/a-/AOh14GgoGk0OR7D77gwRVvtfxwdWPIdvvlo2F35Ei99Hic4,I'm using this on a SGS3 with torque pro.  Torque pro runs great and doesn't have much of a delay.  This app however runs a little slow.  About 1 second slow.  I know it doesn't sound like much but 1 second make a huge deal.  Also dragging and dropping would be nice to arrange the dash. The visuals of this app are great.,3,0,1.3.2,2013-01-27 07:38:44,,
gp:AOqpTOEqR6pZEirdA-TRpSKiNarNUsplqDOulH6mps3FtioAdgo1ecEq4kczw9f8BW4xrokbCWtDEEBgZqRing,John Harkin II,https://play-lh.googleusercontent.com/a-/AOh14Gi0g09zSZHR1mIawbEZzdZd_D_ebBhw81IunzJj-A,Makes torque into something I actually want in my car.  Very cool.  Would like to see higher resolution FX.,5,2,1.3.2,2013-01-19 08:53:52,,
gp:AOqpTOHm06Rv3wQH1bt10_jPDuK2nHEoTqCA3ulKcxz4fJlhVF9eIK6FBZtkOazWz5DcPc0NxbwpT6hnMByAwg,Koen Schelfhaut,https://play-lh.googleusercontent.com/a-/AOh14GhEB56q-TVp_MYkpuSmnGTIbipLHzmLWOEl5p369qM,"Solid app, great looks and solid functionality.",5,2,1.3.2,2013-01-16 01:45:45,,
lg:AOqpTOFYFlvktJ1cjbYLcSNBfG3HVqtSdXxXIvrgb4LKGTJ-7VgD-K5SRnlL398i8H1TffMZSm8zhfC82ntGRw,A Google user,https://play-lh.googleusercontent.com/EGemoI2NTXmTsBVtJqk8jxF9rh8ApRWfsIMQSt2uE4OcpQqbFu7f7NbTK05lx80nuSijCz7sc3a277R67g,Very nice,5,2,1.3.1,2013-01-12 14:57:01,,
gp:AOqpTOHIj0uDDRmmBYgAnwpQHZt53XjKjahIwzjyvq7VnBOF_b3toaOkYEFtsO3cBPJDqstdUFc0cYpturaOag,Venson Cheock,https://play-lh.googleusercontent.com/a-/AOh14GinwnCHoa2CBjxEk9CC6aSFme6uME7uzBNq_ATD0w,Very well made. Solid Programming.,5,2,1.3.1,2012-12-29 14:49:43,,
gp:AOqpTOGomYjoF-fos2yFvTbliG6znoAQPXbbg00KOJqDA1gtuPmIeZvCHtwEvN2UEvjvnAAS6oIqRK3fAw7Ssw,Rolando Morera,https://play-lh.googleusercontent.com/a-/AOh14GjadF3T4MFdaypSU1XOWEmYQAfmUopV_HhuZHwlnQ,"Works great,very neat!",5,0,1.2.4,2012-12-18 11:06:34,,
lg:AOqpTOH9L32Q0tMfnw_ggFvBaMJNs4jtceqqbJImI1mN6yKr_AF2l6P_ucAwZb4krYZRpcorMvXFLH2D439yIw,A Google user,https://play-lh.googleusercontent.com/EGemoI2NTXmTsBVtJqk8jxF9rh8ApRWfsIMQSt2uE4OcpQqbFu7f7NbTK05lx80nuSijCz7sc3a277R67g,Great keep up the good work!,5,0,1.2.4,2012-11-27 19:10:31,,
lg:AOqpTOEWbgROgk0KOATJ3qwA9VT62OuW7BjT1GLUm2qvrojaupgW1LpvmX4AmlvLa0I3ppJ9eBEvR_l_4MCECA,A Google user,https://play-lh.googleusercontent.com/EGemoI2NTXmTsBVtJqk8jxF9rh8ApRWfsIMQSt2uE4OcpQqbFu7f7NbTK05lx80nuSijCz7sc3a277R67g,nice,5,0,1.2.4,2012-11-21 03:24:49,,
lg:AOqpTOEoCi9A8uVDQIoX-uIJF8lQEvY_JL-U2mdYTbYDHpR06maC2uYS3UU1rYhx-KW-eRt9_loqr4-NlW2pQA,A Google user,https://play-lh.googleusercontent.com/EGemoI2NTXmTsBVtJqk8jxF9rh8ApRWfsIMQSt2uE4OcpQqbFu7f7NbTK05lx80nuSijCz7sc3a277R67g,Very cool,5,0,,2012-11-15 00:29:09,,
lg:AOqpTOHFgwGWcS97aV_1wUvYEtsr0LQw_bkbzHJwzBdJm0Hh96S-AFrrJRfJafOSz1QDA0yaTIYWCMBBxMKPjQ,A Google user,https://play-lh.googleusercontent.com/EGemoI2NTXmTsBVtJqk8jxF9rh8ApRWfsIMQSt2uE4OcpQqbFu7f7NbTK05lx80nuSijCz7sc3a277R67g,Great app for high revving cars especially if you have no tachometer!,5,2,1.2.2,2012-11-04 23:18:16,,
lg:AOqpTOG1CctoVZavvBWaiPrCihj5M_u7dvEtM2DvoV38YVimE_Ot3AVbS8LSW5I-_WSPm-1rr0SHfVTwrNcLYg,A Google user,https://play-lh.googleusercontent.com/EGemoI2NTXmTsBVtJqk8jxF9rh8ApRWfsIMQSt2uE4OcpQqbFu7f7NbTK05lx80nuSijCz7sc3a277R67g,"For the price tag this app is far from worth it. The interface for modifying and arranging readouts is clunky, and at times overly complicated. The only saving grace is how quickly those readouts update, but it's hardly worth any sort of money, especially with the stronger feature set you get with the default torque dashboard. Stay away, IMO.",2,0,1.2.0,2012-11-04 15:19:19,,
lg:AOqpTOG93F3tOJg0NtfD2GuDzrbyXrBHOdt57ajEX_FI-tPn_2MNgVtEhM78Zy1AodBGEQyjFWi7QRNsRJoq1g,A Google user,https://play-lh.googleusercontent.com/EGemoI2NTXmTsBVtJqk8jxF9rh8ApRWfsIMQSt2uE4OcpQqbFu7f7NbTK05lx80nuSijCz7sc3a277R67g,Not very functional. The gauge set for torque pro is way better then this crappy race meter.,2,0,1.2.1,2012-10-25 18:48:54,,
lg:AOqpTOEkxMLxK16MpcEwoUYYEcRPiN11EbSRzEOOMdjx5A9HrDMV_1-HhPp4SWGHqsiaK-oA-KXYz5NydrXavg,A Google user,https://play-lh.googleusercontent.com/EGemoI2NTXmTsBVtJqk8jxF9rh8ApRWfsIMQSt2uE4OcpQqbFu7f7NbTK05lx80nuSijCz7sc3a277R67g,Great,5,1,1.2.0,2012-10-15 07:01:44,,
lg:AOqpTOHPuXKxfOtYChNovbqqCgNMBU4TGzpWYAOH5TrOoe9WkLgOWv12ZNbrRLFDVkA6Sq6dd5GKw-ZZ1buvmw,A Google user,https://play-lh.googleusercontent.com/EGemoI2NTXmTsBVtJqk8jxF9rh8ApRWfsIMQSt2uE4OcpQqbFu7f7NbTK05lx80nuSijCz7sc3a277R67g,I prefer seeing this screen on my mounted phone over the car's regular dash.,4,2,1.2.0,2012-10-14 13:53:56,,
lg:AOqpTOE9Y6dqhdAIX4HbfELIZUUO7M_7kJWPs9UNx5gr28jZ05PK1TzxYqeffLTYTHcVscF4OYIn3VgNTWDmpQ,A Google user,https://play-lh.googleusercontent.com/EGemoI2NTXmTsBVtJqk8jxF9rh8ApRWfsIMQSt2uE4OcpQqbFu7f7NbTK05lx80nuSijCz7sc3a277R67g,"Was a good app, now its a great app to add on to torque.",5,3,1.1.7,2012-10-09 09:19:07,,
lg:AOqpTOHnZ6d41AEev03DEn2903OOmx6ylU2CpbIqOzk7CzwZiN1RMaiBkRNqqwmwpG0nMRARDOy-cvMYh--grA,A Google user,https://play-lh.googleusercontent.com/EGemoI2NTXmTsBVtJqk8jxF9rh8ApRWfsIMQSt2uE4OcpQqbFu7f7NbTK05lx80nuSijCz7sc3a277R67g,"A great add on for Torque Pro. Took a bit of fettling to get it dialed in on my truck (Cummins) , but once done it works well. I'd like to see ability to display some extended PID's (EGT, wide band o2) and saved settings for Torque vehicle profiles, so it's easier to move from car to car.",4,1,1.1.4,2012-10-08 12:52:33,,
lg:AOqpTOEbj70B1MQkitku-G81uvJfFyUCYshBCu5gjbe_gINeOHPcZR1MwYcjgXVPvmgT_Fffni41XJTxNVROSQ,A Google user,https://play-lh.googleusercontent.com/EGemoI2NTXmTsBVtJqk8jxF9rh8ApRWfsIMQSt2uE4OcpQqbFu7f7NbTK05lx80nuSijCz7sc3a277R67g,"Brilliant, must have for torque",5,1,1.1.6,2012-10-07 16:13:45,,
lg:AOqpTOGZFTWEjj5S9TSlLHIFpRR0dTrZDGAuAs60Y7aVXtD2CwMq4YC3QREo0CfGABm59I8UPROFWKe36JpQHQ,A Google user,https://play-lh.googleusercontent.com/EGemoI2NTXmTsBVtJqk8jxF9rh8ApRWfsIMQSt2uE4OcpQqbFu7f7NbTK05lx80nuSijCz7sc3a277R67g,This app looks and works fantasic in the car.,5,3,1.1.4,2012-10-05 17:46:50,,
lg:AOqpTOEUSNa5HCeLPeGIbxX-rWveM7N9V4HlSzuY6sWwCQ-dy9CUumle9kjBY92d48bQAZfs5oz7R5xtd70k6g,A Google user,https://play-lh.googleusercontent.com/EGemoI2NTXmTsBVtJqk8jxF9rh8ApRWfsIMQSt2uE4OcpQqbFu7f7NbTK05lx80nuSijCz7sc3a277R67g,"I gave 1 star in my earlier rating, but now the problem is fixed. Fast correction. Thanks. Love it.",5,1,1.1.3,2012-10-02 20:59:27,,
lg:AOqpTOEYrkyTamm9is7vjAbeEmepK6JDXkZMrdyGK52yTmoaFnphsC7nNEfa6d-3HdU-iyuJzmjLANEtnAGvdw,A Google user,https://play-lh.googleusercontent.com/EGemoI2NTXmTsBVtJqk8jxF9rh8ApRWfsIMQSt2uE4OcpQqbFu7f7NbTK05lx80nuSijCz7sc3a277R67g,Have used Torque Pro for about a year now and love it. Development is awesome. Attention to improvements is incredible. Highly recommended plugin - even for the daily driver. Keep up the great work. Dodge Pentastar 3.6L V6 here. Samsung Captivate. Thank you.,5,1,1.1.2,2012-10-01 08:12:53,,
lg:AOqpTOH0fH2xWSqM8LdlsL-Pwn8mOdpbbphw49t9VQQVqK62-JFFwy69jiu-Ax2D-ZWzhEfIZAX_igNUfT58Lw,A Google user,https://play-lh.googleusercontent.com/EGemoI2NTXmTsBVtJqk8jxF9rh8ApRWfsIMQSt2uE4OcpQqbFu7f7NbTK05lx80nuSijCz7sc3a277R67g,Worked perfetly for my Samsung galaxy s3 until the last update ( that's why not 5 stars ) now it says I'm always in neutral and flashes 3 rd  between shifts,4,0,1.1.2,2012-09-25 20:50:06,,
lg:AOqpTOHQkMCDxWOJG628vOI0l57Y0HbfQ1nZSbn-LJk1BbwWahZ0aF0cGJz8RSGX_1-HHHrfc4mLMtNjHoCQGg,A Google user,https://play-lh.googleusercontent.com/EGemoI2NTXmTsBVtJqk8jxF9rh8ApRWfsIMQSt2uE4OcpQqbFu7f7NbTK05lx80nuSijCz7sc3a277R67g,"Missed mirrored screen for HUD, emailed the creator, now two days later, the update was here! Impressive performance, using it in a Volvo Turbo MY12 and the lag is minimal even with a Chinese ELM327! Thanks!",5,2,1.0.3,2012-09-22 11:06:44,,
lg:AOqpTOFDD7I4LiKvyGNaMYPMv5dr8f_Q1QihbVclsmu2Pqpyray__T-eIKt4RljGrgEA--Dp6eo5oVt7G_E87g,A Google user,https://play-lh.googleusercontent.com/EGemoI2NTXmTsBVtJqk8jxF9rh8ApRWfsIMQSt2uE4OcpQqbFu7f7NbTK05lx80nuSijCz7sc3a277R67g,"Don't waste your money. Its cost 2/3 of what torque does but has not even 1% of tqs ability. Can't customize,  just a set format.  Really lame. Refund please",1,1,,2012-09-21 22:18:51,,
