reviewId,userName,userImage,content,score,thumbsUpCount,reviewCreatedVersion,at,replyContent,repliedAt
gp:AOqpTOGumMi7ouHUocZN4OopmgtJuNahE2V3V34mpVpmFDYIXbNAbjnZPKGhZhZzNR2W91JYKj7bKAKwR9PuyQA,Gaurav Shirvalkar,https://play-lh.googleusercontent.com/a-/AOh14Ggu1l2_gib9bHNevHVISMnc-8nG3acRXwaE0RkkHQ,This app can uninstall local apps not system appa,1,0,1.6.0,2021-01-30 00:30:12,,
gp:AOqpTOGx4hdX2w4Eg0PrYB4EC9s6QmCJ3BYAp07FEBgoTCxgo1oBGt1DiPF7CxIXF_QWEhMVQbxYQHnf9ievTrA,Jason Adam Hoffman,https://play-lh.googleusercontent.com/a-/AOh14GiKhUkl7G31bSgJ8BRpsTD1u4XuM9pRSGQlYaWE2A,Simplifies it amazingly!,5,0,1.6.0,2021-01-11 01:51:55,,
gp:AOqpTOF4SIpwkgZ0ca42pSJE1gMU5W1n0OaUi9fqd57fRq2fr_OgO0zYJqvOMAMP0GtuJHrrch20qVL_L6Eawh0,Live Free,https://play-lh.googleusercontent.com/a-/AOh14Gh4udOpUOM0o1Txz72EQ2MAVcJSUvSw95M1kXq8sQ,Excellent app.. worth every penny... Thank you..,5,6,1.6.0,2020-10-03 06:39:31,,
gp:AOqpTOEBNmJdRCUE4zNPXVhcyZ-XUVBXSHC_RehQcFWHW0Nj6JAUQuZD2Azrkac-GlIw7tXXgEExSR4DhuzJycg,Kenneth Weiss,https://play-lh.googleusercontent.com/a-/AOh14GhzpPaj4cWeCnrFQ6KzKDakDKH3_sfxA26Dhfzkwg,Been using this app for years. We'll worth the small fee.,5,2,1.6.0,2020-08-17 06:59:00,,
gp:AOqpTOGduzPrmbZJrAz3Zi8P0elHybZL25fJNPDVuxshCO28pI0VesV8Tl2HXlO8wLkslJ00TtdaSX7wzqIExqo,Peter Romano,https://play-lh.googleusercontent.com/a-/AOh14GgSEXf3cTIEiWW4jKprrLkJqbDJyV_IjKfX1Yxc,"Works great on my OnePlus 8 Pro running Oxygen OS 10.5.12, NovaLauncher 6.2.13 and Magisk 20.4.",5,0,1.6.0,2020-08-15 11:31:54,,
gp:AOqpTOFeeqPjdVA38KNhc6E5IVrXmO1oxf4btQIrMHBWHatWUhBo7rOoQ3OFJ9J-O0_RJiizHSsU68k8p5q1vNk,Michael David White,https://play-lh.googleusercontent.com/a-/AOh14GhW5kjPx_MwHdx86D8oAdBLQnsMHb61tK0_codwzQ,Could not find apps that were pre-installed on my phone.,1,4,,2020-08-08 22:22:50,,
gp:AOqpTOE-3wiYErwBG36lG4sTkWdpcLKD2dselPODlAfnhB7CJgH85vbQnwvhtyd8I3biJNTcbgS5j-ASGeLsUx8,Charles Collier,https://play-lh.googleusercontent.com/a-/AOh14GjUuyHJG9TUiuOb8Cker7CeURiXhd9fGTON8_OHC_8,Seem to work well.,5,1,1.5.7,2020-07-31 20:55:56,,
gp:AOqpTOEVPalsy7dga7-Q4NMDfoY-J3Dd4J3EGyHYfqm-ObxTwTy4j_M1naJL4mekRPj5He4asaBHoq2Gb4UQzGg,theo g.,https://play-lh.googleusercontent.com/a-/AOh14GiVBO_sGu-rNa5WUFVcG4xpml3WsJDPXQcqO2L3eg,Please update app for newer Android version,3,0,1.5.7,2020-07-07 08:52:22,,
gp:AOqpTOHQAAkQslS6yROgc-yJ9AybNZ-DmFjmVJWXIkkLNLEMRTjVa-erJNp3n0voXEc9gSqvh-xnSYEf-jGAPZQ,Lary Crews,https://play-lh.googleusercontent.com/a-/AOh14Ginhrj2oD7Vs9gjn1TpTufS6ofBTV50TNSf1rFnMy0,Easy to use. I recommend it.,5,0,1.5.7,2020-06-21 09:53:48,,
gp:AOqpTOFa6Hw0_jT0o8ZZRoGjNrYlAN8zvOfHDEytpIgzVMWdanJubYL80_uxedGWzyNok-_LnXQ1uZC5Wh4GORw,ReChelle,https://play-lh.googleusercontent.com/a-/AOh14GiRrMeqTIaEn4VES8ZSljZ_ffNs-4JpRw-sdvE8Sw,I use it when I need to uninstall alot of apps because I am a app junkie.,5,1,1.5.7,2020-06-08 19:51:05,,
gp:AOqpTOG_i2eiLJRy1JIuJjOSzWjrTsvqB-PDWkyOcPYSKMg4MBaGfB-DWt7duS1Ehht8ZdE41sISmfLb4JjQZak,Rick Tudor,https://play-lh.googleusercontent.com/a-/AOh14Gh0yY5eU3Rvia-JGXqSv3JIUJxqckaY4-Xfzx7X-g,It's okay but it doesn't delete a lot of things I would like to delete please do better thank you Rick.....,4,0,1.5.7,2020-05-03 03:32:25,,
gp:AOqpTOG-c04o8LN7pXSP8_OaAezkB11uk22XLinmSSKWmqVcsVGd1zBWrQsNW6yPmyKymdWgww0k_LiT5aZP9OQ,Collin R. Boyle,https://play-lh.googleusercontent.com/a-/AOh14GgncivqClK5H7WsrvDjYCPK_zFL_zjSvhtnZngdNA,It's not detect any of my bloatware,1,2,,2020-04-24 19:28:57,,
gp:AOqpTOHCNMFko66kfFb8NxYz5QM1on_hFZgmk88a5fO0H8KqkNF2uqI0Gm_pbmGh2AbPwIu_hTl3F0rR-PhMfRY,Ted Donovan,https://play-lh.googleusercontent.com/a-/AOh14GhBipaQIYXnp_9JF69TLaKcBiqg7iVb9EkJdEWkAA,Absolutely great! Works like a charm! Well done!,5,6,,2020-04-22 10:59:21,,
gp:AOqpTOFzfZ8ZOKaAX03APW5Uql-n7v38v5dg2BsrXsrQETRBMy9Q3rd61OwKktASbRsWf1U6CqVSAc1zNY83OZE,Bansidhar Sahu,https://play-lh.googleusercontent.com/a-/AOh14GjDi4zzb90B8IPwoJn8J2NlM4Mw7GuCOPNC_I1zHyU,Very nice and useful. Thanks again.,5,1,,2020-01-22 04:46:36,,
gp:AOqpTOGuP2xdAsfeg41tF8tQatk5_23xTAlrCilRF6XSXco7JRkdADs8JrFNaeqWsN3oM5As79jwJVXRurw1glE,Stokely Klasovsky,https://play-lh.googleusercontent.com/a-/AOh14GjuTaDOos7VgsohR_Bdokjl6XN3andwZ3oxdF-MvQ,Nothing special.,3,0,1.5.7,2019-12-23 07:19:11,,
gp:AOqpTOF77fWgJ5PSduxWAVJHCVYnSUQPc3fQ72gwO6MTIuMiS2b5CPJ6YR1vYGhZn-afu0mrwg9-0i_ll4QsUaQ,Abi Wicaksono,https://play-lh.googleusercontent.com/a-/AOh14Ggk0nmfbmi-jAX82cG2QxPVb_UBINJuWjUj3Mq_Jg,Worth the money to buy :),5,0,1.5.7,2019-12-04 04:59:06,,
gp:AOqpTOG2eiGHLaA1cNZAol_3Jn40V2zLqZBfVYfoQlhOQJw7IaiSNn84t1d4UjqXiJCL5pMmNyyXkuorTUqIG_4,Mark Sills,https://play-lh.googleusercontent.com/a-/AOh14Gg22KZMKelJpGf_q-z9krGLmT_ywz9tupHSbQrQwTw,Does what it's supposed to do and does it well.,5,0,1.5.7,2019-11-25 13:07:25,,
gp:AOqpTOGjFTjIkNSScBG6IOKECxwhpp3y9FBMHOEjbxUtFMNaEr2kn58XpTg277Zvs3mbjzM03tWpZtOMraP75dw,Albuerne Carlos,https://play-lh.googleusercontent.com/-My3uyTMK__g/AAAAAAAAAAI/AAAAAAAAAAA/AMZuucm_c0x19I-ZNvFdKel6ti6eq0DZJw/photo.jpg,"No desinstala las aplicaciones que vienen con el sistema, World, Excel, PowerPoint, Skype, entre otros.",1,0,,2019-09-27 21:22:42,,
gp:AOqpTOGV3loG7icsJXbD1-hm9e1FJhlA3opj2bMSy_16axfSDavTpXilfRtyWdKrTY3elzk4p0STx7ZFMKNaAQE,Charlie B,https://play-lh.googleusercontent.com/a-/AOh14GjiYGR9OCQeRzyYMyhXuPajqReHsL7maqLWYcQQf18,"Compact screen listing is great! No wasted space… thank you. App works much better than expected. Click the apps you want, and it does the rest. Multiple sort options.",5,2,1.5.7,2019-09-27 04:42:39,,
gp:AOqpTOEo6dcO7dDpG4_leI2Cr5eiRLgZs6PYXjDnY4iYoo2LEcFLmtp86UWB_WosRssnI7jtRRRC72qOOlGLoUg,Jay Tyler,https://play-lh.googleusercontent.com/a-/AOh14Ggq7mV-OKXoBSBMf1UZ65VI77fqCV5k1TlExhfUmLM,"Best one! Easy to use, configurable, light and useful.",5,1,1.5.7,2019-08-20 14:49:52,,
gp:AOqpTOEYP8o4qe47bDp4U_prNO4oMWUt5on4UzN4cIR5sAe-oBgcv2uu5LdEei9Byyb5QR5tADg_lBBjUQPYe8M,TREYRU,https://play-lh.googleusercontent.com/a-/AOh14GhamDwyifrZ0acYdvg90VTpNoV7NDBSvka0lQHt1A,I love this app. it's the only deletion app I use. I've tried others but this is the easiest and most effective. worth of money,5,17,1.5.7,2019-06-23 06:32:57,,
gp:AOqpTOFE6EhtON0jwWQrzFFcS8NHWCo0FCdldkBGlIS-md1ufDqEQkyrL4j_MVF177ATtlwSSGd682bi2X4ASXQ,Darren B,https://play-lh.googleusercontent.com/a-/AOh14Gii_VbcsDV9VgupCOe4Wv_1gfJ4BQXAmqvvzAowny4,no root access,1,4,,2019-05-03 23:53:10,,
gp:AOqpTOHOgEAfqrX7Uhm1NFc5T-IccHIYlNNfEZXG0lA20Ngj-JX2uftyjnE4EZSlGinFDCqiuew-i1lJMYazrEo,Wucif3r,https://play-lh.googleusercontent.com/a-/AOh14Gj4qcxnRk4vJjy_2VNsFw-46wt0OxJ50etnNf65nfc,simple and great. been using this app forever.,5,15,1.5.7,2019-03-01 12:19:18,,
gp:AOqpTOHbmMrMyLiezo_ZiBg6vLZ1RGCSg8QeY7IuSJMp-MPK9PZFUykwi5htXYy-9Yu1qr6nDtzW0dA4diWBA2A,A Google user,https://play-lh.googleusercontent.com/EGemoI2NTXmTsBVtJqk8jxF9rh8ApRWfsIMQSt2uE4OcpQqbFu7f7NbTK05lx80nuSijCz7sc3a277R67g,Stays on in the background; won't shut down most times...,2,21,,2019-02-04 16:52:01,,
gp:AOqpTOEcblZYrR9d8mXQ9D6GtHtwgoypsfxrASimNamXG3l8I8MuyHSAgcVj_uW3mkdnH2_kyKMBN3eAGbV6Gms,Alex Gambit,https://play-lh.googleusercontent.com/a-/AOh14GhL26psQHujqdyhTI-mVQ7FeuyD_sM3Lq9J5FJEOeE,Great for multiple apps uninstall,5,10,1.5.7,2018-12-02 23:08:42,,
gp:AOqpTOEXhEyiPYYJq_mVD-vCJOGAhesKjLTCJii7bdKBRHulJyaDKv4wabg-lERfg-v8uFpWi8564VbnmOBf76M,Domenic Padula,https://play-lh.googleusercontent.com/a-/AOh14Gi7A2Egm1iRsrMWmH8u2-IzyDgVQ6dQjrB-k8gXxRg,Just what I was looking for. It's very easy to batch uninstall apps. Single click uninstalls.,5,25,1.5.7,2018-10-17 04:39:01,,
gp:AOqpTOFfBaHglKkIEUDL5LbU1VPfyDtKxxEuV7agAt3US5DMEAxb97MfMOsqoWcpo9-AtqqYWi0sll-nuUq_meA,Zoran Galic,https://play-lh.googleusercontent.com/-ALYdD8ko2-I/AAAAAAAAAAI/AAAAAAAAAAA/AMZuuclzja3HvkBwNLdVMh5NTsqppoOTBA/photo.jpg,Great app...thanks,5,2,1.5.7,2018-07-11 02:03:56,,
gp:AOqpTOH_cygs0sZA6Xglw5yWlTyfW5LiXOw3BNDxbufVEGfdhW0JS-q2B0QzNeByaZzUEZo4TCZ5A2CoBQd9JuQ,Paul Gareis,https://play-lh.googleusercontent.com/a-/AOh14Gjck_qq1a4V505uyTz3rMaEbhl8DDEDNYROI5cxTg,"Simple, fast, intuitive UI",5,4,1.5.7,2018-05-22 09:40:37,,
gp:AOqpTOHXmgYZ2UIRMthj4F4BMp9Tvb0uOmfsNfSiNFG9RdaeF6YmtOqU3GCk2IuQmqBpspG4G3whmLQhECFmM4A,"Jee Vang, Ph.D.",https://play-lh.googleusercontent.com/a-/AOh14GhZriXoX-RPkeNbZ77XhtMr7J5WTVN4q-M97MJJiw,batch uninstall doesn't work anymore,2,3,1.5.6,2017-09-25 13:49:51,Please contact support@rhmsoft.com for this problem. I am willing to solve it. Thanks!,2017-09-26 20:35:18
gp:AOqpTOF42N_SDtzH1IpDN-Ne9Ru4XnQcrqYCDJfkmdAiSUPz8zkLRyirinvRtuog2JDWvitEumNVRwXf3yUuwPs,Alan Hitchner,https://play-lh.googleusercontent.com/-YdhZwlO1oBM/AAAAAAAAAAI/AAAAAAAAAAA/AMZuucmW9e-vt-XSX3WH09GmI0ydrhYPpw/photo.jpg,Good option to sort apps by name date and then select to unload install,5,2,1.5.6,2017-08-26 21:26:54,,
gp:AOqpTOHWIul6e47Rn0K3-Ph8PWPqMslEVxraQzD3nji2Hq-qvt65vsHljh2l9VYKrls-Ml_7N20PEgG2z4LQKJA,Larry Dinkoff,https://play-lh.googleusercontent.com/a-/AOh14Gh8ZkH9ePnqqzOdnADgREGDZT0BjKwK3L5pDGL-NA,Great app just needs one improvement to batch mode and that is NOT having to confirm each uninstall,5,5,1.5.6,2017-07-14 10:20:29,,
gp:AOqpTOEuxQlWxgLApmVd_yagaSZkqbVC4_9Kgy9xthLK2c22kG89CPq9gkVbh-UKtFB2BnBI0esKudBBQwHvM3A,Steven Walker,https://play-lh.googleusercontent.com/a-/AOh14GjsxmkR5KniJwqHwZlOOZJdNxGHVB72IlnHhck-tw,"The interface is consistent with Rhythm Soft's Installer Pro. It is super clean with no distraction from the task at hand and the dark theme is easier on battery consumption and on the eyes. I don't often need to do a mass uninstallation of apps but the few times I have, this app fulfilled my needs perfectly.",5,4,1.5.6,2017-05-11 13:26:33,,
gp:AOqpTOEgzYLlXbOj-Funf-R3VMouhwLW-EEY569jhXigXa_2Kcv8HBzmN_UtFlJmxO7fRnABwUzrJFqDSRoqCTQ,William Ballard,https://play-lh.googleusercontent.com/a-/AOh14GhXJ3l_QGvWuWAx0QMantlNaPUzbB3CCjwCoYpN,Works perfect on my Samsung devices 4.1.2 to 6.0.1!!!,5,4,1.5.3,2016-12-02 18:03:11,,
gp:AOqpTOEtWcmg6Fd3yJduhRJFsI-OSXTRIUq_r9zucqcFDWVO0H2rJC1nEqfcQKhLaR2xqqP3xxwz33XlLYjsiuQ,Julian Raya,https://play-lh.googleusercontent.com/a-/AOh14GjZPnEN7DY0Gwsr5WlDMaqbRjD05UP3yRbESxrV,This app provides very basic functionality that your phone already has. You should not install it. It's stupid.,1,2,,2016-11-25 15:16:30,,
gp:AOqpTOE1j-pu1vhkV8KjhWjvw8HdVHpxpVoAzBjovIRK9oJw6KxxJ9BOidSABorRgGULAuCMW6iBP9u9Qd19VKc,david tearle,https://play-lh.googleusercontent.com/-Jh4QBi7AqKc/AAAAAAAAAAI/AAAAAAAAAAA/AMZuucnD029trXSUEZ-sKawjnTyK-vMRDg/photo.jpg,Would highly recommend to anyone with android cell phone.,4,6,1.5.3,2016-11-09 13:07:28,,
gp:AOqpTOE9MLFUZi1FhwfAt6nBm5E7_tPg2ZzsJleXYWm21Icfg-3TVLftGFdv877rzWsNR8Iex5seDubgGs7c0Lk,Andreas Daneville,https://play-lh.googleusercontent.com/-6v-7sGDaWvc/AAAAAAAAAAI/AAAAAAAAAAA/AMZuucmeuqF-OrlSGYh3HaC8x0yTlkH4VQ/photo.jpg,Reinstalled my phone. Went and got this app again as it's functionality is great. Went to get the pro asked me to pay. Thought I would get the normal one then and try to upgrade it...  Asked me to pay. Ended up paying for this app twice as it doesn't seem to track who has paid for it.,1,8,1.5.3,2016-10-17 23:30:29,,
gp:AOqpTOEeVFeSVh7XRzA0E55dfyi0WZKjj4D2wvwENVq_LL8DvVJbp9AOpKOD-QbDi2FJ4aK--NHquS0odeDKhU8,A Google user,https://play-lh.googleusercontent.com/EGemoI2NTXmTsBVtJqk8jxF9rh8ApRWfsIMQSt2uE4OcpQqbFu7f7NbTK05lx80nuSijCz7sc3a277R67g,The best for me,5,4,1.5.3,2016-08-25 14:33:57,,
gp:AOqpTOG6JyMnATFEWd_cynZxoCex5Pf_zy3Qhv4bNsPIhQ7hgl_7Old4ki6jNn1mge0lNXe59JE1NHJbtKUfJis,Kat Rollo,https://play-lh.googleusercontent.com/a-/AOh14GiayAzgkW76sQa3MirMAmAkSvTu5CBH8kHyGT6wxQ,"No questionable permissions, fast loading, and gets the job done straight up. Bought to support dev because I've been using the free version for the longest time.",5,1,1.5.2,2016-08-21 08:16:46,,
gp:AOqpTOFYwqTv7sOJxM6jPgINuL4-rrVTpSvdo3g5ubNAoAOkTMlpzgeEcULNcwYcdH4RO4u_U6sYBSXi8DBaWnU,Ralph Allen,https://play-lh.googleusercontent.com/a-/AOh14GhIgnaMcTkQ6EYwopT9NxrS6Y9KZjFHK9frejzFB2U,Great!!,5,1,1.5.2,2016-08-20 07:17:42,,
gp:AOqpTOGbs_Ma-nuoTOvwsMmrJKuteOzHxP-uvoGo7AIpYBKD9rqonrk1eMe6ZxuI6MniEVDDu6Sj_rgpYCWSjow,Adam Kautz,https://play-lh.googleusercontent.com/a-/AOh14Gh1DJxIK-PEsZPos7wqNcsTqKyS9H3wTPKIFEECnoI,"Like the fact that it is quick, has a good interface, minimal permissions, and no ads, but it does not report app size accurately. For example it said Opera was only using about 18MB of space but Android's App Details it says Opera is using over 80MB of data. Uninstalling and getting refund",1,2,,2016-05-28 07:43:42,,
gp:AOqpTOHWGTZF6v6KvkKTuaCqH4ylogvDYAgfMUvARqGy_LUHLYUGjlYwXmYl8oDDZxeh7aLy3G5mxoGYqbEXFIw,dorian Horton,https://play-lh.googleusercontent.com/a-/AOh14Gh98gG04Fw7I7Lapc9Z8DV6vUasBYz66MbvUDdVhw,Fox of the Nile!;,5,1,1.5.2,2016-05-06 05:10:16,,
gp:AOqpTOHzbTGAn7xepD9VyCKYh_DGASeserNeyi4kwJy9iuSWluEuTauRqAt7-6vPoUweN4eHw468JbeURjsgdG8,Christina Greene,https://play-lh.googleusercontent.com/a-/AOh14GhqFs9b_imu8LM9v81OtA2U5y2IDQXaqzQkY2IU2A,Love it,5,1,1.5.2,2016-05-01 12:46:09,,
gp:AOqpTOHay17D3M7JUSX2KOQ83GiJ9764tsWkr9vPwNOFQtLLlBRf_k8MwjWvOrzY9DCge0UJc-MYIeQE23wP00E,Tha Sherminator,https://play-lh.googleusercontent.com/a-/AOh14Gjz1zGrGv-9iX_mVHMZ7tbeU0I4zQCQ8f_8Kehx2g,"Bought the App because of the System app and SD app filters, didn't find them, refunded. Other than that, the app does what it's supposed to with an easy user interface and it is the only app with small rows in the list over installed apps.",3,1,,2015-12-18 13:14:20,,
gp:AOqpTOH0Nqd8uErFLnLCXbitQwr1tQySeysf3xles28FbjmqCT6GY8OaHZ4BFkXv0vMzaQH4o65BdkJ7gPJiyk0,hans solo,https://play-lh.googleusercontent.com/a-/AOh14GhjUyqwgS1_nvdE8ZPxqrjSOPrcw89aUhMVQUk8Hw,"The app does its job and I'm happy with the customer service via email, very quick response to my question.",5,3,1.5.2,2015-12-02 12:53:37,,
gp:AOqpTOElvaF_gy9c1mhpxUoult5l_PRLFQqxwcTpAcb7POJEEpoHR15XLRlJFQGOLp_mPBgZiVLekmwOoWvsJq8,Leo Sarcia,https://play-lh.googleusercontent.com/a-/AOh14GiOBoZHnBjDjVILHk7xhIgxOre4IO8GM0OntGT8Ml4,Refund.not good,1,2,,2015-11-27 07:25:19,,
gp:AOqpTOHRJEQoF_hxURVXih3-7pJciISr3jP9DH3uqJlWdCHjSR1YjzpxSoyI6_uVNySYjhRtfln7qTkFIHKyaww,Jack Peel,https://play-lh.googleusercontent.com/a-/AOh14GjJ0-7yDLe6RSd5B8vFNN4Fh7MosS_kWVJHwqMFBA,Jp342,5,1,1.5.2,2015-10-19 20:05:42,,
gp:AOqpTOFyreBO4h8Hd9rl0tKWU8nShXrK8acz3MYPxrnz654l5OMuqVT2kmUvCurJoWdg4qck2qbPkLVo_ll8jhc,NotSoSaintly,https://play-lh.googleusercontent.com/a-/AOh14Ghei5-2aTyT9toi-sjrdjITkj7GZeLKus7FM08U,"I think what impressed me straight away was this app requires no permissions. I downloaded it to my tablet, loved it, and purchased the ad-free version as a thank you to the creators.",5,6,1.5.2,2015-08-18 05:35:38,,
gp:AOqpTOGz8yv1SVKDQk5UDETTAJ_7_QnLmhsmxUFTyjmb7cdIAaWy-zKcpmgDMPAISs90aTCPJtu7pZTPIlXUAH0,George Davis,https://play-lh.googleusercontent.com/a-/AOh14GgfjJttidezDIfG3HJJwWwwmwTkeGHn-6MN6dqV_Q,"Offers ""Single"" or ""Batch"" uninstall's as well as a few ""Sort"" options such as By Name, Date, etc.  I've been using this app for a long time, without incident, so I figured I would buy it as a token of thanks to the developer!",5,2,1.5.2,2015-07-29 06:17:45,,
gp:AOqpTOHqSuNk6er1NulIFMmFV757q0qzbD1_NWTQEBm8Js-t6si7HIILKkeMCTfimMckjimZszLucFb24ac8LwU,Grant Harris,https://play-lh.googleusercontent.com/-qf7Lenb9B1Y/AAAAAAAAAAI/AAAAAAAAAAA/AMZuucm30QdVscpMShzRj7pPq3RBOigkeA/photo.jpg,All you pay your 99 cents for is no-ads. Will not root. Deleted all. Will buy from another vendor.,1,2,,2015-06-17 09:33:41,,
gp:AOqpTOFCGCQYELKzwNNt3QUN_TU5fu0kduHVq-TSxNR0v52fn-m0bxvsQkwx7IzTWnVTpwdbeD-EjpM3nveS38U,Suzette O'Donnell,https://play-lh.googleusercontent.com/a-/AOh14GjEYuklMlUGFbfMXPfZUp7uFvzO5B4HRvzfWF4P4A,"I tell it to take care of all my unwanted items, no problem! No questions asked. I love it. My phone loves it. Definitely didn't go wrong with this app.",5,5,1.5.2,2015-04-17 02:56:34,,
gp:AOqpTOHp6GhBmF6xw2LA2kYeQqXiGt_IbwbFBLGsKXRbgSjdt7dEp0bF2eEL-Uz5EVauA6UlBW-tuoOevtL8OLU,Agoston David,https://play-lh.googleusercontent.com/a-/AOh14Gi0oEMWOCs5h7cOVD_DqlN7ZxMl77uAoW6QuBw7iD4,Life changing :),5,1,1.5.2,2015-04-09 22:24:07,,
gp:AOqpTOGfvkbtcaoNR6etgPevv6ApXM8pZENiD3OYR1ENMzVgqpCOoqlY4L8A7ni-UFVY4gsRCWWo5vso2xq0t6Q,AbiyShay YisraEL,https://play-lh.googleusercontent.com/a-/AOh14GjxwKvws62deGkR_uY5Iai4MrDy-sOV6lzaOeQ32A,,5,1,1.5.2,2015-02-19 17:49:04,,
gp:AOqpTOElc7dehMSG1NdkF3qaSvkmJjbUUuhHj_1mKSN3YyMoaZZrzc6biVGai0sf7G-VM77GlalsgHwPNFfc684,A Google user,https://play-lh.googleusercontent.com/EGemoI2NTXmTsBVtJqk8jxF9rh8ApRWfsIMQSt2uE4OcpQqbFu7f7NbTK05lx80nuSijCz7sc3a277R67g,Works quickly and cleanly Bought it to kill adverts,4,2,1.5.2,2015-01-19 12:44:13,,
gp:AOqpTOH_XP9nam5XwcHOqmwbe-4o9tKjN0CRB2lrwfrQ_s-EqGSVKXCIWqsBHplvtSn5f4mMsOGNARwS9yRkp1w,Robert Paul Bergsman,https://play-lh.googleusercontent.com/-kjyVs97brgc/AAAAAAAAAAI/AAAAAAAAC0c/AMZuuckvJAAx2EiiAnsg84o5S0PeLRts2A/photo.jpg,Uninstaller PRO runs in the background all the time. Nothing can stop it!,1,1,1.5.2,2015-01-05 08:28:43,Please turn off the notification icon and have a try.,2015-04-06 01:40:12
gp:AOqpTOFqU-8GB2c8-OKIkbtKeHZSfELS2HJeXLagwEEcY7o5Z8ZtnPwPLV74TVD8gpuj2JmZuuzHPG88I-xaQUM,Alireza Mehrban,https://play-lh.googleusercontent.com/a-/AOh14GhDtl6hU-TFLp0bB42yEJPvNhFp_MLI2agqXdj5Dg,Love it,5,1,1.5.2,2014-09-17 13:22:23,,
gp:AOqpTOEZFVuNCEcIKIPALKnNf0LqbWTZQHcqWSOYqPg2NR0S9aQcqU_PmrfL8gW1zqKXz3_5TUTYx1k6q8zfpJ4,CBL UNLIMITED!,https://play-lh.googleusercontent.com/a-/AOh14GgGnPYv1aWcCnWxajyLU3_Z-iP95KXtPOYQWmwP3u8,"One screen, no permissions requested!  Check the items, answer yes or no and VOILA!   Fewer apps and more room to play.",5,4,1.5.2,2014-07-13 01:03:33,,
gp:AOqpTOGk98QzZl8_e1StgPbaYNxoEDoFzgAr29iDFmvsKWbZQVnqKzLtzGTz737iyUd6ZWS7AptSdLA38DSzcBo,MrCedric Reed,https://play-lh.googleusercontent.com/a-/AOh14Gipv_V-An13tJygbv8i5EYTYiOSN3BGWWxMCidGTg,Great peace of mind,5,1,1.5.1,2014-05-03 05:18:30,,
gp:AOqpTOGpN0xQYz2cZu_okRV_1ZtfjbIbIYsdD2cEAS__9Vj8z6yV2jb8b8n85FsJtS4l5vS3tbwCOnnAH78PLas,A Google user,https://play-lh.googleusercontent.com/EGemoI2NTXmTsBVtJqk8jxF9rh8ApRWfsIMQSt2uE4OcpQqbFu7f7NbTK05lx80nuSijCz7sc3a277R67g,Simple to use and never lets me down. Nice to have an ad free version. Thanks!,5,2,1.5.1,2014-04-20 00:55:48,,
gp:AOqpTOE8Y8bGxGFsiqUoKc5DNgZXppzaMzOAznz1owIgKBsKOOAd7qIN5WznYg7_z0d3Ds3Orr4cC1otQYU_d7k,Rockne Oliver,https://play-lh.googleusercontent.com/a-/AOh14GjCrC6EdYz7EPmmOtntHWgDN0YYTaTEqZgggpKEXw,"Does what it is supposed to do, and does it very well. In fact, the free version is actually a fantastic tool. It's full-featured, and only a simple, innocuous ad at the bottom.   I didn't buy this tool because of additional features, or to get rid of the ads. I bought it because I've been extremely happy with it, and as a software engineer / architect / developer I firmly believe that if someone creates an exceptional app, then they deserve to be paid for their quality work.",5,6,1.5.1,2014-04-16 20:54:51,,
gp:AOqpTOHIV1i0loncbpZ6tcV8g2-f0QCi6Dsw3UJcoJXscf1wCVo6Xt7NsKPrkOpCphMt-a39noZU2iDdr9iZjg4,William Davis,https://play-lh.googleusercontent.com/a-/AOh14Gji1lzofAQWMFZQnNVqlRuoPPkWQDNJtqBiQgajPg,"Flawless execution. It is, for once a tool that does what it is made for. I don't think I could even find a issue with it.",5,3,1.5.1,2014-04-14 13:54:08,,
gp:AOqpTOFeO741NEoCe04u5--6pjhZMdUoSWiUYaerXCwfLj00EXfEGcBnzXGXAhAYyAGRHfRh-KFNqYokNJ9QC_Y,angel acevedo,https://play-lh.googleusercontent.com/a-/AOh14Gh-9uUkHkr6DwRdJfnvUANSHDVvXEV9cs53YI_cAQ,few issues ill update my review on the  next update to see if what I reported was implanted.,3,1,,2014-02-15 04:10:26,,
gp:AOqpTOFFZER7Xg3HZgppGVsmaXqJ0aQ1t_ZPi2-RVZRGooqFxfvmCvE2Wdx_UYpicYhCJxFBNdLlQxlB6iM3GDs,Sliceoflife Dexter,https://play-lh.googleusercontent.com/-vd53chEPnJ4/AAAAAAAAAAI/AAAAAAAAAAA/AMZuucn-TH_753eJziT_99FNnWVwWp4pnw/photo.jpg,And i have tested lots of them:) . Awesome job guys !,5,2,1.5.0,2014-01-26 07:05:03,,
gp:AOqpTOED1smNeR3GY5SE8y_vpnTpePygZGNZKAPNb3gTRDs1f-ZFTohHmP6UfC6BeI9mO_o35fmxZgvZWjPps7g,C Nelson,https://play-lh.googleusercontent.com/a-/AOh14Gipf8WO7TnjU59FDNrlBHBuyLDD2eVNsq78UOaJY9c,Nice and ad free,5,3,1.5.0,2014-01-22 14:48:01,,
gp:AOqpTOFCYdFX_Z9bznoy78wtA5R-ruh9lpVD6atI1dKbO_EMgEJLguLvehImmRZwhdoOcZKnlL2k7qclF1GyzxM,Jim Madsen,https://play-lh.googleusercontent.com/a-/AOh14Gg5gpGFwbPXS_q1vwHrR-LISpIz0LW3YboAkwQF_A,It's always been great and now even better without ads!,5,3,1.5.0,2014-01-22 10:33:03,,
gp:AOqpTOGaKa14Tx_fSK0AblcutBTP1Z-fIzp9A5q9pbmxWWE7iw_3WWcH59nHM4NrJwtqUszpXf5XLqstG5N8cLA,Oleg Krikun,https://play-lh.googleusercontent.com/a-/AOh14GhQNKBsCRC-m901rgqqjcU8Eut5s8cUma6BS2LLGDc,Plz add option for showing package name after install date,5,3,1.5.0,2014-01-19 07:06:33,,
