reviewId,userName,userImage,content,score,thumbsUpCount,reviewCreatedVersion,at,replyContent,repliedAt
gp:AOqpTOEQDqD7ZhUHV1WQiVaa7vMBihi7ogqdOEgng6ao4aeLU24xIAu3_P85qX4p_QbG6aCDFdp30M5ue9dPPg,con12,https://play-lh.googleusercontent.com/a-/AOh14GiOeVAXqv_PsGWIN9emoYFCSc-_-YdaUF_UQPp-,Hey dude. If its to much to ask I get it but when touch siren delta comes to Google may I get it free 🥺plz? I mean I did recommend it.,5,4,4.1,2021-01-17 19:23:08,"In progress, stuck in the review process but should be out early 2021!",2020-12-28 08:35:24
gp:AOqpTOFGH_1i4hz1MOqxeaMOKjemtAHZHsTQOklqh4JpEfV8dvRBRkf1tTrj8oBrEtWqR6g1KTRnjuTJtvPqow,Garden Works,https://play-lh.googleusercontent.com/-06qIusI1fnQ/AAAAAAAAAAI/AAAAAAAAAAA/AMZuuclvyB3s0y8aGDwI7ED8MIS7-CxuUg/photo.jpg,"Hey I know you put rumbler but, can you make your on kool siren sound? That whould be soo kool I whould pay.",5,3,,2020-12-27 14:07:01,,
gp:AOqpTOFRxXYhB7aCpJfid7R4DTuzVgrdd-rTwEHV0KgWHeyinFrKEQDeBDByRKfm_wEqM1dYgeZC1tcV8yVpRQ,Crystal Coppa,https://play-lh.googleusercontent.com/a-/AOh14GitA7qeYqPZQvI4i-FSNd-sc7m33dZmiT-j9wHEtA,can you please add the rumbeler please pretty please,5,3,4.1,2019-04-28 15:52:00,"Unfortunately we cannot provide this sound because it is copy-written by its owner. Sorry, I wish we could!",2020-12-15 08:06:44
gp:AOqpTOGwAOybE7R-x-q8b1XUFncdKkQxQEKlDWyhwTPT-of0GfxMSKCZekxLtAmRAbtVD_qvmWtjLNBBIRqTZw,Luke,https://play-lh.googleusercontent.com/a-/AOh14GjZMSn-3Twyi09oShqb_KB_HlFlidJcFjvu0NXFZg,can I get a refund?,1,6,,2019-03-17 01:05:41,"Hi Luke, sorry you did not enjoy the app. Unfortunately we cannot initiate refunds, you would have to contact Google directly.",2020-12-15 08:08:34
gp:AOqpTOHr0cvsPRd1ndHYg0CvhmeQirGvNU8T5C8HwpdWwdVMBiK3RotVQo8jbLwn0to3rQ79lN1CR17iXLmzIg,A Google user,https://play-lh.googleusercontent.com/EGemoI2NTXmTsBVtJqk8jxF9rh8ApRWfsIMQSt2uE4OcpQqbFu7f7NbTK05lx80nuSijCz7sc3a277R67g,great app,5,0,4.1,2019-03-10 15:52:59,"Thank you! If you ever have any feature suggestions, please reach out at sirenapps@jakesimon.com. Enjoy!",2020-12-15 08:09:31
gp:AOqpTOGXIIbPQIrDoBgW1QASuiHBO_7oYEB5tGErygh6pKUoKYh5r30Jzf4Xvfa67o4Z_BMlq5XahzrT95RUDA,Tank William,https://play-lh.googleusercontent.com/a-/AOh14GgAluvRepw0QD1_VEnCX65O0cEWg8p8IjojKS93RA,Awesome,5,0,4.1,2018-11-10 00:23:13,"Thank you! If you ever have any feature suggestions, please reach out at sirenapps@jakesimon.com. Enjoy!",2020-12-15 08:09:48
gp:AOqpTOGKgsgKjk-knhOR1KhQE9Xbl8SedvNtilelcWrQN-nSJEKAF8pwriah8JjtDAYL9eaEikjOJWh04tzmXA,Scott Cooper,https://play-lh.googleusercontent.com/a-/AOh14GjxPAvmotlqF37IvMErOV_kl_zSCq_rTtyqlFc6jQw,Simple siren is a very good siren app to get sounds just like a normal police car,5,4,4.1,2018-09-17 14:24:41,"Thank you! If you ever have any feature suggestions, please reach out at sirenapps@jakesimon.com. Enjoy!",2020-12-15 08:10:38
gp:AOqpTOHe5yDDqkmDdD2xe98vqFPOGXFBK9uPqttzgWGpgK-rjDB6kYL3pDSiz_MKs6CqK81O9zPsOQnbLNpPYw,Dylan Ladd,https://play-lh.googleusercontent.com/-ed4lEpFFHS4/AAAAAAAAAAI/AAAAAAAAAAA/AMZuucktDASq4PZsmh8uVs3X1Ho0OkAf5Q/photo.jpg,"Its a great app but can you make one with California Highway Patrols (CHP) 
siren if you could all my mates and I r looking for one I don't care if we 
have pay $10 for the app it will be worth while",5,0,4.1,2018-06-15 07:29:42,,
gp:AOqpTOE2K9pZ9_dusWPAD1oG2jja2e_0LNj58O1gl5AGFjCFo2hYKOBcebB1Xtzx3bfgRaOsNGJbzkos--Zi9Q,Bryan Diaz,https://play-lh.googleusercontent.com/a-/AOh14GiAK_YbssTNJkxw6f0L0sgMhJ3nUXqcNbhqbrd_xw,I love it.,5,0,4.1,2018-04-28 17:26:42,"Thank you for your support! If you ever have any feature suggestions, please reach out at sirenapps@jakesimon.com. Enjoy!",2020-12-15 08:12:53
gp:AOqpTOGF8CGXOlMpBMOg2jl4XsnTtuA8XjY-Wy9m4eJwad_rGXool-ybO4-xkp6xpB8EVaCpQkZh06quGbZD1w,arnob hassan,https://play-lh.googleusercontent.com/a-/AOh14GgA5YeUCrskMevRQmon0uGJnaxLUri0Ck524lNp,Can u pls make federal signal 640 it would be awesome,4,0,4.1,2018-04-11 17:29:11,,
gp:AOqpTOF-saI-kuEWZxHZ_ZtS5zTGSx6nct2S-E9hsVByYQVJc5uZAk1-VS-1R13An0QQriNY_wO196b2iHYrXQ,Leah Ruit,https://play-lh.googleusercontent.com/-aaEvMtdsZXs/AAAAAAAAAAI/AAAAAAAAAAA/AMZuucmoqtH-hx06KMLfsiYhjRZVcXKjqw/photo.jpg,Delay on air horn,4,0,4.1,2018-02-25 07:52:03,"Thank you so much for your feedback! If this issue is still occurring for you, please send detail to sirenapp@jakesimon.com and we'll work to squash the bug!
",2020-12-15 08:13:54
gp:AOqpTOEi6SjgSWWmw29KqaDObkOMaIHIbAJOu0_wNnm-GPfbmd5CYKq58oo8lL1Q4OFIWDuU71EBXZz_aLmCOg,A Google user,https://play-lh.googleusercontent.com/EGemoI2NTXmTsBVtJqk8jxF9rh8ApRWfsIMQSt2uE4OcpQqbFu7f7NbTK05lx80nuSijCz7sc3a277R67g,I like it,5,0,4.1,2018-02-19 10:24:20,"Thank you for your support! If you ever have any feature suggestions, please reach out at sirenapps@jakesimon.com. Enjoy!
",2020-12-15 08:14:10
gp:AOqpTOEDMnU_U0G2TUUjUPTLPLFZAd8159Aoms-Sq2Xd6svsODGNKa7HF7DhCrSzui4yJ6dVl47bQqp0R-Rlbg,Awcomeon* El Rey*,https://play-lh.googleusercontent.com/a-/AOh14GijDHnk0lfNKhhFUmphZXV_NXI8SrI-RF6DZjlhOpg,This app is well worth a buck.  I paired it to a speaker that I have mounted to my e-bike and It's loud and easy to use. I use it as a bike horn on streets and trails.  It's great on my night rides when low life's are up to no good.  The sounds get attention allowing me to travel unmolested on my daily bike rides. I have no intent to impersonate law enforcement.,5,8,4.1,2018-02-02 00:23:28,"Thank you for your support! If you ever have any feature suggestions, please reach out at sirenapps@jakesimon.com. Enjoy!
",2020-12-15 08:14:39
gp:AOqpTOGvt3RBn9zw961tdyU511g6qNY_DQeOZCMwoqFtOiap92zdHYpuf1lW2XAp4kOdR0nI2wiCxhUS0vEtRQ,Zachary Trail,https://play-lh.googleusercontent.com/-y7Q-BlA_Vyk/AAAAAAAAAAI/AAAAAAAAAAA/AMZuuclW-ri861rCDnVLpnExUfu2N99Bkw/photo.jpg,I maid a rumbler version of the siren if possible I can give the creater of simple siren lmt my rumbler version plz put that on it plz thanks I have the following rumbler wail yelp phazer hi-lo and air horn let me know thanks,5,1,4.1,2017-11-16 21:35:37,"Thank you for your support! Unfortunately we cannot provide this sound because it is copy-written by its owner. Sorry, I wish we could! If you ever have any feature suggestions, please reach out at sirenapps@jakesimon.com. Enjoy!",2020-12-15 08:15:48
gp:AOqpTOGEpIoYR-fEoxLxp0eAWnIrYWUyKa6jGgCrrEzvksNqW4HM_Nl5azebyaQtiGr9-TrmWnfsRtMmk3P5ww,KsCyclone_,https://play-lh.googleusercontent.com/a-/AOh14GgQlisZ89yy2F3ZY6nYKL1eo3c1O8dAMhlWt0bWQw,"I like this app alot, but is it possible to have a California Highway Patrol sirens app like this?",4,0,4.1,2017-10-27 05:46:45,,
gp:AOqpTOHVVA0eAeUslE0lejcMbHW8GFE1wehbNc6zjcXcJ0diVAoZ26NgyeUV5UzfA2V0pa2MPo_jvrBRIwu_ew,Shawn Garrison,https://play-lh.googleusercontent.com/a-/AOh14GjG88tlT925yx5DxVFzqBtFdGo3FLzSE6YHxiya,I love it but people are complaining how the app is not working right well I just wanna tell them this is an app for those siren freaks and cop wanna be people if y'all want a real siren go to the store and buy one stop complaining about the app it's not for to put in your car go buy a real siren but if your not a cop it's illigle so don't try to be a cop wanna be guys have a good day,2,1,4.1,2017-10-19 11:56:20,,
gp:AOqpTOGVDPcPyllAuNQD4ZY3f5wFkXlhwXl6jOmJnaXfRy90tWkA8P6iFYt3-y1RSwlEQhqpYco_xotRW_jo-g,ALTA 1,https://play-lh.googleusercontent.com/a-/AOh14GiMFXjdncU3DYQj1IKJb8SGFXwh_WVB2yXUq01Nkw,Keeping it simple always works.,5,0,4.1,2017-09-18 19:27:25,"Thank you for your support! If you ever have any feature suggestions, please reach out at sirenapps@jakesimon.com. Enjoy!
",2020-12-15 08:16:22
gp:AOqpTOGxWKSSxiZVMWRxevNQYCJciqkNrVNwIt5WhgU6PyWpYrD2cUsV-1TxEzp6mcqUPMEmlxp41PCq1fXHMQ,Jubey Otero,https://play-lh.googleusercontent.com/a-/AOh14GjxfcLG73Q-MLDJ1tyd3xK2CZtNvtANo2dqDCIWBg,Delay on air horn. Make it realistic then maybe I'll put five 5 stars.,4,0,4.1,2017-09-16 08:32:41,"Thank you so much for your feedback! If this issue is still occurring for you, please send detail to sirenapp@jakesimon.com and we'll work to squash the bug!
",2020-12-15 08:16:32
gp:AOqpTOHYpf7duCuTdn8z8ajO0JVx47-PJcIP5hXv4y4SKgeLDRNKstTLiePGm_FYlNQivwDAxnzQzlv5n-X83g,cl1m4x_420,https://play-lh.googleusercontent.com/a-/AOh14Gj0NI8iCS5cxRwWK2pstvzrzLZl96pExE7a-m0jMg,"The horn and manual siren is laggy please fix, add rumbler too",4,0,4.1,2017-08-22 01:01:42,"Thank you so much for your feedback! Unfortunately we cannot provide this sound because it is copy-written by its owner. Sorry, I wish we could! If this issue is still occurring for you, please send detail to sirenapp@jakesimon.com and we'll work to squash the bug!
",2020-12-15 08:16:46
gp:AOqpTOFirxQrmNNqOrI8_5W8U53mYNJBmOOxamKD5YX54MvFbx8SbkYoW4BgDVJJNXObeRuAOnCv3pSsq-yDEA,Mir Hassan,https://play-lh.googleusercontent.com/-lksg-w6Qe3c/AAAAAAAAAAI/AAAAAAAAAAA/AMZuucmZWUMsq7qLEWwf1iZpGv_q6I_3uA/photo.jpg,These siren sounds like the sirens NYPD police cars use. Very good app,5,0,4.1,2017-06-29 16:16:09,"Thank you for your support! If you ever have any feature suggestions, please reach out at sirenapps@jakesimon.com. Enjoy!
",2020-12-15 08:16:57
gp:AOqpTOHg6eTZFdt5NkEzWt-ji01SbLfBrmZhf2NkkgEjUnzxxkNKnA96pYnPn8DQl2na865Wx8_vtEzXBoDovQ,A Google user,https://play-lh.googleusercontent.com/EGemoI2NTXmTsBVtJqk8jxF9rh8ApRWfsIMQSt2uE4OcpQqbFu7f7NbTK05lx80nuSijCz7sc3a277R67g,Add the rumbler please❗❗,5,0,,2017-06-02 01:39:23,"Unfortunately we cannot provide this sound because it is copy-written by its owner. Sorry, I wish we could!
",2020-12-15 08:17:07
gp:AOqpTOFcqYAmcDKqL8ewluNX8U3KZXgf8ZqbwpWppYVEf5e4-NvcOKWIs1a_PfRDD2B4HXXEXIBPzsZFPXERJQ,Solsken,https://play-lh.googleusercontent.com/a-/AOh14GgiZAbtresaKOiPVinbsd8YEIjsdSFC4ZBuD7lnIw,Sound does not lag at all...crystal clear....no problems,5,0,4.1,2017-05-29 02:25:36,"Thank you for your support! If you ever have any feature suggestions, please reach out at sirenapps@jakesimon.com. Enjoy!
",2020-12-15 08:17:14
gp:AOqpTOHpXwBQBbMDXT0LbN5OtxzTtdq6b2TyogCEAnVAvQW0-DN0aFlc4yQqLAMxTwt5zAFdK9dCtmSv4b35uA,H4dden_m2n_ 4L,https://play-lh.googleusercontent.com/a-/AOh14Gg8lh736mnb-31ARPWNVm_cQy62zskyepAryQ8ztg,Great and real sounds,5,0,4.1,2017-04-14 16:32:58,"Thank you for your support! If you ever have any feature suggestions, please reach out at sirenapps@jakesimon.com. Enjoy!
",2020-12-15 08:17:17
gp:AOqpTOGsuTH6kOPTW2rHrLR4LRQ819kbd3Mq7IeUFfHfEEB_Zj0l73A_7wjNqo9H_j7QP3aBv3s4fsFVk59vRA,LouisianaLightCollector,https://play-lh.googleusercontent.com/a-/AOh14Gh0xr_KfBcK_Ba3wLISdKLoJcC3TCTY5zUjrkn71Q,Can you please make a  Code 3 Mastercom B siren app.,5,0,4.1,2017-02-18 08:40:34,"Thank you for your support! If you ever have any feature suggestions or have more information about the siren box you mentioned, please reach out at sirenapps@jakesimon.com. Enjoy!
",2020-12-15 08:18:19
gp:AOqpTOH-Aoa5rOkfLpT5BCMTESL1yF756He12GnqHvoCym1W6qK58BQsHMGBKlIsZw0dosNB5LemdOoKgRRcOw,Isaiah Garcia,https://play-lh.googleusercontent.com/-MR2AY0yCF0M/AAAAAAAAAAI/AAAAAAAAAAA/AMZuucn900hPqO_06YYCd7hqBTm8U8Tr-g/photo.jpg,I think they should add The Rumbler siren setting,4,2,4.1,2017-01-22 14:11:45,"Unfortunately we cannot provide this sound because it is copy-written by its owner. Sorry, I wish we could!
",2020-12-15 08:18:49
gp:AOqpTOHPh3DA8N4CSFHPJaPLZFmv77fyw8kegGh0qtHN9kfy09TPDb0KswHtGMQFEANZHXsCTQqIEFNkIoUfqg,jay j,https://play-lh.googleusercontent.com/a-/AOh14Gjs7gtdTrfS6SjO7_tt5Uky4r0vtW4jGF2PsAwBZA,Very realistic. Can not decipher the difference between the app and my code 3 on my patrol vehicle. Would like to see an update for a cycle button between wail and yelp.,5,0,4.1,2016-12-02 13:42:37,"Thank you for your support! If you ever have any feature suggestions or can help make it better with your knowledge of the real deal, please reach out at sirenapps@jakesimon.com. Enjoy!
",2020-12-15 08:19:17
gp:AOqpTOFr41IkCx1AHE3Cq7oiOEfRMGAexfMU6roMZ52RLssIh_UHTUZDiqnDx0osf7YnDTMdwglPsrvZi4MfFg,A Google user,https://play-lh.googleusercontent.com/EGemoI2NTXmTsBVtJqk8jxF9rh8ApRWfsIMQSt2uE4OcpQqbFu7f7NbTK05lx80nuSijCz7sc3a277R67g,"Love the app, most realistic I've ever downloaded. It would be great if you could make an update so the manual siren doesn't just stop when you let go of the button.It would also be nice if you could make a mastercom B or rumbler siren.                                 Thx",5,0,4.1,2016-11-17 21:27:30,"Thank you so much for your feedback! Unfortunately we cannot provide this sound because it is copy-written by its owner. Sorry, I wish we could! If this issue is still occurring for you, please send detail to sirenapp@jakesimon.com and we'll work to squash the bug!",2020-12-15 08:19:44
gp:AOqpTOGA25uxN5yDUwoMX4lToQ-nxNNi1sD0Der4M7h5J5CKqmBuCBn_GDZYlxssJe6FikOONZKS2ljkhCnQPw,Quentin Jericho,https://play-lh.googleusercontent.com/a-/AOh14Ght2wimlHAWXHw98rR4-YXSjxun_Fi6ZxA4P7TUiA,"Great quality, only problem so far is that there is a delay between the tones. Also the hi lo seems a bit low compared to the other tones. Other than that good job!",4,0,4.1,2016-10-21 12:10:55,"Thank you so much for your feedback! If this issue is still occurring for you, please send detail to sirenapp@jakesimon.com and we'll work to squash the bug!
",2020-12-15 08:19:52
gp:AOqpTOEFsWXw1wQ9dnLiBfD6LyKTxMPlXKMBxuxNJqOGZb5KiJX43dXZll9KcqGU6ORJozeVLKxamf5TsOMgNQ,Robert R.,https://play-lh.googleusercontent.com/-6DUaIWsudlQ/AAAAAAAAAAI/AAAAAAAAAAA/AMZuucl2LvMOvVaBfsBnlKdc_iwbU5E8Dg/photo.jpg,Best federal signal smart siren app,5,0,4.1,2016-09-04 01:17:34,"Thank you for your support!
",2020-12-15 08:24:59
gp:AOqpTOFypLAS_2iB0726eKUN_g9oudb-_cA_MrvD3eiOG3Jx4CAwitOvfNRyYJMR-gTkgVQYxFP_mshX0HffXg,Dale N. Tuck,https://play-lh.googleusercontent.com/a-/AOh14GiZpuo-RXlOk4b4RTCEOO4u4gJVUboBX-yyUFWWHA,"What I've been looking for, perfect for some fun.",5,0,4.1,2016-07-31 07:47:38,"Thank you for your support!
",2020-12-15 08:25:25
gp:AOqpTOGXB2xSomczsVtj3s-8XXRfbHaKPhCkZ_ADdz4uHA04fhtHObhKgigomQ8Eqf5rFSKwZVZu4TjP7mDI8A,Melissa Setzer,https://play-lh.googleusercontent.com/-ak6JVzUzw48/AAAAAAAAAAI/AAAAAAAAAAA/AMZuuckHRCD3rr4onTEw_K1GGSp793ou6A/photo.jpg,I love it perfect,5,0,4.1,2016-07-25 16:37:04,"Thank you for your support!
",2020-12-15 08:26:26
gp:AOqpTOGpKydfZY0ngSaqkqn-FXYjbu2Iedp4NaF4fHqePNoD2W1HWPRzdKhiTrw8oVq572KfyOVqOKsjYs5f8g,Paul L,https://play-lh.googleusercontent.com/-NJlQgRzrXok/AAAAAAAAAAI/AAAAAAAAAAA/AMZuuckOc9gJCTFB2hqr_rw1bWoSDNU60w/photo.jpg,Awesome app! Great set up and easy to use. Can we introduce a federal signal Q siren version?,5,1,4.1,2016-07-24 00:23:18,,
gp:AOqpTOFkberijWaiMH-ly3VcdvoXNsGi2jaPz6aXZHhUGVtuI1qrmXDSpWTq6a6NoZmuJHYiN0eO61-_wQ62Fw,Jonathan Gilmour,https://play-lh.googleusercontent.com/-K0vqK8DwF3Y/AAAAAAAAAAI/AAAAAAAAAAA/AMZuuck9GuHokSjvxWiKzCmF76rIMtS-Cg/photo.jpg,Most realistic siren on the app store- definitely worth the 82p!,5,0,4.1,2016-07-11 14:33:21,,
gp:AOqpTOH8IUXP1I0aIZZTrVQCMYeolxM0xfv-SoeFUm941zLxhBA9qezqOTtGuaun20a9E_S8HJKzQxwxo5lbvA,Aaron .M,https://play-lh.googleusercontent.com/a-/AOh14GhPRXm8ZRfTAZQzsieNXeBZFT7KwWpHV4ux6xH8QQ,"The audio is poor quality with aux, and is nearly unbareable with Bluetooth.  I want a refund.",1,0,4.1,2016-07-10 04:18:54,,
gp:AOqpTOFoo18MLmhd3ODR8wvPlsasIGxL8J0oKjNzb9J4Kqn7ZhR2BqWlT7cd39xr_IvmRHGC3gIk-gMw3c2mOg,Dennis ottley,https://play-lh.googleusercontent.com/-CB5F5kw0GBw/AAAAAAAAAAI/AAAAAAAAAAA/AMZuucnoZzhONEmS481OtaLhJCadQgLkUQ/photo.jpg,When I push any of the top three buttons the sound like there is a shortage somewhere. The sound is legal in and out sounds really bad. Does anyone know why this is happening so only the top three buttons the bottom works perfectly fine.,5,11,4.1,2016-06-26 09:45:03,,
gp:AOqpTOGfghCNp8mm0ear2Fy5KEAY1dQgqRUcN8wwUv2XR0K4R3o85vVZTPIRnBNpDabQTeFOyXoP_dfaZpYywA,Caleb DeCamville,https://play-lh.googleusercontent.com/a-/AOh14Ghu5T_GpyNhR2UOdy8T4PFvG53DjVxcAN9ne2tYww,This is the most realistic app I've ever seen. You guys need to do an        e-Q2b version of this!!! That would be amazing.,5,0,4.1,2016-05-30 20:32:20,,
gp:AOqpTOG_nKLphgw2yYSwMCMf-djyEIan5TDD9cxyrj8RfxfJBXiG2RgKe-2kmVYtFj59vdZj1bazFWE7dASPaQ,Cherisse L,https://play-lh.googleusercontent.com/a-/AOh14Gg8ykYOV_jFbIqMazGRXj8rAaT3wqSSzeHYSq2a0Eo,Love it,5,0,4.1,2016-05-30 14:46:03,,
gp:AOqpTOGTgEGzIDqwqLIhZlgsOYOGuRKEbW6ptePXjAUZRWy1-9-bE2X-iMfyYm2tgFoCIwSyEBdZ1UFTxc7iaQ,Jack Lewington,https://play-lh.googleusercontent.com/a-/AOh14Gj-srSRlKAgQvsNk-ofrsbxXLXxHDBScY8li02Rkw,"Since I installed this app and simple sirens I have been having massive problems with viruses so I scanned my device and it turned out both of these apps were malware. I wanted my money on these apps, not happy.",1,1,4.1,2016-03-12 03:29:12,,
gp:AOqpTOHynrvH-IBw5tJSeyHR7o8tli1paQfvGoIFcmnKvCwyJ5877f3USaR9Sep_fBpynDHG93GNSnDjpToUlQ,gabriel castellanos,https://play-lh.googleusercontent.com/a-/AOh14GgWwft3elRqtWkfIEmXpjevs8Q7WMgbtHRfv7Wnhw,Worth every penny. Pretty cool and super close to the real thing!,5,0,4.1,2016-01-30 22:24:21,,
gp:AOqpTOHPV-tvAdYOAez5JyHzJIEsWeNiRBO6HCR5gw9feP_L072WGADHjm4Ig44aiXguirtQzCeenS2odG_aYA,Smash Your Enemies,https://play-lh.googleusercontent.com/a-/AOh14GhQMvg57P_Mw_6A02HSYmy3b3T4wGzw7euGv572JQ,"I would rate this a 5.  However, this updated version does not play the tones near as long as previous version. It shuts itself off after a few minutes. The last one played for almost an hour. Anyone else notice that? I also don't like the delay when switching tones. This was my number 1 or 2 favorite. But, its dropping on the list and probably dropping off my phone as well.",3,1,,2016-01-06 07:25:34,,
gp:AOqpTOFW4C5K-GOx--Y8DIn6ACs6vDNG-t_kvooActg4rIm8VakKXpZYLySd-oRVYv055-sT44skoOPlWrkM_A,Ricardo Botero Zaccour,https://play-lh.googleusercontent.com/-5MZTXPZSJig/AAAAAAAAAAI/AAAAAAAA5YA/AMZuucm5__FBwDKYnXlHX6dPR73uOhYW8w/photo.jpg,"Great app, I mean the tones are just as the real ones, but the delay between some tones is just embarrasing, I would be great to have my money back if the developer is not gonna fix it.",2,2,4.1,2015-12-05 03:48:14,,
gp:AOqpTOFcqXz9R7kNrvF71w5QgdGQ_duLIwkdcVlBryw49ZfhSvZc6BCgJN473t8RqiiClvl78YAmKky-DbzcKw,Chad Ketterman,https://play-lh.googleusercontent.com/-kqG-Bdz-d3w/AAAAAAAAAAI/AAAAAAAAAAA/AMZuucnwa2NTPlp5UFCSEYAYFotvL3ixEQ/photo.jpg,not as good  as the other one,3,0,,2015-12-01 20:28:19,,
gp:AOqpTOG1tBgNjbhaE073X3mJ1Akep2_rBzN8IWvd2WpzsykSQX7FC_T8hcfqmHhBdzIyDHmrmkBi7bYIdWHH0g,Brady Bevard,https://play-lh.googleusercontent.com/a-/AOh14GiFun5ng-3XSihhbuTxiJis5g0OvMVQf9H54c8O,Just spacing when switching tones. Please make a Mastercom b app!,4,0,4.1,2015-11-28 19:59:35,,
gp:AOqpTOEoAQvGFfRxuxF6gUQCzCAvh1DdKwJNR4i6jwGvoQqs8C6N9np-JaPZ0MkeCfmI0Ts-Bc7QJlxbJyvuJA,josh,https://play-lh.googleusercontent.com/-iw4VHIs6sA8/AAAAAAAAAAI/AAAAAAAAAAA/AMZuuckoATKFLRGSkUt072C8ub-NoL3rXw/photo.jpg,Love the app and it's features... Would be amazing if it had a widget feature... Just saying...what about a feature that keeps screen from timing out..,5,0,4.1,2015-11-15 07:44:20,,
gp:AOqpTOHkH1C83uTzF028HXG0FRn-5mozzYL46Jdjc4XWsrFTpP4PwPFvlkkgBrkJnrxZZEHGdnSG0J6ownRjQg,Sypher,https://play-lh.googleusercontent.com/a-/AOh14Gib_0CPrVqTz6AukvLsfp5qQOYAnD9EyXVBrFQMGg,"Good, helping me get over my siren anxiety. I can ride to a call now without hyperventilating. However, it needs to be able to remember what setting you had it on for manual, not just wail.",4,4,4.1,2015-10-30 02:51:04,,
gp:AOqpTOEPqIwhlTEZ2Dl-QMU2JXBOYoryAVWhhdKuKUf8qfjnIhRAGQIhXvfuTBXKri3aG7NE5jOf9_2XmplK_g,Michael Miller,https://play-lh.googleusercontent.com/a-/AOh14GiJZcKtlC8dr3EIdahYNsoVemi0eTtV7bCYJ7i6,Haven't had a problem yet,5,0,4.1,2015-10-26 12:23:08,,
gp:AOqpTOG2otE1g5tueTULUtxwLT4rYuIGMfpok7nwDFnKwAjroOphZlT6V6MwQ1ADNMOAhKRfCcjr3xHqBRT7nw,NineL1NE,https://play-lh.googleusercontent.com/a-/AOh14Gj5OW6YDBc1O82vIMLHBItYDaKlZQwNm9IhGUIBTQ,Make eq2b and have coasting in it,5,1,4.1,2015-10-10 18:32:48,,
gp:AOqpTOE9HvOHTc-UAJE7yAuboV4eojj3g1kO5i7NqiMBmjM2g5OWHnhKHnFH1LlNztelFUAv6BUjY7VelCLFCw,SRL Videos Channel,https://play-lh.googleusercontent.com/a-/AOh14Gg3peacGomNTH5yupw3Us25LX9HWcPNdBf5sl7R6Q,Best one yet,4,0,4.1,2015-10-05 03:26:46,,
gp:AOqpTOGuaDr_x1glrgh-SkJwp6gl3wXhcGKR8emPNFViNLcChRcN-UA42ekPcCmcJZxJZiPtQp_yBNv7FVhGvA,Royann Greenwood,https://play-lh.googleusercontent.com/a-/AOh14GhIACJFhlKwo-noyzu7oXho5kiiaI-yLEUNy3NWqA,Add the manual coasting siren and I'm done,4,0,4.1,2015-10-04 20:50:19,,
gp:AOqpTOGehW37-k2JQSSjD19xoPFhJxmpuGdUL2XSpTdXzgP6Si3SK9BLalXyZYlGISI4EsBIkctFZpi8frTV6w,Jordan VanDewater,https://play-lh.googleusercontent.com/a-/AOh14GirTclY7oapFHrUH1CgkAiPSXAjKx4kW9gFqxld,As soon as it was downloaded my phone started screaming malware and adware then when I opened the app there are 5 sirens. There are better free apps out there.,1,1,,2015-09-29 07:51:45,,
gp:AOqpTOEKU_Z2c9_6T-HH0xwjU2uNZMqos-iV3n75NNc1H6kOp0PpnScVztk37vCeuTkQqFvEMzDLqoFKH76TKA,Paul Sumner,https://play-lh.googleusercontent.com/a-/AOh14Ghi-ezW9ZKo9CAF0McNVTmtfvI1quLKv3em70Gv,Great apl,4,0,4.1,2015-09-27 17:07:00,,
gp:AOqpTOGb-y6OU5BbiaQ5-lCkMJndkrTjflefMSWNCflb-8ugKMLWtrHmes16mMOOjWaMb7G_x9oxFcG_Pm4uZQ,jorge chang,https://play-lh.googleusercontent.com/a-/AOh14GhrjOQeV8A21BzcrTTaNEGVFa7nAfzHB5wy6kmiDA,The sound is good but the wail and the yelp have jumps. It is not continuous. Well it's like a recording that repeated and repeated.,3,0,4.1,2015-09-13 21:01:29,,
gp:AOqpTOHUuPRDZpdX1Z9fZidNm6pofV7rvOtCN7Bj7YrM5hTLXiasxKcB03989cbXvh0zgnMvKowWyt2srEC87g,A Google user,https://play-lh.googleusercontent.com/EGemoI2NTXmTsBVtJqk8jxF9rh8ApRWfsIMQSt2uE4OcpQqbFu7f7NbTK05lx80nuSijCz7sc3a277R67g,"Keep up the good work.  The only problem is the brief pause between tones and horn, other than that, AWESOME! What's next: Code 3 RLS or Mastercom B?",5,1,4.1,2015-09-12 19:54:12,,
gp:AOqpTOGsb3b-sCoj83ZInVfONAAYF1KhTNhKvej17TtGN3JIzikHqLzbu_pDv6_r1Jhsjq-1YHpgmN8bDvqLiQ,Shawn Rojo,https://play-lh.googleusercontent.com/-3AgPPGMqPkk/AAAAAAAAAAI/AAAAAAAAAAA/AMZuuckOwf-Yvv7E9SmEHLALyb16Gxgomw/photo.jpg,Air horn and MAN do not work. On a HTC 626.,2,0,,2015-08-21 20:26:03,,
gp:AOqpTOGlvHwHisJMJ0mJ5a3pga1Atgmyi2h45p0x0fpoNbo8NYdN5RcUVRqcGwEBltZ-ANLxXJu097fre6m8hA,Aron Weichbrod,https://play-lh.googleusercontent.com/-O7j-8jadtyI/AAAAAAAAAAI/AAAAAAAAAAA/AMZuuclEYkISpl18iMrDOCOURl4s4oIYZQ/photo.jpg,The sirens were amazing they work very well  I like them a lot,5,0,4.1,2015-08-21 10:45:34,,
gp:AOqpTOEw3WNENeSWzL2yVJf_wFh3gY2i39AhxbnbkjDQ4B79nw96hGrNVIgJY0Uy72EUEXUPL3QqSUkr0k-ZeA,Axiom25,https://play-lh.googleusercontent.com/-9hNBV4Ia204/AAAAAAAAAAI/AAAAAAAAAAA/AMZuucnEznSNN633KP9lXnjTvHohPuNR9A/photo.jpg,AVG is scanning this app as adware. Why????,1,1,4.1,2015-08-19 20:43:18,,
gp:AOqpTOGMrkLA-x93JcCDWMJz8VxPdXpZ-1X0MpEQrUb1dW59Vh9G2Aw3RpHv08I8DiPysNCTgnf9iy1tJDy_mg,Joshua Harris,https://play-lh.googleusercontent.com/a-/AOh14GhFKDvUPyNQSHyieCJ4yiR7M17wb8flS_rhui8WsQ,Needs fire truck sounds (ex federal q) and ability to use multiple sirens at once,4,0,,2015-08-17 17:28:04,,
gp:AOqpTOHxwBJIhttOfhocpTyr0cX8EyCOf840h2OpA9qPMlfcM-i7jW0VvaBWndwUCDUkIvm8aWTtzZXQZjMWpg,Luke Hanson,https://play-lh.googleusercontent.com/a-/AOh14Ghnsb_Z30GGOF5Hd1quoTj7Q54IX_FVz6pLeQtR8g,"The app is rather good and sharp sounding.  However, there is a delay between switching sirens and using the bull horn.  A fix to this and its 5 stars.",3,0,4.1,2015-08-11 05:51:24,,
gp:AOqpTOF3LHIykNoUh3tC1u28gqsFnO0UXagmBvDdtmKrv9zu6j1OD8movrXsk0pMT3xLJcwex9erWBZulQLN_w,user user2,https://play-lh.googleusercontent.com/a-/AOh14GgPf7mZIxWNoOGRVAjqqd-QWV9B9sjNXB1EjoWd5A,"Great app, but I couldn't stop laughing at the fake reviews xD",5,0,4.1,2015-08-07 08:44:59,,
gp:AOqpTOF7H_X6i-hTgUcCWkyftW6LCnRtYF86bjV0_bcEeOKbzqSKzhB7lvj5cJffHSVI7a7Qqk3KSbNIfpX7cg,Steven Haskins,https://play-lh.googleusercontent.com/a-/AOh14GgXsHQxtgWu1bUs6HIxiIC07nuUBwKbqvfTVfht,Need to be fixed,2,0,4.1,2015-08-06 07:56:24,,
gp:AOqpTOELdl4FXrJq6dBYBTMKzYHCTvQY7ul9BeML9VbwjVR5UESWXcMAxYoTkvAc5uh9TxT1sePauJ2IQTFeOA,Gavin Lee,https://play-lh.googleusercontent.com/a-/AOh14Gh2VFVLgYy1wx15xhdzFb5nMYZ3kdMdsitDWGni,Please make a low frequency tone siren,5,0,4.1,2015-07-30 21:08:02,,
gp:AOqpTOH9IlNhXsLXEbZP4DbP5E2EzrlEw8YQLePQoeo9g3k5Ae5SIM-yFh9bbKcbLM70IDuS3IOYiR4EvLrUfw,Zachary Counts,https://play-lh.googleusercontent.com/a-/AOh14GisDUHsep_NX28ZkVoGSKFp4yG3hEpMQfcsca90NA,I love the apps . I have all three. When are the new sirens coming?,5,0,4.1,2015-07-01 21:05:40,,
gp:AOqpTOHPgAQnH1dGiBs4bkTFjbuk5lbXA2uYIGKS056V1voQruNaDVkb5OW4Ap1KsSpNDarwux8rXD8C_8d-Mg,frank mora,https://play-lh.googleusercontent.com/-mYUfoKG1EgM/AAAAAAAAAAI/AAAAAAAAAAA/AMZuuckmII4g_cLIRlbfRy_tsBCb1pQZ8A/photo.jpg,Great.....,4,0,4.1,2015-06-26 09:43:56,,
gp:AOqpTOFHvRhsmLInIxFSQdnCIRvOpaO6JP3sXCVEzoVArG5IVCzjXhL6mKvj_nwvaMRWBoTQp6X-VG4GlsF0nA,Shawn Rojo,https://play-lh.googleusercontent.com/-qV5Sw9UcWS0/AAAAAAAAAAI/AAAAAAAAAAA/AMZuucnC9vpNqAT1UzQ09JK7JP48VxJZfg/photo.jpg,Sounds not what dept. around me have,1,0,4.1,2015-06-25 21:43:51,,
gp:AOqpTOHJvdQRznR5xG6nt5vJ3jqrIRiYRgYaoNGG0Ev3o8_Ii5T2V_FawSQ1lvYV_hzp8_TyC1mGj-AAw0JaFA,roger duran,https://play-lh.googleusercontent.com/a-/AOh14GjIz8yBauxEiaFiRov0LPC8WKuHcSEV9fifcXJEZw,The air horn has a cut between sound horrible delay on every sound and a pitch in between,2,0,,2015-06-15 10:19:55,,
gp:AOqpTOFdQ2XJePA4BQpIk5SWW98eeU8w_6E5xwtCPr-YbdOhrrZb5_lYVCV_yynE0eUo6dr0nx1RkD9DMeJ0Lw,A Google user,https://play-lh.googleusercontent.com/EGemoI2NTXmTsBVtJqk8jxF9rh8ApRWfsIMQSt2uE4OcpQqbFu7f7NbTK05lx80nuSijCz7sc3a277R67g,"It's the best siren out there, just like NYPD's sirens.",5,0,4.1,2015-05-15 16:42:12,,
gp:AOqpTOEgB17skhlXq-gaakcReo1b4U3fNl8ijPU8DfCfnb8J4uNH3tmLUWJr4_ROSNApBh_NaEmGWKCc8CNxKw,Juan Pablo Pineda,https://play-lh.googleusercontent.com/-P87a8LRUD6g/AAAAAAAAAAI/AAAAAAAAAAA/AMZuucmusJPllvnMp_kCwOCAUfpJfsJN4w/photo.jpg,"It has a few bugs, the first 2 (not including standby.... Has a bug where when you press it, it sounds laggy.",3,18,4.1,2015-05-10 19:19:38,,
gp:AOqpTOEqipOMxb7IOUhk4f7HEc_1_6f_g4v7aTd04tNFVK7L2G02NqciIbU6vpUeCYTyyTYMzKmeGOTJZrLlHQ,Pablo Gabaldon,https://play-lh.googleusercontent.com/-nRkYR51OTHU/AAAAAAAAAAI/AAAAAAAAAAA/AMZuuck3uD6SD76oe2qHwr9-nZilSfwZ7w/photo.jpg,"Have a few requests, allow it to run in background full time without closing the screen , have the manual button ramp down with the wail tone so when released it doesn't just stop, it gradually tones down.  Add a PA feature,  that would be amazing!  Also allow vertical or horizontal view of the buttons depending on how the end user device is held.   Maybe also allow users to customize button layout and color of buttons",4,2,4.1,2015-04-20 04:18:09,,
gp:AOqpTOEpXO5-BdqGap1UC_QhZwUu3KRSnsww50wPX-WdMvVHPSMEt7wapp3Ya6jNXM1wOtI6D8PRRwSR4s9-Ug,louis vannucci,https://play-lh.googleusercontent.com/-MckMpemwoqo/AAAAAAAAAAI/AAAAAAAAAAA/AMZuuclZXbhFMO_-BLn5o6vsix6XPe0Z-g/photo.jpg,Awsome app most realistic one I've ever heard,5,0,4.1,2015-04-14 18:42:32,,
gp:AOqpTOHaZALzUUV0fh4gynJNR_jO1ahyAViXbno_kU-09WRJmXokgy128_OA-vpgRkuZ_WGRBBrb9PPXNyuQuQ,Luan C,https://play-lh.googleusercontent.com/a-/AOh14GgkSSXoqvgFsaArxLF8y4X95nrmavv9BHdlBm48hA,Would be awesome if you could fix the delay there is when transitioning from wail to yelp etc... Also the Priority sound on real cop cars have a starting effect that's pretty cool and would be great if you could add that to the one on the app.,4,8,4.1,2015-03-25 00:10:22,,
gp:AOqpTOEv6J6gwqJlugXDtB7XGN5M1j-0WmGmbfTLix-YH7smgURCg9LI7e6NHYqPy9bz-oPteNx4ns79SDahqg,Jeffry,https://play-lh.googleusercontent.com/-xcsWdQB6Z_s/AAAAAAAAAAI/AAAAAAAAAxc/AMZuucmtj1QEhokbaTw8EZvZfDTc4AU83w/photo.jpg,Please let the app run in background... :),5,0,4.1,2015-03-16 06:43:51,,
gp:AOqpTOGdzaN6_xBA3AU6ah6fdWIkHRqo_Q-x3Mj9CvJoy27nK45TGUubddpBQHoHJhW5DQoNu1WfnWTwcBupDQ,chris vargas,https://play-lh.googleusercontent.com/a-/AOh14GgBkhMJznEbmimwtULHQn8QCnEG6LdgWmLaxvodlQ,Just wish everything faded together better but I like it!,5,0,4.1,2015-02-22 18:00:18,,
gp:AOqpTOFPUEk2jAu9MXEj0OjursX13XsgXIVaNYCSUbf23mQiFyxDLkhH1Asw52YbWTt5MFYS0zFTGjTYwUN2Og,Exzavier Whitley,https://play-lh.googleusercontent.com/a-/AOh14Ghpg3_ciTxpoK4jxSK8wdGmaaZVLdXwi2TELVVxDMo,"So awesome! I wanna see a Code 3 Mastercom or RLS, or Manual control Fire truck siren",5,1,4.1,2015-02-11 14:51:27,,
gp:AOqpTOEKb3SmqyUGstNsI_U0yI9K0xLZvoFtnk4tKH9JGsV-sjUhH90tDRAkJv2qS2A0fZmh0rNtYMG2Lo5fjQ,Billy Schwartz,https://play-lh.googleusercontent.com/-9MKeMT7dvKA/AAAAAAAAAAI/AAAAAAAAAAA/AMZuucm1f8jR9qCalc3QrVPbJXR91f8aoA/photo.jpg,Can u pls make a unitrol touchmaster delta or the rumbler. I'm dieing to see what comes next,5,3,4.1,2015-02-02 18:31:36,,
gp:AOqpTOFE08joK8N30lkPTxuYnfscMaoJ4Rgl9i__v6KhXm4lU_V0Z32c5etek3glCdEcYSVeG3-mz57oF29bAw,Tyler Alvarado,https://play-lh.googleusercontent.com/a-/AOh14GiWUGYA3ipSw5vwcYnszQ6p-cgqgSk1PfQrtGAs,"Great smart siren emulator.... but could use more buttons, and maybe an adjustment to the sound.",3,0,4.1,2014-12-20 13:51:00,,
gp:AOqpTOEFcMs-NPG9B14TtumYHrrcemausLs8NUDKMYfxEwlQGAjFn9QzKG4T3Us3JUQ9J4Tikx6lLGBVM4sn1g,Rolando Botello,https://play-lh.googleusercontent.com/-cAPGZebTs5o/AAAAAAAAAAI/AAAAAAAAAAA/AMZuucnAtfGoxA2i24Tl925wMt8iSX6zGg/photo.jpg,It works very nice,5,0,4.1,2014-12-20 10:23:41,,
gp:AOqpTOF2syZOVvPGFx1bqbbWan3vnkvAo8iKY7FRy2vN01SeGggSK5aLXJLfRy7at94zUYkuR31RqiUZ8FHvDg,Kyle Moffitt,https://play-lh.googleusercontent.com/a-/AOh14GhXuMRkSREmJg5KyZQE__K2M4zVMW75mBLcUg,"AWSOME, Works good on lego movies you should make an english police siren pleeeeeeeeeeeeese pleeeeeeeeeeeeese pleeeeeeeeeeeeese.                          Pleese reply thank you:-)!!!!!",5,2,4.1,2014-12-12 10:48:43,,
gp:AOqpTOEPzKw1zLUhvGgRavF688Lb3qNx-Ov7PB0aRcQOOGFYvP_YZvHen7HuMjmN40Tfsbt29owZUy8vUrhruQ,Jose Coronado,https://play-lh.googleusercontent.com/-p6D5NlBFp1k/AAAAAAAAAAI/AAAAAAAAAAA/AMZuucmTWlR9czrfbHpwnW-h2ucZiENVvg/photo.jpg,Greate,5,0,4.1,2014-12-08 01:32:06,,
gp:AOqpTOGuYZvivW5g-Jbl4ZsaKuDOvuTbWc5Bfsrj0ERJIw_BzwHSeeUE8xBetNOhP0iOEHE3_TapbAw1SPT6_g,Valeriy Germanovych,https://play-lh.googleusercontent.com/-jfDpuYrr6NI/AAAAAAAAAAI/AAAAAAAAAAA/AMZuucnzahN9QE2_f-WUrYHw3Sr13a5Leg/photo.jpg,Awsome this is the best I've seen if possible can you make a mastercom b siren app!!!!!!!!!!!!!! Thanks,5,0,4.1,2014-12-06 16:56:41,,
gp:AOqpTOG9da5Elu06cVZShrcjR5D7fcBjlA8uqc8-vhK4wEcMIzYmDAVXgp0C05LKD1RVKUFtBvb_Iefdv_iOLg,m l,https://play-lh.googleusercontent.com/-K1igZCj8Q_s/AAAAAAAAAAI/AAAAAAAAAAA/AMZuuckyeqcz4slhMrWrzBXYgc6g38l1JQ/photo.jpg,Please make federal signal pa4000,5,3,4.1,2014-11-30 09:54:07,,
gp:AOqpTOGkQqxBz_id3e7-WgeSkaBbPfJnlMIBm2YaXZmWPFz7YWiZ0uNBztTwHyuj3d5-OCb_rLRjGMX7au0R2Q,David Allen,https://play-lh.googleusercontent.com/a-/AOh14GgLC0SV3Fk9iEuO4I4OQ882j3-aw-3n9cHgfqNFHg,"Very realistic, both this one and the WLN app.  Any chance you would build one 'resembling' the Unitrol 80K tones for those of us on the West Coast?  They are the classic siren tones out here.",5,1,4.1,2014-11-22 20:47:01,,
gp:AOqpTOFnQnGfaDDGEZZ-ajEj-En9e9XD-1wjDEGRVKhbnRrVMvysWqIdsaQGTxovpjcVZgTAu4KH221VAfPXmw,adam johnson,https://play-lh.googleusercontent.com/a-/AOh14GjqsJS6kvtxgdAQ1YRxwxRFxBitx54nw2X3uwx8,Very cool app it's set up and works just like the actual unit's,5,0,4.1,2014-10-30 22:00:15,,
gp:AOqpTOGPf2MuM7Dotstm7Hg0c4KqPKn0ESLqqf4c9qum74IsUIYDSmA07qCoO2HKvv0EgNNYBZtyvXVcZy9mRQ,Bedriansyah Zaini,https://play-lh.googleusercontent.com/a-/AOh14Gj9UH498z_hutSo8n13Z1q1cL_mM2PIeIPo9PxdYg,All sounds play together is more realistic. Update it!,4,0,4.1,2014-09-27 04:41:25,,
gp:AOqpTOGyVzlSyaajiX9FV__SUnY1faJcAb_hvraLWqbfBJMZSwq7fvmPDL0bPuCbwxFWt9HzgczlW2Ual2ACPw,mark richards,https://play-lh.googleusercontent.com/a-/AOh14Gj51Gvu6kcJ85EQg6JfdpAjHLK5EYbTI4O9ef3Ssw,This is the best American police car app I've found yet. Gotta be the most realistic by far. If I had to find a fault I'd say it would be better if all sirens worked simultaneously. For example if you could have prty working along with wail and then blast air-horn all together. 5 stars from me.,5,32,4.1,2014-09-27 04:39:46,,
gp:AOqpTOG1H1N66ZvSFYR4wTiBgiyrTfMEs9TKeHcyFNUBca57oHUfi6BOoCgXJElth50qwJ5_8fIPvf2JD2kJSw,Eric Lincoln,https://play-lh.googleusercontent.com/-raTgD7kPJA8/AAAAAAAAAAI/AAAAAAAAAAA/AMZuucmikdN9PILGHp5nvkjYCzsMHRWeFg/photo.jpg,"I love the app in fact its so useful that we are outfitting 3 patrol cars using blue tooth siren speakers and your app allowing us to control it remotely, im having an issue with manual and airhorn sputtering when being put through the speakers all other tones wail, yelp and piercer work great we are all running samsung galaxy s4's all up to date latest OS, any chance for an update or troubleshoot? If this were fixed 5 out of 5 stars hands down.",3,2,4.1,2014-09-22 20:42:46,,
gp:AOqpTOGyKHyAcq9Se10wnkrtjEjYoR4tqfWXi9FnzZt_wLJsT6dFPtNJg7B9SSW3zty3E3Ot6Fsw_Uqx9KbZyA,tbl_14,https://play-lh.googleusercontent.com/a-/AOh14Gjt4xuWEm8-vaqjfgL2c3g6FXnOMll7UotIHR7HUg,Hey you  should make a mastercom b,5,0,4.1,2014-09-05 17:05:54,,
gp:AOqpTOHctPa8EVxKjy3YZI-Mq0kMD7pWQcOzs8JhifcNxCiMn50DJMUNzIn6Dah_teBWI4zxG6twOrg0a3O_2g,Paul White,https://play-lh.googleusercontent.com/-ReGE2z_X3MM/AAAAAAAAAAI/AAAAAAAAAAA/AMZuuckSWrO2wP4nzZZviCyC257UBTzqrg/photo.jpg,Wicked..Cool.. gets u out of traffic ...,5,0,4.1,2014-08-26 15:38:33,,
gp:AOqpTOG9_rbvFQjroLPf3vnzoxd-irMc-FaXq0SB89CDL5m1OL4IG4oiCC2D8BNZT69ckUWru-Yc2xpEyCvvcw,Alexx ThaaKiidd,https://play-lh.googleusercontent.com/a-/AOh14Gigm9WLqOevbjxrDDST7iQAkkrMkZEhi7pHOzyEyw,Best app most real siren sounds. Best for 99 cents. Sounds like GTA 4 mod sirens. Jacob Simon should make federal Q...,5,3,4.1,2014-08-13 12:38:06,,
gp:AOqpTOFotLQInBerb311febs3b8iCzG-mPf1AyJwLsFLKnPpWEqk2o0RIWykHj4aJlhlx361ERb1tRk2Zu8jxw,Lawmaster Maraj,https://play-lh.googleusercontent.com/a-/AOh14Gh0lZZcl3M9UslWQbJy_9jGK4xcUhBCMUWu9f6jDg,Great,5,0,4.1,2014-07-29 10:09:08,,
gp:AOqpTOH23Z3HxQ2Ky3wDajSc2PTph3_EHtAZNlLUCmON_qkKALI-Ff0kJtwJHYg-YSZllxwcTYVB7PRauB877Q,Firefighting Truck Driver,https://play-lh.googleusercontent.com/a-/AOh14GjVS6BdLbWLCqL_6WysFpf3eVTefAEY3XfDWJYRuA,Awesome,5,0,4.1,2014-07-13 16:51:23,,
gp:AOqpTOGVy1EMqERtgH8Fn5b5prW-xM3ai_tPEqFomUq1tEd4Z788wQcq6kKwgIHXO-qZLCTcE_Oqwh9yfBqYkA,Vlad Borzakovsky,https://play-lh.googleusercontent.com/a-/AOh14GjhY8snuB3MLqZgYFNy78hs4rJ48YW_qb-0z31VjA,"The most realistic siren on the market ! Finally a whole panel instead of low quality sounds with bad menu graphics.. Gonna use it to move people out of the way when riding on my bicycle :) I was wondering, can you make a FedSig Touchmaster Delta ?",5,1,4.1,2014-06-18 02:03:35,,
gp:AOqpTOGJSPxSAruM6Ywj8LNfuNfTTSuTgaMYDpPgDLfLhUSvmvAOfruKYXvApKMoZ4Yh0sxXTzey5eKok9wAFw,Dodgersfan559,https://play-lh.googleusercontent.com/-l0Sbfa790N0/AAAAAAAAAAI/AAAAAAAAAAA/AMZuuckwfqqBnsDIAb-R2HrN0Ag4-Ql7gA/photo.jpg,sounds just like the one in my car!! Would love to see the federal signal touchmaster delta as the next one you produce,5,2,4.1,2014-06-14 09:35:15,,
gp:AOqpTOHw5eDp3pdvMI94cV6dSiaOTR1OSY00IDwoRBrVRPjpk4LEYyw0W9se6LmA3NvR71XG3QOe_A6eR5By8g,Chris Struss,https://play-lh.googleusercontent.com/a-/AOh14Gh5A9qVNhi4gRNTrhJ2ftJ1HttmO_VSn00F_lxOLw,Good app. Need to fix the delay  between sirens.,3,0,3.0,2014-05-16 17:28:33,Hopefully this new update fixes that for you!,2014-06-13 22:43:12
gp:AOqpTOFiUMyxz5U3qYqadvLMv3CPOfsWBudVTJ-vsjPzk5DWY8LXaPdZTOXKGlR5HMgwPhnFlgtMbenvFQs2nw,Nick Fontana,https://play-lh.googleusercontent.com/a-/AOh14GgWZJ8Z9BzDS4QsydGAsJoCyXl-2kjCvGlL_fNXYNg,"Having bought this app yesterday for £0.64 I noticed that straight away it was awesome! It sounds just like the real (not named) siren. At least I thought it did! It is so close, in fact the wail, priority and yelp are all perfect. The HI-Lo seems to cut a tiny bit short, and the delay between sirens really does need to be sorted out!   When the bullhorn is sounded over the siren, the siren should continue playing but silently, this way the tone resumes from where it would be if you hadn't pressed it! 4*",4,0,3.0,2014-05-05 13:59:59,"Thanks! Hope you continue to enjoy it and look out for my other apps!
",2014-06-13 22:43:55
gp:AOqpTOG0xuANiNUoyojG6L7qttUktthrCeIwC6CwRYuFuNGQv6Z3enUo-fHNquI6P8ZqG1nIEBnqZVIBZ1oehQ,Liam Ferraz,https://play-lh.googleusercontent.com/-gPg9rp92v3U/AAAAAAAAAAI/AAAAAAAAAAA/AMZuucmMcj4o0pNhGrEC1IwdKiWr8ZbXYw/photo.jpg,I think the delay time should be shorter. I mean this is a great app. I wonder if you could somehow hook it up to your car/ horn....Just curious.,4,0,3.0,2014-05-05 10:53:48,Hopefully this new update fixes that delay for you!,2014-06-13 22:44:22
gp:AOqpTOETyKDLMnX8CxaZ8XfUU0T6XNAAt516XDrksp8GQGUTLLp4I7IeUavKFRu34gj5vwzO2vqGT-isixt11w,Detective Gerard Francis Cutolo,https://play-lh.googleusercontent.com/a-/AOh14GgepCe8xD7iDjHbqhVxIYaMO45x3owhx6suKsnqZg,Perfect!  Waiting for the rumbler feature.,5,0,3.0,2014-04-28 19:36:09,Unfortunately the rumbler would infringe on copyrights... wish I could add it :(,2014-06-13 22:44:54
gp:AOqpTOEcWbIeTS90-McaQWtOdYw_uzx4dVl4v8zTe0UnkTulqqP5744UneJONVLm74pOoAyqpZ5hwSEUAtO1xg,Daniel Ling Siew Kwong,https://play-lh.googleusercontent.com/a-/AOh14GjRf_L63NO1WNHQPQqRl6tcxDILOw3X8wYWYnx4Pfw,Now I don't have to spend that kinda money to buy a real one. This is good enough. Thanks man..,5,0,3.0,2014-02-13 03:50:59,,
gp:AOqpTOEFCLIkkAt-NSpA5QZDTv-Mh_-u39sY2d8Vv6AVh9GmQNZmJx-t3Aav-JVrgNQphM4Iha03Sd_CkSaAGA,Omar H,https://play-lh.googleusercontent.com/-dt7NCfQ20ro/AAAAAAAAAAI/AAAAAAAAAAA/AMZuucllLl0oW6F6oa3tmffGyW5BDwwmvA/photo.jpg,"Can you make the transition shorter I mean pressing one button to another it's a lil show. Otherwise perfect. This is amazing. Volunteer firefighter here, can come in handy",4,0,3.0,2014-02-03 20:37:06,Hopefully this new update fixes that delay for you! Be sure to check out my other siren on the store!,2014-06-13 22:45:33
gp:AOqpTOFJQpXzpJGWYCkCqZk4IVqg8bd7B68qi3MjQ--2Zkzs4SU8HNLe6k1XzGFtuEyg449sTMwqbLTyIvL8qg,Ryan,https://play-lh.googleusercontent.com/a-/AOh14GgNEcBIc3TXpAvVGqTn3tDA9SwnDiXir42wuBSy3ns,Freaking awesome I was thinking about buying one now all I need Is a external speaker and it's on....thanks for this awesome app!,5,0,3.0,2014-01-22 16:12:05,,
gp:AOqpTOE2-gEkxIIxv679DmD8KwAULVCmJkeTcWQX-yDn6O1cv2Y7sa9gfn-tLmiirRD6u2hS1Pj6SIZ_WmW9vQ,Ashley W,https://play-lh.googleusercontent.com/a-/AOh14GhvHhyEdo5TnQA2bSJZpm9nxOFvGeAA65zXihGxeX8,"Very nice, sounds exactly the same with NYPD and LAPD, if you guys can add rumbler siren  that's even better...",5,0,3.0,2014-01-06 12:54:45,"Unfortunately the rumbler would infringe on copyrights... wish I could add it :(
",2014-06-13 22:47:54
gp:AOqpTOE2YMlcWZz7ZDZGlCALB3jmLDknDI5qvTUnEyu-umad-4qrSielS27Ey35j-PpTXGiJ4-TZfyb8atM1Dw,Master Rage,https://play-lh.googleusercontent.com/a-/AOh14Gjpuy8uvyWw_dnFzHtg-DMN_3pVOJZk04JSyIuUCg,Still a great app used on my friends phone and it worked and sounded great.,4,0,3.0,2013-12-25 20:09:38,"What device is it not working on? Try the latest update and let me know if it still does not work!
",2014-06-13 22:46:33
gp:AOqpTOGtcWqqynq0o0XAkofCGAf7S_6ne0KM9Td9SuCpC9CRN36S8ekqPebXjvQyd5w5Toxy3aEykqgL9nGlJw,Jimmory Witherspoon,https://play-lh.googleusercontent.com/a-/AOh14GjA93IFeIvVZc4GhahB3p5rId_PLjaY3Xt6apkakQ,"However, there is like a second delay when switching between Wail, Yelp, and PRTY. MAYBE MAKING IT A BIT QUICKER! Bt nice overall #Deputy Sheriff",4,1,3.0,2013-12-21 16:58:14,Hopefully this new update fixes that delay for you!,2014-06-13 22:46:44
gp:AOqpTOGdhUldlOLstMwWXqhy_tZ3ljEcj04LG0TytmnfWgdb9R-hRB1pLGCjOzItvlBtu-rwNOMEbl4AHzK3-Q,Tyler Leslie,https://play-lh.googleusercontent.com/a-/AOh14GhN7oyPVQRdJasgs0HwNjF89r8xHx1jOShhT3l18g,Just like the smart siren in my patrol car,5,0,3.0,2013-11-30 14:01:27,,
gp:AOqpTOFns7snfocgfxVEPU4sYSsTdia9cpFfKuHmks-1i5y3aOVTs3JAR_TKarGasiP58eJsCBVR5zZvud4SKg,Seth Silver,https://play-lh.googleusercontent.com/-c_i3q7YGxlc/AAAAAAAAAAI/AAAAAAAAAAA/AMZuucmSngJ-_M4Aoi_jn4bcji1kEKjpKQ/photo.jpg,Well worth 99 cents!  Great app,5,0,3.0,2013-11-30 11:33:22,,
gp:AOqpTOGkZCBZfTzmP9cRkOrniAzryyj8U4QKVYcSAs5vLemZM06vV0y3jLUUf-j5aoTXaAf74QoWM3_Y40w0lg,MrAnimaleric,https://play-lh.googleusercontent.com/-mWCD1zVY_mc/AAAAAAAAAAI/AAAAAAAAAAA/AMZuucndbGEbKtTk1p-B6dLQ_rGSmGKeOA/photo.jpg,Very realistic.,5,0,3.0,2013-11-26 20:38:31,,
gp:AOqpTOFRoNeiCUEfpSrHUAhIPGR-zyxUtYItHahHmcslrU_6EOJNX0n1s18_G1CoJyonyDZMmVsEF3JGOyLifQ,Concerned Citezen,https://play-lh.googleusercontent.com/-Q4756nDP4j0/AAAAAAAAAAI/AAAAAAAAAAA/AMZuuckOF6LbBW231VLelrMi0JjNjiPx_g/photo.jpg,This is what i have benn looking for thanks a million!!!!,5,1,3.0,2013-09-30 17:18:29,,
gp:AOqpTOHqTvZdolydiCxvX_M8SJb7mkCFNGVdGuHv8ZbGeda5rd9qzFKC5T0a6Tq5T2pYbhqbFzwtTJ2fQ2QdyA,Tommy Metzinger,https://play-lh.googleusercontent.com/a-/AOh14Gj2iWunIeA7MXq8rIAiOMfU0LQ1w6v7eohTvvfJnQ,This is by far the best siren app available.,5,1,3.0,2013-08-20 21:02:49,,
gp:AOqpTOGFCK0ZN9Yi8m9H3EnKMlz1E1MilsZVN9CYZKhVyjap4D5HPvUpNUzsXv6DQp_GD-h-oP8hRYz1L6sjqA,Michael Colon,https://play-lh.googleusercontent.com/a-/AOh14Ghm6_UDLobabHp3fkNqRkpKa6lTIqeefDtTmOailA,The. Best siren around just like the NYPD just what I was looking for,5,1,3.0,2013-08-01 17:25:10,,
