reviewId,userName,userImage,content,score,thumbsUpCount,reviewCreatedVersion,at,replyContent,repliedAt
gp:AOqpTOFGVyI-qp4tJg6hsqidY2KNQaDaSDmRsk8--xW-3IokbyllPrxtf9Y6tQ2C24QyK9XHWxAVqrA6XUSB1w,Alexandre Polounovsky,https://play-lh.googleusercontent.com/a-/AOh14Gg1wPCX_lb4mMKRdddlkwnBrGiIacRA4WoXMTqZSw,"Good application, sometime the autofocusing doesn't work...",4,19,27.1,2020-03-19 10:12:54,,
gp:AOqpTOE_OuGIk5O9NoNv_sOnVcg2S8eEqGq6pCu5uAIux-oNkzLCqv9HUKmk3_DBdydI9_yi7kCCobAYMLPdnw,Dawid Trafialek,https://play-lh.googleusercontent.com/a-/AOh14GhnRHMa52LtMFQKjVi_dJ-yFAKPD8bLcZ-q2vJ7qw,great app but please add option to change the lens on the rear camera on compatible phones,5,28,25.1,2019-07-05 02:41:42,,
gp:AOqpTOE3fypZwaHl1EDHemdB4PaJiW9lL_iSiaxRWPLOpRAh7whGoXlzy1qDbyufd8EB3rG-nMe6zAnPKZafng,A Google user,https://play-lh.googleusercontent.com/EGemoI2NTXmTsBVtJqk8jxF9rh8ApRWfsIMQSt2uE4OcpQqbFu7f7NbTK05lx80nuSijCz7sc3a277R67g,"Great app, but it doesn't automatically resume streaming after app got auto updated from Google Play. Is it possible to fix this?",4,22,20.9,2018-08-21 02:58:36,,
gp:AOqpTOFTLb1lqawIJjCRmG0eO5NzgNajSRIOWT2-jHdxq9gjBp9Yxfj3MpIQ7nvjclDoY1u2cNFj6ew_VjAg8Q,Oleg Maiboroda,https://play-lh.googleusercontent.com/a-/AOh14GgvmcKpPvoAqJN50TFMiycDt5zZgibppQUPMPoBNw,"Almost happy with this app. Works fine on most of my devices, except 2 tv boxes with usb cameras connected. For these boxes it starts and works, but stops after some time. Is there any way to send logs to developer to investigate the issue?",4,10,14.4,2017-06-09 08:07:13,,
