reviewId,userName,userImage,content,score,thumbsUpCount,reviewCreatedVersion,at,replyContent,repliedAt
gp:AOqpTOEEmjpvd7ugDjz0IMB0eQDSgp0D0Nv6QOGNYmLTlgqt_maUlNXyznQpFEORdTKzXAn4WqlgSbk1zRmJWVw,Saoirse Hamilton,https://play-lh.googleusercontent.com/-9EfXpxte8Jo/AAAAAAAAAAI/AAAAAAAAAAA/AMZuucnvWTcu2sQvCqV8hDtVmDzMgN_Btw/photo.jpg,Son loves this!,5,0,1.4,2021-01-16 04:09:53,,
gp:AOqpTOEo_Ym8Xpz2Pk6JMimZ4jaoVPatO5akFa1gYG3-yBzXnwUGQy4sRLGSunxIkRT2g8GASRhftw_C5-bEJvU,Emmy och Sanna Lindgren,https://play-lh.googleusercontent.com/a-/AOh14GjNgRtwOVQQ2Wsx2eonoaxSQseBjx7YzTaIwfBPEA,Erds,1,0,1.4,2021-01-06 03:41:26,,
gp:AOqpTOGX2v2l41fPzbziSFF-GCVt1lP0idqLpxTBYYmHXrl3eh0KmXfOZVOShoPPfOMyfiLKCPozBwWoSnIys50,Ryan Swan,https://play-lh.googleusercontent.com/a-/AOh14GgkCFHskEi84vAeMGI9zAnabU4y_Ji98LnbbNmFp5o,Something wrong with the audio,1,1,,2021-01-01 20:09:38,,
gp:AOqpTOGaW9LDezDMPZQYkW9fm2vhRQrw4N9FZEtjCnsAUoCOTqd5P5OVhgoj1XLlWgzk3OI1SeRX8pMqmB_tc20,Jeremy Wendel,https://play-lh.googleusercontent.com/a-/AOh14GiCXSMEcVuDppPUOjzhMuh5TqgsXcziCiBGE9UQ,So fun it's like a good child game my 4 kids love it like 💜♥️❤️💜♥️♥️❤️💜♥️,5,0,1.4,2020-11-13 23:12:35,,
gp:AOqpTOG_-js-VlWu9qLhHXt2_Q-tw9W5bR0MN72_VHyEaFPCUboG1qKftm8RNbJrHzW_SCa9X8-3YwMAh4Fgn3A,Bev Spencer,https://play-lh.googleusercontent.com/a-/AOh14GijAjYqxDPl7zMhkZ9MDBEtOwSrKQ1AhZZg0VXSow,"New update comes December 3th!! December 3, is going to have a new friend... Wow Jack & a new tool... BIGGEST royalty & 16th project!",3,3,1.4,2020-10-17 21:08:31,,
gp:AOqpTOGogXCoo2v0Lmvpm_ckjfYHT0iYiuzwh2wCrOqWpdz4Ex2TUyJcpbglap-VrBStQlRwMe8NvNDfmFAxfX0,Holly Kelson,https://play-lh.googleusercontent.com/a-/AOh14GhAEtA1idD1RuDSgjELT1GLNZkeloZkOaePhJeSzDE,My toddler loves the app tho wish there were a way to create as he learns tool functions,5,6,1.4,2020-10-02 09:45:24,,
gp:AOqpTOHqzOvck7dVY_4LEMCM8Ytwv64bdaBp-J_n5kB3tw9JRt8biRWjq2hUSyzaubSMeTCFnC-s4GClnB7PBLo,Claudia Gariaby,https://play-lh.googleusercontent.com/-deHWOelHd6k/AAAAAAAAAAI/AAAAAAAAAAA/AMZuuck5bYKVB8_dfaLJkoqFcuAa5KiFug/photo.jpg,Hi buddy and I wad wasn't a The students hypothesis was ghat,5,4,,2020-07-04 15:57:38,,
gp:AOqpTOGbDXF1YiyHZfzCefi4ysuqIgsbuhBqLhRB9SXL726jUF4iAVXTbW6t4hbLF6b3_ZGXebHbLKzMt0btTJo,Marlboro Reds,https://play-lh.googleusercontent.com/-MGySTDtdJWU/AAAAAAAAAAI/AAAAAAAAAAA/AMZuucmN5LnBaAXSorN60Wvz9E_p8AQqHQ/photo.jpg,I Like it a little bit,3,2,,2020-06-27 23:18:54,,
gp:AOqpTOFL1v0Vj9rpRRWHCkyVl0dGv3MtIjQpgStPg8jNpB6u_7NmIyG8nX6fWNPOJBxfujuQjNuLzYMupY4wm1E,Jeremiah Onyenemezu,https://play-lh.googleusercontent.com/-0sIuAceadaI/AAAAAAAAAAI/AAAAAAAAAAA/AMZuuckTXFIA5FdGKI91KEMFYP1fiasaUw/photo.jpg,Toolbox.,5,1,1.4,2020-05-08 07:43:10,,
gp:AOqpTOHtxlyj0VXgH8jS98eaTGqVV8HSD3fn2H-h5DlSk4uo3dfIPH2JZvJ6oBPlcFIr09eiC54RsFI1QzmUh-0,Mr Chuck,https://play-lh.googleusercontent.com/a-/AOh14Gh_y5t3DYO_6kuLU1bybm2_B0IIdbuFq23r0icMiQ,"it was boring, sure it's for younger kids but it only has like 7 or so things to do and they are very short, not worth the money",1,18,,2020-02-22 14:34:38,"Hi there, we’re sorry to hear you’re upset. We do our best to make everyone happy but understand we fall short sometimes. We always appreciate constructive feedback and hope to win you back in the future. Thank you for playing!",2020-12-14 17:42:15
gp:AOqpTOHsYWPh5cwdJ5aD6C99dCbpgfXrrs1Nel1gVV0gYGgqJ9Wd4xdjMoMt1ia0atqWjR9Q9dGgj9gqh5JcuMo,Sue Czajko,https://play-lh.googleusercontent.com/a-/AOh14GgRJD3-0_4nquaYbgEpJJTtuwAjEAn7V_HoNlwx,🤑🤑🤑🤑🤑🤑🤑🤑,5,1,1.2,2019-11-12 19:38:47,,
gp:AOqpTOESqSpF1aRZlE5K4g04Bt_C40gq-ownejphnF5RaD-AU0AA23fQYiJPVWpVYwQ5KX8jOF3srN0pLSWcwCU,A Google user,https://play-lh.googleusercontent.com/EGemoI2NTXmTsBVtJqk8jxF9rh8ApRWfsIMQSt2uE4OcpQqbFu7f7NbTK05lx80nuSijCz7sc3a277R67g,i love it very kid friandly,5,3,,2019-03-31 00:07:33,,
gp:AOqpTOHI3pZLrQdVPeiWEiTZksvmZ5OjyLYLiktdMLMQryB-MREiK0_LRuXF4YxWvjEh5qrIDCuREagT8IiZBmw,A Google user,https://play-lh.googleusercontent.com/EGemoI2NTXmTsBVtJqk8jxF9rh8ApRWfsIMQSt2uE4OcpQqbFu7f7NbTK05lx80nuSijCz7sc3a277R67g,Eashan Jaywant Patel,1,11,1.2,2019-03-10 00:41:19,,
gp:AOqpTOGASx6aggy7ZdN5RA_kiGVFE8_YtjFdJowTTZzkNjt_hrNgGNwaz64X56RmmOK63LQYiXWHdmHnY2I4r1I,Jenny Krishnan,https://play-lh.googleusercontent.com/a-/AOh14Gg45gyuUCENm7WzqcloY-cDuUUQ05Lo2Yw4IEUcxH0,"I have all the Android ones except for robot party, bug builder and monster maker. This one is my least favorite so far, maybe good for someone tool obsessed or just starting with the Sago Mini games, but my 2.5yr was not engaged by this one at all and he loves all the rest. Edit: 3.5 he likes it now",5,87,1.2,2019-02-27 09:25:29,,
gp:AOqpTOG53Dqv_hnYYNl1eNuq7hD2CGx__f1d38xVHOUJ-LZe5tjnXCGpxH6BWLnSU79Et7U7U2gifAMP2fhajEM,Trina Pettus,https://play-lh.googleusercontent.com/a-/AOh14Gj-hEytIpe4PX24V7tgCE9wfH_jsfGQcye6uMUU,I love it so much for ever,5,13,,2019-02-18 14:03:18,,
gp:AOqpTOHyrPgFS9JVBOF__FBFCWzU9Op9baRnp4LsuzHcUBVJsVE6tJ-U2IP1mbQ8yHsoBDWHrIaFSG8UIZ4qpQc,A Google user,https://play-lh.googleusercontent.com/EGemoI2NTXmTsBVtJqk8jxF9rh8ApRWfsIMQSt2uE4OcpQqbFu7f7NbTK05lx80nuSijCz7sc3a277R67g,I love this app,5,4,,2018-11-21 06:33:20,,
gp:AOqpTOEcxJrP28X720Rr6SBdYjHixFB3Xj0S5yZsgdi-jc8N7d8DKYE8ArlfQ76J-qvG3IqpKGeKPy_USYJsXOA,fries,https://play-lh.googleusercontent.com/a-/AOh14GhBRQXHufHg26E-zBgUOmdhQumo3Rz0bINNQPvXZg,My little brother loves to play the game and its really fun. I enjoy watching my brother play good game.,5,43,,2018-09-23 18:55:31,,
gp:AOqpTOE6OaAdvQVZlr7WCZzjCxeI8845c7w5OLR2Ah34GUx-d0VSt-rI6St-Wrc_nmzkp9iX6ypORK-1jRNG-eg,A Google user,https://play-lh.googleusercontent.com/EGemoI2NTXmTsBVtJqk8jxF9rh8ApRWfsIMQSt2uE4OcpQqbFu7f7NbTK05lx80nuSijCz7sc3a277R67g,Make the game sago mini babies not payment so i can play it,5,2,1.2,2018-07-06 15:44:47,,
gp:AOqpTOG8wdlWb12MvLhubeZhNfb6pLZmYRzYnF-OcVIm-27tMYJE4t7nQSJfFvAUi9ovg9iXfuLJhl3EQPLL_kc,sorxk,https://play-lh.googleusercontent.com/a-/AOh14GiNDkY0VQw5-CdLTAQOOK4rMjQMmqR8ioSGqZlhAQ,👎👎,1,2,,2018-01-25 03:32:55,,
gp:AOqpTOEt1dlHyHHWhBMaSKtM29Dv4cfx81-qJzEeHn4ueo7P7w2a5RU-w5LD9IQFSfBuW84GYc2NyxlieuV1Ltk,adwaith kumar,https://play-lh.googleusercontent.com/-ioB8WOxfBts/AAAAAAAAAAI/AAAAAAAAAAA/AMZuuckszhUfL-8pvtOTqsirew_dSEKf1Q/photo.jpg,its relly like engineer,5,1,1.2,2018-01-21 01:39:02,,
gp:AOqpTOHps-xq8oSQ1U8nAa2FIdDjSHxAlMvuvRLaz5rhKh3zGOLblbedTOu9lJDzUA9OUZ4tnaEihAjFW-sX0Qs,Shivam Lavti,https://play-lh.googleusercontent.com/a-/AOh14GimfO3TLyqfYjrLVVnpCweOMt9EA3v8Rw-iiILWe-8,"my 4yo niece generally likes Sago games. But, sorry to say, this game is an exception...",2,3,,2018-01-01 09:23:19,,
gp:AOqpTOFJKw6xteUC_kKg8BG5aM6wn5lQ4Pn9dRL_xFWtoSqwN3PgaieGLo9peKKUWh7-Ku6et5r9sJxzZB_5I0A,A Google user,https://play-lh.googleusercontent.com/EGemoI2NTXmTsBVtJqk8jxF9rh8ApRWfsIMQSt2uE4OcpQqbFu7f7NbTK05lx80nuSijCz7sc3a277R67g,I love it,5,3,1.2,2017-12-31 05:53:59,,
gp:AOqpTOEwrgjlvdjgsvF_YB8FLw8VHml5WW2_HPGvZP4nAi00u4S5h1z-Yd7UgkXGt0vGQzNP-FRc0M7LjK5EuFE,umm apple,https://play-lh.googleusercontent.com/a-/AOh14GgQsKLFb0upLaDZgIyMK_w67RQVp1nZcFujLF2etw,Hm i see so you making a sale today,5,2,1.2,2017-12-29 06:01:20,,
gp:AOqpTOHXFEpn3R0DdGMtMA4f7oTDcXn5ulycdiDj7XQ94t-VvBQcDpYvOtdRhAAgnp-Oj-pToYYSS_G2t3YEHsc,Bible stories For kids,https://play-lh.googleusercontent.com/a-/AOh14GjceKv5CmJ_jn5_dyexBTZVQZA7YVVkzdAKjxr7sg,My baby sister loves it!,5,1,,2017-12-27 17:12:29,,
gp:AOqpTOFgYKKSl_yn-rDGbTe9cRJJff_yOcdyVm6FaY-0M8O9jHjOhtxgcgOswE93Is9gY_bePZ0N93zM_w3KUbo,A Google user,https://play-lh.googleusercontent.com/EGemoI2NTXmTsBVtJqk8jxF9rh8ApRWfsIMQSt2uE4OcpQqbFu7f7NbTK05lx80nuSijCz7sc3a277R67g,I love it,5,1,,2017-12-27 06:10:18,,
gp:AOqpTOFAHAuPTs2c-EXIk_dS0Y-zO-BK8TgIqzaq7NvJKUGVEbRU5BJMYCrfen5n7SkRH_uPEZvJoq1JSX7ncxo,Vaishnavi Mudgal,https://play-lh.googleusercontent.com/a-/AOh14GhGpaKX0q6mT1stvh_z2PaNAT1IQXY1Uw2EU34w7w,It is very good game,5,3,1.2,2017-12-26 03:58:00,,
gp:AOqpTOHsbpHdcT80dyqocoyhC16pyvDowCi9AapPR6bC4gJEvR_WiAXbfgRC5QN2JFVVe2tSMGMmBIDjSVHlHBA,Dr Gaster,https://play-lh.googleusercontent.com/a-/AOh14GjbNSJv3YiPrnRzZQHivlflM3kL7b3nGnjzu3l0aw,Wow just that to do....I hate this,1,2,,2017-12-25 13:43:56,,
gp:AOqpTOEBTiVtaV4b3gzhGRYG5tZuWN0ZrROcDPKA7g-pu_HzugHC0g5jbwJZxLkrHVz6JY3QEir9R479DCsDpH0,Sameer Shaikh,https://play-lh.googleusercontent.com/a-/AOh14Gj6Ucqb1iUTNeY7SHK7tlf9Y17qwPq4zb3UG8Uo,Boring,1,1,,2017-12-24 21:09:07,,
gp:AOqpTOHP-ya93fetes6OvLDWsYFZpzrSBZF7_d7jOiwYmiszzCo7pa9E2bEqJqmeTVw0qfQghD2BezRuUpP6Noo,Omar Mohamed,https://play-lh.googleusercontent.com/--Ca83lOBtbA/AAAAAAAAAAI/AAAAAAAAAAA/AMZuucnHkXcyErbWnCTF3pYAfEGvQ0K-bA/photo.jpg,Gooooooodoooooooooooo,5,2,,2017-12-24 06:49:56,,
gp:AOqpTOE4j1DUeu3ecHyCqMH1VljpwLRz203iW7dEAbDetluuk9ZiFEPX9_hjgHw12NUvvpiDRloHE0qdKp8psDc,abhilasha -bluesky,https://play-lh.googleusercontent.com/a-/AOh14Gj4bNfQTL8oBgz6mdLzXKHJrR3upmo5Rtg1rqwfRA,Goooooooooooooooood Ood ga me can you give me all sago paid games in free,5,8,1.2,2017-12-24 06:35:29,,
gp:AOqpTOHG8ghk5gxVEo3Sw1nL8XFOE35NqP-iVGTWT3zRzzzaB8c-Rvn5EqpA5Qw2Qje7mWlpoF4IycwqBK5IuGs,Rosemary Bastien,https://play-lh.googleusercontent.com/a-/AOh14GgCER5ktamYN0cISDzDhWbbGcE42rj2b1ehmyMG1Q,Im 8,3,1,,2017-12-23 18:22:09,,
gp:AOqpTOF4cjWbW_P-dLJx04iHzAHK5oQjgEGmXBSzzHRyJ9UCIUjpuIjkS6w1uEGelzQ72v2XvBrZTKfu7DudTBI,Ajithkumar M,https://play-lh.googleusercontent.com/a-/AOh14GifYXHRhffAjrqclHSfUAPOwo1vKNGLWZzCnFc8SXQ,Great one for kid's,4,1,,2017-12-23 12:09:32,,
gp:AOqpTOFfGM5VMBI87bNEwdp3C2-f6YbglD462N3TqhNMXQYxVuVmm_DdpvC_p-ITRIswgKvbgkokZf5ZNWmtnXc,Solomon feliz,https://play-lh.googleusercontent.com/-dw-i-Sc6ADQ/AAAAAAAAAAI/AAAAAAAAAAA/AMZuuclffFYMni3CE2L4llduWBFGoEsPIg/photo.jpg,loved soooooo much,5,1,,2017-12-22 23:01:49,,
gp:AOqpTOFLwwL3D33OqOiSJISD7TN-WHO_wkGYG4OieYv1HCPpQ4yTnP79lY62nWITXm5vHe1RkC4D8u6KuAvCOdg,A Google user,https://play-lh.googleusercontent.com/EGemoI2NTXmTsBVtJqk8jxF9rh8ApRWfsIMQSt2uE4OcpQqbFu7f7NbTK05lx80nuSijCz7sc3a277R67g,Well done,5,1,,2017-12-22 15:58:15,,
gp:AOqpTOGvGNE-W9uIZkytBK5vFji9qSuHfQ9Vsz6ssNtWofRRzf2v-_rWg02yUXUE5DMYcWXdO9onWGqSgDyANQY,Flower Tots,https://play-lh.googleusercontent.com/a-/AOh14GhtYNyGuoJt_WDnbmRI8D8AnBeuHXDfEWthndVWFw,"My Daughter really loves this game and other Sago Mini games. She is asking for Sago Mini Supermarket and Sago mini Docter, maybe a nice idea for 2 new sago mini games :-)  Please :-)",5,9,1.2,2017-12-11 08:29:38,,
gp:AOqpTOGwuG-54dxtzbo1zALEOQ14FaQkclvM7F2TEYE_IHavIY8IZsT5mGfOJEC7DH5Bjx_8WAiFx_B7qH-voeI,Steve Rice,https://play-lh.googleusercontent.com/a-/AOh14GjbjBxkWxwDD1Dso9sis7wKku1lhFxmPHnEEu5Ol6o,Love these Sago games but why can't I turn off the ads like I can on iOS? It's super annoying how my kids want me to buy stuff they see in the ads and/or get frustrated when they get stuck on those screens,4,191,1.2,2017-06-10 07:51:57,,
gp:AOqpTOHsMhOweuU_HR572obZHF_d3lh-NxB5yHqzlewiu8yjq9DjKO8Iw_swRzzrXeJeatiJhAvpefnDg9Wqmsw,Kris Green,https://play-lh.googleusercontent.com/-zvpV65Udzng/AAAAAAAAAAI/AAAAAAAAAAA/AMZuucn4LkIZ6Dr9IeGHUDvRG57Z6nQJrw/photo.jpg,Lol My Daughter Uses My Profile.. It's So Much Fun And Kinda Funny I Like The Cuttin' And Hammering Part And Even Though I'm Over Age I'm Seven (That Was From My Daughter),5,66,1.2,2017-04-23 10:15:03,,
gp:AOqpTOHbRmIsu493Jy6EurpRHr-2eqXvhjMsxuaXEqC02e9vFDSTdKC8MwmTYF1wrGWGmrnI8_AKSTvJaDfsO_Y,Eleanor L. K. Larrosa,https://play-lh.googleusercontent.com/-H5wr-FLd_Ag/AAAAAAAAAAI/AAAAAAAAAAA/AMZuucmBmMn-_vl6SFKLvPsLpe8w_v0oZA/photo.jpg,"Help! The game is nice, but the audio is really bad. It all sounds strange, slow and robotic. I don't have this problem with your other apps.",1,58,1.2,2017-01-08 06:42:31,,
gp:AOqpTOHH1pXppZJ3ZRo_vf8i76qdT8w-aB0eSS_SZX8XhUuV6l4sOCjVlL2kDWhyPsZyF1V3Z0BxUPOrTEwuC0E,Manuel Sandoval,https://play-lh.googleusercontent.com/a-/AOh14GjVOvl0uViG_VGRImw8FXzsIqORJ_P3fMu82ygSbA,Enable family library,1,10,1.2,2016-07-28 20:10:46,"You will be happy to hear that all of our apps are now Family Library enabled.

Have a great day!",2016-09-09 13:40:58
gp:AOqpTOEXRck6HsqGerH-2MVXugou7q1hWkjfCPT5Yetv8nxuM7wRNY_KusD0cDYodmuv-p5PgQeLvITG7Mi0SOk,Mellanie Lloyd,https://play-lh.googleusercontent.com/-xhBv7lH8b0w/AAAAAAAAAAI/AAAAAAAAAAA/AMZuucn--QcZNtygZ9oTklHHN-St-4ESog/photo.jpg,Plus sago mini is a good kid game compeny,3,13,1.2,2016-07-17 00:33:04,Thank you!,2016-08-03 13:05:11
gp:AOqpTOHRKA1qhGpDuMOF3yGcCDhbXwD2x0AQ5Mv1Cxuigxzt_WbZDySAXgLj9dCgWgHY3dLBJIdz_Utx1PwrCC0,Cindy V,https://play-lh.googleusercontent.com/a-/AOh14GhTFrxu401svCnmKOlatEN8TvBb6yJrTMThPArkJA,"Did not work before, would not download on my Samsung  Galaxy  Tab  4. After recent update everything works just fine. Thank you!",5,48,1.2,2016-02-24 09:38:27,Happy to hear everything worked out. Thank you for your support!,2016-02-26 07:50:06
gp:AOqpTOF5pst-E3WbjwJasngejb1JxopA9Wgzkwp-pgNj-Evr3gtfzEVHfbXPc99nyTXdK7x7fWgOO-hMYK6NW0c,ShadowPlays,https://play-lh.googleusercontent.com/a-/AOh14GijL_QdYgYLMVZ307aMRBxAPb2bZd83HpdBgGogqw,please put more of your games on google play my daughter does be devastated she watches them on youtube and cant understand why  she cant download them! !,5,7,1.1,2016-01-07 12:01:18,Thanks for your support! We have a special team working on this.,2016-02-18 07:28:32
gp:AOqpTOEwU-F52aj9mAM2QW-V94YAMmk8qu6IgiQqd_rBDRrmfgIV9zwiCufc2c_8q-5K6LWW0-7SeQ8GBEl3XvA,Otaro,https://play-lh.googleusercontent.com/a-/AOh14Gh8RIv1TXbv_MDkU2rRfe8exHW_UYeB25YTjEajRA,"I bought this app, then restored my tablet and tried to download it again but it's saying not available for this device. But I had it on it before. You need to refund me my money.",1,9,1.1,2015-12-21 12:49:49,Hi Kemisha: Please update to the newest version and let us know what you think. Thanks!,2016-02-26 07:51:01
