reviewId,userName,userImage,content,score,thumbsUpCount,reviewCreatedVersion,at,replyContent,repliedAt
gp:AOqpTOH6YOrxhJHkbcK8mwRyctRw60i2PtMQgiSrD-i-K31FJNKaucq0QxForoItdxhM0O9Yp8cB9C1bP5A2HcQ,JustLikeNicky,https://play-lh.googleusercontent.com/a-/AOh14GjcQHC1QjU9veZ8PZHRc2SBd5iY1sLA6ezHWNLfXw,"I really enjoy it more than handspeak. I know there are different takes on asl signs, but I think this is more accurate. However I ended up using PSE (pidgen signed english) rather asl which are two different signing abilities. Could you try putting in ASL sentence structure? I'm sure if you make an app based around asl sentence structure too maybe it will help others better understand asl rather pse",5,13,1.5.7,2020-12-08 07:05:27,,
gp:AOqpTOEyzXT2gvv9m_ZpWLzKZIWv4JHwwFEqBFfpBTcPuwROY8aYvAtImY38ji5vYdVQCNQx9qJsByJ5aqsJry4,Yvonne Carrell,https://play-lh.googleusercontent.com/-J7B0hovXdi0/AAAAAAAAAAI/AAAAAAAAAAA/AMZuucnbbPW0RKdcDWblNSTq-E2PaShV2w/photo.jpg,Wonderfully clear,5,0,1.5.7,2020-12-02 12:00:50,,
gp:AOqpTOFqxe04nmmufSCSs5HnTTa-_jKKGfKxzkDwxPe2lT7S2smD20UxIm2mYVahIX0fXCzJc2xj5R3__D4fCpo,Chris yearber,https://play-lh.googleusercontent.com/-RYHHJfVq30U/AAAAAAAAAAI/AAAAAAAAAAA/AMZuucnScnS-ihybLWKLCK_cM_PR-uwuIQ/photo.jpg,Great platform easy to learn from,5,1,,2020-11-13 04:25:18,,
gp:AOqpTOHBBAeZz5txVQJYU6zXFSr6qJpAugZUE6CkPIk1PS2EmugHyuzj3TdPcKnf6OG0YB1VHoK0KNRziJq44d4,Lorraine Roberson,https://play-lh.googleusercontent.com/-Akohci62ONA/AAAAAAAAAAI/AAAAAAAAAAA/AMZuucmg14v9uFPXgdnoi4MA8o4PtuyT0w/photo.jpg,I am new beginner. Love the app But have to look up every single word. So when you hit the X to back out a word you still have to hit that box again for the keyboard to pop up. The angle of which is hands show is so straightforward that I have to replay slow motion alot to see what her side of her hands are doing. If camera angle was from higher I think that would help a bunch. Would be 5 stars if not for those 2 things.,4,15,1.5.7,2020-10-03 05:22:13,"You can swipe the video screen to get the next or previous video without going back to the word list. Also when on the word list, on the right side you can use the a-z to scroll quickly through the word list, or push up on the word list to scroll slowly. Or if looking for a specific word use the search feature. Thank you were glad you like the app.",2020-10-03 09:25:27
gp:AOqpTOFdEkNnBDwVlZXRlwCKZmgezjYxa50Rj84SsICBZ-zMtmSaHCre3HpbNX51uoLjcxNzM4BkqVzjiZzzPBo,K B,https://play-lh.googleusercontent.com/a-/AOh14GjbnP3pIgl24WqgvkcwYD9gSE7Teksx0eFGGgsxXA,Great learning tool,5,0,1.5.7,2020-09-21 20:29:19,Thank you. We love knowing people are using and like the app.,2020-10-03 09:38:31
gp:AOqpTOHS3wTF_vjP-i96gVeSEJoZ5htNnTyKBuQ-QFRQzyFrSnAEDsVxqT7EVnrDhCROXyT2wxCuUlm1hrcBU3Q,Kathy Turner,https://play-lh.googleusercontent.com/a-/AOh14Gi5UP6URoxjn9h2Tox62qgL7aYxxPuB44CQKzDJvg,"Purchase first with iPhone, then again with Android when switched phones. I asked and was told I had to purchase again. Unfortunately, all the better updates are on the iPhone none on Android . No option to cover mouth during quize, can't rearrange favorites in order and freezes often. I also read there are improved test too. Five star on iPhone not on Android. I wish I didn't know what I was missing. I paid twice thinking the app was the same. Disappointing!",2,21,1.5.7,2020-04-26 19:43:58,"Please understand that Android apps and iPhone Apps are sold by two different companies Google and Apple, and run on two different operating systems Android and iOS. We too had to make two completely separate apps. We work hard and tried our best to make them identical but there are some limitations and we're not perfect. Thank you for your support",2020-04-27 10:44:26
gp:AOqpTOGVAScSzeL6TLzygvKh-O8Y1BQg6sdJR5-QqTQIAGyiHtslGosFlfX2G2CisKwMPXgVWkAujQJRqw7D9zU,Leah Clark Villanueva,https://play-lh.googleusercontent.com/a-/AOh14GiudbiKnmoEoNNNwds6dYYDx5YHnwZXK02DyQ3OfXw,"Great app, video is helpful and good offline",5,1,1.5.7,2020-04-19 13:52:38,"Thank you, we're glad you like the app.",2020-10-03 09:25:56
gp:AOqpTOGNIIqX-kjudLrA6sYv6CcTTf5KVLgOmj1Jd2oykxPT07z2gZCxhf5wPLGTbK42srGroGVKRfOA04H2rzE,Kellie Green,https://play-lh.googleusercontent.com/a-/AOh14Gi_a0Z5peu3KFgo971kOAgBg0ZQqIbQZERp1PneUg,The signer mouthing the vocabulary isn't helpful,3,1,1.5.7,2020-04-11 11:52:38,Thank you for your feedback. We tried to make the app good for everyone. We worked hard on making all the videos and features and hope it is still helping you learn and communicate.,2020-10-03 09:58:00
gp:AOqpTOGytuFqMLVv7S7TPU8c98nWm9vlHP1qaa5XvMR6sZGtUoT_gk-AD12Qc_kQOkKcvuBS0EVdHyWXZvdzZSs,Enedina Celaya,https://play-lh.googleusercontent.com/a-/AOh14GheOENDuea2H5VhaFZ6ygbuA7Lgvf_1dfO7FArwFQ,Asome,5,0,1.5.0,2020-03-05 14:38:56,Thank you. We're glad you are using and enjoying the app.,2020-10-03 09:39:39
gp:AOqpTOE_Q6VH_8CXUhv6A1TRVQ1FEenoMl_HfklBRDrYduoP0C2MEpoHuPa6dH2oei6TxEpjeew-7cJBvY7VR0Y,Maria Elena Mayorga,https://play-lh.googleusercontent.com/-x76XhRzZ-tY/AAAAAAAAAAI/AAAAAAAAAAA/AMZuuckWbGwy6YKbr9OxELtEgR0WEmWUig/photo.jpg,"Meh, the quizzes are nice but my main issue is basic clothing to help describe people are not on here Which is one of the first things in ASL 1. And they signed ""pants"" instead of ""jeans"" like they have listed.... It is fairly helpful for studying in general though",3,13,1.5.7,2020-02-27 10:45:37,"Thank you, were glad you are using and enjoying the app. We are always looking to add new videos and features.",2020-10-03 10:02:29
gp:AOqpTOESgyHWxLOhrjBhy56-XYnyF6aP367wjFeRvFGWkIs9BsrXvQEzj9z5BxjohUNXk_3lpSaDnyebImJw2sw,Julie Srigley,https://play-lh.googleusercontent.com/-Avrc60GGAAk/AAAAAAAAAAI/AAAAAAAAAAA/AMZuuckPjMHydDQHCRH6WlugqWnE-Mlv3g/photo.jpg,Wonderful so far.,5,0,1.5.7,2020-01-25 19:48:01,Thank you. Enjoy the app.,2020-10-03 09:26:36
gp:AOqpTOEpVPnprIoGphQ9FZ7DlcS-gx1O-fuxecm3QPbAacvZuQzxFM3qrnQKjf7DR5BRULgj9llGIMwT0K37GP0,Bradley Cunningham,https://play-lh.googleusercontent.com/a-/AOh14Gj7PSs40UoSDysmQPhQ0Bl0mjzWTGVp0K4vNk802w,"Very fluid operation, accurate signs. I have an intermediate ASL fluency, and the signs are accurate to the modern signs I've learned so far. Super easy and smooth app! A+++!",5,9,1.5.7,2019-12-19 09:40:28,"Thank you, we worked hard on the app and love knowing people are using and love the app.",2020-10-03 09:27:12
gp:AOqpTOEevD11uvufZ9hFcBihx8KInmboKJiZ7p2VW4V-FELvYqjAt4PUalysTYs92ZZg5EpgUyqws3js19iQhSo,Shamrock Adams,https://play-lh.googleusercontent.com/a-/AOh14GiVSkAMoudowHXj7BZv8ki8ZPgYsPQxgbmXHCktwg,"My hearing has always been a little off. My hearing is at about 60%-80% of what it should be. I have to watch people's mouths along with listening in order to understand what they are saying. About 90% of the time, if I can't see your mouth, I can't understand you. I bought this app at a moment my hearing was at about 30%-50%. I am greatly appreciating the help this app is giving with my lip reading skills. I may need them one day. It will be good to be fluent in lip reading along with the ASL.",5,17,1.5.7,2019-11-17 15:07:26,"Thank you for sharing, we worked hard on making the app and love knowing people are using it and its improving peoples lives. Enjoy the app.",2020-10-03 09:29:17
gp:AOqpTOHEK0TiR5CGd5HatoH2kl-RUK_09f3FJ-88Kuic59ORc2CQNrDM0RBBNJ8hix7eLqfwzihJZ80o0V4iRGM,victor cepeda,https://play-lh.googleusercontent.com/a-/AOh14Ggn8Neuf_MMendqhaQUk8ozYATxo-Ma397H2Phnsg,Excelente,5,1,1.5.5,2019-10-01 18:19:00,Thank you.,2020-10-03 09:29:33
gp:AOqpTOGB7wyFkS7gtKF4lAaMFv9SXdRcvtEAf516EmIQse1JhjvWfdyFJ2yYBjyrNxq0CVrrMq_OJcpGSGusOqU,ゴードンダビッド,https://play-lh.googleusercontent.com/a-/AOh14Gh6bgEauzGVCNPoo74ggL9Am8JIeLhTCEiBUg7eAg,Excellent resource!,5,1,1.5.5,2019-09-27 13:44:44,Thank you.,2020-10-03 09:29:51
gp:AOqpTOFoq9CavpfIamlsYgqfPTAZ52Bo0ozxYckObXrCglcXOuIvvH2aWJeRNEjKaJnhqyIvow6EvDUkJxAuncM,Bryan Rodriguez,https://play-lh.googleusercontent.com/-0rOFD9nMbIE/AAAAAAAAAAI/AAAAAAAAAAA/AMZuucntQ_56LWbWgrj58VSLWDZWItq9sg/photo.jpg,Doesn't work,1,2,1.5.2,2019-09-25 11:47:13,"Yes it works fine. Please update to the latest version of the app and do a full restart of your phone. There are no issues with this app. if you need help please email us at, appsavers@gmail.com Thank you.",2020-10-03 09:31:33
gp:AOqpTOHHfVYdHmsFQvKgiUIr2LKOJUAF5f-unpfAGEq9Txv9uj6_rr6vUoIO1-I3yp13rA9ZF97SIkGo0oHuAP0,L B,https://play-lh.googleusercontent.com/-F-GVpolT464/AAAAAAAAAAI/AAAAAAAAAAA/AMZuucmOJk1IfIubhLL4jjTtTpsFKBTG-g/photo.jpg,It is extremely useful and I have increased my sign language knowledge in just a few short months by taking the quizzes and utilizing the practice exercises.,5,11,1.5.0,2019-09-05 10:19:17,"Thank you, we're glad you like the app. We are working on more quiz features.",2020-10-03 09:32:06
gp:AOqpTOHKQiw497I3hmKtjsrxRBD_AO7RKQI7rrifTxI6FsYkC_VLogz_ZgBqzUkyNCcrNnyoldlBwZ-7s4Tm67Q,Michael Cohn,https://play-lh.googleusercontent.com/a-/AOh14GhANsHnl6gxukkI6ZbOgB-uNHz6Acoa5Q5R_eEqWg,"It's great having an extensive, clear dictionary like this at my fingertips. I consult it all the time. One thing I struggle with is differentiating signs that have similar motions, like SAY and TRUE or WHEN and ABOUT (those are simple ones but it happens to me with a lot of new signs). I'd love it if you added a feature to flip back and forth between two signs so the user can directly compare them!",5,48,1.5.0,2019-09-02 09:20:31,"Thank you, we worked hard on making a lot of features. You can swipe the video screen between next and previous video but we like your idea of swiping between two selected videos. We will try and work on that in one of our next updates. soon.",2020-10-03 09:34:28
gp:AOqpTOGDQgcbv-A8ttt9taaBWNvgSXOwlrCYudifDzW9vwcdtl3FQ3_F_a4I40Dk6jPU1n8UBx4BjoXI9tfS3aQ,Kristine marie Meneses,https://play-lh.googleusercontent.com/-3wGTw3Em_Yw/AAAAAAAAAAI/AAAAAAAAAAA/AMZuuclttKvlRm8_Xa8NrpukW64ng5vlRg/photo.jpg,I enjoy this app it comes in handy at times,5,2,1.5.0,2019-08-21 02:15:20,Thank you.,2020-10-03 09:35:06
gp:AOqpTOGmt4djh22a4ITroO52elU4kEfBVNWzEM4B4-giu__K2vKak76P5FfzsExCg7RHWdPDlY9-XYXEOJI5t8A,Marissa DeCinque,https://play-lh.googleusercontent.com/-Q325H26RcmQ/AAAAAAAAAAI/AAAAAAAAAAA/AMZuucnPITd2tB709TA4hUaxCglRfeRzrQ/photo.jpg,great app,5,0,1.5.0,2019-07-15 14:30:22,Thank you,2020-10-03 09:35:21
gp:AOqpTOEP46AuCQT7Fi_wepqd9Z1iqOM_x83_GMGxgjusTTRJYK4Oga_pDeOv0RqurK0znOo_VwlV7yXELmsuM_g,Debra Thompson-Ramey,https://play-lh.googleusercontent.com/-dL4tho-0M7s/AAAAAAAAAAI/AAAAAAAAAAA/AMZuuclbZMqF7QMg_W1u1SFryIchPUuBGw/photo.jpg,best one so far,5,1,1.5.0,2019-07-05 19:54:58,Thank you,2020-10-03 09:35:29
gp:AOqpTOFQlyl6mN6V6Atsvm1ECax0zEdpejgzuffuAfN433pANzZSgFtEQRqZj_L8hQR662QwdHOiFOpyzmM1ygI,Daniel Faith,https://play-lh.googleusercontent.com/--8skPqlsWfk/AAAAAAAAAAI/AAAAAAAAAAA/AMZuucnVjkOd0RFTFtDikuBe9jN7wKtDAQ/photo.jpg,"can you make a setting where I can write notes that help me remember each one. something that shows up like a caption banner. there are a lot of signs that I have a ""and that's how I'll remember this one"" thought, but there's more I'd like to write down on some words. that way when I'm drilling my favorite word vocabulary, I have notes that show up without giving me the answer",4,12,1.5.0,2019-06-20 09:32:35,Great idea. Thank you for taking the time to give us your feedback. Were glad you like the app and will try to work on it in one of our next updates.,2020-10-03 09:36:40
gp:AOqpTOF-M5aTFtpGqz9QgUvxHmeX-3tHHHb_cKlSSYSgfSdKzbzU4dFMaO8VG8NpWZx7bMcGVj5ZMoVeLx8X8KU,Jerry Schuller,https://play-lh.googleusercontent.com/-EiJi6WGMN68/AAAAAAAAAAI/AAAAAAAAAAA/AMZuucmcKpFF1z6YObI_vGKufvKoM-j5ZQ/photo.jpg,"A great app. Quite accurate. TW - there's at least one ""Easter egg"" in it. Look up the word ""pug"". It's funny!",4,0,1.5.0,2019-05-27 07:08:41,Thank you,2020-10-03 09:37:01
gp:AOqpTOFw8AFO93hyQwIthPU6z-WW4KCIuZryt5LPWcFe2-xS-nS0w8relXDU1sPZGXpbi2XmPzuFtTu1lhB770Q,Russ Lindquist,https://play-lh.googleusercontent.com/a-/AOh14GiZvt7LJvFmBlqFWE6Eyzt8J48_kyYf50-ARwOVAQ,"Love it! ...even though ""lizard"" is missing (my toddler asked for that word of all things). Well you can't have everything — you can't even have ""lizard"" in your ASL app. Anyhow: Well worth the price! I just wish the app had an option to loop through a practice list!...and the word ""lizard.""",5,14,1.5.0,2019-05-24 16:42:17,Thank you. You can add words to the favorites list and then use the Play All feature to play through the list of words you created.,2020-10-03 09:42:37
gp:AOqpTOHIR9BNB6DhgMb1pHmeIlKQPjfHHzKrI-9UbbFYjXwBAN0PJ28o8k9amVayc49zxCHYLFZ-WBGzI2MVZCQ,Adrian Davila,https://play-lh.googleusercontent.com/-pmfyrjwGc50/AAAAAAAAAAI/AAAAAAAAAAA/AMZuucmahXQK_5Tu2rYe_YhWiV8wefQrYw/photo.jpg,"this app is pretty good, but is there any way you guys could add a way to make it play through a randomly sorted list of all of the words? Or to be able to mark words as resolved/learned so they don't show up in the random list? Or to have a word of the day?",3,12,1.5.0,2019-05-17 16:28:37,"Great idea. We do have a Play All feature that will play through either a category of words or your favorites list or even all 5000 videos, but we like your idea of randomly selecting words to play through and we will work on that in one of our next updates. Thanks again for your ideas and feedback.",2020-10-03 09:45:01
gp:AOqpTOHQxr1qARqce5kVVPZVEsaFoU270AkEOAw5Gt43Eznt2b0_7s2MgighVDHAQtbxqU9kIAGDr1_U_8WMdKc,neasie price,https://play-lh.googleusercontent.com/-WPU6kkI2cMU/AAAAAAAAAAI/AAAAAAAAAAA/AMZuucklvmoZy_XtNhXOuXGIc39EUIIEYQ/photo.jpg,I love the app and find it extremely useful however I feel it can be improved by adding a category for the states and a how to say category. Simple things like how are you. what's your name things of that nature. Overall I am impressed with the app and how it functions...,4,12,1.5.0,2019-05-02 12:58:17,Thank you. We are always trying to improve the app with new features and will try to work on that in one of our next updates. Thank you again for your ideas and feedback.,2020-10-03 09:46:02
gp:AOqpTOFCSCKI6moD8mtpJdG26bf2UxPzoHrMp3JrDy9qJurjrxOulj0JZEMrQh8AH72_OQ5xtJ1JOfdVXUCXyRE,Shelley Smith,https://play-lh.googleusercontent.com/a-/AOh14GgXFaFHpaEWK1D7eDEl8G0kFWHyyAzyWEr74huc,This is a wonderful learning tool.,5,1,1.5.0,2019-04-12 21:05:17,Thank you,2020-10-03 09:46:13
gp:AOqpTOFebqM54FL3UtvLewRjDEY5X6oFFJ6HDe2K8BeKl0yp4LXqGB6jwxCSKgcolhiDUQ84nGCzSEGAwxoasYo,Tracy Huber,https://play-lh.googleusercontent.com/-6r3JayTtfD8/AAAAAAAAAAI/AAAAAAAAAAA/AMZuucm8539DksxeFeDCDvXrY02HSbJiUA/photo.jpg,"Very well done! Proffessional quality, easy to use, well worth the price. Now, please make an ASL phrase dictionary for us hearing people who are grammatically impaired. : )",5,3,1.5.0,2019-04-09 08:35:41,"Thank you, we love knowing people are using and enjoying the app. Great idea, we will work on it. Thanks again.",2020-10-03 09:48:08
gp:AOqpTOG1pKiugYx0wq6d-acSJ8Dc6axE7lcpiNc63LsFWq6RtIJpy7251mLRnWIh4CP9GriyBE8LynfHPjVVL-w,DGFP,https://play-lh.googleusercontent.com/a-/AOh14Gimj7CYm8guEppk7jCgFPS4Isa6-8mc9Fbg8PGWFA,"Great quality videos, with tons of words to choose from. Easy to search for specific words. Some times I tap on play all and just watch one sign after another. There is even a quiz section. I usually cover the signers face because I don't want to be able to read her lips. Nice feature to download videos for offline use. I do however wish there was a way to move videos to external sd card. Make sure you look up the sign for pug!",4,49,1.5.0,2019-03-27 19:32:44,"Thank you, we worked hard on making all these features and we're glad you are using and enjoying the app.",2020-10-03 09:49:20
gp:AOqpTOGWJE-f1VzWHfgOsecaFHZRkrESOmZNMJYmKywUlcz1lMpTTFtm0JBIOSQVf9_t_WDJANG5Sg0kDcQ63wg,A Google user,https://play-lh.googleusercontent.com/EGemoI2NTXmTsBVtJqk8jxF9rh8ApRWfsIMQSt2uE4OcpQqbFu7f7NbTK05lx80nuSijCz7sc3a277R67g,I love it. After downloading the videos i feel like I have full access! I am learning ASL at school and this app is nice for all the little words that cant be covered in class.,5,8,1.5.0,2019-03-25 09:32:45,Thank you. Yes downloading all the videos makes it great for off line use. Were glad you are using and enjoying the app.,2020-10-03 09:50:18
gp:AOqpTOGbHRKs71RAHTiAq8rVlsVWiz1LfZS2bgYTBSb2Yk8x5MYljw3j96QhMPs-A8pp0HxAXoPqqM9B2HBxtss,Gio Sandoval,https://play-lh.googleusercontent.com/a-/AOh14GgxqFJ_Na1BV9FhhPlAcsdF6to181EjBPqdj87YcAQ,Never seen some of these words. I like the quiz portion but more if it would quiz me on my favs that I actually picked. would be even better if she didnt say anything during the videos. I have to cover her face and concentrate on the signs. other than that this is a pretty great app.,3,7,1.5.0,2019-03-20 21:04:03,"Thank you for your feedback. We tried to make the app good for everyone. Were glad you like the quiz, we are also working on new quiz features.",2020-10-03 09:52:00
gp:AOqpTOEDeRu_91qX3zUAo-ksLpB7DKgtBZEB-s7IiKPNMoFKq7qqf1vsgetWnxEFNnUBlqqKNNQTsOYeGQOEz0c,Charlene Gibson,https://play-lh.googleusercontent.com/-LhCFZxSgO0Y/AAAAAAAAAAI/AAAAAAAAAAA/AMZuuclIIhRVyiviN2XrHEsX5F2HZcrlvA/photo.jpg,"I am learning ASL and LOVE the quiz feature to learn new words, review and practice!!! Thank you!!!",5,5,1.5.0,2019-03-17 20:47:38,"Thank you, we love knowing you are using and love the app. We are working on new quiz features.",2020-10-03 09:52:51
gp:AOqpTOH_4iNy1kRVySXrHWWq0aGhg_qVPO73wi1XJNeuuk6Vsf6QCZPtPASlT75cOS0QrsKHmRXSlh5Str_edrk,B Radomski,https://play-lh.googleusercontent.com/-J-Q71mUEGoI/AAAAAAAAAAI/AAAAAAAAAAA/AMZuuclGu1UK60Yy54saCSgY2J-Fc3yRbQ/photo.jpg,great reference app if you are learning ASL,5,2,1.5.0,2019-02-21 14:33:00,Thank you,2020-10-03 09:53:00
gp:AOqpTOE_-Aeb320UK__HxToWBsPtVuOULv46lGHxoOBb2aNhrHI8t-Mrj1YMws76i1a1Z_2vlBl3QbZjYOBa-e4,Andre M,https://play-lh.googleusercontent.com/a-/AOh14Gif5TsDVur21cqi4TMoF6nw8sQjCFS5FTzpTdW38I4,"Phenomenal. I'm learning ASL and this is hugely helpful. Great examples, the quiz works super well. This is what I've been looking for.",5,8,1.5.0,2019-01-31 19:20:19,,
gp:AOqpTOEbB2COG_cMBSYsNDr8IxksXBEhJnWDyTuJvutkuoeMJgtA6H_AhjfmhVPUFH8gl0n2y9MpH9dzNe9qZ_U,Keisha,https://play-lh.googleusercontent.com/-ZoUalqCZ5nM/AAAAAAAAAAI/AAAAAAAAAAA/AMZuuckWY74cDF3rTG0573iYuYvW8n-iaA/photo.jpg,"I highly recommend this app! I am an interpreting student and I use this app everyday! I have quite a few I utilize, signing savvy, asldeafined, the asl app (Deaf model from Americas next top model) and sign school. this app is very straightforward and I have not experienced any technical issues. I have the ability to use offline as well which is so helpful. it also has the feature of playing all the signs from A-Z and I use this feature daily!",5,39,1.5.0,2019-01-20 00:37:47,"Thank you, we love knowing people are using and love the app, yes the PLAY ALL feature is pretty nice, I use it too so that I can just watch without needing to do anything. Thanks again for your feedback. Enjoy the app.",2020-10-03 09:54:59
gp:AOqpTOF1Kg5g6dLQJ79LOqegMY1t8SOidwll8i3OAAm6hMdSSR_GSQMjPIzxNzn5l9B4Os1gWtaXs8A9McQEFSc,Kyle Hufferd,https://play-lh.googleusercontent.com/a-/AOh14GjAw0K9e-srA9k-TqgucubiVLNivnl3vhDdHVh-,Its a great app. But it wont allow me to add Blue and Grey to my favorites.,4,1,1.5.0,2019-01-20 00:26:13,,
gp:AOqpTOHWevqluvFPIj1rVxmi-Gkd4RGfYR8GytHWpD9BDxRHXsS_HeuPARrPtXm2wAHsZZf62X8t_UmWbUnTtnk,ANEXYS TORRES,https://play-lh.googleusercontent.com/-ogWc0xMtNkE/AAAAAAAAAAI/AAAAAAAAAAA/AMZuucnwpnzualjo7_5I-_jdLFQAulxYgQ/photo.jpg,great! thanks for getting all these words together! you definetly are doing the due diligence to break comunication barriers! blessings,5,4,1.5.0,2019-01-15 10:25:03,,
gp:AOqpTOH3GqD-rv6UqCLb2oodnNdQuMfxZJVuIdZmcNFT7oZZAb7zbzn8sYeKGoE4VDWB8yy2oUxC7ISm_i4FoUg,A Google user,https://play-lh.googleusercontent.com/EGemoI2NTXmTsBVtJqk8jxF9rh8ApRWfsIMQSt2uE4OcpQqbFu7f7NbTK05lx80nuSijCz7sc3a277R67g,"The Best ASL Dictionary App here! I'm looking forward to having more words/signs added in the future. Software Studios, do you have plans on making a kid version of this with large colorful illustrations just so kids who are hard of hearing can easily know what the sign is for? I bought this app so I could teach my niece but It'd be better if she could access it just as easily - with the help of real and/or cartoon images. Having a flashcard feature would be neat and I'd gladly buy it!",5,11,1.5.0,2018-12-28 23:26:28,,
gp:AOqpTOEYP7c2rBpWeef2Nbv-4ds8Hq1mcKdYk6E3MPw2YR-iFu-M8C6fYiYGx9WdClIg1VbeRjXXROHt_QgEIkA,Valentin Leoment,https://play-lh.googleusercontent.com/-piE1E4hlXcI/AAAAAAAAAAI/AAAAAAAAAAA/AMZuuclrAVdyMMIgCKFapkfKeB3iO5PWGw/photo.jpg,Good so good,5,1,1.5.0,2018-12-06 08:24:30,,
gp:AOqpTOHiRMmxRYXfJTfWwjZnsdAtnHRD_0DN5EyR6ZiOgz9EuljdIJBSzR-tQsfIcDCyvf2FidF8r2W8MKiQ13I,A Google user,https://play-lh.googleusercontent.com/EGemoI2NTXmTsBVtJqk8jxF9rh8ApRWfsIMQSt2uE4OcpQqbFu7f7NbTK05lx80nuSijCz7sc3a277R67g,Videos are not downloading I've been removing and putting it back but no success. I want my money back,1,50,1.5.0,2018-11-28 05:52:15,Pleas update to the latest version of the app. You can reach us at Appsavers@gmail.com for help. Thank you,2019-09-27 10:13:56
gp:AOqpTOGN4JOOdngpKR5pwZw5bpgapp6KFqNx90oCy4MfeVADBi19STcaXbb-e1NqeGloNEBMCnfhVYPdEKPNxxw,Edvina 73,https://play-lh.googleusercontent.com/-kdidq8J0zBg/AAAAAAAAAAI/AAAAAAAAAAA/AMZuucn1W9LVGLh-K2Rbk4B2n2HWBdmjgg/photo.jpg,Has been the most helpful ASL app I've had. The only one I've kept.,5,3,1.5.0,2018-10-01 19:59:14,,
gp:AOqpTOGPv-E_30c0nm4hsRku0S_cHR4Gejoq2wTLO1D1cLUyFh315PWSUAPnkuOT_2Qpzjpu4WT5Ds454GALLjI,Sue Warren,https://play-lh.googleusercontent.com/a-/AOh14GgkDdxkJLFiD_q2WLF0haok1ogefu4gEvvsTu9j7a8,I absolutely love it! My best friend is Deaf and she told me to get this app.,5,1,1.5.0,2018-09-03 20:54:39,,
gp:AOqpTOFKJi6XXqnZhqKaOg9-uPz1HYXFbIri_V7igkC3Ujb-BRRZ1wCeqsgvbKAj9EMGtyPC7tJiUtMTOXumOKk,Benett Langley,https://play-lh.googleusercontent.com/a-/AOh14GjPUq8_6dNBfMxQ0XC0KNq3LGcppLU7Y0U9D3xZHw,Great ASL app. Had it for a month so far and haven't experienced any issues.,5,1,1.5.0,2018-08-02 11:05:30,,
gp:AOqpTOFUPJmtdMJinda80xb9-AXXd1keHhQ13PTRCJyBafAw4PlD26H2TV21b_bnAmZfjdgeatUCeqZWLD8Z7-w,Pablo Sepulv,https://play-lh.googleusercontent.com/a-/AOh14GiAMKSjLkowivitrxDRoOXztHm0Mm3gHoXZ_M2E,"This ap is so much better than a paper dictionary. You can see a clean 
rendition of the sign. I like the loop and slow motion feature. I can place 
a word on a loop and practice it by copying the motions. It would be great 
if they could add phrases and idioms.",5,6,1.5.0,2018-07-13 15:55:46,,
gp:AOqpTOEfm6LtJPoOHWMwDrLqZkQbobdjaXqge66zkSB7DVhcdkw6LgCPBeOG_gDqTI74XVIyUbWS0sP-ya2n5zw,Greg Meron,https://play-lh.googleusercontent.com/a-/AOh14GjP-PMYYRbhgo8n2mg9Z8ZfeNiGgFPZ1HD1MtQWVqI,"Very helpful app. The quiz feature is a great idea, but not very helpful 
for learning since most of the signs are being mouthed at the same time.",4,0,1.5.0,2018-04-16 18:10:47,,
gp:AOqpTOG2t4uPHhTdP10AI12L3G2GRAySbcKURO529CownF8zT2nKSWeN5r6uRP4uODMaoQ589PYSG1wlLCYzfZQ,Francine Malone,https://play-lh.googleusercontent.com/a-/AOh14Gj3nhHhuJ8Txlo_1erj9l42aCNofddR1r_Z4l6Gng,This app is nice,5,0,1.5.0,2017-12-10 14:38:12,,
gp:AOqpTOFHJS1C0A97_fLybq6hq-Ve4FffJCpDnDWdtRVH2rszqdhfNLN9XD_J7qq_P49LA1zr91txmbOnb5GtC5U,Bailey Lewis,https://play-lh.googleusercontent.com/a-/AOh14Ggi9Q88H7fsZAG4wa2nfyv0MR8pzmaALtaMg_TwXw,Amazing!,5,0,1.5.0,2017-10-24 19:53:34,,
gp:AOqpTOH1ENn1_uGFFZVEx8M2C8xSAeBb63fS9VNeAKHKPDhV6qGDutqXVMu3GJpH1JVel2v-avfrt_PmfCn2O-0,Lori Gregor,https://play-lh.googleusercontent.com/-_dNT0NOp8wM/AAAAAAAAAAI/AAAAAAAAAAA/AMZuuclT3KfnC-Zg_KAztHYzt4p5hhVvag/photo.jpg,It's great for learning words. It shows the actions well so you can learn quickly.,5,0,1.5.0,2017-09-14 15:18:08,,
gp:AOqpTOGlhYrPt8G9u5Uhfx3I0Cvh2bHzjbD-lEwqeM_jN3lrOxyqyQGL0HZBb_h7sc5uF1hBrrtJq5Y9TpnJ2Cc,Jefferey Adam Thompkins,https://play-lh.googleusercontent.com/a-/AOh14Gg-dSBHZrYromTUpK379OF07Y4tjPKvar6VUv6aZg,Pretty good waiting for the update to be released,4,0,1.5.0,2017-09-05 19:54:03,,
gp:AOqpTOEefjcMF-tQ9aV3V6hEa6Ynz-Lsdh6yqlQRXtOs_bnd64wgSZSvjzv-cFbWmOG20Tw9h7o4fbFA1RSAIGc,Tan Alvin,https://play-lh.googleusercontent.com/-Hp09eAPi138/AAAAAAAAAAI/AAAAAAAABnQ/AMZuucm4y1CJdnPaKg0gADhjRw1et-dU6Q/photo.jpg,"Not too bad at the moment.  For the finger-spelling quizzes, I'd rather having the option for manually typing the answer than choosing from multiple answers; makes it too easy to guess by just looking at the first and last letter signed. It'd also be great if there's simple phrases included in the dictionary.",3,30,1.5.0,2017-08-05 20:22:07,,
gp:AOqpTOH6o6MRwYOlqBanCKEJcpyoR9lqualovVyx4L5hvjgugww3AhKIMToxB1QfOQ_R4UCBWVUlhgYwKpWFI0A,Brenda Murphy,https://play-lh.googleusercontent.com/a-/AOh14GjYWyrkY9zYR7NYikg8sPT6EycDxBbxMQlXUDmym0c,"This App is awesome, Tech support is just as awesome, especially if your not a cell phone savy operator. Lol. Great Job and thanks for getting me up and learning.",5,0,,2017-07-06 04:05:34,,
gp:AOqpTOHr4rn_Z0qSn2SNJQ65SB420coSkOvx4v_4LTtVM7yVlQc4bMVJ9ddvxbSHrNbr8A57ghXljUbbjy6duIU,Steve Johnson,https://play-lh.googleusercontent.com/a-/AOh14Gi_VCca6aL5YBcNV-D0it6n75nq2UH2sF8occLUHAs,Great App. Videos are high quality and it works very smoothly. Use it all the time.,5,0,1.5.0,2017-06-28 17:04:32,,
gp:AOqpTOELqDvuvE9fGGdmE5h05mnXfD0xn6Ccm9k3yHVDPuQEms5jccTv2Xjxj6i3tQXoa4mtQDP9GUuJtqI5J1Q,David Herring,https://play-lh.googleusercontent.com/a-/AOh14GiO65HvbNsFI_XkGjKU9BTN7K5uLAIkK20ZF72KAag,"This is the best digital ASL dictionary I've ever used. There are a ton of words, all in HD video. I like that I can create a list to review words that I'm learning. I emailed tech support with a suggestion and they got back to me right away and were receptive to the feedback. Awesome app!",5,12,1.5.0,2017-05-08 09:35:53,,
gp:AOqpTOHX5a7Uv1NGR15-cXvDYBMMVGx7S6nc2URtEtBs_0P3p5fC2yn1oFl05Z4vmUlybyEqbY0OVNN-kbeulkw,Roger Spachman,https://play-lh.googleusercontent.com/a-/AOh14Gi7uSTCGd9qCOXFLoJO3aTxPsXfw76Tfy3_4HOT,Loving it,5,0,1.5.0,2017-05-02 17:58:42,,
gp:AOqpTOGigN2GRTzIFtzam0U8xQWWhaVUgaD9db12s804LXmZVemXFgDv-4yLaEQ7u0Zvo2JErvmpgwwntJiVuig,Kathy Hollis,https://play-lh.googleusercontent.com/a-/AOh14GisbnRcszD0dX-lUO3HLAQlckz1s_YQvCpaIdzrOQ,Almost perfect! Great app. I'd give five stars if it also offered option for sd card storage.,4,2,1.5.0,2017-04-26 05:14:22,,
gp:AOqpTOGHnVSbQyVxH7KfDQJD5kyE5cCUNK5k7Dh6S3amvzsWsJjQ8JEKuUFqZpq2V7Ga8pZEcI7Ngta82CxFFXo,David Crossett,https://play-lh.googleusercontent.com/-Y4KJ-QLl6gA/AAAAAAAAAAI/AAAAAAAAAAA/AMZuuclltpMnsNoxTB-BtTcY-NNok7Xwhg/photo.jpg,Very helpful. I love it! Simple to use.,5,0,1.5.0,2017-04-18 17:13:17,,
gp:AOqpTOGfnwdRiM_f78GpWi-7W7RHX9DJWMRIUr4rGPbwS2h26HOOUdrU9DGHKeTUuLJg7Ebu5CIbsQXtj7tz44Y,Jill Eversmann,https://play-lh.googleusercontent.com/a-/AOh14Gi0quv5Urmbw_ML8pizYhNLZErShKvh6mnfARB0ig,"I love this APP, use it all the time and recommend it to others.",5,0,1.5.0,2017-02-23 01:53:04,,
gp:AOqpTOGYE4G6WFB7CRLDGe9ldnLWYoMmNiPWgVARPs_vUkNt5wiRm47EVWQ55F1qp4BU1O_pO81kx8mEzAxwB-k,Michelle Miller,https://play-lh.googleusercontent.com/-EqUkQaowXsQ/AAAAAAAAAAI/AAAAAAAAAAA/AMZuuclKriJ07kcb7ldh19LM_-oLTRC5fw/photo.jpg,"Can you add ""credit"" as in credit you get for taking a college class?",5,1,1.5.0,2017-02-04 08:33:14,,
gp:AOqpTOGVQRSH0fUDE0nkQzPMr2kX66QvOiYp46euu5ZABliWnXTZ0hQQYaT_YYxNE5KhpPOB5UyueKwdB5WM4HM,Marianne Quaile,https://play-lh.googleusercontent.com/a-/AOh14Gi43V0q_nWaLsbsSgLHoPwKpDb4q--8hH4-ohJNPw,I really like this dictionary. It has lots but not all. And the sign for of is amazing.,4,0,1.5.0,2017-01-21 18:19:05,,
gp:AOqpTOEHc-zDBioH2RELX2QZQs_Gx79qwYHGm4pVUudjMrPwKKjw9QkK6YA6Yg7-16hMjGx-bec2ovfpnxbji0s,Michelle Rider,https://play-lh.googleusercontent.com/-qPIQqQ80jgE/AAAAAAAAAAI/AAAAAAAAAAA/AMZuuckXLJ8eZsPwj0b2xJv-K5qweM25ZA/photo.jpg,ASL Sign Language,5,1,1.5.0,2017-01-05 14:33:42,,
gp:AOqpTOHgPtuKWPeMUMJrAbUQOrfFqw3UsBmJ2wvYG37y5fDp7-3FcDuASFmKAelanpmglh21jV7Uk8zGBmFJhWI,Richard Hagen,https://play-lh.googleusercontent.com/a-/AOh14Gg90aaA7-ERdAuCGngut0MwPjkj_m5Swe-xRKQTSJU,"Difficult to load. Check what you r suggesting a ""non-professional"" computer/cellphone user should TRY doing. Not in an average persons lifetime. Takes it back to the drawing board.",1,0,,2016-11-12 00:29:11,We're happy to help you download the app. It is very easy to use. Please email us and we will help you. We can also call you and help you over the phone. We worked hard on this app and one star makes us sad. Our email is appsavers@gmail.com,2016-11-16 05:40:44
gp:AOqpTOFER_CHRh1Orm2ifnIUOfJCMBtx2bYwE2x1Xe9L76jLKrbrybULoWTyGVYZ8dpG8r1eWGJBK3GxzUTPmLM,Darren Gerbrandt,https://play-lh.googleusercontent.com/a-/AOh14GhP1mPmrGHdTDUbzAu8gVBGbfhqwJ5yjh59cUDbJw,"My goto app when I need to check what a sign is or just to refresh my memory. Still needs the option to move data to external SDCard, 400+ mb is a lot of space to take up on a phone, also might solve the issue my wife and I continue to have of losing the videos if the internal storage space we have free drops to 500mb or less. Also being able to move the videos to external SD storage would allow more features like phrases to be added without concern for space.",4,5,1.5.0,2016-10-22 09:18:56,,
gp:AOqpTOHyY-DfCun__jcptJbXhWJ7d_JM6KakCWXJLJSP9iYUbiHj-dYFj0_TUKFx_oYaIkoyMK3r384eb6FskvM,Sierra P,https://play-lh.googleusercontent.com/-FwwB0C1FtbU/AAAAAAAAAAI/AAAAAAAAAAA/AMZuucnGhmRIHAdI6_drgXbrPzCGcYbdQg/photo.jpg,Easy to use and keeps my skills up,5,0,1.5.0,2016-09-24 23:08:09,,
gp:AOqpTOE88v9oNWIpwsRLQk2mpKeP9Vh5zZeLeddaIvqUBzX69VSUMHVIMyg8oyh5lRdIANWjgkqzIsod7WfIKhE,Michelyn R,https://play-lh.googleusercontent.com/a-/AOh14GjWgEGsYS-RgwqN-Kllq2o0KqG60FHzFN9Q_DEX,Good good app- I like,5,0,1.5.0,2016-08-20 19:13:47,,
gp:AOqpTOGLCHN-VFJ05yI_a6x4WyWux6hYVhTdIhfTOpq4_IoejcWY27AB67qHsERnHdsmAIBAaxw36s32KcPmhno,Bryan Rodriguez,https://play-lh.googleusercontent.com/a-/AOh14GjU0ugCWS6wpehYl5ghIUC1OMTmDWTLQJ8zAph5eg,I liked the app so much there's a lot to choose from simple words to food excersises and everything well almost everything what I would like and it would help a lot between just learning to really communicating with phrases questions how to ask them that way people will really get comfortable with asking and answering questions another thing you guys should really think of how people really learn new stuff for example :some people learn visually others by hearing very few learn by both but it would help.,4,2,1.5.0,2016-08-16 18:42:40,,
gp:AOqpTOHxW5GjKe34VjKdUc97S-L0BXsqL8jI45Bp02Z7MN4qM9BVRSUAjA3kfLoS0mJmh46QTg_hWnzo-_ktAIg,Katrina Smith,https://play-lh.googleusercontent.com/a-/AOh14GhHCe4mDIY8b_v45lXud24PLZnnjIA2QuWLz1qJ-w,I really like this app especially the options of continual play and having your favorites category. Is there away you can make it where you can create your own categories?,4,0,1.5.0,2016-07-30 07:24:39,,
gp:AOqpTOGJ9ePIKC1gAIH2JSVDSt62hc8yHw1bh72MbttPKMf9JYxyHz059p9ao5MymUSt2jrIlFTtJCEpz4fW6eM,Deb Brickle,https://play-lh.googleusercontent.com/-tEmj3WHVCwo/AAAAAAAAAAI/AAAAAAAAAAA/AMZuucn4igrg4VytBtTnKOFfsh0wnw-5pw/photo.jpg,"Love the app but please find another way to store videos rather than cached files.  My ""cleaner"" recognizes them as junk and I can't clean my phone easily without deleting your files.  Thanks for help!",4,11,1.5.0,2016-06-29 04:20:04,,
gp:AOqpTOHLRRi0cl4kU6yPMeCdcx2uJQspUhT613cueujQ0D7f8D2hbPs1OOB6yFIImoGNDD7ZsmvcqWzil_pE8Pw,Jess So Sarcastic,https://play-lh.googleusercontent.com/a-/AOh14Gj-RQFdaLUKuEi9sxEDCmbGbRFm6Q5Sr1_dnsFO5w,Awesome app,5,2,1.5.0,2016-06-21 23:04:49,,
gp:AOqpTOEXu562puU0LspGS5WeYU6DySIk0cSZJUWHAQSEwb2BRbihoU3tBkkIBlNy-mcYvIngMWF6Ejkp-T7krxM,Mary Lamptey,https://play-lh.googleusercontent.com/-_Am-CHOoQBY/AAAAAAAAAAI/AAAAAAAAAAA/AMZuucmY1m1HgAgVw50ixTzmvhLdkAKqIA/photo.jpg,Some features could be faster but a great resource to learn asl,5,1,1.5.0,2016-06-07 14:58:34,,
gp:AOqpTOGuFOgW-N_fR3MFDPdP7kMMx-Fnr3ZWwV9hxjA82V8bdWeY-QGYQOlmDyi9mnZTFq_h6kE5O-HP-9WAaTI,Sheina Pope,https://play-lh.googleusercontent.com/-pzl12zxNI58/AAAAAAAAAAI/AAAAAAAAAAA/AMZuucko4TOq20FvKW0RxzT8Woz3v1PDyw/photo.jpg,Asl  app,5,0,1.5.0,2016-05-22 08:10:27,,
gp:AOqpTOEf8dARAuxZL0br9a5JF77WPiGMa8V-B5BBZGtZUE_RIxaYqCG6wr5IfBkc1ygTS2Ked3EY4QjJCgJcGi0,Lisa Dollar,https://play-lh.googleusercontent.com/a-/AOh14GitkppNDqx1w83ocHClqx6e3GCXmSxVc9tB77PcUQ,"I only wish that for words with more than one sign a definition would be provided. So we know when it's appropriate to use each specific sign. For example ""about"". Has a meaning to say ""When I purchased that item it cost about $100."" Or ""What was that story about?"".",5,4,1.5.0,2016-04-27 13:42:37,,
gp:AOqpTOGoTyF-Pkj5JwHIvOHamiT1HMmRtKDUzgHs2PcQZCHB88x9tL4y67nD7_dweFh77zyT3RKoemL8ruEF07c,Uriah Armstead,https://play-lh.googleusercontent.com/a-/AOh14GjF9f6vWgmqB6dF_kA1T3Fpc4oF5uInDc7QkB4YrA,Had videos downloaded but for some reason it is still needing to download videos for some reason and on downloading I continually get a download error,3,3,1.5.0,2016-03-28 01:51:11,Hi please try to do several full restarts of your device by holding down the power button until you can power off. Then download the videos again. For additional help please email us at appsavers@gmail.com,2016-03-28 13:19:30
gp:AOqpTOGFmFNwLZThkEhAA_Ki9LwY1CvF7NOERDSa1m3jgIGyrY2C2tTxQWTnZiYDyi3YvnNjKxXrfAAQkvXUGwk,Jackie Ramirez,https://play-lh.googleusercontent.com/-P_vLe-4dpmA/AAAAAAAAAAI/AAAAAAAAAAA/AMZuuckTI40NN10yM4KnuxW1BySZHDX8vg/photo.jpg,Trying to download the videos keeps saying app closed. Didn't pay 6.99 for an app I can't use,1,4,1.5.0,2016-03-23 16:17:06,Please update to the latest version of the app. IWe guarantee our app to work. We tried to email you. Please respond to our tech support so we can help you. Thank you.,2019-09-27 10:16:43
gp:AOqpTOEUiQ3TC1jTwMx1sXG-FGQYZVBqUow-957_-PCo-fCaesjksIWop9t2nmqbEDQvEv-jemTIpnrrwurswH0,Julia Flint,https://play-lh.googleusercontent.com/a-/AOh14GgtQCCeVfmPj77e_y0p-T3JX6Z93BcVHZFXYOaf4R0,"Just installed, may return it. The quiz is ridiculous, because the signer mouths the words and you can totally read what she's saying. What is the point of THAT?",2,5,1.5.0,2016-03-19 20:42:42,,
gp:AOqpTOG9fWFVoDxt1cowyRsg9HpcWf-knC3uI0EdFfeMkhkN6p47A5ErHStshBnQ0CCF1qXhRoAdvgxrO-cgePI,Halle,https://play-lh.googleusercontent.com/a-/AOh14GiT_O9DqgQQ0Vc4lC_JAMnYZ8x6cnq3vbtPSuRnZg,"I find myself constantly going back to the free 'sign ASL' app because this one is missing a LOT of words & sometimes the signs are older/wrong/have changed. Other app includes several choices and descriptions for context to avoid humiliation! I regret paying for this. Study option was cool BUT the woman MOUTHS the words= Pointless!! Only plus is option to download all videos, so youd better have an extra memory card space on your phone. Plz fix!",1,2,,2016-02-12 06:26:54,,
gp:AOqpTOG-Z0LwqRJHvRILa74OoNdU1_e31_SHTrnsiKTIgzMkrZtoeHJfy_v8pO9fv_I3wale-cSm-2WWC5mF5Aw,Raven Rahl,https://play-lh.googleusercontent.com/a-/AOh14GiK2ajpituOl0AKHo6pNRPHjJDDt1Pikq5aRmH4NQ,"Love the app even though it's missing a few words that I'm trying to learn for my deaf toddler like ""stand up"", but other than that it's great. Tech support is extremely helpful and quick to respond!",5,3,1.5.0,2016-02-02 08:32:35,,
gp:AOqpTOFwiNUL5AKeWDWQgKhBU7hV0EywiR1VD5LEP2208TMDiRpVJS7-ruBWQOJbZBGk7HFIZld9chHFYHFdwCY,Caitlin Renee,https://play-lh.googleusercontent.com/a-/AOh14Gh0p0uPw5PunUGXfNxiBmMHXSrxs2DrkseqqFb91w,"Its a great app, but lately when using the Quiz option, it'll only go for about 5 videos and then it stops. The video stays on the same one but the options are available to choose which sign it is. The answers change but the video does not. And then the screen goes black. Please fix this.",4,22,1.5.0,2016-01-25 12:13:52,,
gp:AOqpTOGgLVhCs6fhwGRHi7qymCm2wjM0Ded84x6gPosGSDqoBlzxg0cZQlEd7zgv-f10xSIe6J47i7GCFLPEbJU,Martha Christian,https://play-lh.googleusercontent.com/a-/AOh14GjpiUxCr-DcAW2lPC_Nz0J6qrVqLukPPllNiSrOVoA,I refer to this app quite often when I need help remembering or learning  a word.,5,0,,2016-01-10 08:37:50,,
gp:AOqpTOFOsXwyufeqyPTVSp3kJtlYOK_GCIYl0rrYI_6ryTIdRuTS3rn_nUt7O2vpfiCjJQ9Bhh9K2FFaBgiLp5o,Marieke,https://play-lh.googleusercontent.com/a-/AOh14GjTU49GU91amviZb66Hk8h37_j0nBmIhFAsUI2I,"Better than the previous one. However, I would still like to have recent updates. Maybe add 'word of the day' or something like that. Found that the sign for ""steel"" is wrong on the app, the video that shows the sign for ""glass"" is used. In addition, I would like to see a new category for ASL idioms.",3,30,1.5.0,2015-12-18 17:40:10,"Thank you for your suggestions and finding the steel video. This video got mixed up, we will fix it the next time we update the app. ",2015-12-28 13:04:04
gp:AOqpTOF6MvsZu6q2SMHhpf4W9TMzBCn6M0o8obkR45OfIevAcReyx5wjXMUXC4zFgA-6KuSQbPkWhPr-hlcW40E,Y Kavkaz,https://play-lh.googleusercontent.com/-d71sykvljr8/AAAAAAAAAAI/AAAAAAAAAAA/AMZuucl8velePoo6PT5mYgdf-jXpJbG7ZA/photo.jpg,I'm getting more and more into ASL and this is the perfect app! I think I also have a crush on the lady in the videos...,5,0,1.5.0,2015-12-01 20:31:33,,
gp:AOqpTOGRV2SvSTu-HcfJcxI9O8XjWGriQ5pH_jYcOPgZAxBotx3UHcyrfLTp64EZ5RhtxH2wsNvFe4Kcphr2yvE,Dustyashes,https://play-lh.googleusercontent.com/a-/AOh14GgX7JadoIHcCObaS0xehZwzzGtenpCMOhZs9kSrxA,"This is an awesome app. I've already learned quite a bit. The only complaint I would have is they need to have a common phrases category. And things like the Pledge of Allegiance, Girl Scout and Boy Scout mottos and laws, and the national anthem category.",4,57,1.5.0,2015-11-19 22:34:30,,
gp:AOqpTOH09_MIFXI0kJciubPmUS1623OlhXE-jLn65hp9rmHkWts8ty9wisf6xLfpbdrumNj4bTCdDZP9jmqaJvY,Mari Dressler,https://play-lh.googleusercontent.com/a-/AOh14GhArDo3QjsmLMVoo6yQgUjoRinKe6ZqY_LZcHaaUQ,Works really well.  Reason I rated it low.  For a dictionary it doesn't have very many signs.   Frustrating when I can't find the sign here and have to look it up on other apps..  Developer said he would add the signs that I can't find as long as I let him know.  That is awesome!!!!  Will give it a try:)  Thank you!,5,7,1.5.0,2015-11-09 10:37:28,"If you feel a sign is missing please let us know, our team will research it and add it the next time we film. Thank you.

Thank you, a lot of our features were suggested by our users, we love knowing you like and are using the app and how we can make it better. ",2015-11-09 13:34:08
gp:AOqpTOE0LaFI2K1RfHpk4K353szE-oKO3Z7vZZ5cj7_4LNmoesDBED5zM9kZYQXQPThCKFXnPH_9vb2TiMuYZwg,Kelly Schachter,https://play-lh.googleusercontent.com/a-/AOh14GgW7zuXBJ3eHO9BhixLX5NIUJxdeKU3rSR6xvX_rQ,"I have used this app for quite a while now, and it has most of the signs I need (but not all). Now I see there is ANOTHER app by the same company, but THAT app has phrases and idioms! Why not just add those to this app? Am I supposed to give you more money and install a new app when I already paid for this one? Disappointing.",3,51,1.5.0,2015-10-20 07:18:50,"Each dictionary has different features, one important one is file size, therefore they cant be combined. This HD version is our latest app, however many people also love our original ASL Dictionary.

If you notice a sign missing please let us know through the contact us button in the app. Keep in mind not all English words have ASL Signs. Thanks",2015-11-09 13:42:46
gp:AOqpTOGnFSdcHcMelZr0jOCqDk-fropvXmUMWLqEMQNBD9GrjIybrMCoJEpIwaAtda5CRCj9gQRlss9dKoscO3Q,Amber Engelmann,https://play-lh.googleusercontent.com/a-/AOh14Gg-snt4qMfVzak8KZg8n90nkMW79UaiL6jR5Ydrvg,"What a helpful app! The dictionary is extremely inclusive, and the quiz function is extremely helpful when it comes to helping me learn my ASL vocabulary. Easily worth the cost!",5,2,1.5.0,2015-10-04 09:33:30,,
gp:AOqpTOHg1lO0q3RQwoWCilfi3UsSmSsu8ekXTRf6AycHE8p_ml4In6CVnufxRktQggZEjhI78vyKL61WVQnoBEE,Jennifer Jew,https://play-lh.googleusercontent.com/a-/AOh14GiRP_P0LfqW5EWXeS76z_92weWpq9F0FyjGoZubmg,Very helpful for new Signers.  Definitely a must for receptive and signs.  A little different than class  (more than one sign).,4,2,1.5.0,2015-09-25 11:33:15,,
gp:AOqpTOGLpFlrE_jAn-MUECXzLy4v5TqWgx773SUHTgiU6maxn216_pRPX__l7ImYH0Bz7WMHxZhnf444txLlOu8,MaryAnn Ortiz,https://play-lh.googleusercontent.com/a-/AOh14GgSXF4e0iBboczTAzSoQAh-QBBiINR9aSH0xSgQHQ,I love it but it would help if the lady was not mouth limping the words in the quizzes.,5,5,1.5.0,2015-09-14 21:11:26,,
gp:AOqpTOEbNeRKphcpkVZHXyhWbMXOk1a5oz0dmooPD3cMNhU7ZG0nOQ3MsocoBWPRYk601iNQnif4hkpCgIL_7ak,Mjestic Beats,https://play-lh.googleusercontent.com/a-/AOh14GiD83pc4JDggybyA36aGcxhDEWFrQgf0sN12Eu8,Its pretty cool and im learning but.... Quiz would be more challenging if the lady wouldnt mouth the word while she sign it,5,10,1.5.0,2015-06-13 11:44:35,,
gp:AOqpTOG4mtQk7VVmqORkRjcBgIEpD47lUJQ_i-4E9OibwI8vsfZbm3yr_hiqdtPEZtqROvBsRvjBCOMdevpShqQ,Hope J.,https://play-lh.googleusercontent.com/a-/AOh14Ghl6M3NNzseIF5O1IzboC0F98N3-HTuaJXyT-xLxw,"You WONDERFUL, God sent creators, of this APP, have NO IDEA, what you've done! Of the Blessing that you are! @ 22 I had sudden onset hearing loss. Husband couldn't cope. I was now a single mom of two HEARING babies.. I now 'hear' out of 1ear only, & that's thru a Cochlear implant, W/ lip reading too. Anyhow, your teaching me how to be able to communicate with my kids & on a whole new deeper level at that! I live in 1 of the largest cities in the USA!! & We have NADA here that even comes close to your APP!!",5,36,1.5.0,2015-04-19 01:47:18,,
gp:AOqpTOHyKVM5K-jj-I4UyWEdJGs94Y_Ro6llwMU-VeQEWBIBGnN5m4J5XgmXxKwVvxKM2PJkoirY2SJ0hKLZ7SY,Erik Rivera,https://play-lh.googleusercontent.com/a-/AOh14Ghyp0lqn7b1QD6DDHXcX-5d2VYjTZ0jSbj00pxUZts,"I always wanted to say ""i want a hippopotamus for Christmas""",5,1,1.4.2,2015-03-26 13:50:54,,
gp:AOqpTOFGf8BA428bugVBQLWhsn6qq4__8KxRgAkTg7BoFyIPDsjYiU8qJf-lyoOXhSKB5g7TVnDoR0K5trMe2eo,A Google user,https://play-lh.googleusercontent.com/EGemoI2NTXmTsBVtJqk8jxF9rh8ApRWfsIMQSt2uE4OcpQqbFu7f7NbTK05lx80nuSijCz7sc3a277R67g,It's a great reference,5,0,,2015-03-16 06:32:19,,
gp:AOqpTOHFgiXTkkMLmkTXko1YEf6bAOLuaDDa8di7-W84JpwyPbXciQyOFWR0aYvo9VXGnryzQaeM3AgoDK3xweE,Jay Dunbar,https://play-lh.googleusercontent.com/a-/AOh14GgRyylAbJcKdM_bTCtDhM-3ugaFQfO6Cyu72Mto1w,"It would be great if you added more words to the dictionary, I would like to use this app to help with my ASL class",2,0,,2015-02-21 03:36:40,"We try to have every accepted ASL sign, if you feel a word is missing please email it to us at appsavers@gmail.com and we may add it the next time we film. Also note there is not an ASL sign for every English word. English has over 1 million words and ASL is only about 5000 signs. We hope you are enjoying the app otherwise. Thank you.",2015-02-23 19:08:04
gp:AOqpTOHs7VweD_O_n8wojBI0wdFNmlw3PVvGdhVc0qj_O-9Su7DYlEf4NFnPcabhGlY398dx8gefI8O6guQpXzc,Kai Lee,https://play-lh.googleusercontent.com/-spviqnx3q6I/AAAAAAAAAAI/AAAAAAAAAAA/AMZuuckAdWmPEL_yoz8GHbTbe2NOzpjz5w/photo.jpg,You told me you would change it so that it no longer stops my music a few weeks ago but it still does. 😭😭😭😭😭😭😭😭😭😭😩,3,0,1.4,2015-02-13 10:03:48,"Hi Kylie, Normally video has sound and phones don't allow users to play two videos or two audio streams at the same time. We did find a solution and currently the app will play video with your music. However HTC and Samsung have a built in block. We will continue to try and find a way to make this possible for you but it may be beyond our control.",2015-02-15 09:42:59
gp:AOqpTOEmMJ5BBtUCNOSkxyVbFRECUGL5LYBMVedWeeKMIHrWBRnOTFsdmbCijjlztu-9rsyEbNp6salcQXSaC8U,Ashley Sonnier,https://play-lh.googleusercontent.com/a-/AOh14GhNsF51G-Z0eXAJBjc8oiAND4uURyPfuAntOzw8,Going to school to be an interpreter. This is a great pocket reference for me that seems a lot of time. The only thing I don't like is that she mouth all the words. I hope that more signs are added in time. Happily pay extra.,4,2,1.4,2015-01-30 18:49:06,,
gp:AOqpTOGzKbScxcTA3Vtxn180u6_CXbCThnJSDBSK5zfRoJvprEeA0UHXsSAPIItHk0B8Da7yLhheHpjl6wXQagg,Sean Ramon,https://play-lh.googleusercontent.com/a-/AOh14GgNMDMJqdkS20RSYtqqo2fixKecCXHFHHWyuyH8TA,Whoever created this deserves alot more money.,5,0,1.4,2015-01-07 11:36:26,,
gp:AOqpTOHSM4XKhCe1P9fzmuX_G2Lrk8pMU9qdRJ6b936zY0yQlZnFFFxWuhtSz6EmKwJ4IE4JGjPspdJV098EY6M,Chelsea Lucas,https://play-lh.googleusercontent.com/-q_DqqMwUHXA/AAAAAAAAAAI/AAAAAAAAAAA/AMZuucmUMocNWJDxn_c29RADGgcwOKXwhw/photo.jpg,I love this app! Defiantly vorite asl tool that I have!,5,0,1.4,2014-12-24 14:26:35,,
gp:AOqpTOE-b2LqagmkThBR3slLKQeeY3OmRSwer0UFT7GUOcDruyuV_t8vKY3KgghLnBOWUhTHJY5ZGwtdAjz3ERo,Sherry Livengood,https://play-lh.googleusercontent.com/-QrHZ4AYOxTo/AAAAAAAAAAI/AAAAAAAAAAA/AMZuuckp7iLq9IVrNgEM-Z0KSv0QWlTxKQ/photo.jpg,This is a great app that is easy to learn from!,5,0,1.4,2014-08-31 17:07:41,,
gp:AOqpTOG_pIy1zA4X3mnYVdUTMgMg-RvIlj8bBAv4If48n-f8TcwV5xgEeh4XSCW4fkmxEyf1yCwYedqS37uH-Xs,alyse,https://play-lh.googleusercontent.com/a-/AOh14GgpJUXsYsp2FnNi9IvU6qm4a4cvBD5-50Q4qbcOeQ,Love this app! it makes learning sighnlanguage verry easy,5,0,1.4,2014-08-07 08:06:55,,
gp:AOqpTOGM3kqshd_OZTr6FzDg37DPg-zInMtRJ7Mk9EXfER-4oRfgWcVyU4hLQb8XKl44Es5day6yhVlJLPmQ7dM,Deborah Horne,https://play-lh.googleusercontent.com/a-/AOh14GgQpSL9txAJFkiPypP6twZTx7m1Cs4XKmVNun5Hyw,"I love this App , I also have the other dictionary that is available from  software studios. Both are great..I have one for my HTC and the other loaded on my tablet. GREAT job",5,0,1.3,2014-07-19 19:57:12,,
gp:AOqpTOEb-_vU8dIs1wTDIOvz-R6PZt-jNSgN_NFCRscx7KPSkOZCn8k3DMO_OI62mdMkRAKW_yx64-TNOl_otpc,J Owen,https://play-lh.googleusercontent.com/a-/AOh14Ggvh-8YcOzskhOZaCsIPTN0QXS-qNRzdaVWLZjdZg,Great app.  I'm a current asl student and I find this to be very useful!,5,0,1.3,2014-07-13 18:52:30,,
gp:AOqpTOEndLA_2XOyy6gLGY7gJ0-c9q3mGlDKLPMLlx124betBw88DWhYb5Tp_Xaxf8CxT8mr12Ik-ai6jHp8MjM,A Google user,https://play-lh.googleusercontent.com/EGemoI2NTXmTsBVtJqk8jxF9rh8ApRWfsIMQSt2uE4OcpQqbFu7f7NbTK05lx80nuSijCz7sc3a277R67g,"Great app! I would give it 5 stars if one was able generate a favorites list on one device and then copy to another device, such as from phone to tablet.",4,1,1.2.2,2014-06-03 05:15:09,Great idea Jerry. Thanks we will work on it.,2014-06-05 08:42:26
gp:AOqpTOFO1QoMfwN0zIcEw1aKpIoFcod-_27VdcFfW6pstbknmBkxLvQV6bykczHtyzPQ6XYMU3LIM5OazYyd59M,Steve Bumgardner,https://play-lh.googleusercontent.com/a-/AOh14GgDrNr2Lf9CpNpX6_ahIXz_CR_MNZY8riSj1HdQUQ,"I have an eight year old grandson who is deaf. This app has been valuable beyond my ability to express. Using this tool, I have expanded my ASL vocabulary greatly. This has helped my grandson not feel so isolated,  which has, in turn, helped his behavior. This may well be the most useful app I have gotten to date!",5,0,1.2.2,2014-06-02 20:31:15,,
gp:AOqpTOFQ33JGroCToJB6Hz1j3lKq5JH8_jH39QmZcu4gvH5gBT7YqHyKDHlRkOwnBTf9WWu-iZNX3r8LKfnV7UU,The Moff,https://play-lh.googleusercontent.com/a-/AOh14GjxmGSVh3--xctPIM30qIF4wFhjD_P4OCpYQIyM,Connected to wifi and downloaded all vids with no problems. Great video dictionary for a quick word look up. Fast responce from support team regarding Q's and sugestions.,4,0,1.2.2,2014-04-27 13:39:42,,
gp:AOqpTOHJtZW22_poPML4FrL4AoXTca7yPDBzuh3Gr1HdsFsfM3jbDWuyAQVf7I-cNR2BlThWaOJMvYlLoUOkxWQ,David Hoppough,https://play-lh.googleusercontent.com/a-/AOh14Gg_tDX9gSSXxENNDJ9houKUMqjtjc5Lexfnw2sS-Q,"As an ASL interpretation student, this app is fantastic.",5,0,1.2.2,2014-04-26 21:28:49,,
gp:AOqpTOGkuWiiz7HfNm6WjvRiy-JfFGJjoiqdadaQUzD4gwqITWUrxjGEriTD6k9-LnhMN_JS_TdnTAcLwxL5Pss,Rod Smith,https://play-lh.googleusercontent.com/a-/AOh14GjDTSIFrW6ix83dAXyg0fXFYMGCpB3FjcUxBmLqZmg,"It would be nice if the app would work over 4g, either with a warning about data usage or with low resolution videos.",5,3,1.2.2,2014-04-26 08:03:26,,
gp:AOqpTOFc1YUBEMG2hzhZd3kV6dnSr6nDrdYTxMtpORqCnHh7E1Yuz7OpIe2N3C_l820JqZkyecmUhFHj0TyETjw,Jameelah Adas,https://play-lh.googleusercontent.com/a-/AOh14GhnzcQfCQEp3ZsYkoeJMoOohl2MPaRrXFlxE6dPNw,"I really like this app. Was a but turned off since the app didn't seems to have an offline version, I just have to figure out how to set that option. ""abdomen"" is spelled wrong in the words list and there aren't enough locations listed. I feel that should be a category. I hope they continue to build this app because it's a great tool.",4,0,1.2,2014-04-10 07:46:15,"Yes, you can use the app offline... Click the tools button at the bottom of the screen, then press ""Download All"" to install all the videos. We are continually updating the app. Thanks for your support.",2014-04-11 09:30:28
gp:AOqpTOEsZ2f6qH5OJ1zm1GYT-BjirFHda3xVEax5Bfdpsz36VmRNPirk6qhcJTL01U99XBdYdhsUej6ALOgekHw,Mabel Reid,https://play-lh.googleusercontent.com/a-/AOh14Gh-kjHwPyc5BepaH66ap8GxEhpmP2EHuyVCjPnbkA,Really love this app,4,0,1.2,2014-04-02 20:02:55,,
gp:AOqpTOEdHmwxdoavYrn0vvye9XEMzUHb3A9euVNJV2vHLymIQFNhTm6OulDIfB9AJ6kv6gKMbo4B-gf6N5df0D4,Mariko Shigemi,https://play-lh.googleusercontent.com/-8ntrPrMBzMY/AAAAAAAAAAI/AAAAAAAAAAA/AMZuucmIOz6oNFWZizNN8a9Toc1lvSbKRQ/photo.jpg,Easy to use!,5,0,,2014-03-26 00:43:18,,
gp:AOqpTOFa54OYZ7zUhjL3cC9smz58jOtQRsubmbS-VyoOf0cjqsa9Eg4ckzUNM9gD2ZbMsWqmEt6iyLaZXTKhm-Q,Jessica Starkes,https://play-lh.googleusercontent.com/a-/AOh14GjqD3BNKK2PeBtk50AUa3clPSQBrbaXEJiDIwWQadE,"This app is great,  I like the downloadable video feature, so that you don't have to be connected to wifi. Downloaded this app for my ASL1 course and I know others who enjoy the app just as much.  It's worth the money you pay for it.  I wouldn't use any other app. Works on both my Samsung Galaxy4 phone and my Galaxy tablet.",5,0,,2014-03-25 22:54:59,,
gp:AOqpTOHcwFp47t2uDFrA0yx7IutdHxdMA8YCG_xrCpt9Ze2Hyo0WP0CkMr53tRQVZqJTPcZZwTPXJ5j8f6Ds60o,Lauren Conforti,https://play-lh.googleusercontent.com/-KN_NcG-4PVY/AAAAAAAAAAI/AAAAAAAAAwY/AMZuucnNv849XfGo3E4OwRUSWVGwkOBpnw/photo.jpg,"I LOVE this app!  With wifi you can download the entire 5000 word dictionary of vids & view offline anytime!  I did have an issue of not letting me view the vids without wifi after downloading. But, the devs are awesome! Quick to reply and work with you to resolve any problem. Re-installed and it works fine now!  Totally worth the $$!  Only suggestions I have are to add the idioms & phrases that are available in the first app, and update the fingerspelling quizzes to work on receptive skills. Awesome app!!",5,2,1.1,2014-03-04 05:07:51,"Our pleasure, thank you so much for your support! Your reviews really mean a lot to us. ",2014-02-27 09:49:56
gp:AOqpTOHPsjNfabsIEuigCeumnPdgEv9DPs5m-6Cl7ZPY67Au8I0G5Up3XGn-VBU5jdIwVs4FGvgoExXXDdi5X0A,Zebulun Hall,https://play-lh.googleusercontent.com/a-/AOh14Gg301Euyn_VbxxgPednpRElqtN0zbW4SFt1Jm8v,"I have screwed with this app for two days. The inability to allow the user to choose to update over the air to be a huge inconvenience for someone who has to travel to use WiFi. Then when I locate a WiFi connection the app refuses to download for offline use. Uninstalled and reinstalled problem persists freezes up will continue to try to make it work, until then I remain disgusted.",1,0,1.1,2014-02-24 08:49:55,"We are easy to contact & always here to help you. Please contact tech support before leaving a bad review. There may be several reasons why you are having an issue. The app works fine, you do not need to use WiFi. Tech support email is  appsavers@gmail.com For starters please try doing a full restart of your device. Then try downloading all videos.",2014-02-24 22:01:17
gp:AOqpTOHt5Y3sAw1a5ZzRr72aU3SiWQ2ujNlXoWCfCvmvQMaIRapIz8agfZuvJJ8WFa2dQPBB4nU2AR1qRY2LC_U,Justin Schmale,https://play-lh.googleusercontent.com/a-/AOh14Gh8Yk9NSWrQnLS_ucjjCMMDDy0RujOnIJjAhQNWMjo,"I got this as a better standalone app to its older sister, but before I could watch the videos I had to be on wifi. Okay, so I opted to download all the videos and make it available for on the go. Only, after taking over 1 hour of downloading the ""full"" video library it still says it has to be connected to wifi for some videos. Fix this and 5 stars. Evo 4g lte. EDIT: Dev helped me fix this issue. Just uninstall, reboot, re-download, and download the videos. Thus far I haven't found any that don't work.",5,3,1.1,2014-02-06 21:02:09,Awesome! Glad it's working for you now. Thank you for your support.,2014-02-08 09:27:27
gp:AOqpTOGf6JKaIN-ZIGZt4DEj6TjW27MaDEip6ShdKqYUcHUHJ9mU3pO7clZ-tjSCAa0tAShEq1mkQ_gFveUJisw,Courteney Eaden,https://play-lh.googleusercontent.com/a-/AOh14Gi793J8DnAR77MpoKSg-TYunxzmGqezikjoP0mkkA,Dont like that you cant look at the words if you dont have your wireless tuened on. It needs to be fixed,3,0,,2014-02-03 03:56:12,"You don't need an internet connection. You can download all the videos under Settings for free. Once the videos are downloaded WiFi is not required. Or you can use the app with wifi or 3g/4g to save space on your device. (You Choose) Please let us know if you need help, you can reach tech support the this email  appsavers@gmail.com",2014-07-28 23:08:01
gp:AOqpTOG1CiMCzknZ1pZbcodqABnCbfb4zBskxUbTIgwxAH0OKy74JqQnCD-mxrZ-_MQ3m6T6DZtjaYa8Wznv4zY,Erin Beauchamp,https://play-lh.googleusercontent.com/-qeRPT2m-lVM/AAAAAAAAAAI/AAAAAAAAAAA/AMZuucmy0fsiuVdifRFDctKZxgYNWybXfQ/photo.jpg,"Love that you can ""favorite""  words and make your own quiz. Extrememly helpful.",5,1,1.1,2014-01-31 09:59:18,,
gp:AOqpTOG_vWN6A9Jth3LTlKw3YXa8qrOBseKVHKOTSG1JPt-vJZxrjgGdhj50PZegQaB8B4am45TPdoZqx7Wbmms,Jeff Heider,https://play-lh.googleusercontent.com/a-/AOh14GiJDoLYbHg3UvWtZuHEW12-sWcyoj_ZO-Au7RPhlA,"This is a pretty typical app with a dictionary comparable to other FREE apps. Also, it's a little annoying that you're required to be connected to Wi-Fi to view videos if you haven't downloaded the entire video library onto your phone.",3,0,1.1,2014-01-24 14:52:23,"There are only two ways to provide you the videos that we know of. Either we need to give you all the videos, or you download them as needed with WiFi. We gave you both of these options and let you choose whats best for you.. We're not sure what other options you are referring to... The app has over 5000 ASL videos, not typical in free apps. ",2014-02-06 21:13:07
gp:AOqpTOH7VcT5PDXYHxU-uXe3SoweukqG5nObB1qe6_Fl8HzzG7crg5csRXkso99PMA2kKcdogmd5DLvmWBugpSs,James Jackson,https://play-lh.googleusercontent.com/-1IgMzpg3Mk8/AAAAAAAAAAI/AAAAAAAAAAA/AMZuuckObpoJ6rD-YeprkhBLfU1pQJv7BA/photo.jpg,I love this app. I downloaded all the videos under Settings and the Play All feature runs through all the videos nice and smooth. The ASL signs are correct and they even provide multiple ways to sign some words in case you are from a part of the country that uses a different sign. Lots of features. Thank you.,5,1,1.0,2014-01-12 17:42:51,,
