reviewId,userName,userImage,content,score,thumbsUpCount,reviewCreatedVersion,at,replyContent,repliedAt
gp:AOqpTOFJ8Citpwg5aQylP4KM11iTyGmP_sKVMY6SeO8smrMWYC6sGbWDA1mXj-Hjj0vdi1_JC-83yCW2Dl6iYL8,Thomas Hewitt,https://play-lh.googleusercontent.com/-xlS3DePKaWU/AAAAAAAAAAI/AAAAAAAAAAA/AMZuuckTy3cg_w2B4xsbIuugSErscqWT3g/photo.jpg,Good app I like it but needs more equipment like backhoe and dump truck for sandbox I'm willing to pay more money for that.,5,3,2.02,2021-01-18 19:11:57,,
gp:AOqpTOGwNqVJO6emIECV0wYU9_RKtA7fGpjmBbFQo1HuxekR1Nl4nfUssd6wwvWxG9YF3xtHhCXXl-6ZnR-adnI,Google googling,https://play-lh.googleusercontent.com/a-/AOh14GjqWTqdSd8MK3P3l25TLPaq-wTwLd9sBeCmm2c5,The track vehicle sometimes when when you leave them alone one time I left the the bulldozer on a cliff and it and it wobbled off so please fix that and I go to five stars,3,16,2.02,2020-11-29 22:54:26,,
gp:AOqpTOGnuS9zpp0NHfJpqazvVSDtHpC1etBlSOQTXfb55y2aWREzAjIXk-Fuka_5-vGuFe1ug_E5W8LYsijdob8,Bryce Connole,https://play-lh.googleusercontent.com/-1cL4aBRneGk/AAAAAAAAAAI/AAAAAAAAAAA/AMZuucmqWTJ7AtJJCJLJHP_4RiVjjXQz9Q/photo.jpg,Bought this hoping it would be as good as the first. Just laggy and slow very disappointed.,1,26,,2020-11-03 23:55:45,,
gp:AOqpTOHtB1k4sH9oJ3PztZigq9-4sr66N9ARMvPhs-uYEDh7JBPrBTXxZGz4A1_c6c7RxbPUuaFuHeV0Ebs_maU,Kudu C,https://play-lh.googleusercontent.com/-IIncAcuuq-I/AAAAAAAAAAI/AAAAAAAAAAA/AMZuucmmpbQMDBu4MRENKZEjodEMo_xEJA/photo.jpg,Laggy rubbish compared to the first game,1,272,,2020-01-11 02:50:27,,
gp:AOqpTOGrNwvuVkmqlnTIkOGAYyMauHXtYvskztX7Xjd8qIpnFLmxUcO3sxsQWkqWH5u8uPbTmmJj1zt3B_tzKnw,Dub,https://play-lh.googleusercontent.com/-2QneX2cXNm0/AAAAAAAAAAI/AAAAAAAAAAA/AMZuuck-gfreJSxiQB5FANw2S3JqyCG9YA/photo.jpg,"super laggy, controls suck",1,317,,2019-11-20 07:47:49,,
