reviewId,userName,userImage,content,score,thumbsUpCount,reviewCreatedVersion,at,replyContent,repliedAt
gp:AOqpTOF70J5YD_xJfATS2N0Fu32fxP1_S7XWVWhiUoHWsVrBrzexQDYtGzu94zs6AS6bBku1sTBbD2nyOhSrhw,PoorlyMarlin,https://play-lh.googleusercontent.com/a-/AOh14GiW28WaRK_Ddh87lUg65c5Fl7HAU7WFZ_7isuFpsw,Also good,5,0,1.1.1,2021-01-23 17:59:23,,
gp:AOqpTOGOd0TJh8wsOblIJd7sJopIy_C1YAQmg7qZSrZgkUogcQ62fNfIrrZNNv0R2TgjhzdoD4ipKHuMeImVQg,7Thegamer,https://play-lh.googleusercontent.com/a-/AOh14Ggz3cSrGWiYNpGo5sUtUfAXQAhNLcb3-9dM0iqxbw,"I love the game, long time fan of 60 seconds. It would be cool if there was a game similar to this game but underwater!",5,17,1.1.1,2021-01-17 21:03:42,,
gp:AOqpTOHkbcDgnIw8HSfWYvD7gyxjgvoG7nT4vdqbHnQummSJUbUnkP3G3UnIDzpXXoKN90cWgM_41YuIIElwoQ,Commander Vega,https://play-lh.googleusercontent.com/a-/AOh14GgQMzESHO97lVfJpgN1v3-nsMMJN5X9cTxt6VDcdg,Very Addictive and fun. Ally more user Friendly than 60 Seconds,5,0,1.1.1,2021-01-13 01:47:55,,
gp:AOqpTOEu0Wy2liSu3vrLdYp0D176Os62ZTvmwEOKXX6BlkMCmHB5ePHlVmSnJ6AxlT0pwfEPTSeY90w8NHi9dw,Roberto Isla,https://play-lh.googleusercontent.com/-LnzvFQSZY4I/AAAAAAAAAAI/AAAAAAAAAAA/AMZuucncfYlDWUJBY70lndYuibaefc3obA/photo.jpg,FOOT FOOOT AND FOOT,5,0,1.1.1,2021-01-05 18:47:37,,
gp:AOqpTOGr-BxNWQm4gvQXBbGdjjkRpoYgWgkfZtjbXYDUoIG_KDY8E308Z7uz4leJz0tg6s9qFQTjURcOJ2Vbgg,Noble Warren,https://play-lh.googleusercontent.com/a-/AOh14GgHk-kjmhLnQQeN9eQKSQ5zp_p1ZxjReMgIXAjy,Its aiight,4,0,,2021-01-04 21:35:56,,
gp:AOqpTOE0KDlnQQ3MzKtjc_KAcwFSbYE6VzbgYMwBczjpefkMjKgeN_pikn9tEGcsOrqKsaQWZDsO0b7Et_ElDg,Michelle Bradford,https://play-lh.googleusercontent.com/-EUH7UJZGMoE/AAAAAAAAAAI/AAAAAAAAAAA/AMZuuckeG_nyVqtUATmP4qD4tUyH0kHH5g/photo.jpg,It is so good sense the dlc girl came I love it,5,0,1.1.1,2021-01-02 04:48:18,,
gp:AOqpTOFmZ4GMK-zC7M1y72MSOpsJhOD72RHA8MbIjz9GzPpndgPjvWG4Xfp0Frg-4ULWSyLAonBI2CS-YNQMKQ,sable,https://play-lh.googleusercontent.com/a-/AOh14Gh_YuFD_2blT3zN0nJZFym9WuSL9jiMWNRudzfb,Very good,5,0,1.1.1,2020-12-30 01:12:27,,
gp:AOqpTOEaRhKnayetnt9kBD2nFkwIQa9xLLCBh3fIibRBBdMOFzISrOu5WcJNtL35N31pMWgzfLlEYZW3PdK6pA,Zac Halls,https://play-lh.googleusercontent.com/a-/AOh14GjzpXF7b5HIwe33Sm06V4B9KVMKbzB-2tWpugmjJA,"I was introduced to this game from my encounter with another game from this developer (60 Seconds) and am pleasantly surprised with how much I'm enjoying it. I wasn't a fan of the computer printout text interface at first, but quickly learned to appreciate it, although it would be cool if the computer assistant had voice acting instead of just text. Very much with the $1 that I paid for this game. :)",5,29,1.1.1,2020-12-29 21:04:44,,
gp:AOqpTOHPJixNW-Ht9e6yqciDcnBGr3burp35SxPJ_1XARBJdKfqtIZ4cZn95DNCBjPRy2tU3UNTpkNUPrU4YnQ,Bailey 1 the 1 dog,https://play-lh.googleusercontent.com/a-/AOh14GhZ0d7wu-MrG7ClZJkpGLLvi6ukmGOi_wGe_5zyVg,"The controls are super weird. I don't like the design of the characters. Overall I think 60 seconds is better In MY opinion If you get the game and don't like it, as long as it's the same day you can get a refund",1,1,,2020-12-28 06:41:17,,
gp:AOqpTOFiiCzaTx8LGiXwYxYJlSFRyH6-la2UKtViQNUBMPZ5ZC0O8cyiaxttTVVX2EQzcnVzQJa0ybCNEZC5-g,Edwin Eufracio,https://play-lh.googleusercontent.com/-8AbPzxppoL0/AAAAAAAAAAI/AAAAAAAAAAA/AMZuuclqzi_hgOcftsl9QObcv0HtgA-Syw/photo.jpg,It nevr gav me mi mune back nevr play this Game,1,0,,2020-12-25 17:33:35,,
gp:AOqpTOF6iI3EEouxDbRWHyrEq7lG12Ytcq1S6x0JAw5ECNVU30S2tIB4sn95hBAnV8ILtYh_NN_TUXzgB89gHQ,Ernest Herrera,https://play-lh.googleusercontent.com/-CGUd7uSbtU0/AAAAAAAAAAI/AAAAAAAAAAA/AMZuucnP5IjfPJcfgF-rYn-DveE_DBzzCA/photo.jpg,It was good but the space shuttle was to big,4,0,,2020-12-21 11:15:52,,
gp:AOqpTOFdPYQf-uln9vsbmv3zaaHlVqLprY5GnW0cVvTBGOS3Oncsd1hoeX_nPkuRXqXMBqw91Pek6RQanK9wCg,Boyd's playhouse,https://play-lh.googleusercontent.com/-hcVN4QNijPs/AAAAAAAAAAI/AAAAAAAAAAA/AMZuucnCV7kMBipejTfFeHLETjuczzVpmw/photo.jpg,i like this game because its not glitchy also get this game,5,1,1.1.1,2020-12-19 06:49:34,,
gp:AOqpTOG-3TbXYMwQ3de2c4BrfwyEjiZNLcHJVatyRylAJxHaeJohEquziHvhWvQ-ILGgkxXmLVVnCQLsND9_9Q,Danielle Scherman,https://play-lh.googleusercontent.com/-fu4fUGX3K6U/AAAAAAAAAAI/AAAAAAAAAAA/AMZuuckUUNkWJ0v4xqAWLRCGIGdSLtZcrg/photo.jpg,"I payed for this app and it doesnt work!! It sometimes wont even load and it lags like crazy. Don't download it, you will waste your money. I wish i could refund :(",1,82,1.1.1,2020-11-22 09:57:11,,
gp:AOqpTOHcZHkuBugHD65fkzyjPEwU__1y8jWbOXpprotXs7F4O7K2Ya9QaUpuMU1A92W2c0NbnboBiTx7E_I03Q,Ummm yes sir Boi,https://play-lh.googleusercontent.com/a-/AOh14GjtUhIM2XcAMGBhRE-GhIh3qyMEm0UywHFzp8S_Tw,the game is slot of fun and it's surprising this game hasn't glitched for me and the controls are pretty easy to,5,55,1.1.1,2020-11-13 14:06:05,,
gp:AOqpTOF8CD5nX54aTcxQDjzf94N6ilTV5cg3OQ59LCpGC7z4mmfeSddwJiSq8Fqm34jtvfyKq6EW0t-TE7-AmA,Trevor Cleveland,https://play-lh.googleusercontent.com/a-/AOh14GhMEht-hrAUfNl__Z5ebRMw0CeBBeDMI65n9m9IYA,Nice,5,0,1.1.1,2020-11-11 06:38:40,,
gp:AOqpTOGRKN7PL3Cmy45u0a6mbsd8t1GhHOBfZ6Y13EEr4kl-qER2OUnRrPYlUE9g9lffU0PHLAdloaaRELT4Xw,Johnathan Cartagena,https://play-lh.googleusercontent.com/a-/AOh14GiV9ROzPFbeckFIii4amr2VfeqnTlG2RHlPVoPvRw,Bro if I was emmet I would die I love the game with all it situations and ending and it's crazy,5,0,1.1.1,2020-10-31 09:22:38,,
gp:AOqpTOGHOSB2cqwRL153U9PSxYhBAWan3HdUJj04hQOKUnGKYpAdjjLCDMUjwFMQCSP6k2lM8VuJc2o5MeOEMQ,Won Ton On,https://play-lh.googleusercontent.com/a-/AOh14Gg5i3TmoT8Ah4-n_RRirNpIzUmfHGw6ug1y02qCIg,Good,4,0,,2020-10-23 18:11:21,,
gp:AOqpTOFetuK3MIj2mWlR34bUAYcVqHyrLegA8GfZIwKty-f0ourHwvdb_ZLafGaomvm5SJSpTNSQjv87eaXOrw,Rebecca Petrie,https://play-lh.googleusercontent.com/a-/AOh14GgRpPImZb2ZTmk4Z3G5V8eR6lhvGV3UoFBDNH-FLzM,Love this game on mobile and PC.,5,6,1.1.1,2020-10-13 16:03:20,,
gp:AOqpTOGN_WleUmEohMc_b9G0xZo0ti1klxDK7bOokwPU9m-hFixVEkb2lh5wAMP18xXsIL-ZgIZSCUDmI1nCgQ,Brian Wilson,https://play-lh.googleusercontent.com/-gje0RS-Dmmk/AAAAAAAAAAI/AAAAAAAAAAA/AMZuucmSakQ9CcPHo_8mySeUPYL7LLMDJw/photo.jpg,this game is better than 60 Seconds because it has only soup cans that you need to survive but you need more stuff plus you need water and food in 60 Seconds I love this game everybody needs to know that,5,62,1.1.1,2020-10-11 07:57:36,,
gp:AOqpTOHbdmJvdooR9gI36bZQYf8Qui8fUngO3CALU6f9ugxb5LxASNrVRxYSlWXhXWdAlG9bOAKVvOtvvp5A0w,Journey Divine,https://play-lh.googleusercontent.com/a-/AOh14Gg5xVHwn8EzpvRsoBnsLcUgUxki0jPbGEcc7sK3Ng,"I love all the weird situations and endings, it's a great game overall!",5,25,1.1.1,2020-10-08 20:58:52,,
gp:AOqpTOEeLlRZBvjraoNpTFXJTnfsTA-tb0jrVaqIHiSoMNkMVhBLL-wewWTNRwxAtpYi1_Jr1sfTSkwBSMmIRw,Amiah Pickett,https://play-lh.googleusercontent.com/-Loms7jJcPPI/AAAAAAAAAAI/AAAAAAAAAAA/AMZuuckZLZszH2dadZ8nzSB7fMTwvXYmtg/photo.jpg,I didn't even know how to play in the letters are so tiny🤬,1,1,1.1.0,2020-09-27 08:42:59,,
gp:AOqpTOGu-dwYjgvYtBo-DbS29K74Oc1MfX-QGbSNkNgh3U8TZje5NwLAy9Nd6ew25Gw67W6xIezrD2RJ8gRe5w,Natalie Davis,https://play-lh.googleusercontent.com/-XhmD1Oo1MYQ/AAAAAAAAAAI/AAAAAAAAFjU/AMZuucnlubw7rEP3Zdp5DoR-zdkpjpJfnw/photo.jpg,"What's here is really fun, which makes it sad that there's only enough content for a playthrough or two. (For context, I beat the game twice in an afternoon.) I'm fine with short games, but there's so little here that I can only give it 4 stars.",4,23,1.1.0,2020-09-26 07:32:54,,
gp:AOqpTOGnfskSPHgguUewt7KlZY90UyYS86PMwkhoSNuKqburPzyIBW_o-reE0BJhte45ZEnXaOXwMBWPeUtolQ,kofi frempong,https://play-lh.googleusercontent.com/a-/AOh14Gjv98-92KMeljTEMGlKiVST92ye4X0v7tEds0X39Q,It does no allow refunds,1,0,,2020-09-20 10:37:12,,
gp:AOqpTOFBL7m743VyosofXma4npzRXi0asO32pksCcOEMJ5dT_mi1628fJs9-Dp0r_cDLQiSDR33gn9gtSk7s2w,David Vincent,https://play-lh.googleusercontent.com/a-/AOh14Gg3B-DwV_cm8rTEoVNhZvsnvIRHUdkebeOUYfW7,Just like 60 seconds extremly fun thank you so much robot gentelmen🙂hope you make more games,5,0,1.1.0,2020-09-08 08:04:50,,
gp:AOqpTOFnQArg1VwDYm1c52YuHwEDoM4DTYPCihm25elOPsh5JXwLmKL0ZBcHpE5LU-LuS9fkuxV5ACzhJS89bA,Lucky Cat Productions,https://play-lh.googleusercontent.com/a-/AOh14GhJLSMs-EoRleAaKLMEDIzfTDomu8RXT0tnetva,While this game is stressful izza master peice!!!!!!!!!!!!!!!,5,0,1.1.0,2020-09-07 15:26:03,,
gp:AOqpTOHL5edcAcSd-uQNLq0yRxMVH8WB2tXHECNbelkyZsCSfyR8z-LnQ6gDz_SqrWvtLgFfM0TzFTr4qmwZMQ,Kevin Reynolds,https://play-lh.googleusercontent.com/-3sGBp9UPlBk/AAAAAAAAAAI/AAAAAAAAAAA/AMZuuclSOeslsljBDxj_8avJsxhYNs_NsA/photo.jpg,Between mobile and the switch i have about 300 hours in. Love the game. It never gets old,5,0,,2020-08-29 21:56:15,,
gp:AOqpTOG9wJDFalNTWxRK19RIGqTbcoCpGETTmRw3gpS8soL4vr3Ts-YnXcCNatAfWEZVEDNoIbwwRWkmqBW1RQ,Cr1TiKaL but not,https://play-lh.googleusercontent.com/a-/AOh14Gj6elpEr3u5vcsZ5DaBFa2XU1WgIBfCgt6wSbGxfA,I was right this game is even better than the original the beginning has wonky controls but besides that I like the even more strategic game play,5,1,1.1.0,2020-08-29 14:52:52,,
gp:AOqpTOE36RjCu5GCed-a4nxAJlRrShGKFduDfW1EBfFyQVBoaEPPz88MpuzoERUkL1Q4QS1_F_-CWYOohYvdNQ,Cerius Reval,https://play-lh.googleusercontent.com/-bEcxk-R6ec4/AAAAAAAAAAI/AAAAAAAAAAA/AMZuuclURF8TG7SXXrTv5ZzrNs4GNndNcQ/photo.jpg,"Gameplay is good, but the additional loading screen when first starting the game is annoying. Please remove it so when we start the game, the main menu is the first thing we see.",2,6,1.1.0,2020-08-27 18:06:03,,
gp:AOqpTOFV5x-WkC59VcGfWNVoby6TqK1ggNg_Aukx0OumGOLDcKJrPF67y9xJOZnHU_yuobJtdyVUxiOrqR97hQ,SpiderZoid FNE,https://play-lh.googleusercontent.com/a-/AOh14GhyigcOabvOFlCdtAHJwTDCueV0OgpeNwUn6_94oQ,Wow this game is good,5,0,1.1.0,2020-08-24 21:23:11,,
gp:AOqpTOGHgXtULMWXCqZ6MZO9zFc6OZZZOFMy5yZWp8pXP3xeLe7gbe-2V4purfMk56pNP8SUNPVBrlx1sVU62A,Billy Sprinkle,https://play-lh.googleusercontent.com/-KqUF-epRVuU/AAAAAAAAAAI/AAAAAAAAAAA/AMZuucleyf9BfRGttLePR71DBm1fSrTdoQ/photo.jpg,A massive step up from 60 seconds(not that I didn't think it was good just waiting for the reatomized update) All it needs is some hats,5,1,1.1.0,2020-08-16 04:25:54,,
gp:AOqpTOF3dEA5LLO24ESbHbcuKhgp7GcVf-h32nJS3NBm05VCvbmiv7iLN16kheBUY5CV1-Y_9GExdmfOFdqhsg,smol cat,https://play-lh.googleusercontent.com/a-/AOh14GiJZBuEOFDOWR4T3rTMx9s6aB-OzqN-vEtAqELoqA,Great game and i have nothing else to say,5,0,1.1.0,2020-08-14 10:31:55,,
gp:AOqpTOG_WqcQpD-qxTLfZnB_2Wtt0v46fjdS-2qU5Mla2llNKgSW6UNu3ri6kA4w9e7N7UIH4HG4lR9Jpiz3Yg,Garrett King,https://play-lh.googleusercontent.com/-O-D1WMWdfdY/AAAAAAAAAAI/AAAAAAAAAAA/AMZuucmJiq0jqBf2qH6sRcsiTT5TDe4KZg/photo.jpg,Its a good game with a good bit of fun but its super easy and theres very little content. only 3 planets and like 2 endings per planet. each playthrough has lots of the same encounters. I had no issue surviving and winning or getting super deep late game and getting killed by bad luck.,3,37,1.1.0,2020-08-09 20:27:40,,
gp:AOqpTOGNNbER1mtbWWcdaMow9zs89dUm70K8zBuk_9KdL9GGl55bTYSAhFzdV37VwmDYBgXJwIpvRvfn4uROvA,Theodore Williams Jr,https://play-lh.googleusercontent.com/-Qjyg578FYVE/AAAAAAAAAAI/AAAAAAAAAAA/AMZuucklJ98QZVK2wluCKUi9A2S0Wow1Yg/photo.jpg,Loved it..but im late,5,0,1.1.0,2020-08-09 20:04:31,,
gp:AOqpTOHLQyXkIMpc35RGvjYY2S0QI71wqdMryLzlia2iGYB35L8_aIkkDa-6g5ktMk6Wc6QO5So-kwRYro7GQA,Ayren Nichols,https://play-lh.googleusercontent.com/-3mxj2oq3AhU/AAAAAAAAAAI/AAAAAAAAAAA/AMZuucnwZRKVBHg1gHYOr40f1gJEasNlDw/photo.jpg,Bad game Hard to understand,1,0,1.1.0,2020-08-07 17:05:05,,
gp:AOqpTOHxQm65Hp8URY4gEPDTI_b6AMYu6fyhQKGwXBzufVystDXA0nZq52K2NKX_MqhwSVowhw_55OyCY9bp7Q,Zoie Mari,https://play-lh.googleusercontent.com/a-/AOh14GilPeTW2YwcsTz-EKt6DwHofJdpbM8Tve9QaupZfQ,I can only play on space drill mode Im using my phone and it does not show That i can change to start playing the game It's just never ending space drill. How can i fix this?,2,4,1.1.0,2020-08-05 07:08:08,,
gp:AOqpTOHEcPAl_giPZbZhWndJeLvaRh_5oiSLzL5BUzPiBotjzZ-8CZgK6xlbFNPB97lCzCjZpjHYXBuM-suDpg,Dawson S,https://play-lh.googleusercontent.com/a-/AOh14GhY-dmyXiHKzYCq4MC4seRVpmW0RZG9klDNsGXXYXo,"It's a very fun, time consuming and funny game. HOWEVER, it eats through battery like nothing I've ever seen. My phone won't charge with a lightning cable while I'm playing this game.",4,19,1.1.0,2020-08-02 18:54:36,,
gp:AOqpTOGLoFZWVlB0m_cEZJ5Q_Ncv7T1Ml2Bb-tp4EKfV9VVcbRHXqOQ6ogdC8gyr4a_23ra88Ig-iXAemgVXRA,Shannon Long,https://play-lh.googleusercontent.com/a-/AOh14GjPTWQoH0p83QtcDZOr-TMZzvMJApHNjyz6l461,"One of the best games I've ever played, it's funny, entertaining, addictive, and has endless replayability.",5,2,1.1.0,2020-08-02 09:13:49,,
gp:AOqpTOELymO1M10lbrKgZqaLDQelThxFak271iXxkw_dtE4u9EBrupl8Sm7SOQkQk-zrdqcbjT2kfGZhI3thdg,Anthony Herman,https://play-lh.googleusercontent.com/a-/AOh14GhNT9rRzamRhas7jI5nHpCb0YXk1mw0TBr0L0nR,Meh+,2,0,,2020-07-29 21:23:39,,
gp:AOqpTOHbnW4zuMPkiBqecsoG2a8uuZDP4FMA8PjY1Jv3H_nTDuPX0WRRTXGsi8VWXLvp1Z_bNUSuh_ksIbnwVQ,Journey Havoc,https://play-lh.googleusercontent.com/a-/AOh14GhEVLt0-Syt4hzlaumr73lqLeK8-ChH96z4WcmOTQ,Imo better than first version.,5,1,1.1.0,2020-07-29 10:39:05,,
gp:AOqpTOHj4S6lHXe7FjOgGTzuCc5K0J0Uz40x8vwL8CN35NOxCIMkrRXpZ3TCcLgLQ3gxsyXVqX6C0NuBXf0W7g,gamerbro2765 gamer,https://play-lh.googleusercontent.com/a-/AOh14GgATqpL8MJz36mqtSf9f7wHg2KInJUN7QzfPQVB-Q,"It is fun, exiting, and overall a great game",5,0,1.1.0,2020-07-21 19:23:12,,
gp:AOqpTOGFZEB49LrjAGuW53FBdy2ZBgAa5ufuFJFc3BvPtWdeOB3hi_7QPwS8iOO3HIygANgJZ8-NLTiTQBD2ow,Cameron Stine,https://play-lh.googleusercontent.com/a-/AOh14GgpQ2oPFjkZRY14Dy4WZoL4rfWDy4J1Y5zrhkqMlg,"It's a great game: more of a rpg, adventure, survival, and strategic type game. Think of Outer Worlds and Fallout and boom. Also its got a lot more endings and plot twists. The controls are easy too.",5,27,1.1.0,2020-07-11 20:01:35,,
gp:AOqpTOFtFDuG6I_SalptOezvcj89A0sHs7YugrDEHYCchvywXSkVGuOGKvaiMVgeq5tE_J-15rmuGl_wFOqeog,Some Person,https://play-lh.googleusercontent.com/a-/AOh14GgHpIAQvUuZ6atoBMPh5erl6EeWjIykNNiVVN87dQ,"Didn't even get past the first planet and the game is asking me to sacrifice to cow deities, explore pagan temples with danger listed as a pentagram. Seriously? Supposed to be a sci-fi game. Not really into the occult aspect. Hard pass. Sorry I spent money on this😞 Oh hey, it let me get a refund! 👍🏻",1,40,1.1.0,2020-07-03 17:46:54,,
gp:AOqpTOG-qKXPaCD4tzLXH2NkHJ_cdWjbEXva4_YRyBeMuTivG8Ly_OMREsEHA7Qje8xbcy2tOPlizjd-J3gMsA,Phumlani Mtshali,https://play-lh.googleusercontent.com/a-/AOh14Gj5gPbDGKcJnyExESERg8DlWojpCPNF65Q7rkRrzQ,"Great if you love reading, silly humour and problem solving",4,2,1.0.4,2020-07-02 06:11:11,,
gp:AOqpTOEALZzZjQlJsI9fhNn58VR9T6_9hIKZ4-rKXgePXzLIf-v_YEX-Ztq91n9eIfh9dJ2h0Md-Kfk1I4sg5Q,Rusiel Delvalle Jr,https://play-lh.googleusercontent.com/a-/AOh14Ghs6jIbs_jlHmGrvYq1eE9Z3sX6gPdh1BoycyP5Ig,Ok I love this game and I was so happy to buy it! If your a true fan of 60 seconds then this game is for you it's very fun! My only complain is the gamma it starts off dark and I don't like it it's not a big issue you can change it so 5 stars I just wish It'd be like PC gamma but it's good and worth the money! Also I've been working on a Character but I'll talk about it in the next update not trying to Waste your time great game tho!,5,85,1.1.0,2020-06-21 16:23:53,,
gp:AOqpTOHzD3TZjgVNaCXEUNTBCPGxCFyvw1eo4hA2O_kyb9cFzFRh0wk0VGZbwDYznuAzpbstPQyRDQWm-2oc7g,Emmet Ellis,https://play-lh.googleusercontent.com/a-/AOh14GiE94h7vzbKVtvczmZaflQmsrIAW10w1YrZ-Z2i,Good game wait...... that's weird,5,3,,2020-06-21 16:20:09,,
gp:AOqpTOEUZfDm44XwS4nH7GfZ4EHWdaW0qXCqX1uzSSXaAaZSmMb5PRpT0rXoystLAWNdzxNWwMuPApuqm5cEJg,I Drink Nicotine,https://play-lh.googleusercontent.com/-ryUKyew_EQA/AAAAAAAAAAI/AAAAAAAAAAA/AMZuucmgwkapk-oCSRZKyeRDXWWRvuDrVw/photo.jpg,I'm going to explain the three most wanted questions in 1-3 words here we go 1.is the game fun? 1A.Yes 2.Does the game have a lot of content? 2a.Loads of it 3.Is the game worth 4$? 3a.Yes It Is Your Welcome,5,1,,2020-06-21 16:04:51,,
gp:AOqpTOF2eu5uWKgRwoVGiSPNmkxftGhxE8nlPT2ceZBa_TStTKVLNBTRlFmQXla-UuHEhMO1jtKe4zSsEI1-7Q,Robux Tix,https://play-lh.googleusercontent.com/-X0v1afBEuZo/AAAAAAAAAAI/AAAAAAAAAAA/AMZuuckRBRAp8sddZoxtDJnqehW1khgwKw/photo.jpg,Great game really it is it just needs more stuff at the moment but if your thinking about buying it go ahead! It's worth it and it takes about 10 hours or more to 100% Complete the game so have fun!,5,1,,2020-06-21 16:02:09,,
gp:AOqpTOG7S_Xt6_7YABIneo9OZilQNQVMJ78uZWQnbSvT-R5fbjfWBvnjNOQa19tsHQCbCz2-mrtRaOeeUasg-w,Goomba,https://play-lh.googleusercontent.com/a-/AOh14GiaeRx0vO3US1kk79Ko7Ooiql3YZ4Wp8ZSYaMlF,It's a good game all in all and it's a big upgrade from 60 seconds there is alot of new content keeping the replay value of the charts! So it's a good game can't wait for the next game and the new content planned for this game! Good job Devs!,5,1,,2020-06-21 16:00:50,,
gp:AOqpTOHnDz5647XI2WEOMWl_VWJZbbCS33bX684oLVo30NioY35t_GnVmRekvTlZdA6q2LpTYpwx93wpU9_Zhw,Conrad,https://play-lh.googleusercontent.com/a-/AOh14GiKwHd-IVtvioiD6aAeE2Sf8OJlGEZJOj1HhvYk,Its a good game really the only thing it needs now is new content 60 seconds and this game has replay value only up untill you get all the endings and achivements Thats why not alot of people come back to 60 seconds like me (my friend does) i get it takes time and i will wait and play since i have not gotten all the endings or achivements i'm still giving 5 stars because there is nothing wrong with this game just Saying and if you want advice if this game is worth money well look under my review,5,3,,2020-06-20 15:09:18,,
gp:AOqpTOHSDrquKb9qhCdHQf2TALMB3E3KGhpJMZujOueGmk8EUWKGPNh2UoQgjy1GgymcnLGqchHRmaGGDmUijA,Shadow Lim CYing,https://play-lh.googleusercontent.com/a-/AOh14GgNyyOTsUgqhqQqMUwLbgqcc_K5XNb_TJm8UIUzJA,Worth it. Nice game,5,1,1.1.0,2020-06-19 10:41:55,,
gp:AOqpTOHCYd_Kb_oUK_WncwcoRYan9SS_Q9f_fEdCHOejV1qpV0PSYSdZettUX1V1CPpuZKK966_emD2uCR_3Og,Hazmo Jumps,https://play-lh.googleusercontent.com/-q50uqjYllFE/AAAAAAAAAAI/AAAAAAAAAAA/AMZuucnzqUfLEUnvh_mCaKLzG6EuELFu9g/photo.jpg,This is an amazing game! Would highly recommend. Also 60 seconds is pretty good too.,5,3,1.1.0,2020-06-12 09:33:18,,
gp:AOqpTOGfoI18n_XsTGttHQzmqZbMmPUXYvk_ENbxpyB3895id5xZxpHWPG4G5VBgjz-RCSD-qg7E9tm59Hn6Rw,jason wells,https://play-lh.googleusercontent.com/a-/AOh14GhVuELimPiZNNHP68vM1thbFqnnfBrqdeSLuSbzYA,Love this game! Keep adding content,5,0,1.1.0,2020-06-04 21:45:34,,
gp:AOqpTOGCRQ64UOxSlwIhG-Yql-X87u14iYm8vELxCo-b_xJ4SEk6xQR24MPXBIEvm9Dj_j2hR_-j4zT8wetGNg,Brayden Kanada,https://play-lh.googleusercontent.com/-t-qAzJcvDTU/AAAAAAAAAAI/AAAAAAAAAAA/AMZuuckSf6LfYwD6_1ky0JHjuRBlY2Zcig/photo.jpg,I love this game it's good graphics are good and I want y'all to make it were you can go out and explore and you have graphics that are great you should add more characters and more missions so thanks for this amazing game,5,1,1.0.4,2020-05-27 17:42:30,,
gp:AOqpTOHpQorSuiDoEJ-2yVWt8QKu8EGsDFzqgb77w72ZKUoarNjDvq8WAPs3XEWelr-g2QEGVhNNdrSYtbtKPg,Mr MemeMan,https://play-lh.googleusercontent.com/a-/AOh14Ghvkar9B6YRFGyu_3QxjWMkkEsHDv0S4AkUI8vH,"So every now and then I get stuck in a menu and cannot back out the only way to fix it is by turning of my phone, but overall great game",3,13,1.1.0,2020-05-27 16:46:28,,
gp:AOqpTOEeOqMWGXNpHCA-ci9TaaOO7F3DMXuN32Hmgjys8H5WisnBktH65DrC5Jumgu9SppEA6nqqmTGRYBfRWw,FirePriest gaming,https://play-lh.googleusercontent.com/a-/AOh14GhyS93KGH-iM6PI6AG7gRqaZduAp52CLffgSXvZKw,It's not better than 60 seconds but it's great,4,0,1.0.4,2020-05-11 03:50:46,,
gp:AOqpTOHT0koyuJNJLd28mvs_9BGlZsSYExZIJYLh-EUAmGCV86clu1ZSFJ7teTuS35RwN07LZl-FzKXITqXcGg,Jack Fairchild,https://play-lh.googleusercontent.com/-fevEwPZzBm4/AAAAAAAAAAI/AAAAAAAAAKQ/AMZuuck7kH5iYF8qWJLTZIQpp4yZokwPdg/photo.jpg,THE BEST game ever . Good graphics. Good story. Entertaining. Awsome!??!?!?!?!?!,5,1,1.0.4,2020-05-05 12:48:51,,
gp:AOqpTOEecjZkR_9Tp9mX0arWgn2FZBWnl1Uy_681I7d0ezxAr-4z3YhfdpsN0loBl0Gus6jlpY_FX43dhe8axw,TinyRawwr Studio,https://play-lh.googleusercontent.com/a-/AOh14GiTNP8RYrSrUXaVZ1-LOsiYMKvKygqshGNdIONTww,"This game is delightful and worth it's money, it gives a good experience and makes you think about your actions while bringing comedy to the table. There are free versions of games like this, however that being said, this is probably the top on those charts for me because the developers took the time to add the humor and provide the ability to enjoy your overall gameplay fluidly. Thanks to the devs! ~TinyRawwr",5,21,1.0.4,2020-04-25 11:05:34,,
gp:AOqpTOG8IhVLAo77GR13_5CxAFpxl89xvzzDB514CsU8gqnqI1gQEmlSMfOeAB7Kx6EZ_8ADKJp3Hj_nnG_3Ng,Ornanong wimolseest,https://play-lh.googleusercontent.com/a-/AOh14GgykV7sOVXQNS79lODpqLIdRINBHM5txoo-eqNvah0,Very fun a lot of dialog can change the way you survive,5,0,1.0.4,2020-04-24 02:56:04,,
gp:AOqpTOFb-CVQQVvHq2pD8WINN3Mq8Crjj7G32NR8bAPamctTZxu3fNF0F4j7XI-Iiw9OFferT9KfND-G2kE2TQ,jason mullen,https://play-lh.googleusercontent.com/-cU4HY1E0dsU/AAAAAAAAAAI/AAAAAAAAAAA/AMZuucn-8YrLXu1vYKTPFdoqhUEXMu3UNw/photo.jpg,Accept it drains my battery too quickly,5,0,,2020-04-21 16:00:33,,
gp:AOqpTOEyrtmNUBhdkhJA4Ly8NMRp8iY-crEfAv01E_whzb1BHJMbz0EuYD1_VSSPKKH14D4_4QlDzJvDAdoNQQ,Dillon Curry,https://play-lh.googleusercontent.com/a-/AOh14GjZLsiOGdXwfHRfa2XxF_MIMm2CrjeZJLZ9OuinEw,"Fantastic game, takes resource management and survival simulation to a whole new level. The characters react to how you treat them, visibly. Controls are great, much better than the first, and they add a whole new exploration aspect to it that the previous game never had before, or atleast this time it feels like you can explore, where previously exploration felt like an illusion, like you had no choice. Definitely 5/5 and I hope the developers keep working on this type of gameplay in' future.",5,14,1.0.4,2020-04-15 20:22:35,,
gp:AOqpTOG6AN4Y5XI7w00dQFx8sC59Xh3i2Ym1DAA0a3nNasnM7WOSYrRuLodXoDp0UvUplSC8Ii7HNpePdhQT1g,Kreed Steele,https://play-lh.googleusercontent.com/a-/AOh14GiUqGzSGDYQ9K35NTAKvp4fO1jMVl6tGmUmhl8tKLk,I love the game sooooooo much thank you robot gentleman,5,0,,2020-04-07 20:13:59,,
gp:AOqpTOFP1BzjLyt6wZs_9lJuqejRmxAsJXjripePoWMsXlWNOrvI7muhudLIGwPdaVOif8XWKfGCt0AgZMJ12Q,samuel Holroyd,https://play-lh.googleusercontent.com/a-/AOh14GgVg_NZsSwqTbGIA7UcR23paKDcuFrAMj0VnL7ghw,Super fun.,5,1,1.0.4,2020-04-07 10:15:31,,
gp:AOqpTOHjoo5XFr7Hpd2v0DsQngF8PAsQaKP8U0xwE81JUscJZJfzow6LzJOWDl0Hfe9nGG_YfPQjpT1i3bGmWw,Dazwol,https://play-lh.googleusercontent.com/a-/AOh14GgYrhstg8M8MuPm6pDA_DOymkPHcZzfFkDMOEcPoA,"This game is really awsome..its a major challenge..its nice to see a game that actually requires wit and intelligence to win and not just another slot machine , awsome use of the mobile platform👍..only 4 star's because some more content would be nice. Actually getting the captain out the ship etc.",4,16,1.0.4,2020-04-03 10:05:28,,
gp:AOqpTOEmHRXkAn49tTqla56eoQSpxiJgoMmUenFwRcYKVAwQSAYVMfq5ait8I4kLeI8d6_Ts31q3emKk4VQiIg,Maggie Alvarado,https://play-lh.googleusercontent.com/a-/AOh14Gj_NulVkNviyfDjFb5FOCnMJ7lcxrwgzUilyy4j,It does not let me play,1,5,1.0.4,2020-04-01 19:45:49,,
gp:AOqpTOFlmmtOIrHerg7upLNmruwx9J7yzjxio_tqc1LD4pRbId36G7GVwJaTKPU-mipq5BfYy2g18MOVBAm00g,Justin Robledo,https://play-lh.googleusercontent.com/a-/AOh14GiGovoNJUK8j3-COq7GPPWuUYaHAeqlWyO5CiyLPA,Fun love it,5,3,1.0.4,2020-03-12 19:21:13,,
gp:AOqpTOHwekub1kQ7UnQ8qsqM7UVc0_4Ed82vBRcJNEBnr7hRDWKo5AeChJO3XMWh_KxOi-c9Jr-sa_XtRNfIIA,Jacob Contessa,https://play-lh.googleusercontent.com/a-/AOh14GhRnA411hwRmdL-o6HDp9a6X_r_YH4FJ_QZMxapLw,This game GREATLY succeeds it's predecessor 60 Seconds. The game has much more to do and manages to let each character shine in their own way. No two runs are alike and there is much to explore in the game. The choices you can make aren't always clear as the game simply shows pictures of various skills to apply to the situation but overtime you learn to infer what they mean. There may be some issues with those using older phones but those with more recent ones should have no problem playing.,5,53,1.0.4,2020-02-22 08:03:42,,
gp:AOqpTOG4Ixb2c6DkG1HGAnWshnmL-7yKAyyGI3faJxO1TUNWgmCFAjN6g9yDzAaX_uraFXkt9cl4IGoIdN-BZg,dendy demon,https://play-lh.googleusercontent.com/a-/AOh14GiybSNn3UY_nbxpjJOVg2orXzlh-7NsyBIVnGXd,Its pretty fun and I like the nods to Ted Dolores timmy and Mary jane,5,3,1.0.4,2020-02-19 17:50:55,,
gp:AOqpTOH3EQbBjibkrKVmIi1243SCHBfS5q-0-izjt9f2Rfbk-NvEx6NW2vHu_m-imlST2RDz5A48G5L-ugVrNA,Sasha Porubaymikh,https://play-lh.googleusercontent.com/a-/AOh14GiMahwECtjPJq_u1eG5Z0A4jCY7tVwq6ZIwvrDgIA,"Ok, it's good... On PC. On mobiles you, guys, made something not good. Font is too small and I can't zoom it. Almost everytime I want to start new game the game crashes. Thank you!",3,45,1.0.4,2020-02-18 13:04:35,,
gp:AOqpTOHKejiRdwyxadjxs1pJvm6f7l2U6vwwMJ0NqQ_eYJ_KvyDpuh8ajrELzq3Z7BRoVpLwKJDlQDCtZK73jw,Kitty Fontaine,https://play-lh.googleusercontent.com/a-/AOh14GjQd6L8-7YFcUx4yrdP0DyGxn-Ezbl7aCs5D6rz,It wont let me get past the hold to see info screen,1,7,1.0.4,2020-02-04 19:38:34,,
gp:AOqpTOEoEUx9GGqBeZVZhI7D1Z87wAm2D0u8gYA45ayUqMRDTyAM2KXUahqmaFwL9-na7MC_k2gadytXJUPpRQ,Mr Duck,https://play-lh.googleusercontent.com/a-/AOh14Gj3IdCt096Q7zJZg_lDagPK-KmWHduJU67DblKiKQ,Great game,1,7,,2020-02-04 15:05:40,,
gp:AOqpTOGPXGb7N-dyTn5O79nNsmpArJpkzRUjB0dqTbqzyEEis0zw8sAqvHw9FPAA9FFn97XLO4-hBFspae8T_Q,Derp Gear,https://play-lh.googleusercontent.com/a-/AOh14GiXEmqIoJ-rxNy_Jcuh8_Zb-WbzwTVaLs9qbEFx6kI,"So far I absolutely LOVE the game, but now I'm stuck on a black screen everytime I'm trying to get past day 18. 😭",3,46,1.0.4,2020-01-18 12:55:20,,
gp:AOqpTOE5KLOBQG7m8RAwDrYV4qbsSpdZnHIRFjmwHnH76wXt7TYhnH3YSPTSX_hJ_liNg_hFcSLLxwb09I0VVg,Derpisho peeps,https://play-lh.googleusercontent.com/-83Vp9WhGYuY/AAAAAAAAAAI/AAAAAAAAAAA/AMZuuck9cOsWKiCfHpJ_R6YnXX0RtEt-hQ/photo.jpg,Sometimes when changing days the screen stays black but otherwise excellent,4,21,1.0.3,2020-01-01 08:37:21,,
gp:AOqpTOGE79FKdi_VJVQ5nHbKFBfaXlGNZd2YeovlDe7pGl2Ngot1O5KSHNQ7aOuzoCfBaO9KwuI9JReoBZXLeQ,TheVampireYT 721,https://play-lh.googleusercontent.com/a-/AOh14GgfKq0dYVjsH5cxmx9DE-PL86sVEwq8FARQgvivGQ,Is a great game,5,6,1.0.3,2019-12-26 16:08:27,,
gp:AOqpTOEuWcmNMNE0XTl4-P7o7quXLOhkvl1oJZYcslj-cUbCeKOAfVe-iumQw0CrtMT7D7Tr5qa5zJie3UOx3w,Moth the Godly Othman,https://play-lh.googleusercontent.com/a-/AOh14GiCeMhUdaqzjqzTk7VPpPTD-4Owyq_Nc8_w7hqE,I'm pretty sure I'm the first person in the world to download this game.,5,20,1.0.3,2019-12-25 13:31:16,,
gp:AOqpTOE77NhEZASL8M4CQ5Rb3goZWzwZLPp6UowBaAD7DKmk7cEEaIMiQ1vbZYG_TdNA7C47L82oUP9nt5bkpg,Lord Loaf,https://play-lh.googleusercontent.com/a-/AOh14GimdGYa5R1bQ0ZEo6O-GQwEc5k_lw4ZSYNuvz83,"Great game! I'm absolutely addicted! But there is one problem, I cannot run it in my phone, it always crashes after clicking the voyager option. I can only play on my Chromebook.",4,20,1.0.3,2019-12-23 08:29:27,,
