reviewId,userName,userImage,content,score,thumbsUpCount,reviewCreatedVersion,at,replyContent,repliedAt
lg:AOqpTOF19lCjRrh8HFFviCSsetQchrIZWi3IVkHukqgo3_xI2fh3P_0c1qQtbsziEaQAjiLQyZScNzDIe6jPhA,A Google user,https://play-lh.googleusercontent.com/EGemoI2NTXmTsBVtJqk8jxF9rh8ApRWfsIMQSt2uE4OcpQqbFu7f7NbTK05lx80nuSijCz7sc3a277R67g,"It's fun and easy to play. The graphics I would fix, but, that's not a big deal.",4,0,7.51,2012-02-29 17:56:41,,
lg:AOqpTOH31rWG8ise8UG3dJHXcHfJsn1O1lUdkDyMlONVj1nS0H_jVbErDAwYYbY8TLlwBfJp2ID-Q0MipvrQyQ,A Google user,https://play-lh.googleusercontent.com/EGemoI2NTXmTsBVtJqk8jxF9rh8ApRWfsIMQSt2uE4OcpQqbFu7f7NbTK05lx80nuSijCz7sc3a277R67g,No up to date change log makes updates suspect.,3,0,7.46,2012-01-05 10:01:12,,
lg:AOqpTOEQY2dJp-_K0ks_OW4eGyuRhErhPhtcfZLMCNuETh84RCxGFZycIoyn1NWZfpUYwh6Zf5HqYysc-OzEKA,A Google user,https://play-lh.googleusercontent.com/EGemoI2NTXmTsBVtJqk8jxF9rh8ApRWfsIMQSt2uE4OcpQqbFu7f7NbTK05lx80nuSijCz7sc3a277R67g,Why on earth is this not a 2 player game? Stupid!,1,1,7.39,2011-11-19 10:27:44,,
lg:AOqpTOGdGC-Jg5PfhmOBRkYaU_4M-hTSKeAouz-Rk2h3O96VuC4t_8I60Iarg5kve4kKvkxAuXuDA8OR_Rj0Gg,A Google user,https://play-lh.googleusercontent.com/EGemoI2NTXmTsBVtJqk8jxF9rh8ApRWfsIMQSt2uE4OcpQqbFu7f7NbTK05lx80nuSijCz7sc3a277R67g,It's a fun game. Challenging and addictive.,5,0,6.09,2011-02-19 07:56:02,,
lg:AOqpTOFlLFp3bKredqw_OhyYBIraapFLEVR5_cUVNlTGTJyIQcLrYLzhNhAMeCfmWycDpXtivdt9ds2eSW1Uzg,A Google user,https://play-lh.googleusercontent.com/EGemoI2NTXmTsBVtJqk8jxF9rh8ApRWfsIMQSt2uE4OcpQqbFu7f7NbTK05lx80nuSijCz7sc3a277R67g,Decent reversi/othello game. Luv this game,5,0,5.25,2010-10-02 08:02:55,,
lg:AOqpTOGFC6SPuR-jCPIoAzwc4z620aEIKDysk4GmiLD3VFlk8nyTeooGgXDIMkw7J8tQkyMiJrPSe304q9NLkw,A Google user,https://play-lh.googleusercontent.com/EGemoI2NTXmTsBVtJqk8jxF9rh8ApRWfsIMQSt2uE4OcpQqbFu7f7NbTK05lx80nuSijCz7sc3a277R67g,Very entertaining. The best brain challenge game on my phone. Love it.,5,0,5.3,2010-10-01 09:01:21,,
lg:AOqpTOF61lJgoMUUHFs8Nw98ApQVQVKwL0GZrGjTgEn2I2eDC7Uww4Tw6hd0cU68La3yUIOUBlE-9Ftz7Jg9Gw,A Google user,https://play-lh.googleusercontent.com/EGemoI2NTXmTsBVtJqk8jxF9rh8ApRWfsIMQSt2uE4OcpQqbFu7f7NbTK05lx80nuSijCz7sc3a277R67g,Horrible game.,1,0,5.23,2010-09-11 20:53:47,,
lg:AOqpTOHflJ6XPlKi8mUeGvmRxZYRtxHqGdTKbiFRT1avc8GvUBWDijSk5Yb9cuwJGAayYEZ8cjlJwvpL2S2VMQ,A Google user,https://play-lh.googleusercontent.com/EGemoI2NTXmTsBVtJqk8jxF9rh8ApRWfsIMQSt2uE4OcpQqbFu7f7NbTK05lx80nuSijCz7sc3a277R67g,"pretty bad overall, ai is horrible, 2 sek for ai to come up with terrible plays, what's up with that?",1,0,5.21,2010-08-30 08:48:05,,
lg:AOqpTOHkGUKfRxms7EqK7_gLCUNyB3m7gnrmQ75hcWqHgs_erLXB4zNdP31_sVizK7C6kYIgdINFe9MecMUQtg,A Google user,https://play-lh.googleusercontent.com/EGemoI2NTXmTsBVtJqk8jxF9rh8ApRWfsIMQSt2uE4OcpQqbFu7f7NbTK05lx80nuSijCz7sc3a277R67g,Best reversi game for android.,5,0,4.2,2010-03-17 19:54:57,,
