reviewId,userName,userImage,content,score,thumbsUpCount,reviewCreatedVersion,at,replyContent,repliedAt
gp:AOqpTOEpJ0a_tQkLuLRwXmamkcUTCsEyXi_QhKAKb_upcLSBCCJarGwrdYuwrIhEZjnQrFKFYrKl-4sbbFmMPw,junior arevalo,https://play-lh.googleusercontent.com/a-/AOh14GjNY1PtyW1aHceU0m4eK1aR8unTBbcRHntdK1hkig,what a great appt . keep the good work..,4,5,1.7.3,2021-02-05 09:17:30,Thank you very much!,2019-10-01 22:47:14
gp:AOqpTOHSO7UJkbH0v-WtBmGunX3IGsVQKpgQpsx7QEBM2BxQDniI9OXF-lwLlF1MU0yWQp6iffyFmufvvu7lxg,Albert F.,https://play-lh.googleusercontent.com/a-/AOh14GjkhjbJVme08lsc5y-f0T2W1K_Ccy6uSWKkes6JcA,Nice! Nice! Nice! 📷,5,0,1.7.2.2,2021-02-01 09:33:42,Thank you very much Albert!,2021-02-01 09:41:17
gp:AOqpTOFUoltM0xyEvC0JoX1pxw-Mx-StzvaQcG5TlIg2B9GLEtl911BLA08eOwZeN306-weDE4C6cj3eSLM3gA,bob smith,https://play-lh.googleusercontent.com/-n2Y_ZCn-ibE/AAAAAAAAAAI/AAAAAAAAAAA/AMZuucl_7dtkJ0RmYiG0rinoLFIX5dvE6Q/photo.jpg,"Hello Dev, Just purchased but didn't see GH5S (S has a slightly bigger sensor from what I know.) Thanks!",4,0,1.7.2.2,2021-01-30 14:03:47,"Thank you very much Bob!

The new version 1.7.3 is available and contains the GH5S 19.2x13 mm",2021-02-05 02:39:49
gp:AOqpTOFdMn4zijRZrnsCkGZBrtoy3kFI84AnPC6tbfDagCCHXU2C1iYqOMasYGvdsKPc_ThGScibOsGxPvduiA,Nancy Strahinic,https://play-lh.googleusercontent.com/a-/AOh14GiaRNBJWa0mSrep6_u4HqYpjn7t30ILZx3_GFK2,It is a great one stop shop to the tools all photographers should know about.,5,0,1.7.2.1,2021-01-21 06:58:23,Thank you very much Nancy!,2021-01-21 07:19:06
gp:AOqpTOFtZfosXenFnMk0msqgMNZJQuZKgumHpIaJgovnlPofh_dS34YA5gIIwvlju46dklGrx85IReHDs83IVQ,Lotus Music,https://play-lh.googleusercontent.com/a-/AOh14GgMek_76x8aPkh0yXI9pT2oeUFuwzUCqa7F8QWBK1A,"Excellent,",5,0,1.7.2,2021-01-12 17:14:21,Merci beaucoup !,2021-01-12 22:23:26
gp:AOqpTOH1bDQdIhrtC9v7I0KryiQH3xQV8doOy1YiAm81LTACEUxl6zHe_a1Ll9lJzVOjG13y4NsIuH23e7urXQ,Chris David,https://play-lh.googleusercontent.com/a-/AOh14Gjyf2LCSxsEErWi9iIChKSrDSksQLqbw7BQErf-MQ,Absolutely the best photographers app available. The developer works hard to get this right every time. It is a marvellous app from a fantastic developer.,5,4,1.7.1.2,2021-01-02 14:27:59,Thank you very much Chris!,2021-01-03 00:02:35
gp:AOqpTOED4EmhEto1RPHckUdb4R_783JoxgiEvZgIB5LIz34fPGw1mENQydypMsIJ8WPhlEfGPsOgV57kRqh2aA,Miles Thorne,https://play-lh.googleusercontent.com/a-/AOh14Gh4hkzJmr4rIGOx1fRSzyI3HdrF0nxMog21PjQ6Gw,No option for my Camera.. Canon RP which is a well known and popular camera. Why isn't it an option?,2,5,1.7.1.2,2020-12-29 02:42:00,"Hello Miles, I'll add it in the next update. You also have the possibility to add it yourself in the application if you want.",2020-12-29 03:53:51
gp:AOqpTOHvZZMY-JhdbV538eDnvQqfHmQOc_zLDb4mAju89XkldeHiZF9mj4-7o75x84PCosHZiZtZ3mJS35HEPQ,John Langley,https://play-lh.googleusercontent.com/-IyD-zxKKG7s/AAAAAAAAAAI/AAAAAAAAAzo/AMZuuck59m3miAcdtL6LhDxwB9DT_X8DrA/photo.jpg,"Fantastic There is a small learning curve, but is invaluable in many situations.",5,1,1.7.1.1,2020-12-14 05:38:02,Thank you very much John!,2020-12-14 05:56:58
gp:AOqpTOFTNfZbKLhMwdIcbRginMwq2kEhtW5B6QkEA5ZLozan3_E5iLoy1oWniig7p8gJb6Zgvy_Aia7j7bSUXg,Kevin Richardson,https://play-lh.googleusercontent.com/a-/AOh14GiUx8w_S1KFeGHdakGZy4v4H4qunnMT4Q9rp3Bq7wo,This app was great before but with the new updates recently it's truly amazing.,5,2,1.7.1.1,2020-11-27 05:40:44,Thank you very much Kevin!,2020-11-27 06:57:39
gp:AOqpTOGtGcwCk9rAVDK6HijtZ5QNl5WQ7DSiyx8BWgXIXr2K8rEt6oQQvynDn7mJug-f1mF3VqDy0uCqDunkHQ,Debasis Goswami,https://play-lh.googleusercontent.com/a-/AOh14GiNkrXd4lUFtidtLkXzUx0-1ClmEIZtQE78Ny7euw,Decent app. Paid for because useful. I will give 5 star ⭐ if the developer adds more lenses. Database doesn't have many equipments.,4,1,1.6.0.2,2020-09-30 05:18:59,"Thank you Debasis!

You have the possibility to enrich the database of lenses yourself (+ icon). This reduces the size of the database, since the user only adds those he uses.",2020-09-30 05:26:20
gp:AOqpTOGwTUJrOQ2MwmOzaY42g0GYnJAB7hN7JzyAaldBH-4RJJLxdplm0-0rTLAU_8JlSFe3RwmRbmYpwiqHZA,Paul Greco,https://play-lh.googleusercontent.com/-ZgiiAsHFD7I/AAAAAAAAAAI/AAAAAAAAAAA/AMZuucnr27XTPBBIy3jA_p3-S7HuR23RFg/photo.jpg,"This is like a Swiss army knife for photography. Great app with all sorts of useful tools built in such as a bubble level, flashlight as well as a planner to track the sun & moon with golden-hour, twilight etc. This is for the Pro-Version. There are some better focused apps for certain items however this as a great all in one app.",5,4,1.6.0.2,2020-09-09 12:07:36,Thank you very much Paul!,2020-09-09 12:19:05
gp:AOqpTOH1mJO9rnl9ixdxExfX9wIn0quxcTEBzhl1PbzASDmPReQGC2mT-nCfzfh_YKC6_fGy52sAWBagKMTpJw,MAC *,https://play-lh.googleusercontent.com/a-/AOh14GhCdJf_JadA-JZ3ROzwfmoQjscWiD9l_TSqB24m,Great app! Constantly upgraded.,5,0,1.6,2020-09-02 12:14:35,Thank you very much Miguel!,2020-09-02 23:59:05
gp:AOqpTOFdxuw3-ZdDV2Glre2W10sSucpqBf0WzlOLI7vZ1HSiuwRKIP-ox_EOFvjX6PamyGttYd1wOd14U8gQ4w,Ben Underwood,https://play-lh.googleusercontent.com/a-/AOh14GgxrMCYHmcf_b1wgHaidLY2gpy1wMp3xW7V5ch-aA,Love the app but new update removed all my stored lenses and no longer has a list meaning I'll have to input the information manually,2,0,1.6,2020-09-01 13:55:47,"Don't worry, it's a bug of the latest version. The fix is ​​now available on Google play, you will find all your lenses and will not have to re-enter anything by hand. Sorry for the inconvenience.",2020-09-02 09:58:15
gp:AOqpTOHpMa7KSMcDoEJgh9em9M8UYlObEPS9VUWJKliKeycGdgUZgWpz9uvtAvJEN0bb10-l7Lbb-58OviaO6g,Mark Bennetts,https://play-lh.googleusercontent.com/a-/AOh14Gjjm4EfCLP8f3xGs8cYd_LyMl92wKTyBdBAq6HxTw,Excellent companion app for any budding photographer. I'm a bit confused by the latest update regarding lens setup and selection though and the help pages haven't been updated yet,4,0,1.6,2020-08-31 05:07:22,"Thank you Mark!

The fix is ​​now available on Google play.",2020-09-02 09:59:12
gp:AOqpTOGx9UBYWlEC3I5ef4SyQnGWEE_1ptTzM15cdundQey-1CcMjhc552h4YvPu0CfVgtN5xL9EB0n1GiNzIQ,Alexander V,https://play-lh.googleusercontent.com/a-/AOh14GhPWoI_3pheJAXVhvvxLq0blh8uevA1BuaLxl9OV4E,"Fantastic app. Especially great for film photography, really worth upgrading to the Pro version. One of the best light meters around too!",5,1,1.5.0.2,2020-08-21 04:06:24,Thank you very much Alexander!,2020-08-21 04:38:41
gp:AOqpTOHXLo13U_OSemjjHp5Khx374Ii3rs0f6M2jhff45WjxCw9PKZlOeGfW-UMqvWqjUBX1H_-hKB7zA3kz9Q,A Google user,https://play-lh.googleusercontent.com/EGemoI2NTXmTsBVtJqk8jxF9rh8ApRWfsIMQSt2uE4OcpQqbFu7f7NbTK05lx80nuSijCz7sc3a277R67g,Bought the pro version after trying the free one. Very useful companion app to have with you whilst setting up photos. Using manual exposures more nowadays so this app is particularly helpful. This app is well maintained by the developer. Very pleased!,5,15,1.5.0.1,2020-08-04 06:07:40,,
gp:AOqpTOHF_-DgDx2NIfpiSSQPGkGiFUwAt9pLdXRxeNrPJlmncD-8ufI6BX52orMcJcCWKDSI8J1Ze7Fc-lqmAA,Nenad Kovljen,https://play-lh.googleusercontent.com/a-/AOh14Ghv2yjsre-LWIJP03QaCo-mYHzikDXxlEi08IdJ,"Excellent app. I'm using pro version. Only one remark, shouldn't lines intersect at right angle 90° (deg) for photography compositions like triangle1 and triangle2. Should check others as well. Great developer support, bug fixed in record time!",5,9,1.5.0.1,2020-08-02 09:26:30,"Thanks Nenad for your support.

Unless my square is faulty, the angle is indeed 90 °. Could you send me a screenshot by email (stefsoftware@gmail.com)?",2020-07-30 22:04:43
gp:AOqpTOFNILrqlotpfS0ghqsDOkOJDfaAKfzLW6tE9UDAmhH_Yjbof8ZcNFO2jQl51L7FjW84f-LheLaCVDZBHw,Quintin Cloud,https://play-lh.googleusercontent.com/a-/AOh14GjWgYa-7Y0gZXaVT0Cujb3m7G7aKnuTLDFaY0S7,"Excellent software all your photo needs, and also very helpful for setting up your camera shots that you may not know what the setting need to be. WELL DONE !!!!",5,5,1.4.17,2020-07-15 07:09:03,Thank you very much!,2020-07-15 07:35:10
gp:AOqpTOHgmK8UTe6oiHHDXBmc0P7J6XbEOFR32WAO72GzJDmbPCEX-YxB3-TQyuVuZlXovfSVtDZ5KtvcKlI3Yw,Lee G,https://play-lh.googleusercontent.com/--XN7LhsKp30/AAAAAAAAAAI/AAAAAAAAAAA/AMZuuclTjlVtLgtPkrY5PRyfh2cXAgznSQ/photo.jpg,"Gone through the app and it looks like it will be very useful to me. I originally gave a low rating only because I couldn't install it on second device. However, once I restarted both devices, I did get it installed on second device without paying again.",5,9,1.4.17,2020-06-19 09:43:16,Thank you very much!,2020-06-19 09:45:24
gp:AOqpTOHF8J-FmxOsjsghdYV0Es7BiSekQYbOfdvemI4yrbiKpAj8Rkf98YGgHZPc_YEMfyLii3njvd7KJni3-g,J A,https://play-lh.googleusercontent.com/-bG-qqua3Jqo/AAAAAAAAAAI/AAAAAAAAAAA/AMZuucnGxbVAKysNM-WRFqlM6ZXOZ8ek5Q/photo.jpg,Not seeing many medium formats in the list and when you add your own camera it doesn't allow you to input accurate low shutter speed time options (some camera go to 60mins!) You just have to enter a shutter speed faster than 80seconds. That should be fixed.,4,5,1.4.17,2020-06-11 08:51:28,"Hello,
I don't understand what you're missing when you create a new camera. You enter the shutter speed range (e.g. 30 s to 1/4000 s).

Could you contact me by email (stefsoftware@gmail.com) to detail your problem?
Thanks.",2020-06-11 03:48:48
gp:AOqpTOEPfJgbc0KA1EowocrZOQfGjA6SJiYRRj5s2IBhJ7n5KhnwuekS5fItd8ggYs9jD1My3-hs8OiK8T_6vA,Thomas Werts,https://play-lh.googleusercontent.com/a-/AOh14GjoUgBLYf8DnldKXVn9SEFKwAPHlQ7vioSNXfeKsso,Hands down the best photo app I've found. It's full useful information. I couldn't imagine shooting out in the field without it,5,4,1.4.17,2020-06-04 06:40:21,Thank you very much Thomas!,2020-06-04 06:47:18
gp:AOqpTOGhjz6-59N1nUbdLWvFAoabAEOQnc-hEHX8Pn6pFeWhZhnmHn6JTG5UX_u8ti7GeA0RN3EOAH534lr-uQ,Nishanth Reddy Julakanti,https://play-lh.googleusercontent.com/a-/AOh14GjPLIKDmn__ChOB7sWggoYrXgD-PGfEas6jPSjDeg,Will be greatful if UI is updated.,5,0,1.4.17,2020-05-20 11:24:49,Thank you very much!,2020-05-20 11:34:44
gp:AOqpTOFnqp1xTpHLpK67ceQz181qhrV2bwgh3Aut2doGKb7zudKjRa-63_McCY1M1mEZidaRb6NIXCm6Ry1fHw,inga n,https://play-lh.googleusercontent.com/-WlrnQgHHTFQ/AAAAAAAAAAI/AAAAAAAAB1g/AMZuucm7thEdKq6xLpJPN1H8argfu979JA/photo.jpg,Fantastic tool.,5,0,1.4.15.1,2020-04-26 10:43:53,Thank you very much Inga!,2020-04-26 10:50:45
gp:AOqpTOEXlP0Q2wdivRxPaVC69WC2oKUUTYAF4xZYBrNelvZ14BtICKMSZIbvd2enPRGBHijItdPaXFwz0vObgA,Stewart Marston,https://play-lh.googleusercontent.com/-PAgIgYi8r-E/AAAAAAAAAAI/AAAAAAAAAAA/AMZuucl9VzRqQUojdSB3YOZXiLgr7MhYUw/photo.jpg,Has been a useful tool. I use it most for golden hours. Very supportive develpoers well versed in math. Well done devs!,5,4,1.4.14,2020-04-07 03:38:25,Thank you very much Stewart!,2020-04-07 04:43:43
gp:AOqpTOHh-Nkwy1gfRGQFjIx5k1-nJ9J8m0m4cCEBhA9nkZLcIzCnU0wbJtY8hs0JbVgMWXeI8i_4LZxR2kT4qA,Kurt Koole,https://play-lh.googleusercontent.com/a-/AOh14GgPCwZ5ImTbCbdYmUg35AyTyj8if9h-VGdab80qU2g,"Really handy app! Well worth the €2. If there's something you can't figure out or like to know more, there's even a help page to describe all the functions. Now how many apps in the play store have that! I've been a casual photographer for almost 2 decades but it's still nice to have a quick reference like this in stead of trying things in the field. You'll know what I mean once your trying to get the perfect moon shot (or any other shot) when suddenly the weather changes!!",5,1,,2020-03-03 01:52:06,Thank you very much Kurt!,2020-03-03 02:35:05
gp:AOqpTOE2L5VkRXlMG7Z62Lau8Bj9GJ_zhT81QB0hkwS9ExhtoZNWx2PDeVd44Ljd7PnWWbgG4kQExJ3A8IctBQ,Jeffrey Nelson,https://play-lh.googleusercontent.com/-YddiG0FXLmY/AAAAAAAAAAI/AAAAAAAAAAA/AMZuuclA4zNA-qCeYtsldva0eAzp04DKSw/photo.jpg,Feed back and help is provided. Still need to complete my assignment project with the help provided. Thank you.,5,0,1.4.12,2020-03-01 04:57:07,Thank you very much Jeffrey!,2020-03-01 05:21:54
gp:AOqpTOGdlBXGCKbzvSA9NKdN44etgvjUzjqzrn3MOEh_CqXzcX9w7_OfJaaMrMIh01ZWoIDJrbPc-VUJCJIQIA,Martin Dechev,https://play-lh.googleusercontent.com/a-/AOh14GjnzLgWuvxnn9OEYirC_d5u-uq-LqTLnRl2OxtB8TQ,Best spend $$$,5,0,1.4.12,2020-02-21 22:33:08,Thank you very much Martin!,2020-02-21 23:16:14
gp:AOqpTOFAP85Cz2a1h_ItcIKVjDKjyF7nnDJF2qM8_evPSCxOsrvrGT47hwsdfWSMIqY-eDpxL4k7yeCCrk8Pzg,Carlos André Viana,https://play-lh.googleusercontent.com/a-/AOh14Gg2OlGqbg1YvEytbS5NTD22G7MbcuYXdLfXmgsIsQ,Amazing app. Does everything I need. Everything works five stars!,5,3,1.4.12,2020-02-19 07:42:04,"Thank you very much Carlos!

Thanks for the information on character limitation for lenses.
I have corrected and it will be available in the next version.",2020-02-19 07:37:47
gp:AOqpTOF-z3KMXJrnj3MKNYM1MgcddgL5WO-7vQggyWqxrOYAzVcXXMD__H9xSx8AkVyL2QJMYHs3n55YIsix6A,Nik Urquhart,https://play-lh.googleusercontent.com/-XL4hGXLRjmk/AAAAAAAAAAI/AAAAAAAAAAA/AMZuuckzll1QYZm9zeF_WkD3E8bHM1sD5g/photo.jpg,Awesome app...any chance of doing settings for lightning triggers? I know big ask lol,5,0,1.4.11,2020-02-12 17:41:09,,
gp:AOqpTOHCRbFtJjGILXkHu8_W2eNyyCWUTM6azpIwqAIyyBn5iXubfug8BaczTvHs0zEwHpCa4cRens-RSlOwTg,Jay Bowles,https://play-lh.googleusercontent.com/a-/AOh14GhEdECAK4uftG-1Th3vsOs5YOi41l5_czmwpUU2LQ,Very useful tool just let down a bit by the dated ui,4,1,1.4.11,2020-02-10 11:22:44,"Thanks Jay!

When I finish porting to iOS, I start to rejuvenate the interface ;-)",2020-02-11 23:29:59
gp:AOqpTOG6qEoS2DPW00iq3c5ZHgP_YjiYDMKykWlN2jQxuI21q7RXsgmNY8eEy3nTc8Lnhvg3z9qGFHaTVmEawg,Glen Barrington,https://play-lh.googleusercontent.com/a-/AOh14GgqZgOn0WZMMPvfaxVLr_UCIuR65xgtEI0MaRuSVw,"I really like the DOF calculation and the flash photography calcs. It allows you to enter cameras and lenses not already in the database (and you will probably have to do that. But fortunately, it's easy to do. It came with the Olympus lenses of the DSLR 14 - 54 and the m43s 12-40 f/2.8, I had to enter all my other lenses, including my small fleet of Canon FL legacy lenses. It had all the Oly cameras I needed, but lacked the E-M5 III, again, easy to add. To avoid wading through the camera and lens database, the program allows you to identify up to 3 cameras and 6 lenses as favorites, making switching between the favorites fast and easy. For me, the biggest negative was the web-based help screens. They oddly, I thought, gave you lots of pretty good background information, but I thought were a little skimpy on immediate instructions on why and how to use the tools. I've got a lot of years in photography, including formal USAF training, so for me, it wasn't a significant problem. But for Newbies, I think the instructions might be a bit confusing. Well worth the $1.99 I spent on it.",5,2,1.4.9.4,2020-01-23 12:12:04,"Thank you very much Glen for this very detailed comment.
I've noted the improvements that you indicate and I'll see how to do it.",2020-01-23 14:13:01
gp:AOqpTOFJJ627EtUxspeoWdUTNCpp3a_bizQu_twe5mqXNaG56cdD8AK5uzHYUC5FePWHMqrlJ3OyKFi4Y5oFrQ,ANDREW WALKER,https://play-lh.googleusercontent.com/a-/AOh14GgCF4QtUVjoWSWO3OliRZ9-oVsfwTvwlOuo_gIARQ,Nice app a lot of good features would be better if you could add the new Olympus EM5 iii and all the missing Olympus lenses thanks,5,1,1.4.9.4,2020-01-22 06:44:48,"Thank you very much Andrew!

I add the EM5 III in the next version and will see to get the Olympus lenses data.",2020-01-22 07:01:16
gp:AOqpTOGXEJuVLjkyGWZAuQjY9whmgzLep8jT0txM9JOJmfbuSXJ31DfKAPwtYbR1uwzKisA2rhlSRlKk4hTJUA,Allan Fullilove,https://play-lh.googleusercontent.com/-pmFytvwnI1I/AAAAAAAAAAI/AAAAAAAAAAA/AMZuucmvzd6dNdIvstvUFqnADvsW7yVYUQ/photo.jpg,This is by far the second best thing I got after my camera. If your new to photography as me it's a amazing tool for help. I'm still learning. But a great App. Thanks to the developer for helping us new starters,5,10,1.4.9.3,2020-01-07 19:46:55,Thank you very much Allan!,2020-01-07 21:58:53
gp:AOqpTOG-oS0CeNXqOgTYs-V_DO67ZAzhCKiiekiNtgtg1xjpjB4TChpKatJlp06cdDsoLZPoEQ1EF-W820DQfw,Carmelo Grajales,https://play-lh.googleusercontent.com/a-/AOh14GgSqvBrwnHsbI_3aMLlfMqYBlkdRTbhSP0Agykdbw,"This is an update on my earlier review. It's taken a few more days to figure the app out. The reflected light (camera) feature is where I was getting permission errors. But my Galaxy S9 has a light sensor and that feature is designed for cameras that don't have one. Everything is working, the calibration feature a plus. I'm still on the learning curb. The app has a lot to offer and will be using it often. Video tutorials would be a plus for an app with this level of depth.",3,6,1.4.9.2,2019-12-25 20:05:57,"Can you contact me by email? It will be easier to solve your problem.

stefsoftware@gmail.com

Make me a screenshot of the message and permissions of the app.
Thanks.",2019-12-23 22:06:24
gp:AOqpTOFwEHljkB-giRk0S9nuocdzLQnwkeKG3uvFQRnjO7eyPN324Uk5lI3T_lzyYWvBd3oK5_SrIKMDz6yS5w,Cole Weller,https://play-lh.googleusercontent.com/a-/AOh14Gjbyna85BftSOSPSLsj2b031g6U5KCkrdJzgYFB5Tk,"Tons of useful information and tools, but it's a UX dinosaur! I recommend the pro version, support your devs :)",5,4,1.4.9,2019-11-15 12:42:06,Thank you very much Cole!,2019-11-16 00:24:02
gp:AOqpTOHYtDeR63FXT32VwveWp_s-mh7W770jBQ91-u1oLpEYJQhnBGIpAUiQdLfJxakBYMM31ZgDVjzWNt7JYw,Terence Quinn,https://play-lh.googleusercontent.com/a-/AOh14GhFS1YqtNLt5FP18x0yMV8D_Df0O2ADBgEIIsLv,Far too difficult,1,0,,2019-11-08 03:30:06,"I'm sorry you found it too difficult, it requires photography basics to successfully exit the manual mode of the camera.
Have you visited the help pages?",2019-11-08 03:52:47
gp:AOqpTOG2R4n5-K2j-_J5LDmky96Qjboh5oOrCvi9cmb-iBxqWrAG7yafoAq4ABNJ-utfi4me0IOr4Ax79kzz9w,Linda G. Richard,https://play-lh.googleusercontent.com/a-/AOh14GhdB4tPovmjnq-SZy5jIz5xbh4R0Z7y-cLFPTPE4XI,"Incredibly awesome app! The price can't be beat, it's well worth it! It enables your phone camera to be almost like a stand-alone camera. Love it!",5,3,1.4.8.2,2019-10-23 14:37:25,Thank you very much Linda!,2019-10-24 00:42:12
gp:AOqpTOFpZ2w0E6xStXjMCoEPvO9jCHNTIR7OE0YwLC_gzJbr8oJkK0RQ534RLtOuXNVIUtwOVZxHK2YFoxCujA,Dave Thawley,https://play-lh.googleusercontent.com/-TJzBJpeI2tc/AAAAAAAAAAI/AAAAAAAAAAA/AMZuucnCm1xsVBDzg3ytlGu0hik-WWaeFA/photo.jpg,What a fantastic App. I used the free version which was so great I decided to buy the full version to say thanks to the dev. This version is even better. Really great work. Best App I have :),5,12,1.4.8.2,2019-10-12 16:28:24,Thank you very much Dave!,2019-10-13 00:53:55
gp:AOqpTOFQjRrQc2kR9qhK0CoiWTwAjlkv3nsbJNlTQrXV3Dn6d0GGHuzTBYgHj_rg9U2IWqvwSwFu-YvfqyDIMw,Michael Zingerman,https://play-lh.googleusercontent.com/a-/AOh14GiH41Xf9wyc4oFga7uHb8Xd0ASPIm8QSNqBsXpRjQ,Ok sorry about the confusion sorted it out no adds thanks for your quick reply,5,2,1.4.8,2019-09-13 11:55:37,"Hello Mikey,
2 people have already said this case a few months ago. The 2 versions are independent (not same version number) and the version Pro doesn't include the advertising module. There must be a bug on the Android side that launches the free version instead of the pro when both are installed.
The solution is to uninstall the free version.",2019-09-13 09:13:40
gp:AOqpTOFv1-QcCnwOkSHuBnLEeDpqrbLsrwTRiFsXpz8e3rsoMLVqeMzrXIvnfeBhFGF40z977kwqReDq3i4I8w,Kj Rasyid,https://play-lh.googleusercontent.com/a-/AOh14GhUKc9LiTMbyLHfv-AyEINoOGj3S34oFbn0eIab4Q,Please update the latest Panasonic camera list and lenses too. Not complete. Thx.,4,0,1.4.7.4,2019-09-08 17:00:35,"Thanks !

It's difficult for me to have all the devices of users up to date (digital, film, drones, ...) and many users prefer to add themselves what they need.
So I added the possibility of being able to seize the missing models yourself.

Please, can you send me an email with the models you want me to add in the next version?",2019-09-08 23:16:48
gp:AOqpTOFKyJPv1qtTPjwaQklycLpZmnlLYpPmzaXTgbyMvr4soYh__zsQD1bjDYXPjAa5tjdHbF42MfmwMwUiOQ,Nick Tiamaros,https://play-lh.googleusercontent.com/a-/AOh14Gj7986MCC3Xwqdcnd68Y2VMGycIy3Rjld8VZOllHA,Great tool for everyone intrested in photography!,5,1,1.4.7.4,2019-09-05 16:59:29,Thank you very much Nick!,2019-09-05 21:43:46
gp:AOqpTOGIGVYSX2tdQ8MWUAwp2Eei07X9GnNerxYt7NO1fezK7C_4d2wSdBrxQHofj2ODEtJsyMIA_TLSqlV_Ug,Robert Lynch,https://play-lh.googleusercontent.com/-mWtkYXAxWiI/AAAAAAAAAAI/AAAAAAAAAAA/AMZuucmklTIjmh9jt1Q-iqgZVOMHDJaAvA/photo.jpg,Handy,5,1,1.3.3.4,2019-08-27 14:52:15,Thanks Robert!,2019-08-27 23:59:34
gp:AOqpTOGZY7qcJFXbTbCPDEA3m8zN9pkTTOOK9Jb_MVjzlXatkbiivlMnKv4d4Gr0D8Bny6k8FkTBQ5bdP7KhLA,Dennis Peterson,https://play-lh.googleusercontent.com/-jKJWIk3zv_Q/AAAAAAAAAAI/AAAAAAAAAAA/AMZuuclQ4n6xIemPFRC1rck_5OwbUMSxzw/photo.jpg,Fantastic.,5,0,1.4.7.4,2019-08-24 16:59:42,Thank you very much Dennis!,2019-08-24 23:53:47
gp:AOqpTOHipkhX6azuKUW2xhv_xmR1vbh0ToUX1KFsGKqsKu1lly4E9YutWv4p5IqGWbaPRkBJjhhqer80aQJbKg,Ivan Bilonozhko,https://play-lh.googleusercontent.com/a-/AOh14GgTCW5cANEu3FpkNZl-xOLzCLTqttP8JdAA7kDd,Nice app 👍.,5,0,1.4.7.4,2019-08-20 08:10:55,Thank you very much Ivan!,2019-08-20 23:41:07
gp:AOqpTOF_ay7GppxS_bRRrPwXCHIIiSN7G-VkuHK12zARzrIlRPU05T9DTGr5MTDcbeAni-xHJmgTnsG878mpyQ,Gerard McLellan,https://play-lh.googleusercontent.com/a-/AOh14GhjrV_gu4S2-lqiDMLQsnCFdb0rmEg3M08ezvPehw,"Being new to taking photo's with Nikon D5500, this app helps a lot. Thank you",4,1,1.4.7.3,2019-08-20 01:27:51,Thanks Gerard!,2019-08-20 01:34:25
gp:AOqpTOEW6NLhiLGQ783S_Xe0r8kIb2govgzev34abqp9c05RswdTx4tcGvGB0s_Kpo0Wg-ZcHUwOnr8Q9PViHw,G Coates,https://play-lh.googleusercontent.com/-KY3OrkA0QnQ/AAAAAAAAAAI/AAAAAAAAAAA/AMZuuckK4qHd1DShCxHwwxGRFODn0dAI0g/photo.jpg,"I have used the freebie version for a while but just upgraded to the PRO version. A few, very useful additional features No ads Support the developers Kudos - this is a fantastic app.",5,8,1.4.7.2,2019-08-10 04:30:07,Thank you very much!,2019-08-10 08:50:37
gp:AOqpTOE27Uk7tdN8vmyXJLNiHaswyVm_WXajNEFVNcTnG0tA7155lnAbsdKQWzh2wtquzZtg-nNC5i86hcllPQ,Kris Sanchez,https://play-lh.googleusercontent.com/a-/AOh14Gj0WnezuAFz7I1DmKgFGszoB7A5eRU0bhbHoSVm8Q,I can't begin to express how much I love this app.  So detailed and feature rich. It was exactly what I was looking for and more.  Definitely worth going to the Pro Version.  My favorite app of all time.,5,4,1.4.7.2,2019-08-09 08:12:41,Thank you very much Kris!,2019-08-09 08:37:16
gp:AOqpTOHf-RMkd7pIXUo1qJGFn8eKpFpHaNbT5vD9Zmoxp3La77jCI-KSwQgAoGduiWIUF80uBmq_XofhMbMiig,Stefan Lekic,https://play-lh.googleusercontent.com/-zcpWI4m4i40/AAAAAAAAAAI/AAAAAAAAASE/AMZuuclD0pUR5Wn3vjwRaHU2KDMrh_bxJQ/photo.jpg,"Tons of tools, intuitive interface, ability to add custom sensor/film sizes. 5/5, fantastic.",5,5,1.4.7.1,2019-07-20 16:36:10,Thank you very much Stefan!,2019-07-21 02:28:33
gp:AOqpTOFLN4CHThp73pZ8JoalEks1MrIoU09qVQLCNi58wZSMMk5RnG6MGrUIqvpCrqKN_Pem8jHDU3e_m1u8qQ,Harold Davies,https://play-lh.googleusercontent.com/-yryKpB2XZ-I/AAAAAAAAAAI/AAAAAAAAAAA/AMZuuckpWsW_ABoT1xE9S-GZ8LcV9QMHCA/photo.jpg,great,4,0,1.4.5,2019-06-25 19:35:48,,
gp:AOqpTOGk6P7Ah_C8uRcQ-xZ2BUv_jD5DThVeKvL_G5WJCE8i6sZUMT-66oqJ1d7WR-wF07N0ymxfm6eccumvzQ,Doug M,https://play-lh.googleusercontent.com/a-/AOh14GjFEyjFFEqlRgJ6xbsv16LvsbpoNGxWsDRdGWIK,"I purchased Photographer's Companion Pro for the dof feature, that in itself is worth the small amount I paid. After spending more time with the app I found so much other functionality that before I have also had to calculate manually. I give this 5 stars because of the intuitive interface and the richness of the functionality. I have a lot more to explore but I'm looking forward to it.",5,3,1.4.2,2019-05-14 18:10:44,Thanks Doug!,2019-05-14 23:05:54
gp:AOqpTOHi4WvGxLTa4MGCqDxcYuGwFOgLliHQnreHda6uA7haSZEWAiwK2HiHxTnQ21uusSXdlw434zlAT7lPWQ,soccer cat,https://play-lh.googleusercontent.com/a-/AOh14Gg0QO8FD8--ejVP--h1kBGP2GUB5ngRnCwWVoe-,Excellent app for amateur photographers. Pleasantly surprised at the amount of information it contains and being able to set it up for your particular camera is great feature. The English could use some minor tweaking here and there but otherwise well worth purchasing.,5,5,1.4.2,2019-05-05 01:34:08,,
gp:AOqpTOEUiRTdrziO3koGeVxhP4ujnf3FbgKyF9lR7lY-Br9A8pWSH-_QFBSQoK7MPK2MAc0n8MEINVxMDYrZfg,Darryl Downie,https://play-lh.googleusercontent.com/-wu_DRp1UbDI/AAAAAAAAAAI/AAAAAAAAAAA/AMZuuckJZxAtrxlRDQz-px5mpxp03NdKug/photo.jpg,"Already a great comprehensive photography assistant app, it only gets better because the developer is constantly tweaking and adding features. You can tell that the dev is an avid photography fan, and he takes feedback from users on board to improve where possible. 5 stars for me!",5,10,1.4.2,2019-04-30 16:25:23,,
gp:AOqpTOEVHM1-Y3TlYEen1qVjoSBD8FJXO6V1aP0lcZjiAXPqYEz0z15eBkkOfCz7eXoTj3WSPGpdDAAnJvdSTg,Lee Lord,https://play-lh.googleusercontent.com/-4Cyq5fNdUjo/AAAAAAAAAAI/AAAAAAAAC2A/AMZuucnpdv7F24O2e40I4V8VfAgJaQWAJQ/photo.jpg,Outstanding app,5,0,1.4.1,2019-04-28 06:21:15,Thank you very much!,2019-04-28 23:51:57
gp:AOqpTOGqBS9GuKTx1eO9XgzzFPAaeNTXwcyogh_sQ1dWMQrJvua10UuoCuAyhYVldPx379bFFFeLOmxBQmqq6A,Muhammad Saleem,https://play-lh.googleusercontent.com/-Nn_rBm0natc/AAAAAAAAAAI/AAAAAAAAAAA/AMZuucmPPBalceVlkZ0xKXp38O-6hizITw/photo.jpg,I just bpught this app.. upgraded to pro version but aids are not removed from the app yet ... nor the app has upgraded to pro version... kindly resolve the issue ... thankx,3,8,1.4.0.4,2019-04-23 23:17:50,A user had a similar problem a few months ago. This was a problem when installing the Pro version from Google Play Store. It was enough to uninstall both versions and reinstall the Pro version.,2019-04-24 01:18:01
gp:AOqpTOFJlxQR6t5zoB10loPk3AoW8KcI5ctubTUvUiPa_5OKto_7p8J1skEzQe8Ti6Oz1wZ-rryac4_k5wNGNQ,Ravi Chandran,https://play-lh.googleusercontent.com/a-/AOh14GhDm-lBNKwbUXxRvl0_r4i4BhXyAs3K-bycUbdBnA,"Wonderful app for new photographers. Initially I downloaded unpaid version and as soon as exploring i switched to paid version. For reliability of measurements, I will review after testing.",5,1,1.4.0.4,2019-04-17 10:49:39,Thanks Ravi!,2019-04-17 23:03:50
gp:AOqpTOEppwyRAYBCgvqOpZVOGDaV2WRSBtMvmBdFvlgeJFTccWrsE40VbH6dj_A4turOsXRseKsRfNUDGnnzBg,Richard Nuttall,https://play-lh.googleusercontent.com/a-/AOh14Gi5IVSYyWXfc_RBsbAQ65juo-IAt8ecJ738MGvt,A very useful app frequently updated and gets better all the time,5,1,1.4.0.4,2019-04-17 10:47:06,Thanks Richard!,2019-04-17 23:03:44
gp:AOqpTOEQOQhfSLZsyLQK7bLO4XpWF3BE5uGzfP8duR3Gb3_71WCP4TDwJXxCaY6_mLdmi8wwHm1Ovyy4GO8K1g,Luiz Coutinho,https://play-lh.googleusercontent.com/a-/AOh14Gg5HOnio1IvVm0M3ljCl5DS2GK9eOLi8oS-f8zqgQ,very useful and very well done,5,0,1.4.0.3,2019-04-05 22:59:37,"Thanks, Luiz !",2019-04-06 00:06:15
gp:AOqpTOGArP0Dt45AOm2ZxssjDGogsgAS__YkmdeAwjM-6VQa6tkc90jXpdb5FY3rHznAYxWRZaYmpIUDxnMhXw,Gerald A,https://play-lh.googleusercontent.com/-JiYRu8n9V_8/AAAAAAAAAAI/AAAAAAAAAAA/AMZuucn5G3IK2RDrCKSuQ4FFhyWgw7U0Ag/photo.jpg,I highly recommend this brilliant for photographers,5,0,1.4.0.1,2019-03-31 10:57:01,,
gp:AOqpTOG1GTkVmUGyyEITuB8FoXJcb4-nRSYp7zCMzRxsZCDbgzw3o-CS6Za3MR2FGWndYXIP9EfJRft5Sba1gg,Bertrand Duchiron,https://play-lh.googleusercontent.com/-ccTtdOlaHDI/AAAAAAAAAAI/AAAAAAAAAAA/AMZuuclfGsZf9S_7irurBDhKZxCpo15M6Q/photo.jpg,A lot of useful tools for photographers,5,0,1.3.9.2,2019-01-20 12:26:38,,
gp:AOqpTOFeZyizbywsLJ3TcnN77AuvyUDFqD2NKO_LUGSOULY-EUKG4qeAdZ6Rgk1SXNUFLEDsvYe-4uKYbiYEiw,Ryan L,https://play-lh.googleusercontent.com/a-/AOh14Gi_qD8efolER2yinBSmo0j_H-BYcPZzsi0NMfaxWg8,I feel like I wasted $2 on this. This should be marketed to beginners and not the intermediate to pro shooter. The demonstration also are far inferior to a similar app I've seen made for IOS.,2,9,1.3.9.2,2019-01-18 11:41:51,,
gp:AOqpTOFi5XeHWWPV7QUlxYEntKYQUgY0tmGLoONzI2nZ0oWnJ_1UJ87WocHr_UDYASqW7fL1c7hc3PiWB0zg9A,Cyberpunk1945,https://play-lh.googleusercontent.com/a-/AOh14Gguf99f2TtnhtVGo07Y3Y1VO2GHGxlBmIfzk8906A,One of the best photography apps i have used.,5,6,1.3.9.1,2019-01-14 10:15:14,,
gp:AOqpTOGGmJ2NXKGGsoBM1KeIYWs_q9pzETOD5NhxFKJc2XsO5m-jA672R2Tv6yyhSCmf7xdSkwdYsuXcckFajg,Frank Fletcher,https://play-lh.googleusercontent.com/a-/AOh14GhjWVXzzzhwReBWdmdO8ikVa8IujIvI56JV6VBNlA,"This is pretty much a killer app for the the photographer. Pretty full-featured. The interface takes a while to get used to, but it's super powerful. I couldn't stand to be without it.",5,3,1.3.8.4,2018-12-23 23:44:05,,
gp:AOqpTOFU4IqzcNpq0jv5UjAgg3cA8lwg6gmmyxtnEtsjug-EV9Y3eAlb6LyLvC2N2EEiXEhfZMpWXZDJIllg7Q,Steve Jones,https://play-lh.googleusercontent.com/a-/AOh14GjzjTtRKlaOQ9_UGfqrB20B6ZJXCOX8hxweF9yBn8E,Has everything. Brilliant app.,5,2,1.3.8.4,2018-12-22 07:18:27,,
gp:AOqpTOFTkicBPC7HFnzYnTwTHGva9BSdvtjvPXb_Z2QcIH-XBvFoAi6LgO1zNI172tZ-8B32Bpys9DZRev0Vtg,Jean Lie,https://play-lh.googleusercontent.com/-JCHIDPSr6CQ/AAAAAAAAAAI/AAAAAAAAAAA/AMZuucl7Oz6j_gyCe-ugXAXzoFaGAvynvg/photo.jpg,Best photography app. All the essential tools in one app. Must have app for photography enthusiasts. Worth your every penny.,5,3,1.3.6.1,2018-10-22 11:11:00,,
gp:AOqpTOGE-X9U-Z30jBqZsxt_MhNgd4xnjgJuXWXOraEAwtbF9BjWpgULUZnHVELvzADtRotTiTXkrTNT5XrEjQ,A Google user,https://play-lh.googleusercontent.com/EGemoI2NTXmTsBVtJqk8jxF9rh8ApRWfsIMQSt2uE4OcpQqbFu7f7NbTK05lx80nuSijCz7sc3a277R67g,"Great job, very useful",4,2,1.3.6.1,2018-10-09 14:12:20,,
gp:AOqpTOFOJSuF4AUrdXm8pjbDcoW9y-62QDeOymQ2kn6B4PWfIV02U_oLO4L03TVQwXzridKL-ZgJQLzbshMlLw,James Green,https://play-lh.googleusercontent.com/a-/AOh14GiQQ7GTblkgasdPM5_S7l0lOXRLkPApPeQCmu5UKh0,An awful lot of to the point useful app for a small price.,5,0,1.3.5.1,2018-09-26 16:23:36,,
gp:AOqpTOFtJ5BBQIV6dz1AMy0gPCyNn3FCOsFXp57PJscMslLXC7CrEMh9v4bmbCVC_IWxY6xKUfSGXSST9-8tSQ,John Orr,https://play-lh.googleusercontent.com/a-/AOh14GimmLmTyaLorroHooZ0vowhNgDuq4R_rkzWjXmuPA,"An excellent collection of useful photography tools, well presented, and well executed. I suspect that more experienced photographers will not get full use from this app, but it's a great set of tools for getting more familiar, and more creative, with a camera. The app is especially well designed and easy to use. If you don't mind ads, use the free version, but if you want rid of them, or just to give a thank you to the developer, buy the pro version.",5,8,1.3.3.4,2018-08-23 00:23:32,,
gp:AOqpTOHe16EZOzndnBpegTaUomIro5GJz7MFta8cU5zJB6ScxUpIljCUV9ldnK1oWOU0ZZ4z54vZ-wo_FEvCrw,Robert Pabijan,https://play-lh.googleusercontent.com/a-/AOh14GhQj_rLXDIf-gbsXp9yYAc1D_zo8xnJQv4dO6ljDw,Worth every penny. Well designed and executed applications,5,1,1.3.3.4,2018-08-19 04:19:10,,
gp:AOqpTOFdNJ4i0VejbVpon8-M1-zn76Lq7ETsyjRFw313L9tdrNqXLE8hMtVavJPj3d1VjfZAopRO_H8jZ1gQVA,Anthony Dowden,https://play-lh.googleusercontent.com/-pLqg8BuR5ms/AAAAAAAAAAI/AAAAAAAABtE/AMZuucm857gdvJnvcUqCIG54yHYmzHwLYQ/photo.jpg,Excellent app. Very useful and very professionally produced.,5,0,1.3.3.2,2018-07-27 07:28:06,,
gp:AOqpTOEetIZ4umH4kuRiuTHfjrvqiKN7Pc7vTds5G0FnosZo5IanpnGmJaKMmQVCKr27dHvNxtes9M4Lt_iV9g,Karthikbabu,https://play-lh.googleusercontent.com/a-/AOh14Gio2gafGx87irOeXn8CXtGWt5VLUOObkeq6Hdp0B6c,"Downloaded free version.....instantly got impressed. Didn't even think 
twice. Straightaway purchased pro version. Kudos.",5,2,1.3.2,2018-07-25 05:47:09,,
gp:AOqpTOFEAygHGBCro4LcBDrXY0p3gPUoCD30q5NJCPAiwP-EkYEP1PWA3QXh6tlOGdB_z01VDEIcENEx_UYeZA,Heinrich Capili,https://play-lh.googleusercontent.com/-orVtZFm_PJY/AAAAAAAAAAI/AAAAAAAAAAA/AMZuucmPkdC5KbSZ2LsZbY4wZAuxHo3oGQ/photo.jpg,Love it :),5,0,1.3.2,2018-07-20 18:10:15,,
gp:AOqpTOGmfnaaOsIn5_NQAtv4kuJfsB1dWhrWeX6MxgxjZKItvK_apjgNC1CNxqea6QC3s55naY1UuDlLWvEmQA,Liam Shanley,https://play-lh.googleusercontent.com/a-/AOh14Gg3egpLF1pkAH8B6bRVINRDqO2qP5lw775NzPKIFg,"Having used the free version for well over a year, the developer definitely 
deserves a little reward. It's so useful and I use the app nearly every 
time I have my camera out.",5,3,1.3.2,2018-07-12 16:26:57,"I take this comment to thank everyone who supports me. It's also thanks to your feedback and ideas for improvements that it lifes.
Thank you.

Je profite de ce commentaire pour remercier toutes les personnes qui me soutienne. C'est aussi grâce à vos retours et idées d'améliorations qu'elle vie.
Merci à vous.",2018-07-12 23:43:12
gp:AOqpTOFPcVmxuMVZuL1MxToi3b9mDCSdBVW8jZLQ-cJL7tck3-zWjbqPq-SekKtSTBR4L2L3LrNz2ATLKdWb-Q,Dann C. Shores,https://play-lh.googleusercontent.com/a-/AOh14GhmP0SxyD9nNbvhkcBJzGae4r7xz9kfYFxyAMEo9gY,"Having used the free version for awhile, I was more than happy to pay the 
small price for developer support. The information supplied with this is 
correct and so very quick. The explanation provided when you require help 
or information is precise and accurate. I've learned from just using this 
app. Every photographer can benefit from keeping this app always available. 
Well done!",5,2,1.3.0,2018-06-12 10:13:16,,
gp:AOqpTOEAZMV1dwqUomW-FvOXpbg9-sZczTrZFvPchdV_CsrQXvqSd9U1_1hQh1PpcEQX4ocZBg5vcudYz_wTdA,Cristi Neagu,https://play-lh.googleusercontent.com/a-/AOh14GiD4lAFrWDj482i2ZX60kf90G1nDPcOfWNaJvpyRg,"At a first glance, it needs more guide numbers for flashes. My flash is a 
58.",5,0,1.2.4,2018-05-01 05:15:36,"No problem, I'll increase that in the next version.",2018-05-02 12:37:22
gp:AOqpTOEtYytFRdTgSmgtFkWDtmvUoBcFRIK_FUmdiv0HPL1KQ7APHSnfJU542zxnW9AgkXwQMBtPuRrVRpbX_g,Chris Mcauliffe,https://play-lh.googleusercontent.com/-s8oWIQJ5nHE/AAAAAAAAAAI/AAAAAAAAAAA/AMZuucnN_IS8qCW9zxPbG7zGxCSSmYvY0g/photo.jpg,"Would have been a 5 star, but your missing an entry for a Nikon D800.",4,2,1.2.3,2018-04-20 07:32:41,"It's difficult to have all the cameras. It's for this reason that I put the possibility of being able to add it yourself (Button [+] Add a camera).
Look at the site ""Digital Camera Database"" for information.
It's worth one more star. ;)",2018-04-20 08:00:15
gp:AOqpTOEzGEVkn-bfHGUizp8L0qNaPUBGt5P3fOtVU5kDuMM3XXbKao_BNkDnlO1k-fBKJ6sxVT1pZvj35WmHGg,Aleksandar Boceski,https://play-lh.googleusercontent.com/-L0MjaZNiTf0/AAAAAAAAAAI/AAAAAAAAAAA/AMZuuclgPj2ItcRn29lmsY8Q_ZleNJ5IVw/photo.jpg,"Buy it. Even if you know everything.  It is precise, correct and handy.",5,1,1.2.2.1,2018-04-15 09:51:27,,
gp:AOqpTOHv3NWgOJhSc3lPblxl-myZQ_I8P8Gf_179_-h2cvqQOB7hepw5HHl6ND8L6mvTpKTgdXUCcfqdKWwCmw,Wallace Todd,https://play-lh.googleusercontent.com/a-/AOh14Gj1j9A-DZDOc0xhNnWxVGgxe3q_KUAEHBHfhoc5Kw,Nice app.  Good information.   Bought the Pro version in support of the developer.   Adding a page for the user to add links to favorite photo sites would be great.,5,2,1.2.2.1,2018-04-09 07:39:02,"Thank you for your support.
Can you detail me by email your idea of adding a page to put links?",2018-04-09 09:25:50
gp:AOqpTOFtvAZVZVvReyCFVfrDtqwlhC84ch0_ZxGzTHws00nzTn1imX1HVdFgp2BD3SISI1xd9EFsa-SoTQvxew,Jim Bailey,https://play-lh.googleusercontent.com/a-/AOh14GjMLER7U_FvsHR8TIfVmfmlPMHmJjNA75wkOX08Kg,5 star all the way. Tried out the free version and it was so great I just had to get the pro version. Thanks for this super app.,5,2,1.2.2,2018-04-06 11:34:49,,
gp:AOqpTOEO7-v0Vwp5Tu2lFuhtJ73yBXYkh8dWbmUHxCEVIDYZiY8gni0OAnMutfFE7LIAp9zZR-IzF-rr93-3Jg,Rick Fernandez,https://play-lh.googleusercontent.com/a-/AOh14GjoNAV5yiJBDimX_0LuEKtfJBWrIj2gWJyjx7g9,"I love this App!   This app has all that you need to learn to use your DSLR. My phone doesn't have a ambient light sensor,  so the light meter button doesn't work with my phone. Other than that,   I love that this App teaches you through the ""Help"" button.  I would love to see this App released in an Apple version, so I could also use it on my IPad Air! (Which does have an ALS)  Thanks for the App!",5,1,1.2.0,2018-03-15 10:19:24,,
gp:AOqpTOE24SMztak8wjDT5NLgyUZUdvdjdO8q9UU3KT8cMLEfenm0QKzQUlZRXIhfS8p0pzHH4gBaNGi_vN3aTw,R M,https://play-lh.googleusercontent.com/a-/AOh14GhYeaPmEzL4nXj9qkdZcV50upv-RqUuAqDsCfKxsA,Excellent,5,3,1.1.13,2018-01-29 06:28:10,,
