reviewId,userName,userImage,content,score,thumbsUpCount,reviewCreatedVersion,at,replyContent,repliedAt
gp:AOqpTOHRJfSbaPPl58KGe2SCkptfDZrHc9DeF44fhNKUEFqr-1ZVJQozYdebEKpzKEZRglslPHkShHQOZo9GZw,Aime,https://play-lh.googleusercontent.com/a-/AOh14Gi2_mPbmCgXW7o1JGknB8Z8hOxQJnB-KZPeEsnspQ,"Gosh, the story is incredible. Helped inspire me to make my own, both this and Brightridge. I love the game and gave been playing for a year with no major concerns. 10/10 would recommend but I dont have friends ;)",5,0,1.0,2021-02-03 03:59:23,,
gp:AOqpTOFHWY9UZ7k02FxLZAO3zmEno5ZP9k2CNVJPPAoYKleJl-NpNZO9b0IXFuYdtIuDMcvsITXgF6547uKdig,Rocketblades 109,https://play-lh.googleusercontent.com/a-/AOh14GiSdSUTXvxyYA8IW8k9wDipaupMcNHHgLf-s-h0,"Next thing that would help, just overall performance boost, I know that there's many graphical options to help with FPS but a bit more would help",4,0,,2021-01-21 06:07:24,,
gp:AOqpTOH4Nv8Ld5ntW8t3EcdRIv6WVnz9Twv_NDPOdvlAYYAHF-GxlE1qihuIr0QU4XD7EIDb1FJjgjie2N54_Q,Roger Ramthorn,https://play-lh.googleusercontent.com/-uFLdFfUJLfA/AAAAAAAAAAI/AAAAAAAAAAA/AMZuuckOZGE4HlJuBB9K5j66Z6A8Dtz4Hg/photo.jpg,"Beautiful open world with an interesting storyline throughout. Run around & simply explore fantastical landscapes at your leisure or dig into the story and complete dungeons earning shape-shifting abilities like flying through the sky as a bird or tearing through scenery as a fox or deer. If I had to complain I would say the combat is lacking, but I don't think combat was intended as the main focus of the game. This world was created by a huge team of 1, so I support & give props where due!",5,6,1.0,2021-01-10 08:56:25,,
gp:AOqpTOFb_ppHxfMJQagdU-b_HJq3GdLLU54zemWShAmXHK1BuCHs5POZh-dscoL63JbkQ7pSJwwPK8GSnC5BFg,white rabbit,https://play-lh.googleusercontent.com/a-/AOh14GhbkLvrGUFDhE3wOpbsAGIY87dnOIE7KZe8gO7I6g,Love it,4,0,1.0,2020-12-22 15:28:08,,
gp:AOqpTOHuA8omJkYo8l4YgwGT_MdJee8kodGaHvftrY0zYKtsCyueBvFjK6rOM27GuKGvAPYjnmEpWVwdAEjFTA,David Long,https://play-lh.googleusercontent.com/a-/AOh14GgDHt3vc4PpL2u_mTSI196RBvMkME9rUQoU3TOQ,"Awesome and a very generous graphical interface game. It is so far the less expensive 3D games I ever pay for. And I am very satisfied with this games. There is a small glitch with the controller a few times. For example during the fight sometimes the weapon controllers move from one side of the screen to the other side, but it is manageable. Keep up the good work.",5,9,1.0,2020-11-22 20:55:08,,
gp:AOqpTOHPSFRsvHZ3WryWfe-T9VO_tPAQH4fHNoVW-WBj70dzkK88Y83CS21EqX4QlXYxn5yV5pxL4zZ3BHYB9Q,Jacob Brown,https://play-lh.googleusercontent.com/-E1dcE3TvYZU/AAAAAAAAAAI/AAAAAAAAAAA/AMZuuclyrwc5pNu7KQixlP7Es-Q27ii3cg/photo.jpg,Great game well worth the time and money I spent on it!,5,0,1.0,2020-11-19 07:56:32,,
gp:AOqpTOGj5NCnV3v-CedrruYPKqez3qnisF2a0fj87u5g8LGA-zX7KARARUI2xhNwORl1tgPFxQXZKqKYHyZzYA,Jay Mark Paguinto,https://play-lh.googleusercontent.com/-MGC2fZp7H7c/AAAAAAAAAAI/AAAAAAAAAAA/AMZuucks-rMKrjttII8ZJbb1F9YN7BbU2A/photo.jpg,"Very good game the story is very unique, control are nice, graphics is good this game is incredible keep it up.",5,1,1.0,2020-11-15 13:30:27,,
gp:AOqpTOFw70vLgy3wur1ANbSyLkNFooVRMU6cMQU8fpgCEggz-zIO9rY32sivK9xqRn3pHnZ6Nh4rHwDooDWR5A,Andrew Grasso,https://play-lh.googleusercontent.com/a-/AOh14GhZcclaxdiqkAzqGvDcRaexe3KqVbjL5I1ER2r0wQ,"A very well put together game. After purchasing the first one, I had no idea a second one was available, and on sale. As always, I love what's presented and it's an absolute wonder how one person does all of this. My only gripe would be the jumping. It's like I have gunpowder in my shoes and I just blow into the air. Aside that, everything else is amazing. My controls (after editing the drag to look) are fine. I've been hearing of a new game in the works called ""Wilderless"". Very excited.",5,9,1.0,2020-11-13 01:36:17,,
gp:AOqpTOFYmOuuPp3fyCx2yk1honUZ2B0YJgvlevC8lSQosJHovYMzdk-BEEGLGlVXjv4_drN8pie_YVKGHSGEsQ,Michael Pollie,https://play-lh.googleusercontent.com/a-/AOh14Gj9-ji9zfFuaAu6Lt6mnDcdW-dZLfEfqYy7cthc1w,Great game. Can't wait to put some hours in on it.,5,0,1.0,2020-11-12 22:07:27,,
gp:AOqpTOEHMw2h53maw7oSxqkCbGPytBJD1xO_cWunCpGw7PQfbeXItIYPpS4oCvfsp4W0DD9XNDIwsdei7GKzEQ,noahhhi R,https://play-lh.googleusercontent.com/a-/AOh14GhaK3X0wsMCZCWLjEZ7U2EXBg9AbP8JVTMdohRj,Need 21:9 resolution support.,5,0,,2020-10-25 10:35:49,,
gp:AOqpTOFJBijrNy48vNlkEIUf_L5k8ojphuR8jgig1MhW3YtIqze-Ka66q6LaIgzqSK_O7P0aF3w71M7ldlyrrQ,Richard Huang,https://play-lh.googleusercontent.com/a-/AOh14GjzwYVff1sX5lNdekbRdcR1T-pBFfYLoFKM3dEirw,lag on my galaxy s20,1,0,1.0,2020-10-04 10:53:15,"I am really sorry about that Richard. I try to make my game run well on all devices but I am not a very good expert in Android and I admit it could be more optimized. If you want I can help you get a refund. Just email me, and even though it didn't;t work out I am glad you tried my game.",2020-10-04 10:38:13
gp:AOqpTOFkXUG4JUR5DQUBXXPdQ_4rVgyig4MGWj8tetC5Se8nMeLtFPWPR2ajzJLeB2eQ7tLiDSj8PuLf0jnv9g,Marcus Chambers,https://play-lh.googleusercontent.com/a-/AOh14Gjdm5nQ7b0DhYCmiJvjSpmhuqxBbgWXd-XpxCXOlCU,"I thank you for this game. When life got stressful, this was my go to game 👍 I hope more games like this come out in the future!",5,0,1.0,2020-09-25 14:13:07,"I love to hear that. These games have a bit of action but for the most part they are about nature and people, and they come from my passion to create natural virtual worlds and share them. I get this from playing Dungeons and Dragons as a kid:) Theres so much stress in life I think its nice to just explore and relax, and thanks for the 5 stars too!",2020-09-26 14:47:27
gp:AOqpTOHMCTuXU5bfid-yka0Na-VEcvGTTKMsNhy5lz6gjmZEN5Mixcm-2MZX4EWC90vTJjrUo_BP1Gn-LuBPXw,Wendy Benedict,https://play-lh.googleusercontent.com/a-/AOh14GgOSZNASDGhP_l2PKmYOe0rO6QZ04xFZaAn9jv5,"It's pretty but very slow and hard to control. Tapping through the text actually causes the character to move, eventually moving her away from the person she's talking to.",4,1,,2020-09-23 16:43:13,"I made a note of that for my new game Wilderless because im adding in characters soon and that tip will come in handy:) And thanks for 4 stars even though it wants all good, every star helps me reach more people and that helps me make better games, and just makes me feel good too which is never a bad ting:)",2020-09-26 14:50:13
gp:AOqpTOEc7CZatsY2_qypsNg5mq6menuXjiK1RyorMknN4n2gsSlfpOUFm3J4yYHxstFL6C9wNvd1DrLPuPks7g,Jodel Del Valle,https://play-lh.googleusercontent.com/-7cF64XasTXw/AAAAAAAAAAI/AAAAAAAAAAA/AMZuucmggIkxNJFTvaBP0MMURl1gb7hQUw/photo.jpg,I completed the game today on my birthday. I would given this game 10 stars if possible. This is an absolutely incredible game. I'm sure this is made of pure passion for game dev as I can feel the emotion of each character and story itself. How did you create this kind of masterpiece? Please give us tutorials. I have recommended this game to my friends as well. Thank you for creating this game!,5,7,1.0,2020-09-18 02:51:51,"Thanks Jodel, and Happy Birthday:) You are right, I am very passionate abut creating worlds and 5 star reviews and kind words help motivate me. I am working on some strong updates and expanding these worlds and it is support like yours that will help me do this. I hope you had a fun birthday and thanks again for this.",2020-09-18 10:57:28
gp:AOqpTOEWdY26uAnKRy5Y0fw5HLdX6wzzCEyMhpH7z8K2RwbE5jvaCRGNrTQWuoWgbISjSp1fZjn8Qk-ZVYYyUQ,colin,https://play-lh.googleusercontent.com/a-/AOh14Gg3zgZ1vgqm360-j2bmNKtRM7Nm-P5HegwMGwQ-v1w,Great game. Even though you now have resolution option right at the start. I still went into the setting and increased a lot of things right off the bat now that i learned from the last game. With a high end phone its pretty great with most of the setting at or near top. I cannot believe this is been out for a year now and i was going through my games and i found the first one. I remember you mentioned a second was in progress. So i searched and here it is. Im not far in yet but its great so fa,5,21,1.0,2020-09-11 19:56:39,"Thanks so much Colin:) Im figuring out how to update Vandgels even more, and working on my new game Wilderless too. There is so much to do and that's why it means so much to me to get 5 stars and support like this. It really does make a difference especially as a single developer. And Im glad you use the settings, that's what they're there for:)",2020-09-15 14:28:42
gp:AOqpTOFKUTz99bvRaNaP531cj_dBuoX0ksZsL0qzWjauY8ZS1M8ZAIHBz6_t7mSbreHnv1alXAs2ZWMDo3DTcg,Fareez Hakimi,https://play-lh.googleusercontent.com/a-/AOh14Gh8-Eu3AW7cGkTzLHf1b_-bsvPbO2zaFcd5s2k8gA,"Hypeeee, rush here from a post on Instagram... Been following your update on this game ever since brightridge, of course I needed some time to tweak with the graphic setting but I can't wait to immerse maself onto another masterpiece... Nice one Robert🤟🏻👍🏻",5,0,1.0,2020-09-10 22:01:50,"Thank you Fareez! Ive been working really hard on the new game, and figuring out how to update Vandgels and BrightRidge - its tricky because you can't rollback the games if something goes wrong in updating. But Im so glad you have both and that you said such nice things because game design is really hard, and I need that support and love it:)",2020-09-15 13:50:09
gp:AOqpTOEAiHVYcgC0TL8LXw-6-t_wW-3ochiEG2-D3NTMWBq8JKP0B32_LVSR_uAWKhV0uVN8-k_4j-mO1TmURQ,Kamal Ahmed,https://play-lh.googleusercontent.com/a-/AOh14Ggej3H9o8UUJbiWreGce40LyZb_HO-NmKC2WmUtDA,Camera movement was hard to control.,3,0,,2020-09-07 07:31:21,"I agree:) My new game Wilderless has better camera precisely because of helpful feedback like this. In Options-Controls turn on Use Touchpad Look - it will make the camera easier to control and not so wild. Im testing ways to safely update the game too, and this will be a big focus. Thanks for 3 stars even with issues, it supports me to do better:)",2020-09-15 14:31:31
gp:AOqpTOFqYREC_GPXbu1CcorLpimRzO1mfQ1y9YhVYlMgzbX_AjPXZbaKVh7kXdSLQg2XVOBrh-wYyM-MTpgcUg,devon Phefferkorn,https://play-lh.googleusercontent.com/-sGOCKz8XVF4/AAAAAAAAAAI/AAAAAAAAAFM/AMZuucmf0XNXPg_knYpFJ12qQVeD9WhpMw/photo.jpg,I love this game its worth the money I like the story and the the dungeon quests I also like that you can change form and change character a 5 star rate for this game,5,0,1.0,2020-08-20 16:08:17,"Thanks Devon:) Those 10 dungeon quests were the first things I built after the landscape and it was really challenging. I learned a lot and I hope my next dungeons are even better (my favourite is the underwater one with the whale). I love Shapechanging too, I think its a fun way to explore the world. Thanks for the 5 stars and your support.",2020-09-18 10:59:06
gp:AOqpTOErG4SKaxo2hDynJ0xhvmeeTUSJ4vti03iOPIZEgXKydmN35ftuShAUsMAGO3dVJHid9bi4WrXINDrkMA,Gerald Singh,https://play-lh.googleusercontent.com/-LcJxIz426so/AAAAAAAAAAI/AAAAAAAAAAA/AMZuucl7P6Oy90N5osuWoHHjJIXZMsmDXQ/photo.jpg,Nice graphics everything is beautiful.However I want to complain about something whenever I am playing the game when the snow storm comes the game glitches plz fix that plz Thank you,4,0,1.0,2020-08-15 02:56:22,,
gp:AOqpTOEwiF8jhpxfN1ETZjKgB6pJ3z2tpMK_SmXeNLKr2Phz98cKbtJk0_xUDXSryzUusNPs3WShJ7s3BFxiIg,Noah Blades,https://play-lh.googleusercontent.com/-DidQJ8zwJXk/AAAAAAAAAAI/AAAAAAAAAAA/AMZuuclppYK4FoKRjWjxecplE2Bax1YGrw/photo.jpg,"Amazing, didn't know you made a second game but I have to say I have just started and it looks as beautiful as the first. Looking forward to playing this and anything you make in the future. If there is any way to pay for the game I would be happy to",5,2,1.0,2020-08-14 22:08:29,,
gp:AOqpTOFReOOsk7DXpmjk0BvGlo2Td4gWCMfYNB-kFv4evTgCs1E9rQQCRsL35eHOOnqMLDCveH3RpZzWYEmU1g,Mark Kelly,https://play-lh.googleusercontent.com/-llKbtWDrnCM/AAAAAAAAAAI/AAAAAAAAAAA/AMZuucm6F7HC9vMdrtbfD8DNQU5_4zoxZg/photo.jpg,Only played Story Mode so far a decent 3/4 hour campaign with gorgeous visuals. Play ONLY if you are after a relaxing chill out game. A full on action-packed game with plenty of puzzles it is NOT. Just go after the chill factor!!,4,6,1.0,2020-08-02 04:57:01,The start is a lot slower than with BrightRIdge so Im glad you can appreciate the chill factor and that's good advice for potential players:) I appreciate the 4 stars too - every star counts and helps support me and my efforts to keep making games. Thanks for playing Mark and for the feedback.,2020-08-10 13:28:12
gp:AOqpTOF87FEF5YzMusD0z45_5Yr_z8kLc8ezr9iwiUHmLnjMMUZ8BbmchZ-_xKmJrrf6GYAvZyXwVLco1v4RGQ,Michael Grackoski,https://play-lh.googleusercontent.com/a-/AOh14GheRN5aFBvO-TaU6B96xbGfGf-CCMoInIoDmXDf,"Game seems okay, controls are extremely horrible and glitchy a lot of the time, wish I could get a refund its that bad",1,0,1.0,2020-07-29 03:54:38,"Thanks for playing Michael, and I can help you with a refund, just email me. And for the controls try options-controls: there's an option here to change the camera from a drag move to only moving when you actually move your finger. It might help you - or someone who might read this:)",2020-08-10 13:29:25
gp:AOqpTOFZy731a7ELW4qGlkjZotYZwZjMCVyfF7ROoqAqqCFVaUtaolAmpXjg0Hcdo5WkQx5_1Azsb81MF0UNIQ,Leigh Leigh,https://play-lh.googleusercontent.com/-oip7-ekH_f4/AAAAAAAAAAI/AAAAAAAAAAA/AMZuuckOP1_jiL6AxbN-msyBHL2Gtfbftg/photo.jpg,Nice story,5,0,1.0,2020-07-11 21:35:18,,
gp:AOqpTOHyCU1fK5KZ-WmojlIRcbJXcdzbngb5UlfGSslst-YlDVlR0QUdMNDNqDAWGH-5fWwxEzgupRa1FMiEBQ,ReverseHappy,https://play-lh.googleusercontent.com/a-/AOh14GgtZ21hzzgn0Wow8DtRhVPfus-6O7dfZnsTKhuzcA,I love this game and all the different ways you can change the gameplay!,5,0,1.0,2020-07-02 03:23:08,,
gp:AOqpTOEcd9u6ykHvv2002w7dlyOsXiTo3OIRLT4GjtxfIeoma4DSp7XihgmG1WcfsXtXaH7U7IW3VJOxz-P_fA,Joe Vannasdale,https://play-lh.googleusercontent.com/-eAB1-QRv0gs/AAAAAAAAAAI/AAAAAAAAAAA/AMZuucmxCV4ESGVsFwuDse2gYlT13YwNlw/photo.jpg,This game sucks,1,0,1.0,2020-07-01 14:55:58,,
gp:AOqpTOFaIa--lLyCf2a0JZp405JfNJhk_cDeOPEfVRIVxFWK4iRUcX8qDowfjrTDNyORQ61HjPnm8ffNhVigsg,I Komang Ari Putra,https://play-lh.googleusercontent.com/a-/AOh14Ghp0S6a9ww9jI_dgAS9AhyCdU0yvUUolEoopTjIsA,"I believe you remember me. As I promise to buy the second Nimian, because I love the first one. Played not to far yet, so far so good. Definitely a huge improvement from the first one. Thank you for all of your efforts. Keep making this kind of thing 👍👍",5,0,1.0,2020-07-01 14:14:00,,
gp:AOqpTOG4ydldI2xqyR9Zma_lXEGdy5OsoXGfS8TxynACyep442gMj7A-rTjeE3h__dZwjHSD8W6FIYP8LEc14g,Glass Turtle,https://play-lh.googleusercontent.com/-zBmb8SNMofs/AAAAAAAAAAI/AAAAAAAAAAA/AMZuuckYtV_5Q_-0y9wgtxxpzBR2MDcyPA/photo.jpg,Short but beautifully made 5/5,5,0,,2020-06-30 02:15:08,,
gp:AOqpTOH_CkkYEqHVE-TruomJZ9xgWxwiBBrQklk6IWMceNFtm8Kd_0nd0kCKtDOpPkLF0bjL90ni4AXUcEAKmg,Gypsy Charm,https://play-lh.googleusercontent.com/a-/AOh14GjRQPVlDGt-6QCc2VII9ImB87ine3j-O_Zo8kl9JA,Didnt save my progress and the movement is so buggy even on minimal graphics which defeats the purpose. Can I get a refund? It sucks losing my progress after a phone call.,2,1,1.0,2020-06-28 16:24:28,,
gp:AOqpTOF3uOYMeO_fI792zS2bM7ZTZx5QUUJDWyQNGY833LoZ_LImxlBvrTA-oWFFSnEOsSazco_YYqUF4T2uiw,iidjkg,https://play-lh.googleusercontent.com/a-/AOh14Gg9X-9dCu7325xXbF-D3YuS_sMbB3HhJ8Nhvs3q,"I loved the first game and I am currently enjoying this game. The graphics are astonishing. To the developer: would it be possible to add a custom screen resolution option in the game? Also, the save settings option needs improvement (the exact graphics settings are not being loaded when restoring settings). Also, the 30 FPS option is not smooth. Seems the game has frame pacing issues. Sky: The Children of Light is the only game I have played on android which looks smooth when playing at 30 FPS.",4,6,1.0,2020-06-28 09:09:27,"Thank you for the encouragement, and the feedback. I made sure my new game Wilderless has all these features because of helpful feedback like this:) I hope I can bring those features back to Vandgels too - the saving settings is one of the biggest asks in the game. Children of light is gorgeous - I marvel how they made those billowing clouds.",2020-08-17 17:48:00
gp:AOqpTOFpUBxgCbBhLx3ddP_MpdOkuhN0f5uo3Itg0FPsXS70riNoZdmct-QSJPs8pQlgUYcjDILz8hCD2OXIkg,THE Lefty,https://play-lh.googleusercontent.com/a-/AOh14GhfblUBdBSQe0acDESTokd_gmtPYcJHBk2WI68TUKQ,"absolutely beautiful. the story, the graphics, the controls, everything fits together almost seamlessly. Ive never enjoyed my stay in a mobile game like this ever. its so immersive, all the subtle details and differences in this game makes it feel real and alive, it takes me back to the days on n64 and playstation. The story is something I think everyone should experience. Please make more, and please make a sequel to this game. for an indie developer, this stuff is mindblowing. and i mean that",5,20,1.0,2020-06-26 19:19:26,"Banjo Tooie was the first game that blew me away with large levels & lush graphics, I have wonderful n6w memories renting games at blockbuster and playing all night:) I think its that joyful feeling, and playing dungeons and dragons, that is part of my hunger to create and share worlds, so glad when people enjoy it. btw Lefticle is a great name.",2020-08-17 17:44:30
gp:AOqpTOELpwH3X0qgmvY6Pcv5nkMTG0bWZRbsnx9iP1afAeCkHeSpDrznftU6U0_DWZH6H69DyahkewDjBdCB0w,jason hoskins,https://play-lh.googleusercontent.com/a-/AOh14GhkGe9lArcQ3lATMh1IU1Oe7I1KjNCXZMllzFHe,This is a really great game that was made by one man if the big game company's put half as much of their heart an soul as he did their would be a lot more people gaming just putting alot of money into a game doesn't make a good game. Thanks for such a great game.,5,0,1.0,2020-06-23 13:56:42,,
gp:AOqpTOHd2xFqD2CGfdf4RGksFx3jjNCO5vt0wHl11P02eDbOO63uDs6t_JGvZDwBdVGfSKpgKnYwVOgD3Q3IAw,《Toska》,https://play-lh.googleusercontent.com/a-/AOh14Gh2_3MNHgAKYhp7WjY_WF3xT27GsoWSx5ac-X17Zw,The game runs very poorly on even the default graphic setting. There's too much lag for it to be playable.,1,0,,2020-06-23 12:42:44,,
gp:AOqpTOEx29uLU4_cnxtDCXOb7DfU0kHQ-hXjU33Tu1YAkwYj4A2f-Feo3FIG3bnELt5kxSxO3Yrb73XMn_5XGw,Mike Townsend,https://play-lh.googleusercontent.com/a-/AOh14Gg2tNtUPb4PWO5pLir-jxTrVCLY3tMSyovjATc8,omg still amazing I love this game. so much to explore and do. enjoying the story and just having a blast.. I can always get into this game I get lost with emotions this is my escape from reality. your awesome for coming up with a game like this gg keep up the good work. :D,5,0,1.0,2020-06-23 05:37:54,,
gp:AOqpTOGoFkaZPhyOJ_DBPAywp5A6czKRU7hArqcfH6ZxsSflNQ6zkq60iFeb9Q-RGfpkAtpu_qnbzlC9cm1EIw,pigressor,https://play-lh.googleusercontent.com/a-/AOh14GhOF7OyJ2UhXgCsP-9Z-8w0DET2v1UrQMvACrtmjg,I think a sequel of Brightridge? Im a bout to find out. I bought 2 games in 1 day. Thanks man. 😀👌,5,0,1.0,2020-06-14 03:10:18,,
gp:AOqpTOEmKGO0l_M-JSKXLNA4RuvQ6Ll3lAT2XQx5Jxsu-wxg19TbDxWuWvME0pPq-fjlHT1V8u0ykt2g3dJiPQ,Ayleve Exe,https://play-lh.googleusercontent.com/a-/AOh14GjYpFoWQC5pTeGLFAyjsyVVL6JA4MqICyPwBs16yg,"Change my review... I change my mind! I won't a refund. After re-installing the game, my new phone can handle the graphics and framerate although there's a little glitch but honestly, i love and hate this game! XD Sorry for leaving 1 star review and give you a bad review. It was my fault because I'm using the potato phone. Now I'm using snapdragon phone and i can playing. Thanks dev and can't wait for your new games to develop! Cheers!!! XDDDD",4,5,,2020-05-31 20:33:16,,
gp:AOqpTOHDWZwOUMEpCa938BBYFQmDhSuPz_qomxFISWzPSPuZdnaojWZCE4FGA2t59PV3LGTnDTvZL9nI3J3c4w,Pauly Barnes,https://play-lh.googleusercontent.com/-g3VtOnZeUFg/AAAAAAAAAAI/AAAAAAAAAAA/AMZuuclw90DyHhQY_JXjl4EnWoiuQIInAQ/photo.jpg,Love it,5,0,1.0,2020-05-25 11:39:39,,
gp:AOqpTOEqikA-QEcPB8X31UYkHcmk_BToDe2hr5d17UBpgx8HvFUoTZM2PCa-ByjJGBCZt7p4DCv9IGbF_tMLcg,Christopher Richardson,https://play-lh.googleusercontent.com/-CQFb1nvRLUg/AAAAAAAAAAI/AAAAAAAAAAA/AMZuuck5zpfKlw_8azvQNbvGrnVNhVJs0w/photo.jpg,"I'm a fellow game dev who got yours as a way to learn what is possible on mobile platforms. What he does here is nothing short of amazing. Gorgeous environments. Extremely customizable settings to make things run super smooth or extremely detailed and gorgeous. I still have a hard time understanding how he accomplishes all this. Amazing, beautiful and fun!",5,4,1.0,2020-05-11 07:36:34,,
gp:AOqpTOEZ3cJ5E5clmNBr23wlTum5Pg3Hu5IyZ1eY97xP5aGLEV-7sdYskfOZPaAGzHqNlutDNoxVZlJZBhtaug,Baracu S.B.,https://play-lh.googleusercontent.com/a-/AOh14GjOTW8WY5LIn8-u04dirZ18B4gXxnvSED7eJ-3dn_Q,Good game,4,0,,2020-05-11 02:26:22,,
gp:AOqpTOF9GodaNgcLsjt1FotiaJyr-qR90W3jg0xF89W8q5UPSzTzGEOcCQ28SyezRsuyR1dU0na1tvU373arcQ,Derek Faircloth,https://play-lh.googleusercontent.com/a-/AOh14Gi2a_sCimwASRf8LW138dBGg3DD2VfDViSq-skrums,"Wow, simply amazing. From the story, to the graphics, I loved every moment. I couldn't stop playing and every time I would stop, I'd start right back due to the great story. One of the best mobile games I've played. I can't believe even my note 10 plus can't run max settings smoothly so I can only imagine how good it would look then! My only issue is controller support. It worked in the first game but not this one and I'm not sure why. Other than that, great job! Bring on the 3rd game!",5,17,1.0,2020-05-07 19:15:49,,
gp:AOqpTOEvgpjju1yVmvYrHxnn6aWYOCOOBeT23O7gVg6oomkwHQ9U0WtsD6JB3xk-gtZleAbmSJO0Hveo9_p6hQ,Heather,https://play-lh.googleusercontent.com/a-/AOh14GiTn-TJ2WtxHKpEhSTs67pcQxO_zvoctmorvKLXMA,"The graphic are not working well with my phone at all. I have a note 9 and it looks so bad. I am trying everything possible to make it look okay, but only got it to look like it is snowing and unable to read anything. Kinda sad because it looks like a beautiful game.",3,0,1.0,2020-05-06 01:14:42,,
gp:AOqpTOFHz-lWYv5PW6kerd-su0OoS66drtZGLk46VCXN_Hq_dmv6lgT-nlixINaYfmpebtCKSfBEgFPw1D4IBw,Kucing Lucu,https://play-lh.googleusercontent.com/a-/AOh14GgkFKTe_wIOm1YWIxoYG1mXQQhzuJrXzctBQyRR3A,Awesome!,5,0,1.0,2020-05-05 02:01:05,,
gp:AOqpTOHY2v2qYaTbI9jZcxaErABKhGo8fzC3OM7VRI1UPse-MtVmI035_MSP-h4uYDU5D6ua-Q6INwz0nOawew,Drew Deckard,https://play-lh.googleusercontent.com/a-/AOh14Gir_i6MyvMxF10YZlMRVyEzmmx7iHiCJD4SWMcsfg,"I appreciate the effort that must have gone into making this game, however the graphics seem to lack detail, the controls are impossible, the camera is twitchy and horrible; and your only choice for a playable character is dull, cliched, uninspired and gives the game the ambience of teenage Manga novel.",1,3,1.0,2020-04-30 15:48:51,,
gp:AOqpTOHZEkdyjAutSTO5JoYY4SgMM5-1OzogzOOWbCdekcxBchQiZgkoBmjSwv5UE3YcaRVkzM5008-beW3o8Q,Danielson Carvalho,https://play-lh.googleusercontent.com/a-/AOh14GgrWKQ10moAkEbHf8tW6CL7_SNNNLyIOuGZJk61mQ,"Impressive, beautiful and very immersive. Note: i just got the final treasure, but the final orange pillar didnt disappear and seems i cant do anything at the ascension chamber. Is it intended?",5,0,1.0,2020-04-29 09:15:06,,
gp:AOqpTOG-ScAwA2pVx0RQGSTnzLHUF8Im_YulzLcDWkwV4nwjDK0JDDeJDLV_GnzY9lQOhnExA1OL5JcuvJvHjw,m m,https://play-lh.googleusercontent.com/a-/AOh14GhHwa1wRZ89ayGI-YfM3ZHmaotE2xZX21DiRGhOZg,"Game gave me a headache, I couldn't play the game, the controls was so bad.",2,1,,2020-04-28 08:21:59,"You aren't alone - many players love the story and world, but controls was probably the biggest complaint in my game:). Try Options-Controls and switch on One handed controls. This makes the look camera work with a swipe instead of a persistent drag. There may be more options here and in Options-Camera that help too.",2020-04-28 08:30:53
gp:AOqpTOHaRDtsAw6Kex33CNDKkjQkhw3D_7T8r8YHDfQRLom0Dd06dqz0S3dtGcdIFRgh6jWekokNZYEGA1iRPQ,P Mil,https://play-lh.googleusercontent.com/a-/AOh14GgCLeJI5AdlRk2tTbo00C_UN2g8mCYMDggzCVxaSA,"A game of exploration and wonder. If you like Sky Children of the Light, try this. There are a huge array of configuration options to tailor it to your phone and personal preferences. I'd personally like the jump altered so that it doesn't appear so visually jarring on the eye, straight out of the box.",5,6,1.0,2020-04-28 05:22:20,,
gp:AOqpTOE_uyoyLHbj5KonOQ2dWF-QZOAE2aljT7U55KgjoGiLZs-CaFxnGdLfn7pH0f4qpCxarv5vhH639X1zWQ,Sjaan Freemantle,https://play-lh.googleusercontent.com/a-/AOh14GiNTmWYvNaM9WjTV0wrg06M40CWBh7PADpoV1oTmw,"What just happened? I think you have just realised my childhood dreams on a cellular phone. An Absolute break through in first mobile rpg, ( i would ask for a character creator if possible in future games maybe?) But you must be an absolute genius and this game should be at the 20 to 40 dollar range for what your giving",5,0,1.0,2020-04-17 00:55:21,,
gp:AOqpTOGEACFeNjmE0OMR73yIZMEBRWOGG65vLxM_L9EKBqP5Nb6Zng9qHtI0cvRn9n-yg-rXI8b8FTFfKljp4w,Malharmony,https://play-lh.googleusercontent.com/a-/AOh14Ght4KCH-wqMz24mhZpylxtIepAbPdjf8nQMXhyhYJU,"It was a no brainer buying this after doing a bit of research on it. The fact that one person can create a masterpiece of this caliber is a testament to the gaming community. Those who've given one star ratings didnt give the game a proper chance. Play with the options a bit, and you'll find a fit right for your play style. 4 modes of play, superb graphical design, and seemingly endless exploration make this game a true gem in my collection. Well done!!",5,27,1.0,2020-04-15 12:58:45,I really glad you used the options to your advantage Ren - that's what they're there for and I really appreciate what you said. My games aren't perfect but I make them with one side in mind: to share a natural world to explore and bring people out of their everyday for a moment. Thank you for the appreciation and the very supportive 5 star review:),2020-04-15 19:58:09
gp:AOqpTOEZB7mn6lSSdGFhEYu-gl3sWsYg0O8hUVi921RnnAYC3IQ49NcP36Jpb-8UirlXA9hhpEQG_hljv6uwHQ,BitzGames Originals,https://play-lh.googleusercontent.com/a-/AOh14GhQnu-rKbCk66ms4uwqSApFj88nmsIDHGl06vPFgQ,"I am in love with this game. It speaks to my own passionate game ideas, I just wish I could get my ideas out of my head the way this fine, talented Dev has. I don't care if my tablet can't handle the game with Max settings, I can see the beauty hiding underneath the blur. The visuals, the sound effects, the soundtrack, the world and it's myriad of strange and wonderful creatures... Again, I am in love with this game. Please, everyone support this Dev and give him your money! It is well deserved!",5,19,1.0,2020-04-14 20:29:46,,
gp:AOqpTOEos84Y-5pgGUzO2oOTXhuRxjg7ZKTXZlH7ZqRAZciDjOgIordUgxuSRgbVx4JNf25qjQtcgJ6lYY374w,NoName Gaming,https://play-lh.googleusercontent.com/a-/AOh14GjsdVRj4rPniLOHC3h0jjtkVTxJhEFnJcYkzrCY,COOL GAME NICE VIEW ILIKE IT but plss ad sum new crature or monsters someting,5,0,1.0,2020-04-06 21:03:25,,
gp:AOqpTOEgs44A34qKFKjVrEvS3IR3dxe44SF3_JRRqoJ-91kst9jmIm-1aqI8bkuLF7oshRa9Pf5eILPheETEgA,Zake18 Tshepo,https://play-lh.googleusercontent.com/-V-pfsYc1AVg/AAAAAAAAAAI/AAAAAAAAAAA/AMZuucnIDKWSAMqffYvRBnvHk6SilckFOg/photo.jpg,"First of all, I use the latest Huawei smartphone yet the graphics I get after opening the game or even after attempting to set the quality and still no change, I even tried to get a refund but the refund button suddenly doesn't work, I deleted the game despite being so exited about it after hearing about the game from others, so for me it's (-Star) = rating, but for those who want to try the game I say go ahead, it's a good game and all with minimum disappointment",1,4,,2020-03-19 15:28:06,,
gp:AOqpTOHjBf98osn67b-tBH9rS2jQ3z6LHUDwFj_rDYBUhI08spncwN2v1UvlCnm4UNyF5p8zHonswNB-l7m_Xw,Tre Jackson,https://play-lh.googleusercontent.com/-ANNxZ2K9xng/AAAAAAAAAAI/AAAAAAAAAAA/AMZuucmUSiFlYiNCNcn_wh6Gp0i9ikQvHw/photo.jpg,I would rate the game higher if I could play it. But nothing will load,1,0,1.0,2020-03-12 08:28:38,,
gp:AOqpTOEsvOj60bLlrX4sFjubsen5f-wmfamxiT2HOAO4AbLg8g1GhuPhh_EDhbirIz1bespBo6spZ91J7sGf1w,williams milton,https://play-lh.googleusercontent.com/-zInpOmGjwOc/AAAAAAAAAAI/AAAAAAAAAAA/AMZuucmGM8IvixJPrLe9G1eSkQiscnWIxQ/photo.jpg,The camera makes the games to me unplayable. I tried several times adjusting the camera smh. The the guys are running through the ground. Fix that and I might buy it again,2,0,,2020-03-07 12:27:54,,
gp:AOqpTOGBzKiX2JkW2JSKKji7rqHTuvGG4IiIu3hh4aNMk4pPQzzjl0IVO0MCr9xKSr2Uxwq02WslmdkUrWOgDw,QxO Tuffy,https://play-lh.googleusercontent.com/a-/AOh14GhHZ_rBHTiYn7YNaV8YL3_ja1rgkzy19EFV95bNEA,It was pretty fun for a mobile game. I loved the story and symbolism (Attended to be there or not) overall I'm happy too give $2 for the game. If only you had enemies to fight against while exploring the world it would have been well worth it.,4,1,1.0,2020-03-01 18:20:22,,
gp:AOqpTOGUSdwH5tu9CWWr3pXvYyxnbqqjkwGsGNIa9cQt44ty2e2hNeCbXQJGM9YNUxlf-Up6e2n3d6OyCp2-AA,Damien McPhail,https://play-lh.googleusercontent.com/-4m_26bhPyn4/AAAAAAAAAAI/AAAAAAAAAAA/AMZuucnpsn3qs_FUTcvL4LNmCGHOx1WJmw/photo.jpg,"I very rarely write reviews but this game has swayed me. It reminds me of all the best old school adventure games but with the freedom to go where you please. A pleasant game to explore, it never feels like a chore to climb a hill because I'm genuinely interested to see what's on the other side. Struggled with the camera at first but with customisable options I had it feeling right to me very easily. This is obviously a labour of love from a talented indie dev and it's well worth buying.",5,11,1.0,2020-02-28 19:57:01,,
gp:AOqpTOEhDeMTfu9JEBMEVHnodSd0qDIJ8bz2g3oClIigX1vNfRIJfDMRltxa_qOUg-uUfULCViQ99v1qPvhNNg,Diginess Unknown,https://play-lh.googleusercontent.com/-LMYoxvplo8Q/AAAAAAAAAAI/AAAAAAAAAAA/AMZuucldLUPkyggxOz29odkVQI9Gi_ICBA/photo.jpg,"Has awesome background music and storyline. Have played for about 3 hours and been engrossed. This game manages a sufficient 3D environment on a mobile device. The only negative is that the onscreen controls are quite difficult to keep your character going in the direction intended, with the direction rapidly changing. I dropped the turn speed to try to make it manageable and it is still a problem. Even with the control issues, this game is one of the best available on the app store.",5,13,1.0,2020-02-28 13:19:49,,
gp:AOqpTOHaO_z2i56anpsMQZdalJA5paPsX4x_wOG8HsuFJ0GcKlIc6PqBhjf2_H9YgAuxZmeofkPhj0X6vUP3gQ,Beni 51,https://play-lh.googleusercontent.com/a-/AOh14GhF2w1x0agRpE-zkfSjzQT_9zaMcasa8h4uRNbG,"So far it's amazing, i wish you had the option to hide the jump and settings button as they are oled killers, if that was possible then it would be max stars for me , also performance is quite bad, looking at 25-30fps on the best available android specs at the moment, although i do understand why so i don't mind putting down the graphics, definitely recommend this game.",3,5,1.0,2020-02-27 17:31:08,,
gp:AOqpTOGZzwfpbdYj5i7fbXfEozjFSNmFNR0KrVwT0IR2XfwXSmbwaeXiGocr8BIPKC8clMduHfeblmNMwrivJQ,Xeno298,https://play-lh.googleusercontent.com/-AfQlOkHH-Ns/AAAAAAAAAAI/AAAAAAAAAAA/AMZuucn4iL3CalcS4djCnAy8hqMp7ve3gA/photo.jpg,"I love your games. Thank you. Keep up the fantastic work, very impressed yet again 👌",5,0,1.0,2020-02-25 17:54:45,,
gp:AOqpTOEW0vUtqmzLtNvjWicoJwtH4SHE_RZi9Er7ZboaZeGtpNr1K5bY0Ok-CeanhkinN9AuzFgMBRIdy-c9WQ,Kris T S Ria,https://play-lh.googleusercontent.com/a-/AOh14GhxXmxbtJUU1M0ZVeFEA457M-QJm2yUNEPQ_Lxi,Keep going it only gets better. Great experience,5,0,1.0,2020-02-24 13:54:46,,
gp:AOqpTOGPcpaIjcEJVMHMA8BKl8tPA-JCdYHohSLdMKYDvp5hYRIJZ1zD0fsMQXgr-s0QudLKGPjSGFxHv86sGw,Tim Malone,https://play-lh.googleusercontent.com/a-/AOh14GikYA1w2vHY9MC8trcXyPaqVzIpchqLIFmkzs03BA,"Great graphics and somewhat interesting story. The problem I have is that there isn't much to the game. Most of the game is just following another character around until you get to a point where there is more dialogue. It may be an open world, but there really isn't much to do in the open world. It's still a very impressive game, I just wish there was more of it.",4,0,,2020-02-24 12:12:46,"Thanks for the review Tim - every star helps, and yeah Vandgels is definitely more sparse than BrightRidge, which is maybe a more ""magical"" game - live and learn, and Im glad you played my game anyways:) And if you haven't yet, maybe try the Dungeonette mode - there's 10 dungeons to solve with a prize in the final 11th dungeon.",2020-02-24 12:20:06
gp:AOqpTOFPrtDkSPNZ0JBsS2SBSOFLJgYXnvC99lRvIRqbqRya1hJogHM5Pb16wpPzRKQLG8qObN1SlU8GUEsNBw,Robert Cushing,https://play-lh.googleusercontent.com/a-/AOh14GijSfD0KZmVP_p1Y1GSHC2B6JM0Xha2_DygyvLYDQ,"This game deserves more than 500 characters so I'll be blunt. Nimian Legends: Vandgels is a bright shining jewel amongst an ocean of steaming dog excrement. If you buy this game, please remember it was made BY ONE PERSON. Give it a chance and let this guy keep your 4 dollars. Robert, if you read this, I want to personally thank you for putting yourself out there with games like this...don't stop. You've revitalized my drive to keep digging for gems like this in an infinite sea of garbage 😀",5,0,,2020-01-26 15:23:23,I love blunt😄 thanks Robert - great name;) cheerleading like this makes a difference and is very supportive. I’m in the middle of creating the next games landscape and I stopped to check my phone and got your wonderful boost. I’ll get back to it feeling happy and confident knowing someone enjoys it.,2020-01-26 15:38:58
gp:AOqpTOGLqN-NnhOZNGajiZbNAD9MBbbMVv5iAH3HaQ3bfDvKv6V2Ieszj0a5FuuyoGwkQAYnJH4XRjxZEVeK7Q,Victor Wojeichouschi,https://play-lh.googleusercontent.com/a-/AOh14Gjh8tlL-o9fr33TxF4maPObXu7epY6jqCwhh8Fx,"game sounds great, but since in the main menu has a sort of filter like a grade in all screen, I couldn't find anything in the graphic options witch is creating this bad look... I asked refund, my phone is a oneplus 5.. Thanks for your reply, btw, the game sounds really great, I will try other games that you have",3,2,,2020-01-20 23:11:56,"I'm very sorry about that. I aim for maximum compatibility but it doesn't always work out on every phone. Please email me and ill be happy to help you get a refund, and thank you for trying my game:)",2020-01-20 14:44:55
gp:AOqpTOHcIXMC5KFY_zUWXjm56QvrkpAlqLhEWWd7MnTFABnp0iZNdirJeXnQCFebfA81kN2_P3HapEY7GLs1mw,robin may,https://play-lh.googleusercontent.com/a-/AOh14GjWkcqi2Uw64T0F7EyELKKnL_UzlB9lueySoK9icg,"A truly heart felt game with a great message. You can tell that a lot of love, time and effort went into this. I can't wait for more games from this dev.",5,1,1.0,2020-01-20 12:54:44,"Your review came at a great time Robin:) There is so much hard work making these worlds, and sometimes I can get down about it. Knowing that it means something to someone really makes my work as a solo dev feel that much more meaningful. I create things so people can enjoy them and I am so glad you did.",2020-01-20 14:15:18
gp:AOqpTOFh9VakzTwZbBgnpfkRp1QWj3iboftjp4qfhg1Bddcdq1Y6ZvAX2gCweGqzFiWP9WOEOSYTOkzSuUEkMA,Novianto Budi Prasetya,https://play-lh.googleusercontent.com/a-/AOh14Gh80tccLiauNTmaLyBa7rb4edod_pESPcA9D0y2fg,"Awesome pictures, for control maybe can fixed again.",5,0,1.0,2020-01-20 02:04:52,"Thank you Novianto. Try Options-Controls and One Handed control or some of the other options in there. Controls were a big point of complaint for my game and because of feedback like this I have reworked all the controls and camera for my next one, so I appreciate you letting me know, and for playing Vandgels:)",2020-01-20 14:19:30
gp:AOqpTOGhWmQ2kGDQvoR--bWsPH3Hhe_lxUcMUUx71FaQ_CJ6KLwb4xliXbfkCOtA0o1CnZidcacCOiru52H0Ig,Kari Borg,https://play-lh.googleusercontent.com/-TkOMtzJowXE/AAAAAAAAAAI/AAAAAAAAAAA/AMZuucmFHqkjhyE25Y4z1IJRMXJEJRLu2g/photo.jpg,This game is so lovely but for some reason I have a really hard time controlling her in any way...it's as though she is just moving too quickly for what I want her to and I just cannot get her to go where I want her to go :-( i looked to see if there was a way to change this issue somehow in the controls but there isn't and I genuinely want to give this game a higher rating because i adore the idea of it so hopefully I can find a way to play this game soon.,2,1,,2020-01-19 20:17:17,Sorry about that Kari and thanks for trying my game.it will work with a gamepad if you have a wireless one. And controls-use one handed makes the camera spin less. My next game has rebuilt controls because it is one of the biggest complaints about my game and I’m sorry I can’t to more to fix it for now.,2020-01-19 20:36:23
gp:AOqpTOGEVqNH0iUQuSo4oZOIVlZkjKCh4LyQC5SVkfJ3sYkkpff8gkMFMFCBztDi7UBniYGYEOt_-Y2C2F0rcQ,D43M0N Wanaknow,https://play-lh.googleusercontent.com/-Gw6HtbdlAyQ/AAAAAAAAAAI/AAAAAAAAAAA/AMZuucl_1N4iRQdHLYvn6Eh7cPGFyHRupA/photo.jpg,"So i was browsing games on sale and came across this... I went through the reviews as per usual and saw a lot of good reviews and decided to give it a shot... Ive only played around with it for about 15 minutes so far but this is by far the best mobile game i have found yet, took a few moments to get used to the controls but they became fluid quickly, the graphics are amazing, and the gameplay seems to be pretty smooth. i cant wait to see what you come up with next, good work 👍",5,14,1.0,2020-01-17 07:04:34,"Those controls frustrate many people so I am so glad you were able to work with them:) And I have improved the controls in my next game Wilderless in response to the feedback. Thanks for taking a chance on my game and seeing through the rough spots, and for the 5 stars which are basically like gold coins for indie devs like me:)",2020-01-20 14:42:29
gp:AOqpTOEXsvoKeu9on2IuT2_9FoJ48GZvnMXopwOfpv1myeCcN7lgRG7Qd_HW7TYutoME-g1tI6rqbDhsZVx9Hw,Timmy Burden,https://play-lh.googleusercontent.com/-md8ya7c-xIs/AAAAAAAAAAI/AAAAAAAAAAA/AMZuuckmm32vxamr9Rt8EAzp2YcsDiOJtQ/photo.jpg,Amazing looking game. Easy to pick up and play. Also supports my 8bitdo gamepad. So does have controller support. Love the game. I do wish the combat was more refined but still a great game.,5,0,1.0,2020-01-16 22:51:41,so many people asked for 8bitdo support so I am glad that it is working:) I like to make simple worlds you can pick up and play and its cool that you found it easy to do that. Since I was a kid I liked creating fantasy worlds and its really great I have the chance to share them now with people like you.,2020-01-20 14:43:56
gp:AOqpTOF_jvEpx7d_khfDz9lNts6ZsanYx5ypo3LUMqCi--ZpPKVjRx47vaD3XB5vlkavbR8_PzB37TxZhY7Cew,Lucifer Morningstar,https://play-lh.googleusercontent.com/a-/AOh14Ght85nl0LFXZRtQM_kZMMgwH6-bDV8Zd5epLsHoYg,"Very satisfied with this, just like the other version. But both still need to be optimized a lot because the game consume the device's power like a beast",5,0,1.0,2020-01-14 04:26:22,"I admit they sure do. They are pretty large worlds and that takes its toll, but Im reading as much as I can about optimization and I hope that I am getting better as I go along. Thanks for taking the time to leave your 5 star review Lucifer because it is just me here and that kind of support helps me a lot:)",2020-01-15 09:52:46
gp:AOqpTOGRMYV-wB_gLQy0TVapH8qwTApg3bbAqZuhFIKcEvu7s1wgNvilWMCszwILJ9yAQ5rzm45WiNn81izyrg,Mike Biggs,https://play-lh.googleusercontent.com/a-/AOh14Gi6N70a6zXBxwbu0FZBEf81QbvrNwABoym89cSl75Q,"1 man dev!!! Amazing quality, lots of graphics toggles!!!! Most advanced game on the market. Would just ask to make more realistic player",5,0,,2020-01-13 18:58:12,"Thank you Mike:) Im glad you like all the options. Especially on mobile it makes sense to give players a lot of controls, and since I can't offer mods on mobile this kind of feels like a replacement for it. I love being able to start a snowstorm at the flick of a. button.",2020-01-13 21:29:06
gp:AOqpTOHLE67hmFyph3WBj_nGiDGvtQZDb6GDt-PKTGUq1cVQlJ3GiDG9OgsJ2NsUbfissndXKODSBSLRPexGyQ,Planet Phatness,https://play-lh.googleusercontent.com/a-/AOh14GgHkYWG3R7uRhU9qpMr03MGahHNACOgNFHDP8DMTt0,"Interesting game after playing for a good 45 minutes, gamepad/mouse/keyboard support would most likely fix the control and camera issues, otherwise the game is solid. The quality settings are a fantastic option so I can set the graphics to what best suits my hardware. I'm excited to experience the adventure. Thanks!",5,0,1.0,2020-01-13 18:37:07,"Thanks Bob for playing and reviewing my game:) There's no keypad/mouse support but there is support for most gamepads. Just pair your controller before you start the game. And I hear you (and everyone) about the controls, my next game has rebuilt intuitive controls from the ground up, plus you can customize in Vandgels in options-controls.",2020-01-13 21:27:32
gp:AOqpTOE3qxAMJaGlOAUXKgWfUdLt3JxRPzbp_5sZr0IIsFSFp0F5PCqAf6aqE9ozZhbEgL0TBxAmenChDjR9HA,Eric D Brown,https://play-lh.googleusercontent.com/a-/AOh14GhpIhOYWpTx7BgjCiVltxwgsSiUjOpQl49yk_Gh6g,"Amazing!!! Read beyond initial concerns. I got this game for a short flight to play offline and I was not impressed at all at first. I followed the recomended settings for graphics and the controls, camera, basically everything was janky and graphics not good. Game gives u controls over the UI and settings I am using a S9 and maxed alot of the settings turned of the camera follow and tweaked the UI. Graphics, all, amazing now. If u ake the time and get the settings right and you will have a GEM.",5,30,1.0,2020-01-12 16:15:07,"This is an extra nice review Eric because you were able to find the diamond despite the rough, and im glad you stuck it out and let me know. My games are rough, handcrafted and im working to make the new ones a lot smoother with better controls, auto saving and lots more thanks to feedback like this. Thanks Eric:)",2020-01-12 12:13:40
gp:AOqpTOFemvWA0E1WugQSvJNROO3CF99E83fq6FkAwIRRTvBWll3Mae1c9ZSIiMFZWS6pQBXgfixxAu1Fi9crnA,Shade Frolics,https://play-lh.googleusercontent.com/a-/AOh14GhmQil9Kwxw9W84r-MFc3w4wf67xxoSIUT2BOMI3w,"I dont know really what to say, this game... I just dont know man lmao is this even a game? Its beyond that for some reason, its beautiful in all sorts of aspects.",5,0,1.0,2020-01-07 17:08:49,"That's cool because it started out as just a world without the game. Im most interested in creating worlds and finding the stories inside, and in making a place that feels natural and beautiful and I'm glad you can see the beauty in that:) Im working on more and my goal is a fully living breathing fantasy wilderness. Thanks Shade for the support.",2020-01-08 08:51:43
gp:AOqpTOELT_XzuzSbKtqKXZEZrKe0QzM3POyo6CP2p5iIPmYzS3D6gV6m1DQ1ElWRYQNzQWXZ1HMJA1evtrZ6vA,Muhammad Sayed Carldun Ahdie,https://play-lh.googleusercontent.com/-iREQbRod0m4/AAAAAAAAAAI/AAAAAAAAAAA/AMZuucnadaHkqK7BLQZNrwUj71x9M4TdFg/photo.jpg,Don't know what else to say but this was really worth the wait. Seeing your journey of making this game just from screenshots and now its finally available was truly mindblowing. I would definitely rate this higher than just 5 stars tbh because I really enjoy this way more than I expected which is awesome. This is one of those games that will never be repetitive whatsoever also the music in this game is really good and matches up well with the landscape and atmosphere of the game.Keep it up dev!,5,24,1.0,2020-01-01 03:38:19,"It is cool isn't it to watch something grow from screenshots to final game:) I feel the same way, I don't have kids so maybe this is like my baby and I want to watch it grow. My next game is even larger and I think follows my goal to make a fully realized fantasy wilderness to explore and adventure in. Thanks for the support and I will keep it up:)",2020-01-08 08:54:24
gp:AOqpTOEkYI7w7CIxzmO8y1NHKzNEoQAmgy3_85cCReKfnSC3ixZanhPaLMGXyEPm5vMGaMcO0ld2IW5-RXDA0A,izzy2001able,https://play-lh.googleusercontent.com/a-/AOh14GiZPw_9jMj0GISz592-TOsN9mm4DwcCORiKpZOkl1Q,Is great to explore this amazing world,5,0,1.0,2019-12-29 02:03:12,"Thank you! I love exploring in games -I grew up with games that were limited to hallways because of the computing power, so now being able to play open worlds, well its like spreading your wings:) My next game is literally more than 100 times the size of Vandgels so there'll be a lot more wilderness to explore.",2020-01-08 08:56:02
gp:AOqpTOEHlmf3cYkq9eVgGCmCCkonvKAoCz1wH-J49xdhu_HjI30tCOnIeY2esEWDuAKny5XyF_90JRhqmHn3Ew,Devin Williams,https://play-lh.googleusercontent.com/-iixtfvWRnQY/AAAAAAAAAAI/AAAAAAAAAAA/AMZuuckK9KORP8HOT7eE8JdJJLrDMlEpyQ/photo.jpg,It's the most beautiful world crafted game I ever experience I mean wow!! Very great game. I give it a 5 with a blink of my eye,5,0,1.0,2019-12-24 13:31:54,"Thanks Devin - your kind words are my Christmas gift :) world building is one of my favourite things to do because I want to visit these other places and see something new, so I try to pull out of my head these places that exist inside of it and it’s cool to be able to share them and that people like you appreciate it.",2019-12-24 13:50:39
gp:AOqpTOHIXQV5panYpUEow9aubtf2xoQq0hWIGN7rdb8g8iUS3sJP6N7KHqnwDv01Uvmy1VI76cH5ZiIk5mCD0A,Venom 95,https://play-lh.googleusercontent.com/a-/AOh14Ghn4Uj1RZ6CldMYTiYbby5s1FO_SoXW8aTK53KM,"I think you should make button control costumizeble , also mybe a noise reduction for low graphic device im using sm-note 3 low graphic to reduce lag . Its a great game great storyline i just started I wish you goodluck with ur job , I will get a good new phone to play and enjoy the game at the fullest graphic .. also it is fully offline which is really great and not consuming alot of battery .. Love it :) .. 1 more , camera sensitivity and aiming a bit hard for me but i will train more .",4,8,1.0,2019-12-22 21:59:24,Thanks Venom 95. Try Options-controls and Options-Camera - there might be options there that make the game easier to control. For my next game Wilderless I rebuilt the controls and camera because that was one of the biggest complaints:) Im also adding antialiasing to reduce noise as an option so I listen and appreciate the helpful feedback.,2020-01-08 08:58:00
gp:AOqpTOHfnMKmM6G7xCqk6yRY8fGqkNUfj6DYY7d1oSpTvgwmmM8rrCKsEns-kNH0UgdRKmmNC8Tcc1ReP2PIuQ,Uncle Buckeye,https://play-lh.googleusercontent.com/-AiXMR05ICdQ/AAAAAAAAAAI/AAAAAAAAAAA/AMZuucngryefJlLO1ceE6yBWoHTL1wXSpQ/photo.jpg,This game is a complete masterpiece! Heart pounding graphics. Every view is absolutely amazing. Good story line . I would give this game infinity amount of stars if I could. GREAT JOB !!!,5,0,1.0,2019-12-14 20:05:03,"Five is more than enough:) Thanks so much for that because more stars means more support for me, which means I can keep working on bringing more of this world to life. Vandgels was a place in my head, this very religious winter world, and its cool I was finally able to create it. More worlds are coming too https://www.instagram.com/protopopgames/",2019-12-20 17:28:57
gp:AOqpTOFmrjVU2ys9R8GOWkQq-Z1wUvwig26hCYVJmrl9C2gmqLOC3huJx8-ng9M0sCZ9OO98ZWfvHr1xDhoAfw,devonnair bell,https://play-lh.googleusercontent.com/a-/AOh14GixHVdzFmexa_xPuOgyegJ16KZix8_B11bovVxf4A,Great game with great graphics surprised this was made by one person grear job to the creator i didnt get into the atory yet but it does look promising,4,0,1.0,2019-11-24 20:39:12,Thanks devonnair:) The story ramps up slowly but it does go somewhere and I hope you enjoy it and the world. There's also about ten dungeons hidden in there to solve too.,2020-01-20 14:58:49
gp:AOqpTOETLexSDQqkkRIkoelMCe2UCZLysnhed3SUHCYZJiv8znDJNBOdOsZxbS7hseyzkUQ3oDieTEzpi_zvqA,Shannon Werry,https://play-lh.googleusercontent.com/a-/AOh14GiAr4E8ExJJMfNzvNNlKi5oPbYJrZ1EjRWDCFrcAgM,Amazing. Just like the last one was. Only complaint is I've seem to got stuck in a staircase at the Vandgels. Save points would be ideal. Unless I'm missing something.,5,0,1.0,2019-11-20 18:34:05,That's happened before and I apologize. Im not sure if you emailed me about this but for anyone stuck try Options-map-fast travel home to return to the castle bridge or restart the app (it auto saves and will start you nearby). Bugs are one of the hardest things in game design and im glad you still gave me 5 stars - thanks for that Shannon:),2019-11-21 17:38:08
gp:AOqpTOHFbVaOrCChwSjZPhRYH32N9of5WSFsvMgkOohnOxhEi1lWO5qKPGotIc1NG0475LViNNMhc6JMJiAGUg,Pumpkin Momma,https://play-lh.googleusercontent.com/a-/AOh14Gikgclt8-4CBuH022vfnLIv0ClXtvA-q6c3zyukFg,I'm very impressed. This is really good!! I can tell you put a lot of time and love into this game!! Good job!!,5,0,1.0,2019-11-19 18:07:48,Thanks Pumpkin Momma :) I know it’s not super polished but I’m glad you can see I put a lot of hard work into it. Some days I didn’t think I could finish it but I love this fantasy world and I want to keep sharing more of it. Thanks for the five stars too because that is a great support to me.,2019-11-20 07:31:44
gp:AOqpTOHLMDwmgxZy8qv2dnIrqPbNlghUYE3i7oN4PPycjC3SqZPnduck8L2AZtJyGxjW0tzrgI1h7poCPhMCNw,Kaziin,https://play-lh.googleusercontent.com/a-/AOh14GgugxGp95F9FEadRk229aAXQy4QWXjJH8cbBV_B,"This game amazing! Im suprise, someone who make this by him self, can make a game this good! I hope i could get a better phone so i can fully see the beautifull graphic. Keep up the good work 😄 Im going to try out the other Vangels game after i finish this one :D",5,0,1.0,2019-11-19 02:20:14,"Five stars - thank you Kaziin! A lot of people keep the game and try it again when they get a new phone and say it runs better so that’s a good strategy and I like the support:) thanks for looking at BrightRidge too. That was my first game and it has a special place in my heart, and some good music too I think.",2019-11-20 07:33:50
gp:AOqpTOEcuKp8hVkqSmkFUDAT8hkERSFXK6zbCKlS2425IBx6BnWtaJazRJfMzf2_M-hJqQy_e-ErNbL86qP7rw,Namiko Asuka,https://play-lh.googleusercontent.com/a-/AOh14GhSqVYF74d-8Z1DUhLF8eGV-M4qz_dRtFT-uKv0Hw,"Wow, and I though you couldn't get any better then Bright Ridge. Amazing work! So much has been improved in this sequel, yet it still carries the beauty of the first game. The story telling has been heavily improved, and there are even more ways to interact with the world this time around. The debate mini game was super cool and I love the combat improvements as well. Graphics are beautiful and the game seems to run much smoother then the original. To anyone reading, buy this NOW! It's amazing!",5,11,1.0,2019-11-18 00:09:48,There’s a lot I would change but also a lot I love too:) I’m glad I was able to add some different things like the debate scene - happy you likes that. I think I learned a lot and I’m looking forward to making my third game wilderless even better. Thank you very much for supporting me Hurricane Chaser and for playing both games🙂,2019-11-20 07:41:30
gp:AOqpTOFwnxxWUxH_Q0-Mf8pirsZwsyzK2lQMcURSpvZTgcCN5PGJ4qVGVOkrtanWAgq3k_Xa6ejNItKXJOuIKw,Juju Seekar,https://play-lh.googleusercontent.com/-R5uIDb5fKfM/AAAAAAAAAAI/AAAAAAAAAAA/AMZuucmW-WHXabE0_Xpiq4cr458hNHMdtQ/photo.jpg,"Breathtaking fun, though in 3rd person veiw, still a head spin, even with sensitivity turned all the way down.1st person veiw better. We always support this dev, as the love and effort put into this game are UNBEATABLE for a 1 MAN TEAM, WELL DONE DEV, WELL DONE.",5,0,1.0,2019-11-16 00:19:56,"My next game has really good 1st person built in from the start https://www.youtube.com/watch?v=yVDs7PkBqeY . Now I realize how important 1st person is to so many people:) Thank you Juju for all of the support - doing this on my own means support comes from players, not publishers, so 5 stars and good reviews help me keep moving.",2019-11-16 08:10:28
gp:AOqpTOHwiGLFrmKMcBiIHeIK5LVfhubU5dYUa5NgzNhMPc4yWfp6MxAczs3YYwwI8qATvRYkOvlYAcXuiDRb6g,Jordan,https://play-lh.googleusercontent.com/a-/AOh14GhxhAAIwi4Rysysxwp845UcYSL4bgAus56Jw4xXMA,I've been eye balling this game for while and I just finally got it. I'm so glad I did. So far I've been playing for 10 minutes and I'm really enjoying it. I really like how the bushes and grass blow in the wind. Also I'm really happy there's no in app purchases. This is the old school game mechanic I like without being forced to pay a lot of money just to be able to achieve what you want. The character movement takes some getting used to cuz it's very sensitive but that's ok. Great game!,5,4,1.0,2019-11-15 16:45:18,"Try Options-controls and maybe something will help with the movement - character controls one of the biggest issues and im always working on it:) Thank you Jay for the five star support - that is like gold to indie devs like me. I don't believe in putting barriers to game play so its just pay once, nice and simple and im glad you like that:)",2019-11-16 08:08:19
gp:AOqpTOEbEUHZfzlPZKBuZKc2yWdEgR3X-02jKgdTGt24diHS2g3mTtGD1WD6WajTRoNpLTjo77nR95XIqGp9mg,lord potate,https://play-lh.googleusercontent.com/a-/AOh14GhzPmGqiSgcC2FUQc-0LgHr6sa4VbyG6SMUJO3Qkw,I honestly loved this game and it's story it's easy to lose yourself in the world but the controls are a little touchy and gave me a little bit of issue I really do hope that you keep up the hard work and produce some more amazing games though was a great experience,5,0,1.0,2019-11-14 18:31:02,"You're not alone about the controls Caramel - its one of my wekaspots and im working on it:) See if anything in Options-controls and Options-camera helps. I have a new game going called Wilderness that is an explorer focus and im doing a lot reading and research to learn more game skills, and thanks to the support and 5 stars I am staying motivated",2019-11-16 08:13:53
gp:AOqpTOGevs08Fz2RHT-2yVVFeLOBDM5yFXRr9oIVagD7CWKzfFKKfdB1jCVeRXvVgyakipShLvwl0vzfnuuIMQ,insert name here.,https://play-lh.googleusercontent.com/a-/AOh14GiCQLgGKUwLv6wf_nbRg-k7wtJf8Fwn5EsBCTBr4w,Here's me thinking brightridge was amazing! This is even better! Don't know how just one person alone has done this! Incredible!!,5,0,1.0,2019-11-14 15:09:37,"Thanks for supporting me Mark - I often have like no joke 1000+ things in my list and I just check it off one at a time and try not to get discouraged.And its fun to learn so much and make mistakes that I can grow from, making worlds is something I love to do and something I will keep trying to get better at, and I have new worlds coming soon:)",2019-11-15 11:08:28
gp:AOqpTOGuasUvNiAlPdPQt5riWaHzYzZrv4Rba8bgbagatlpPyx4zideDGVFYsrXzzsSyXwb4xCbkv0Rt7ZMYWw,Kay Fash,https://play-lh.googleusercontent.com/a-/AOh14GhnWEx0xhcuyvDcwWbDBR85AGDAvWweDEMgJ2p9_fE,"Considering that this is supposedly made by one person, The quality of work and effort that went into this is absolutely insane. The PC style graphics settings should be the blueprint for all 3D games... You can dial it down or turn up till your phone cries for mercy. lol This and its prequel are what you call console level games.",5,14,1.0,2019-11-14 07:48:02,"Thanks Kay:) I like to give players lots of options so you can choose between speed and looks, plus my games are about exporing and freedom so the more you can customize the better. Your 5 star review helps me a lot, it’s the best way for me to reach more people and I’m glad you played:)",2019-11-14 07:53:29
gp:AOqpTOGJ4i_zwuZ_XiLyiMqQmare-2rQ76r0WSA-ExjnrFVBKrHONWntcllaoV5jyk17vY9---k9m-KKl6hkaA,Matthew Marchand,https://play-lh.googleusercontent.com/-imLrhDgP2qg/AAAAAAAAAAI/AAAAAAAAAAA/AMZuucmczHyNxOGCfaP0Sr5__IROjtCTbw/photo.jpg,"I am so happy to see this sequel to BrightRidge!! I haven't had the chance to play it all the way through but it is excellent so far. More of the same beautiful graphics, huge open world, and original unique story. I just wish I could have been a part of helping test and develop it! Thank you for this wonderful game!",5,8,1.0,2019-11-03 05:16:39,"Thank you Matthew - It's great you're enjoying Vandgels and thanks for the support playing BrightRidge too. My goal is to work on games full time so I can really share some of the ideas I have, and each game brings me closer to that, and each wonderful 5 star review like this helps me reach more people, motivates me and closes in on my goal:)",2019-11-16 08:18:11
gp:AOqpTOGgrSLyCVgqini7O3syrYwmx6y7dwy9iR7I4fGf7NnfsQXvl8Qv4gys9WYvjaFVC0hmFcQbQ85KVVAJ6g,Joseph Guilbert,https://play-lh.googleusercontent.com/-NMLVY9O_nWs/AAAAAAAAAAI/AAAAAAAAAAA/AMZuucl0aYMN6RUqP74jaaGnGSLCyHf1hA/photo.jpg,One word for you : BEAUTIFUL,5,2,1.0,2019-10-26 04:55:59,"I love one word reviews like this:) I like writing stories and characters, but I think in my heart my favourite part is just building beautiful natural feeling world and I am glad that comes through. I like a nice action game too, but there is something to be said for just sitting and watching the sun set. Thanks Joseph:)",2020-01-20 14:35:26
gp:AOqpTOHnXAISkWp9Lyy1QMuFqtFNu0X7v-rwKGsCLWJJY3qfM9H0wB-VZkC28t4UQUTx-uisU0UknvfnnlkLnw,Doctor Grumble,https://play-lh.googleusercontent.com/a-/AOh14GhMgMRUNzXWRtyUmxUw87t43mWmE2xXUSFXwpd2-w,This is a technical and artistic marvel (like brightridge). No other mobile game has come close in terms of bringing the world to life and making me just stare at the beauty of it. The story is awesome too from what I have played so far! I recommend this to everyone.,5,6,1.0,2019-10-23 12:30:56,"Thanks Doctor Grumble (cool name:) You know there's a lot of parts that I wish were smoother, but overall I think Vandgels is at least something unique and I'm glad you see something in it too. It's taught me a lot and I'm hard at work on game #3 too armed with the knowledge. Vandgels is close to my heart and im happy you took the time to visit it!",2019-10-23 14:05:31
gp:AOqpTOF7t4X4YeKAcporS0XXPx-TbIgM_5gZGWB41cBLOUOrgfWiUldaInqJZZmHGvmxhVo1Ee69cAC-CjaUcw,Rumblysuperset,https://play-lh.googleusercontent.com/a-/AOh14GizrCFcSsOg-HKh04BPHBEahDNcwx19_4VJXzwb6w,"As someone who is also a small indie team of two making a game, I'd have to say this is an amazing solo project. The amount of work that is required for these types of game to come to fruition is intense so hats off to you! Keep going strong!",5,1,1.0,2019-10-19 11:50:35,I totally get what you mean - its a real challenge to make games with such a small team and im sure you're as driven by passion as I am. The fun part is taking something that exists in your head and sharing it with people and hearing back from them. Thanks for the 5 star support (I makes a big difference) and good luck with your game too:),2019-10-23 14:15:51
gp:AOqpTOEVLEkb4aQF-WjcwDV7Xtt_TTCqyOdB8yM0aCHrjhKx6IVL8Y1jILG8w32rPRHNyQPcP0dzMDn1HbT-Ug,Josh Noir,https://play-lh.googleusercontent.com/a-/AOh14GjZMMOFzuCAJI8N7djahAUstilWTOwCt3qwgVPRJQ,"Amazing that such a beautiful game comes in such a small download package. Just starting it, but if it's anything like the first, I'm in love.",5,0,1.0,2019-10-14 21:51:12,":) Thank you Josh for playing both my games. I think BrightRidge was more magical, but Vandgels is set in a real place in my head and although it starts slow, I think the story takes you somewhere. For my next game Wilderless I have taken all the feedback and thought about it for a long time and will be making something different and much bigger.",2020-01-20 14:32:59
gp:AOqpTOGb30JTPcvU19AmFHqT7p4sg1Z9m43-2rvA_rHMQtPAfXXBEGUMfndICXF2_3clQJZup7fgKF1Oqt9cpQ,Jamilex Lah,https://play-lh.googleusercontent.com/a-/AOh14GhEKh6SRxwpxzGaUKlMqA6A0_eoXbQ0nfdOWMU4sg,Awesome!,5,2,1.0,2019-10-09 11:28:41,Short and Sweet - thanks Jamilex for playing my game and for supporting me with the 5 stars:),2020-01-20 14:26:53
gp:AOqpTOEVCn65VZ_F54jBTLg-AtM2XCD8GXveWGAmsKNC-A9aXbsy9qqc11NfkxNBErpGWbcGu3AfUlwYTGkacA,Jesse Leake,https://play-lh.googleusercontent.com/a-/AOh14Gg--vhkIp72QE0v1lgOn_pN8PgSdJGHpZztu_AaSg,I loved the first one and I love this one as well 😍 keep it up 🤙🤙🤙,5,2,,2019-10-07 12:31:37,"I will Jesse, thank you. Im so glad people are trying my game and I've listened to all the feedback and am putting everything I am learning into my new game Wilderless. Each game is a great learning experience, and through it all I have a string desire to keep making and sharing these worlds as best I can:)",2020-01-20 14:26:28
gp:AOqpTOFrmPCKjiSK4yN1XZNIbnMOfhUvD77JU9oXy9TXc2MakKyp0y89hketmj_eXoMxDOGl7Kthv1PHUKD9ig,Thatonegamer Boi16,https://play-lh.googleusercontent.com/a-/AOh14GiClGGZV-9dDq8CgQisO6Mj5yT7xYv9nYqDybNdnQ,Love this game it's amazing great graphics and it's so good IV been waiting for this game to buy it I'm glad I did keep up the great work,5,2,1.0,2019-10-01 13:08:52,Thanks Jason:) I am glad to hear you were waiting for it. I remember when it was just an idea about 3 years ago and I can't believe I actually was able to finally bring it to life and share it. Im also taking all the feedback positive and negative and using it to make my next game Wilderless even better.,2020-01-20 14:22:41
gp:AOqpTOFJWEvwGH1aWIfABAurGGg7lD5z-F_pL33jAv5EWVLx415mnNVtqXzH2aFwqub6t9AR3i2KuGecTuP-4Q,Kelly Warner,https://play-lh.googleusercontent.com/a-/AOh14GhJcGSaTrZRrM-G1csJy3aaKMN_dUq57spNjMtnMA,"This is a work of art. Between the interesting concepts, world quality, and beautiful score, I'm really enjoying this title. The environment breaths and begs to be explored. Tons of camera and visual treatment options for tweaking, and controls are reasonably configurable as well. If you're a photography fan, this game is a lovely experience. So much to see wandering around; glad I stumbled across Vandgels in my browsing. I hope the developer has great success.",5,20,1.0,2019-09-29 01:25:21,I love that you picked up on the Photo Mode Kelly - that's something I want to expand on because exploring is really at the heart of my games:) Its funny because it was through the game camera that I learned how small field of view makes those landscape videos look so sweeping. Thank you for the support and the encouragement.,2019-09-30 15:13:04
gp:AOqpTOHZSP7WWRz7qZGtITAYPGnAwOXWaQfmjoJiRxMx8t0Yi-mC_Yuq8ddtb5blIXhM-F9SLbZWrr3usxqoQA,Mitchell Nielsen,https://play-lh.googleusercontent.com/a-/AOh14GiJvDLAei5umdCadusSrgTPnkHU2WCB0U26A0NblA,"The photos and descriptions are 100% accurate. What you see is what you are getting, there is no trickery here. If you're looking for a game that is great to look at and roam around in, this is the one. I gave this game a REAL chance. I completed both the story mode and the ""Dungeonette"", and I can say with certainty the developer absolutely poured his heart and soul into this game. It does have a few bugs here and there, but no more than the average mobile title. Worth supporting the developer.",4,12,1.0,2019-09-28 09:12:46,"Thanks for the support Mitchell and for giving Vandgels a real playthrough:) I worried that a lot of the stuff is kind of hidden in the game and it's cool that you tried the different odes. Im working on updates and learning as much as I can about game design to be better, and thanks for the review and rating - every star helps people like me:)",2019-09-28 10:37:04
