reviewId,userName,userImage,content,score,thumbsUpCount,reviewCreatedVersion,at,replyContent,repliedAt
gp:AOqpTOFXFpUZyjC4zBL2-o3pPyKt7_7sOjnYiglGNvHcZpJ18WNlppsfmOib34cuAmmSQkrXtF78Bw43tC5ZFUE,Matt Wilkinson,https://play-lh.googleusercontent.com/a-/AOh14GhWqjIQl3ub7dX1br2kKVI5NU1lvlOwlF4L0VHy_Q,now THIS is picrossing,5,0,1.6.8,2020-08-24 20:53:34,,
gp:AOqpTOGhoYRn3ylF7xRgIVLB5vGrOOnS8dvE-BagW3OfhBnp5q3-WI6T8Hl3pptaUtDPVKGZa1Zc0Tipu-dSayY,Genowave,https://play-lh.googleusercontent.com/a-/AOh14GiI7tDUzswWXEC5NKT8sNwZ156wa6QhZdMWoQQDXA,"Controls have a tendency to freeze up and there's no zoom function, but overall this is an addictive brain-tickler.",4,0,,2020-07-18 16:40:19,,
gp:AOqpTOHSFCqerJI4ySU8GdREWofzLO7BFP3L-sLzPdtsfOBP5yRrN-HVu6WVGuSyxm1KuyBoNd-BkmOgAd31y2o,tone 19,https://play-lh.googleusercontent.com/a-/AOh14Ghjw6eAEC1XmV02bp_RYGFZls2-98GpQiRGQf6bsg,"精神時光屋,算下來一個拼圖不到一塊錢,若再加上隨機拼圖就超級物超所值,有點燒腦但只要完成一個就會有喔~的感覺,很棒 缺點就是不能放大縮小,玩到後面的方塊會蠻痛苦的,希望更新可以出放大縮小的功能",5,0,1.6.8,2020-07-18 04:06:15,,
gp:AOqpTOEiBDLw5sFr6AZaf6RK3m3NO_-edqx-MYVVywFdeNBUWR3c1iYifGttX9cuEMTdEaE2o5uRhvQVghqLV_4,Samuel,https://play-lh.googleusercontent.com/-xwUAh4rbRzs/AAAAAAAAAAI/AAAAAAAAXRI/AMZuucm3m629IG3vbJDo3uT73nd2MA8uKQ/photo.jpg,"I picked this up on pc last night to calm myself down during a panic attack and it was so much better than I expected. Can't put the damn thing down now. So I grabbed it on Android as well to support the devs. Wonderful game, beautiful music, cute af dioramas.",5,2,1.6.8,2020-05-21 11:00:05,,
gp:AOqpTOHGJ_HIsNd_axg4kaBjah-fJ9KgR2uTIIWNKg38uT4n92ylFe_d-b-KIG24eeN-YZa4rkTQ4avy25s6A8I,Brandon Dixon,https://play-lh.googleusercontent.com/a-/AOh14GjmpjT41zV886Cza8CCYr3y9_PQdd1MKH63_7FUghs,"Picross / Nonogram in 3D The music is fantastic and very chill, the controls are SPOT ON, and there are quite a few levels. It is not like the TONS of bad picross clones out there (I've tried quite a few). $5 is easily worth it (I just bought it on Switch too for $8, lol).",5,0,1.6.8,2020-03-18 17:01:06,,
