reviewId,userName,userImage,content,score,thumbsUpCount,reviewCreatedVersion,at,replyContent,repliedAt
gp:AOqpTOF5msxOMkbINV2T8XTbtkohQfP46wKSbeKiuXlA_o9mm7gh-YjXYzLb4oZBGyfpHFlAvXROa0Ovb87GBQ,Jesse Crystal,https://play-lh.googleusercontent.com/-5qmwHnecxkE/AAAAAAAAAAI/AAAAAAAAAAA/AMZuuclW3YdeHqABnjIJTjmJbODHGE2yAw/photo.jpg,Great sound!!!!,5,0,1.8-pro,2021-02-05 08:51:32,,
gp:AOqpTOFuWJw023URDOl2PR6CDIn4ag8JWRiPfLvVegZbVO76oL7-MQnmV6L8dizlqOBy41PwpR6PuJCsRjs_yw,Paul Hunter,https://play-lh.googleusercontent.com/a-/AOh14Gg7znXbzQzvrz1kBKy-sRYIynuvawlHIXdxHqcVqw,Think it's bad? ItSnot!,5,0,1.8-pro,2021-02-03 02:47:22,,
gp:AOqpTOEctAmTzkYpogiRhk7OM33fNiSCHHRYL7dpZ_IOk0kfwX8uLpsjYIYij9yjZLqDK8xUixi7anH8JLcfYA,Patrick Frantz,https://play-lh.googleusercontent.com/-M3Wd-KMZfmQ/AAAAAAAAAAI/AAAAAAAAAAA/AMZuucmaYsgumKWmoHoC1fjhxKChnaUGug/photo.jpg,Works great! Now I can hear what is being said on all of the videos.,5,0,1.8-pro,2020-12-31 07:07:18,,
gp:AOqpTOEra0m2BY4cgb39RtH2rCz3DSkyV8t2Q-tPolnTfKwJbzlFtcqg4hBmKwzm13dzmUlAL1BljQ1C5BP8pA,Alma Carranza,https://play-lh.googleusercontent.com/a-/AOh14GhC84rY4bMKWNWrXGuW8lMwDHO7taD6skzWLqbJdg,"I recommend volume booster pro to everyone, it's easy to use, no need to adjust anything on the app to make it sound great.",5,0,1.8-pro,2020-12-05 10:08:37,,
gp:AOqpTOHMatFh6jA8irLbNX1Id-CLzMChXrqe7jmIISEXCXsnbO2Nv3dgc54vwRC9xY8ZAYk9vBoXUh8xeDxMVA,Chris Koll,https://play-lh.googleusercontent.com/a-/AOh14Gi4kRVxEBnCw5RLu7Gnty21OuDfoJux_cdknEZxSg,NO STARS!!!! THIS APPLICATION DOES NOT WORK!!!! DO NOT WASTE YOUR MONEY!!!! DO NOT WASTE YOUR TIME!!!! Read the reviews!!! Eight out of ten people have said this application doesn't work for months and months on end and the developer hasn't lifted a finger to reply that they're trying to rectify the situation. Once again; DON'T WASTE YOUR MONEY OR TIME WITH THIS APPLICATION!!!!,1,1,1.8-pro,2020-11-15 15:53:17,,
gp:AOqpTOGndvJ_3KkTxc4Ltu-HrpPGgKOU4NW4BIFAQSu4UB8X3n7z4413P843UN842wVsCgyimt4fA1SacDDCMg,William Salkeld,https://play-lh.googleusercontent.com/-eTbMrN59FAQ/AAAAAAAAAAI/AAAAAAAAAAA/AMZuucnlrODa8rPBNL4l1FfwmRfjqsu4dQ/photo.jpg,Best one yet very happy 😊,5,0,1.8-pro,2020-11-12 23:46:26,,
gp:AOqpTOGHSpf29DQFNW8n6Nu5GveHmBUKABHeukEg7UlelkEXvpUqhx6Zb1y2rRgFmhN4WSXqmhOhP_jnAHKx7g,C P,https://play-lh.googleusercontent.com/-78CLtqvlQVo/AAAAAAAAAAI/AAAAAAAAAAA/AMZuuclS7QZgxmxOw8zrd8BwqTSbzmXWhg/photo.jpg,Not compatible with Motorola phones,1,0,1.8-pro,2020-09-28 21:25:14,,
gp:AOqpTOFpPV9eonkQ1sE2r1iEM3DFF9JmbDhGC9F9ntG11I8Ie87MDxZDbD8WLIjg7nLSlD6k-mlj0ixiqEdtUA,Monty Ellis,https://play-lh.googleusercontent.com/-vusknU8WGgs/AAAAAAAAAAI/AAAAAAAAAAA/AMZuucktoTshdz-aBHCQWs_ecEg47l4smg/photo.jpg,Great app,5,0,1.8-pro,2020-09-12 14:40:02,,
gp:AOqpTOGmZpJZFEld336Ee2jnM7eHFhxyDi9ssmDOxERvLRVJD_DOYdZdnzYM5g2eO149sbYsanONuEpCNc9SZw,G C,https://play-lh.googleusercontent.com/-Msv3I86kdyg/AAAAAAAAAAI/AAAAAAAAAAA/AMZuucnUYt2PEKKcxv36wVVEAfhH4yvDAg/photo.jpg,Amazing,5,0,,2020-08-21 07:51:44,,
gp:AOqpTOGbGFeOTIXJl0d5x9rE3_GpYhoO592as9Z4MPLZil_R8i9Ha0KotODms3Eh5AmdWQ51YZBGVQif2kQRnw,Huseyin Ozdemir,https://play-lh.googleusercontent.com/a-/AOh14GhSM9POcGM8252hLPaA0fnLdsxzmOgTr7RDhmn-FQ,Perfect app,5,0,1.8-pro,2020-08-21 04:05:56,,
gp:AOqpTOEl86akTewMQLyl58X_0Q3pp7l0Lr8J0j4eYjJ6HDDV--xQiOJqD3s9u223ilv1pOi_apjOcfVjvhIHpg,Bobby Best,https://play-lh.googleusercontent.com/-p1i4pELi618/AAAAAAAAAAI/AAAAAAAAAAA/AMZuuckdEcvBhIVOl7x--DX2ZDyRNP9nLQ/photo.jpg,Worst app ever. Don't pay for it!!!,1,0,1.8-pro,2020-08-14 03:26:21,,
gp:AOqpTOETuv9GIPteqq5H5Ld53xZ6qHCxENO8TbJ0agGE9zuVDXgqRnp5SBj4nJUHKv5dRqX76OiTa4X7sCT-sA,Some dude,https://play-lh.googleusercontent.com/-5oMZ5qisHhs/AAAAAAAAAAI/AAAAAAAAAAA/AMZuucmP_PSMZm0X50H_rVTOkA9SJfpRmA/photo.jpg,It literally did nothing lol,1,0,,2020-08-13 14:19:13,,
gp:AOqpTOEvHo7xPN8ovGspLUKGIzT2msDAJNxOX27szGiYHfqAq0yACcAC-lSbej9pbwCEsnzEiT9fM65gL5sttQ,Joseph Grymala,https://play-lh.googleusercontent.com/a-/AOh14GgQMOsGWn31L95JTTD44wmJw0y1_m1IG1JULJfK4Q,Works good im ok with it,5,0,1.8-pro,2020-08-05 15:22:30,,
gp:AOqpTOHqtpLQ7PbJejvZv-m4blsMfTYee1bJIE_v6kRakK7CX8zOQSFByMd6_D65bqCPVxNTt61UwFpf_TgLzQ,Ken Blue,https://play-lh.googleusercontent.com/a-/AOh14GjzRkajX-EgnfugLGy5fdwEzIIapElBoZHmplQw-A,Good,5,0,1.8-pro,2020-07-29 01:14:35,,
gp:AOqpTOEfSUKnG-FePiKCYoEQVYkXs3j-n7wyJEMQrAhRXpqlgD9fXYbRbJ5Lqloz2vWyCMExNmceGrp7CIaDVQ,Adam Ogden,https://play-lh.googleusercontent.com/-OwFINWOPOBc/AAAAAAAAAAI/AAAAAAAAAAA/AMZuuclxJW8lw_-cXklFr-XC7OTPwTZ2HA/photo.jpg,Not worth paying money for.,1,0,1.8-pro,2020-07-03 00:44:14,,
gp:AOqpTOHjIO3H8ndwmH9oiBczlX35KfoS-cAG2IttYhiklKuhcUua3XByTQZ--3ZObYC7LYmrK0h98T0h7LlTPg,Mark Weaver,https://play-lh.googleusercontent.com/a-/AOh14Gh7ei08owrQSurZGLKh1DDjs0rbKYQwgihTUbT0_A,This booster is superb I give it 1 star because even though I paid for it every time I use it the thing keeps asking me questions. When I pay for something I don't want adverts or offers or I wouldn't have bothered.,1,10,1.8-pro,2020-06-23 14:45:34,,
gp:AOqpTOGn3C8k4BzHicV3iXbCT7ue4_IvGxbcZ3FlToMuYAYVvD0pT344MZLqhje7wzXiQnK5TNj3McIl_4ASHg,A Google user,https://play-lh.googleusercontent.com/EGemoI2NTXmTsBVtJqk8jxF9rh8ApRWfsIMQSt2uE4OcpQqbFu7f7NbTK05lx80nuSijCz7sc3a277R67g,"Have LOVED this app for years but then all of a sudden, it's the same as all the others- does not affect the volume whatsoever. Really disappointed.",1,0,1.8-pro,2020-06-13 06:43:04,,
gp:AOqpTOHnnX6uV3Mm8-3F-g1mzj6Sk5jvjaMQPjUjRD4h1NkCHUrrsHgfefIU8B952y-MriHi-F5t61DS1p5FYA,pietro 327,https://play-lh.googleusercontent.com/a-/AOh14Gh77uVkv7iOTqVteURM_CExuMLaAD-dABNg7Rhy5A,Once It used to work very well but now it doesn't work anymore. Id rate it 5 starts if it worked..,5,1,1.8-pro,2020-06-02 16:42:36,,
gp:AOqpTOH9y3Z7qCNIFeKk4WgJFCYLAVEh_FN3UbXrQaB21fhC3q_P__onbJm7N_B1I1bZmzhi2uHV2EZxiO9urg,Calvin Wright,https://play-lh.googleusercontent.com/a-/AOh14GhgZHGwg2J9VSx0GBXXfeU3G_sAuDTrqO57FEKs,I have a Samsung Galaxy S20+ I noticed the max volume for this device is no where near my previous phone the S7 I've tried plenty of apps and none seem to work I tried this one because surely if you are going to pay for something it will work but unfortunately it didn't for me. I see other reviews saying it works so maybe it's just my phone.,1,8,,2020-06-02 02:31:35,,
gp:AOqpTOG2S1a_0EhUhnaRdzW5Iyj-x_hfPPEOeA8MO1nv0NyJLI2zbdq6z0E0RvjQUuScvOUpwV6-hvjz6Oz_rg,Jackie Escott,https://play-lh.googleusercontent.com/a-/AOh14GiY2j1YtIvS9hXkZfx1NzZpgEIdA1X7Nf1N4idInw,Love being able to hear my audiobooks Without a headset!,5,1,1.8-pro,2020-05-06 20:58:58,,
gp:AOqpTOFD8kkq4gtpLNUlqnwont-B8MU7weG6r5J3hi1vdV_3BTgKjJO5PND14WKiimj0Ra7G7dkkZvdp212PkQ,Bruce Gray,https://play-lh.googleusercontent.com/a-/AOh14Ghcz58Vh81s9OUa4yfZ38lPnK-fG1Dce_oU1vmZ2js,Works great stylo 4+,5,0,1.8-pro,2020-04-10 20:59:47,,
gp:AOqpTOGo740AiB5ttUVVIeldwIw7HBmvm4faSA0D-IWLyXza4zJi6TBVn1DyfCp9ULRoZeR6td_LNJBKqGjZEQ,Tara R. McKay,https://play-lh.googleusercontent.com/a-/AOh14GiijVWeHWLwq-hfyX_9D7_N_HRYBaL19FySQqE0hg,"Awesome App! Absolutely the best by far!!! There is a significant difference in the volume with this booster, highly recommend.",5,3,1.8-pro,2020-04-09 14:27:42,,
gp:AOqpTOG1oj7Y6dYwS4pbhZgpnZgEcSLj9Yv51jTtYfAe-GB4Bwut-DevSB6vng660GUTm0J8AlLbllmGnLEzkw,Druid D.,https://play-lh.googleusercontent.com/-BhMrKZ4zG3Q/AAAAAAAAAAI/AAAAAAAAAAA/AMZuucn3OXsLAReVQZvSe2H4XmydIJsH-Q/photo.jpg,😁🥇🎷🎺🏆🎶🎙️📺😎,5,0,1.8-pro,2020-04-08 22:59:51,,
gp:AOqpTOGmrbbADEdIMl4WHv3AKUSLG_byeM7SN5PrhUe3qJTRglg2K_o1EgaQd6yOPEP6eANRflsp2tB_hvCZ9Q,David M. Carter,https://play-lh.googleusercontent.com/a-/AOh14Gi12fy0ebp2Xuxi5Nc_m329LJtTsnQeydJyn2dj1Q,Great volume booster. Works great,4,0,1.8-pro,2020-03-12 17:28:53,,
gp:AOqpTOEkll2L9zMKSnJHOHcT6r-QtNGsWy5h7hL6dn9icg9gSRis35ZbbLmu23mAyPgQR93ybGB1lwebdOkQcA,SHONDA WOLIVER,https://play-lh.googleusercontent.com/a-/AOh14GgfhQEucP68YNrY-inpuV3YoBjsNzZtyfT33_vRdA,It's awesome.,5,0,1.8-pro,2020-03-03 00:21:55,,
gp:AOqpTOFEAoSfP4G85b8XdsLkAz2TTcYFUdtzEyCaa01J0fjn4Gb8GHTjuQWGRt8HbrmIlLlijhuL9ma0An5hfg,Calvin Krone,https://play-lh.googleusercontent.com/a-/AOh14Gi3RmRG4s8KNd8Py7-ZBOl5rY7aHrZd9Ic6HvroM2c,"Work's 👍great, highly recommend love this app 😁",5,0,1.8-pro,2020-02-16 10:10:58,,
gp:AOqpTOGWiDwelFlgzfhry1u6XAMOmAgzGPEF8h-XOHlQov8D1_r8nRxasCfyKj4Lx12HvFF3nxOkBpfeDDBd6g,Lilly Jade,https://play-lh.googleusercontent.com/-m_tuEuEgDm0/AAAAAAAAAAI/AAAAAAAAAAA/AMZuucnwK7QLAEM4HSHwRXEko5aF5dS-iQ/photo.jpg,Does the job it says it does. Could do with a few settings to alter bass/other sound qualities.,4,0,1.8-pro,2020-02-06 09:30:29,,
gp:AOqpTOEpuxXpGo5Aj8IcIDYTM-7WsnC_yCE8iQyEs4qRxTlwLuahv3JEe-AtOvNzLK5TA-hfWvSo53__HRvyLA,Mamat Enoman,https://play-lh.googleusercontent.com/a-/AOh14GgEE4IQr85GLVE510X4OudFxYqO3cs2Vm9QTfsJ,Good,5,0,1.8-pro,2019-10-30 02:45:34,,
gp:AOqpTOE1XVyHGQCqoFi_gzVZhvFEft7c3_oK6Mofoj9K8-40PYGdrQYPl6XD4LqsYdNimQv8qqCs6CBqsRhtBw,Douglas Newhouse,https://play-lh.googleusercontent.com/-nDAY4dqDXqE/AAAAAAAAAAI/AAAAAAAAAAA/AMZuuckXk_9MxIblj7PGory2GAsQGDbIkA/photo.jpg,Simple and works as described. I can now listen to my audiobooks inside my motorcycle helmet while cruising down the road. Always wear earplugs !,5,2,1.8-pro,2019-10-01 16:36:43,,
gp:AOqpTOEbTQ2lGduHzX3QBhOR8YQpN6RDc1KRnd7YyWgtHZ6lbLi57ttV5pqAzHJxCTG5CbcNOCgdjaSl3VtO9g,Incident Electron,https://play-lh.googleusercontent.com/a-/AOh14GhEPljhTiT8gUywvPufRUapB_ldhJ0OB4dS4NDRlA,"Intermittently works, constantly badgers for me to review it : well here it is!",1,1,1.8-pro,2019-08-04 03:39:14,,
gp:AOqpTOEPyHAm0XAtmGnY8cq-0lpPbiJOrloGAD5ibzq64-8JJrGojamtKnSQZMB-fwpII4SXXNM8g3ptCXEhSg,Diamond Shuey,https://play-lh.googleusercontent.com/a-/AOh14GhAxs--AqDvmP52YmLW7iXPiZqk5w_A5a_Z2iao8Q,there's no difference in the sound,1,0,,2019-08-01 19:29:55,,
gp:AOqpTOFB8K8GEh_18hAh0QR17c0kzEfELYwZOH_qVxK232UOCustZVsrCZhIZXOXxi61cqpxGctWrqD-Ah5Uag,Wayne Johnson,https://play-lh.googleusercontent.com/-6p1wuwglGWI/AAAAAAAAAAI/AAAAAAAAAAA/AMZuucnE8jC6MC8A1V2uRaEYJD-Pn0EVVw/photo.jpg,shuts down and stops working to ask for a rating or to upgrade.,1,5,1.8-pro,2019-07-20 01:11:49,,
gp:AOqpTOGPBy3hQHt2Cz91pWmljPbZZ27WSNV65vIY2axxyzb86d3ybQlqRrLNejBpD2Hd-L5AOi6Bat4we-Rrlg,Alasdair Jenkins,https://play-lh.googleusercontent.com/a-/AOh14GhLFsdQZ1kkjdcFHZFx_GbKO6ljGtDUW9o8PsGd,Terrible sound quality,1,0,,2019-07-06 15:09:40,,
gp:AOqpTOGsCa05bwc7VZ_bBQxbUBxWdTZ-rRMv5LUuOEhItyUzWv84xZ8J787z32g2u2vNSYM4rW7YmTF6TNRumA,Charles Watson,https://play-lh.googleusercontent.com/a-/AOh14GisD7MdLnaoYi2k39Tz5jT1GIZRA5oPUjz_K_WiTA,Good !,5,0,1.8-pro,2019-06-02 09:42:33,,
gp:AOqpTOHacOFgO5UMQ1rch7AYmiCsOB2mkL0ddWxnopK379hdgyXjxX3R57BsmiyK4NXaFp5N219n7GXS5wimow,keith woods,https://play-lh.googleusercontent.com/a-/AOh14GjADHHm-j7GxqGKHkuPcpis2eCMsClxuEormvBY,great,5,0,1.8-pro,2019-05-31 16:34:20,,
gp:AOqpTOGJoysVoKgtfjT3f9Gm4J6XqNTgZQqSV1hbrLqoV4uTsgLh7lwlpUkdPH_CFvZYeFLkB3_C3OBlgD2tHA,Neo Sky,https://play-lh.googleusercontent.com/a-/AOh14GjyfhWdYjySg4HVAP0NAedOSMc68AoZCqdJ-e4KtQ,very good...,5,0,1.8-pro,2019-05-28 03:20:38,,
gp:AOqpTOH6KFNdyk04E7_Kdn9xvA_rChoAjZCZs5mbu6JqHIk6YbgN_QJISqikxPkzGWFeTf8bzXF9YsKGJSMeqQ,Will Melendez,https://play-lh.googleusercontent.com/a-/AOh14GhRYVId3qc-ezH0rXQcfahSVL4Ki3Mp5tvLndrFgsY,Awesome,5,0,1.8-pro,2019-05-19 17:11:14,,
gp:AOqpTOE0_c_4K5GImloHG6TnPhcR7AUB_KImztC-lmlQ6Tg_ARVRjencwX994i8pgrH-u6gX5F8814W636p9TA,TheDiscomonkey202,https://play-lh.googleusercontent.com/-YMfTpe7ITns/AAAAAAAAAAI/AAAAAAAAAAA/AMZuucmvd9SyLVnti0kBSNxowDfzQQmG-g/photo.jpg,"It does what it says on the tin, it makes quite a difference and is easy to use. Thumbs up from me. Update..... it suddenly stopped working!",5,0,1.8-pro,2019-05-10 07:04:59,,
gp:AOqpTOEXjm6uJNZH_uU0kOrNwvG7ETPMv5wTeuxKu1TEDoTefhtRqP7dNFVvzSUDkARkWjLSV7VoS0s5wBRjLw,SAMUEL OWUSU,https://play-lh.googleusercontent.com/a-/AOh14GhYMjY5-6I_x2dIPsf3u64c5YXg1VJEAvxA1L99t74,App sucks dont buy it ...you cant use it with wireless.,1,4,,2019-05-09 13:06:22,,
gp:AOqpTOEEXF145huK1gGDAxB5PJY0C2hxDD6K9I0gM6nInp0Rzb6JOa3lhC2aub6KWymsSnE2pIpuXTn46yw8Sw,Grant Snowden,https://play-lh.googleusercontent.com/-gyPKYIZtaJw/AAAAAAAAAAI/AAAAAAAAAAA/AMZuucltdLTQZjttwtoIQZb8aBgw2HMYTQ/photo.jpg,"this does not work, dont waste ur time",1,0,,2019-05-07 00:54:19,,
gp:AOqpTOHdvbggG67xS_OEuBD7nfFidf6PJZHR5MzrGSRNCGE20FL38YbHlsNoowVsk5-IvpjPIAbuGzw_ZD1hQw,Jon Hainey,https://play-lh.googleusercontent.com/a-/AOh14GjS8HzYIy4Np0rjBJ6yTAGPojNPLk3DuSbq69aN,"Actually does a good job boosting. i wish it would work passively. I have a stickied notification saying it is boosting my volume, but have to actually navigate to the app to activate the boost. it shouldn't say it is boosting volume if it isn't currently doing it.",3,2,1.8-pro,2019-05-03 04:54:23,,
gp:AOqpTOHWPnzbrqcv8_tR6CrZCF_3QrVdBNTVHB6RFIxq4GE-kRa9bQK3xvA94K_6JJRT-x6hO59GQlfG8LRvRw,Raymond Dinkins Jr,https://play-lh.googleusercontent.com/a-/AOh14GhSzvyP06WA_ECF9-12jx6oIIrJXQ1ZPv4Jj0pLTQ,Trying it again,3,2,1.8-pro,2019-05-02 08:34:50,,
gp:AOqpTOEuxK--YKpfCw1NA7BWNBMsPR7fCIRbf_hpRUgJpfrPFZQA_qsrVEdFgridJuMVvWr26eHQAYJ2KZdJrQ,andrew marshall,https://play-lh.googleusercontent.com/a-/AOh14Gg4rrMb9Xxt-iz26kJPgM3DQDOyQr5SuaTzWjit,decent app,3,0,1.8-pro,2019-04-29 18:05:21,,
gp:AOqpTOGWGc33E-NgR6M0kII7M_28ulPuGpJIE6bs76l2W3iO4_52MPydNzXRCRnckaGC4YoiztiAf3tReUlFCw,oliver vaage,https://play-lh.googleusercontent.com/-QAzhtmeMOK0/AAAAAAAAAAI/AAAAAAAAAAA/AMZuucmg5pNWcjlN2Rhs6mX6zEZJTZuhFQ/photo.jpg,Does not work with galaxy s10+,1,0,,2019-04-24 09:04:37,,
gp:AOqpTOEx2d_-zu-oTGcbcsNXA0O9Vf9Va6ehS0I4dyBChmYwvrB_9EUMAw9rD7Cdf4LHSCDSl_jV2PGeaHOxoA,Emma Johnson,https://play-lh.googleusercontent.com/a-/AOh14Gi5wwcVKgkqBgIwpmfDjO8pBHFbEeiz3cMfeom3ow,good,5,0,1.8-pro,2019-04-12 03:11:27,,
gp:AOqpTOGbY-pbw8ff-45ra-vpG2ACzuUeQ8DCFPCN2TnLLA-b1_bfoNpvS8D68jZS3tzb30OSR8zObiXEuZ-J4Q,Jay Hawkins,https://play-lh.googleusercontent.com/-6cWdcbzC9YQ/AAAAAAAAAAI/AAAAAAAAAAA/AMZuuckmuudqMdYCc20ww3UkIA5OCnv7Jw/photo.jpg,Works great on my Samsung s8+,5,0,1.8-pro,2019-04-12 00:17:53,,
gp:AOqpTOEU0fuM2KGMiQ6hGSeE9v8-N5pOfFjPPuqsIu-U71ZtvXne-pNeK9fer3B2xo5Q5FhnK9RnQjOtgHp5dA,My Kobo,https://play-lh.googleusercontent.com/-7Jfh2UDxTnM/AAAAAAAAAAI/AAAAAAAAAAA/AMZuucnohe1AH0Y714EmdMgUdfW79jWIrw/photo.jpg,"I download and listen to podcasts on my phone while driving. I plug my phone (with a cable, not bluetooth) into the radio aux port and listen through the radio speakers.. Even with the radio volume turned all the way up and my phone volume turned all the way up. I still don''t hear well with the windows open. Fortunately this is only a problem in the summer.   So I purchased this app hoping that it would increase the volume in my phone but it has had no effect whatsoever. I can't hear any difference since installing this app and setting it to 100%. Is it because my Moto E2  phone is too old or my version of Android (5.1) is too old?  I understand that Volume Booster Pro is made to be used with headphones, but I'm using the headphone jack on my phone to connect to the aux port on my radio.",1,4,1.8-pro,2019-04-11 05:45:53,,
gp:AOqpTOGWQmcSB-URVYT-sZhm9YhBjFcWpAO57-56_HTKoKSLVZ9rwvhbV3qB4lrKPgRehtmrwkqOZlNpk9g3eA,Jon H,https://play-lh.googleusercontent.com/a-/AOh14Gjgzx8I6aYKpdr4ir1cFFO-mxb6_QqpLn9WwtDVNg,Samsung S8. Application makes no difference. I have been refunded.,1,0,,2019-04-09 02:25:26,,
gp:AOqpTOFIsDdYZkfN75B3mrIfQvm4M-w9QOg3b-kJTjyquj0rutfWf3rvLBJ4FWpUAUawqt27ZoCYipImD8UENQ,Tommy Acker,https://play-lh.googleusercontent.com/a-/AOh14GhvS7h9xy-geDPCkXbnoj2c47G00ZTtPBzThjqlFEQ,I want more power ! 😆😋😳😀,4,0,1.8-pro,2019-04-08 15:48:06,,
gp:AOqpTOF74cu0wH5hM5rH58505pjXvLBowK0uOHzGpNOLx2DNJ9bW5IuTQISL4J0R3oVXRke5FRtDsBoCrHZgqA,Florian Theßeling,https://play-lh.googleusercontent.com/-P0NueO2lCZ8/AAAAAAAAAAI/AAAAAAAADEo/AMZuucmLe1prxhjbzp7JIwQvF72i0Vrm2w/photo.jpg,App stops working constantly out of a sudden.,2,1,,2019-04-05 09:26:20,,
gp:AOqpTOFM9aEeDkORYjQREvRBt4sNVHMc7mvwyON8LgLKz5cozxSamEwETIeVJLSQhMIqm3U4_jMfd3saPvd7VQ,Cekiert,https://play-lh.googleusercontent.com/a-/AOh14GhguOgLWS-7r_oVhxb77D4p002sDUvNY7F0FlA-eA,didn't work with moto z2 play,1,0,,2019-03-30 20:23:17,,
gp:AOqpTOGZ55IvdGr1aEkHdGSaiFA0zHUZXhgAKz9FmG1CC8bqhONtDGWkCMJvDk60RClmODI-ou1OQDDt8C3Dww,Luis Rivera,https://play-lh.googleusercontent.com/a-/AOh14GiuRcJfiTjXdtLgntVDJV0Fv-DnDjY8pVi3eRbBWQ,Doesn't work. Atleast not with Wireless Earbuds on my Note 9 on Android 9,1,0,1.8-pro,2019-03-27 23:40:38,,
gp:AOqpTOEHG0Q0vsJBwfJx_EvrUvKUEz_rYDi0L7WFOorvyGA00XnMqdlAEF4l8YnQSFglW3MHUXRDJJfgXcSxvQ,JahJah Jahabvu1959 ja Halstead,https://play-lh.googleusercontent.com/a-/AOh14Gg_E0Jt96yUBWdT5eUZQFo2Yhmc-nkHGnwa7MuU1Q,"good so far for this device , easy snd straight forward to use,🍁jah luv",4,0,1.8-pro,2019-03-26 15:16:13,,
gp:AOqpTOGAVBqxopNVuAGvbgwcpJs8BUr_eycHhqlJAQP_OvO715NfEKTUuh5SJDobJry8ytoC7ySZhqxJSlsl4g,A Google user,https://play-lh.googleusercontent.com/EGemoI2NTXmTsBVtJqk8jxF9rh8ApRWfsIMQSt2uE4OcpQqbFu7f7NbTK05lx80nuSijCz7sc3a277R67g,"For what it is, this is the best volume booster. Raised volume is alot smoother than most. I recommend not going over 25% though.",5,4,,2019-03-23 06:21:43,,
gp:AOqpTOElnJQinpPuOkc3lhmVsuaql9aGMHET4iZLWUnVhWsKCFqFNJW_1bIk5axGj5HDFhncpyVPGGhEjOtQWA,Tomas Ronnerstedt,https://play-lh.googleusercontent.com/a-/AOh14GilMQ9LyywZBFsGGKamREOP4BesQ0fHO11DzOg_,"Does what it says well enough, but I found the constant ""popup"" annoying.",4,3,,2019-03-22 10:06:05,,
gp:AOqpTOE3JeyVX7p36-cM__2oUA28mRZzeItD2G47gEVGaywar9jJwp7HqRSYKEpsQbz0ZjasqqPH6NIMf27fcA,leul amorab,https://play-lh.googleusercontent.com/a-/AOh14GiXB6Pcqg4yaKDAhPcfKCOX9j3_hNcFppC_KwUm2A,great app,5,8,1.8-pro,2019-03-17 09:29:36,,
gp:AOqpTOGF2QnCmX2EArHHHRD65Y8tt1YG97gFS-6b83oE7YeifVP7PqibKbgsJucCkYCmaBJlaUZks9IaeYfSHg,A Google user,https://play-lh.googleusercontent.com/EGemoI2NTXmTsBVtJqk8jxF9rh8ApRWfsIMQSt2uE4OcpQqbFu7f7NbTK05lx80nuSijCz7sc3a277R67g,good great,5,0,1.8-pro,2019-03-12 18:44:15,,
gp:AOqpTOHzh6vReeJE7YJDCJ9QKnINJ3XI8U96eYZjhwPvFie10Q4mlPvLLWNPtEX5qbhQc3ESQ_g275y8HV0Tqg,John O,https://play-lh.googleusercontent.com/a-/AOh14Ghd4YXllfQ8Z7VWDqQw6bKzh9-XmuZMYaeUEto7gJ4,works,5,0,1.8-pro,2019-03-05 08:36:13,,
gp:AOqpTOFBk6QemeDdgYswBlPyXPIvGYVhwWVP9ZdO8_BEp_1Cv0rx6tZQzK1NToegS64vtEpkoD2bpgloTRYsYQ,A Google user,https://play-lh.googleusercontent.com/EGemoI2NTXmTsBVtJqk8jxF9rh8ApRWfsIMQSt2uE4OcpQqbFu7f7NbTK05lx80nuSijCz7sc3a277R67g,works great!!!!,5,0,1.8-pro,2019-03-03 22:03:21,,
gp:AOqpTOGlCVObd4s120HjmybEhwJ2PzSHHnMvzZXYxOPKngKKqFKyaKLmxD8-7-W5AMaJYJ8i8LqhfP8CinZvkw,Omar Issadeen,https://play-lh.googleusercontent.com/a-/AOh14GhcLKofMCfRoV2_vl1bpkUK5GCVwmsBP0CTkews5g,Works well. Just remember to disable!,5,0,1.8-pro,2019-02-26 13:13:53,,
gp:AOqpTOGw_bJCCiu20aQS4J4451ByzT0phuG4kPODqiyEExD2A0vp3ruMkst6SFVDa7YHB-AVRV7t6RgWDBu_Nw,Jun Dimayuga,https://play-lh.googleusercontent.com/a-/AOh14GjqMFg8QObUrc-ooKpZueGNguKUDHi52L3sh0k6,It's simple and easy to use. Works well for me. good app,5,0,1.8-pro,2019-02-20 10:26:12,,
gp:AOqpTOHAvW17KgPTA0W83Y58DXIfBFSQFFwJdXV22goXM4i7AKg5mDqAveTYbsYolAsfvZiOTY0z_DT0Z4mPww,A Google user,https://play-lh.googleusercontent.com/EGemoI2NTXmTsBVtJqk8jxF9rh8ApRWfsIMQSt2uE4OcpQqbFu7f7NbTK05lx80nuSijCz7sc3a277R67g,Awsome !,5,0,1.8-pro,2019-02-20 04:48:12,,
gp:AOqpTOFs80f95mknrZW5mQHjWvGWijeGUEsn3IG98S74ER2b-o6Xa1VEq_RbR_-MKhyfBR6dv1WoDHgyp45aIw,john Paul,https://play-lh.googleusercontent.com/-syA4uVJX3Vg/AAAAAAAAAAI/AAAAAAAAAAA/AMZuuckch-QqJA306PvRJCdoZ9mSLvbloA/photo.jpg,Does its job,3,0,1.8-pro,2019-02-18 01:26:08,,
gp:AOqpTOFhbQr9s1u-ofimwa0O977q5HO10DhGrpjS64rcq3otYHyEWtIS9p_kycek2y_3fB8z740JNsa5Tk_aQA,Nathan Andrews,https://play-lh.googleusercontent.com/a-/AOh14GhtBWgV2BsfRc69kOoNdKi2ruqL69Kf3YWhl70ZVA,App works fine but 2 prompts every start to leave a review so 2 stars.,2,3,1.8-pro,2019-02-17 06:51:00,,
gp:AOqpTOHScB6FtVAo1J2uyigGiWqYbgzc8E4lT9Z1Lq4Uo_d6Oo1FfcFv3hbHJHEbGa-DFTl61g6aBFiwaFUdAQ,shaun keenan,https://play-lh.googleusercontent.com/-TwIjwRntFwQ/AAAAAAAAAAI/AAAAAAAAAAA/AMZuucmLefJuJw45YWszZ4wkAQhFzzuJHw/photo.jpg,Awesome,5,1,1.8-pro,2019-02-11 16:44:20,,
gp:AOqpTOG3uUCJDqzaCWO5jT2s1k6ww9Ed1T37tvF3pyYm3RPLOy4JBlgrgBY587aj0eiuaq-qLKOy6B8SoU_G9A,I Velasco,https://play-lh.googleusercontent.com/-fcFiNxv7NkI/AAAAAAAAAAI/AAAAAAAABII/AMZuuck6R3gpB00OzT8ldWuk5YcarPaOUA/photo.jpg,Works,5,0,1.8-pro,2019-02-10 18:41:46,,
gp:AOqpTOFXqO2sO8qXAVl7Dw71qkNSGUZwQVrmarlslnogOjWbv2v7tMqOQRAjbjN4-c6RWjXfRs_X0F9TlI9jKA,A Google user,https://play-lh.googleusercontent.com/EGemoI2NTXmTsBVtJqk8jxF9rh8ApRWfsIMQSt2uE4OcpQqbFu7f7NbTK05lx80nuSijCz7sc3a277R67g,doesn't work on pixel 3,1,0,1.8-pro,2019-02-10 16:10:12,,
gp:AOqpTOHl4kAd1L6XwplDpj-ZwtfiRLbQnY0JJXkp0_gW6CmqGsCVC4IV-zuTmrTJnkdDLPiJl73IX9UCjl4jmg,Kevin Fraser,https://play-lh.googleusercontent.com/-tT2IxC1q6a0/AAAAAAAAAAI/AAAAAAAAAAA/AMZuuckuf1A1jVJxPevFakFQvZ1-emIvsA/photo.jpg,waste of money and time,1,1,,2019-02-05 23:12:11,,
gp:AOqpTOHUnenCshQtOchDtqUzrbEmdTB-ueW6IfkYWNclZTLI0MVTDH49vWXIINalYJyYBSKKEKCxFgylGW5yRg,A Google user,https://play-lh.googleusercontent.com/EGemoI2NTXmTsBVtJqk8jxF9rh8ApRWfsIMQSt2uE4OcpQqbFu7f7NbTK05lx80nuSijCz7sc3a277R67g,Very effective. Use for gps driving instructions and makes a huge difference.,5,2,1.8-pro,2019-02-05 03:41:46,,
gp:AOqpTOEbpLWwCwEmPWkOqCMlGgqzlCNN-4bAQrmpK5x1V1Bh-_8XxN0kNM2rpw1Bl8dY7CtYqoOqyRAyiF5sSQ,Frank Wood,https://play-lh.googleusercontent.com/a-/AOh14Gi5_IRcgeCwnwDBKl9KmPhhulc_AiolOwBVkti5hcY,I'll give it the fifth star if and when the annoying pop up vanishes.,4,9,1.8-pro,2019-02-04 02:05:12,,
gp:AOqpTOFTzhgp5zIdWhJfxNvMivAVtvQgrKeK2iG8dhzwxJm_qGNifDRNefCfcN6K5Lem__YPG-ivBG0WwbC3Hg,Ally Beacock,https://play-lh.googleusercontent.com/a-/AOh14GjO-fEALrBQboG7QyjOE8nvaq2Vn-0YzSONnkQL3Q,"Tired it once, it just totally distorted the sound. Actually louder and clearer without it (this is through headphones)",2,0,,2019-01-25 00:47:48,,
gp:AOqpTOFb12DDwnCQSo2cobLAp2rbrAvX_6cGsVwwzEPplrm6pNdVn8zMZuAFn8eCrF_RCzF2zA9iVov93ztbZg,R Gray,https://play-lh.googleusercontent.com/-1DaNtudSCTc/AAAAAAAAAAI/AAAAAAAAAAA/AMZuuckVfjRO9O4sm0JaglUlB-UqqUfYdQ/photo.jpg,"Well,... It is way better than all the other boosters and worth the two bucks but it doesn't boost the speaker phone, which sucks. Again, I loaded 5 other boosters and they were no fun and had ads. i would rather pay the two bucks and have no ads.",3,3,1.8-pro,2019-01-23 16:54:50,,
gp:AOqpTOFRdTm99IfZEFjakv_ubiGOqNgI9LNczKsLxS46NWNBfrorU40cy0vjj0G0SL7j0o-dF9ElQYxUZOaW4g,Daniel Roberts,https://play-lh.googleusercontent.com/a-/AOh14GhxizjJynnXHkIO_isTJsXcSQumEtmNCeuHqFTpohk,no change at all on pixel 2,1,0,,2019-01-20 03:05:56,,
gp:AOqpTOG4-UzxVA7i6x0LpWGMi8lfgD2lTigsFnhhtw6xdTI7mShQr_EunZoMAWz5dGQX4NQ8J5Vj49H7gQAWLA,Lee Cannard,https://play-lh.googleusercontent.com/a-/AOh14Giwa_zvbXB9Mo6prdUHJl_G0BXGi-BdYwS64XKf,"Simple, works.",5,0,1.8-pro,2019-01-17 18:12:07,,
gp:AOqpTOHnFjCBxUkEK2ku2Bl6sXRWM07YVVqSsDGRV9JbQFRO7lUpg7Ax_Sfikvs7JYWhNN2LyFARguoMfh3oQw,Antonio Cabara,https://play-lh.googleusercontent.com/a-/AOh14GjSNH7_3zWfB-IRGcUyjEMjjdffDlFyhMTrf3-l,"thank you thank you thank you!!! Had a fair share of apps that dont work with headphones and only the speaker, or even straight up don't work for a scam! THIS IS THE ONE FOLKS! I'm deaf and headphones for hearing aids break so easily so I'm forced to use in ear headphones but my phone is so low even on max sound. I have been searching for one that actually does work and here it is!!!",5,4,1.8-pro,2019-01-14 10:34:15,,
gp:AOqpTOGPJnIoUP4NpgRqTl4Gy132XCc5YeeiTprXr9MNoxMozs3AtasVG5xGj1C7gAoV5oXNGXrM_sOj8pPjuA,Oscar balderas ponce,https://play-lh.googleusercontent.com/a-/AOh14GgWFDnQgQZ6_k6798np9Kap1YkZvbkHcBs5ArB7,"I really like that this app works, when i first downloaded it it was just a waste of space as it didn't function at all!",5,0,1.8-pro,2019-01-03 11:19:46,,
gp:AOqpTOHq4j4uOiKibGkcm1XvSl4qp7VGIqG_8qqzTz5OSulaAeOCKKOJp2s7hfV9dmvHRgJlxozkI5OYQ9i2vw,A Google user,https://play-lh.googleusercontent.com/EGemoI2NTXmTsBVtJqk8jxF9rh8ApRWfsIMQSt2uE4OcpQqbFu7f7NbTK05lx80nuSijCz7sc3a277R67g,works great!,5,0,1.8-pro,2019-01-02 08:35:45,,
gp:AOqpTOFJQ6bd1EyTAgqJLafZN9RHkxtEe0Eh2EfWzAovbCJz06I7VyG9HV4RORMyM38IKHlohh7gfXVWBrcC2Q,Rufus Woessner,https://play-lh.googleusercontent.com/a-/AOh14GisMPUvxCP9czuq8jzgPdaDtBGHGThCNAZtLun3,Sound is a difficult department. But so far so good,4,0,1.8-pro,2018-12-23 06:38:12,,
gp:AOqpTOHDx-umsL82rmdVM8s86SXFZcGysbgrYLZ5G6sGoC-q9LGOb3G606bKWoIjG166XrlZVXjc3WEwMpYFlw,Stuart Graham,https://play-lh.googleusercontent.com/-Bw7g0IVG5gg/AAAAAAAAAAI/AAAAAAAAAAA/AMZuuclhe6Oq4OgnNNw4DgzeUkpAmsPQTA/photo.jpg,First volume app I tried that actually works. About 30-40 percent more.,5,2,1.8-pro,2018-11-23 17:02:51,,
gp:AOqpTOEu96SZsV7b8bZ8TbH0Ng9CTEvzVPx2Qb0udYSSpwfcz3eKKL7lR0Yj_F7k-eIbM-na29bpXCSg5Wg-0w,Baem Cput,https://play-lh.googleusercontent.com/-NU5d1TeMph4/AAAAAAAAAAI/AAAAAAAAAAA/AMZuuckxmOyq1ZyPzS3lD2iVk1yAxrAQOg/photo.jpg,Ok. Pocophone f1 2018 here,5,0,1.8-pro,2018-11-14 17:07:02,,
gp:AOqpTOGtSRwFZ0sNAoXkGzz7qBHYVujs8LY48TZUqOF_uHiSXVDc9Xdu1UCEBQGYAZP3o1XSkFjlL9M64kN10A,Araceli Manzano,https://play-lh.googleusercontent.com/-Yu7-bZ4hyQw/AAAAAAAAAAI/AAAAAAAAAAA/AMZuuclwrd0-A45Nq_cqoGaysWR5R3H5dQ/photo.jpg,I tried other boosters and they acted like they worked but didn't lol... This one when I use Bluetooth JBL speakers is power! Wish it had an equalizer but still great :],5,8,1.8-pro,2018-11-03 00:38:10,,
gp:AOqpTOELdEwA12jaMITltvOrIbyZwva_U8SO_r8qQAUvGMSvues0lNHCE4M2-xod9baO4YG6PtbWMV0LrtyGSQ,Giri Sankar,https://play-lh.googleusercontent.com/a-/AOh14GjnIdaWeoT5dgH3gTnykZ16FanMnYrTHtahfYZWQg,Gr8,5,0,1.8-pro,2018-10-27 19:10:40,,
gp:AOqpTOHc2chdm-bqy9UGPK1rwvSuDj4z5DvFRG_-tbsPCSRiIIkLhGgWRksXnoZREYrq2A3jUMYcTAsdOAsnQA,Frank FSP,https://play-lh.googleusercontent.com/-sH2fSKhkQzE/AAAAAAAAAAI/AAAAAAAAAAA/AMZuucmbY5tnYdDXQ_30Gwup43ADhEF_8Q/photo.jpg,"Whilst there is legitimate over boost on the paid version...on every track changeover ,it defaults to NO BOOST ! (even though settings have not changed >100% boost etc) requiring a reset of the BT headset. This is a major shortfall in this app. Also the free app does provide some boost~~ 40% but is limited.... to put you onto the paid version. Overall, some benefits, probably better than it's peers. Developer please debug. From Note 10.1 2014",3,13,1.8-pro,2018-10-20 23:23:49,,
gp:AOqpTOHhNv-aNG9IFcbnQkDEfpYS1RXpbvMsyJT_eD-m3dR3ZZRt2z_bl1_dUyvGLnVAnx72iSG9jqLnuGe3UQ,Jason F,https://play-lh.googleusercontent.com/-uGT9biuYzmA/AAAAAAAAAAI/AAAAAAAAAAA/AMZuuclOBFc54BruMMg1TPbwJomL_aqHiQ/photo.jpg,Does not work.,1,2,1.8-pro,2018-09-30 14:02:06,,
gp:AOqpTOE1jNGfnsrzcendskmnmf8zF-dEx7PW66S1TXEBcMPMI453XehLW1z-GLHikW8azznDqbAbwM4qM4mdlg,blez caballero,https://play-lh.googleusercontent.com/-oYjvU30wKh0/AAAAAAAAAAI/AAAAAAAAAAA/AMZuuclCNQAbwNfqIuUjJFBX9_6d0SasCw/photo.jpg,It doesn't work at all on my Sony XZP.,1,7,1.8-pro,2018-09-30 10:20:33,,
gp:AOqpTOHbnK-TdEdYt-sJ6t7TnNvvgifAEQBTTqqmyZWiiClr8Wgb879PcYiWSlEKsrKUbSNzttoA5XyuMiNfHg,Hary Wibowo,https://play-lh.googleusercontent.com/a-/AOh14GgA8XesREUcIwR9NMqC-Ic_rLhOGRX5jfa9CQmqPw,It works,5,0,1.5-pro,2018-09-24 05:20:06,,
gp:AOqpTOFerkP0qAgLQ4wFytriYHJZh58NmeGBUl6NchFxOLZsK5ILCWeiN4Q19Qn_hNw6XYlYP2Ray5eMcTbcfQ,Graham Thomas,https://play-lh.googleusercontent.com/a-/AOh14GgUM48AsFdcjrdHmuR_YE_q5eBIvpzFPapa1Ryx,Great app it's the best one I've found to get MUCH BETTER QUALITY OF SOUND !!!I'd highly recommend to everyone!!!,5,0,1.5-pro,2018-09-03 15:59:44,,
gp:AOqpTOFIoJqW1nNLzaAFtC599SH0s42THZ79ouw4O0MLps0rR29ousLK-kH3chhB8DR8Xo_cTmM7WT6hMLiXEA,A Google user,https://play-lh.googleusercontent.com/EGemoI2NTXmTsBVtJqk8jxF9rh8ApRWfsIMQSt2uE4OcpQqbFu7f7NbTK05lx80nuSijCz7sc3a277R67g,"It certainly increased the volume on my Huawei even without headphones 
plugged in.incredibly loud.thank you.",5,0,1.5-pro,2018-08-20 14:17:57,,
gp:AOqpTOGI9IQr9FJWioLXpQH4XSaUPOXDZcMe_ISKnTyD_G_U-EqYmfJEl3fmdKMy89aX9Rw76tFA4KJO1tQIpg,M41T#,https://play-lh.googleusercontent.com/a-/AOh14GhGe5nLo3MGGg1pSx3CzeyIcx_gv3_yigsBvJkiFQ,"Volume turns itself down after about 5 minutes, for something that you have 
to pay for you may aswell download a free version, just the same 💯",1,1,1.5-pro,2018-08-20 03:36:50,,
gp:AOqpTOHPmri9kh6VfqrICAc1_AyrPKtmiyrvYO_HotzjdWf14CSINcOpDCQcJyYwJ199cPxaQyn8Xl72sL1eNw,Jason,https://play-lh.googleusercontent.com/a-/AOh14GjIdpOe7pQAbT14-balhBOV0_0BnyzxV_OXW6nYqw,total waste of money,1,2,1.5-pro,2018-08-01 16:46:00,,
gp:AOqpTOGALU8hj6WbnVwtRJw-alMwPbKU_P4scCImBTvhQXN0uRRcaHXl8-8QwWiOaeW2AWdLqwDzke9uyIw9Vw,Ryan Leeflang,https://play-lh.googleusercontent.com/a-/AOh14Gjf4zeAU7DML2Qg7cENmkOLbzeOX-tHGKqV9dhADA,Awesome app... Makes beat headphones way better! Thank you,5,0,1.5-pro,2018-07-19 12:57:21,,
gp:AOqpTOHM9V9V0exVVgqYYnYw1AEiiUZkINtmwcZVm79-mx6tAl5v2GqEU1-vDLaPcK0Ni6TfbCEXpP4OZBascA,{HRH} Neon Penguin IV,https://play-lh.googleusercontent.com/a-/AOh14Gjd1YCp6aQj1exxhZP1OdyCv-Y1FsNIcwoM77dSnQ,Actually works for real cheers development team so happy,5,0,1.5-pro,2018-07-12 04:11:55,,
gp:AOqpTOEv6wkri-2TI1CO0rdjH77w1MAKSDfVNFRnjDsw8na1VKnqzNBoGZXo4FcVwcdHo9EPv8sr_FzbxttHww,Nicholas Lamb,https://play-lh.googleusercontent.com/-7IZg-5drvoE/AAAAAAAAAAI/AAAAAAAAAAA/AMZuucnydR_x2pxC5WEjljecfuIkx7Suug/photo.jpg,"Just what the doctor ordered... Been looking for an app that can increase 
the volume... 1 problem is if you are using headphones then the app only 
works with wired not wireless/Bluetooth...",5,1,1.5-pro,2018-07-06 01:59:53,,
gp:AOqpTOHEjd2yIi5ttRiHj-xdPKqtCOcihK0V3hxLMxPTq4J-5dBgac4YOsFqom8HCG2FJopEjshoPRfSgPtzaA,Bren Salamon,https://play-lh.googleusercontent.com/a-/AOh14Gig3whNrxc-d3fv653FLloaZmfMlHb5z8FKZwhTHOU,"DO NOT buy if you want you phone calls louder. DOES NOT work. Thanks for 
nothing guys.",1,3,1.5-pro,2018-06-14 09:09:19,,
gp:AOqpTOG5YFuom3NMouyfGWUzgl_mXB2l70Q7Ab7bdZT0FeoAa-R0XCH2qXwuLYGs7lrb_noadP7WW9DEksCj_Q,Raja Rathinam,https://play-lh.googleusercontent.com/a-/AOh14GjeLrd_j-oalvGEwlwy0S-M1T88fAmiYn5LsdwYn58,I paid but not working,1,1,1.5-pro,2018-06-11 05:22:00,,
gp:AOqpTOHqnMWCYcEPTVNCaSxWeuI4MQywKAxB4SNRIw5sOFcSJOg6zq5DHDjrHUpC4YdS1s4YOJlRhr5A58bC4w,Ryan Masters,https://play-lh.googleusercontent.com/a-/AOh14GjAQq8Eq-20RzFMaOBpiuGcDFJYupfkpUt2i28C,Goood,5,0,1.5-pro,2018-05-25 04:04:46,,
gp:AOqpTOFs_0eO8NigLNQ9wVUr6ABodvGtWdQ6VlniTemvw0HnTiq4BbBF5q_U489iK5YPFygDxKkef5CJR9gM2w,Isaac,https://play-lh.googleusercontent.com/a-/AOh14Ggh_YcwqlVmy7c550myVzRt3uRxzIrzmlVgt46nKA,Great,5,0,1.5-pro,2018-05-17 21:45:22,,
gp:AOqpTOHlWZVcox6MCRk3qyK4q92b6yAhGjOs_hEZ7K4Wz7ZEqDtQqnWGDO4jdpqKpZzpZSL7jZWzrflwHT02jQ,Chris Bruce,https://play-lh.googleusercontent.com/a-/AOh14GiQkiqxDtFOamxYa6Ff_txLTIh_1jOAy8CESGKIs3I,Great App Thanks,5,0,1.5-pro,2018-05-05 18:32:16,,
gp:AOqpTOFgb_kMYSz_HGTGrTLD5pvU35TZlFMJ_iOPBCdTScEuJ2SjYWWpPJ0dVh23Z4-lrraVrKD0v6Kn-pj6eA,Arnold Bell,https://play-lh.googleusercontent.com/a-/AOh14GgxXeiFUdMEnXlgMyEIVQkRlzgJjN4yyCDBbBTkrg,Works great on my ZTE Blade ZMax.,5,0,1.5-pro,2018-05-02 18:32:14,,
gp:AOqpTOGAcITkPOR4i2fi7ocMWA24pZ01UI2YeY_cWSOfiLO-OMwr6ImM7qZ6in6tOM4PJzVHDKD4c-xGuYmAFA,Mark James,https://play-lh.googleusercontent.com/a-/AOh14Gh6aE14zCLLdG2ivSL6ykqmTk8pWISxl27pwsO3Ag,Does what it says it does,5,0,1.5-pro,2018-04-30 02:50:13,,
gp:AOqpTOErNm_tIzqoQ_NRfSypgWRMPDovYwB28GDH5RlHHSJRNfEO-cvXSEa_5VRsJmd_CfxxfGbf45WX0g4vCA,Mona Katz,https://play-lh.googleusercontent.com/-ZYI7uLF5NA0/AAAAAAAAAAI/AAAAAAAAAAA/AMZuucmYuAhrH-3bKP94MAwk6FQivOFkvA/photo.jpg,"Excellent app, simply marvelous.",5,0,1.5-pro,2018-04-28 12:06:29,,
gp:AOqpTOHqBcb2FcCxzYHLjqk17NcUfO10PSzwQ0BksNzzxcch34PVdI-xi9MD9Lab19R-qFej0OMQ5KN-2EFjVA,Onward 1950,https://play-lh.googleusercontent.com/a-/AOh14GjY9CN3T4FPXNsZqo3NMhnEfi4D-pJuH88nrM-c,"It worked at first then after time it started to be unresponsive. It takes 
about 6-7 minutes to kick in after about 3 songs. It only works sometimes",3,2,1.5-pro,2018-04-26 05:41:50,,
gp:AOqpTOH_c2hkH1ygQX6k1aD90_gctFrCbmG4MmSyNKKCR-H65ozFfOQEqK0L4GDkGy8CMASPB-0iP_co2H7Ojg,Gary Lingard,https://play-lh.googleusercontent.com/a-/AOh14Gg--mxwLVXpkDbe_bjn9_QYP9JFwlc9iqcCqPS-efw,Excellent,5,0,1.5-pro,2018-04-17 08:59:58,,
gp:AOqpTOGlkqAB2FY5UIIEdMFl9_F_p7mqijTsVjamqtg4BL1FrerlhpU0JVcRY7gHKSdUo7i7ACNHjZtksHmkLw,Walter Bolitho,https://play-lh.googleusercontent.com/a-/AOh14GhLSqTYBgBc475hRwIJlbDw_BHRdv2HWNdbQHxX,"Does nothing at after max volume on an s8. Probs works better on older phones. GG. Don't buy if you have an s8, s9, note 8.",2,0,1.5-pro,2018-04-09 10:18:41,,
gp:AOqpTOFFoB-oMfcG8CI51du5Zv6JCXszHkgrQ15hYIWkXzXzEKig7mW9iRNOGeHKu_7ByLzw4qXQGkglUMWjCQ,Kieran D.,https://play-lh.googleusercontent.com/-H-cZ5m2zxXk/AAAAAAAAAAI/AAAAAAAAAAA/AMZuucnZUETvhediVD55AC3g1XnF8yMmfQ/photo.jpg,I would love this app if it did anything at all to boost the volume on my galaxy s6...,1,1,1.5-pro,2018-04-07 14:06:56,,
gp:AOqpTOG8KloXFQIwLw_YPM94PQVaw_ud8OKBvXu1aZU8dkMEOGS-31qlJvsq9fpq_7e1UIXV1TBHSFepcbf2Mw,A Google user,https://play-lh.googleusercontent.com/EGemoI2NTXmTsBVtJqk8jxF9rh8ApRWfsIMQSt2uE4OcpQqbFu7f7NbTK05lx80nuSijCz7sc3a277R67g,Its ok. Stil not loud enough. But it made a difference. Which is better than what it was.,4,1,,2018-04-03 05:24:13,,
gp:AOqpTOHLgnRJEhwnPVerHepF_ctjuRpoOEBoVjVt_i8BGZ-GBVzcD_WeOJ4cARg3fk7McZC304k1zTAWtGvMdw,Jaan Ali,https://play-lh.googleusercontent.com/-rxzSVvwv5r0/AAAAAAAAAAI/AAAAAAAAAAA/AMZuuckJTKU1Z_3fA8dbqlC_YbLMujwQVg/photo.jpg,Not good work,5,0,,2018-03-28 23:59:50,,
gp:AOqpTOF6RLENlGHoW7yH-JdlC-p6dqvce16tscXyhj8XELd91uQd2S7vAqlPgy5A-A0CEzcWPVyxTvCzr5D1ZQ,andy wilson,https://play-lh.googleusercontent.com/-ViQs7dumCYY/AAAAAAAAAAI/AAAAAAAAAAA/AMZuucmOs91wQh3J8c1RrGhbCmfIbzc0UQ/photo.jpg,Even makes Bluetooth speaker louder. Top app!,5,1,1.5-pro,2018-03-19 19:31:53,,
gp:AOqpTOEE9O3FD4xO6h6Om-6C1GsB3KabNwEc7Wf5zATr5FigrJDR_4brKIejd4_NNsQFH5SF1Vx3ELlvbhkJWg,A Google user,https://play-lh.googleusercontent.com/EGemoI2NTXmTsBVtJqk8jxF9rh8ApRWfsIMQSt2uE4OcpQqbFu7f7NbTK05lx80nuSijCz7sc3a277R67g,Helped poor volume on Alcatel phone.,5,0,1.5-pro,2018-03-09 15:03:37,,
gp:AOqpTOH6HJ_OH4obKUqJe69sOOygM4gWOr01cz6WjV7BywrV215it7rPteQnheKAOz1xu8FGKc9n4Pfu2_M2jA,Olof Sköld,https://play-lh.googleusercontent.com/a-/AOh14GiI1wVWhLj3ZxNSJLvQyxCaImYn213mJ_L8bC-d1w,Great. Does exactly what I wanted it to do. Good work,5,0,1.5-pro,2018-03-09 00:58:09,,
gp:AOqpTOH1VrtnTsgSjeG1i6MdDe1vCdFHyhfcA0izO4Dz8unmqGEy0ycUXvhsC82QixQPmYuSu7To__3RzCL8MQ,Darwin Frauenholtz,https://play-lh.googleusercontent.com/a-/AOh14GiAEp54FzBi_isOfaAepE6QW9t-YlCTw7ZBh9uTng,"I was looking for a simple sound booster app. Their was two talk shows that I like to listen to. But the volume of these two shows was hard to hear. Other stations were fine. Except for these two, the sound booster worked great for these two stations, so that I could hear them.",5,8,1.5-pro,2018-02-27 08:09:12,,
gp:AOqpTOH2gM04xbCfr5nHLSVrnOdodG-bB6kUMAjaqJQigU4JobdrSjqhmMmm2wVxvKf70gBPpoeuxv1-5OJ9oA,Jimmy Jacob,https://play-lh.googleusercontent.com/a-/AOh14GgVjQxaFqLWwtvxJq3mYJSqo1JzYaQhuvMqj6Ls8w,"Finally, a volume-boosting app that spares me the agony of dealing with inane ads for a small fee! And it works like a dream too, with minimal distortion. You don't know how long I have been searching for something like this. An absolute lifesaver.",5,7,1.5-pro,2018-02-24 05:43:51,,
gp:AOqpTOE8hEFI1Oqhksvoq5mGne75X0AQaDvx__wIkJhi98mBJdQy8VzKNvKjiMLYhFkLOYi_4rqVv8ms00mFCA,Trent Raynes,https://play-lh.googleusercontent.com/a-/AOh14Gjbig4cMuWrHYGSI5HHAjmHM_VS5PQ5rosRkHB6xw,Waste of money!!! Nowhere in the description that it won't work with Bluetooth headsets! Total scam!,1,4,1.5-pro,2018-02-10 14:31:22,,
gp:AOqpTOHnjCWgkQeOgkEBa9xqQuJV16ek482OEMv0CStFPmzqNwFfAhcbeE2JbpD-JK2x4B034YeksVVbY2xThA,Louie Clarke,https://play-lh.googleusercontent.com/a-/AOh14GiqsYyuULJCghpry4n_8xDnfv-DrDXv158XBWUxUQ,"Good but minor distortions arise as you increase %, only slight but noticeable. Otherwise very satisfied (and free!).  :)",5,1,1.5-pro,2018-01-16 05:04:56,,
gp:AOqpTOEqDE-EmbFcBZmo6NLzaSFJBPmMCmkUEi_cNgODq-7Pa9VwJpOkdDtHctBYqQuOMasxahMFGrK52eCq0Q,James Wolfensberger,https://play-lh.googleusercontent.com/a-/AOh14GizMwGVN7Hf-qAIg7Mp_THvDALkcggQVIQ5pOoaiw,Unfortunately this app does nothing at all on my Galaxy.,1,1,1.5-pro,2017-12-31 08:18:18,,
gp:AOqpTOFLffvOw9PjkV2xXq0PtDprlxE_8wUOiZPccosuP_EsqU5BzO68vdyAO0c9pe275qvfW0kJu6bW6ZfnXw,Randall Townsend,https://play-lh.googleusercontent.com/a-/AOh14Gj4AXPgAGLMFQlU-mtT3NSYF41r5U2OD-ssGSJl_Q,"I love it,  Really well done and fun times ahead :-)",5,0,1.5-pro,2017-12-26 18:44:51,,
gp:AOqpTOFFaQRYESG41Hd0XIhyLATa5GebvXsO3zQ4IRUJrRSyK5D3TcBz02DrZn41Hu89VFq6izVcVQ7VqwWkEg,Anthony Farrell,https://play-lh.googleusercontent.com/a-/AOh14GjefJW8SgxqOcHdO1Eurdg_b3daZ51_mU5L1k0x,I would give 6 stars if I could.volume boost does work best,5,5,1.5-pro,2017-12-02 01:09:52,,
gp:AOqpTOGna3X4-7y6ydouWQyRl4ir9oMFpyE9gVO1Yf8bvI1cF8w0NpM8poidY67f9xeRidrx0G8AsPifR_d0-w,Anne Stark,https://play-lh.googleusercontent.com/a-/AOh14Gh6BkxHzxxSkRAr9DPvQLpdbY6l6jJSxBNhaJ6vpdg,"I use sleep headphones that don't go into my ears or seal in my music, so I need to boost the loudness. This app works well without distorting the sound. I paid for this one because all the ""free"" sound boosting apps had OBNOXIOUS ads.",5,8,1.5-pro,2017-11-27 20:05:47,,
gp:AOqpTOFfr43av-y8rCOh91X1RwptR9Yclw51i7Hj9FGGTWoeCqH2cWWIdkIRhrC1pPOVasyzKF4fi1wsam2QxA,A Google user,https://play-lh.googleusercontent.com/EGemoI2NTXmTsBVtJqk8jxF9rh8ApRWfsIMQSt2uE4OcpQqbFu7f7NbTK05lx80nuSijCz7sc3a277R67g,Paid for pro version isn't allowing me to use it,5,0,1.5-pro,2017-11-22 11:09:12,,
gp:AOqpTOGgt5RZoctadhg_qQUtxhFYdeT38amGbKHQd_-S8zX9aZ95vEbPOPeulya6w3w7rteUdsjID4B33nfv8w,Chrissy Prince,https://play-lh.googleusercontent.com/a-/AOh14GjRUpISV7COZ4RWZImHN6Loq4jR2ftxzLWyWMkabQ,Yes it's pretty cool so far!,4,0,1.5-pro,2017-11-09 17:28:15,,
gp:AOqpTOFfPMREzPbQbTooLTqAvfe9qiQ1-vaOStxawsCQWuHcLQgQh9W5vyfmw9sA7tsi3OYaa7oKAnmlqXZxTQ,"I, Nii Moi Thompson",https://play-lh.googleusercontent.com/-KMUQQ3GZPuo/AAAAAAAAAAI/AAAAAAAAAAA/AMZuuclOM7J8vljBZzclbslscPJIiXe1dQ/photo.jpg,Works sometimes only.,1,2,1.5-pro,2017-11-09 06:03:53,,
gp:AOqpTOH_l_yMdehcyTpz2vZgLDq5JxCJ8faPX-7M0fFg4omipdTzxHBZusTxF32FRGyVO78cc-Uqi1dTUS17cQ,#TG _gamrr,https://play-lh.googleusercontent.com/a-/AOh14GguFJHgfdeD_A8a3isMpJuSnyLUnTzucl8PwhbMsg,I love it,5,0,1.5-pro,2017-10-17 17:33:09,,
gp:AOqpTOEfcNVeIN9y7zUZ2RbaSJrwhBSZg9A9lg7JZhmrMBs7k-XzV_8tvpLjPPt93WAaevIZHKGwweerduyotw,A Google user,https://play-lh.googleusercontent.com/EGemoI2NTXmTsBVtJqk8jxF9rh8ApRWfsIMQSt2uE4OcpQqbFu7f7NbTK05lx80nuSijCz7sc3a277R67g,Thank you! Thank you! Thank you! It solved the problem I was having with low volume on media on my LG Rebel. It did a great job of boosting the volume through the speaker too. It just worked absolutely perfectly!!!!!,5,2,1.5-pro,2017-10-13 20:31:41,,
gp:AOqpTOEm1VjjbSqjx7H-0HFZ0auNoyxODJAwpIjQhqO0Md0GYaEjs8fDGb-rEBES-WX5743vpnwYf5H00Dxhjg,Frederick Fingers,https://play-lh.googleusercontent.com/-oMNXkVY9G-U/AAAAAAAAAAI/AAAAAAAAAAA/AMZuuclqXEIvIn6eSo-CIy56Udtr2HGn6Q/photo.jpg,This sound booster actually work,4,0,1.5-pro,2017-10-08 04:44:33,,
gp:AOqpTOG8_O9UopwtjkU8FgqbOkiVB-oKTTRaq6UZYdMjjAkkqkrUHrobLrErK3YOMA7Px8-p3h9_JNDvgZoKpg,Duncan Howarth,https://play-lh.googleusercontent.com/a-/AOh14Gg2aPn_tn9nUu3tARPi4kyEfjD_aHR53CVbTB_1Tw,It works. Period.,5,1,1.5-pro,2017-09-17 01:02:25,,
gp:AOqpTOERrV0yuSqykymHya6sPS4A6MkchcR4ubT9VJkrLOhpOlNM2_Jj7TQcR2Itc4CGjDiYBQsrKjzk5fEsJw,IceCat7,https://play-lh.googleusercontent.com/a-/AOh14GhslWkqsTp_AhnXP1YpWdZ5Cg0ddHxfOTSyumOA5g,Worth paying for NO ADS I got a volume booster with ads before and got scammed,5,0,1.5-pro,2017-09-03 06:56:30,,
gp:AOqpTOHObCgyZtmwZZmzx5slHL30wV6Wtlj47JrgS396Hf16eectlRLGguqFOh0UhZhtyumvIJeljGaK7qzcRA,Wayne Hawrish,https://play-lh.googleusercontent.com/a-/AOh14GjLrNV41G0Uh_Mt0bq1ew_yt_jJyTv8DMMIBCGG,"It's not a bad app, but it constantly turns the app off to remind you of upgrades and reminders to review!",1,1,,2017-08-27 16:52:09,,
gp:AOqpTOEX1Im01iMI7ix9NawWR35bqHTP_K2GBc2Sk0HbKZu72bwPl1UIHRLKUQuPtPst206DaQKlxYDqDpi4fw,Ron Kerlin,https://play-lh.googleusercontent.com/a-/AOh14GjkM2x6nBzH5UzyntYvGJw6W5D2E0vkIhEjQJdEKQ,Works just fine with my HTC10.   Very useful for my hard to drive phones.,5,0,1.5-pro,2017-08-19 20:57:24,,
gp:AOqpTOErAmSOZ2KVwnoe3-FlhN1EImWJHI9a5ZrsqFH_jX_TnVPIQo_eeCULF_tBpJ7KbPQJZhrdt11dIiejgQ,Jameel Siddiq,https://play-lh.googleusercontent.com/-jiPESCMN9f8/AAAAAAAAAAI/AAAAAAAAAAA/AMZuucmTrqvRWJC5OhJ12jWUBRBa92sr9g/photo.jpg,Just works which is what I want. Better than other audio boosters I tried which introduced unwelcome distortion.,5,8,1.5-pro,2017-08-09 00:21:23,,
gp:AOqpTOEjkh_mKqa2mEUPzuzYJLIiGTQI7V3kJ1UYR5rEnjQqs9M9YaK_Wj_3y31Msby1pilASgQjZUis5qQ-bg,Radical Actions,https://play-lh.googleusercontent.com/-4f6GN_1GsGU/AAAAAAAAAAI/AAAAAAAALGo/AMZuuckwd78gCmBrG6F5WGRs7gNaCNDuKQ/photo.jpg,I have to reset it a few times a day,3,0,1.5-pro,2017-08-08 00:49:44,,
gp:AOqpTOF8ngZcqz8FwCVuKUDKFLMqbW4co6gyxdIgUkFac9ceVvxAeep3IQzphqm_RVboT1LK4-yi7fXe95k7CQ,Robert Ryan Detardo,https://play-lh.googleusercontent.com/a-/AOh14GjHS6RrGu8ZxBhva_aADctBLbFkSp-nO-DsXAI8vg,"U ask too often for a rating and, you keep asking:   If a product is good, the customers will automatically comment without relentless prompting!",3,1,,2017-07-28 15:47:37,,
gp:AOqpTOGSe5aCssiVmJYZPOuflg4PXiev1H4gtPrMl31HGFmBv9SMNn-OQ73ezl4FiMb95ge0OLsLrtGGeBpKng,Kathryn Khadija Leverette,https://play-lh.googleusercontent.com/a-/AOh14GjZXSOsb3I6z-VtaSwaWavDcoDuGLo2FDfQKPtH9Q,"So far, so good",5,1,1.4-pro,2017-07-15 18:36:44,,
gp:AOqpTOF29dLKa8H5W4zsUMn_skoM2Xhh4u262GawIkq_EidIOXu1imD9hb3dwhbgMlhqLNFhEp37QkoOusvrnQ,Steven Warner,https://play-lh.googleusercontent.com/a-/AOh14GhI0WjqFMCDzaE5kguT2Hsjt9PiBZN8OCyC1QWE_g,Works great,5,0,1.4-pro,2017-07-01 10:20:31,,
gp:AOqpTOHDexkq0fghgady2K8e-uBM8Bq3TZWd70YKh2U0wWC-8n6M_aKBnpWHNpocpHf4zE0pj1K5Ek50nt2Dbw,Bruce MacPherson,https://play-lh.googleusercontent.com/a-/AOh14Gj1PfmJtNtVCjeL1pS6HwE8WBG2p0bIAjVf3yDb6w,"Gives a genuine boost in a simple way to plug-in headphones, unfortunately it doesn't seem to make any difference for Bluetooth phone headsets.",5,0,1.4-pro,2017-06-29 18:41:57,,
gp:AOqpTOFDZFIOvlePA_BWysyrF3lEvXSkKim2gCqaCbtLSjcEbeMtdvlGFolESomhaHSNUN0XNfb3n1NkoQxIug,Jack Love,https://play-lh.googleusercontent.com/-CmhPbMSxghU/AAAAAAAAAAI/AAAAAAAAAAA/AMZuucmfJ3vbpEgZJIouhsMPCi3WItZyKQ/photo.jpg,Works good,4,0,1.4-pro,2017-06-28 05:00:17,,
gp:AOqpTOHIpw4Vnj7bMG7wB2UBmcH4WGeNizW14zP8F2lYvgPoN2Whm2gEpPz3U37pOlsN3k8RN8rkkuGfPaS30w,Jez112 Prune,https://play-lh.googleusercontent.com/a-/AOh14GiH0LvGXgUjv5U6JUpLyBKOkPEO0bgeZ5tdkE4w,I is a good app but be warned the amplification works for everything but bass which is what I listen to via my skullcrusher headphones. It is still great tho. I wish this could be fixed although I know it can't would rate 5* if it amplified bass,4,0,1.4-pro,2017-06-22 23:23:37,,
gp:AOqpTOE0THGJ0dx3b0s2xnyDk2C8J9lwnxYi_-Y1wDYly1-6BVmn8UBeatq0vR-XpE8Zr_fZXfhUvAzpo1OCeA,A Google user,https://play-lh.googleusercontent.com/EGemoI2NTXmTsBVtJqk8jxF9rh8ApRWfsIMQSt2uE4OcpQqbFu7f7NbTK05lx80nuSijCz7sc3a277R67g,If you are looking for a volume booster for headphones that are connected via bluetooth then this app isnt what you are looking for. It doesnt work. Dont know if it works when connected by cable as I only have headsets that are bluetooth. Using Samsung S8,1,4,1.4-pro,2017-06-22 10:55:06,,
gp:AOqpTOGGSSHhWLOUoysb7HcJShLEcv1QVf1kwluY5kMoFh_wUp-m_iTs6G_lkiJFL9WI7J9BsnmTBZ_H8RRxsg,Matt Smith,https://play-lh.googleusercontent.com/a-/AOh14GjJtdUuwoJYxQ_5EegFj_JdeOuIqT1ibmvVxRaX6g,Boosts sound as it advertises,5,0,1.4-pro,2017-06-19 19:21:43,,
gp:AOqpTOHLlntP7CVn6eaDnkaemxgSgFezLH_UudhzKvDo4Z86Ko9YDyboMQEJVnBt6ovD_rcPLctO6uhd6wuqcg,Martin Hűbner,https://play-lh.googleusercontent.com/a-/AOh14GiuV0vObgkEr6olKY7DQK_Lb3IWaOLqibk1lRBtPg,Doesn't work with lenovo tab A10-70. Introduces huge sound distortion =(,1,0,1.4-pro,2017-06-19 15:27:51,,
gp:AOqpTOGslNNYF3ISI3i3tDOcl1IMX-zIbpkOljO2YV6ptVDlpyuqiw_8jcO2ddeeg8Ai7mL6NrHekUfkjfwpFA,SageOfQuay,https://play-lh.googleusercontent.com/a-/AOh14GjCa5LeK_vKgOhpbsFtN5MnGapQo5gwVUJPQCi15w,Works great.,5,0,1.4-pro,2017-06-09 18:34:32,,
gp:AOqpTOFgttYjhC2_Rn9fBglvd26uSfVKZ_o5KBr3r5JZJm-2FxNCv93brUNc0ZNZU7V8oK0UN2NL8lR0OyJSBw,Jessie MacDonald,https://play-lh.googleusercontent.com/a-/AOh14GgWuG4wKRo_l6s6FV5Rn4C2zswWbO0qOhx9uzjZxRI,Really does work well!!!,5,0,1.4-pro,2017-06-06 16:58:39,,
gp:AOqpTOG57JV45xnMyxjec8Y3gQYj-O-tXKYNH2oaZGtAoC01zJxUR6iJ9VlnHtQ0Us8_6bVeVLMw4nD8lMnbig,Jay Mo,https://play-lh.googleusercontent.com/a-/AOh14GiDoDuNGmKm1UnEnOUFN_7D0WUUAF73BbiDTo6IZA,Perfect. So good I gladly bought pro version with a smile on my face,5,0,1.4-pro,2017-06-04 13:52:43,,
gp:AOqpTOGtwc6ZVz62EygoEwYYPUqgbFFJ0BiaFOhe4VyB9N8YRdRZFLDxZjXto8_011RYGgYKKmSotBNKz2bFHA,Bill Nelson 58,https://play-lh.googleusercontent.com/a-/AOh14Gi7Tb_gfuSeic-jMXAP_8Q8WqnVaS7C0hEOnKiaWw,A volume boost that actually works!!!hooray!!!!,5,0,1.4-pro,2017-06-04 12:32:27,,
gp:AOqpTOEviFBcODSnARVUvVClOYcACqmdaW226jPKOJ3rdK9NHRkZwQ4OfUJc3TnCjBbDcN4UXyMvEsEK-G_Kew,A Google user,https://play-lh.googleusercontent.com/EGemoI2NTXmTsBVtJqk8jxF9rh8ApRWfsIMQSt2uE4OcpQqbFu7f7NbTK05lx80nuSijCz7sc3a277R67g,Confirmed working on Note 4. Improves sound level and quality with zerolemon 10ah battery/case. Just don't blow your speakers...,5,0,1.4-pro,2017-06-01 16:42:01,,
gp:AOqpTOEIC9z9Ho8-ZOtYrSZS3A_m4cf-mAKnXHKuuldM_O8H3AHEmjThfPyH75S6UNajN-dIA8v1m9vtpr6Itw,david brindle,https://play-lh.googleusercontent.com/a-/AOh14GjA31C2gu3yqQ3dQIKg2KW1tQFu5sRQ4zj03VGYFA,Excellent upgrade for me,5,0,1.4-pro,2017-05-24 03:18:37,,
gp:AOqpTOGw3OAPs4Ns3wTF0rVzpQzY4av1Mznj3mO072hefRKjdhj_g9dViqPVvdffEd4WKz1DbbdegMpiAHnQrA,Richard Monroe,https://play-lh.googleusercontent.com/a-/AOh14GipnsHlNwwM5xTpthoKNGLbU4iAiP5c0d8fSFbvWg,"Great app, and what's better, no ads!!!! 😁",5,1,1.4-pro,2017-05-19 06:51:39,,
gp:AOqpTOGLVqtzS20ywkunB5V0XU6xGB2Z75kBDDxJHEPrqop-B9wSoMQDElh-mYfQMHYXKmge1gSeSctY7c-9gQ,SB19x1stOne Fanboy,https://play-lh.googleusercontent.com/-EVB2OjekvkM/AAAAAAAAAAI/AAAAAAAAAAA/AMZuuclYoocBCW3JpZ7HxkaC0IICvmG0Rg/photo.jpg,Great app.,5,0,1.4-pro,2017-05-18 23:52:21,,
gp:AOqpTOEq9tWJSvBSjxVkeQtV79Aua2ppnAjgz5qd8LLIDYzM9J0VLeIBzAN4qOnwhLFq6FDvxAaP_wriF3gg7Q,Tony,https://play-lh.googleusercontent.com/-kj14CT-WKTw/AAAAAAAAAAI/AAAAAAAAAAA/AMZuucnTfCvPoh0endUD3JgLz8WoQuHfMw/photo.jpg,Not bad,4,0,1.4-pro,2017-04-27 08:34:33,,
gp:AOqpTOG2wGHnwjNIsd-TApfdGKmUES_a1qKbMHPkGXeyOH_ql895pvmZ05y_p6ZgJo5si3jtzF9YwqVMhsNASw,Jason O'Sullivan,https://play-lh.googleusercontent.com/a-/AOh14GhB_33nZwWYtaTKfBi6pvlaebZgjyN_SG9maumn1w,Moto g5 .Was sceptical but it worked. And seems simple with no ads. Thanks,4,1,1.4-pro,2017-04-26 23:07:55,,
gp:AOqpTOFDlW1g6EVCgsAdTloAh5-HdaU96NwOxXPgDadjJO1Q0ig0BveqfpGteuVP4gPqP7ycUqJ_lT7pMPzzWQ,Ron Sereda,https://play-lh.googleusercontent.com/-WvXGdFhvUuc/AAAAAAAAAAI/AAAAAAAAAAA/AMZuuckVb6UIqFGHSTcI6xW0uXAHeC8gmw/photo.jpg,"Wanted a simple light weight app to boost volume in non-isolating bluetooth ear buds in a noisy environment and did not want to put up with intrusive ads. This works perfectly and is paid, with no ads.",5,1,1.4-pro,2017-04-23 07:34:26,,
gp:AOqpTOHB5867cwPUGWQpoWoJduPx24qnIx67b-jrBDihIt7QRrqxqVubNUjye5r5u09-i-YyvwjFDO813ylELw,Hildegarde Joubert,https://play-lh.googleusercontent.com/-7_TLyc7VWjA/AAAAAAAAAAI/AAAAAAAAAAA/AMZuucmIm5o5vCSaoPnG5W8Va0VLXlGQ8g/photo.jpg,Exellent,5,0,1.4-pro,2017-04-11 13:03:55,,
gp:AOqpTOHTIn60xS3yN-GKYPqSyOc979DeR5BAog9Vz0-9IIBdXC7SS66RSie-NmHIw_5nkY0tikSlJMx_P-OMcw,Steve Eberhard,https://play-lh.googleusercontent.com/a-/AOh14GhXqMA0GHHnoFp5pkML1RtZP9123o8Is39FUjSK,Works!,5,0,1.4-pro,2017-04-10 13:36:43,,
gp:AOqpTOHkzvGDmjyQJTf6H9BTuqjmMd-NBLAqf_L_k9YtTUD2T5Ke46nMHzDRnAhP2IwalvVq3zon2lGCv00tQQ,A Google user,https://play-lh.googleusercontent.com/EGemoI2NTXmTsBVtJqk8jxF9rh8ApRWfsIMQSt2uE4OcpQqbFu7f7NbTK05lx80nuSijCz7sc3a277R67g,good,4,0,1.4-pro,2017-04-06 17:25:13,,
gp:AOqpTOFmOEVe8vN2jBH3KHV131Dkj8YBwPfalg-yALudkBT526aAYvOGUxAG5v6Nxyu1kkidKHfLLjTWip-01w,MrLacramaR,https://play-lh.googleusercontent.com/-oF1toEkbORg/AAAAAAAAAAI/AAAAAAAAAAA/AMZuuckAVDkojzm8--GqdVYYu0BbssEbRA/photo.jpg,"Didn't see a big difference of max volume, but the songs are losing from quality.",2,1,1.4-pro,2017-04-05 07:54:19,,
gp:AOqpTOF9PJhXZjwsZO68opQ0jhiRTI9tVM8Z-sXj-iDqgqP7BccK4XMYyRa9E_tHVbf1EQ8mghdWMBMbZRRfFA,Thatspooky Guy1199,https://play-lh.googleusercontent.com/-KVFF-4ES5nM/AAAAAAAAAAI/AAAAAAAAAAA/AMZuuclaNtjOWcETqTaGNvNYQqUz7PTTOA/photo.jpg,stops working after a bit fix so it never quits other then that make it much louder XD,3,0,1.4-pro,2017-04-03 11:13:30,,
gp:AOqpTOFCtXA6LehVYpn-1aa7rl4DriyPi7ZG8V9sQKrjVRd47IgNZGOZLRM5VhRpzAUgrmaSdWTfVfxnBkja1A,Brandon T,https://play-lh.googleusercontent.com/-fE3G_3ubM8k/AAAAAAAAAAI/AAAAAAAAAAA/AMZuuclo0xbuaot07mfQDy9Q9NC2-5g4_w/photo.jpg,Cuts out not worth money,1,0,1.4-pro,2017-03-30 07:40:24,,
gp:AOqpTOGGaPepQOqtOujymhTcXMSIZyLE5jiubYXgYHjI9DYuoic7cO1Pe1ccYu59NJjyp_JKFg4W8JE3mJZxdQ,A Google user,https://play-lh.googleusercontent.com/EGemoI2NTXmTsBVtJqk8jxF9rh8ApRWfsIMQSt2uE4OcpQqbFu7f7NbTK05lx80nuSijCz7sc3a277R67g,Awesome,5,0,1.4-pro,2017-03-29 08:56:02,,
gp:AOqpTOG07MX9Sx0nonKEdUVh47lL89Fqu_nC7RMbyl0wIERD1h7LwT3htLYYmrTTyoJEa1hS2koNlhpjPwHAMA,Paulie B,https://play-lh.googleusercontent.com/a-/AOh14GjRfMdTxfhzUF6VafUmptXnV8WIhmVckTA5rrYb,Volume Booster Pro is outstanding. It does increase the sound quality beyond your phones' limitations with my Android phone.,4,2,1.4-pro,2017-03-28 04:42:01,,
gp:AOqpTOFyd_UoSbVIRDiFA5ouj0Seuk-cw8Cw7GlMs7Ap8sRALkQRAYebvZsdNtetikl0PNbmoEKGKbLGr8JxFw,Ian Mackereth,https://play-lh.googleusercontent.com/a-/AOh14Gi5KksooCvh9cZVF-wohOt90lXU13zxvzwZd1qkaA,"It has one task, and it does it!",5,0,1.4-pro,2017-03-20 18:13:23,,
gp:AOqpTOFL66QNBdagqXD2P_fvPi7R4zDQLXB3A1e-tx4gPLcVrLoYjSccFP44e1Rv_nS4WXtJLs4jRZxEgAjX7Q,Y Yasharal,https://play-lh.googleusercontent.com/a-/AOh14GibQM6aoiLRWvN3OpYZh7XJnQZ6ndgjnsw40oI40w,It works fine...,5,0,1.4-pro,2017-03-20 05:21:26,,
gp:AOqpTOEd61-btQuttFQQRgMzMhyBy53K-wb1d93Y3FxQKfbXdXZF3i8YrkyLpXiD2r07bbCLQaa93agBsph6tQ,Dan Scheel,https://play-lh.googleusercontent.com/a-/AOh14GiXz76qbaLGPDWcBQQXgFXsnLGrGhplHlRDa1X9,Blow you're ears off,5,0,,2017-03-15 16:53:19,,
gp:AOqpTOF2omtupY-ZHlbGliGEPWpZK5cqjVe1ayETMDY86rWUN0XOHUTVECi_4oZpDamCOIY76F-x-nGSZAZTMg,T T,https://play-lh.googleusercontent.com/a-/AOh14GiaOIlPHbl6ACahrjK8p3A_ErlP0JV34jYEihQyOw,Cool!,5,0,1.4-pro,2017-03-15 10:51:41,,
gp:AOqpTOEQ11_3Un0Yp_9ulhE8Lpr9XZ0L6EydSarIJRNTKqLAUyWmGzAehPxLfbf5KaFldIKXlTI1usYQr-ukqQ,Raymond Frey,https://play-lh.googleusercontent.com/a-/AOh14GjoN_hnCdmBfvmhQ3Mk3Ee5RRyFzZCzzTjFJ-uSanw,Doesn't work,1,1,,2017-03-11 10:48:45,,
gp:AOqpTOEN30LPPoPPYnM00yOpciT3nZ-H3WSkcyCx93piMPW7zg0Nr7_AgECvqeU_gEygHPhvsq8TCKii5otDPA,Mia Brown,https://play-lh.googleusercontent.com/a-/AOh14GimYArdkVdsbwn1YEEn6CmVEZSv8zmLKOAEhgMeEUk,Love it! It boosts the volume so much more than I thought it would!!!,5,0,1.4-pro,2017-03-04 15:53:34,,
gp:AOqpTOFrqH979L30myEk5aIfw-nVNdJUrNcuqiSM_RNcyNLdTJnX4ih7utAcUYJK2Lago8CCptx-BoP0o5gkyQ,Keith Scholl,https://play-lh.googleusercontent.com/-ypQoZiHT0-A/AAAAAAAAAAI/AAAAAAAAAAA/AMZuucndaaItvvGwWz2oDNtKxummcDHgVQ/photo.jpg,"It doesn't do anything except prompt you to give the app a good rating.  It does not boost volume on internal speaker, or on headphones.",1,0,1.4-pro,2017-02-22 07:07:50,,
gp:AOqpTOHUf9-qLcs5t33JfP3FSPQD-P45o0O_QQcShGNIabfgbBr55iOHdbi6nuwsqIaaHtNVdAbIUDhoDNRlgw,Corbin Hunter,https://play-lh.googleusercontent.com/-710BmK6UZSw/AAAAAAAAAAI/AAAAAAAAAAA/AMZuucnYfBM4zJuSd__Yemcax60e56wK5Q/photo.jpg,"Would be better if you didn't have to click the app for every song you play, but it does what it says.",4,0,1.4-pro,2017-02-19 06:48:22,,
gp:AOqpTOHljDoZ0qHKHZU9K0Dy1EWkbtR3l5zb7pUcSNWz-0rsbdZqyBu4w4lnJmy-E5lIMaap9kj4HYgdwpdTJA,Daniel Trujillo,https://play-lh.googleusercontent.com/a-/AOh14GiErRXlYw4tdHC138SEGujppD8cbIfWKZyDE_sMSA,Great app. Works great on my lg flex.,5,0,1.4-pro,2017-02-14 08:05:04,,
gp:AOqpTOG3TH8neKWT4BBpiKK3Kxnu7U3UoW9qHzT7GnxKddhDZJIe9UlwtWkWUAImfImlPAXL5Ikchno9KhKoUw,Kriangsak Suttiwerawat,https://play-lh.googleusercontent.com/a-/AOh14Ghbqzq_OzNd_bp4vTvGQ_mZ9vK8vuAj92kWcYwyqA,Worked with Galaxy S7 edge and LG V20,5,1,1.4-pro,2017-02-02 00:21:00,,
gp:AOqpTOHjewmlksuq1tXkfQytTYalTHSmq34DvScE_is9EABOkrxQ4_f2At7Bt7JxO9aNxmnVYKlorKxVYi3mmg,Jessica Balaban,https://play-lh.googleusercontent.com/-5qUz4n0XIbk/AAAAAAAAAAI/AAAAAAAAAAA/AMZuuclonPjwp8N3J6AaxaoJISbNxOR0vA/photo.jpg,Not sure all app capable lf,5,0,1.4-pro,2017-01-30 21:01:11,,
gp:AOqpTOHTsn9tbEqL66alCSTgxWszbDxzao9juIBXFpwl36EbEX_j1QC-4DNpuqfRuQzg9lI-Ky_hqbVWCLkLeQ,Jonnhyse Lemua,https://play-lh.googleusercontent.com/-27RjSlWrgbE/AAAAAAAAAAI/AAAAAAAAAAA/AMZuuclaEYvrzlstuBOCrYOdjiPFAECOTw/photo.jpg,The best amplifier for Android!,5,0,1.4-pro,2017-01-24 06:05:37,,
gp:AOqpTOEKyxNrKeAPMPwhvfFOj8rIhTDy7r9BYzAZYNCRSF049rUCyGnVIKtIzE94k0gtLb4frDqO-OPPKsugeQ,Rose Cummings,https://play-lh.googleusercontent.com/a-/AOh14GiU_lc2QYqV3jZfkSn34c9FE9F6xzxr-W3uXyU55g,It gives my smartphone in Great Value better than it had before. I love the rich sound and the clearness of the voices.,5,0,1.4-pro,2017-01-20 07:14:11,,
gp:AOqpTOGDKdDDZCaKvJwjS8tBNBHEk3QrNXkuOxAXZPiSTt-VAzTH_44swibjNOSzHhmLU1EyD3wcFGFdLZzLuA,A Google user,https://play-lh.googleusercontent.com/EGemoI2NTXmTsBVtJqk8jxF9rh8ApRWfsIMQSt2uE4OcpQqbFu7f7NbTK05lx80nuSijCz7sc3a277R67g,Adds a fuzzy background noise on my phone. It does work though which is better than most.,3,1,1.4-pro,2017-01-19 04:21:53,,
gp:AOqpTOGb_Ub54eyaTh-zYZT04VIR7nLR5H-8aSvBxJJcLxENMwcgtotxHZT604iisJ_nnfcPsZkVuKba4aluLg,Adeshegun O Lawal,https://play-lh.googleusercontent.com/a-/AOh14GjIx8JaNVQFWv8C0wlXeHqpbOygPNXos6pAagjsIro,Good,4,0,1.4-pro,2017-01-15 23:17:03,,
gp:AOqpTOH_PfzdKxNseuVoQWtfjq3uLpdSGhEaq6_XzOa8mQ-bUhyeusdW4r0ueZ7qbtbmNeRHF7AmK8mMrqWYKw,Harald Grotle,https://play-lh.googleusercontent.com/a-/AOh14GjApLHbCMBpQMvr0y-D8T6oSDWADxeVJ1M5X8oqVA,Works better then other's I tried,5,0,1.4-pro,2017-01-13 12:33:23,,
gp:AOqpTOEy2l75B7b5NA34KICzn_G4Yde9wpnj7yQi3UPJIdl79hvNt5LmzkDtF7hJwM7_YnEbp_tAnlGGuuFI0w,Jason Trimble,https://play-lh.googleusercontent.com/a-/AOh14GhqRCvYv_RG9N6mtijPg7iwmbJRFoMn298Abefd-Q,"Totally worth the money,...  No ads!!",5,0,1.4-pro,2017-01-08 08:58:00,,
gp:AOqpTOEjxSyJUc37i1nJc0gEKbLU9VUGFRhT06amQo5r1rjjHONpC_9m1H4YbVI6yDs8uAPDaCnAfVdPpn3oVQ,Ben White,https://play-lh.googleusercontent.com/a-/AOh14GgLF1K9zb05mRgf45l6xhiew6CwUSFbKLTkjxakpA,This app is the best of it's kind on the market. The only reason I gave it 4 stars is because it will only work with auxiliary connection. When they figure out how to get it to work on Bluetooth I will give 5 stars.,4,1,1.4-pro,2017-01-05 12:11:11,,
gp:AOqpTOHwer0NgrpsGLNEvFBcmWCsWfWeT98VXQx6BYVS23sSW4MO2zrEPno6Kmg70QUIpopkNt99lCqzDIR7xg,Stephan Buntaran,https://play-lh.googleusercontent.com/-JcOmkwsnLqo/AAAAAAAAAAI/AAAAAAAAAAA/AMZuuclH86iz5DhwpR4gCguLzRKtuaQqxw/photo.jpg,Great app !,5,1,1.4-pro,2016-12-29 10:37:05,,
gp:AOqpTOHUpyZvk8uIbBEX8uRLkm644E1J_r8vpqAEvjyfZ0lfYacTwRYfEHdHmfRu6-z27OfFkgq7LOWKyXrWSw,robert fordham,https://play-lh.googleusercontent.com/-Ot9hWartA-s/AAAAAAAAAAI/AAAAAAAAAAA/AMZuucmyjv90grC49-meuW7um7afmMl4hw/photo.jpg,Thanks,5,0,1.4-pro,2016-12-28 13:03:37,,
gp:AOqpTOE73CurOt68CcRNv9jyGzHLsp3l-PILklVcJ69ngcz2iBuqFaxbNiYIN0X8Oxi4cDAhgBCm54kliqNABA,Dane Whittington,https://play-lh.googleusercontent.com/a-/AOh14Ghll77xSz78lNWRl2lsg8z4tHJFBBtslxsmeeCfpg,Scam artists. Devs reviewing their own app to rob people.,1,1,1.4-pro,2016-12-27 05:04:55,,
gp:AOqpTOEjtJrNsNjcQ9yN59lat5fT1lttuBTJxwqqeKmBxIbMy_b5_z6xj4ysKdzgStZ_QZr9AwoLvLMRKvo7ZA,WK LEE,https://play-lh.googleusercontent.com/a-/AOh14Gi-RRZXwv0G3VHmeoa_dFTvO9HHvl_RC31vXpIkGA,This app really works in my Note 4 and boost my external speaker by some 25% at least and much more boost when using headphones. No advertisements pop up and this app stays in the background until I switch it off manually.  One of the best app I have installed. If the developer can add an option to choose auto start on reboot that will be perfect. The above comments also applies to Bass booster pro.,5,1,1.4-pro,2016-12-25 06:00:08,,
gp:AOqpTOF4aJEtjltC4S_lrcBuAuzVNwdHb9CXdnI75RT_9Yv3PkAURRRj4ICm4PNFeuPmIsOYelV7g5YqWWH3OQ,Steven Johnson,https://play-lh.googleusercontent.com/a-/AOh14GiwXQXlXG8dEF9N-T1FtFMovWV_fHN7tKulSgB0,Brings the up to enjoyable levels.,5,1,1.4-pro,2016-12-24 12:27:37,,
gp:AOqpTOFWlbUe18QzYqPIW68AHabAmLc8IybCykvRYBgJY4s3gCl186PcCGRD0Nn845W8bOcvRLvYbiY9X24iRA,sherwin francis,https://play-lh.googleusercontent.com/a-/AOh14GjCWwlIMY64X_TxpAw4NhWkc-WnaZIx2CaOXee4Vd0,Work fine,5,0,1.4-pro,2016-12-23 11:55:46,,
gp:AOqpTOFgw07kw-RCFFvlumFuVuVP1FkyCDszUzBKNbnC9bdcwkkP9AS9urFYLJPyJV20U7BgYswVD1fKkAi_eA,Brian Dean Vee Chian Ip Kai Yuen,https://play-lh.googleusercontent.com/a-/AOh14Gij69geyhfiJP-hxzi-3JWSg1rsLSYXYvp0dyxCeA,Amazing app,5,0,1.4-pro,2016-12-20 17:32:23,,
gp:AOqpTOF_RZUXIOepSPwNQXXtTaNTdIsLzpgwuY6J1c4eKwrbaw5n2Qto6-CwQLukvucUWbz05ENAcNpuhdFYvQ,Jean-Claude O'Donnell,https://play-lh.googleusercontent.com/a-/AOh14GjN3nb8bt-zuOZRIgvgKG5757XuLNbzs77bniEK,Just for headphones... boomer,3,0,1.4-pro,2016-12-19 13:24:58,,
gp:AOqpTOFv2EW0zEqZkM6m2VieaI58j7OyxVGc_K8Ibe4U0fcR5RlJ3RoPkS9tu7IUB0gv32l8TOKfMIgvfJXW4w,Darrel Wise,https://play-lh.googleusercontent.com/a-/AOh14GhNX9B_76fBxCQebSkUOyRmmCl6ZGJI4aMuwNYJCg,Worth every cent.,5,0,1.4-pro,2016-12-18 12:05:11,,
gp:AOqpTOFMnHSqKUiEPzoOHaCd1UUQMqiRfMznlei-HY7U1NSM1riB6MIi-jP3hd5to7fiN5nZdZIXBPOPm6pKVA,Keith Bean,https://play-lh.googleusercontent.com/a-/AOh14Ghl-Gy68e6Owua-Rprod7NDQOMWzDRHmgmORGZd,Great! I've tried hundreds and this is the one!,5,2,1.4-pro,2016-12-17 10:31:00,,
gp:AOqpTOHvJrOshYNGP42eB6YlJUjxQiQRAw_84IiyMH1JQX24Sk_lEU2BOG4Xme23-qo2H4abqULMWOXDvNTbVw,Steven Lithauer,https://play-lh.googleusercontent.com/-neOGuq93V7E/AAAAAAAAAAI/AAAAAAAAAAA/AMZuuclCTmls799GqLrOpEiBdh_bbroY2g/photo.jpg,"Best Android headphone control I have ever used.  So far it works perfectly.  PLEASE DON'T MAKE ANY CHANGES, UPGRADE THIS APP.  I love it and look forward to seeing other apps from this company.",5,16,1.4-pro,2016-11-16 14:26:44,,
gp:AOqpTOFjc6qYXOcsOy0kSuT69eot2mcq-TPpfXgAbCXSrLuvcjTT9qasUxMNWc7tJ7Ldx--pDnsP4Z3rdL3DTw,Angel Sanchez,https://play-lh.googleusercontent.com/a-/AOh14Gg37wHafkq5NlKnEiS_N6ozS52B1CPpsFBcc3iEJQ,Porque?,1,0,1.4-pro,2016-10-23 19:57:35,,
gp:AOqpTOE8M9vpReqBFhd3uKvZdNzs5rfRu2IRmZ5CFvnmbrcHjhVs4C5ods3mjLjicjMGLe1nc-L1c7uF2VDaZw,Faisal Arif,https://play-lh.googleusercontent.com/a-/AOh14GhXT23d6W-6GMohE9xc5I9FMOh19n2KmdxyjtQ2utg,It worked on my note 4. However despite being a paid app it keeps has pop ups when started asking to rate them and warnings on simple stuff. NO WAY TO STOP THAT.  Notification widget required multiple clicks and starts the app which closes any media playing.,3,2,1.4-pro,2016-09-28 09:14:11,,
gp:AOqpTOHCMeP4WeQoKyA0xmpI4jJELIpzFbzhqSq7rgpc0_abasD03-9cJG5j-niwlzQlwYiIaF7djOL2NSPbQw,Brian Gray,https://play-lh.googleusercontent.com/-Eif4US8-XcU/AAAAAAAAAAI/AAAAAAAAAAA/AMZuuck35utDS4rGSNYjBgWkTdGj22AZgA/photo.jpg,"I have a S6 Edge+. I have tried over 15 different apps to raise the default volume max on this phone and none worked. Most were like a shorcut to max raise the volume defaults of the phone, in other words, they were useless. This was the only app that increased clean audio beyond what the phone offered. As someone said, id give it 6 stars if i could.",5,24,1.4-pro,2016-09-26 05:44:19,,
gp:AOqpTOE6QCIeB76tkRi9XsI7Nv_kUxAyhhFjScl4laJxj56-S6z1HA84N5dVahR3YMUGuu5zun5fHn6hwGLpvw,A Google user,https://play-lh.googleusercontent.com/EGemoI2NTXmTsBVtJqk8jxF9rh8ApRWfsIMQSt2uE4OcpQqbFu7f7NbTK05lx80nuSijCz7sc3a277R67g,Works with Podkicker. Very pleased.,5,0,1.4-pro,2016-09-01 16:01:59,,
gp:AOqpTOGBW8xYqxZxE0EVw5T7DKOlSUv8jVuPFxZdSCemfpxoYI7U-wzhPv-50uK0R955yxhxAPMU3R0ZOQZDOA,James Smith,https://play-lh.googleusercontent.com/-vbnyQ1s3Mww/AAAAAAAAAAI/AAAAAAAAAAA/AMZuuckJSk_RONlcgoa4k2j5MR-y_iaQ1A/photo.jpg,App,5,0,1.4-pro,2016-08-14 06:59:07,,
gp:AOqpTOHVYHeJ5h2tKa6E7EMVMSiseB2LuLAbn9TG5jzEuVYcRc1gNnIC1ijaa3Lx0q5Y6dD2_RS1V3yOi6X9qA,St0zzer,https://play-lh.googleusercontent.com/a-/AOh14GjWF2ekKhOb080HqKQ7Lx-hsCn8ebBgS3rvVLIp,App provided no boost in volume. Do yourself a favour and go buy a pre amp,1,0,,2016-07-15 11:26:16,,
gp:AOqpTOGapPv4Jru7ZYQ86iFAj7BefJ_Jeq6r3J8xnB7TlThQucbV_L5O-UMfw59WbU5KbXvtDzOfLWbaDPE5Gw,Jordan Delande,https://play-lh.googleusercontent.com/-iDVxx2VApiY/AAAAAAAAAAI/AAAAAAAAAAA/AMZuucmrK4elGeTF8_EqaqFRznDybG5zhA/photo.jpg,Great app wrks perfectly,5,0,1.3-pro,2016-07-10 00:47:50,,
gp:AOqpTOFvVauCT0NMXcjXkiXmhIoKQi7VB4aWzX48m96O2EFxXAlt7hJ_MqnZO2X7ztYWD8gzENvUKbidRX3qBg,James Muller,https://play-lh.googleusercontent.com/a-/AOh14GglAnBtKCRYH2w4P35-viyKF0fiGHhVzbwqLhIhmx0,Boosts Phone,5,2,1.3-pro,2016-07-03 14:35:12,,
gp:AOqpTOGTKSIj3JisdiKBGoaNOysm8wChbB6lhNzVLWUBevkSX7U5xDafb6IN0tF_iYiBvtr17zjN1Spo58KnWw,Larry Nau,https://play-lh.googleusercontent.com/-48reFyj5E1o/AAAAAAAAAAI/AAAAAAAAAAA/AMZuucmVREd8GdBSL-dhlSQGXh54n9wVxw/photo.jpg,It works and simple to use. I'm using it on a external speaker and it increased  the volume at least 50 percent,5,4,1.3-pro,2016-06-26 07:56:28,,
