reviewId,userName,userImage,content,score,thumbsUpCount,reviewCreatedVersion,at,replyContent,repliedAt
gp:AOqpTOFAw1yoeznsC0OqaQOVrm2VJRe_VwjYaSgWiG619DklZK7s8vFWFVh1oVE5ERwa1_ahWzU4SCDj9YFz9aY,Maryann Capanna,https://play-lh.googleusercontent.com/a-/AOh14GitZEN4IIESIbjg82eCLGz0zTY5Bhv9gG1Fh__6Xw,Wonderful game!! Interesting and makes you think. Nothing else it that I have found!,5,0,1.0.3,2021-02-09 19:14:20,,
gp:AOqpTOFXnX_CuIO0t0Ez4jfzdykQz3mph9L-0umXjnz4wlVrvwHpWsY_D2ypEwPMx4qJXnEyNoofX2Twzu5bFh8,Daniel Wandro,https://play-lh.googleusercontent.com/a-/AOh14GhAUZKsdl5CcJ-2_l_a48xE2shLQOWSNXAcv5wIoA,"This game is a lot of fun. Lots of fun puzzles! And the story, while somewhat abstract was very good. It had its highs and lows. I laughed, I cried. Well not really but there were times I was I was elated and times I was sad. Well done! Where's is the second game?",5,0,1.0.3,2021-02-09 14:25:34,,
gp:AOqpTOFhRmQ17W0t2TrX0gfPPzC12UsdiLHXP3Ceyd3eKk1rC7eBmqg2ZpTR8WeGFCs0WDV-oh7JlIUNFxVUeZk,Richard Baker,https://play-lh.googleusercontent.com/a-/AOh14GjiK4W9tUyAH2Sb0UVllYzGqhH2ff9XLhU3lARJkw,"Really enjoyed the game. Most of the puzzles were relatively easy to do, the story was thought provoking and alongside there was some great artwork. Please make more!",5,0,1.0.3,2021-02-08 14:16:46,,
gp:AOqpTOHSJ1eKGp9u7nWr_eydyxYq-DnYdfMQGWp5A5Ow18I-X2Tlkf9904vbN8s0sFjQMY113jl-BN-5_srQ198,Fleshia Biazo,https://play-lh.googleusercontent.com/-3vbc-7oPp1E/AAAAAAAAAAI/AAAAAAAAAAA/AMZuucmRPQWsc71pyzkbccmWAP4io9DPug/photo.jpg,I lost my brain sells,1,0,1.0.3,2021-02-08 13:18:06,"Hello Fleshia, if you need help with any puzzle please message us at admin@onceabird.com

Thank you for playing!",2021-02-08 13:22:05
gp:AOqpTOEv7rNcTtGiocHzrgnF445zF0OgVzIDrXu0iA5jS7Vt9hBoGpm9P3V46CyqF2U2GbwNhVd1lOOG2jQ1KVo,Rendall,https://play-lh.googleusercontent.com/a-/AOh14GhrcjAGol6J2xJYm8qY3QLgiI1yiy4RQl5rweBUSQ,"This game is an art piece that's good at creating a mood. The puzzles are not as challenging as some other games, and its production values are sometimes uneven, but that is okay! It has a lot of heart and is quite unique. Well worth the time. I look forward to seeing more from Once A Bird",4,0,1.0.3,2021-02-06 11:52:19,,
gp:AOqpTOFpcJfp9wxNks4b3V3aPbMiH-Lt3DjwCur3zc-8-5-s6CuMGOirulgEPTYLIxoPgZ6QjJIVPc48XuSdftE,Richard RP,https://play-lh.googleusercontent.com/a-/AOh14GhOtjwHaGEKrqKyxqquZLvwLWq76zhXG7KZS3or6Q,Design is pretty good. Some of the controls are finicky. It's a puzzle game but there's nothing to break it up. Once you finish one puzzle you move right into another one. This is fine for quick 5 minute gameplay but after that it just gets tedious. Maybe if it had a better soundtrack it'd be more immersive and enjoyable.,3,2,1.0.3,2021-02-05 19:38:01,,
gp:AOqpTOGXalBkHKHSvv9XNnziETgA6MDDxyWbRtG2ybqPStrrGp21GCQUpp-jeXfZTbbmTDMiF68BfasR1oCg3kQ,Kent Blake,https://play-lh.googleusercontent.com/a-/AOh14GjXifbeRepZj_0p4suNxAqADRKAedJSWHFzZVCI,"Beautiful, cerebral, and FUN.",5,0,1.0.3,2021-02-04 21:08:39,,
gp:AOqpTOHAxXZRAIGEQSalOIbQc35P7uRMJdY_Bdfd3gWwjT9Z1PxkfBDl21znWryBcoDj0zCn-eAw7eZnxIjiR0U,Edward Rockwell,https://play-lh.googleusercontent.com/a-/AOh14GgLvVObnhO5_A3wCdj6JqvAKNLqdI4E1pS1BgAxGw,WIN,3,0,1.0.3,2021-02-03 19:06:51,WINNER,2021-02-03 19:18:49
gp:AOqpTOFZ_c-Y4treB6NJyh_A3Jm56Lw-LZryRVDMC-kNblNHBQdLD_PX4u9QkzWJwTlS3JDWLIIWs8LpDJxmKLA,Michał Sieradzki,https://play-lh.googleusercontent.com/a-/AOh14GjaI_G6HgimkxI6mnWX2dTqq1trsG8TeYvxHRS36w,"Nice short and too easy, most puzzles you will do at the first time, expecially near the end, which is quite bizarre. Often puzzles freezes too, you have to restart a game for it to work again, or pieces off it will vanish suddenly... it's annoying, that's why only 4 stars. I also don't like the ending that much. ;)",4,2,1.0.3,2021-02-03 11:52:56,"Hi Michal, thank you for your comments. If you don't mind telling us which puzzle froze or lost pieces, please email us at admin@onceabird.com. We're always looking to improve! Thank you!",2021-02-03 11:55:26
gp:AOqpTOHJH6nOcnR6vpqsBtkNVgZiYbsvNf4Luqa9owSGY62FO111tlN8_a_Ml3e8LjgpfYkxhmTbVi29nyLr37E,Jason Dallas,https://play-lh.googleusercontent.com/-JdhcdV4vjRI/AAAAAAAAAAI/AAAAAAAAAAA/AMZuuclpDGK0dp67XVdr-7rKCA3V9Cy1_Q/photo.jpg,This Game is beautiful. Mesmerising haunted melodies in tandem with charming animations make the puzzles so much fun,5,0,,2021-02-02 16:49:51,,
gp:AOqpTOFtyAgIn2VeEIpKeJ2YxCtfUYwnsO1Fch6Xlpro3i17KIoAsOipqyT9kdFcAtMr72Gm0VP4yEAtzxROvY4,Renee Roach,https://play-lh.googleusercontent.com/a-/AOh14Gjo2RJTiJXxKpmqNUqSl07cH6VBxL_S8S90GTNPgQ,Very Cool Very Well Done,5,0,1.0.3,2021-02-02 15:33:37,,
gp:AOqpTOHLIXtHWiCyprM9FxEf7d7KZLUxRSpbrQRHLwwg2Phb5a2B6NMdM7nsg61rYlSuMvvlh42eDXxa14lAtig,Shannon Sims,https://play-lh.googleusercontent.com/a-/AOh14Gg9emCcskzkue3GAI7xUQIMbFn0OF0bdZqc1UyMIBM,"Fun game with challenging, but fun puzzles",5,0,1.0.3,2021-02-02 11:30:49,,
gp:AOqpTOHUHBc0bkdBtYoRjeagAaQZPs4k8Spi5K6zdIATn40bYMae2Bs9HdP38ERXlyACC5Jm3M93Py2VsA-vQ4k,Alex H,https://play-lh.googleusercontent.com/-g6iULCDCKsU/AAAAAAAAAAI/AAAAAAAAJPA/AMZuucmt9nrqT4o8ohwl7Z4UIRWPhEptQw/photo.jpg,"Excellent game, the only mobile game for which I've actually sat through the credits. Puzzles aren't overly confusing, the difficulty doesn't scale horribly as you continue but remains a challenge throughput. The story is intriguing and draws you through the puzzle to keep playing.",5,6,1.0.3,2021-02-02 00:42:50,,
gp:AOqpTOEcPCeg_oHBwleRIa-MGkHlhWyLGDpZPhavY4HiBlEPXJVCGpell5jhE9xtzhiVfINaw1SStUQUOC-VkoQ,Picasso Dynamite,https://play-lh.googleusercontent.com/a-/AOh14GjmC468QBCP3kokXZgHSVz1y8HWyqRt3TrCIU7y,"I'm sorry, I know you're a small team and I usually support the good devs because the store needs them, you guys made a great game but the puzzles or mini-games, whatever you want to call them were just annoying. Each time I completed a few I hoped it was the last but they would go on and on. The satellite one almost did me in but then the aliens did it, they were not fun to solve, it was aggravating. It was always pot-shots hoping to get lucky and there were far too many in succession. Sorry.",3,1,1.0.3,2021-02-02 00:17:10,,
gp:AOqpTOGbA8K6XSmPJQRbKsOKzzuLqMtRd3AEadfVPDjkVqSytrz1nSnJIWkgEJq-vKSUm5-V0iSeE52m0fIXu18,Christine Stark,https://play-lh.googleusercontent.com/a-/AOh14GiMzvCOfQuDDCBDRCZamxSCvuY0AfuR4w2g5Ybjiw,"Creative Short story, with original yet repetitive puzzles to the point of monotony. No hints available so u MUST solve the puzzles/patterns to advance. Almost tapped out and uninstalled a couple of times from boredom caused by restarting the same puzzle DOZENS OF TIMES. Only from brute stubborness and expectation of sharing my opinion in a review, was i able to force myself to open the game a few times a week to progress. Not how games are supposed to feel...",3,7,1.0.3,2021-02-01 00:32:14,"Hello Christine,

We're sorry you found the puzzles repetitive.

The game has hints, you can enable them the first time you start the game or at any time in the options menu.

Thank you for playing!",2021-02-01 09:14:21
gp:AOqpTOHefTg9mw35G6x8Wy7dtx2ZNoE2OwPv2RBlKJOz7_T4cpeSvPCSEDZA_CDa17iFGdc69RJ0j8FCu-78DUU,Nikolay Borzov,https://play-lh.googleusercontent.com/a-/AOh14Gh87kddznvt4evkukyXeCisxfAhTC_QINic5I17Bg,"Short story with physophical ideas I didn't get. Some puzzles seem very hard at first, but after returning on the next day - solvable. Very beautiful visuals.",5,0,1.0.3,2021-01-30 11:18:13,,
gp:AOqpTOE-lCeSUC_nfkpxPK_fw7EnWBs5h3mrnES71W50Af3BYUARBJ7Nz5vma_5xgzxEFUews8UlsZGdrFTp9H4,Michael Richardson,https://play-lh.googleusercontent.com/a-/AOh14Ggx_im1cJDwfTysrUSJfF_W1dTpPGz-3THEKKSq,"It's very short, but very well made. The sound and music is very good.",5,0,1.0.3,2021-01-27 21:55:17,,
gp:AOqpTOF0F7YJthBEQK3TqWZNAZMOXI8nVR2cytNaUQ2foUfegV-WB9LB8MmkyHMUpai4NkQISvtABfv5ImqS2YQ,Lindsay Allen,https://play-lh.googleusercontent.com/-AbaLNr5RWvE/AAAAAAAAAAI/AAAAAAAAAAA/AMZuucm5-my3C6GPvEZzXh9ObF9wkWRzNw/photo.jpg,Thx for guiding me on my medical devices.,5,0,1.0.3,2021-01-26 14:55:13,,
gp:AOqpTOH2lJQk-ExstW7_iNWDcHLQmlVgguNLZkMQN_b9BYcyR_oHM4E5EBiFwxfRp-KIOuzq-BObduD_XG6v1bg,Stephanie Gordon,https://play-lh.googleusercontent.com/a-/AOh14Ggdql9C6_3XH_RCxPlvlnjvPvAxSM5EbAcPiWdy8A,A fascinating little puzzler.,5,1,1.0.3,2021-01-24 18:15:32,,
gp:AOqpTOEdkpct0MN6jT5d849QjQulCsW4zYEhORpkZBdGPzWMpthrQzAv1OIS0uUAvnHwNYjZMV_Bkpy9IcjYIXY,jessica yerxa,https://play-lh.googleusercontent.com/a-/AOh14GgtsL0YW5ITnNHCnbClY8C78QI8P1BKcyFsJKuj,"Love it. Makes ya think with their tricky yet not impossible puzzles, when you think you completed one another tricky one pops up again of the same nature. Idea of the game is also pretty cool too, overall its a great game and I would recommend for sure, awesome job developers, thumbs up to you 👍",5,7,1.0.3,2021-01-23 14:57:03,,
gp:AOqpTOEzzpIMqWdhdyMnyD45tvaDzl6zbeQq3GwfvVbCTgtCLsQ1J6dLtHE4thczTkAoO1jSOw-2W28AmsKhQaY,Michael Thompson,https://play-lh.googleusercontent.com/a-/AOh14Gj_LlppO0UrI1izZWrH7eQOGbWnOYGYz6wbOKRJyg,Interesting game so far,5,0,1.0.3,2021-01-22 22:45:05,,
gp:AOqpTOG8PA4m14tC5CvRL5R4tnbk-pll7HZrt8csxhZ3Jws1bKqvOseoVfMQD8BTNZfelqA0KCY9Y7JJel1AFak,Mikaelle Dorsey,https://play-lh.googleusercontent.com/-ZwIFXWt77Xo/AAAAAAAAAAI/AAAAAAAAAAA/AMZuucl6WMVlmsZKvEQCqYiKrky8Zr0iuQ/photo.jpg,Fun not too difficult love the graphics,4,0,1.0.3,2021-01-19 10:44:57,,
gp:AOqpTOHsvr-_zNoc-YQpIxB5s8XXPqsD4AGobsIsbL7GzuqKcAv30eK28NNQg4udJmqdGJkSQwTdqBlScq32j20,Abi I'Anson,https://play-lh.googleusercontent.com/-Em2Vk0rsFsA/AAAAAAAAAAI/AAAAAAAAAAA/AMZuucnpo7TAd4s6VVgZLw9ZYnIHMDgb4A/photo.jpg,"Oh my... what a beautiful game. Great graphics, unique puzzles were just the right amount of challenging - not too easy, not too hard to out you off. Wonderful story line, but surely that can't be the end??",5,3,1.0.3,2021-01-17 10:05:19,,
gp:AOqpTOGcd3RXlN_-01yRkvQnATwREumEcUQDsXVi7i-AnavjL8suiZopDykQYfaWemj7Rd_G18ERhy4ZslGtWFg,TT C,https://play-lh.googleusercontent.com/a-/AOh14GgVY95SkzkHi9MfQtjMrsGXNEBEt0YMrQDs1iDw1w,"Pleasantly suprised, enjoyed all the through. Sad that it ended so quickly, but hoping this was to test the waters with a deluxe version on the horizon. Sooner the better & excited to see what other gems you're working on.",5,2,1.0.3,2021-01-17 01:55:36,,
gp:AOqpTOEd3OS-gBG76pHhQ9Ryik5kpZ-Xpzrai3BcJaNplYobkIW71QS2Q9eAvJP2Kj5T6AMfDnts5GA3pA-rYDY,Graham Chestney,https://play-lh.googleusercontent.com/a-/AOh14GiL5nnJC7NmIEu_h2TYbGdrSfVMkNT2Twgi4Ib88EA,Fantastic puzzles,5,0,1.0.3,2021-01-15 14:29:18,,
gp:AOqpTOHiQDgF-_zx6X4qjW5UFTN8lzGa3ta4lOlOqKtgcYTJTMqiMTgXQV4RmcjC0wXtofVSGijomMKnjy2OUwk,Chris Long,https://play-lh.googleusercontent.com/-X9_FVVjrBMI/AAAAAAAAAAI/AAAAAAAAA08/AMZuuckvkeHm3nP_p2VzIypZYfZPCgLh_g/photo.jpg,"Pretty sweet game just scrolled through the game list and saw it so I bought it and liked it and now I'm rating it 4.88 cause it makes me think about how it would be in the future .....blah blah blah there makers of the game you got yer rating and a comment,(good job) now make another just like it but longer harder and better for android NOW!",4,13,1.0.3,2021-01-13 16:40:23,YES SIR!,2021-01-13 16:53:14
gp:AOqpTOEpiCmnpZiHczTYnOB0fUZowC-diUG4VVqPfnwXy-JMrg-MbEAzsHaYQ5nTrRcdm__TN9NGqMDbD3lkTQ8,Bronx Latina,https://play-lh.googleusercontent.com/a-/AOh14GiZ5CtF_QJpEaaOs9ySjRnfYlxBepfcD3Tjlf5-,Great game!!!,5,0,,2021-01-12 21:31:17,,
gp:AOqpTOGpU_FCxdhL20_Vhsk0VLAHruO2OBQu-2cufRYnh-enYHVEWaKxWPlCBucQw61VEniqAy_V6YraAk73lKs,Henry Cordy,https://play-lh.googleusercontent.com/a-/AOh14GhrVKVV_EpGuM3wFqbgD2LzE2UllozA_GxwDPrnTfI,Stunning puzzle game. So much thought has gone into this.,5,0,1.0.3,2021-01-11 11:49:49,,
gp:AOqpTOFXlnq7GvM3zeFUOm6eRaGxM8vc29oFWju-CxV0YFVmQe6HB7aS0pzv0vDo_UjuJth_048FalHPnxiNh_4,lil fetusx,https://play-lh.googleusercontent.com/a-/AOh14GjDBTV5fH4jkBrSf0DmlhwK2wJD4JV9dv0WtJZDFw,"She said ""you're a player aren't you, and you got lots of hoeessss""",5,0,1.0.3,2021-01-10 15:19:54,,
gp:AOqpTOHhxOJ5taKX5wUVHOVjVWu2pKK-9oUJN5--KAXqcpMSJjICap9y_8Jfvr16uIFLizLe_TbofTo62O57j6Q,Farrell Marie Smith,https://play-lh.googleusercontent.com/-AoH-zv5dkYY/AAAAAAAAAAI/AAAAAAAAAAA/AMZuucmuGYGfpv89jfAcTQlO3hRBGvF0Eg/photo.jpg,Really great puzzle game. Beautiful and complex. Just a really stunning and enjoyable treat so far!,5,0,1.0.3,2021-01-07 15:16:18,,
gp:AOqpTOEUh4C9Jm5dQJl7ugPd3A6PT05AH_VCxWyn6X7zS7DP7KT6vkJMO-Ib7F7yrK9algYfoOigxJHKGKG4wQ0,Cristy Bilbrey,https://play-lh.googleusercontent.com/-K7mJHqQeVj4/AAAAAAAAAAI/AAAAAAAAAAA/AMZuucnLSqGCwuxWTWO1XI9HTohGIWVJUA/photo.jpg,I love the old school pixelated text format set with great graphics,5,0,1.0.3,2021-01-06 22:45:46,,
gp:AOqpTOHbUNsPf96XXPNbbwgbRbkuexA9KZ-t0HMM1lpz1ivAdC4tLYWCsuuN-pF7FRx4OI41dAkVwQEJOcfEBVE,Spartan,https://play-lh.googleusercontent.com/a-/AOh14Gg18MankzZuFDlerkfR9IsiCmtENcO6GUQZ9E6eGA,"Great game, very unique and fun. Puzzles put up a decent challenge and the visuals and story keep you hooked.",5,1,1.0.3,2021-01-05 19:42:29,,
gp:AOqpTOGSFLfG5Zck95q24SdoxtzqJenFX_LpgOctFAhmvZZtwmX9XwVyG_s6-P19ssP7wW0eHtueTkctUa_RK9A,K W,https://play-lh.googleusercontent.com/a-/AOh14Ghx9ec8VkGLfWcVaJd-JQIQNnS0PQulzd2FZoWVVA,Great game but WAY too short.,3,0,1.0.3,2021-01-05 01:45:37,,
gp:AOqpTOF38ibTpo6YBgPY3F2cJQNWMF1EL4m4BozcWfgfqDjQV77x617ZfY3J9meuJ7mGAO7hzHfgCxLH9LQ_yX4,Lian Trowbridge,https://play-lh.googleusercontent.com/a-/AOh14Gg8rQHo_t6whA2vj8bVeEbDTPmC0ZYbMSyavnHnHfI,"such a cool game! the animations are awesome, the puzzles are challenging but not impossible, and the storyline has been interesting so far(I'm not done yet). I've always loved point n click style puzzle games, so I was pretty excited to discover this one.",5,1,1.0.3,2021-01-05 01:20:30,,
gp:AOqpTOEVm6nGW6brij79t-8Tmjo4dSOIcJ6tB1SHn5gO-qHO9RfbG4isej2v21IQRZroQMcksVpkxDnFowHUVFg,Alex Pleasant,https://play-lh.googleusercontent.com/-xciT2OEQO0w/AAAAAAAAAAI/AAAAAAAAAAA/AMZuucmqRttlcSX9EObxsUh6Abdi1hg1-w/photo.jpg,Great puzzles,5,0,1.0.3,2021-01-02 18:49:39,,
gp:AOqpTOFQB9PIgrhraa3xtiGqoMXqZEiHHR_52t2uUUkMEqi0zC9WXPrwepsyxw3awhyq2crw_yZIQv5tPA7PadQ,Josh Hachie,https://play-lh.googleusercontent.com/-ph1Iedz_jCY/AAAAAAAAAAI/AAAAAAAAAAA/AMZuuclHmZXvb-7RcDatWyCnPKhOkmjrbQ/photo.jpg,Definitely a challenge. Quite enjoyable.,4,0,1.0.3,2020-12-25 19:47:18,,
gp:AOqpTOETAce46vySxIvl1lXM4191C5TU_pjGV5JONZhWbDHWUSowaKuxp2FVE2uKjcLUHs-DUK_5KLQ2NM37Pao,Hannah Fuqua,https://play-lh.googleusercontent.com/a-/AOh14GhLgW9o2IdhXilxC3n1IGBgWyCV9rr7uWg3MXg,"You can tell a lot of love went into making this game, I played all the way through. I wish the plot and lore of the world were more developed, and the puzzles were a means to story exploration rather than the primary game. Then I could see it having a lot more replayability. I can tell there's a lot of fun easter eggs, but I don't feel like going through all of the puzzles to find them. A saved game function would be a great ad in.",4,7,1.0.3,2020-12-23 22:08:11,,
gp:AOqpTOEU-8nj2fbkdHFUWWOEhkERQgQJV9klgShR-3nuXrHUO1Is8cQdIxULdplbBcmWoo7HoE7CU9rAESkLm_c,Fred Jepson,https://play-lh.googleusercontent.com/a-/AOh14GjWjmQWh8lIPpXHx8He9WLI7tz3FMR5QhAN8og1,"Very cool, very different, very avante garde, very aural. Surreal landscapes lightly seasoned with an alien breed of enigmal exercises to remind me I'm a part of this story, my presence alien in itself and lightly disconnected, like reading in a dream - are those even words? And if not why do I understand them? Or do I? Do I understand anything? Has anybody seen my robot? We sat down by a repair terminal to get some rest for a bit. Why was I so tired? And then there was this game, I think...",5,7,1.0.3,2020-12-22 23:40:30,"Thank you, you made our day!",2020-12-23 09:34:52
gp:AOqpTOEp-pamBUYkeGoiNFkEtVxuhTC48wB3aBr92eP72_CeO8lYJ7m44DDHWQIqs9ak0k5tTk6vtblC3fFpzNA,Yvette Latina,https://play-lh.googleusercontent.com/a-/AOh14GgECPz1sDnebBtEPZf72ld-Wh9TSzw7Q-clgt7Ehg,"Good game, sad ending.",4,0,,2020-12-18 04:48:48,,
gp:AOqpTOHr_xFLm2zwP355xtyT3gyragIebwtPq2Npaj3PkZ07ZifguTRhRNx-tttGwuXleFohiCtTsPsgxfcwXLQ,Michael Peck,https://play-lh.googleusercontent.com/a-/AOh14GhwDnGIiZPZAYkx-7Rr4Ich8I2k_-nHuUe4pxRyPQ,"Excellent game. One of a kind, thuroughly enjoyable and well thought out. The only thing I would add is an option to turn off vibrate but thats it. Well done!",5,0,1.0.3,2020-12-11 17:01:42,"Hi Michael we're glad you liked the game! If you turn ""haptic feedback"" off in the options it also turns off vibrate. Sorry it's not more explicit. :)",2020-12-13 09:03:38
gp:AOqpTOEQEFZ5J0sz8tui8xHX5EJVPpakJlQWNNxLdP7qxr9K4EAYHBgaq4BgVoxK15LZW-UsKM2si-7ina4_7NU,Oren Shmuel,https://play-lh.googleusercontent.com/a-/AOh14GgvCkWm6nU7_sbghW-wFs9a986at5-h2WolmWHiiA,"Nice puzzles game overall. Very good story, and very original touch to everything. Was a bit too short for me.",4,0,1.0.3,2020-12-05 16:32:12,,
gp:AOqpTOH2J-lcuYqo--VHgkPPG8ce6jsip4geP2km1snWcbOjY-_OT3cFpIc30pyyKAUKl8yKzQ9bjaaSfZFNJiA,alexandro sosa,https://play-lh.googleusercontent.com/a-/AOh14GhHNXqy13Mp0jliQLceVDRjFZAJ79_0BwvIJd1HXg,"I love this game, its a puzzle game but its more personal. U start to care about hud",5,0,1.0.3,2020-12-04 05:29:23,,
gp:AOqpTOEXGbB5wqnOHxlaSiDO5hCUYjoIoiMyAKGIAG2NSQs_nZBacAWwtv1a1aWll9tDn2LcjRMA73p87wvN2KY,Tim Dyson,https://play-lh.googleusercontent.com/-XIvw93ubhOs/AAAAAAAAAAI/AAAAAAAAAAA/AMZuucnV9o7T_jCYW0P5bCpgjzP1E7mEhg/photo.jpg,"A very good game with a lot of work put into it, the problem is it felt very sparse. The bulk of the gameplay is batches of repetative puzzels. These puzzels are not dull in themselves but they tend to blend together making for the feeling of not much happening. Don't get me wrong it's a very good game, it's just left me feeling like there wasn't enough in it.",3,0,,2020-12-01 07:21:09,,
gp:AOqpTOGWvs80WWwQc05K07OWnpHQBShkzYmznBegQ-sXM84Wvn5f5SXrXew-6dg2xlsAuFCmEisOHSWfWydA4U4,tik tok 1.15.1,https://play-lh.googleusercontent.com/-vGcYhm0zS7Y/AAAAAAAAAAI/AAAAAAAAAAA/AMZuuclc9IHiEdhtqGBye3Z6oX3JF_OS8A/photo.jpg,The game is amazing and the puzzles are immaculate,5,0,1.0.3,2020-11-26 12:40:25,,
gp:AOqpTOENPJ5ouYrjEMoW5Zgg2tjOUQP5Ctgz0pUBenelEg6akpPm8yxV7LRT8IAPQMtSLvISIkAApKlIu9o906Q,Shannon Caudill,https://play-lh.googleusercontent.com/a-/AOh14GiKROdYpYRqR85jq5vyWQK2kHckUya80Uj2DzmO0Q,Really great story,5,0,1.0.3,2020-11-26 09:35:55,,
gp:AOqpTOFYv7uNn1coaaw9YUaDip-Ue7R1zIhJ8FoBVCWXTdVkS64JEzK2Iug084XNVeGHsOovS3-9W3mHzvcYc4I,Pookie J.,https://play-lh.googleusercontent.com/a-/AOh14Gi2P2HrQWObV0p32DqfwrSLDBgMACEOy2Geg2EpG2Q,Fun and addictive!!!,5,0,1.0.3,2020-11-24 14:51:23,,
gp:AOqpTOGfaOQNVx-myR-Y0IRmNeZ_PXbEpb2KnvA5FzmqTVQt_N54_XX4Y3HHu2XCrDhj3_Jt32utH6gK9URg1dg,Mitzi Stone,https://play-lh.googleusercontent.com/a-/AOh14GgwXfgjoiofQelXIMJlp9-H8XvSK96ZeUIdKeQk5w,Good story lots of puzzles,4,0,1.0.3,2020-11-24 08:53:18,,
gp:AOqpTOHpPJ3Oc6LUV6ttnLVHMTnHfyy09k_-0G5t4Od0ldWVOJhqFKCoQPW6rqNBI8S2rr1_JMvInN27p4SiTNY,Angela Lantain,https://play-lh.googleusercontent.com/a-/AOh14GjmqCS7ehowfM8j6KPxCmIE6pQwW5N3LvzAGnFC,An enthralling game with interesting and challenging puzzles. The storyline is fascinating and I'm still not sure if it's a happy ending or not. A rather bittersweet ending.,5,0,,2020-11-23 17:09:28,,
gp:AOqpTOFDlpNJ8gR7Kuhn7KZPjbYQpZXSK-vquScJ4dOCyzLRhJoN1afpLzPSMff7Ctn3mcyTJkKxjrMTMzoDtL8,Seth Doran,https://play-lh.googleusercontent.com/-Z7WyrIwvV5U/AAAAAAAAAAI/AAAAAAAAAAA/AMZuucnA1RBcljHBHeQNGLttsPEqpKNNgg/photo.jpg,Very cool puzzler with a good story.,5,2,1.0.3,2020-11-21 05:12:36,,
gp:AOqpTOHppaqVULH0gs5s8zv5b0J5WZ0fpztjevwNnxnM3rkX1tdzb_UH-UvkQb1fmZrFtFW_OxImiaSUIJy7OD8,Mille Carlsen,https://play-lh.googleusercontent.com/a-/AOh14GizSkT8-3C0iOhs7EschZnEhHw2v5q7bTf5tbO7Mus,"Cute game but the story is very hard to follow. This is partly due to lack of text/context with the different areas and tasks, and partly due to the videosequences being super long and unskippable with little to no action in them, making me leave my phone to do somethibg else while waiting...",3,1,,2020-11-20 10:41:56,,
gp:AOqpTOEmxs77IR1eoRADgy-LY8RMEGflAN6JXZrpPHyNiphMUuzMLCSvBh2bB75xFQmyNpZLkGfHr0hr08ToXo4,Andrea Sacharias,https://play-lh.googleusercontent.com/a-/AOh14GghCyss4RpRhwH735Czsvshwjg3tFoY8fHxdFPZHQ,I loved the game music and graphic great relaxing after work. I would have loved to seen outside at the end. Puzzles wereneasybexcwpt for alien lingo one. No freezes would have loved the story to continue maybe with all the alien jellymen coming alive. I didn't want the robot to be lonely. I loved this are you doing more.🥰,5,3,1.0.3,2020-11-19 03:42:15,,
gp:AOqpTOFkq2zQ_-GRI4jiW9ztEDARfq0CmW3syycQZxh_1H5nC9wVqPYEBeB0t4l_DeHYHIplq9e8f6ruDQmYjfw,Mike Walsh,https://play-lh.googleusercontent.com/a-/AOh14GiJnZfP8h-IXlKv2xVVn_wYhJw6APM4Yu0V__KYRA,Good puzzle game challenging but understandable. Recommend,5,0,1.0.3,2020-11-16 18:49:30,,
gp:AOqpTOFhIQ0s9AMvcO7qpI6gNolgKe4Gm13NuY5VwdklyZRp369dgPGQdNyfSoVMg4rpNKdyic9k2jYL63UiuAo,Purple Gary,https://play-lh.googleusercontent.com/-VRjpUlkOshQ/AAAAAAAAAAI/AAAAAAAAAAA/AMZuucm1RBcAlaVpI5GbYq7rnVBWk9SOJw/photo.jpg,"Somebody had an idea, and brought it to life in a very beautiful and creative way. Puzzles are ingenious. The power cables can get infuriating when the wrong ones move. Loved it all.",5,0,1.0.3,2020-11-14 16:00:56,,
gp:AOqpTOHWCeWDf2WFN-76qUpo7FykGzncTYtXhYQbxhapI7VSMkLxiPSpeevg0FNFyIDLN1CFr9ByG3haxmf1WgA,Poindexter Gill,https://play-lh.googleusercontent.com/-E4tJz2WkwlM/AAAAAAAAAAI/AAAAAAAAAAA/AMZuucnNUbvCmfdplD-Ab3gvo9xIRk-OpA/photo.jpg,This is one of the greatest games that I have found in a while. The controls are some and the game play is great. The puzzles themself are fun and interesting and I just can't wait to see what is going to happen next.,5,1,1.0.3,2020-11-13 15:23:05,,
gp:AOqpTOHC1yzq1kItyMuIH2nZLCwJBCxCaxOViR65U55kZQgwKg1veBVg6_r47cQP4jxGFMk2VploFd9fRfHvD2M,Jason McFayden,https://play-lh.googleusercontent.com/-jq8QK37tTUg/AAAAAAAAAAI/AAAAAAAAAAA/AMZuucmrr_jo749Kj6bwoUvR-k0Us-WMcg/photo.jpg,"So, just before human extinction, my character was created with the sole mission to preserve the consciousness of humankind. Since there are no more humans, I have to share humankind with the rest of the universe. But doing so results in the complete genocide of an alien race on their own planet (after they saved my ""life"")? Yeah, that sounds like something humans would do. So, did I win the game?",5,0,1.0.3,2020-11-11 18:00:45,,
gp:AOqpTOGEAxT6dbAmr8sdm0yNMI7HEh7d9g10KAZQIcN_vi2tzYiyGkI3sP6L0mAzj1-v09O7NCNnQSIP_qzpzw0,Dean,https://play-lh.googleusercontent.com/a-/AOh14Gjp681nzN0Cv8zruuTX05yULlyImVJ528VFAgDXPQ,Great game and amazing visuals. A treat for the eyes and the mind.,5,0,1.0.3,2020-11-09 19:27:52,,
gp:AOqpTOHsqklVoYfKwGzdHW0eJ2bIiEdLnMVNRaD4nn65-Bxo10jEWj__xGxszHEBfw0M3i1qPc9JmBnfeoh463A,Corey Miller,https://play-lh.googleusercontent.com/-UQ87UiAoLjI/AAAAAAAAAAI/AAAAAAAAAAA/AMZuucnHP25kmvRqlSUOMJhioxSfVodjsg/photo.jpg,"Great game play, but really short game. But was perfect to play in my free time",4,1,,2020-11-08 20:22:04,,
gp:AOqpTOF8e2mnll7wtF3bLaXr_88yMenkXT7H_3Vs-HR0lJNAWcl7tmyaGa-S_i1_lhBY2MKTWSza4a2Jh5ilHAw,Rachel Entwistle,https://play-lh.googleusercontent.com/a-/AOh14GhNgrVR561p2HOJx-mqdWod58YCHfYTRCaixBRRRg,Really fun game - one of the best I have played in a while!,5,0,,2020-11-07 12:34:45,,
gp:AOqpTOHTtmBaKERFGa64NzMRVbhX5aF0Iz0IlynGwNNLGnHLMvPif1Zq8G-V0aCaGQxZxFu5iIKwZQoqFjjTn98,Chris Yowell,https://play-lh.googleusercontent.com/a-/AOh14Gjo11sokoFQIQgxSQI4Zok22PBr-XzaKr2pXXB1Mw,Good little game.,5,0,1.0.3,2020-11-06 13:00:39,,
gp:AOqpTOF_44Xgi7W1oNhCwfZ7x_Ti0ufZRnk60ecJ9uQKVN0y1MTJpL-Bjtxwp9rMLWduQV9W5pyZaN50X8Ng2eA,Heidi Needham,https://play-lh.googleusercontent.com/-2nQSlF54cwU/AAAAAAAAAAI/AAAAAAAAAAA/AMZuuckCKwZ7OQ8GTV8H_Y2YlzACzJue1A/photo.jpg,Very strange game not always knowing where it it going but really enjoyed the different puzzles.,5,0,1.0.3,2020-11-06 08:13:35,,
gp:AOqpTOFr9vqoA8ZIcrY6dJEOgr5AaQtDpgcSukrW3Y_TTzl_DMCzLFI30h8z19qJc_WLEiZb8W9vuNRQs8ABcew,Matthew Curry,https://play-lh.googleusercontent.com/a-/AOh14GhaiWjbuxbE4lSMRLHkfc6INfrqflznDRfGSyRl,Incredibly challenging and awfully fun.,5,0,1.0.3,2020-11-05 03:28:55,,
gp:AOqpTOF_sWUMgvQZR34RRka98nbkWtwINK5h9CRU2R2Pmfb7GR2qj3LiV1PS7vzTLN32OX-B-k5XtBcxZWY6YkM,sharon kalu,https://play-lh.googleusercontent.com/a-/AOh14GgZtNXxz2SaTZmEI_CGSgQtmbSOMIa2jqJ7mUnG,"It was a good experinces with the apps i really enjoyed the games, and wacthing moves TV listem to music It awas a nice evperinces i had going on line to shop at Shein an others clothing stores .",5,0,1.0.3,2020-11-04 02:13:52,,
gp:AOqpTOFxFOefT3LS8UHphYdVzB2EOZG5Zqcx7UbZIMzpFchnTJX4uBu-oH1CeWPnkN6b9n7pBN3B-C1uy0Yfuco,Tom Gascoyne,https://play-lh.googleusercontent.com/-AYtT9h5BxbM/AAAAAAAAAAI/AAAAAAAAAAA/AMZuuckAE_txaIJRqu7I1uVyueR4Od72eg/photo.jpg,"This game is a beautiful experience. I loved it but only marked it down because on some puzzles the controls were a little fiddly or sluggish for a phone, the puzzles were often too easy and the entire game was a too short, I was left wanting more.",4,2,1.0.3,2020-11-03 14:25:44,,
gp:AOqpTOFZHvs0dDJXaLqouaH8F3GhOofnLnFovo7oJPqSlTuBN5ZxY7IOIHGxlQYBa7gw0U8fd2r2JmtVsjiYN4A,Tiffany Carriker,https://play-lh.googleusercontent.com/a-/AOh14GgQSdu--5sOCnLtLv7y1NaAqa9gMLlxYPKgQT_95aM,Love it!,5,0,1.0.3,2020-11-02 05:47:55,,
gp:AOqpTOEjR1uwYB3fl3J9GFWOmm9BtX-DIX4oJiCPXLli_faIWu6sks2ZV0dB1wDXoBRTqMFEfTKucIkUVSOljBw,Timothy Blom,https://play-lh.googleusercontent.com/a-/AOh14GjU8pwSHU-ugnOWRJSIbVsrSYrTUWgk4rf-IBvCmtA,"Extremely unique and entertaining. Great story, just wish it was a bit longer.",5,0,1.0.3,2020-11-01 19:47:21,,
gp:AOqpTOEXvohhdCIS7071TqCs0kS8syGhNmm93UJd0KYvV7h1kuY6OyWSBvXJAS_qGy35J7AchfFqSnDY95t8IdU,La Rae Jones,https://play-lh.googleusercontent.com/a-/AOh14Gj07W_o-_T5OwU1ASbaWoV842pY-hW7SUpPG7HD_g,Great game!!!,5,0,1.0.3,2020-11-01 15:52:17,,
gp:AOqpTOEcjS12CDawPSrgq19ExwYDJPuDtIJxCbQusDxPhgS1LGaEBfRGOeoEAGW4hXjr6l6NH81ir4XKCjowvoQ,Yara DaSilva,https://play-lh.googleusercontent.com/-xiItpLvC-ZY/AAAAAAAAAAI/AAAAAAAAAAA/AMZuucmC-dKUpAtmd7Mvh28y_akJWcHyFQ/photo.jpg,"Puzzles are fun, but the controls are sluggish. It would be nice to have a percentage of success as you try and are getting close to resolution. It took me a LONG time to realize the projector calibration could be moved left-right-up-down. Put in arrows. Graphics are ok. Nothing spectacular. I uninstalled after being told to move a lever and nothing happened.",2,6,1.0.3,2020-11-01 10:32:52,,
gp:AOqpTOGT8_WlJQ4Cn3k9h_dJ3d-at2NXgk7t3DAqdFUeUeB9ReFnW38Rzg1O1K9OcBwKo-T5SNMdKZGSce954xc,Purp Drank,https://play-lh.googleusercontent.com/a-/AOh14Gh7WPPZJDp3Non2e16APrxV69yRVtHlD-dDlv0eKA,"This is unlike any other game/experience I've played. I wouldn't even call it a game,its more than that.feels like a movie type experience were there's no life bars or tips or hints bombarding the screen....its a strategic puzzle masterpiece that puts you directly into the fray of satisfying rewarding events of,""what's going to happen next""? And never disappoints. I love it totally it's own genre of a game that's not a game....but an experience.",5,9,1.0.3,2020-11-01 05:03:27,,
gp:AOqpTOEJ_ByuDGgBGkv-fXC78vaDuq2mz9RJFOE7ytfYo0_S8Apswh-8hzujU_DaA6zHMd1QWggoZunekfiMNHM,Noa Sommers,https://play-lh.googleusercontent.com/a-/AOh14Gi792-edpD-mCYujVy6Fd3Om4A_qEteLZ6jNt8z-Q,"It's a fun game, but every level or so it glitches and I have to close then reopen the game. Not super fun.",3,1,1.0.3,2020-10-31 17:14:30,,
gp:AOqpTOFTvH4VAwEh6Fe63M5969vNoc1xyYCqZOG6IUMa33lp2LYDzOqj7HwXoq3dVBLRwRAKYrIhcPQDeAwVhn8,toferj,https://play-lh.googleusercontent.com/a-/AOh14GgI5p7y6QeL4lnwSDMrwc7SPsPn3I_a44tNiuwE-A,"Meh... It's okay... But too light on story for my taste. Also, the puzzles are all very similar so far, and too easy. How many different variations on ""fix the broken path"" can you have? I'm not willing to waste any more time on this game.",3,2,1.0.3,2020-10-31 07:58:56,,
gp:AOqpTOHlEOxVx6rHIVbZwYGGmlnMAcadSuoN0lW_a5WC_ckljO3gNkxxxOUQYnJAWG1z5gqvAxZLHFKp-PUgdJQ,Richard Brand,https://play-lh.googleusercontent.com/-5xNwdhZQn1k/AAAAAAAAAAI/AAAAAAAAAAA/AMZuuckn3evsiAFl7oeh4EzlI4oabui_1g/photo.jpg,Awesome,5,0,1.0.3,2020-10-30 23:49:03,,
gp:AOqpTOESs2sasQ6GY2AxymaP_wHlEq9louWboL9ez4dlvs-KDv_282TB4ylpuRs5ze9ewGNKFAurCiyuXGCakt4,Sydney Williams,https://play-lh.googleusercontent.com/a-/AOh14Gh5LUbH4LWeNhJmQfOjcUZs1BtibCEinc2vJQH7-Q,Overall like the concept liked the puzzles. No glitches or bugs that I saw. English was all correct grammar as far as I could tell. But there really needs to be a system where if you are stuck on a puzzle after a certain amount of time there is a skip button so you can skip that part of the puzzle or the whole puzzle. I ended up getting stuck at the learning the language even with text hints.,4,1,,2020-10-28 03:05:15,,
gp:AOqpTOHJalCmtFPRXPKlMwWTdZMf-wnbMo6YIVECaIKW9yGq_qiNfCwGta4foiuGT4uTg72_0jeHrnH1jwGtYmM,John Weed,https://play-lh.googleusercontent.com/a-/AOh14Gh3QdAEzqOCb258VX6-kn08QOT4S5LEUbTLJiUL,This is a fun puzzle game - smooth game play - neat puzzles,5,2,1.0.3,2020-10-27 22:55:53,,
gp:AOqpTOF0_6S4L1QanaJChPiRt2Wqkhtwc8tHzLtqttjkB630Qz4mJuyfTTMa9tJRhjurxEuLYbBP2rBZoIsaRmY,martyn quick,https://play-lh.googleusercontent.com/a-/AOh14Gi0a-ATI7U037pMV1-gmVDPqVKjxJCsc8bq1O1xEg,Charming game,5,0,1.0.3,2020-10-26 11:47:12,,
gp:AOqpTOFhYsvHzqAb7IpFtHW_nO3V_wk-21OHBdwhXdfj8964kVtOHWwhlThH6mZteTFJ_yxl5e-BnJbMmmyAq80,Desiree Speis,https://play-lh.googleusercontent.com/-gbyWO6Clyhg/AAAAAAAAAAI/AAAAAAAAAAA/AMZuucnW_YqVafmnWoPcbLVylIg_mrmLPg/photo.jpg,Love,5,0,1.0.3,2020-10-24 14:40:26,,
gp:AOqpTOE0uMTT4mLeB42Hl_WfVDqjH1ywseKDxBNngmWsxyMnhg6Pm8AkgrjWKefIfDc_ln4si-QMHp3OVK8KtP8,Kirk Meffan,https://play-lh.googleusercontent.com/a-/AOh14GhVxUeFnrYSqvl-zrmSFpPuToa0BejWNAa5rWPk,This is a very weird game. I love it,5,0,1.0.3,2020-10-17 12:29:36,,
gp:AOqpTOH5oscu0noyvtOu9kilyW-Jh4ENl_C2DXNSLNKgjk-74IC3csh8v_IygL6FkXkJae8wOaPzM50fgAjHYBw,Frozengeckolover,https://play-lh.googleusercontent.com/a-/AOh14GhosLNSi0isMO8Hhio72BtOAlB7oxVmgc-o1C9bcA,"This game is soooo slow! I'm sorry; I know a lot of effort was put into this. I appreciate the effort that went into the animations, but it's so time consuming. I haven't finished it yet; I intend to, but I've got stuff to do.",3,1,1.0.3,2020-10-16 12:02:46,,
gp:AOqpTOGvqWchH7fJMH1IGV8BVVXhit2vwroJVhYyN9XS0vfka6FVjtKMg0_mL6ASciLX7YHDqa1xwsD7G4OmMJI,Noodle Doodle,https://play-lh.googleusercontent.com/-SBDW39t32r0/AAAAAAAAAAI/AAAAAAAAAAA/AMZuuckoVy6FtkdYll8N8fiiIRk-UVnvog/photo.jpg,HUGE batter drainer!!! Took almost my whole battery to beat the game in around 30 min ish.,3,0,1.0.3,2020-10-16 11:57:39,,
gp:AOqpTOGiiqU5zE4l8YQKmu510tpEEuBi10F3WXQevMBb-ohJUcDfi12Sbi6i_6HvtBM7qCur69PWBXnJw-TilQA,Matthew Carey,https://play-lh.googleusercontent.com/a-/AOh14GiNjx_GBQ84xEhZXQwi9ks463eXzyc9g90HSH2OmQ,Fun and intriguing. Just wish it was a little longer!,5,0,,2020-10-12 10:07:07,,
gp:AOqpTOFN48I1Xo8lfTxJnIfmPvhViBhDc9-cg-kYFKPrWqT3yiRZHOtl9B4IedgiT24A2cB7Qdu01oe3pcafOY8,Luis Gonzalez,https://play-lh.googleusercontent.com/a-/AOh14GiZx0mtseM87_wHWgV1b7NVpuJr41QfvhgJboX9p4M,"Really well made game. Nice puzzles, you don't need a lot to figure out how to play the puzzles but they're still a little challenging",5,0,1.0.3,2020-10-06 10:18:54,,
gp:AOqpTOHVDmYYROlE3g_EkAtVic6RVhoDxAdzQX4XEKtOu9fmSSlQYlqQCtCyt4EIcRaExW5iQP0O84dj85Hl5iU,Guy,https://play-lh.googleusercontent.com/a-/AOh14GjhKyl2qSdn_J1C3kH18Qagz9Zy0Zpl0tBbZzX6zw,"Cool concept and great graphics. The beginning of the game is the best part but there isn't much of a story, and instead there are these incredibly long cut scenes that can't be skipped. The puzzles aren't very difficult, although they're quite interesting in the way they work. The gameplay is actually very short, it's mostly a lot of waiting and walking, while the ending is just weird and left me feeling like someone just tried to force their personal religious beliefs on me.",3,5,1.0.3,2020-09-30 12:53:42,,
gp:AOqpTOHQqikN33M2j-CGi5ZYfO7ck6t9p6yDmCq7Yaey0Y1Kx0z_htGSbKAd-4lIK1dlepPL-zvtA1mGV-JP0UQ,Matt Johnson,https://play-lh.googleusercontent.com/a-/AOh14GhANNJtJ28oHrRmSqzTdTsq6qDbPk8UpkURuxkS6Po,"Interesting puzzles, haven't played an enormous amount but enjoying it so far.",4,0,1.0.3,2020-09-26 15:24:15,,
gp:AOqpTOEg_JaCaa3-3ta6heGaKlKGn39igJ21Jq594Mysybuxs1Aj17aZ9mgpQfq2bPzFr7NCM3NrzkYhiYf1vTk,Rene'e Snider,https://play-lh.googleusercontent.com/a-/AOh14GiNHKElXNlxrpPDh46MGZWIVj67TkDQA5E0mA-5,Ok,2,0,1.0.3,2020-09-26 12:48:44,,
gp:AOqpTOFmFyXUsPF6Amsboot7IcoxU30rY57afwXAxxYCnAi63RY39IWGuOiGVN1EQPzcIkpy0L_0s08UGF7NgsU,David Riddle,https://play-lh.googleusercontent.com/-9xzJWPb9Pws/AAAAAAAAAAI/AAAAAAAAAAA/AMZuuclk3c2mPh7afpmJzfZQ_-uLfa4Ncg/photo.jpg,This is a masterpiece,5,0,1.0.3,2020-09-25 15:30:06,,
gp:AOqpTOF_FuHJymcHmf7es36bsktU9XMsnAVQJvaUnq2Vu3N83TJk0Mms3CxSjHmGMJkk8VI4ZpBCOiu19FmFMC4,RavenKrisDark,https://play-lh.googleusercontent.com/a-/AOh14GhGwV9bYaCrlDpXy5rFCqoke3sgSzltQ_3OvWN9,Mini game overload. Its fun,5,0,1.0.3,2020-09-24 23:30:53,,
gp:AOqpTOHXLRPLvGM-qN5vIO3CRAmsf8B-ILWEvA4zqrI2KRCvKDbtyu-8LxVBKh7uwHQ0si7v1mAn7QZKtJ5Aieo,Mia Thurston,https://play-lh.googleusercontent.com/a-/AOh14GhMoEsLeqa-69koAYAID0tQACaZmHV46qUNiTfh9w,"Pros - Interesting concept and challenging yet relaxing puzzles. Decent art. Cons - It's very short so I'm glad it was free with Play Pass. The story line was very minimal and didn't draw me in at all. I just looked forward to the next puzzles. Still if there were more content added or another game created that is more filled out I would give it a shot. It wasn't a waste of time, just disappointed there wasn't more.",3,14,1.0.3,2020-09-21 04:00:37,,
gp:AOqpTOGvQsIIUWg3ogq40tNI-GNDoKLN_Hp6iFvIhd8I-E8AtP7G0FGKm2UtTu6LEa-OCsO90qiANWsdm0OeI8k,DJ Ritchie,https://play-lh.googleusercontent.com/a-/AOh14GgOorPSjckZ6lPXiYtuqnVGzt8d13HCAFTdUh_t,"Very fun puzzle game, cool little story also, enjoyed this alot",5,1,1.0.3,2020-09-15 13:25:42,,
gp:AOqpTOF1Q8o2BErrNu-2NAPuMWKSI1sDHtLn3bEyIShy28VTcNgIOmVSSYxS7XhZXaNNzROkbN33i-X9e9fqjI4,Alesha Breeding,https://play-lh.googleusercontent.com/a-/AOh14GgbiugbT5YYTR9VUB81bcL-kT7Ds8oo90gX1rK4,Interesting and well done game. Unique compared to all the clone games out there.,4,0,1.0.3,2020-09-13 18:55:02,,
gp:AOqpTOEO0x1b0fJ7rGb3VCx0Pjd24xSJU1KPO3hhzFMqY5Hi5RdRHPMz87ADLWg1N03nAFJGe4CPlFPB0_QPOyY,Stuart Fellows,https://play-lh.googleusercontent.com/a-/AOh14Gib4-s0-2Leb52c5QhsvSqcFg_DInrzP9JYG67EmQ,Going great so far!,5,0,1.0.3,2020-09-13 06:56:48,,
gp:AOqpTOF7VUwwslIdFgJk8fC3Eyrh6ObB9c93qFpryWIjDvr-qewWa6gyrXn8daLNNK5PXVcvKF1xspObxwr6Z8Y,Crystal Kehler,https://play-lh.googleusercontent.com/-5wUa_fHuwZ4/AAAAAAAAAAI/AAAAAAAAAAA/AMZuucmMfgbLcsjAgXfCaVoOY3tDfFfpqQ/photo.jpg,"Great game! Engaging storyline, different types of puzzles/mini games (which I really enjoyed) Only 4 star because I literally said ""that's it?!"" when it was over. Played it twice!",4,1,1.0.3,2020-09-11 20:14:42,,
gp:AOqpTOHbhBfOHsELzaQZgvPzCdmjIISMjJ2cRPMVPvLjCXrsnb3g-LfeL4dv11a7ss71Rg8ohThRefSsX6p-pTw,Mark Pearce,https://play-lh.googleusercontent.com/a-/AOh14GhUKhAd9GcjVzVEXmQKJYCqm3yoZKh_0v_q5TMRfA,Fantastic,5,1,,2020-09-11 09:40:42,,
gp:AOqpTOF1AUEEpnGVba3w2jAmEDvLz4pliV8VukglLyAbvTYeDqnFjvavQXZa_lWMdJKbktBCuWoOXOHWKY6RbUQ,David Kwartowitz,https://play-lh.googleusercontent.com/a-/AOh14GhjUor9tbvJ8CftGTXxFDbDFTC8H4JG9uXBTcRKmA,"That is one wild ride. Some of the puzzles have a couple too many ""levels"" but awesome game.",5,0,1.0.3,2020-09-10 23:14:21,,
gp:AOqpTOEejS2M2AXMzWoB5t-GPJNA4aeWprLfJPq6jXpyZosqaSXROhU8x04wrfpJ2-_g-7u3NoUYfk1ndU35bvg,Shari DiLorenzo,https://play-lh.googleusercontent.com/-yoT0umyiAyc/AAAAAAAAAAI/AAAAAAAAAAA/AMZuucm-9b_Ue9vAsapfsfphVMKKyW2bBA/photo.jpg,"I loved this game. Finding creative games is not easy. This game skipped the soap opera/generic sci fi approach. Instead, I felt like I was on an adventure with the protagonist. The puzzles were creative. The designers made them challenging yet relaxing at the same time. I hope this team has made more games .",5,9,1.0.3,2020-09-06 13:13:51,,
gp:AOqpTOE3OJuS02DeUZ3hY10VGoDOoyaU-rfqROXDwtInL-y9F-Mh_5dHMgHFcT5YbQZk3SJKH9CRDK8gi1E_O8s,Steve Palchik,https://play-lh.googleusercontent.com/a-/AOh14GjT-C3Jo-0sY0spiwd-MoqkiGHOoYUXMgARa5HA3Q,Nice art and atmosphere but the repetitive puzzles often end up overstaying their welcome. The story lacks any depth and the ending wasn't very satisfying. Only took a couple of hours to complete. There's no replay value that I'm aware of. Glad it was free with Google Play Pass.,2,5,1.0.3,2020-09-05 15:44:36,,
gp:AOqpTOFpVYmJcvLOOywzfENdQSR6MJEnmFy3mFKy6Fc4Df3qBEhgtVOIEHCOyeV-7B-wM19PRpNDG_Bn1HWKXfE,Rodrigo Manhaes,https://play-lh.googleusercontent.com/-ZzP-luyNReA/AAAAAAAAAAI/AAAAAAAAAAA/AMZuucnsSYRSlJpDWFlkpxjlJReR1mE41w/photo.jpg,"Trivial puzzles, and a story lifted straight from The Talos Principle.",2,0,,2020-09-05 07:34:28,,
gp:AOqpTOFHRZo7UnmZwSbbEGJ0r6xF4NULViqzJUh6D4iKXMxfX4iy_aQyM3D4uKMfecxKmnwcgK3ridYOgCLjrHE,Heather Davis,https://play-lh.googleusercontent.com/-zUGYyBIT9cQ/AAAAAAAAAAI/AAAAAAAAAAA/AMZuuckQrpCQJ-MAaGWhQRqvivCWuRBqMw/photo.jpg,Its pretty challenging.i do like a slight challenge,3,0,1.0.3,2020-09-03 23:12:56,,
gp:AOqpTOGr9wHtyiMC3Qc0qD_6ppxwsYW_JTM2ewDRlgh1hUMGlNn4MkowIv6fQNloWs8K0dametV3Jm9fITVQNLQ,Joshua Bernstein,https://play-lh.googleusercontent.com/-txSkupzNzCk/AAAAAAAAAAI/AAAAAAAAEqE/AMZuucnFcQOIO0Uak_mSEKQWy5P4miziDg/photo.jpg,"What an awesome game, deep storyline, entertaining, and not stressful! If another comes out... I'll be playing!",5,1,1.0.3,2020-09-03 13:25:09,,
gp:AOqpTOFn9e9EESfrusLcKnohANck_7D6CWn8nOWSx5qXtdewbDMsZV7Uta2akwDw3jqumfAFTs8yRQnGhB2OxfQ,Yervant,https://play-lh.googleusercontent.com/a-/AOh14Gi5A1RKkmroA3PS0c4hZc6ZijMJHx2fGa5obvL0jPs,"A great little game, surprisingly clean graphics. Great story and characters too. The narrative ties up nicely at the end.",5,0,1.0.3,2020-09-03 07:38:45,,
gp:AOqpTOFkJ_u6KbXAkADBj5Pwq8AVEapZPtQ9aQxyMDFfiLYrFI86wXxOqvaEL07Tt3x6xg_CMmf8dbI4ALIFroc,samuel Adams,https://play-lh.googleusercontent.com/-VW95hske-sc/AAAAAAAAAAI/AAAAAAAAAAA/AMZuucl85t5J8TLB59KdJ93gG4_he6JzUg/photo.jpg,Very challenging but fun!,5,0,1.0.3,2020-09-02 20:36:19,,
gp:AOqpTOEdDKjEsXUg8IWTYW-GFdIA0LW9m1UZkgmJKafFyjTyn2M0oQNqhItR0Got0Aiw0PtB8MImJatkxSL8Z80,Madeleine Ross,https://play-lh.googleusercontent.com/-X5Zn_XCNoe4/AAAAAAAAAAI/AAAAAAAAAAA/AMZuucnWWj-T2B6_HHZca30rOjkmN7oQmA/photo.jpg,"I love the graphics, the originality and the sound effects. My only complaint is that if I leave it for a while must restart the game to get controls back.",5,1,1.0.3,2020-09-02 16:05:44,,
gp:AOqpTOG90Gxnnk_1jrAXtRZwUEEG4FVu2CiWVvjo1D_c0ieMV7cfbbxDukHVpb1YfyzQSqtGIwzVnxMy6En7Jss,Charles A Murphey,https://play-lh.googleusercontent.com/a-/AOh14GgTGaoITAE8Doax6VdUl7VyBNArUwcydVf6WYX20A,Great so far.,4,0,1.0.3,2020-09-01 21:36:48,,
gp:AOqpTOFnbu9gt-gDs0FubqoP-hCSTRwt6mQANJRRmhAOpELQrwL7nwyheQx022-CcPPxhFp5yWkRIIO0Fgk0bxY,Fionn,https://play-lh.googleusercontent.com/a-/AOh14GjxkkwIsrTCng0JW3bVUztKHGIXC_FYGUOAmflQ0cw,"Interesting puzzles and intriguing story, fairly well paced",5,1,1.0.3,2020-09-01 12:30:23,,
gp:AOqpTOHroQ4-guCKRfrx1e97963PjvGH8iHD-5BfiQqsOvPW4VwS_f1EdGdoTqCgZ4AJThmP5j--5b0A7pcqsMo,Brandon Oldenburg,https://play-lh.googleusercontent.com/a-/AOh14Gig7NYI_ItA7La6bYbNswc7R7PyskvANhzsK-4s,"Way too short and puzzles are way too easy. Cool idea, music and esthetic though.",3,0,1.0.3,2020-08-29 10:47:05,,
gp:AOqpTOENU2zeY9A1Cgz2ApTv7X8Io6r0TLj4rTRca6Wv6Lurc51tdHU98QZjUZJuJ-9ndrIvf3rwP3G-kUG8vGs,abe kline,https://play-lh.googleusercontent.com/a-/AOh14Gjq9rX0z27UOP7JGOfcLKG3X4b1TO8EjapmAHcs-w,The transitions are tortuously long and the game is woefully short,4,0,1.0.3,2020-08-28 15:21:03,,
gp:AOqpTOHros0X4U7773wPVtMZmr-3EBDs-aLh9lJvcqTnFBhiNttHRXjjuHB1HM_Yi-8l3_zu_aBCPYZl72a6XK0,Jessa Mac,https://play-lh.googleusercontent.com/a-/AOh14Ghe1_fHybxedGAbj1VvC3VQu9N6SUPMRbhMms3LXA,"Beautifully put together. With a wonderful message. Unlike most of these games like this, I don't feel like I have no idea what the game was about or what the end message was. Definitely worth your time.",5,5,1.0.3,2020-08-26 17:10:18,,
gp:AOqpTOEwnl4OlZ3zp7pG52CQWQOiEI5rF5ioRn_nCHG0All2frN9h80hJMEWlOK3VWbjUA9mG57nySmfbC-fMac,Geoff Abbate,https://play-lh.googleusercontent.com/a-/AOh14GjFhcltIrR0u8495JIAm7HGQHlna5LIa84gBrlqnw,Fascinating app. Requires looking from slightly askew to get to solutions to the problems presented. The best sign of a great game - when it was over I was not ready for it to be over.,5,4,1.0.3,2020-08-24 05:12:05,,
gp:AOqpTOFrFKGnX_mx45urbw1LCdNqYRNALUM6iat_8J8zDzXs1XrkfeRU2BAnYGNUQF5-xmAq_p-qhAoAxiOqimM,Anonymous ManPerson,https://play-lh.googleusercontent.com/a-/AOh14GhmluAV_MHDVesN3R7aZoFSHmLEOqfZ54tSrwEV0tM,"I really don't know what I just played ..VERY short storyline intertwined with puzzles that take very little to solve...the artwork was BEAUTIFUL, but the grammar seems to be lacking in the English translation and it makes one wonder if it's meant to be that way or not..... unique to say the least",3,12,1.0.3,2020-08-21 12:18:39,,
gp:AOqpTOHG5PRbabm2g84Ov05CEgMd_X3v5DJp_wPCMAUNcgXE6k8jg7urGzjnCwwF6iAOmjt7eJgCJWtIbElf0j0,Kamryn Ashburn,https://play-lh.googleusercontent.com/a-/AOh14GjodmSYgJKU6J8vsvKIDck7uKAPKjDhryTUQE6PbA,"4 star because it was amazing and creative, but i blew through it in a few hours. I feel like more could definitely be added, and the puzzles got me thinking a few times. But other then that, its pretty nice and the art style is awesome.",4,10,1.0.3,2020-08-19 00:20:20,,
gp:AOqpTOEXqCM1RQ1eWRNub6e0y0gtG9GnzbA0sG2-KckTWUM-FBYF5KXGLBgKvLIFwqeltY10DVmjnOSi1v0YwFk,James Durbin,https://play-lh.googleusercontent.com/a-/AOh14GjqrJM0YSikYp3ERwGgDGobcoou6b09pdhbXnvYcQQ,Hungering,5,1,1.0.3,2020-08-18 20:06:19,,
gp:AOqpTOEWZqCOBiIlqTeUv0-hB8uKd0UbXToFikxDxFSmIAeEtX9MN1kzVSCIff08sHPfYp2yMLbvJbdm6A_Kdus,Kyle Zoldi,https://play-lh.googleusercontent.com/-qq0WhuGkafQ/AAAAAAAAAAI/AAAAAAAAAAA/AMZuuckDODkER9aeFTLizXJul6fkCYMmrw/photo.jpg,Awesome game,5,1,1.0.3,2020-08-17 18:35:24,,
gp:AOqpTOEa9El3cobSc39evZvX38l25LUYFG_2MINBnVpooWdOmZVNK154Iystqi03e-pMGko1lXI3jE-fy-6fQZc,Heather Reeder-Smith,https://play-lh.googleusercontent.com/a-/AOh14GjuUdq2v9cYb4FmOUWtIIxMjkTxT2JZfmZvG8XTZ_8,This game is cool,5,0,1.0.3,2020-08-17 01:47:44,,
gp:AOqpTOHZdntgShnJUUHVpYpt7dpQ38BrT0IgWtf0H3xg_EXmiiqBQre5CJaPuCSSaZMJTnOogPKXZhL7lKr-Hsg,Jason Warren,https://play-lh.googleusercontent.com/a-/AOh14GgNoVjDbADwlEeUJXLtQcsjg1ZRqiryrFve42GQ,"One of the best arguments for games being art whilst still being a truly fun game. Superb puzzles, gorgeous art, compelling worldbuilding and a much-needed shot of uplifting hope in today's messy world.",5,3,1.0.3,2020-08-15 08:09:06,,
gp:AOqpTOF3Oe0YJz5sPascTp1oeru4V5jj1CE0R9P5F82w2a3M4zxMgu8OitPBcTVfzqX9V1kjrmvP3pcO-v0UGYQ,Eddie Adams,https://play-lh.googleusercontent.com/a-/AOh14GhIZhaCQK-tbYBT83a8o_0MXJ-lEUSocchBMnP3HA,Pretty amazing concept.. very original never played a game like it. New puzzle ideas!! They are difficult but comprehensive. Keep working at it you'll figure it out. Makes you feel smart when you get it bc you didn't buy a hint and cheat through. You problem solve naturally.. Some of these puzzle games just put these overly obtuse puzzles in for no other reason but to be a douche and make you spend an hour or a dollar to solve it. Lol. This game is a nice change of pace,5,8,1.0.1,2020-08-11 23:49:12,,
gp:AOqpTOEG7n-RgrulQy4Ym97Xg2XgbvTL14jdrwnt20k-pmXdLB2huU5t27eQHVQn0zTg8Vb2fL4Ww03umz1cS4Y,Bradley Russo,https://play-lh.googleusercontent.com/a-/AOh14Gho85D5CACi3stAJYs3gQjZDQZuvscezXcfLbrpOvU,"I really love the way this game works, I don't always know what I'm doing or why, but my sloth-level gaming skills are somehow rewarded with cinematc pacing of a story I love helping to unfold. Well done! 👽",5,1,1.0.1,2020-08-07 18:32:24,,
gp:AOqpTOFmUEoy_D0uyJAo_Eznr4RpQyoDTl_-DQdikfuT7d_bBl3ziFX-lx4LzDClsthvdR3JLWRiHRv_oka36hc,Caroline S,https://play-lh.googleusercontent.com/a-/AOh14Gg3_RQHttqgqWdUW3Aux8W3mcXzOdh_a5vdv5jdwA,Interesting and challenging and fun,5,0,1.0.1,2020-07-26 21:31:25,,
gp:AOqpTOHu_sWHMwn8z6-yV0UHZOmxKGI-gTaaH9vj6q8jtQRZr-OKnPG6j6pLh2_7zl9SuMXYoD8YJM6n6x0L2lw,mandy peake,https://play-lh.googleusercontent.com/a-/AOh14GiOMYC4w4crwjAc_DoKQpF-OHhLLuIC0MNwt2DOysU,I loved this game! Highly impressed with it. Recommended.,5,2,1.0.1,2020-07-26 17:23:20,,
gp:AOqpTOHCqrSbqjuFBfeIJuBK6-TQjn1U5Lnn00Gk7zp8cGHoXF_2pmtdjy67jJIaX4h8QVHFRrQtdo91yBPb3-E,Adam S Prestage,https://play-lh.googleusercontent.com/a-/AOh14GhAXvtcuYnuui-jYOzPYm58I0yEiUlSLM2uLThpaQ,"I so want to enjoy this game and i wouldn't have found it if it where not got game pass but please include a skip option because that puzzle where you have to ""learn the alien language"" is just so frustrating",3,0,1.0.1,2020-07-26 05:30:24,"Hello Adam,

We recently updated the game to make the alien language puzzle clearer. Please let us know if you still find it frustrating.",2020-08-18 04:35:16
gp:AOqpTOHdPK1mROjUAZIGMmVLVDi9gvDsbnels7bcgapy3vyzLX7FPb4nRhY5L0yjx7q7LZgybmG59m-jdlu7ST0,evelynn tune,https://play-lh.googleusercontent.com/a-/AOh14GiLlyo9itIafeON4jBDdNS12gAggJi8d4FkowhwYA,Way to complicated,1,1,,2020-07-26 02:54:01,,
gp:AOqpTOHbqDg4or26WTdzDtvtztHtgkA1IZGIdOUG3WneWY568dLdv58ntz8ImIJX8KzuMq0GGfXhBZkoZx1lxg4,Sergio Rodrigues,https://play-lh.googleusercontent.com/a-/AOh14Gjta-Yapd9JTOz7J7qabLLH2bqAViRWWtQd7iQFtQ,"A really good game with creative and challenging puzzles, interesting story and fascinating art style.",5,1,1.0.1,2020-07-22 13:06:45,,
gp:AOqpTOFRolvMJzDyzh_3Dd70LZxjdSIpOB3JqaTvVzbWMFi436oIwJ72qPaMKvF3SzITFo2Ppl0cCIYHLmBDce4,Jen Edwards,https://play-lh.googleusercontent.com/a-/AOh14GhrJGxbISvhBp7nBPdPR_glvlxiOFUmMZJjgp1c3Q,"Gorgeous graphics, difficult puzzles, engaging storyline, but the end came too soon and was too vague.",4,2,1.0.1,2020-07-21 10:05:54,,
gp:AOqpTOHanZU7Mq-ocuNSb1a63C-z7vzuM6tYxXIDSZCDLVEqN4aNlaCqOOuoHLzBQfAm7XVDyM4da_NfgDcAnx0,Claudia Taylor,https://play-lh.googleusercontent.com/-irt0tSaFWsk/AAAAAAAAAAI/AAAAAAAAAAA/AMZuuckYDyy-0U8LXh6xpPh5zZaM1rn3yA/photo.jpg,Game is really short,3,0,,2020-07-20 17:15:36,,
gp:AOqpTOFgVqlc1puCaUKik5kPwxjEZiyDYpZOcbJpcooXgFd-CXtrW3klZ0te_NNEj4mXDK9oegghQSCiwrUpeko,Matthew Ingham,https://play-lh.googleusercontent.com/-FQNK_7dT1B0/AAAAAAAAAAI/AAAAAAAAAAA/AMZuuck2N2l0LjZghMRc-UrDS0I1oxWeBQ/photo.jpg,A fun little puzzle game with a nice feel and great aesthetics.,4,2,1.0.1,2020-07-19 23:49:11,,
gp:AOqpTOHFbDfenUH34AOydPcDWwS9IBth-8sb_3yWVLpyrp-0GJ9E-46jq6vCEl0pOO71OY2DKkEMEM6oBwaVSlY,Dustin McKenzie,https://play-lh.googleusercontent.com/a-/AOh14GjHTs4twWk9VJCs52VAcE1vI-Kf5xTf2CmtHPbckA,"The art style is nice, the story is engaging enough, and the puzzles are nicely varied, but they just drag on and on. The explanations can be kind of vague, making the puzzles more of an exercise in guesswork. I'm compelled to complete the game to see the story to the end, but I find myself struggling on the 5th or 6th puzzle of the same puzzle type, closing the game, and coming back to it later when I'm bored enough.",3,29,1.0.1,2020-07-19 19:23:25,,
gp:AOqpTOHorcxjKfHO7eY5bMzPIVDc0wlsmuquhhqoppKrLgYX9pR7mthS4rNu1re0YMC4t2PZ3P6h8rzHuAMlIqg,Andrew Ness,https://play-lh.googleusercontent.com/a-/AOh14GhuIWB78Q5KqA2SSQkMIfL2W5ZQB2LXw8zvjdUg7lk,Gave me distress notifications that made me think there was an emergency.,1,2,1.0.1,2020-07-18 20:42:04,"Hello Andrew,

We are very sorry for the confusion. We updated the notification text to make it clear it's from the game.",2020-08-18 04:36:12
gp:AOqpTOHvHegZQk8y0zWsc4-jZyxJBbrRNmFUsosSCX2FzpveFEOcLMENdEF2YgCmixy5rrM9hHnKFtez_S3tOXM,mustang17gt,https://play-lh.googleusercontent.com/a-/AOh14GjXVxFW0ukE5MSDn0Fh79unEJZOArameIntBGX_,Excellent game! The puzzles where fun! A nice edition to play pass!,5,0,,2020-07-18 20:26:10,,
gp:AOqpTOFnyKwjRwHvfNdIuKG6dO_fMewfamFxDMPfq3P612Kh3YwGORh4Cw__h92bv5Pu5wcKsG-Qosk5Uruo3e4,Alexandre Moura,https://play-lh.googleusercontent.com/-ARoi9LMHuC4/AAAAAAAAAAI/AAAAAAAAAAA/AMZuucns7IzXLBo2mbR-ahvdCSlMi-1xmQ/photo.jpg,"Unusual setting, cool mini puzzles.",5,1,1.0.1,2020-07-17 22:33:00,,
gp:AOqpTOEIjmLjKM8P1NyBMXo6EA-c9aVUCGTlhr8c0wNmbhAO0uyn95o3A3gdmXtsURR7sNA13imdFHWo4vf5OAo,Okamifan1 Productions,https://play-lh.googleusercontent.com/a-/AOh14GiAiXOtLCDyBrnYlY3DDdwawxnbdSvw3G5ir-UU,"Started off well, but then I got to the alien puzzle, which has no undo button, and ridiculous difficulty. This game is literally unbeatable without a walkthrough, and the only walkthrough out there by Appunwrapper is trash. Save money, and space, don't get this trash... Also it's broken, if you leave the game running in the background for too long, upon returning, it freezes, forcing a hard reset.",1,3,1.0.1,2020-07-17 10:52:51,"Hello Okamifan1, we updated the alien puzzle to make it clearer, we hope it's not so frustrating now.",2020-08-18 04:36:58
gp:AOqpTOFZcDeKrlpg8Wl0dj2jbNnboszd6MEoIoVoTB3hJLGBuU2hDUunj2wR70uGInyECTJ5fgIAxH5Pl_lVpLQ,Dan J.,https://play-lh.googleusercontent.com/-9hglauECrO4/AAAAAAAAAAI/AAAAAAAAAAA/AMZuucmPRXjfbaT1giXj72n-tmt7qhxVpg/photo.jpg,"I got this through Play Pass, so I only kind of paid for it. It is a great game, though fairly short. Maybe 2-3hours of game play. Nice story and interesting puzzles. It isn't super difficult for puzzle game enthusiasts.",5,0,,2020-07-16 21:13:15,,
gp:AOqpTOE3Ee6pvvXgFtNWKAMxFhnEG3HQdNSoratPWfTD7GauYeV6qaLUhViA3TTvc3Dss5o2h32sb_OsSz1UHAk,Kandi Hopkins,https://play-lh.googleusercontent.com/a-/AOh14GgCoxGYJKy9Jn1IVfUUfugtkv8Obh5CUPy84RwdWQ,"Fun but too short. Nicely thought out puzzles, but repetitive.",3,1,1.0.1,2020-07-16 16:51:26,,
gp:AOqpTOGf_ZsKaO9N2C5rZX0uELe2frdMuLwBV6fxEQfJ3QEHKDzXfZQ3Qe1JE9Sw2mWS2qwyoY9M6nL9GCNXD_k,Michael Baker,https://play-lh.googleusercontent.com/a-/AOh14GgAdLKV01BasgUKsVJjuIn5QDoUdLfaiRj4srYydw,"This game is amazing! The graphics are insanely crisp. The puzzles are fun and challenging. This is one of the best mobile games I've ever played. Well done devs, Thank you for making this.",5,3,1.0.1,2020-07-16 02:14:55,,
gp:AOqpTOE3cYMurGlDK-3ZsN29KO-Zi7hpd38IsCZBvvrW4n3KO2kMCyUQHfuZwHrVhP06MVVD8-L4ROfXSfgCHgA,Morgan Pecoraro,https://play-lh.googleusercontent.com/-T-CCjQRV6Hk/AAAAAAAAAAI/AAAAAAAAAAA/AMZuuclcEx69ypZZT056vWPXrP6vXC1HXw/photo.jpg,"The game is phenomenal in soundtrack and overall graphics. The puzzles aren't too hard, they're confusing and tedious, repetitive at times. I'm not the brightest bulb, though, so my need to consult a walk-through 4-5 times could be up to user error, I won't dock it for my own inabilities as opposed to it being a downfall. Overall, if I could give it a 4.5, I would. Interesting and engaging, however sometimes monotonous. I would recommend!",4,3,,2020-07-15 12:32:27,,
gp:AOqpTOHgwFYy9crr2xmlaziUi15mFBda_kYff8_Mm0dpA-_kBD0w7bUKFaKH6zcvcKUqp0H4zTbQqievJruRbak,Drennan The Druid,https://play-lh.googleusercontent.com/a-/AOh14Gh4yfSKl3ErDk7BIUjgZ319YUaMPisDVA8RWhRCJw,I liked the art style and the puzzles were mostly fun. I got the impression there was some sort of evangelistic idea behind the whole thing but it was luckily lost on me.,4,1,1.0.1,2020-07-13 19:23:30,,
gp:AOqpTOGXjACvDqAySAlb7ME8_LP7G95dQA77MRvcx2C0xiEPDPNPLoBrLPvgQbUvsiGlvZ20I3UK_Cw9jkoCS0c,Joshua Bushman,https://play-lh.googleusercontent.com/a-/AOh14GiwAw6eNfHUOnYAYqlJ3lM9l7uRTRYpxe-mnSWhk_o,"This game was... Okay? The graphics are nice and clean, but nothing mind-blowing. Gameplay-wise, it's a nice collection of interesting puzzles, but none particularly original or challenging. If you regularly play puzzle games, you'll bang this one out in a hour or two. The story and presentation were trying really hard to be deep and interesting, but just honestly never were.",3,26,1.0.1,2020-07-12 23:44:34,,
gp:AOqpTOEJwSmhtnpL2QP-TmY6TzdevpOb7bTaDrBMd3yeK3wIY1QnxOlLPf7lAwxTu2-68ikHv2E2cY7BPNbvci8,Sandy Nesh,https://play-lh.googleusercontent.com/-iUPE1DT7OQo/AAAAAAAAAAI/AAAAAAAAAAA/AMZuuck-epIW9r6IwEmKKv5e1gVjNL_T1g/photo.jpg,"Great game, but the puzzles get repetitive. Once you think you're done it continues on and on. Otherwise good graphics.",4,4,1.0.1,2020-07-12 07:45:17,,
gp:AOqpTOHwhKK44L27RbCvKYOxy4K5_XGEafKSEZBGSMZfIE-NTDnjENniMImaaei5NDFUGumkawU6b24nNjsV0IQ,Gonçalo Monteiro,https://play-lh.googleusercontent.com/a-/AOh14GhhMmaFKOLDmlO64XrKaQ_8YaUSe4Au6skrQ1GAJ2I,"Mesmerizing ambience and gameplay. Even if you're not a fan of puzzle games, you should try it!",5,1,,2020-07-12 05:09:38,,
gp:AOqpTOFLUltyKyeBjxFAuBaUNVuRqSZZ8raL5Uupxx9AGDgaUl-tijt8Y6gOm-2sm0wuD-oHG_sQydJKReOWyq4,Gabriel Hayes,https://play-lh.googleusercontent.com/a-/AOh14Gi5v0HoQJ8rpPweuEY5vqcEZ6f7zrXZTFtZjTvgEA,"Great app - puzzles were challenging yet fun. Story was interesting, however info wish it was longer. Graphics are decent with a sort of retro feel. No bugs/issues found. Played as an Android app on a Chromebook, no issues",4,3,,2020-07-11 09:27:06,,
gp:AOqpTOG24fQinmj0inzup9DWYQ7X7Le6ymvP4DbGEmoIedAJ_17uLQbeitiJDAX65l0on6JsissP4F7bStjb0YA,Trevor Leed,https://play-lh.googleusercontent.com/a-/AOh14Ggy71OMZeVy5dAdSt3HfMm1yKdEw6kpXaku97DUjA,5AM Push Notification,1,3,,2020-07-10 04:08:51,"Dear Trevor, we're sorry for disturbing you. You can disable notifications just for Outsider, here are instructions on how to do it:
https://www.howtogeek.com/344431/how-to-disable-notifications-on-android
We're working on an update to avoid sending notifications at inconvenient times.",2020-07-10 11:25:59
gp:AOqpTOHsy55kQDTjwOwiA_QsM6wHXXjOsM8yoT4d_v_Nkmv33HdlazMjxjNtNZNMwgto1_hAa6_r-1nPxQVs7Bo,Will Weaver,https://play-lh.googleusercontent.com/-M8gyu6ZQtTI/AAAAAAAAAAI/AAAAAAAAAAA/AMZuucmY407VdxAH1OeMhe0LrhBp3iEbHw/photo.jpg,"Cute game, but the puzzles definitely get repetitive (think a half dozen or more iterations of the same puzzle for one challenge). This mechanic is more suited to a strictly puzzle game which this is not. The beacon puzzle is nearly impossible because the constellations are completely out of the frame.",3,1,,2020-07-09 15:37:47,,
gp:AOqpTOFrPz-hQWO7b4-CL2yg1kcLsBKLQ-LJXzlne7TVfA0NW3ZuBXB3pMB8uEzhW4pjXXfTVeX2N3e5pyzaZkQ,Chris Baltz,https://play-lh.googleusercontent.com/a-/AOh14GgagsSaZ2jRp_-_HrdL-QNz45k3xQ1T_iWrlpw2BQ,"Some of the game controls could use a little work, but the story and gameplay are amazing",5,3,1.0.1,2020-07-09 08:21:38,,
gp:AOqpTOE9LSqlmnbIqGMea-yKv2IpbXXfTB3SLs-GCfgqhvIfEGTVaNjMk3TPw46_jZV0tWBq0MManzMAmdSEnig,Ree C,https://play-lh.googleusercontent.com/a-/AOh14GhHEj0d7GZxJFpSnG_TwFt3MpqksPVWnS6N59AioQ,"Ok game, though not worth $6 as it's really short, the puzzles can get incredibly repetitive and boring, I found the story kinda slow aswell (a fast forward button would have been great).. I noticed alot of the 5 star reviews here are by ppl credited at the end of the game lol. Overall the puzzles themselves were ok, just too many of the same ones in a row for my liking.",3,14,1.0.1,2020-07-08 11:33:32,,
gp:AOqpTOHvvVYsZJjn2AeLDa6-l9jRgag8q5eUjcD_uoEcY89KbMI4kQJ771-pvmdfOixf4-vhbXYP_dfSbZroS2E,Jeff Hankla,https://play-lh.googleusercontent.com/a-/AOh14GgHX6RXJYzR6kftKP5LpFPe1XvUqPa52VVAmnQZ,Great puzzles and an interesting story line,4,3,1.0.1,2020-07-08 09:01:58,,
gp:AOqpTOH08zLd6TTI05hsbbHoZN00AsraybtwTjS9t9QMgIdz9yJLbDXAd7AEdF-Z3njBqwelnNmTU5C1OD8JSYQ,Phil,https://play-lh.googleusercontent.com/-UqNLJJOftUM/AAAAAAAAAAI/AAAAAAAAAAA/AMZuucn86E97whiBPUm_DK9Wu32qkyInhg/photo.jpg,Could have had potential without all the christianity nonsense.,1,2,1.0.1,2020-07-07 14:10:07,,
gp:AOqpTOGJ6hhZjqmzNQ-bME7xbNppAtaoR2KLq9rkiSqeRBhbU575QSytEg5vHxCNfU0diT1Li5orG4ljqIqYPaE,Brenna Long,https://play-lh.googleusercontent.com/a-/AOh14GjYtVcsZ2unCeayQpndyX-DMd8pRJHCZ7L-vV3CLg,"Wow, such a neat game! Very unique puzzles- just hard enough to not want to rip my hair out but not finish in two seconds- perfect.",5,5,1.0.1,2020-07-07 08:54:06,,
gp:AOqpTOGYhdJ4MvT3KRs2VrMoJ46mxU0hZ6X9OKlVHfUXcBySeiJLJ-T0id4YM5Su1md7woVaDDED9N0-OaYB6gA,Chris Scott,https://play-lh.googleusercontent.com/a-/AOh14GjVgU1F-cRLuG6zdECVQnOMR-BeRcP3iMVA2vHyRQ,Wonderful,5,4,1.0.1,2020-07-07 01:05:19,,
gp:AOqpTOF_lpNmepkZDfkQrFKSyQYOXhI92r2_lu_9t906mWcHrWcdtjBsWj5jqqLks7_vZIrvlEhZAc_9I3Y7BIk,Sam Goodrich,https://play-lh.googleusercontent.com/-eH3IN3vlkF0/AAAAAAAAAAI/AAAAAAAAAAA/AMZuuck2OgNqT5V8QnHkFJ2b_1sPZ_NCgg/photo.jpg,"The game is a lot of fun and the graphics are good, but it is way too short. I beat it in an afternoon",4,2,,2020-07-06 07:41:27,,
gp:AOqpTOFQkAJhgxC-mgdKW7h_5L6yaEaxUslzcRYYIQUtiAgo6Q6xWcJAVs3fEj_MJOn4u7yC5CfQoBZM2fYifgk,Prinncess Artists,https://play-lh.googleusercontent.com/a-/AOh14GjIkN7XxB1ayzcMysSbyMsJRC1cz5UcJuTqC8egiw,Absoulutly amazing just finished loved it,5,2,1.0.1,2020-07-05 21:30:47,,
gp:AOqpTOF72skhjXdbbvFObU2cEfSLWb2QOpRIn9xp01nMFhrNA42KaSBBWNDiIxdXuyEtfUlajeFCxB8gJzuf3X0,Denis Haddad,https://play-lh.googleusercontent.com/-HFySuPi7SFw/AAAAAAAAAAI/AAAAAAAAAA4/AMZuucmGZ072t_FJoqLUmNx87wO_aOZsSQ/photo.jpg,The publisher could have left his personal beliefs out of the game ending but other than that it was pretty good.,4,1,,2020-07-05 06:39:37,,
gp:AOqpTOHW79HYv8F0E1pK-5_32h4SY4NECLzfQsReLGJ6BWg01sKKvaaz-ixLK70GaKQOrCnSOM7LjkK2pXN1RG8,Chaos Corner,https://play-lh.googleusercontent.com/a-/AOh14Gi7UCOZ1-oSRYYznX-5RIvdQEJSPD7NZ7_c2Qse1g,"Excellent game. Got it on Play Pass. Wasn't expecting it to be so short especially with them pricing it at 3.99. If pay that off it was 4 times longer. .99-1.49 would be more reasonable. Puzzles are pretty easy but fun. Cool animations and story which is the bulk of this game. Again, very short game. Might last you 1.5 - 2 hours if you take your time and don't go through the puzzles very fast. It was a little over an hour for me, but I play puzzle games all the time.",5,44,1.0.1,2020-07-05 06:30:56,,
gp:AOqpTOGsGSUtcpVRWfyGIALnlv0azmqwJdr0bucjR7ChhmUDN7-B98GJlIsHyXOc6WFFOYG043H0lHD2oXLNhic,Anthony Guadalupe Rodriguez,https://play-lh.googleusercontent.com/a-/AOh14GjZrNsnbzppakYelXi42S5KboAp5wjkoWhXf7AacCk,1 one upgrade multiple Nano Hi-Tech from the Terminator extreme high-powered death Nano p900 from Terminator Hypertech Hi Dep,1,1,1.0.1,2020-07-05 06:26:37,,
gp:AOqpTOF_6q1iq6sUOlqhomDWxcFbWyEuzwAKJ7uzny2mv8ayEJxs_Wcn_wA8btK4JnvhGpNnhBRKNfK0Ls890cQ,Nicholas Dudman,https://play-lh.googleusercontent.com/-gb0fQao-O0o/AAAAAAAAAAI/AAAAAAAAAAA/AMZuucmo-M2Zbm0taItL4D3gI2tIFuSGGA/photo.jpg,Great puzzles great gameplay and lovely graphics. All round good time,5,3,1.0.1,2020-07-03 08:01:04,,
gp:AOqpTOEc8BpDVIUVYCSNWg-x1rdkyDKoQdJutY9Rbt0cAqoNcoW_oq0LvDC_EGXN5wSdked9m-Ay0zZsOxM3QYw,José Porto,https://play-lh.googleusercontent.com/a-/AOh14GhO-p5YeUVrHJlaXbquWM2uzw_EiOTOHmopOOda4qk,"A puzzle game with an unique art style and great atmosphere. It reminds me of the graphics adventure games of old esthetically, but with diverse and fun puzzles instead of the typical click here, use object there. Definitely recommended if you are interested in puzzle games or just like a good narrative in a game.",5,12,1.0.1,2020-07-02 13:49:11,,
gp:AOqpTOGfmlLdhYuRRhR-A1u6K-9jGMXM0fEKVceUyg7dT2wDto8MtDapwZvJ3aNenUMCEuQP9Y0B9ixLgSJB1_E,Bruno Matos,https://play-lh.googleusercontent.com/a-/AOh14GjKV6yEhWknNWB-4wlRJg-BnF4dppLp25ENEV3PgQ,"Great game! The game takes us through a fantastic story revealed through beautiful and challenging puzzles, with an engaging environment created by the quality of the sound and graphics. The puzzles are so addictive that it's hard to quit the game.",5,10,1.0.1,2020-07-02 07:00:33,,
gp:AOqpTOEi6-v6iCDPO0BwfBvLCsNDFQumWecbtd2wlJtHE9kCe_X8i-sZYw8_fq8PWqb7U6rpoLv9NVWNUDHAT60,Brett Fearnley-Cook,https://play-lh.googleusercontent.com/-3SD6f8LtYJo/AAAAAAAAAAI/AAAAAAAAAAA/AMZuuclsIw8NurZxreigfUMRTm2VQxpGZg/photo.jpg,"Excellent puzzler. Dark, funny and unique. Music is great and adds to the feel of the game.",5,3,1.0.1,2020-07-02 05:48:03,,
gp:AOqpTOFW7umprLQiW2po1NijyhW8PpqKR0UC3Et3C-CjkhK0iw5sHN3n2zdFn70boTau5LrFdeeChq0lwv8Ym_A,Plume of Smoke,https://play-lh.googleusercontent.com/a-/AOh14GhTvo8dXtq-ULiYSMiZDTcwmGAQ7mKhcRqCi9R1,"Great puzzles, intriguing storyline, haunting music and stunning artwork result in one of the most memorable gaming experiences on an Android device. Beautiful.",5,8,1.0.1,2020-07-02 03:38:55,,
gp:AOqpTOFxOBVmW3JKLeOiczm-bmDpSKNEp1zOgctx0ZhFIBYeBa1RL5cNPGyFLW-lrhoicjF4_BxCA32I3esFgu4,Ricardo Mota,https://play-lh.googleusercontent.com/a-/AOh14GgOrkli09Qr1Xkz_eA2XvE1QnOkbkXVw1j-42OV,"This game is a a soothing, thoughtful and fun experience. There is no repetition of puzzles, the atmosphere is amazing and the artwork is top. Highly recommended.",5,2,,2020-07-01 07:54:22,,
