reviewId,userName,userImage,content,score,thumbsUpCount,reviewCreatedVersion,at,replyContent,repliedAt
gp:AOqpTOH7ZVAkQBI9oDRNuPOVVPVE9Lp2tptmLvH7RQI_AOb6FHUPTOh47a9XAv5AQUkOF7GpzIn2E1R3oUrgkIY,FourBlix Test,https://play-lh.googleusercontent.com/-7Y9depWCA-Q/AAAAAAAAAAI/AAAAAAAAAAA/AMZuucnw7CPEl-BclhCovE15xgssQ6kYaw/photo.jpg,Good,4,0,,2021-01-27 21:53:26,,
gp:AOqpTOGLCeZWCXApBv4P6H5Q6tqJMr5ff4rdpvJg1XAzp8yzZUxy1bzXWsjiGOt7OZfqgJZqyT7POKwmA_9b97w,G Man,https://play-lh.googleusercontent.com/-BogVbSbn6z4/AAAAAAAAAAI/AAAAAAAAAAA/AMZuucl3E5pdIyEx8g3eNbQ9boxcpb1hCQ/photo.jpg,Great app use it all the time for work taking pictures never let use down great for what we need it for,5,6,2.37.5,2021-01-14 00:16:10,,
gp:AOqpTOFn8F9cqWc_kcmSePBPvrMxLUGEGU9pnCTfxh_KlpYD1eS8HuNdMbMjVB6I3JnYP1_XlTHh4gr8u_SH4gg,Kwabena Kwarteng,https://play-lh.googleusercontent.com/-_QcZKhPbbfo/AAAAAAAAAAI/AAAAAAAAAAA/AMZuuclX_uccS6vs3ZnczDhyxzGQuXb5dA/photo.jpg,"I purchased the industry pack, but never received the upgrade. I sent an email to the support site but have received no response since.",2,7,2.37.5,2021-01-12 22:04:32,,
gp:AOqpTOFCAspRz6kq4VXCu6U90vRy7_sV9yAEIDBnC6KgMDiks74x5_6RYFpRYqG71n8CjsVl2svcHyO5oJAEjeE,Matt Mill,https://play-lh.googleusercontent.com/-JK42x1zWOHA/AAAAAAAAAAI/AAAAAAAAAAA/AMZuucnYpVmenjMtPzWjCtcKKcRjr8-MUg/photo.jpg,"An essential tool/app for Bushfire/Wildfire firefighters. The ability to send a photo with location, bearing, altitude along with the photo of what the firefighter is looking at back to the incident management team is fantastic. It gives the incident management team insights as to further resources that may be required. It's true when they say a picture is worth a thousand words.",5,9,2.37.5,2020-12-29 14:26:04,,
gp:AOqpTOHuZzeigcIvvVNxwQP2LATbG2iAgMyPBu7yxP5EL37LCz1frQn06VPQTNV9gEMYmpiu3GB6F7LLPIEPP34,Алексей Додончиков,https://play-lh.googleusercontent.com/-ZE80lJm6Es0/AAAAAAAAAAI/AAAAAAAAAAA/AMZuucmmzHB6Cj1mocx0fNLE9Z0LU_g4Vg/photo.jpg,"Paid app, that lacking any kind of basic settings. Shot's In high rez are uber-slow in comparison with some free software out in a market. GPS data is displayed incorrectly, very frequently. It often thinks that it's +- 5m away from the spot. When in reality, it is 5 miles away (no joke). There are free apps with way more large custom settings. Dus, it is not functioning properly, although with proper care, it might. Shame.",2,0,,2020-12-16 15:48:15,,
gp:AOqpTOGBYQYRC6KFRQ865VWd84QFwRiSmBvsYLo-dLjpmCNEDU6_KRAEVwNmlzB8_6J3Ay6UmT6anrh2bFwVpq8,Patrick Cameron,https://play-lh.googleusercontent.com/a-/AOh14GgZIU9T0aeg8yeahG8FESEWhwWnHrzUJhT0CqY6xg,"Edit: After contacting the company, they released some updates and fixed all of the issues I had within the week. I now rate it at 5 stars and recommend the app. I now use it as my primary camera application for work. This application worked great until this week. Now pictures I take do not show up in google photos on my telephone, on the phone in the photos folder when I try to transfer them to my computer or on the web where I automatically have everything backed up via the google photos backup settings. Earlier this week I could restart the phone and they showed up 30 or so minutes later. No I cannot seem to make them show up at all. I have the paid version with the enhancements for tagging my images with additional information. Last week it would be 5 stars, this week, it is 1 star because not only did I need the images, I now have to spend money and time to go back and re-take all of the images. Some of these worksites are 200 miles away.",5,15,2.35.21,2020-12-03 08:19:28,,
gp:AOqpTOH21zz-370NnVEpfdJCyC40gDVp3d7fgjvsGWns7Qq1W40f64bbpincEU8ocH6l_GRyJjyfnit4bKqgHa4,Allan Madar,https://play-lh.googleusercontent.com/a-/AOh14GgnkeRuhmA4Uy3wqJuXPzds-Ts1TU1vFod7a_Cv9To,"Okay product, not free, but no ads.",4,1,2.35.21,2020-11-29 15:15:42,,
gp:AOqpTOFSxF0Sv5XxGJWnCFrqGUfR5Exy0AUOaXURBeqKCOTc754oCxuE2xZxRy8Q5Ff0hs7Y57cdY_f1mkvpVRk,Mark Oates,https://play-lh.googleusercontent.com/a-/AOh14Gi0wGC7lcGWP6zWIljx0qEYFxT7D3232PUyxqBx,The developer fixed the issue that I was having. Much appreciated!,5,10,2.35.21,2020-11-16 07:28:44,,
gp:AOqpTOEU_y4Go1bH349_qfXqyCdKjchoBW-a8CPjp5F4e8FI0lk5VhQ8JfU6dRGUfHvE-JkTF-ezGVhxIZLBu8g,Judy Marks,https://play-lh.googleusercontent.com/-TXTSuTAQyB4/AAAAAAAAAAI/AAAAAAAAAAA/AMZuucnU-mkOXWUmcbtQCGtnznYllqk4Kw/photo.jpg,I work as a tribal monitor doing field work. Very easy to use once you get used to all the features! How did we live without it?!👍👍👍👍,5,6,2.35.21,2020-11-06 05:13:53,,
gp:AOqpTOF_lTvdZ3R58FkqveqDj1jijulzRuUZtZJ_tGBGFZUQfuaKhvTnFari4EoV5jpLqv3XK5P0ZmJH04t-Wvw,Alberto Garcia,https://play-lh.googleusercontent.com/a-/AOh14GjU3QOEsNX5rQ5uKbutGJn9O5vEZmxJYx2lTPg7JQ,Does not work on my tablet,1,0,2.35.17,2020-11-02 20:09:04,,
gp:AOqpTOHD-S0ljVuHKscIKfJCMBi5FQsPJK9QYLo0cp-F9efl12SEd1Iz33xrR7oNTPWU94DA_mcorgRk2Pm4lQs,Ron Pusloskie,https://play-lh.googleusercontent.com/-dhf4c46G6CQ/AAAAAAAAAAI/AAAAAAAAAAA/AMZuuck6X5Gbw4vyDajYKON5Wlpgru_N4Q/photo.jpg,"Paid for upgrade verision andro work great until 10-7-2020. Upgrade phone from Samsung 8. Now I can not open phone on new S20+,keep getting message Paramenters not set. Deleted and re installed application ,no luck. Sent message for help to have upgrades for corrections no responce. Emailed message to Solocator about issues I could not be happier then the responce and app corrections update that took care of all my issues. This is a Great app Thanks to all at Solocator",5,7,2.35.17,2020-10-15 19:23:27,,
gp:AOqpTOEemWLlAAZA7aOh0J-MyTabJg2HHDAlxv5bwgPD6DQj5sNqKQUgmz2hxoYPkrMF691A7675EFRcFeg5IN4,Carlos Gonzalez,https://play-lh.googleusercontent.com/-DeMDG7V31-c/AAAAAAAAAAI/AAAAAAAAAAA/AMZuuclwttLSfZBVZETPdABjaY1tC-S-8A/photo.jpg,Excellent tool for reporting job progress,5,1,2.35.17,2020-10-12 11:31:41,,
gp:AOqpTOGYlDHYW8kkJ7ENUmO5ZhhVFpf5370ZceeUkiWct-9ejmF0235_V6ONYM2wKqR5cDmfo8jjXRVc0XLrAv0,Tony Saunders,https://play-lh.googleusercontent.com/--2AcoF0Ezgw/AAAAAAAAAAI/AAAAAAAAAAA/AMZuuclzFoPS9yWnKtwSymC9I2FXrR7xkQ/photo.jpg,"76 he's 6 he's 1121,,the x zdx zn2ze egg wash exe 7with CD red3 we'r 6;,,,- zd.c.",1,0,2.35.17,2020-10-11 15:25:02,,
gp:AOqpTOEwysd0LWKPv9Esj1dTNPdrtmheal-XQbrPk_cR69d5fRQiKrmssxvkS7CONjCJJEAihnn9VmPvA4AJUAA,Dharmendra Thacker,https://play-lh.googleusercontent.com/a-/AOh14GhU-2zJWD8wbXD7Viik2IOlboOkr-JdnAdL-hT4fA,"Its has some useful features and I wanted to add one more feature of Industrial Pack to it and so I paid Rs. 300/- for it. But since transferring my all data and apps from my old HTC phone to new Samsung A50, this Industrial Pack is not working and demands another Payment. So now how to activate my premium account and have access to this Individual Pack ?",4,0,,2020-10-10 04:07:58,,
gp:AOqpTOFizBWxzgjuMCCLfw_e-dkke6oJQAi5IwCZZToBZcRsvlqriP0yWvmCb0ixE1iIHX5o3Jdrz4hj2sqi5Mg,Triple Hine Adventures,https://play-lh.googleusercontent.com/a-/AOh14Gir0DWbxWIIDsX1oH1lTkBbvISx1dvsrXl8eKoEhA,"Poor, once I've used app i have to delete it as, everytime I use another app it keeps sending me back to solocater and theres no other way of turning it off.",1,0,2.35.12,2020-10-05 11:32:32,,
gp:AOqpTOFCedITo78KFmVht-iwvS7pACZ_Vqqu6DmMaoaIJYl8eykmNUMa5p0D4hOSdcad92881W3loMeHRbKelmE,Mitchell Humphreys,https://play-lh.googleusercontent.com/-6Lo-kBmCVkk/AAAAAAAAAAI/AAAAAAAAAAA/AMZuucmGyq53uFXFp_1oHr6Ub4wqnZSTXw/photo.jpg,"Great App, bought the Industry Pack. But now it keeps telling me I haven't purchased it, restart and reinstall the app and issue continues.",4,1,2.35.12,2020-10-03 16:47:46,,
gp:AOqpTOHQcXDtYAzt3Ks7v6VZhrLSMC1HE3XmAyXvYSakRQQYIgzetm5LbOBZ5L15yovECdXnr-PulWhNUH_292o,Tony Kuiper,https://play-lh.googleusercontent.com/a-/AOh14GhhJPVdRMwfEK1aATgxLrne2Kz5FMugi7sGPCoU,This is a great app for rural firefighters. Ideal for capturing photos of incident features that otherwis would need you to manually record location data or have to dig around to extract.,5,2,2.35.12,2020-10-02 14:34:14,,
gp:AOqpTOEjnzELQ9pXzzeiREJobgGKJexaev8Ov76lz3tb7AduC_IeatzRXUAINgsrS8DRemnEZIeh5iN_LpvAoKs,Leland Slobodian,https://play-lh.googleusercontent.com/a-/AOh14GjgEhB5xQ0S98ZBbrss-ShPADgJU0cEqKu40giLMg,I love the tagging ability. But it wont save photos to my camera roll and I'm not interested in emailing all the phones to my self. Only seems to take 1 photo with the tag and not the orginal. I sent an email 3 days ago with no response,1,2,2.35.4,2020-09-27 10:05:47,,
gp:AOqpTOFdWXx7w18Kvrbhpf7nJN5WN6_AE-n_VFbgsbdc_WWL4WmKQRvqnEGXValz1UVRwY0lAQ-ye9YCvhX0Yyc,Ben Johnston,https://play-lh.googleusercontent.com/-HTy9T0Y_zlI/AAAAAAAAAAI/AAAAAAAAAAA/AMZuucnBXUeLHzJmCkLoPx38oLpk5PRyLg/photo.jpg,Perfect for the job,5,1,2.35.4,2020-09-24 16:58:30,,
gp:AOqpTOF6qZSt156yTI7Bl0G-tvbDadk_XtEOhp0hH3Ed4mJVbE7ygtSUR67FHI0x_Y3-eB5YXicDyeOcNpGHMBY,Doody Howdy,https://play-lh.googleusercontent.com/a-/AOh14GheLtJ0zSZBm1TbaPHuI6QLbxLe7phYuTsya0gi,"I have recently discovered several problematic issues with this app. I am not sure if they are due to ""operator error"". I will preface my further review by saying that I am using the ""free"" version so perhaps I need to purchase the upgrade? I have had it loaded on my phone for quite some time and have used it successfully in the past. The first issue today (9/24/2020) came when I was going through my photo library. I selected a few pictures from a past date that I wanted to delete and the app deleted my most current photos that I wanted to keep! Apparently there is no UNDO feature on this app! Then when I went back into the ""Album"" setting, most of my photos have disappeared and have been replaced by the little green Android figure, and no date for the album title, just numbers like: 3.5 M. I can't seem to access any of my past photos. And P.S. I just now paid for the Industry pack upgrade. Didn't help. I don't see any difference. Second issue came when I tried to send a group of photos to my e-mail address. I chose the export to e-mail feature. It sent the selected photos to my e-mail and the background information was sent and a link to where the photo was taken on Google maps, but NOT the photo itself. So now all the important photos I took the other day are gone! Fortunately, I can go back and retake them. Additional issue: When I used this app before on a Samsung phone, the photos appeared in my regular photo library. Now on my new Google Pixel 4 phone, when I take photos with the Solocator app, the pictures do not show up in my Google photos library. Can't find them. Help!",4,6,2.35.4,2020-09-24 15:16:32,,
gp:AOqpTOGsSUqw3qRD0kYcr-bStvcdWVWgLbIPxnARu3xsX47ZWuS3kva-j3X_tznzrzEcdxMJnqSH0GtjDSMZpK4,Grayson King,https://play-lh.googleusercontent.com/-noFNnYPp7tQ/AAAAAAAAAAI/AAAAAAAAAOQ/AMZuucmtUnhLnTvkkwmRqK6-47AqnLPwDw/photo.jpg,"App will not open, the description says they fixed the ""set parameters"" bug. But i have updated and my app keeps crashing. This is frustrating because i paid for the app, AND I paid for the $4.99 upgrade. I emailed days ago with no response. I use this app daily at work, and i have not been able to launch it for a week.",5,1,2.25.3,2020-09-17 08:37:48,,
gp:AOqpTOFC25vWqbOnjbl3yIIQ28AC5mu_xD1zxUPOBFXM9-5wIRC0bHlBZi0FqdL7plkN8Sxp_TRE0h7XGR_H9Ag,rpboothe,https://play-lh.googleusercontent.com/-AAGQFhbAIH4/AAAAAAAAAAI/AAAAAAAAAAA/AMZuuckI3uNvoeyWFEhXoZlDAu2K541CXQ/photo.jpg,On-screen compass which worked with my old Huawei phone is stuck pointing to North on my new LG K50s phone.,1,0,,2020-09-13 11:33:54,,
gp:AOqpTOEqC7FxuojQqNp70LDCimEmAHkza5mg_xwftLK6oBKOtUcNXP1iJV-NN9jQ1XrJ3zzw7DjpGp_4ty6O-kE,John Parham,https://play-lh.googleusercontent.com/a-/AOh14GhCvYxj2uvjUc67skcEOMVKNW9ILSwKQz5Ukq_Rsw,Great field tool,5,0,2.25.3,2020-08-31 11:09:30,,
gp:AOqpTOFQTIYW4CILWEFB0_tx3vY-qzinrJ9uk3_ECWbFF_Sl-usD8o-549nrqv3inb0Bo3JB4Mq0L_d0gm0QToU,Guary Medina,https://play-lh.googleusercontent.com/a-/AOh14GjN_xsF4-2elowe44UZ4Y0gWJFrGlfTlz9t0Rt52Q,"this app stop working , I not happy ,",1,0,2.25.3,2020-08-28 17:04:01,,
gp:AOqpTOHEp6wc-MFerKeeNBsUMgvqfasBH3DZTeC91zhLoilNq-wH-Vh176clOSNq8ncdqIzqjdVE_df0LCnF35Y,Senior Reilly,https://play-lh.googleusercontent.com/-TspefMkIzsY/AAAAAAAAAAI/AAAAAAAAAAA/AMZuuckRNU1pRE-5qx2P3PRk3ONgYS0gMw/photo.jpg,"I paid for the app yet it won't load , it just buffers endlessly, yet, they took the money before I had it.... so, so far. it sucks",1,0,,2020-08-25 10:03:54,,
gp:AOqpTOEGzVa6o3eWXYbsnslCYnjnXZFVY-fqoQ-1MNx6Bo9rsln22vna2ITrJ-hmc8WjLtymb041bErES19_BYU,Ryan Bliesner,https://play-lh.googleusercontent.com/-18UpHZZPgOE/AAAAAAAAAAI/AAAAAAAAAAA/AMZuuclsj4_1gyDdeg4_znddE6Wp6ok4Sg/photo.jpg,Awesome for the price. Made my job easier,5,0,2.25.3,2020-08-11 03:21:00,,
gp:AOqpTOGu7Yn5oBdwObZz7HDULuTMSG-HfiEv-ph-Kp-YHbCzWFCY60kG7hY4AIFpgCChNzy0wd2TYs1dVEn5qX4,Del Mascarenas,https://play-lh.googleusercontent.com/-W3ozL4EazrU/AAAAAAAAAAI/AAAAAAAAAAA/AMZuuclVpfR4vbT1dkhoMiYPMmumMx-caw/photo.jpg,Great features. Aids in my work.,5,0,2.25.3,2020-08-10 16:52:36,,
gp:AOqpTOFzX8igRH2o5R0mkFQ14u2bn4GJ1yatJSB5IEuVgI350Pu6N_w1RyC2DvGgPkDHhIs1g0t35NEXsN4wSb8,Jonathan Bell,https://play-lh.googleusercontent.com/-Mc8PNXZzEWU/AAAAAAAAAAI/AAAAAAAAAAA/AMZuucksnoOuhPd25y7Ut0UiCgMJqHDGSg/photo.jpg,Sucks and is klunky. Downloading sucks,1,0,2.25.3,2020-08-05 08:37:53,,
gp:AOqpTOGuJL96icT6uie2_W5qgEJj5vqmgJGdDoAUzZrscgXanlwyChMvkii_tgb31dcHFqPXdrXfznFE02AKNNs,Kam A,https://play-lh.googleusercontent.com/a-/AOh14Ggkgolxsu7KcQD5jBJ_kNDepk7VF_3-m7mFGUKFCQ,Very useful for construction industry photo documentation. The developer promptly assisted me when I had a question.,5,2,2.25.3,2020-07-23 16:08:56,,
gp:AOqpTOGyJXW9V5b6QGUO0euR_9W9GG4qoIW7IP1jYET6Qn0KSd8Xe5UQQKRImrLtFKE2-GahfsY_9JO4cB3FAQc,Steve,https://play-lh.googleusercontent.com/-ZQ1wvxP_r-E/AAAAAAAAAAI/AAAAAAAAAAA/AMZuucm-Wueusdc2JSKVZ05iiYeluBCABA/photo.jpg,"Clunky, freezes, cannot remove compass bar, limited options, photos won't open in some apps. Has potential but needs work!",2,2,2.25.3,2020-07-08 03:25:47,,
gp:AOqpTOGrt-Bs6QGELYElvZAAQ0xWNR2DUfoNbb-vRLpUcHpr7qaIcSUI6c73b6U0UdNFlEvsGB_-imCNhVUDhvI,Anna Mikheicheva,https://play-lh.googleusercontent.com/a-/AOh14Ghijmd3oVv-w7Bz8vQyjCBwnrewfAYke8p1ALup0Q,"I'm using this app for work, and it's great! Thank you for helping me with the data export, everything works!",5,1,2.25.3,2020-07-02 22:02:17,,
gp:AOqpTOFS9LxfWlHRZh-E_H6PEBN_t_sypYl_NY5Z1TsxbfoMQXCg--Sv8D5Go-lHPOfowoV7GcFxvp01XJDdtjI,Andrew Sass,https://play-lh.googleusercontent.com/-j9pVLTqPU7k/AAAAAAAAAAI/AAAAAAAAAAA/AMZuucno_CmjUNHYVHg1MFUAuv_aPzq8UA/photo.jpg,"Good, but keeps freezing",1,0,2.25.3,2020-07-02 15:11:26,,
gp:AOqpTOGVIFQ-HxAPuAmNcH9b2ppLVpAtHOm57Ikn31OJU80AumiX5300ZcpY6MNvIcwWTb1RkcJME-eibA5nHwU,John McAlpine,https://play-lh.googleusercontent.com/a-/AOh14GjCXtJFzbaZuylwOf9NHMZmmXwnK_2N7gazQm4X,App will not load on Kyrcreo duo pro 2. Set parameters failed message. Love the app on my old phone.,1,0,2.25.3,2020-06-27 20:16:49,,
gp:AOqpTOGZxrjGtaIJwtfDQHpK5AnSd7ZfMdwXoNFB7UvcRuZzJpotV3rbmzfB6ZAtMS78ebHnRBth9Aw_ha_RSIE,Travis Albert,https://play-lh.googleusercontent.com/-jcciGAPQOd8/AAAAAAAAAAI/AAAAAAAAAAA/AMZuuckK501Kf2AwkxV8X75Gk7bW8eFg2w/photo.jpg,I'm just surprised it took so long before someone invented this app! Awsome for anyone that takes wildlife pictures or pictures for work outdoors.,5,0,2.25.3,2020-06-18 15:24:51,,
gp:AOqpTOH0DukwTvpkNx_HPyrAD-3excEUEAzwnNf35A2r9wxrnmGbaxDjtBlqND1h0QYQUdYOlGhD7aAA1_k59iE,Hüseyin Çiçek,https://play-lh.googleusercontent.com/a-/AOh14GhPwea_o9V2zE19gM0xhGgsRq1wyXofOIcwihWGqQ,Don't buy it. Waste of time and money. Wrong lat. & lon. Wrong direction.,1,1,2.25.3,2020-06-12 01:53:01,,
gp:AOqpTOHJlR6WDHqQZ857Yx-W21lyW015Wm8DQZAg65BKMLk8XcRhL2hQcH7g-54ObYIPq8DOOvUthnG0IGhKdP4,A Google user,https://play-lh.googleusercontent.com/EGemoI2NTXmTsBVtJqk8jxF9rh8ApRWfsIMQSt2uE4OcpQqbFu7f7NbTK05lx80nuSijCz7sc3a277R67g,Fantastic app very easy to use and set up all the information I need stamped on the photos Thanks John,5,0,2.25.3,2020-06-07 16:59:49,,
gp:AOqpTOFgMlCZT3L-OHLuNc5D6eVECZ7ZeW6YsLD0ZqPWFj6WEPh82UJNmwe4g0XQcP8ioLyjbEJzRLnxoke5yWU,Joseph Brooke,https://play-lh.googleusercontent.com/-4UjzyALPWIM/AAAAAAAAAAI/AAAAAAAAAAA/AMZuuck8P4PNz8sKc9McaJP3mcpJtVmfvg/photo.jpg,"I use this app all the time for archaeological fieldwork - great for easily marking up photos to avoid photolog and geotagging, in one. I like the simple interface and professional look",5,2,2.25.3,2020-06-01 01:44:32,,
gp:AOqpTOGOwVXVWun9hRb9N7qOp-pdctnQ9tsN0n_zyXDaUYi-MBydWGLqSPf5n_fWnkMViX9_4-4bLjQGTMwY8jA,Dave Hall,https://play-lh.googleusercontent.com/a-/AOh14GiVl4To4P4gvuUD7K-gtebrvtZJUacKWWc2tdEZ,"When I changed the rotate settings and wanted to go back and undo changes, I couldn't see or find the settings button. So I had to uninstall and install. Apart from that it's a useful app.",4,0,2.25.3,2020-05-30 03:50:10,,
gp:AOqpTOEQ1MDupAIOhY3OxhvGm_gM0n0el8Bz3uGxypi055-U8H95bCE_rgDkuSw9Oq9yRzzebODPO50I28W-dB8,Ryan Fjeld,https://play-lh.googleusercontent.com/-DFO6i_wJm10/AAAAAAAAAAI/AAAAAAAAAAA/AMZuucncuKfOAQfFxHqeoTmecCcmpAIbJg/photo.jpg,Easy to use. So helpful with all the info.,5,1,2.25.3,2020-05-10 17:30:32,,
gp:AOqpTOFg1Mk2cPX4ZNx2T6REPYoDjjeUghRO-MC_acte9_1C_tRd9-JC3IA-ovRDQYq7JROZtU6M-nLVRKZENqU,Adam King,https://play-lh.googleusercontent.com/a-/AOh14GgjPAYy_E60JW5Gs2VbtUB85f0bmXj5kmxB2dyRo34,"Great app, I have no complaints. I have used this app on projects for the past several years now. You will have to pay for the full version of the app once your trial period is over, but it is worth the purchase. The app will automagically save both a original pic and the pic with the your description to your camera roll / picture storage. You can change this in the setting. Play with the settings to meet your needs. I hope this helps any of you looking to for a picture app for work etc..",5,23,2.25.3,2020-05-05 12:46:16,,
gp:AOqpTOEWHfTzA1IkKAS0kERBSRlkjXJqBYaaZxrTbKYa9iykbxr-phGAAYV3QY5QcOkBPQs6tJz2J1mz_bMaH4A,Dave Focardi,https://play-lh.googleusercontent.com/a-/AOh14GgtVQZrXZ7J4HZ3C6x0u10q127i1NKJgzpLXnwgWQ,"I use this for work. Now trying to figure out how toget project name to stay changed, instead of defaulting to a project from last week",5,0,2.25.3,2020-05-05 12:04:57,,
gp:AOqpTOGiqRVLhAQp-y0U-w4La7pxSplbTi_jTJOKVPGEDK9kuW6F2PP3M4K_LZCt5PVdbD5gfkTMFwZWgYdXakM,Sarah Sperling,https://play-lh.googleusercontent.com/-ElP6Fz5cNSY/AAAAAAAAAAI/AAAAAAAAAAA/AMZuucn52cCFjGbEIv5ewtqEbqiJlWPDAw/photo.jpg,I love the direction/location tagging & being able to title my own photos & add notes. This makes it very easy to import photos to a computer as the files are named by the written title I gave and time taken. I'm docking stars because of poor photo and zooming quality (I often have to take back up photos with my normal phone camera) & because it doesn't interface well with my Samsung s9; Solocator photos often do not load into my texting app. They appear as white boxes or won't attach at all.,3,14,2.25.3,2020-05-04 10:57:17,,
gp:AOqpTOEIACK6fX5zux6niLWnIZarjg_RtCcQ5yYdIC1nnPT49p934Y38Hy0Mgn1-m8rjvgoY26bTiV9GxmZgyWU,Eric Gazdik,https://play-lh.googleusercontent.com/a-/AOh14GhGKggx-j6jmPV7fnZTZtkGGXizF1p6P6SGL5_F,"I generally like it but am very unhappy with the app. The app was crashing and not loading. In fear of losing data, I saved all the pics to an SD card. I re installed the app and cleared the storage. Now I cannot put the photos back into the app where I want to view them on the map and export them in the zip file. Also, there is no support for this App and that's frustrating because its a paid app and that should mean someone is collecting that money and supporting what they are selling.",1,20,2.25.3,2020-04-30 06:17:13,,
gp:AOqpTOEvpCF6WmSTX-xOc723iTj6EqSen6bkiRFF0bpwQChunBEMdGI974RnNNG5mYQzY6JLFbYsrnlO6pXl4EY,Paul,https://play-lh.googleusercontent.com/-Zs7C0KVyHrU/AAAAAAAAAAI/AAAAAAAAAAA/AMZuucmXfSVftd17-KyUsDQYzMx_tsBqBA/photo.jpg,Would be useful if it didn't show North as South Checked my phone with a compass app and it's not the phone .,1,3,2.25.3,2020-04-30 00:28:09,,
gp:AOqpTOFerVHkPVH1GBT0tI9OzUtn3ydlcvR072QnEaK0q5twqS72V-UM4Ka8EPZT-8rwsdOLISqRGKHNSioMaYo,E4N Eye4Nature Photography and Communications,https://play-lh.googleusercontent.com/a-/AOh14GiCxn3_2nu5uaS5k_1cx3BME_hGxTboIHRD65XZsA,The best,5,0,2.25.3,2020-04-24 17:45:29,,
gp:AOqpTOEzh7CxiQuvvOviOsZgCdWn6hbENGsXKtRQoxgEAeTVehZzk8rZN6mQYmqfOEPLEvlwP9CfTmccquXLlmk,Danny Shepherd,https://play-lh.googleusercontent.com/a-/AOh14Gj-nCZis6OXMDagOyggdQpNEPNHry4E3ld5LaJ59A,GreT app,5,0,,2020-04-24 10:50:56,,
gp:AOqpTOFLygWXybWgWXIVJChg5_U_0yIKGhE3Ed4OId2MELiOgyM3EefvX4J-ARGGRRgdJxhGubpEkas7NzfmypI,Kevin Bentz,https://play-lh.googleusercontent.com/a-/AOh14GiYRAx_8RHHtYVSD1SgDjrmlywadKkjnNOcosBw3w,I use this for telecom work. It's a life saver !,5,1,2.25.3,2020-04-24 07:59:27,,
gp:AOqpTOE-xommSPeB4doVgfD_CsujcJzty94HjoEhoi7U2G0tBmtS9dLs8i79MARQgA21S5bFjTsY9EbFr_KvfyY,Joel Antler,https://play-lh.googleusercontent.com/-s-qkxE3s60E/AAAAAAAAAAI/AAAAAAAAAAA/AMZuuclNoVZlhMYL0vlj3abs6hP8s7sMZg/photo.jpg,Somehow all picture notes have been automatically displaying a previous note and I have to delete the text before I can make new notes.,3,1,2.25.3,2020-04-22 16:35:23,,
gp:AOqpTOETj5EzqPrIBu5KHk9jP0-pDtgTwJO1Vop5fBW9cz6SdWjm7AdI5wkou9LC_Fcq2y1WU0UYmey6iZkb4jo,Mitch Murphy,https://play-lh.googleusercontent.com/a-/AOh14GimWDYi6a65xSn7pDmWu_9CtojCtID-nEfpF2dMXA,Set parameters failed. Can't even use anymore,1,1,2.25.3,2020-03-28 14:01:35,,
gp:AOqpTOGsdMnYWvT7TKMiG_X6grJFBlTyhYSMyfr1TPFvCRtuTyc6atmVrM2In3pUhOcTqLUi-Mn9UOMKtN_f2Tk,Travis Cobb,https://play-lh.googleusercontent.com/-lk_AJZ8OJQo/AAAAAAAAAAI/AAAAAAAAAAA/AMZuuckjZu2fRoqYkHVEMgiG0dS_x2ximg/photo.jpg,Awsome app,5,0,2.25.3,2020-03-24 07:31:08,,
gp:AOqpTOEf1HskCPmLHpM8qNjxUu-XosSwlEM8fvuoyXIDqDjXzMMSGuSYQ63vrm973WUZ7g3dLD4wvQTbgs27q5c,Jeremiah Tuck,https://play-lh.googleusercontent.com/a-/AOh14GgEsxvL9j5ea-8WSipDTTkcrd9ycvbLYl2Nuen4Dw,This is a good app. Does what it says it will do. Customer service is excellent.,4,1,2.25.3,2020-02-20 07:42:57,,
gp:AOqpTOExXpb4o7E6etddmJE6-SahcxzpwyHGE22YkntORG7hu7drZQgIiW5LmSTASAp4vqNG2cpj_mPskBYqv30,Jeremy Walczak,https://play-lh.googleusercontent.com/-lHuTB42iyO0/AAAAAAAAAAI/AAAAAAAAAAA/AMZuucnRfLsdPLGYXV0oEMOHaguwuNWyjA/photo.jpg,"Simply amazing, but one small flaw is that the camera sometimes freezes and shuts down the app. I also had it flip to the front facing camera once. Other than that the app is worth it for any surveying type photos. Cheers mate 👍",5,4,2.25.3,2020-02-17 18:04:32,,
gp:AOqpTOHY33YIJ8x87eQkkRUMk37oIWr7UycktQYH5_IXQ1oH_p2xYql5JV3yhdq_s6UkZsVCpZUco5nih2vSKpo,Andrew Longfellow,https://play-lh.googleusercontent.com/a-/AOh14GjG6IhMjpaoufgDsiTInXO40AErTR64uf8n8yc,Won't load. SetParameters failed is the error message. I have a pixel 4.,1,4,2.25.3,2020-02-10 07:44:39,,
gp:AOqpTOE_SFsyCRJikbDY9o8bUqLwcJ0pxsNNyBlKD6EetI0HSSx2CUOT-_uj25eNqFyjWQaPhB8NPwfB1xGPcnQ,Andy Chang,https://play-lh.googleusercontent.com/a-/AOh14GiOysJ4Vs0VM-drQKKB5-rVD-CtB3Ecw_u5O6lNiA,Wonderful app for film maker mark the Loation. I've got problem everytimes I need re-location)(searching new location) It always go back to my home. Note10+ Thank you so much.,5,2,2.25.3,2020-02-09 21:27:39,,
gp:AOqpTOHu_lwmD0WZCc41jHE0cNq4_dZIhAqSjHwL2Ms3fDVTfgRQZp9N_MBTdO7yf5Ac5y2fx8ZE7l_vaHG9U3E,Todd Macdonald,https://play-lh.googleusercontent.com/a-/AOh14Ghgo9FvWoF69-Ee9KykGF4ykQNpM386pAZZITO9SA,Set parameters fail....this app is great if it works Still getting this failure.....please provide a fix!,1,3,2.25.3,2020-01-26 10:56:45,"Hi Todd, Try updating to the latest version. I think your problem will be fixed. Regards John",2020-01-10 16:46:03
gp:AOqpTOEwBRFchW9WExlkj90YmzePZPiRdXMnNNGh5FdEznB4bjhrV6d6WEXk2HiKjRRsYahb32HPFlMy5paU2kk,Caleb Ulmer,https://play-lh.googleusercontent.com/a-/AOh14GgOmlzQvtjzM1D9ep5gN2UveIO6ejUovZ_fSjZr5us,Usually works well. Has been broken for a while. Starts in frlnt facing camera and works then when I flip camera to back it goes black and won't switch to front facing camera. Making this paid app useless to me.,1,11,2.25.3,2020-01-26 09:31:19,,
gp:AOqpTOE7bK9alywjQ4p_6e3SvEpEVKXETPutLPrjTBpiDYiDMZdIJzDWKmCJZcyoHJ5pWr4yLdqB8zNCEL4Y-eo,Jason Stiller,https://play-lh.googleusercontent.com/a-/AOh14GiUZYoo40n0IV_3BJGEY0Qx-fd5MC-8Iyce5dXzMg,"Great app for the price, but needs improved zoom and focus capability to make it more useful (focus can be slow or stick, can't zoom in enough for close ups, or out far enough for wider views). A panoramic/360 photo option would be nice too. I'm a pro land surveyor in California. We use pics from the field to aid us in the office, we would definitely pay for upgraded versions of this. A key feature that makes the app useable is the KMZ export, adding more KMZ formatting options would be useful.",4,12,2.25.3,2020-01-17 17:37:13,,
gp:AOqpTOH6Gj6HP4gfaSmjzduh_cdsJchIjODd5OTBtH8LfA2DzQmjQj1eIXOT2GZJIBgIWaE459lHvesSQ8trHXM,Ryan Grogan,https://play-lh.googleusercontent.com/a-/AOh14GgAzSTZ0t0PXJDHf-7BfzWChLTNK504PuY3Dhgb,"I had an issue, wrote a review and then the issue was fixed!..... A1 team!",5,7,2.25.3,2020-01-11 01:11:43,,
gp:AOqpTOE6zg0pAHFd2n5cCEUPNkus3XHYTFu5QOk7BDhWsXdfc70j8I73G8LIJ3qzZipRVWru0U_-Nw7GheStYnY,kyle c,https://play-lh.googleusercontent.com/a-/AOh14GgPktjMH0p3TjAtYOXfuKoLi_1eWPNUXlrhUj1u,"Good App but cant seem to change the project name once added. Would be great if this bug could be fixed. Must have been a glitch with my phone, restarted and can edit the note each time a photo is taken. Works great !",4,0,2.24.5,2020-01-10 16:48:33,"Hi Kyle, Could you please send me a screen of the camera view to support@solocator.com? I'd like to see what you've got selected. The standard function of the Notes Overlay (incl. Project name ) with pencil button in the the camera is: RED = Notes locked for each photo, GREEN = Notes can be changed after each photo taken, GREY = Notes are disabled.",2020-01-10 16:40:13
gp:AOqpTOESq92mBGtRhg_jHNJf2CWqJrQP0Uu_QeSwS8hel3i4r_YGPzBdyE9IDzlq1W_aym7BMvkLBOEBhU9xODY,Trust Nyamombe,https://play-lh.googleusercontent.com/a-/AOh14GgsuDT04GI3gs1uwJWGbzVhagbZFaNAqWAt2KG11VM,Very useful for my line of work,5,0,2.24.5,2020-01-07 15:51:14,,
gp:AOqpTOEninQ8UVEdNvjCKhB6QptPyu_fV0BUnQrmSuBGIMas-iqBS_PWEmonRuZkWuc61ugRl2k9-mqxDjfpUeg,Glen Pryce,https://play-lh.googleusercontent.com/-jYrdZ6T6L9Y/AAAAAAAAAAI/AAAAAAAAAAA/AMZuucnwJEk1apOX86sza7UjkWZ8MRuNAQ/photo.jpg,Good while it lasted but stopped working after a few weeks,3,1,2.24.5,2020-01-01 03:29:58,"Hi Glen, We've made fixes as per your email. Let me know if the issue remains for you. Regards John.",2020-01-10 16:41:21
gp:AOqpTOGq0tKe7laa9NRJNYs73mi7BVmI64TQoX0vpXcJZmpsGKt2QQycCVNPtrJgHgdWA0dcaxomka_RHSo--Jk,Dede,https://play-lh.googleusercontent.com/a-/AOh14Gi1kLnAnYX2en3Rp69K8dDuNRoFAN-DXgVJXoQfLg,It's bad that you don't have self-timer,3,0,2.24.5,2020-01-01 00:41:14,"Hi, I'll add this to our feature request list as it's the first time someone has asked for this feature. Thanks for your feedback. Regards John.",2020-01-10 16:48:21
gp:AOqpTOED9DARNbUhAf5hQGLrVEv9gsOO1Sxzr-SHjVJEXjsRqd4WqnM1_6YnVFEkQLd7qpWNYw19LGTy5UHQ-MY,Carl Harper,https://play-lh.googleusercontent.com/-vzFkg2uzYDI/AAAAAAAAAAI/AAAAAAAAAAA/AMZuuclk_PHHymoKEXAKBPsc9JlIhl2jeg/photo.jpg,FEMA loves it,5,1,2.24.4,2019-11-25 09:53:55,,
gp:AOqpTOFuLc6rhlxaUb9saIor-p_mMvBrs2Bm7bCc41vjQ1lQwX3hjsOrzeujB8qdlXsDtU4iW4Mii0d8Uw5atAY,Andrew Slazmo,https://play-lh.googleusercontent.com/a-/AOh14GgKA2NyF0SjIMtlzxCPI2VVyW-gccurvxW8_4D-,Doesn't work with phones without a compass...,1,0,2.23.39,2019-11-06 02:12:43,,
gp:AOqpTOFy4GxGTrciffyP8hdlnneC9khYd6qgCc6h1BVqkK8aIO6dWhsu7SkyYKNX0o7OUsuyfqQYCTJofp37oVk,Craig Chambers,https://play-lh.googleusercontent.com/a-/AOh14Ghep3pAe9HOV6qoHP6kaV60bziGfhNDP2fAUtcA,Set parameters failed. Won't Open,1,4,2.23.32,2019-11-01 10:51:02,,
gp:AOqpTOFtoklI1enMlMEQSuef5g0pUPvDnrNl0BWnJpuJQcE2dhhtZKajsUkl3aQukuoRctDlmKjOqKLh_rBRkF4,rok vez,https://play-lh.googleusercontent.com/a-/AOh14GjYKen6rII5MU1GFD8QbOHJpbktk9hq3YAa_ZXMRw,Settings gear does not show up after changing format to 1440x1080?,3,7,2.23.32,2019-10-30 11:14:04,,
gp:AOqpTOFHdM7LUxBt4wDcm9GRwL1ZpNWIiPpnZHoSRSf2xQV6QTmSMb7e7cLQwx8sJRj2NzBFAolkrxvHRK4SLXY,Rachel,https://play-lh.googleusercontent.com/a-/AOh14Gg5vFtNPB8IR7tkycqVB0HrWUEu98FLLgGii20IIps,Doesn't work with Motorola,1,0,2.18.16,2019-10-23 11:29:33,,
gp:AOqpTOE50TH5m_tME5vPHka02HtyNEG4_IsOhcd3pMgu05yvoPs-cNlwtd1ji6w7huQfJJlzX8STsVbM3CpaE74,bundynice,https://play-lh.googleusercontent.com/a-/AOh14GgQIuSO0rAZHi02sSBPWK8OHB4_7_vmX5CJjKl3,"Really useful App. Love the clean professional look of the information on the picture, which doesn't detract from the actual photo content. Also love that a duplicate clean image is also created.",5,11,2.18.16,2019-10-18 13:46:27,,
gp:AOqpTOEald0QdfHzV8-Nzq_Dl3tLfnSpBhHesNWepytFcUxJA9mAHfQKJuI9edCDky6Gf6KxEpAvJtFv9W69Kt0,Zeeo Fullbright,https://play-lh.googleusercontent.com/a-/AOh14GiJaPyxA8s5cbsQSUsEN7vsOGORdjiW3RbxhttTyBo,On my Samsung Galaxy S 10 the flash is apparently not able to be found when I try to use it with this app,3,0,2.18.16,2019-10-11 17:05:07,,
gp:AOqpTOFnn7Cr05liMeuAz72WsWg1D30Iptj2RnXYC7zbzWphdy4f3Dx5WjiSCc9_6NLJgWrlobWvM4OMa0usflo,Jeff Holden,https://play-lh.googleusercontent.com/a-/AOh14Giao_W3xdlDqzLGu-NmYFG_qrTJi0tMvzy4Z-07rKQ,Extremely functional for insurance adjusting or property,5,0,2.18.16,2019-10-10 12:42:36,,
gp:AOqpTOF1NKyiIS_4mzKrDxUHCsIdu2026F8m24B7YIrINSs5JBJzbkOMubO4zPJachmiLmv9BrDZr93HnbCQtNU,Tariq Baseer,https://play-lh.googleusercontent.com/-Q0FXNhJzc7k/AAAAAAAAAAI/AAAAAAAAAAA/AMZuuclO5QphoLQjgqc5cDavpiDCjFCYYQ/photo.jpg,"I've been using this app for four years now and it has been great for capturing site photos with time/date/direction/bearing stamps. Only criticisms: The direction/bearing stamp is too bold on the screen and should be maybe 50% thinner. Sometimes the captured direction is inaccurate (east vs west); not sure how to calibrate in the app. Finally, deleting photos in the app is a pain as it doesn't keep your photos selected when you scroll down to select more for deletion.",4,9,2.18.16,2019-10-08 08:45:00,,
gp:AOqpTOHQ8Bdf1ZxYzq7YlJ1CdnviArRZQbFxzmilMij6jktcGDr996yof8-81kwu3T-3XbWL6tVzNsEnrWXGk_4,Les Stephens,https://play-lh.googleusercontent.com/-WB7vSS85NUc/AAAAAAAAAAI/AAAAAAAAAAA/AMZuucncIzjszp3hExlPugyunQ6UInZSvA/photo.jpg,FEMA Contractor - Disaster Site Inspection DDD recorder--- very useful!,5,0,2.18.16,2019-10-07 06:23:42,,
gp:AOqpTOHWyAJOJfu8GrzVfRpTQ1fkqhlf9jGcShHxuQS1Gx4fkFh2NlICOHzEhCd158MQL6ZHidOtWGKm2ulnKdg,Donell Thomas Brown,https://play-lh.googleusercontent.com/a-/AOh14GggUoKgcCc4Kx1R6g68U5vK34nul7pJVn3iaPSpCNg,Do not give speed its not the best app plus charge 3.99 for extra much needed features,1,0,,2019-09-12 06:25:41,,
gp:AOqpTOHODGhtwm_pEywsjRzB25IwZJ86jK1T2_wCD2A1eBAFI5nOOWLfEXETDBbQoir8fjy4UdjTPXJTo8TPTUM,Jerry Maigari,https://play-lh.googleusercontent.com/a-/AOh14GhQ2X8Dnbhm8zb2qUeX3iW5AoJSA7_16zFW0654,"Very good app, give you prove of where you are",4,1,2.18.16,2019-09-08 11:09:30,,
gp:AOqpTOG-iumpw4C6MOnIFQJ8bVDMXkSgzxodz5LITsCj38mBY_dVnBw-bSKxHoDuCKMm36w7nwRnKW0uiq7UmRQ,aaron ruyle,https://play-lh.googleusercontent.com/a-/AOh14GjZHTOlOOocCMDpV3_WtDzizl-gxvePaJghZJJTaA,"This app is just OK, inconsistent photo attachment when trying to share (email) which is very frustrating. It often fails to identify the industry pack which was an additional purchase making it a complete waste of money. It also changes settings on it's own often so if your not checking everytime you take a photo you may not have the correct GPS overlay on the photo without changing the settings again. Using on galaxy s10 plus",1,7,2.18.16,2019-08-18 09:47:19,,
gp:AOqpTOGYjnv6KLCFvSz6fkFvXj_XkmvtRUOD3NOqazOzro-9vj7dtN8KQPQxkqvr7vvj-9Evni1mlAwgX7SeYg0,abu turbo,https://play-lh.googleusercontent.com/-nvHqymxLgYw/AAAAAAAAAAI/AAAAAAAAAAA/AMZuucniVETwkvURyHMOmRs6ibqo0QRZcQ/photo.jpg,a few flaws but top app otherwise. flash not working on samsung s10plus but works on normal cam. the focus doesn't work well either . also problem with the brightness in app please fix. any suggestions civil?,4,1,2.18.16,2019-08-05 02:00:58,,
gp:AOqpTOHfxubbzPU7MNew2pJOb4gyGxke0mqxdLUjp_7dj0dNQWHJKqENOVl3T1S64sDGdfTVrcuh1j_P0b4D86A,R V,https://play-lh.googleusercontent.com/-jrhEkbxfDmg/AAAAAAAAAAI/AAAAAAAAAAA/AMZuucmpIBj5C9cjH6W4LmfSHFCv95pRAQ/photo.jpg,"I have two phones - Android and IPhone. I have Solocator with the industry pack on both. After using the IPhone n being able to have many export options for xml and kmz files? The Android version is inept, disappointing, and a rip off! Why? I PAID the same price for the industry pack for both but the Android version has MANY FEWER file n menu options! This is almost Fraudulent and misrepresents both products especially the Android version! I work for the Federal government. Report coming!",2,2,2.18.16,2019-07-21 10:45:24,The exporting features you mentioned are close to being released as we are currently testing them. To match features for each platform at the same time isn’t easy. The price of the standard app & Industry Pack have not changed in years and I continue to support both with new features. I also update store descriptions to be clear about the features.,2019-07-22 06:57:40
gp:AOqpTOHYzJZfOnmxnuFWJmhRNzZNHekM_Wm8jX4PH_b0TxAnmCsGcdhfYPpmKG-rC5QcTbhFdJGEX7CjUJHNZGs,lala d,https://play-lh.googleusercontent.com/a-/AOh14Gh8q96w1M0SSACoZbX8ieah4OhxdTBqJir7jwzW,"Took a photo, entered description in Overlay, then saved. Went back and edited the description in overlay, then saved photo. Photo then opened in ArcGIS as attachment but doesn't keep the edit, it reverts back to the original photo description. Why? How to fix?",4,0,2.18.16,2019-07-11 16:17:08,,
gp:AOqpTOEfdEHqniHIQbqRGQiXSqpyHek0h0eovUjDjdXYiA3dTO0nQol-jLPQc0xS29eO4ZZfnEk3basP-w_bhv8,Duchaunne Mckee Sr,https://play-lh.googleusercontent.com/-C2gnRkAdLVI/AAAAAAAAAAI/AAAAAAAAAAA/AMZuucnGaa3fOeUM3k389slHuIpL7bOGIA/photo.jpg,"I like that I can label my pics with names, dates and locations. Keep upgrading!!!",5,2,2.18.16,2019-07-03 06:51:22,,
gp:AOqpTOEYKvW8gRA-S4VMvbyY9HnGlERRC-A37B8sQUsvDqwvVj-ZYm4mNj3NxW0aneQUTx8wfziFnHiKBVLKYz4,Kevin Frazier,https://play-lh.googleusercontent.com/a-/AOh14GggmlzQYnNzURNCLTzMZ1J6u_jM88RH-9nMpGn6Hw,C.Y.A. Perfect for Construction work and jealous girlfriends.,4,1,2.18.16,2019-06-29 17:11:02,,
gp:AOqpTOH92Vmjmg1cg7QVMRr0AXQrEJUT58vt5DXRJUSxmQ117c0vRshCYMlBTitCFKFHOj4yUPGITFCXZcj2XTY,Lance Elling,https://play-lh.googleusercontent.com/-tPF_Lq8seIw/AAAAAAAAAAI/AAAAAAAAAAA/AMZuuclWlQ129yoWRhZ4q5I0cYokLGRXDw/photo.jpg,"This app is great, accurate gps location, good camera quality",5,1,2.18.16,2019-06-20 16:27:16,,
gp:AOqpTOH9cu48V23yDHa0XAMGuXT7S5uq2vhsvcVjruD0gov9G9Bi5U9wAphWi51fEmtc9UVZkl7c75ZyV9cfMKY,Joe Robinson,https://play-lh.googleusercontent.com/-pUJV2kj3y4I/AAAAAAAAAAI/AAAAAAAAAAA/AMZuuclZ4Xyo1nAxNWOAqFyQ_oKHIZ_TAw/photo.jpg,"Very disappointed with this app. I wanted to use this to create an inventory of fixture and fittings. When the picture was taken, then the issues started. I was unable to auto rotate or save to Google drive. Every few seconds it was performing a GPS update which rapidly drains your battery. I had to resort to disabling the app because of this. Could not purchase the industry pack as null pointer exception error. Net result a number of photos which I cannot do anything with! Not a well tested app",1,15,2.18.16,2019-06-20 04:20:40,,
gp:AOqpTOGiEMwyZ4A7wIwAkZBal3GMMHfUpUq7z40g7F-G8gKvr-4cKblql8ykXHJdgJDVIZwm1DDIRhiuEOuSE8Y,Geovanny Cisneros,https://play-lh.googleusercontent.com/a-/AOh14GjdCRmcsSBZ-An6ylz7fgSMKgN-5-SeMYlox5ADzA,App saves pictures to a hard to find folder. Its a bit of a pain to export pictures out to a computer. Couldn't find a setting to change where the app saves the pictures to. Otherwise it works great.,3,0,2.18.16,2019-06-19 13:42:41,,
gp:AOqpTOHU342k7ZmY3Yiri8D4R8dE_a7tCdunzT1OBewKfjGtZSRVVJETYYACOYvu4mhAq-dVFGddAJT7pfEUk0M,Steve Tanen,https://play-lh.googleusercontent.com/-60jqizQ7MOA/AAAAAAAAAAI/AAAAAAAAAAA/AMZuucl30r_-LK9H2YUsQr_RVBA_GQ6Bew/photo.jpg,Keeps changing modes which is very inconvienent. Seems like its a ploy to get you to upgrade. Which I did once. Have no need for other upgrade.,1,0,2.18.16,2019-06-05 17:51:57,"Hi Steve, Could you please describe what you mean by changing modes so we can sort the issue out for you? Please emaill details to support@solocator.com. Also I can assure you there is no ploy to charge you again for something you've already purchased. Both the standard app and the Industry Pack (In-app item) are one off purchases. Regards John.",2019-06-06 15:42:09
gp:AOqpTOE1NCSGCi2YdnJvefAdnCFJSiy4kdo8X-EZCNefIdpJd2jabwiTuOcMcaFQ6aINlSf-MKYJSQ6rSmog-RM,George Sutton,https://play-lh.googleusercontent.com/a-/AOh14Ggf2uElT8LCZh82bhtBnNldPGuQxy0m0iyEiQCv,Needs ability to have date stamp without time stamp,5,0,2.18.16,2019-06-02 09:19:24,,
gp:AOqpTOHR4Fi2CPkr5-ZrLudHd_6U1TKTMpWnayYyYnQiIulIL13TKIzZeqTfwsKB3vS1oxPjOmO-Owk_itljNRQ,Jerry Brantley,https://play-lh.googleusercontent.com/-QSnvGSCGpaw/AAAAAAAAAAI/AAAAAAAAAAA/AMZuucmNJM5TjPY9kWJ-JtruIhP9LTTNIQ/photo.jpg,Great.,5,0,2.18.16,2019-05-10 07:49:15,,
gp:AOqpTOHjVTXeb_Y7HMenjOnrE1mltWGLaW1r9rXuvImF0W1lWzP5_WUvn6G_90JG5YvFKQjDjvCKmdpCuJdzVDE,Eddie Fogerson,https://play-lh.googleusercontent.com/-wCbw48hDq5I/AAAAAAAAAAI/AAAAAAAAAAA/AMZuucnEi_ZLmfMnnnQ8lvcw6R2_NgPPvg/photo.jpg,I just got a new DuraForce 2 and this app still isn't working. I've tried to email you and I still can't contact anyone,1,2,2.18.16,2019-05-04 12:26:02,"Hi Eddie, I saw the crash reports you sent across over the weekend, which my developers think could help find the bug. We are aiming to have a test version later today if not tomorrow to test. I will email you. Thanks John.",2019-05-06 04:22:50
gp:AOqpTOEqk6CpUT6JP8UrBkcQSODc2hemExScmJHtd1LDwD8qHJQ-SLepmCCuWTsCV52L1sKGqQBMrtTA4eBXnAs,Edgard Santiago Granados,https://play-lh.googleusercontent.com/a-/AOh14GhawEz8G-npHO2uhHPmhOojFEoZHhilxWOvTqE-_-8,"It´s a great app with afordable price, but I have a question: Is It possible to export the map with the direction photo? Is there any posibility to export information to kml/kmz format?",5,4,2.18.16,2019-05-02 03:36:29,,
gp:AOqpTOGHN5j_g4dgjW9jzl-64PFpd9W40TkekSIEUz53wLx3rhskUIueaOlK-kyoWAva-TLCP-S6U-E-nPLixtg,John Rodgers,https://play-lh.googleusercontent.com/-V1R123M61ms/AAAAAAAAAAI/AAAAAAAAAAA/AMZuuclurtrt-1WrF1l5K6y5ynKmfDzItQ/photo.jpg,Great app. The author has added many new features.,5,0,,2019-04-30 13:50:08,,
gp:AOqpTOElZdfvwx3O-6FEkLXvLzhn_UNbW2Y-bkXKat0ZQT2UWKzkR8B7-GcId91MAzlf1ktNgWqlkz97S9mnA98,John Swangler,https://play-lh.googleusercontent.com/-4Zf4IzRi0yY/AAAAAAAAAAI/AAAAAAAAAAA/AMZuucnI5MI-RN-mxS9cvOjcG3z1Rcu4Sg/photo.jpg,just starting to using the app,3,0,2.18.16,2019-04-19 13:06:05,,
gp:AOqpTOG_NioHYPjxG7WoQoJOwJGg0FMcRWePwrSWxc2LMdmLP5Sy5yaph-ITMUZr-FTYG-FpMSs_y-IlnqSnKbA,thomas philbin,https://play-lh.googleusercontent.com/-Noyy8w1HiZY/AAAAAAAAAAI/AAAAAAAAAAA/AMZuucns7sHdLMyykN8wVIijqrmTHsu28w/photo.jpg,"Disappointed at first, the iOS version is a little ahead of the Andriod. But john is incredibly helpful and was able to recommend some additional software for exporting CSV data until he is able to add these features into the andriod version. Decent app, better support.",5,0,2.18.16,2019-04-19 07:39:13,,
gp:AOqpTOGXvuJggmVRzJ6nY9nKGLWgyenAsEVT1yocFgb5yf6exl3TT8FvXxcLq1ZHJYM7ocBez0b7vrTvbf4z9ys,Jeremy Rippe,https://play-lh.googleusercontent.com/-ingVFXmtTOo/AAAAAAAAAAI/AAAAAAAAAAA/AMZuucllhuoaG9021tVwzXQuM82j4N5mew/photo.jpg,does not work with Droid Maxx. takes one photo then crashes as well as making the phone camera unable to be used.,1,0,2.18.16,2019-04-17 06:33:06,"Hi Jeremy, could you please email me at support@solocator.com so we can arrange a test version of the app for you so we  can narrow down the issue on your device?",2019-04-19 02:33:18
gp:AOqpTOHzqtzsm74UqMphKrNQ7_pWaJAWhsrxhThvdWnp4tlLsCgWTQYPk7pQQdbdlslmTUmRs7hpHXy3Al61QlY,M Khanfar,https://play-lh.googleusercontent.com/a-/AOh14Gj4gyIuqaFxW9OUayAg-dVhF79-IyNKWT7ZfuAkSf8,love it . recommended,5,0,2.18.16,2019-04-12 08:03:54,,
gp:AOqpTOH2rUINZcrPqGtP0Q2KF84Fz1n4lKm6OIU9dBmUr4i3yYtlVAmVX_o6tD89DKt-JfDrIdhqMPe2X4NlVFc,Larry Rosser,https://play-lh.googleusercontent.com/a-/AOh14GjTp2vS_gy3xcWwWoIGn0nQg59F9hNorq6Tad9-Xw,great app .,5,0,2.18.16,2019-04-03 11:43:07,,
gp:AOqpTOHLkIaQgN2Kt1FIiJIyTotJD9q6R5neMFlqy8V-Y0DdWBB5S2HYwhIiTkVr56UDkdW9hPUGIrCkcco2hag,Bretton Bell,https://play-lh.googleusercontent.com/-LlGKICF-3Vc/AAAAAAAAAAI/AAAAAAAAHoM/AMZuucm2nrbzO95JhADaW9mmGGIuIa0lCw/photo.jpg,"Really great app! Useful in the field for capturing images that need to prove location and time. One issue (for me galaxy s8), the compass orientation is not always correct and I need to close the app and re open before the compass is correct. Excellent app otherwise and recomending to my collegues and clients.",5,17,2.18.15,2019-03-27 22:03:03,,
gp:AOqpTOHKNPaouBrhyJa1FCLnKBfjvaRQwrz9bOIHgPo8_9EGOQ5hHMGIfu71ZA3gGhspsMeQ1fYbsYF_9CemT48,invisi Ali,https://play-lh.googleusercontent.com/a-/AOh14GgDGBDQMbU4ZfYntwjrzwjFfc_oVwRXSX_1nJ4Y,scam,1,0,2.18.11,2019-03-27 05:39:26,,
gp:AOqpTOFUVC6W5jP_AJ1cQNspvLqlDsBw0IJGe0XDsg-WNlv_QWOhRWEJWoZ_Ii7xrvQxHSTvWFWBPZlLp-8l5JU,Micah Elstak,https://play-lh.googleusercontent.com/a-/AOh14GjXSVrVxh8BrqGKWHNWr1iZOwrVqBlSNhEJaOb5,great reliable app. I've used this app for almost 2 years. easy to use interface and more detailed photo tagging options. would 100% recommend,5,3,2.18.11,2019-03-22 15:12:09,,
gp:AOqpTOF2i3HYCWGfLP8AdauLXCYlMOsiFWp-sOZBQHLCPHRoVy6nANc_ITS60IrfSw1Tf679zhL6QIFUPDEo7xk,Saul Ormiston,https://play-lh.googleusercontent.com/-e9u_Rf5v514/AAAAAAAAAAI/AAAAAAAAAAA/AMZuuckPggq6_DIGxHElbeZG6tMRwyqX5Q/photo.jpg,"the recent update to include support for gpsdirection exif data completes the utility of this app, a very welcome update indeed",4,2,2.18.11,2019-03-18 13:43:09,,
gp:AOqpTOGaZF6rYNa3edoUx14ESYZm_gyB6QkhNm7gq6aOAPVUpC79M8336cO3EGkNKN_ScyRRMrNgeXSD6WwrBps,A Google user,https://play-lh.googleusercontent.com/EGemoI2NTXmTsBVtJqk8jxF9rh8ApRWfsIMQSt2uE4OcpQqbFu7f7NbTK05lx80nuSijCz7sc3a277R67g,great vision on this application...,5,0,2.18.11,2019-03-17 16:58:02,,
gp:AOqpTOF0Et0HADjAGAyQImxkDZlOUVExcHaRoRWc9r-SdDmTaZ7C7zYCO7KSpxc1t4wSFnISvHu7e6N_kNri5rA,Jessica West,https://play-lh.googleusercontent.com/a-/AOh14GjBV3nTfq_xM_5s7huOQod8NSBP_fzo588ZVFaiIw,"Great app, but compass always seems to be off? I'll be facing true north but Solocator labels the image as facing south... not sure how to fix.",4,0,2.17.11,2019-03-01 10:38:46,,
gp:AOqpTOGLbOSVhDxv896kCDJSqhZu_qE4UBUnn_ZqD7C0Pu6pmGGKRKPBKYkQsOYHqTrYSXPn-p7NHd3nBM6jwmI,Chuck Sims,https://play-lh.googleusercontent.com/a-/AOh14Gim2s7z3sHOU9NQNNglRoSzNoMmYDoIaEUl2vOX1A,awesome tool.,4,0,2.17.11,2019-02-18 14:39:39,,
gp:AOqpTOGJ4XV3sRhZT1SL_97rQCeoIrclz7J6A1DFjQbHIWnRIwcYhapBeXlHWmxJpZUwzrUXVCDWsp_MeKAiFBc,Spencer Vamplew,https://play-lh.googleusercontent.com/-lyvrtMXGk40/AAAAAAAAAAI/AAAAAAAAAAA/AMZuucmNhEdActx0JMjr1GatHmDZ5i0NJw/photo.jpg,"I'm an incident investigator so this is probably the best app I could ever get. Working in remote locations, I can now pinpoint on a map exactly where (within 8 meters or less) where an incident took place. the only problem lately is the bearing is reversed so when facing north it shows south. My other apps and map that uses the bearing function work perfect. Just wondering if there is an update",4,8,2.17.11,2019-02-17 03:38:32,,
gp:AOqpTOFyWVN5X7gaetJrKmNs35ULur-Jo6GUU1PlX2o2RclM6H_EU_MQHpW27tf7F9UlRDewIdELRCns7USeUDM,charles mikulik,https://play-lh.googleusercontent.com/-n86eDS7KxxQ/AAAAAAAAAAI/AAAAAAAAAAA/AMZuuclUb7PGJmqATyRGZlWnnOvwn0K7ow/photo.jpg,"The basic app is really useful. However, I also purchased the Industry Pack because it is supposed to allow you to export kml, and similar data, but I can't figure out how to do that. Furthermore, I can't find a guide for this product, which would be really useful. Edit: John, the developer first this app, has been very responsive in emails. I have changed my rating to 4 stars. FYI, he is working on the kml upload function for android devices and it is currently only available for iOS.",4,3,2.17.11,2019-02-08 09:21:51,,
gp:AOqpTOHcrz0s3cHTggQv8OtrzXQ34r04BoOcZPWXHDzqCXzXrxVmtTP48_O_dj22bOVWMFu4Zp6qwoL34iESp8k,A Google user,https://play-lh.googleusercontent.com/EGemoI2NTXmTsBVtJqk8jxF9rh8ApRWfsIMQSt2uE4OcpQqbFu7f7NbTK05lx80nuSijCz7sc3a277R67g,"I thought once I purchased the app I have access to all functions. but that's not the case. you have to pay again to get them. that is a BIG NO NO!! don't deceive people!! if rating were from 0 to 5, I would rate 1, but I will give ★★ because at least the app does it's job.",2,3,2.17.11,2019-02-04 16:25:26,,
gp:AOqpTOFgYfq1UbdYpTm6RIbXPhDTxxn6Zscqe2ZC07uMbtqRZacyNhFabW5lswPgbmDChxAZP_ML7flkzeNxTuI,A Google user,https://play-lh.googleusercontent.com/EGemoI2NTXmTsBVtJqk8jxF9rh8ApRWfsIMQSt2uE4OcpQqbFu7f7NbTK05lx80nuSijCz7sc3a277R67g,it just says download pending.,1,2,2.17.4,2019-01-28 20:10:27,"Hi, this issue relates to the cache not clearing for the Google Play Store app. 
The cache can be cleared under the device settings for the Google Play Store app. If you have further questions please email me at support@solocator.com . Regards John",2019-01-29 07:53:09
gp:AOqpTOEXtjGIzI6E7wmI9xSEMhhyrcoMdQhO1PQn8x6H3wHL4uhrgsPWbp-0eQBt8-ifnmqcFjE74KryCluUQho,Kevin Quatrevingt,https://play-lh.googleusercontent.com/-jGcFcWfFCE8/AAAAAAAAAAI/AAAAAAAAAAA/AMZuuclJIH3-_Wc8AwcY69NZke162SMRww/photo.jpg,Outstanding App.,5,0,2.17.1,2019-01-24 09:41:04,,
gp:AOqpTOExE1XzxAU5bATvE7iq591CgSzs3x7HtP0vAi47l1oRbktN7xP-0PhRxAvsvYD_TCqufKSWpGk3dJ2nAfw,hossein khosravi boroujeni,https://play-lh.googleusercontent.com/a-/AOh14GgWFRGT2FR_WzLOdvrLTMQIjS20WR07cLdgm5VEQw,not clear picture,1,1,2.14.37,2019-01-23 14:40:25,,
gp:AOqpTOERF-cHlM8KESA1sV9JZ39Bcp8Xv6zA9rIkOFXVU4DJiIpEULTNIWTQDqp0wavxUXz1vFRZjOn0_6do81U,Devon Hasik,https://play-lh.googleusercontent.com/a-/AOh14GiCXEfYBrs8aK7m0WjIbx7kuDZk8Bo1lN4gFMZqwA,"I like this app, except for the fact that it works the processor so hard and causes the phone to over heat. In the summer when its hot outside there is a narrow window in which to take photos.",4,0,2.14.37,2019-01-18 06:56:44,,
gp:AOqpTOFSUOlTdVOHhUkTSvd7QEDzO-2N8jSqiLly5hITIIV4VY23a4U4ah0c4O3hmgimZ0IozJg-BfbE6eeVwEY,A Google user,https://play-lh.googleusercontent.com/EGemoI2NTXmTsBVtJqk8jxF9rh8ApRWfsIMQSt2uE4OcpQqbFu7f7NbTK05lx80nuSijCz7sc3a277R67g,"Tells me it's installed on Google Play, but never downloaded and is not listed in Apps. I want refund.",1,0,2.14.37,2019-01-12 22:31:35,"Hi, I've not come across this before. Could you please email me at support@solocator.com with your transaction details so I can track down what's happened with your download? Regards John.",2019-01-17 06:01:04
gp:AOqpTOGWmZf9jol-GJowEmy4qoT8KUjG3fUgi2T1tlbbNTJkZzqjnGN--1GMREs0Ks98GBnteUNsU8snVfbFbhk,Dann Halverson,https://play-lh.googleusercontent.com/-vRdhmYtlVTU/AAAAAAAAAAI/AAAAAAAAAAA/AMZuucmTmDOiLEJ2oDTcPLgmXlP7LSVcIw/photo.jpg,Won't work on Moto X4,1,0,2.14.37,2018-12-29 14:29:24,"Hi Dann, Could you please describe what's happening or not happening on your device? Does the app launch? Regards John.",2019-01-06 03:13:23
gp:AOqpTOFc0IEHCvhnUzXyM33rDS3ejTPze0hhX1zNMmJYxyBci-aVqB8kmR6ABfd5WQEJ_vbOFVw872VslPHt1aw,Ali Farhat,https://play-lh.googleusercontent.com/a-/AOh14GhA-aIGVSLj4tHlcOkpVty0XlfOF8q59c2_9xpDPw,great app,5,0,2.14.37,2018-12-28 00:26:55,,
gp:AOqpTOGiIk69uqq8C18ZfzjGwk3zUvGMw4B_v5Sfy_xg8lOMThFIBpp259-16onkP_9Yic1u1pnD3HJGLYq-UwU,Robert Wood,https://play-lh.googleusercontent.com/-YQazQnAZmU4/AAAAAAAAAAI/AAAAAAAAAAA/AMZuucn5oXh9saNWLlwLqFG3Y9DOzdjrPA/photo.jpg,app freezes when taking photos. Emailed along for assistance. No response. Terrible customer support for a paid app,1,1,2.14.37,2018-12-19 00:06:45,,
gp:AOqpTOE86JIQvvc7Cvre8miyNsALnya228UFGtmMagbtxb8TfGmYKqIl2YE9aWY9sEjeSoNvIrapUW2Ea5PtRvA,Mike Borbonus,https://play-lh.googleusercontent.com/a-/AOh14GjIwi_LUwzE7NoGwEsFjPkhfjXMVUg5nUyZQzLn,Since the update this app has become excruciatingly slow to use. It has spend upwards of 10 seconds to process each and every photo before the next one can be taken. It takes 10-30 seconds to allow usage every time it's opened. Prior to the update I could take photos repeatedly with no lag between them. It opened up instantly ready to take photos without having to process it was opened for use. Before the update this thing worked great now I hate it and am looking for another app to use. Update 12/14/18 Not sure how but this thing has gotten even worse to use. It takes forever to even register that it's been opened. Photos taking has gotten even slower. I don't understand how you take an app that works with some minor issues and then make it have extreme issues. Wouldn't complain if I didn't have to pay for this thing regardless of prove of it doesn't work right I want my money back.,1,4,2.14.37,2018-12-14 08:56:43,,
gp:AOqpTOFIRzkMLNKvijOL6odvVj9tA2oLZy441KiDHPo5dxOMQOjyy7HUaRHlIt6ArdZ5xzmZ2WQg61pHbsjI1ho,Arcane Nguyen,https://play-lh.googleusercontent.com/-8e25df4IG4A/AAAAAAAAAAI/AAAAAAAAAAA/AMZuucnp9q8HOUx_0kcHTEQVeP-qQvukyA/photo.jpg,"Useless unable to find correct GPS coordinates, takes forever to load up. Paid extra for gps features that doesn't work. One of the worse GPS apps around. Do not waste your time or money on this",1,1,,2018-11-19 19:58:36,,
gp:AOqpTOFTtkFiKM-Qgw9sSRSbMOK1joHZ8pwc0RO6loLZNVOXsiiU5p4wHdvIKrpSoi8nIrTcwrQFs3b9gB-b3vw,Brian Freed,https://play-lh.googleusercontent.com/-NHRhhmfgo5c/AAAAAAAAAAI/AAAAAAAAAAA/AMZuucn4evtAja4oINzS_XlF4ZMpjgHi9g/photo.jpg,I have an issue with this app not allowing me to adjust the exposure. I have followed the directions for adjusting the exposure but they dont work on my phone. I have sent three emails asking for help with no replies. The customer service sucks!,2,2,2.14.37,2018-11-06 12:34:37,"Hi Brian,
I’m sorry I have been slow in responding to emails of late as my focus has been dealing with crash reports including yours and getting updates out with bug fixes. The exposure settings you mentioned have been scoped out and are at the top of the list of new features to be developed. I'll come back to you when we're ready to test. Thx John",2018-11-06 23:10:59
gp:AOqpTOG5DDxbi91gVPohqFhJ7S1bdkGiOCCOH3tvdgVHBrRS56UzNGSCZ2zG7nIhyw2LNrhmqViVwSsFtSwMcJo,A Google user,https://play-lh.googleusercontent.com/EGemoI2NTXmTsBVtJqk8jxF9rh8ApRWfsIMQSt2uE4OcpQqbFu7f7NbTK05lx80nuSijCz7sc3a277R67g,Its a SCAM. Paid for industry pack. After ONE dayO HAVE BEEN asked me to pay again. Dont pay for it.,1,1,,2018-10-26 04:13:22,,
gp:AOqpTOHdOotY7mpYKJB_UDTFsJkw_lNZLX5yF-9uChOyMjrQDrJih3EmFUX6nFGg6lln8OynA-9YUK8fsb74VLs,A Google user,https://play-lh.googleusercontent.com/EGemoI2NTXmTsBVtJqk8jxF9rh8ApRWfsIMQSt2uE4OcpQqbFu7f7NbTK05lx80nuSijCz7sc3a277R67g,"Does the advertised job of overlaying photos with location and direction data. It also embedded exif data just fine. The photos I took imported into Google Maps with no problem. It's a little buggy, though. For a while, it took two photos without the overlay for each one photo with the overlay. Also, it turned my flash on and kept it on like a flashlight. I was also not thrilled to pay for a nap, and then it be immediately offered to pay more for an in-app purchase. the price of the app is low, so it's not that big a deal. But it sure is tacky.",3,1,2.14.26,2018-10-20 12:17:30,,
gp:AOqpTOGzYAz4vUVCEWNBjCREi7msRJSl9-IcdQIFL1QvpsO8mo-smSG-e6fQ6_tC_cpNQFplhIZx_Z4Sg-5-sNA,Basuki Sugito,https://play-lh.googleusercontent.com/a-/AOh14GgjD0YhOWTbzsVfQyWWiLR4_4LwrazAldWuBGYnlQ,"In my Huawei the altitude showing 0 meter always, so is really bad, but the layout of this app is great After a few days showing altitude but showing wrong street address",2,0,2.14.5,2018-10-11 07:39:24,,
gp:AOqpTOFWkc39GG0aIpVdGOZirQIHanwoqQi3ZB1Hxj-3RwLLzAgF5IwixGdD8S3zX08nF0tFXRa1J7V8A6wz6ls,thomas cairns,https://play-lh.googleusercontent.com/-FghaVkXweI0/AAAAAAAAAAI/AAAAAAAAAAA/AMZuuckAvk-RWbIdVgbrdHVmwJjNj0r0jg/photo.jpg,It good when it works,5,1,2.14.5,2018-10-08 18:16:44,,
gp:AOqpTOGj5bfLTmfeUlrVWZYL31FUp0qVIySh2HbhVXa3I_o4DERcjuM1p9zmmV7Vj-N7uKPlULpRAJzhVOPf62Y,Said Abdullah,https://play-lh.googleusercontent.com/a-/AOh14GgD-GNiahKC0mGvsc4PJ5jGo6OFjQuE6pUKw3f3HZk,Both camera and satellite are in exact place .it works like a champ,5,1,2.14.5,2018-09-27 20:07:31,,
gp:AOqpTOEnsKg3VU-ppUVEY4tUbmnceXpIPnO4-Kh9tI0PCXjABhNwMLD9u12_XsK7u52bg2vsESuKFKZcuzeGGyw,Lucky Wan,https://play-lh.googleusercontent.com/a-/AOh14GgWAYW16mEl8jvzDe1-ug-pzI5qTcFh8SBRyPsI,Can be better. Do allow us to be able change the GPS view.,4,1,2.14.5,2018-09-17 00:58:40,,
gp:AOqpTOFlqufj3ktfjhuxbBy2olAq3DoGshVMCrjRzn5QW_CLAnwCmAbXLPhvYsmHwR-zJ8Tg3UWZC7mRngK7S4g,Jason Palonis,https://play-lh.googleusercontent.com/-SyeO8roe5g0/AAAAAAAAAAI/AAAAAAAAAAA/AMZuucmFZ247pScI6uQULZAfHU32nI3eSg/photo.jpg,Keeps crashing and I lost many important work related photos that cost time and money.,2,1,2.14.5,2018-08-22 10:53:59,,
gp:AOqpTOHrR7Jnfo8w2uV10J6zNqWOEHFdalcIiZ4ZSSkby-ewXwGcDlczq3-iXqFzlaU1HLH-EoRUa1mwL4d_Q20,Дмитрий,https://play-lh.googleusercontent.com/-yJYX6D2eCtc/AAAAAAAAAAI/AAAAAAAAAAA/AMZuucmVchvxgmTMbfMTonrWT0UqrXdt0Q/photo.jpg,"Ошибки устранены, работает отлично, пожелания :  - сделайте кнопку беззвучного режима, точнее чтоб можно было включать / выключать звук затвора - добавьте в дополнительный пакет ещё инструментов для редактирования, хотя бы ""маркер""  чтобы можно было сразу редактировать сделанное фото, а не только текст вписать.  Буду признателен если быстро сделаете эти доработки.",5,3,2.14.5,2018-08-22 05:02:52,,
gp:AOqpTOG7kj2y4Ii358QpHYfRlRbzCKFpIZaoMqOTAVZFy7uU-hitDRDCzB9R2LW1EFHNQxklVsikk1Xp4zo6D_E,Ray Mitcheltree,https://play-lh.googleusercontent.com/-AmYGkkudy3Y/AAAAAAAAAAI/AAAAAAAAAAA/AMZuucnfdNYL3eI0ssBvfP-Dr9FhtakXnA/photo.jpg,"Well worked good till a day or two ago and now when i send my pictures via 
email it wants to send out a crash report ! Sad thing is we paid for this 
app..",2,1,2.14.1,2018-08-17 10:20:49,,
gp:AOqpTOG4BPr10Idl8L0x7S4ejl873bjXSXRONTUOJWiU02htXNfPeL9vlWTiO0rKYqBxhK7p2Rsj0Mp0VahO1rE,Allen McKeithen,https://play-lh.googleusercontent.com/a-/AOh14GhHqrp1E4rt5PD8MUf7xDqkL1muLJRC6Ac2nFCa,"Why am I being asked to pay through PayPal after every pic taken. Not 
telling me how much or for what. Allen M.",3,1,2.14.1,2018-08-15 07:59:46,,
gp:AOqpTOGdis9qA096jc4xTrPErDAzo9AtmHt4bLrz2faN4dMr_3S1TyzzTk_fGxYcXaeXU08Hnf-N78YNYxCu1kg,David Werner,https://play-lh.googleusercontent.com/a-/AOh14GjZvVzYGozkPrSqbu9n070IU7T1yeHJjZjkr6i6wg,Use this for my work in the pipeline industry and it works well so far.,5,0,2.14.1,2018-08-09 16:28:40,,
gp:AOqpTOFirB3Mu0kNIMvfgt7FAUJCfHOE3VQrTec1N2BVDN5FjXnaodp25M1bwpmYe3cWY2HC7C6543AUUxjzwrg,Brian McCutcheon,https://play-lh.googleusercontent.com/a-/AOh14GgQm7w0ZFqwSyo60-kH5s943bBf-0G2NcitxJTupg,Freezes every time on Huawei P20 Pro,2,0,2.13.3,2018-08-01 20:11:31,"Hi Brian, Just wanted to let you know that yesterday we uploaded a new test version to the Play Store to fix issues on Huawei devices. So far it's worked on the devices we've tested. I was wondering if would like to test the new version on your Huawei P20 Pro? If so please email me at support@solocator.com to arrange. Thanks John.",2018-08-15 05:26:50
gp:AOqpTOH-87LIPV1gOtxi8cy6irBQJaEVPelzxfZ1xpKr7wKmimMc2WIgaw6gFWqubQiHnPAX56Mf4ni279xDMEQ,Jim Andrews,https://play-lh.googleusercontent.com/-67BN6SnIOd0/AAAAAAAAAAI/AAAAAAAAAAA/AMZuucndQN99qeC0NvARwky4sjdeq5hAcw/photo.jpg,"Good app, but currently it has a major (ridiculous) flaw.  The pictures you take will have a lovely stamp on them showing the date, time, location, bearing of the photo.  So far, so good.  Now if you try to use your photos in a map (such as Google Maps) you will discover the ridiculous flaw.  There is no location data for the photo.  So the mapping software doesn't know where it was taken.  No problem, I thought, after using this app on a survey for which I had recorded a GPS track. I can use GPicSync to get the location data from my track, based on the time stamp on the photos taken with Solocator.  No.  There is also no time stamp in the EXIF data for the photos taken with Solocator.  During this site visit I had taken photos with my normal camera app as well.  These worked perfectly - EXIF data for both time and location are there.  My only solution was (ridiculously) to open the images on my PC, read the GPS data from the image, and then manually edit the EXIF data so that is showed the location.  A long and tedious job.  Please please please update the app so it writes EXIF data.  Then it gets 5 stars!",3,0,2.13.3,2018-07-20 05:42:00,"Hi Jim, Thank you for the detailed feedback. You are correct it would be ridiculous if the location data, time stamp etc. wasn't captured in the EXIF data. We worked hard to make sure as much metadata was captured across devices we tested. Could you please let me know what device and OS you’re using so we can remedy this? Thanks John.",2018-07-20 07:55:11
gp:AOqpTOGDO0NwqVreMOR__Q7H93jNW3bkSmlagoS7xP6AjpGCSwR5_GFKoLqgh9tm65dTmrSH-fKfsQRqll3e3Fo,Kristen Burgess,https://play-lh.googleusercontent.com/a-/AOh14Ggtfhqziq74RAH0mP7L1J9MEZcisjeY-YWJwNGu,"This app crashes more ofthen than a multiple DUI offender. The most I can 
say is that I can eventually get photos for my work reports with the info I 
need. Personally, it's not worth the $3.99 I paid but since I spent the 
money I guess I'll keep using it until I break by phone out of frustration 
from the app crashing.",3,0,2.13.3,2018-07-13 08:15:56,"Hi Kristen, sorry to read that the app is crashing for you. Could you please provide some detail of when and how the app is crashing for you? Is it while performing a specific action? Thanks John.",2018-07-20 08:09:50
gp:AOqpTOFnDXe2mTt1c-nqvc_eceTRbc0bMANlSQsKTiRDaFfBhg4X_fwy8I-pHd8ilSUBEyKM7x0qdZmVa2jMbwA,Bernico Noad,https://play-lh.googleusercontent.com/-Qu_-rLSsYbM/AAAAAAAAAAI/AAAAAAAAAAA/AMZuuclzhAFTm9VBBOOQsU-eJuZjw0uM-w/photo.jpg,"Baught it and the full screen view for the mate 10 pro makes the app stuck 
on the screen it give when you click on the icon when i dissable the full 
screen it goes in and gives me a notice of the new version then doesn't do 
anything after i click ok so i can't do anything... Useless i want a refund",1,2,2.13.3,2018-05-25 04:10:39,,
gp:AOqpTOHGh5zeEDwsm6SAX9WJV3FoQIHncL149OARiTtGIxYM33xqr-XZyo2Cdzf6OW9lVutjWycq2QYSqnGBdVE,nik sham,https://play-lh.googleusercontent.com/a-/AOh14GgCF0srYKS7MkItHWcqGtppY1tqZ46nQvnuyTlW4w,Can I get old version?,1,0,2.13.3,2018-05-21 12:11:39,"Hi Nik, we've had some issues with some of the Huawei phones. Can you let me know which version last worked for you or when you first downloaded the app? Maybe we can narrow the issue down. Email me at support@solocator.com",2018-05-22 04:31:26
gp:AOqpTOF2NUFHFiu8bmG_gQV8483TcxsRX8pJXWQrm0Y3Dpa8G3m_QDxRuDH_TIjSwYDKpEFZ09R7-jCgKD_mzf0,Peter Bidwell,https://play-lh.googleusercontent.com/a-/AOh14Gj_AcfOkCJxrgQwvpg0yinfbemyH4SLTHmK3Gg,"Transfered the app from galaxy 5 where it worked perfectly to galaxy 8. The 
screen kept showing it was facing north wherever you pointed it. Contacted 
Civicorp who advised to install the new version. Did this (and paid for 
it). It is still pointing north all the time. Please fix this app !!!!",1,1,2.11,2018-04-19 18:06:45,,
gp:AOqpTOEASCx2oNMaL57pT4c6hYv-A-R8MI6KXoUjaiysvTMzCeioqh0-Ju00Ul20cuavvSHq0EDDv7NxvwDf9dU,John Taylor,https://play-lh.googleusercontent.com/-9XJqwrZrXhU/AAAAAAAAAAI/AAAAAAAAAAA/AMZuucmh6Zgl15k3IAg8weiAqJ9e3tOwJw/photo.jpg,"Using Oppo R9s when you save a photo it saves the thumbnail so when you 
select photo it is very blurry and unable to read",1,0,2.11,2018-04-19 16:54:42,,
gp:AOqpTOF2yAp8CdC6kFhSeyIHFZCpYKzMaTEgaSVGFmOQsTTqj_CGW_by6FZxXXR2qQtZNb34UZ7sOCJmB52nMrk,Sam Mehtarlam,https://play-lh.googleusercontent.com/a-/AOh14GhwF807koyq4Z6o0bO7paw6a1ObxfcNjMU7qpexFaw,Low quality even I chose high quality mode,1,0,2.11,2018-04-19 06:35:52,,
gp:AOqpTOHVwSrgahFe83Hapq6O8OrLB5-_U_kwP-IQeTNJVs2gh9ABJquw7askJ2TmPRTkkLd232H7iwONU4lgN9o,Rheanna Neidinger,https://play-lh.googleusercontent.com/a-/AOh14GjESU6AF9E6eI5s8sMsNbdNJA05poW49RdIpKhycw,"EDIT 04/18: YES YES YES! The long-awaited improvements to the Android 
version are here! Excellent app is once again excellent! Thank you, 
Solocator devs! The iPhone version was way, way better: Label and 
description overlay, Elevation overlay, Accuracy Overlay, Date and Time 
overlay was proportionately-sized. I continue to recommend this app to 
every field biologist I train, but I am growing increasingly frustrated 
with the android version. I am having to use additional resources to 
compensate for the lack of features, which has increased the time required 
to complete reports (since switching from iPhone). Where are the android 
updates?",5,22,2.11,2018-04-18 11:19:45,,
gp:AOqpTOEEMnjcuAM2ZAw-CJthqM577r7ltAp1EzeKB5c0S29NdHTzqyobw6TU1dAzQr_P4iZqEIoT6KJVWCcB3NY,GOH KAI NIU,https://play-lh.googleusercontent.com/-aSNXS1HGpFA/AAAAAAAAAAI/AAAAAAAAAbU/AMZuucmWzDnmE4jBP5r8GZY1L-vyAQ34qg/photo.jpg,Does not support Huawei Mate10...,2,0,2.11,2018-04-09 03:22:29,,
gp:AOqpTOE1IxygBPoPpf0LAkiM5ArsnvllbnwJTOinrIVMKY-st-QKXExqOzjNQqFNAaXuzcFq3RUPfmgF2kW_nKs,Lauren Carter,https://play-lh.googleusercontent.com/-MdbB_8NbMR0/AAAAAAAAAAI/AAAAAAAAAAA/AMZuucl54NPqL0L_njy3TlTNPzHq5tG_lg/photo.jpg,"It's awful.... Constantly crashes... Don't buy this, do some research and find a similar app that's actually useful",1,0,,2018-04-07 14:32:47,,
gp:AOqpTOHsvncSREJo8J235zq456YV2pCT1_g-POWH8V_CheKk5jhaA9F2a4tsbvV_zbloeFKXuPWVCydhC1fjJj4,Robert Hess,https://play-lh.googleusercontent.com/-UGDQBDVDrMU/AAAAAAAAAAI/AAAAAAAAAAA/AMZuucl0cFFYQ0bkJtxmg_60UA7Lh9oGmw/photo.jpg,Worst photo app ever. Only saving grace is my company paid for the app. Otherwise I'd be pissed,1,2,2.11,2018-04-04 15:33:55,,
gp:AOqpTOGWRYQcdQgQ9YBzUvB_mMERcNtGiQE7G_Mcz7S-zk81xq2r2q0qRBr4JSj3hsEUGFPxGAHJxaKouOLAEOc,H T,https://play-lh.googleusercontent.com/-qsxXXaGZ3Jk/AAAAAAAAAAI/AAAAAAAAAIo/AMZuucmpGQiDRPuXfS5dYV9TWZBO2qpQcg/photo.jpg,All bugs have been fixed and it really is worth paying for,5,1,2.11,2018-03-30 10:36:13,,
gp:AOqpTOHcyt1V5miijK5u36pWTht-_vB_EV4YJNqFpUzGsO0qN_iMtV8cleyM6CuN8cnTwyQbMvH50udDHJYg91w,ohara1ej,https://play-lh.googleusercontent.com/-FeW2JiZqLhk/AAAAAAAAAAI/AAAAAAAAAAA/AMZuucn-ZyIk6bs7kwpThfqquzVWOSnDHQ/photo.jpg,Keeps crashing phone,1,0,2.11,2018-03-28 06:48:00,,
gp:AOqpTOHUYWwl-l85kGRZH3iVp-zKGDfvIo_2Q65SX5XwvSAS2tr0hXdSaGD4U5iE4hCs4UpKf-ZoAoL5PbEfHQA,ron mar,https://play-lh.googleusercontent.com/-6dEnByMK0eQ/AAAAAAAAAAI/AAAAAAAAAAA/AMZuucnhgXmi-9Q-5LcBquct6EwqMMnBFg/photo.jpg,buggy and can not find in Apple store ??????,2,1,2.11,2018-02-09 13:09:11,,
gp:AOqpTOHtS_t7wb_T9XOviRLpHnvZ8S3hFn60YrBwH3YqvoDt3eO0ctIhzF7eBj4t_dLPnDhe8ehEzB3OXSlA5Ns,karrar hussain,https://play-lh.googleusercontent.com/-Veb21BADRqg/AAAAAAAAAAI/AAAAAAAACUQ/AMZuuckqYq90ICwTtoqIuPKk1XMZw5K4TA/photo.jpg,Terrible not working at all in android 8.0,1,1,2.0,2018-02-06 02:17:43,,
gp:AOqpTOG2Jpk_lDBpwc4eSb5wqgXAQ3lVWCDZy-ZKRYQfjwUcfLS4stsSPG__AsOPXKpiAWXn8Ew5r_X4n2SAHio,Ale Y,https://play-lh.googleusercontent.com/-BRjUE7FoCic/AAAAAAAAAAI/AAAAAAAAAAA/AMZuucm9ZRHHDrubukAm0KOcrWgo4skRJQ/photo.jpg,"Please update the app, so many bugs and it keeps crashing on Android 7",3,2,2.11,2018-02-05 22:25:09,,
gp:AOqpTOEE3pbO3iQHPx6bC6VvCnbrymbV7slIyOFgzmim6CLeJUhPE1QHzYp2MN_7Mxe7Ue0pg8CQMIKwal2lAi8,Wayne Kuykendall,https://play-lh.googleusercontent.com/a-/AOh14Gh15cneodBfK4thi5LJDUEd92b7r0TR5ltYIbiA2g,We are rockhounds that do field trips to remote locations with our club. This is a great app for sharing locations.,5,1,2.11,2018-02-04 19:17:52,,
gp:AOqpTOF58HGn0j4gx7QVuEtYPCVhXmLvLGxtcYRufdtcuI81qDgFVzqaqabcfBK-lwug9YV5jSG7HwlGzK8d0z8,Aj Johnson,https://play-lh.googleusercontent.com/a-/AOh14GhwNCySdsdqHtULdBxeSNnO40R1ZsCMx_exbrnQiw,Horrible app if I wasn't required to have it for work I wouldn't use it constantly crashes looses edits have to take multiple pictures just to get a clear picture just constantly problems  and lots of headaches,1,3,2.11,2018-01-22 13:20:14,,
gp:AOqpTOFbjkamz-xvHT1B7Yx9QEe90C9XaVXN6Xx6u681TbK2BCSD9tJUYDbAvNfGbgfvcl1gWzRmTFNbd29CyfY,Techno gamerz,https://play-lh.googleusercontent.com/a-/AOh14GiiDAaE7RDyZhzi6HzefiMGflkj487zb_262jtjyg,Bad app,1,0,2.11,2018-01-21 20:17:35,,
gp:AOqpTOFgE0Q52ShEM1zhf-cjc-F7A1wEs_gDf_DRo8ODbSot1wLmu1lb9rCdDBvf03-6iSp8u7f5LTQOjtwmWU4,Moises Sanchez,https://play-lh.googleusercontent.com/--zWTi-78ZnE/AAAAAAAAAAI/AAAAAAAAAAA/AMZuuck5oBBS-WJMy3aXLoqaiecOijRwOw/photo.jpg,Does not give street location on Android phones! It should not charge for it!,1,0,2.11,2018-01-20 13:19:30,,
gp:AOqpTOHpgpoUFhDxR9Nj7D6-ZN4XlL8_iblEJS9N6F1sG1OLCdPjlAePeWo4C7QD3aCKDpxJ88rTS_vs9XVEYEE,A Google user,https://play-lh.googleusercontent.com/EGemoI2NTXmTsBVtJqk8jxF9rh8ApRWfsIMQSt2uE4OcpQqbFu7f7NbTK05lx80nuSijCz7sc3a277R67g,Never even  open  paid fee no refund worst app ever!,1,1,2.11,2017-12-28 11:25:20,,
gp:AOqpTOEJ9yQECYlGnf3QAO_sgTF8X-THGupphdEQpYp1jyC1LgGqOKqy6tpWAdZ2zJHuRFC4a5sQtaNJKrN6oh0,Paul Gummerson,https://play-lh.googleusercontent.com/a-/AOh14GguB9hE5Kg_fOJnK2OyMlAf6fCNu_7nO7pGXXlM8Fk,"Nice app, but the quality is nowhere near the native camera especially with different lighting in two parts of the same image. Galaxy S7.",4,0,2.11,2017-12-22 01:14:26,,
gp:AOqpTOH51ivYpigJ0s_Xj6AUV1XDcF9X7S37QIGGkszKazKq1Z0cYjFm9xcUzx3hFft3OOt49kJO65m4FlZVMOg,Deva Brahmantyo,https://play-lh.googleusercontent.com/-6ZTw8YM3u0A/AAAAAAAAAAI/AAAAAAAAAAA/AMZuuck3d2xPmMoDNfI4ogmj5V81V8Vc0g/photo.jpg,"Not working in my Sony z5, need to fix this problem,  need for work,  I bought it,it won't open,  such wasted,  could you please this problem asap for Android since updated it won't work anymore for Android user",2,0,,2017-12-21 11:56:33,"Hi Deva, We have another update that we are currently testing with a number of fixes that should hopefully fix your issue. If you would like to test this please email me (support@solocator.com) with your gmail account and I'll add you as a tester.",2017-12-23 10:31:42
gp:AOqpTOG0WCUdxPKYPkfD8kGwCsNMg4rsvjF0xz5f3E-e3L4oBWYYJ1GnPYvrEtXm6lN8fW5-_OtOFScfXQqoDw0,bogdan c,https://play-lh.googleusercontent.com/-r573HsTWiRY/AAAAAAAAAAI/AAAAAAAAAAA/AMZuucmT1DrEdsVSO30C8R9EQdIj5f6TlQ/photo.jpg,Don't buy this app! Waste of time and money! I want my money back!,1,1,1.1,2017-12-15 01:50:06,"Hi Tzunoi, We have another update that we are currently testing with a number of fixes that should hopefully fix your issue. If you would like to test this please email me (support@solocator.com) with your gmail account and I'll add you as a tester. Also it looks like you're using v1.1 is this correct. Current version is 2.11.",2017-12-23 10:36:13
gp:AOqpTOF7e9E3azafIX-bzsMUW9mPFSWZ0jWOrC_ROvG7w4KDgNLnJ_U-z5u2pSKG_Dc1NvhD8jlQJx7oktohbVw,Mohd Azri Azryn,https://play-lh.googleusercontent.com/-lfp0MCBj92c/AAAAAAAAAAI/AAAAAAAAAAA/AMZuuck-qFnSsy6l6aOZSUT1LnX2FzdUmA/photo.jpg,"The photo is blur for hp vivo,  please fix the problem",2,1,2.11,2017-12-11 20:40:24,,
gp:AOqpTOGOkpHJwXmTAFfHa0tEjQfUUEeICAJpXZeAyUrLh2PjmfSPqxVDAdzN2ZSZ2ZYWWMqLegoslP4UDp_LBD0,A Google user,https://play-lh.googleusercontent.com/EGemoI2NTXmTsBVtJqk8jxF9rh8ApRWfsIMQSt2uE4OcpQqbFu7f7NbTK05lx80nuSijCz7sc3a277R67g,"Photo are blury. Especially when you zoom in to an aspect of the picture.  Change settings for a picture shoot and it does fine. But upon closiing app, then opening....settings are reset.",2,4,2.11,2017-12-08 19:15:53,,
gp:AOqpTOHVDKuK8ch27sjF49qQsZ7VRmTa6sX52cpjtYqn0QXNeu4nvvVAC07BGUC7qMo5aUQM7hPo201yhXm4e9Y,Carmyn Swindell,https://play-lh.googleusercontent.com/-kGoXlwJT0HE/AAAAAAAAAAI/AAAAAAAAAAA/AMZuucnZwGtUFIIH655ITVrk2qo9Feh41w/photo.jpg,I updated the application and it deleted every photo ever taken.,1,0,2.11,2017-12-08 11:28:20,,
gp:AOqpTOFfEWKWxnntEi-6AzmcUIkMAJqn2KwBHm-QC3L99pRlsrxbY9dLs6m9kWE6d_UYIMer9rwTKAtsJEhiMFY,John Werner,https://play-lh.googleusercontent.com/-nZuCovnj6J0/AAAAAAAAAAI/AAAAAAAAAAA/AMZuuckPa50e0wy5LfMJ4qVtLtWEU2RrAg/photo.jpg,It's great. I use it everyday,5,0,2.1,2017-11-26 07:04:12,,
gp:AOqpTOF3cWWygWYijd4AihMsgOAOa3g1tUw4YSPNDc86al7m-bYUkp5TCs3HX2jH_yZfJ-m7a14NNETsTj7iBxw,A Google user,https://play-lh.googleusercontent.com/EGemoI2NTXmTsBVtJqk8jxF9rh8ApRWfsIMQSt2uE4OcpQqbFu7f7NbTK05lx80nuSijCz7sc3a277R67g,Won't work since update.,1,0,2.1,2017-11-22 16:02:57,,
gp:AOqpTOGvMhS6CdQ6F2gfArhPQHU8l7vVCzPv95GO5IzGhffE3q9DtTvHSthbXEYMJeJsLKGvjXVv8bBxrjcea5E,Robert Sloma,https://play-lh.googleusercontent.com/a-/AOh14GjvLh4XpfZ_DLhyttKKBOkd1xVHTTgGTpkiQ4wT,Buggy on my Galaxy S4,3,0,2.1,2017-11-20 12:40:26,,
gp:AOqpTOH4_VnWHMQt7GlupEjgAIcW-h_ApIGD8bCSsXsfVOvUZPpqfPljjT27tyvpv9ysKzMDh-IHJbq_yemoCUs,Cody Yerger,https://play-lh.googleusercontent.com/a-/AOh14GjHMrnz8Crqx25YTGqugLrZsCHNhQ9PNjX8OV2PDg,Best app ever. I use it consistantly for work. Now that the update works its amazing.,5,0,2.1,2017-11-17 10:05:31,,
gp:AOqpTOFqI1dUtJEpej_4-iAuRmbcmoLaHrpohAOqVjqIOzKKfXIXJquiQCHEvrcpro9FMzeRU7Hccwg9LLxc94E,A Google user,https://play-lh.googleusercontent.com/EGemoI2NTXmTsBVtJqk8jxF9rh8ApRWfsIMQSt2uE4OcpQqbFu7f7NbTK05lx80nuSijCz7sc3a277R67g,App will not open on Samsung Alpha . Waste of  money,1,0,2.1,2017-11-09 09:33:27,,
gp:AOqpTOEkaFykl6yq4WcmpN__5ZpiDxB9c9hmfUW9dB2CHS6yZmJRr8fAcEEodYwZrnnkxY7meZ1BEWxapKjLiCI,A Google user,https://play-lh.googleusercontent.com/EGemoI2NTXmTsBVtJqk8jxF9rh8ApRWfsIMQSt2uE4OcpQqbFu7f7NbTK05lx80nuSijCz7sc3a277R67g,Worked on 26 Oct 17.  On 01 Nov 17 it blurs the photos and leaves garbage characters for Lat and Lon.   App is useless after the update this weekend.,2,2,2.1,2017-11-01 11:14:49,"Hi, Could you please email a photo to info@solocator.com so we can see what this looks like? Are photos the same in both the device gallery and within the app library? If possible could you please send us a screen shot of the camera view or the app settings screen? Thank you John.",2017-11-02 03:44:21
gp:AOqpTOGkRTl-pQzPatVLAoUNDa5xU8uxB7shsiblOms9AHkWLxBE0-5IYv5JR6xphvPdy0CrGxhA5t0YQ-Q9nNk,julie ross,https://play-lh.googleusercontent.com/-broxiUDssa8/AAAAAAAAAAI/AAAAAAAAAAA/AMZuucl0qI3SDezT1oEMqif1z_8rAvb2Sg/photo.jpg,"Useful tool but can be slow and buggy. Accidently clicked 'lock gps location' on and it auto kicks me out. Trying a reinstall. If possible, could be improved with ability to save photo file names as photo comments to assist with search and archive functionality.",4,0,,2017-10-29 18:22:47,,
gp:AOqpTOH4xR_VR3JTdxsl15oVlihL58-FEykbRWRD9DGdxg38n3qwI_Aju1HeFydwuvQvIAwGphhz9VCJqFSfowk,Chris Harrop,https://play-lh.googleusercontent.com/-_bqzScXE-Gw/AAAAAAAAAAI/AAAAAAAAAAA/AMZuucmoW4Tc9oqffQzfhZWPDy4dr_hZtA/photo.jpg,Wont open sincecLast up date . Fix it or remove it from the android store,1,1,2.0,2017-10-22 05:48:04,,
gp:AOqpTOFZQfu9wO34Avh8QdHf85Qrq-RtaPQfr4-zlgBhC2mbM9EgYvqEPP7ls4NIWW_pyUtW77s3y8RSO91BR5A,William Green,https://play-lh.googleusercontent.com/-gm7bue2pol4/AAAAAAAAAAI/AAAAAAAAAAA/AMZuucnzNwUt-tuzrQKQsthg4itxFRv8Sw/photo.jpg,"I just purchased this app for work, and the first time tried to use it, it failed to open.  This was recommended to me, but doesn't work on my Galaxy S8+.",1,1,2.0,2017-10-21 08:43:54,,
gp:AOqpTOHv8faW-yDLJSYYvJYVLl14WxRKLxSGdfvtlhfV6fojtgSSVvklnzHV1Dn099PZ2UFtbifeQHF5Hx-DGXY,tim riddlespurger,https://play-lh.googleusercontent.com/-NB7Ti7dL6Wo/AAAAAAAAAAI/AAAAAAAAAAA/AMZuuclu_6AdbNuXSFI3GU-wW2sW8k7wsg/photo.jpg,Used it for a year loved it paid money to use it it was great then it did a update and will not open and work now money wasted feel like I have been robbed,1,2,2.0,2017-10-19 18:57:33,,
gp:AOqpTOGvp6zcmFaMMhhex25nTlUT1NIp9dnLd_waEq_UGjOwmjkJh8kJgwYtW5N8gOl2eLC5h7-gIAe15uyoJPs,Jacob Wirz,https://play-lh.googleusercontent.com/-HBowpCRkSpY/AAAAAAAAAAI/AAAAAAAAAAA/AMZuucn_TDnynM04RholychuQxRfJ_pEMw/photo.jpg,Why did it stop working for Android,1,0,2.0,2017-10-18 09:06:48,,
gp:AOqpTOG2XbhxaRkX5hRJqQUh3hs7AXv31Y5_eCnWyxIQBwRJxmjmGpSFhoSn7ghQgFWFPnyi5Bfkl57kYBBld-s,alasdair graham,https://play-lh.googleusercontent.com/a-/AOh14GhPcxAXg-3xB108zmRLRHZU1EGe7U76xKWJb2_3pA,Does not work on my Andoid- need it for work so having to buy an iPhone :+(,1,1,2.0,2017-10-13 16:27:55,,
gp:AOqpTOFOAVGhf5W5rG3zHOSQwRkwLrxRM5gkoGLNtUILPrQBV4PO5OmveGr4tIhM4PLZ_pVfuosPUbcYS4aqGYE,evgeniy rossihin,https://play-lh.googleusercontent.com/-par_fTN6LB8/AAAAAAAAAAI/AAAAAAAAAAA/AMZuucmZ_bXRJ9jY7FuM5PWQ53ttKbn3Fw/photo.jpg,Списали оплату 4 раза,2,0,2.0,2017-10-11 14:10:23,,
gp:AOqpTOGO-_tQ6MsrXSV9AMCGWXN5WoHCpWnwfWzdwL9uricuSmqApm7KSnNlhX9Uo_UMuY0fdwHsF8_AB31Y_ok,Chris Bennett,https://play-lh.googleusercontent.com/a-/AOh14GhAAO4LphUq8hrOm81upQwP4Hg6S6xmGy7D9cnz,Isn't compatible with galaxy s8+ however emailed the dev team they sent me patch fixed my issue quick response very helpful great app,4,0,1.1,2017-10-09 12:44:55,,
gp:AOqpTOGfNOW2iRERkvLIglDxyZu3bXrUUc_6-ric53CPFBP-OJRvtdpMQ_C25MBUUIYBqQojxMyodeljUd-RlYA,A Google user,https://play-lh.googleusercontent.com/EGemoI2NTXmTsBVtJqk8jxF9rh8ApRWfsIMQSt2uE4OcpQqbFu7f7NbTK05lx80nuSijCz7sc3a277R67g,Buggy. Crashes almost every time I take a photo. Forced to use it for work and I have to reopen it every time I take a new photo.,1,0,1.1,2017-10-02 19:54:29,,
gp:AOqpTOE1FR4aNNq7uWa_u4ROCIauGHdyHs2pYu-joWtqTWc0GayDg_hXMa1aFN47L0Q0G_eamtDpPnkwvRL9nwQ,Aaron Neville,https://play-lh.googleusercontent.com/a-/AOh14Ggl75AVu8FgQaeNlyndw-XDIy6nR32v9tzVlDzaQw,"I have been using this app on and off for a few years, since the last update I have been unable to open the application",3,3,2.0,2017-10-02 13:11:42,,
gp:AOqpTOErjr3QgepfQFvTIwxi75-4g2zYWCtcLA-fYa5Yd5eAURAb94vIzUqLvVrvIoUzEDJt6t7bD8k-kq94_f4,Lauren Cook,https://play-lh.googleusercontent.com/a-/AOh14GjDcd_miClTq5UWkc5s2iVVjzRM5QW-jsMx0aOTuWE,This thing is garbage. It will not open. I want my dollar back!,1,1,2.0,2017-09-30 18:18:35,,
gp:AOqpTOHxw3EKL7yA7sA2-QgARnXjp71TLObsXyfGT11y-gHZAVwodeLOcDsCCZ7spKHktVnOFKY5m1x59R-8IIo,Dewayne Sobek,https://play-lh.googleusercontent.com/a-/AOh14Gio9k7IyMHUgSHd7f_7Juw5YTse2KJZFTtfSTCh,After resent update can't access,1,0,2.0,2017-09-29 12:48:40,,
gp:AOqpTOH-KpQbp_Y5mUnBNhLOGMF_FG2xQ-fEIZ_qiNd3OWTzq3Gcr_w7121I9jYkgTNM_QubUF_BTYBKwgogzZ8,cody benton,https://play-lh.googleusercontent.com/a-/AOh14Gj1d_MlChYTSLmOjC7HsuLH1IHn3E3Hk_C6cQwj,"I've used this app for the past 2 years for work. Been an excellent and helpful tool. Now, it's apparently not compatible with Android and will not even open...",2,5,2.0,2017-09-27 03:58:17,,
gp:AOqpTOF6zrUGK8dStP26whMXfNPsyCUyn7FNdqH3XkjrMQ7Wt2EuO9vfOwDV26Kiy60zHMEeLPMIDcXfeSGEEGo,G,https://play-lh.googleusercontent.com/a-/AOh14GgXFMRTjpiEzOTP-pzHm3sYGove4V0wf4qefsJa,This does not work at all for android. It won't even open. I wish they would fix it because it's useful for IOS,1,0,2.0,2017-09-26 23:34:01,,
gp:AOqpTOFKnkzt0uRuWS3Css5nBagQEj6AyAYwf5qG_h24les9rs4_dz5ntxQy8MJxSI0TEtjdl0Z_ENS8nMUP5NU,Karl Watling,https://play-lh.googleusercontent.com/-kIbaCLs-9-c/AAAAAAAAAAI/AAAAAAAAAAA/AMZuuclP5e5LKV8I7eaWt4szTJuSgY6tiw/photo.jpg,Will not work on android.,1,0,,2017-09-25 05:54:39,,
gp:AOqpTOE0vYSOOHtN8Vf3laX_k1Ycpr4kBasUuZfsuskIqsBWkDkGVuehszlrVJxQw3RdmXgiI8iVh90lu72knW0,Rob Darby,https://play-lh.googleusercontent.com/-2LJQRfvK56M/AAAAAAAAAAI/AAAAAAAAAAA/AMZuuckT15-0z-LifiwefDDw1hckkhaDRA/photo.jpg,App asked to do an update now it no longer opens.  Tried to reinstall but app still won't stay open.,1,0,,2017-09-24 12:34:52,,
gp:AOqpTOHC1Ay1VyGJoXYdK984Vqhm0aKGz9dOqrvZc3Vhk1oyUUtNxPVTZKfzlG5NNg9tcwsLQGFfxkntY5gvbFM,Seth Spurlock,https://play-lh.googleusercontent.com/a-/AOh14GhXHG49siXdOsucjKMpIy9dY4gcNkW2fU_CLDA0rg,Shows load screen then exits from app and I can't use.,1,0,2.0,2017-09-21 17:36:36,,
gp:AOqpTOEtCRg7e_ihlGjCjXyyWpxGpWNEJBxUAG2DqFoQGZZbq7Qy0pg2oc_HQYqVrI37SaHfbsY5904P9Nc1zdg,Michael Shawhan,https://play-lh.googleusercontent.com/-VHha7d-nSX8/AAAAAAAAAAI/AAAAAAAAAAA/AMZuucnNueaRB8oO9tFfEzkwFNE9uZscdg/photo.jpg,"It takes the pictures, but after I save them to my camera roll. I can't find them anywhere on the computer. It's pretty much useless. Need a fix asap.",2,3,2.0,2017-09-19 15:41:45,,
gp:AOqpTOE0xR48d9NvBI__8JlJ_REvj9xmrJmi9i2ACyYFxV0tvTzmG11-ViHYiKfxUA_o0x7TSFbX43pqi0_Od5U,Agustin Jaimes,https://play-lh.googleusercontent.com/--uV2cPaWQ48/AAAAAAAAAAI/AAAAAAAAAAA/AMZuucmCNnSli4wC7hfYixTjK6nlJqSk1w/photo.jpg,Bought the app. Tried opening it and it just shows the app screen and exits out on its own. I can't even use it.,1,7,2.0,2017-09-19 11:38:08,,
gp:AOqpTOEbYCM3R_Ho1nISJ_CRUdGFw1LS0MjIuybjxshYhO1xctkwFagUmth72dslK_9I8GdlUKLN4lybEjEk8-A,Monte Orchard,https://play-lh.googleusercontent.com/-GPwE5h2vFBY/AAAAAAAAAAI/AAAAAAAAAAA/AMZuuckeFRRJkioV0QqfxuTg-QbqKHb6eg/photo.jpg,"This app killed my phone, uninstalling it did not fix the phone",2,0,,2017-09-10 17:32:12,,
gp:AOqpTOEGOqFlCRNC79gJfDspTA0fuTUZ2CwAukpe-tDi5U2hR1fAUFfiS51UYewIQz32OFBVGpDc2f2eZUZqRZk,KINGSLAND FARMING TZANEEN,https://play-lh.googleusercontent.com/a-/AOh14GiJQQyl8TWi0B0T51Nf22R0kvrVT6ARzITMsweMjg,Not  acurate at all!,1,1,1.1,2017-08-29 04:00:47,,
gp:AOqpTOF0WKz_J3WCMHhSIyCZwMukNgPtMudF1BL2eEH2AtJYFxwcr2h3baUts5HPeKweHe3sT1IuoIi_UiToHuE,A Google user,https://play-lh.googleusercontent.com/EGemoI2NTXmTsBVtJqk8jxF9rh8ApRWfsIMQSt2uE4OcpQqbFu7f7NbTK05lx80nuSijCz7sc3a277R67g,This app is basically useless compared to the iPhone version. I hope they update this version.,2,0,,2017-07-20 19:55:20,,
gp:AOqpTOFFMa-kSEZEYi5f5XJwYl0IxNCVIj2d_Z2ZioX0XtpkQNdYZ3or3DLdJeUUocqC41wNogvljdoz1L0bUXc,Joe Bouknight,https://play-lh.googleusercontent.com/-OjzK7Ww7HLQ/AAAAAAAAAAI/AAAAAAAAAAA/AMZuuclYb7XlVy3079aOp0VVnewSf1R0QA/photo.jpg,Images are upside-down. Even in the viewer prior to taking photo. Everything is upside-down. Not usable.,1,0,1.1,2017-06-27 16:32:59,,
gp:AOqpTOFh87D6Us6XRlzAC0dlRgKvmNJBbvrpBjIqKaRnhEn6f5A4d487JkRaGUPgnXPnjyhyP5Rzf58d1ps7BJI,James Moore,https://play-lh.googleusercontent.com/-aha3TR196Es/AAAAAAAAAAI/AAAAAAAAAAA/AMZuuclgwgFVFzbnxYq5eod6g4nhfTx5AQ/photo.jpg,"Android version is not as good as the system for iPhone...but my camera is better, so I am forced to use it.",3,0,1.1,2017-05-30 07:56:17,,
gp:AOqpTOHUSSyCDDa0XmkgawG_Q2uwo-LjX2stAUMjYokMERngMrle1oxKIJyMKmqGNxFq-LcSRsJ1Nrr-Td-RzgY,Steve Eames,https://play-lh.googleusercontent.com/a-/AOh14GjQbyknyt91ErdA6Wgn-Y-GiMDvkj-Qjj435cVINw,Horrible app. Didn't even save photos to library. Can't use it as default camera if launched from other apps. I want my money back.,1,0,,2017-05-25 02:01:12,,
gp:AOqpTOHNz3Zl38CsAiRuuWwtGMiUl6hmLuqlir2Ftp1goLA7a5E2Nmz0uQ1wswDpxGTjo4nkz60NqMoXANAnrrw,Carl Eliason,https://play-lh.googleusercontent.com/a-/AOh14Ghta26wrmExJyMHeolfX7Y8pSqbLk-AhR5WX1QF,I phone App is much better. Android version is too limited.,3,0,1.1,2017-03-22 10:39:29,,
gp:AOqpTOHcgF6h_7zUoCGUF6QYdtWOA2qkBL2GOw5Ss7P3XP6JPBzFoijLwi3w16HbT64muhd2LkX1prTCK7dJ-YI,Scott James,https://play-lh.googleusercontent.com/-N4gnpR0viv8/AAAAAAAAAAI/AAAAAAAAAAA/AMZuuclCJNTO7dz3DeoI2hclRkRc2ZOlGQ/photo.jpg,"The iPhone version is way better, I've used that version on a coworkers phone quite often. I was very disappointed after I put it on my android device. All of my work photos need to be retaken with an iPhone now for consistency",2,0,1.1,2017-03-02 13:57:28,,
gp:AOqpTOHisl9RiL-31kBGsDVGrBifV2uiqg5evcomOV4hJNfp_DP0vL2gyrreWaeoZ2lwERlfRqtc_l_FHnlWzwc,Daniel Boring,https://play-lh.googleusercontent.com/-5K8B5VdFsp4/AAAAAAAAAAI/AAAAAAAAmdU/AMZuucl858OLoGL0mG7MNa1lE_8MvvaIvg/photo.jpg,When you try to take a landscape photo all of the lat / long references are removed. This makes it totally worthless for my use as a commercial real estate appraiser.,1,0,,2017-02-03 09:38:29,,
gp:AOqpTOEfSpaDtVO9TUUf34lAbdVjrpmxRkcyLmu9WYc7LLnvAvFTryHg6MNKDduQ5QIUCm9zkNXSCG1NZXLcmuc,Samuel Burns,https://play-lh.googleusercontent.com/a-/AOh14Gg0msdT0SG8z1G5MZMV3l8b0Q2bFCfqCuO0spsE,"The android version of this app is a waste of money. There are basically no settings. You can only use lat/long, no UTM, no decimal degrees, etc.",1,0,1.1,2017-02-02 08:26:24,,
gp:AOqpTOG2OyayC7zm6qbqqLDjiA_xg5njrz7dsYLtR0KGXwh8dpvSq3ZzDTZ6Rr5R-Zc_vO4eKLghPy524_RrT5E,Bet Ter,https://play-lh.googleusercontent.com/-YqfodsykTyo/AAAAAAAAAAI/AAAAAAAAAAA/AMZuucmoQlItnD6iOT0X2Fa-42P9qKjBbw/photo.jpg,"The app desparately needs the capability to save gps coords and bearing as exif data with each jpg file (like the basic android camera can do when gps location is enabled). It also needs to make the coordinate/bearing stamp editable and removable. Would rate it 5 if it did that, but as is, 2 stars only.",2,0,1.1,2017-01-30 11:53:48,,
gp:AOqpTOGX4C8GpadEiiwKbNPijg4fxhcjWWwfOvC0UFZNz37FEyc0utKzYkxNpT_knMEVrCtGjjkoc1dSu9cfZHE,JoAnn Maddalena,https://play-lh.googleusercontent.com/a-/AOh14GhRwp6dOqHHsDJeANhnt9NMNoPdQUVDODhlEnGujR4,Not a fan- Everything I try to use it says- Solocator has stopped!,1,0,1.1,2017-01-23 09:22:47,,
gp:AOqpTOEArIhucqIj9IJeiYqoOqVu7slgFNnbe1akcJaeZaxhh3EHbBgpmNqdbn8kVS33Hix_ULZ2O8vkgNn7D7g,Aurion Woodgate,https://play-lh.googleusercontent.com/a-/AOh14GhIbRSxgupDSxKNnX0AdkQYyhl3ZojkH_jcDZ_NAQ,Looks nice and simple and it watermarks the GPS and compass in to the photo. Unfortunately it REMOVES the info from the meta data so you can't add these photos to google maps. The only thing I wanted to do and have now spent 2 hours in the sun for no reason...,1,0,,2017-01-09 19:14:00,,
gp:AOqpTOFoKl2WeOzrP3Z57Hi06JWE3HPYXjwevJ8R6MuHFdgoM7Ol4KK-Ovrg9NhUZmMSVhMJrbl48BT1xXtojmk,Meg,https://play-lh.googleusercontent.com/-Yjqxuee5VWg/AAAAAAAAAAI/AAAAAAAAAAA/AMZuucmozrU0DbBIkeBYGsvJXnkmiAsSkA/photo.jpg,Constantly crashing and corrupting photos. Downloaded to take time sensitive photos that can not be retaken and now they are gone. Terrible app. Don't waste your money!,1,1,1.1,2016-12-15 20:08:13,,
gp:AOqpTOE3XkB-xY_5T9LCRYE5yvWx5CzuwOEXGzEqNypM1hqRgNqJqso4H6NDNBpHWzfbVc3y4P0DcAHUvW_9knI,J Haynie,https://play-lh.googleusercontent.com/a-/AOh14Gj0-84c4BM7H-hiBRXVauuBI7SNffeM8dZZ7Mzo,"The android version doesn't, won't and can't show addresses. You can't sms or mms the pictures in app. There are free apps that do a much better job. The iTunes version is great, fix this one, it stinks.",1,0,1.1,2016-11-01 13:40:37,,
gp:AOqpTOFDkj2jpyUVn15KXH6YcyXpoDZ7vO2FKddY2BKpXK2XA6tEvFyubpmozDTQvuLKm-0ELohF_yvpZFmFrV0,ya Hossein,https://play-lh.googleusercontent.com/a-/AOh14GiU_2eSQK3Rj2A1S54jIZ46B5dhermPE1ruVl8g,No good,1,0,1.1,2016-10-27 05:09:45,,
gp:AOqpTOGtCDHu0vk5429ky1fRsDSaw0N04IpNPw6tUROa4xeqPlxdpoxRhD7YHzvdQIWaZR0ye-U17gl2i2M8NDs,Mary Seagrave,https://play-lh.googleusercontent.com/-M7VFlDcVcjA/AAAAAAAAAAI/AAAAAAAAAAA/AMZuuclST2mfLCL-KNMzOwLjo7LBiZ0PEg/photo.jpg,"This app has not been updated with the features given to the iOS app. My employees that use this on their iPhones rave about the additional setting options like it automatically saving the picture with and without the compass frame. Android users have the same options we've had for years.  It does the job, but in iOS I'd give it a 5. Here it's a 3.",3,0,1.1,2016-10-26 06:24:59,,
gp:AOqpTOFxrJKbf1cz2cKndazrvCjxnf2sYCd8xuNZrwO3kDJO6DvRT_07H9Y1zDDtg9BPVRu3fBh1028szyyljy8,Dave Hood,https://play-lh.googleusercontent.com/a-/AOh14GgptlNvCEkY5vzPt2oXwRto4VSa-Ycsr6VYS12dJg,"Initial experience positive, so I started to trust it. Big mistake. GPS overlay readings from yesterday's hike were pure garbage. I could only locate the significant points by taking time of day stamps as references back into the track recorded by my real GPS.   If I continue to use this, it will be with a great deal of caution.",2,0,1.1,2016-10-19 08:24:57,,
gp:AOqpTOHFXkrzV4fBEA8VoChxLWzNeUFvLmef87tod4TYzidimOytPMKmdzpuffxsKPsvNsYnaKSAnJQR-1_qStk,Doug Beck,https://play-lh.googleusercontent.com/-vOUCJwobj9s/AAAAAAAAAAI/AAAAAAAAAAA/AMZuucmPic4_kI6Zg0LbvgbsR5_d-mRYew/photo.jpg,Android not as good as Apple version,2,2,1.1,2016-09-25 06:30:21,,
gp:AOqpTOEu4VnNAnWDfv-hn8mzjthw9_F5XJcDVei-HXDBniPEPC8AY1rxNmBYiXvmK22_FFJvC_W8O7fC6ko9W1Y,Michael Powell Sr,https://play-lh.googleusercontent.com/-oGE9spNGTXQ/AAAAAAAAAAI/AAAAAAAAAAA/AMZuucn4vLum19NlsGoy_GDohYkN4NPr0w/photo.jpg,Ive been using the app since the android version came out. The ios version is much better and would like to see thia version work the same.,4,0,1.1,2016-08-30 12:03:52,,
gp:AOqpTOE0d0aUqphp3eZKIFbJ1yB_sKDHo05osnNdcH8A566N6IUYRnsIdO31geU4ywLissQNvhH7nvrTXRwVVic,Derek Uthe,https://play-lh.googleusercontent.com/-EWeLZKJvH8A/AAAAAAAAAAI/AAAAAAAAAAA/AMZuuclqWwng2Q0SDnmLt0RDh-hXLu_emw/photo.jpg,Says it will overly on photo won't on android,1,1,1.1,2016-08-24 12:25:33,,
gp:AOqpTOGWEvcAXfZWZkQYrc1dRMh3GauIjhP0mtNNKKL54ThAX-s12vz-HRAmkLHsIv3-tAk4KilUB40uxdGxd-U,Rick Lau,https://play-lh.googleusercontent.com/-nzFpKwO5NU0/AAAAAAAAAAI/AAAAAAAAAAA/AMZuuckP9nuQf_7VJ5CEYPINPepxxbZOOg/photo.jpg,"iPhone version great -- android version lacking KEY feature.  Missing is the option to have app save both the HighRes pic with only the metadata added and the ""bannered"" pic with data on face of pic and metadata  Android version needs to be upgraded.  There are better ""free"" apps out there",2,0,1.1,2016-08-24 10:13:03,,
gp:AOqpTOFPdhScqrtCNSPDqQBy66pRE033EW4GebLkMr67smKVU-Rd-Isgp1IHRO8532ufik6R7fz5qoIGI9CV16k,Kelly Kautz,https://play-lh.googleusercontent.com/a-/AOh14GjHDR6ChLZ38aMNYQI4jwgN4aObS2NPcBEPUPOV0A,No labelling- description capability...of course found out after I installed the app as it wasn't mentioned apple has more features. Emailed support and have heard nothing.,2,1,1.1,2016-08-22 17:04:16,,
gp:AOqpTOEWc26gBXoaIve5d0ORU8_G9q_st6KA1s8XaDCwXdOx_7lJuMZaN2quUcofMr7xJl7Vl8zliAzIyvGocHM,Alberto Soto,https://play-lh.googleusercontent.com/a-/AOh14GjHQlKuiy1Tljkmoo3_xKES-d-aapOPSFeORb3Dkg,"I am a Private Investigator and I purchased the app in order to show clients my location during surveillance work. I like the app but have a few suggestions. Make the capture sound a choice for the user, not default. The ability to zoom would be great, the time and date should be on the banner with the other info or right below. This way the photo can be cropped for closer inspection of subjects for example and the photo details wont be lost. Thank you.  PS. A Video version would be awesome!!",4,2,1.1,2016-07-14 06:18:33,,
gp:AOqpTOHVAFrMSOoSLkf8lETfS5ph50drHfSTZCeJGBPxJA0wvOQX29cu3eoxl6V-IoaPptQQsB-GDTPbWi07Tlo,Helen Disney,https://play-lh.googleusercontent.com/-Msy4JtGfscY/AAAAAAAAAAI/AAAAAAAAAAA/AMZuucl14qkKrxWrtSuLCmXEaefxfoe0Eg/photo.jpg,Longitude and latitude stopped working,1,1,,2016-05-15 18:43:54,,
gp:AOqpTOEi6K6TCOdZi5iv6tLN9ttT0mBKsD9BE2zvoEaYMZTp28dJbPprfkWx1Ff7GcqOrWy0OzErStRT8YO6EqI,Mike Barrett,https://play-lh.googleusercontent.com/a-/AOh14Gi0ZrB5F1LCLSMVJltLODIYkLZcK7MG5Ef5DUwkgIA,"Images upside down when using camera, checked against other apps so it's solocators problem...",1,1,,2016-02-23 20:31:30,,
gp:AOqpTOG7sXmB4ARgI4lmayF318PiKGigFmN3afEvhLrDt6LGWanOZ8zwdUNve47so74steDKheOFlJ8RY4smgmo,Mike Craner,https://play-lh.googleusercontent.com/a-/AOh14Gi34EdOb8s9VxExSZVX0cmRIqPFZusBsnvWMjQlEg,"This app is a perfect tool for me.  Simple, and easy to use.  As for compass inaccuracies, individuals may have to calibrate their compass on their device (as I did), after that it's spot on.",5,4,1.1,2016-02-16 10:02:18,,
gp:AOqpTOHlpqLT8G5Q9qJQ_yL3uQpfWkVBplsP2hIarZQhL2CM9G0UedfWVjipn4P-UqOioIXYuuPSWkjDu0gyLlE,Tom Thompson,https://play-lh.googleusercontent.com/a-/AOh14GjdDhue_UmgKcZeeHYVmGXa_CZxY4zc2EIoMr4aqw,"Not an Apple fanboy but I have seen how much better the iOS app is from my employees. My biggest issue is the app does not allow you to choose an external SD card for storing data, probably an iPhone carryover. Would have given it 3.5 stars, so I rounded up.  It is a $0.99 app.",4,15,1.1,2016-02-16 09:04:56,,
gp:AOqpTOGhpGeUPezJoRiuTl5SsE9-Wr-xR3snxobctvuoLQyM3yFQ9R3zT20V93NqqwLf-huG9QzJfoRpnBbmySc,Jim Richardson,https://play-lh.googleusercontent.com/a-/AOh14GhnOWSxhZzzUgiBoOPqNe5tueNHGHmeQL3HuXLrzpo,I have this same app on my iPhone.  Please Developer ... make your Android app like the iPhone app.,3,1,1.1,2016-02-07 03:24:54,,
gp:AOqpTOFOBCPa7RmzvwTglGaN3XQHVLPLNv0JnPcHt5lnX3MCs6xJx-BcCAbUq-AERRfTpRecj1nPs9s8vjpDjsk,Moses Marrero,https://play-lh.googleusercontent.com/a-/AOh14Gg9praWrdKpw7SKqR7KgTQxxaLWRQPKeAQf1FWJqg,Makes my job much easier. Currently contracted by TXDOT. Though around noon it does freeze like clock work. Reset the phone and it's working again.,5,8,1.1,2016-01-27 19:47:25,,
gp:AOqpTOF7FDYq56Ai-Id8Q3SHYCnTMYYnxo97seRHqorZRwq4I4bIEASnG67jbnV88S-M3rlIWh8sFmtz2f9JKCY,Paul Butcher,https://play-lh.googleusercontent.com/a-/AOh14GhY0Ue-Qrc4uNBtFaEbL18qcxL4z_-BPSySaMfzTEA,I will give this 5 stars if it gave me an MGRS grid.,3,0,1.1,2016-01-20 07:03:27,,
gp:AOqpTOF76CbDaTR_GREUXXie5Vsnezy8phor4SKBWDN1FqIlUBKWyYZAiBKvHXzm9uKse5ZWSX8hqKvox26g55Y,Izasy Mc,https://play-lh.googleusercontent.com/a-/AOh14GjYgHvkMKc5aI3qikWmXehkZMUf2tVY5DqjCeM9wQ,Really helpful! I work in the towers business and is great!,5,1,1.1,2016-01-10 21:07:09,,
gp:AOqpTOGX9Y9RbPA7N-IdEivd3IUtesQjiOFoNdXjeWBZMLmBcJLlAKPpqGtC2gBN-OF-gmPNncjfOH5FqEVevek,Lionel Di Giacomo,https://play-lh.googleusercontent.com/a-/AOh14Gg-fPbxH-uACHt1_IBdIuTffzLi7C4g_cNYM6-31g,Needs basic options such as UTMs and a less intrusive bearing overlay.,2,0,,2016-01-05 13:22:00,,
gp:AOqpTOGE9eBlwhzeAQ7FC63W0tnmNddGUeYbCDHvXuK2j2sbo7U_yos--AhhGrmDYIDSZl3xhqsP91VWapXeF2Q,A Google user,https://play-lh.googleusercontent.com/EGemoI2NTXmTsBVtJqk8jxF9rh8ApRWfsIMQSt2uE4OcpQqbFu7f7NbTK05lx80nuSijCz7sc3a277R67g,Exactly what i was looking for to use for work.  It would be perfect if it could display UTM. Please add a UTM option!,4,5,1.1,2015-12-24 15:51:42,,
gp:AOqpTOGaCkzh1Z3T_GN-zDTgAB7c9myi-vEeIlhZmOGT61zMqVcQDksyn4iguJI08NnlWHSpcPwtWEcsMbgua6M,Green Sandgroper,https://play-lh.googleusercontent.com/-XSL5AZ1s2oM/AAAAAAAAAAI/AAAAAAAAAAA/AMZuucnJlz09jEfLOuazGuwbBd2yXH1qtw/photo.jpg,However compass appears northern hemisphere.  Yes.  Easting option would be nice. Put more options in pro version?,4,0,1.1,2015-11-17 19:04:33,,
gp:AOqpTOEu2uD4aiEqjhlXMQ2hp8Zz0eqxnaazK1mSo5gtnKBf7OAkDsl5MqbOzLbwYccDkK6JPvLRMyJ2Ag35w_c,Chris Paynter,https://play-lh.googleusercontent.com/a-/AOh14GjF6EyHkk2qPjDaGqWF-21__k3F3bdLKsQv78ev,"Potentially a very powerful tool for reconnaissance, I was put onto the app by iPhone users, only to find that the android version has almost none of the options that the apple version has. If you're going to strip the app down, make it free at least!",2,1,,2015-10-24 18:35:04,,
gp:AOqpTOE9wVohXTJYkaXOoryywE0XnQUz1QAsA9zO7epcZ5m_yW4nEyzVmDAIgfFM9qFoHpHhvBDpYWb39UBwG2U,Gabriel Lee,https://play-lh.googleusercontent.com/-FUG8Xn-koXE/AAAAAAAAAAI/AAAAAAAABYw/AMZuuclhdpStkrgEbs_y4RScXMspBrZAhQ/photo.jpg,Will not install on my s4.  Well....I've lost 99 cents to worse things.,1,1,,2015-10-09 17:58:52,,
gp:AOqpTOH06F4GS5TQkI80nrc_R6XUlKCvTQdhKrAmysoh9PNpKpOm8S8EA_TfJEm-n6LKHJsMcPuSz2fEEppStMs,Angel Martinez,https://play-lh.googleusercontent.com/-iF51os5umFE/AAAAAAAAAAI/AAAAAAAAAAA/AMZuuclS637HffCTVpc8me-gSb62cqpqsQ/photo.jpg,Building mode inaccurate.,1,1,1.1,2015-08-21 13:51:52,,
gp:AOqpTOEZjZYBgDqDaIEjH3JIHDU7D6Jz72gvgc8SQVlvIdSpiwgGFJcWo-WdBLa_GBife28DtFIFwEueWMv8bVA,Kirsten Vine,https://play-lh.googleusercontent.com/a-/AOh14GjViVzFs7eSf8-eJut1KK4Y6tEzIagrze5Vw1G5,Has great potential but it crashes 90% of the time. Not worth the bother. Am really annoyed that I paid for a dud,1,0,1.1,2015-08-20 03:21:29,,
gp:AOqpTOH92Xf1KSa6SKdjJEoKf8jENMRp7Be6O8oEcv8q9s8eKoDjJ1VIg1PwhSKBSvUvBrbix9adiqsVL2cb8J8,lyle fairfield,https://play-lh.googleusercontent.com/a-/AOh14GiAfLdUgBBN-NBaFkMtIoHzk9MUfVXnEotSCsYTy8E,"I bought the iOS app which is excellent. I thought the Android version would be similar. I was wrong. Android version does not show altitude, nor present a satellite view of location with photo range superimposed. It was less accurate. I am very disappointef.",2,2,1.1,2015-07-07 05:30:17,,
gp:AOqpTOFlvJCynhCIaLX9JtEmUFPg8hjGLl2PrqxMXdfxcAci__wYEKkGZgO0LZPGpl86x0u_bd4tVcGPr4sWCuk,Petrina Siebuhr,https://play-lh.googleusercontent.com/-t35YmDi3dq8/AAAAAAAAAAI/AAAAAAAAAAA/AMZuuckyvzcjLUq4bKCdB32tNkKw6Hs2bw/photo.jpg,"Compass mode is accurate ie I am facing West. Still facing the same direction, I'll change it to Building mode, it says I am facing East Elevation!  Grossly inaccurate, needs to be fixed.",1,14,1.1,2015-03-22 23:49:18,,
gp:AOqpTOHwJrhAUtI1vDaeSieeGsZwSjMLKZxjAdY10G5ZMV94lfvW4YyK0LgkBRSMlY81hCHnrslOYt8KtYi0hmg,Jerry Lester,https://play-lh.googleusercontent.com/a-/AOh14Gj5Cv4CwV9VSL6mcPKOM-9fMZQJCtqcunJvsklqFz4,"I like the stamping of location and direction of taking on the photo.  But, all EXIF data is wiped.  Please preserve this data.",3,3,1.1,2015-01-24 20:43:04,,
gp:AOqpTOGr5fvq-UUUtrEs8DmTwQvCy_OkDRHmkU1w1fQB0vXu2P0TgZeRUgO0D-GG0KnyGATX4CqI_8lkdigh-go,Lawrence Trego,https://play-lh.googleusercontent.com/-_2V6ztoTmjc/AAAAAAAAAAI/AAAAAAAAAAA/AMZuucl8rgWWUiOQYem-Dp9a8uuSt02QTw/photo.jpg,Be good if you could switch the gps coordinates from long lat to easting northing as well.,3,6,1.1,2014-10-06 23:55:25,,
gp:AOqpTOGh2COR2CVx2jQk2bWUZsFuzN1N3c3JrKAiGkAvMufyMBR2CW3b9RPFz5DYxjePiTwq4cidiGSfQd72aHM,Allen Oyakawa,https://play-lh.googleusercontent.com/a-/AOh14GgxHZckjY7N9s0y5pXuROPfo9KUkaPcakSSupRNM8Q,The  straight on direction is ok. But the relevant side compass readings (actual angle reading to the left & right side of the center  straight on reading) are greatly inaccurate. This condition needs to be adjustable per each camera  brand & each model because each device will have a different overall view angle.   The application needs a function to able to adjust the angles readings to each side of the  straight ahead bearing reading.     Myself using it for view corridors for architectural view reference images.,2,7,1.1,2014-08-25 12:44:46,,
gp:AOqpTOELF03R9DHTP-5EiJ9IC53WqMuFOtC_h3fsmy_-C4o__XB_9f1_B2rn0C2hlKJgNFX_pUoqmFtoQx8WMRQ,Piotr Grygiel,https://play-lh.googleusercontent.com/a-/AOh14Gh2BWS5rfBnEhCwyIl6l6CVypeCZD8QpS-Ty8JmVek,Nie zapisuje EXIF. Słaba jakość zdjęć.,2,0,1.1,2014-07-09 12:15:50,,
gp:AOqpTOHa49FURzYd00ew7LJgx8FOCaLm0cttokPdn6KAfi4Kw1VmINSVTeb7DTYvBPr7iIIFqq3gyqt82rh-sbI,Erik & Kelly Gee,https://play-lh.googleusercontent.com/a-/AOh14GhI49_G0jubqH-rFnj8rvYIpG4kHFnu-RiTLPvWzw,"The concept is good but it is only correct when I am using my ""selfie"" camera.  If I use my front camera the compass point is opposite.  North is south and south is north.  But, if I turn the phone up side down but facing the same direction, then the compass reads correctly.",3,2,1.1,2014-05-07 10:02:51,,
gp:AOqpTOH8VsZrW_5Ut2v2aCnYYYZS-Lea22QxPfG3YnT54nzvZ_mnvYlMTLma8smO4AxZnTxcsNJTjAJly2kxDvg,barsocial1,https://play-lh.googleusercontent.com/-Hpidh0CPt_o/AAAAAAAAAAI/AAAAAAAAAAA/AMZuuckxWZt5yqhJHQnRNrOg_2_ob5AWuw/photo.jpg,Good communication with developer. Worth it!,5,0,1.1,2014-03-26 11:44:31,,
gp:AOqpTOFp4fL_My_vGqd4aUmaLfZmUNENmpJOZ2sC2NYbeULYWPh7dAbEQUDHE149wzMc0epiCdy-DDUwX-LCPKI,Declan Langan,https://play-lh.googleusercontent.com/-CDAMAgrPAus/AAAAAAAAAAI/AAAAAAAAAAA/AMZuuclG2-QZJQipFRhw2HBVV4btW10zDA/photo.jpg,Excellent update!,5,0,1.1,2014-02-03 03:16:26,,
gp:AOqpTOHRSmTLeXH5OTf97sX47NUN83X1xBvjjtfdX7plT4trT-qYN2aQOx3aokPL52tNGnkz0-4W3yh6G5_FE3M,A Google user,https://play-lh.googleusercontent.com/EGemoI2NTXmTsBVtJqk8jxF9rh8ApRWfsIMQSt2uE4OcpQqbFu7f7NbTK05lx80nuSijCz7sc3a277R67g,"Thought I would get Lat, and Long like iPhone puts on them.",2,1,1.0,2013-12-18 15:55:23,,
gp:AOqpTOGelwfyxPzU6JNCuospCjcLkuGqcXFv9x9JgpjChK3jAzy9M7XQRbGn5mtz25XD6UXeZm4cSYEmcKi32C0,John Zimmerman,https://play-lh.googleusercontent.com/-jm5N-Ycraec/AAAAAAAAAAI/AAAAAAAAAAA/AMZuuckEcR5intGRAvpPy44hTHF1Lx25XQ/photo.jpg,Gps function not working and no response to email,1,1,1.0,2013-10-15 13:41:31,,
gp:AOqpTOF8sZiEvjS_7epTzTzgsvpYl1wvf06CKQLcPHk5tFMmY2h5_ZKGgvvGwho8_aiFTUKqwPueNE1dwbEleUM,Ben Khasanov,https://play-lh.googleusercontent.com/a-/AOh14GgGr9lngV0gwf03FYxDDpdXVQhjD4b7c1BZ8KOyfrs,Easy and simple,5,0,,2012-12-18 22:13:46,,
