reviewId,userName,userImage,content,score,thumbsUpCount,reviewCreatedVersion,at,replyContent,repliedAt
gp:AOqpTOHQbJCWv5rI1qam2XnYhFBq0-6Gds3xZYga4BVFp5NjFxJw8Uy8i2xIQ-ALYTOT9UCwF2qImT3nEiJ_Lw,Ryan Hollingsworth,https://play-lh.googleusercontent.com/-4sUPM9RcrSw/AAAAAAAAAAI/AAAAAAAAAAA/AMZuuckQt3TToEfvS2Rwpbwp3xMY3lKTKQ/photo.jpg,Simple and effective,5,0,1.82.99,2021-01-21 08:32:42,,
gp:AOqpTOF6PBh5r4aSPS8buI2hWJiJ13yuXgeEc8QXJhMh_nMYEv8t73Tn2-57inIXnq3ml9h6giN_rEdTQKBl_Q,Alex Willoughby,https://play-lh.googleusercontent.com/a-/AOh14GgJm7KdlV1e38fCmJ_LvGlEqpWJABFB5oXIMu6W,Great App,5,0,1.82.99,2020-12-04 03:03:55,,
gp:AOqpTOG6kWFpMluQXGabtCdNCh5dwY3Cz1Uy_rdIuLJlwUzjW_OgC2vc4OgoO8SrJdsxOleZsDlA5PuGVYmulg,Ali Macdonald,https://play-lh.googleusercontent.com/a-/AOh14GgLZCehV_0Gl8U_Mo9OkesvF40PQZ-n7MLOhbcXhQ,Excellent app which provides flexibility and options.,5,0,1.82.99,2020-12-02 03:12:23,,
gp:AOqpTOHkZm5-S69r29bvLjo13TnSr6VstrtNP6af2qevzGdIq-NAmIR76VNvgS6Zpt8vscRIb_GzshfwtpK2OQ,Energy Plus Fitness Revolution,https://play-lh.googleusercontent.com/-MaAmXv2nSnM/AAAAAAAAAAI/AAAAAAAAAAA/AMZuucmA3ET6K1Ady0VnPrl7ZUBXZjCYig/photo.jpg,Can the screen show only the currently used timer? Like warm up only?,4,0,1.82.99,2020-11-29 05:41:45,,
gp:AOqpTOGpxE-Ov-Y5wBzWu1LpNcCZStsN8RWm42RaYICCuQR8lV1Pftm2-WjVH0sQcso2rZFywbaVU3Ny_wc4_A,David A. Asiedu,https://play-lh.googleusercontent.com/a-/AOh14GgpmiP9bOmmAs4jqVVAYCQkQwSEKJfa_nUVeFYZbQ,Great app. Simple to use. Does exactly what you expect it to do. Whenever I leave it (because Tabata is darn hard) I find myself coming back. Thank you to the developer.,5,1,1.82.99,2020-10-25 03:37:32,,
gp:AOqpTOFPu69CYYe1npKicnEat4tCmjzlaCacS1gD1Mz48A3nuU5WbfVfwwnCEDYGDUkuCH4F_Au5MxGCNCl-JA,Johan Fourie,https://play-lh.googleusercontent.com/-rBZANFKVNL8/AAAAAAAAAAI/AAAAAAAAAAA/AMZuucn1DTIWrLgBW1Oyuh5NJMp1DCjAYA/photo.jpg,Great app,5,0,1.82.99,2020-10-24 02:08:43,,
gp:AOqpTOF3RzCQM7o0E7FJvMI8ZKCe8kM5yDgJEfLz8LPaSgNAE4maetwrUOHaZ4l40vdlQ6ldjg01dWhV2C1P9w,Pacific NorthWest,https://play-lh.googleusercontent.com/a-/AOh14GjbBJ4I1ojSPQ0Z7ojP_rOMMgwiSubO1lVedA-Xrw,"some great features, some features that need a bit of work. Export functionality should not rely on bluetooth, but allow file backup and restore. app crashed once while working out. that was bummer. Circle graphs don't sync with time selected.",4,1,1.82.99,2020-10-05 15:22:14,,
gp:AOqpTOH11wSTUJb25iuCi_qMn8AJKNcOATamJv8exNSR2AxeBH6FU-nwraXvkmnDdG7eWv-DTuJt7l10en4_zw,Dimitris Dalakostas,https://play-lh.googleusercontent.com/a-/AOh14Gj05vrmk9b5MJPCikFwV0hppuuISP8g8W_J3-5LmA,I am using it for interval training on a elliptical and its working great!,5,0,1.82.99,2020-09-28 22:48:32,,
gp:AOqpTOHVz7O3RbYEdjl4YgkMhZ4gPfA3o8nNn5-x4UghO-V2LEjQUAt_cJaCSavumZ13J5mCDtp3MCvpALFMhA,Brian Churcher,https://play-lh.googleusercontent.com/a-/AOh14Ggf_GzymdWpXrIcEOpUV-azXN8AOJPj6zxB01INYA,Great App using for Exercises after surgery,5,0,1.82.99,2020-08-17 23:27:43,,
gp:AOqpTOH6SYLrmmliBqNOBn4ROFxuysvRpxjXTMyj7JpcQWNzflQU5ypJf8tZMJHLkPcM_O7eL-6lVdCxnEMBJg,Jermaine Wes,https://play-lh.googleusercontent.com/a-/AOh14GihmRbceov1_4Px4O2PzIwhh7YaJfB43MHC6cBHv-A,Great app!!,5,0,1.82.99,2020-08-17 10:51:38,,
gp:AOqpTOFwamrHV5pnTcGAAZQypfm9lzhMIyaTIqaPpMVDSFOc32bCYQMTsy3DvEur42jJVYZlO2gyTNsQHTaKRg,Chris G,https://play-lh.googleusercontent.com/a-/AOh14GgUI7VvWFmuqv3rU38NL4Tb0mzwD_dMmx7ktHTSjjc,Works great for my intended purpose of kettlebell training. My only gripe is that bluetooth devices such as an HRM can be difficult to find as it doesn't show the actual name of the device. I had to locate it first in my phone bluetooth settings,5,1,1.82.99,2020-07-25 07:09:39,,
gp:AOqpTOGPedz9nM24ftO8ZO-eicrRwTyT8nzyexTurjjgEHsJbsiO5bsEdTFZDxY3DwGtt46R5U_eE0IwjEsgJg,Grey Wolf,https://play-lh.googleusercontent.com/-D0c52NwD1eM/AAAAAAAAAAI/AAAAAAAAAAA/AMZuuclSgnFejbJykAD4PUv67IOkGHVXKw/photo.jpg,"Would like to have it say outloud the type exercise each rep/set, but other than that it's great.",5,0,1.82.99,2020-07-18 17:28:36,,
gp:AOqpTOGEbXPHWalwErA90XCGq3vbZpfBrAY-qRIsM5901EeVI8RO5Hr4KNut4zkPLOqgbAu1GUDqR0XgBY58qA,Duane Smith,https://play-lh.googleusercontent.com/a-/AOh14Gj7K8A-eUTdH1zczziZKZUn5Xkh0XdsWXHbGdUA2w,Worth the money.,5,0,1.82.99,2020-07-13 04:42:35,,
gp:AOqpTOF6UoMcuuAYj9tzOOcVGfCrskQcVwibNthtb1YNpJpJm4JIw-SVfl6vSW6pGdX5pxxADHs7fyXuakKgog,Brad Jones,https://play-lh.googleusercontent.com/a-/AOh14GhcIN6KFC8EPqWdfsxDC89bUK01Td2fdHH8L6Fes94,Great product,5,0,1.82.99,2020-07-11 01:20:16,,
gp:AOqpTOFPw4oZhD6P66GooZawFXOAreOFTaWj7NQlXeQkJp8tHNBVICP48M1dk-7otJlmbDQxE8sKjVDfeoYyfA,MDW 1,https://play-lh.googleusercontent.com/-n2ilNnQOoQs/AAAAAAAAAAI/AAAAAAAAAAA/AMZuucmW2TczJJd7B8BL2FsLAKbutQCigA/photo.jpg,Excellent it times through my music and I can keep going. Don't get fat during COVID-19 😊,5,0,1.82.99,2020-07-04 07:11:09,,
gp:AOqpTOFWmys-WcvxwTxmRBaKQbjhIv9NbPGZo_ooTkxlPGcbKsvsC93vvAecibr-ipJ58bi6khAkqx_egmf-2A,Mike Mattson,https://play-lh.googleusercontent.com/-tbXE3qA2T6c/AAAAAAAAAAI/AAAAAAAAAAA/AMZuuck4LtZRBsU-aAnKFBxvSfPyb3MLYg/photo.jpg,Like it!,5,0,1.82.99,2020-06-09 18:16:52,,
gp:AOqpTOHFteWnjwEIGU1L3uojcdEgLxaoBKG0rOYsLPMNFp1zDODZSeRmERoK9n1wxRkEW9Va7KwBF9bxG_w05Q,Eric Pfeiffer,https://play-lh.googleusercontent.com/a-/AOh14GgQsS_q2gAeAkNPrhYRwg9IALorj9-ygqDwebIZfw,Great for using on your own. I like it.,4,0,1.82.99,2020-06-07 18:15:45,,
gp:AOqpTOF7kTmcKcgPcSiYFfvoGhaUe72FxnxnZV9CaVyA1aqpcnC1ArgUUqv7vmPSVt39dqd0eSQSeOjSzGXxbg,Wendy Carabetta,https://play-lh.googleusercontent.com/-2nQy9kFMQb0/AAAAAAAAAAI/AAAAAAAAAAA/AMZuuclZvsQAz_UI2XAEEf8-k4BuRDS-bA/photo.jpg,Best tabata app yet. I can costimize as many workouts as i need. Love it,5,0,1.82.99,2020-04-17 19:06:56,,
gp:AOqpTOGQdDNeWq5_uiNQSmTSC3TNHMGHPQJbmjfxbSvvgP0E3xn5CPtN-3XrDyiOtFye-8Sf1I20a59VCO24Xw,Rob Dawes,https://play-lh.googleusercontent.com/-EdJRw30GGu4/AAAAAAAAAAI/AAAAAAAAAAA/AMZuuckkw6j_FfHQudbEuNYoCOUa8JpOcA/photo.jpg,Works well for interval training,5,0,1.82.99,2020-04-12 10:18:26,,
gp:AOqpTOF85438WI6rSuLH8IZo6RpIMpMW6XUCPZ1KYqgbkPfkkEZUrFU5g10lgkm_Zg0bRkoSqHwGHu0Ue6SvAA,A Google user,https://play-lh.googleusercontent.com/EGemoI2NTXmTsBVtJqk8jxF9rh8ApRWfsIMQSt2uE4OcpQqbFu7f7NbTK05lx80nuSijCz7sc3a277R67g,Please fix also connection to garmin heart rate strap hrm4 based on ant+ with Xperia Z4 Tablet with Android 7.1.1,4,3,1.82.99,2020-04-09 00:24:55,,
gp:AOqpTOF8wxUmqVSv7zq6Yodr9CK1MCBx3f1hc6v2NQ9RQEyP7vU48rQdtAK_JujOq1XkIQxjvuXaFdLKdVYgnA,Mindy Lange,https://play-lh.googleusercontent.com/a-/AOh14GilEZtElY8htWhrYatAONiB6jL6tPlAJ9b6No6kNw,Great app. Has all the customization I want. I'm glad I could purchase the app without having to go the in-app purchase route.,5,1,1.82.99,2020-04-04 11:49:37,,
gp:AOqpTOGT3aP6xgqEQOBAClURTBEP80IScc1WbUdH1HxLTsOddk916iQ1VaHUgVb9rI4iXMc37HvdqFtXlleXiQ,Willem Bartels,https://play-lh.googleusercontent.com/-o4OM8StmA70/AAAAAAAAAAI/AAAAAAAAAAA/AMZuuckRV_--HDwh4KQxZFIix27b9H32aw/photo.jpg,"I really like this app and is intuitive to use. The speaking ""Up next rep name"" is very handy. Instead of ""Lets go"" it would be better to repeat the rep name. I'm missing a feature to rearrange the reps (the same way as workout?). And a minor improvement could be to ignore the last Relax step of a workout. Thanks for the great app! Willem Update: Thanks for fixing the ANT+ connection. My Garmin ANT+ hartratemonitor now works perfect!",5,3,1.82.99,2020-03-27 12:13:28,,
gp:AOqpTOGrwK7d_QKUrXl4m3arrNCwiaRiJ5zYB80bSz0i8ea6S1NbJ5uUc30_AJzBAuYE2luh7943uDerjbljmw,foo meng Liew,https://play-lh.googleusercontent.com/--GTW-25bh9M/AAAAAAAAAAI/AAAAAAAAAAA/AMZuucl_BHTfRufMCjPIFBss1lyExd_T4A/photo.jpg,"i am using garmin heart rate belt , when i select ant+ scan it crash. it fixed thanks",5,0,1.82.99,2020-03-27 09:15:33,"Please load the latest update, there was a problem in the ANT+ library when using Android 10. It would be nice if you can give me a short feedback. Slydroid

Thanks!",2020-03-27 10:20:55
gp:AOqpTOEs7qGJL3y76vqi2YQneimvGR0lwMXJUJbM6blTrUuQFiOeF3zPy6gQJsszT5eMW-1KKhDXysEW9HbwmA,Buddy Newell,https://play-lh.googleusercontent.com/a-/AOh14Ghq1ZRJkdfSkBCFObTDulPnSAj48AN95pjVJThm9T4,Great app for tabatas. Customizable and intuitive.,5,0,1.82.98,2020-03-22 02:11:00,,
gp:AOqpTOH4D2AqmVrJ6mFAFxKYyCmu7aOODz6yPBa9fbwF8nXImapSwvTexlUdJQNRGITjcOfcFYvI_OsTB1PH6Q,Killer Karam,https://play-lh.googleusercontent.com/-HR3p2sWoIf4/AAAAAAAAAAI/AAAAAAAAAAA/AMZuuclRcU2yE8X4a6JrITOn2UjlHg1rZA/photo.jpg,Good job i really loved it but if there is some messing futures,4,0,,2020-03-20 03:57:12,,
gp:AOqpTOEnnhEP4dGccPiNLCu8ltyzYLelmJLz0dYmnEHXbiFJiv30oEhjXApSAerAQouQGGW_MMpm5zECFCx3JQ,Tonya Bittner,https://play-lh.googleusercontent.com/a-/AOh14GiZuHG7VoKdwfYVp-kkkRYXaNXDbJCau1V2dYf92Q,Easy to use. Set my own playlist on spotify. The app has countdown sound and voice prompts that i can hear over the music. Love it!,5,0,1.82.95,2020-03-03 03:41:35,,
gp:AOqpTOGEGbonkMZM1V52XTQGb_0X97EWNIxnKTeRD_MKTj-Sav0iC5RfCr1G8wYRHr9w_9Q2rSGNT9eI94ldUQ,Garry McKay,https://play-lh.googleusercontent.com/a-/AOh14Gh3P9js2rIH4J4luMnPPcvfGWi0_OssgLtEZYC3prA,"Fabulous. Not got into connectivity with wearables etc., but as a pure HIIT timer I can't fault it. Totally awesome. Update... I've having issues with my bluetooth ear phones - the timer notifications, verbal and sound effects, don't keep time with the clock - they go slow, then rush to catch up. Pretty off putting. I can't find a way of adjusting the app volume separately to my music volume. The app always gets drowned out Have dropped my review from 5 to 4 stars",4,0,1.82.95,2020-02-09 08:16:02,,
gp:AOqpTOFNZtn49vgzOa-Jt85Aei25PrUSfe00kEuZofRyUJPH330TQgWaOxLZzqRqDCFrFACZEV_gHI9eltOtyA,the most wanted,https://play-lh.googleusercontent.com/a-/AOh14GgJvbr6vuVafl5B8zvS3EHOXJb8txzZzFy-VkEqSA,Great job,5,0,1.82.95,2019-12-22 08:00:42,,
gp:AOqpTOHoo_aGRbZbuj16_pWqZNqhXZBYUWP3ubPjtHvnoBCx7QdyfOukc08HgqThucuYXO9GuxZY4dgqVhvLow,Sean Darby,https://play-lh.googleusercontent.com/-GP1OgfBzyqc/AAAAAAAAAAI/AAAAAAAAAAA/AMZuuck6EUtziZy4SfzB50ByZyrvLEUKCg/photo.jpg,Great product,5,0,1.82.95,2019-11-24 00:40:30,,
gp:AOqpTOHxmih5c9m7Y_hsYSMw5O-65MQ5hCBvnhWsW3l_kNqR54-BArnveFxQ_f7VOERk-ykxLpnmYzDNSTpXAA,C Green,https://play-lh.googleusercontent.com/a-/AOh14Giv_pRtW7oNHo2AznFsTpQV7yRWclImamjkj0CrkAw,Best timer app I've found! Can set multiple workout options. Use it for myself and with clients,5,3,1.82.95,2019-11-16 02:37:56,,
gp:AOqpTOH2YRPd-WfyCA4UsQoG2cHgTj1hsMEfA733or7gB3Dm22i6_XnzJSQ7LyL8Vkosxz6NoXLZgpCT1_Rp1w,Neil Preston,https://play-lh.googleusercontent.com/-iHxOJ27SO4k/AAAAAAAAAAI/AAAAAAAAAAA/AMZuucmEEu-S6dVowLj7Nlu4iICPa4vR3Q/photo.jpg,"Great tabata and interface, my only wish is that it automatically allowed landscape view when rotating from portrait view",4,0,1.82.93,2019-11-14 04:42:26,,
gp:AOqpTOHrqAPTEKndE8n5UvFGE-fkV-7FB9nn3rIbFWd_Wz2UxN29fa0vo7rf6n3tU4XWr1o_lnpicSU6_G3pBQ,Javier Bautista Ortigosa,https://play-lh.googleusercontent.com/a-/AOh14Gj4d4JtSwon9g_37evgOfvmzQP51g94isPsiDCt,Easy to use. Very effective.,5,0,1.82.95,2019-11-06 19:42:51,,
gp:AOqpTOHY_6qczdYsGxZDDubjPuDj9NUePGiKThZQO5UrBtwC5BxZacL79Cryqapyhu-ZlzTKq7LzAiCaP8qdhg,Max Verity,https://play-lh.googleusercontent.com/a-/AOh14GiBObBb7An_fEZHP544Ll9WWWK1BRmv30LgcvOi,Awesome,5,0,1.82.95,2019-11-06 16:25:10,,
gp:AOqpTOFvuYH5S2I4NtAayX5p_Y66MvyGsK_ORUoXDZkVDvERKBJgpQGTnuLcR5nuI6dvQhREfJaiDb6dKqgscg,Alexandre,https://play-lh.googleusercontent.com/a-/AOh14GhGd_lr9dn-JEmFyYESS6TJW1ICR4vTjm3TMPXemz0,Its crash when switching apps. Oh I paid for it and now have to choose other. It is all. I reinstalled it again and now its working well again. Tks.,5,0,1.82.93,2019-10-29 17:02:00,"Please send me more details. When is the app crashing? I can give you a refund as well.
slydroid79@gmail.com",2019-10-29 08:10:08
gp:AOqpTOGPmBwhtaSUgfCuppc2s-wptlwMFQQIhqzyJhUJgzNvzDKJRThkcFsMee3R-jNlODB-oX1WQJaOVDdk4w,Peter MacDonald II,https://play-lh.googleusercontent.com/a-/AOh14GjFXO713M8jW6DdajAZNABO6dWBzobZEUDZjOwrWLw,Solid timer. Works for my needs definitely worth paying for.,4,0,1.82.91,2019-10-18 14:38:24,,
gp:AOqpTOFx1-5mZUDVWjcIHlcG5RjsRMWpZ0DFmeopZqMTMGVklp6V7X0tXUiFdqNGzFv5uAFxeUbQLT3Kvydr_A,tony lovett,https://play-lh.googleusercontent.com/a-/AOh14GiJXZbF5UpoGibOqUOUHbCaewhJJEXxmExby26240U,Works fine But linking Tabata music to it is frustratingly hard,3,0,1.82.91,2019-10-01 22:29:59,"Hi Tony, thanks for feedback.
To create a music-playlist is very easy.
If you need help, contact me: slydroid79@gmail.com",2019-10-01 23:24:24
gp:AOqpTOFSAc9JlJ6KlmVnXlnC3ON2jSBVm5BunRjZW6WI1RFYkOalyYCDNIlnpvxZeIw3IXTRQtR97p09k04fkg,Rémy Navarro,https://play-lh.googleusercontent.com/a-/AOh14GiM5G9xCi-rOIMxB9pAvrkyKZ_39WF5xlZqg9nktXs,Best experience for workout timer with music,5,0,1.82.88,2019-09-25 07:58:19,,
gp:AOqpTOF5DcqjgFVIlZlZBlqyu2wN6iwBVOrYQRpfj3m5gtPxr0QIymKyVJC3z8A4Sj9rMx0jmPiGxgGbkpLP4g,Lee Parker,https://play-lh.googleusercontent.com/a-/AOh14Gh_pK_8apTSfWlcCtftJXxelFvGm0gtIJ6fRNq6iA,Excellent. Does what it says.,5,0,1.82.88,2019-09-19 10:11:39,,
gp:AOqpTOHGD6Fokj35b_0UQRFk6JU7xqIFqxS_8DRZigrTAJq0MHEXMjuugkmalO5iG2Nf8jlO_Ehg-ZBRT_9QWQ,Bill Tice,https://play-lh.googleusercontent.com/a-/AOh14Ggrk68dOM7X9B_otuEjAIlMMbKfevENcvohPyIwsA,Meets my needs,5,0,1.82.88,2019-09-04 15:59:08,,
gp:AOqpTOFP3Bt06tJRodQVpxD3CUQTwn6VJJ1oLvOlTKQhgs78Avemaum3G0xl1vczAcPTjkFiASEkU7UpGi78YQ,Shy Tana,https://play-lh.googleusercontent.com/a-/AOh14Ghq2zJ2jSYWxEGdDNo10652FVFXioUwvUEFDdMjdw,I can listen to my spotify playlist with the countdown and the voice on top. I can create my workout reps and the voice will say it out for me. So easy to use. Simple interface makes it easy on the eyes. Just some of the best things about this app! Totally worth the price! I super love it!,5,2,1.82.88,2019-08-12 05:31:38,,
gp:AOqpTOEw_CPhl7bJiHOZnOUi6Vks2VTw6pPM-DcHggm7xkDm0YlK3XF_NJlOvdBymf_Dw6sh9qXUjjUuVc5Vmw,roni tsukrel,https://play-lh.googleusercontent.com/-qXHbUUfkykI/AAAAAAAAAAI/AAAAAAAAAAA/AMZuuckCUBWho6jsvYD92wcO7_IesyhHww/photo.jpg,"Practical interval solution. Yet, I would appreciate differential time set between reps, in a set and more info on history workouts",4,0,1.82.88,2019-08-11 06:16:44,,
gp:AOqpTOEoapInlidElvNHYiz6n8j_Almta3d7CimaE4oX1fqJpdWMlZWviysVKmKoMiFeZA0tOqyULs6kCOQ4OA,Abyan Hanot,https://play-lh.googleusercontent.com/a-/AOh14GgarLNT_BIzRPZTUz0_QKa3cubJ3w1a8TVfAPH1,Totally unusable with my Amazfit Stratos Watch. Support don't response. Wish I can refund. Update: Already installed the current Version: 1.82.88 still doesn't work. ROM version of my Stratos was also updated to Version: 2.3.10.5 hoping this time maybe it will work but still no positive result.,1,5,1.82.88,2019-08-05 09:18:07,"Please update to the latest version!
slydroid79@googlemail.com",2019-06-19 23:46:11
gp:AOqpTOGdYXDSQ25i0fmYv3S4bnC4Zggbx7ON3rrIPFFluxVDveMhec5FK3x6PH-xe3vM6U-eiX0jkKBdyNQDSQ,Mike Noordijk,https://play-lh.googleusercontent.com/a-/AOh14GjLL8knSWxwYwtTzA4l4zfUcmuzrpBsEOrHO5cFig,"Pretty good, just wish it could remember and automatically connect to my Bluetooth heart rate monitor. i also would like to have more options within sets, so I can set uo a 30-20-10 workout.",5,1,1.82.88,2019-06-20 20:17:51,,
gp:AOqpTOGQX5iQA2sHHtAFeEGCQde6VoflIn-DcraJqlVSkd38JPYSKGAH47Hzwpi3vJO-QTbmuTTXV-YQfCCDxw,Tamás Csillag,https://play-lh.googleusercontent.com/a-/AOh14GhgC10kVp_pKRPTf107CV97vBjiDDvuESIQM1PxbOo,Probably the only interval timer for Android that really works,5,2,1.82.86,2019-06-10 13:10:03,,
gp:AOqpTOEkuS5BVeI1KlP1yFM1n8PrK_6MM8lc8GJbdsEcJtqRFihe7bI_l3E5g09YJ5XRKj6g9zGVTRjZFLF7mQ,Martin Freer,https://play-lh.googleusercontent.com/a-/AOh14Givz5mJOEGPPIRrLOLS7mDpDvWFuLQBN1fCaNKg,Great help timing my exercises snd reps,5,0,1.82.85,2019-04-27 15:43:15,,
gp:AOqpTOHFhfTdUfHd7UCP8m5NWtg9Mst6r4zZabSbJjGpbfjpeQa4L41wp_cm_nIng889T3BMv6ZfvohPN_3cMA,燃烧小宇宙,https://play-lh.googleusercontent.com/a-/AOh14GgcV3SZTk2xazDvWmN9jeJLs6BhBSinCYNnMbPBEcU,Good app,5,0,1.82.83,2019-04-13 23:02:10,"Hi Eddy,
please check the latest update!
/Slydroid",2019-04-13 21:03:14
gp:AOqpTOELEdSoInGAoVFqrzG0bFmHKj2TvNQL9rwZwTq0zJydRE_iLvxDymC2yMdUGL137NifDsH_9mCRGZYdNQ,Tim Horne,https://play-lh.googleusercontent.com/a-/AOh14Gg7RAvz5q_RorX4RUw4FQAGlRWTUkVX8Z-7IKGWpw,Love it!,5,0,1.82.78,2019-03-19 14:11:55,,
gp:AOqpTOH_oXq1kfEwNyT-J4nbCjAnjqhKX0Bri7fERtiMFXuIFJeoeQjS-YCUB-pJD1Wo0OMP3Kg9qCTEDvflwg,A Google user,https://play-lh.googleusercontent.com/EGemoI2NTXmTsBVtJqk8jxF9rh8ApRWfsIMQSt2uE4OcpQqbFu7f7NbTK05lx80nuSijCz7sc3a277R67g,Consider tweaking the moving average calculations to reduce jitter between HR zones.,5,0,,2019-03-18 11:37:29,,
gp:AOqpTOGvkpc0CMzASikn3weqlwefAiZlLg5ura53VM_hhFIb498mYWjdvwtdcQYciG8dXAoN_KmiNEViXyNOJw,Derrick Daniel,https://play-lh.googleusercontent.com/a-/AOh14GjQotNgOjhr_8Q9Xyv-HGtTyq5HNW0UuaLWeAH4Fw,great app,5,0,1.82.78,2019-03-12 02:54:05,,
gp:AOqpTOH7tZKwjo5-EvIMjz6AIsapWOoFaA9-FXhasVCEwYCJJpjXz6Wlt5aPN1WHKWtHYLOTMYC79EzqAu-2hg,robin,https://play-lh.googleusercontent.com/a-/AOh14GgOf71pg4g9F1K7omGmwMOHPSTcSZ5DKuRgnHhq,awesome app,5,0,1.82.78,2019-03-02 14:04:32,,
gp:AOqpTOHwK_qWSCgYV9oomJKY12hMSSpQrcRmLuZM3hYjjrbo6DKEsRz38thpoxJMSZb-otMhOuABhgq59uIndw,Jp Gladu,https://play-lh.googleusercontent.com/a-/AOh14GjsyL1XdjIr0mvMM8Xz7zr9BdaZVm0mjJZvttEV,great training assist! keeps you honest...,5,1,1.82.78,2019-02-02 12:43:07,,
gp:AOqpTOGK7X6DE0t7AXj0yeFIqvQvSiz0vuMdDDcmZedfvd3aGwQJMfunHxg1PuequLR4dzEMSXU5QURMsrxSsg,"Ricardo C. DeBello CPT, SNS",https://play-lh.googleusercontent.com/a-/AOh14GgBeDq5j2kxkDt-7lvqWkaRJN_FlIylBrJrsOEFYA,Easy to use. So many options! I use for personal use and training clients!,5,2,1.82.78,2019-01-30 16:37:06,,
gp:AOqpTOHM-rt-_j1ecJIU4aE3Ih9TXJ4a0IsvD7AQUaM0CEy_k2vu7k0g9w7j9ymZyZkYjTwX7eGhSSBfuYxQ-g,Soul Inhabitant,https://play-lh.googleusercontent.com/-7HpVM-uPZSc/AAAAAAAAAAI/AAAAAAAAAAA/AMZuucny_uAfPtcL_ahjNr5WVL2JVctGaA/photo.jpg,"Good timer, but not as flexible as it could be. There needs to be a way of making sets of different lengths within the same timer.",3,6,1.82.78,2019-01-21 18:57:31,,
gp:AOqpTOFHIsqR31ebqfhCj6Kj68gsvkg049GXBVLUMoRnWoVCtxwkqKNa3j4qXKe-8Z-D6sHJxUbmXItuD87erg,Mark Plane,https://play-lh.googleusercontent.com/a-/AOh14GgFUye5pjpXWEHoMLfnFZokdv1NYYINDIn48Sbdtw,Love being able to set different times for work/rest phases!,5,1,1.82.78,2019-01-20 11:06:32,,
gp:AOqpTOFy5v1UIuCIyL09lGu38mnNCtM5EN76REyGCI5ynoG7Em395FMV9yMDblAkpN_X1wdT1aCxSaZsu4i9nA,Whammy Smith,https://play-lh.googleusercontent.com/a-/AOh14GivLclXTeAEJKV38xko_o4kCobO0n-eSLYadyQa,Great app for Tabata work out,5,0,1.82.76,2018-12-30 07:04:35,,
gp:AOqpTOG7eA-oQOIp0DQWL7MwGMwRBtOJkFdWYz_ojVoPr-9je-ptTjehhNwtLO7B1Lbkq8EvUiluOx2P9KLXJw,A Google user,https://play-lh.googleusercontent.com/EGemoI2NTXmTsBVtJqk8jxF9rh8ApRWfsIMQSt2uE4OcpQqbFu7f7NbTK05lx80nuSijCz7sc3a277R67g,didnt have a skip button to move to the next rep.,2,0,,2018-12-20 09:23:37,"Please check the latest update.
slydroid79@gmail.com",2019-01-02 13:43:08
gp:AOqpTOED6Ibg51oeW9hYhb463CjiZAUqf0_ernF1KvkT9_FFNXn2g0xYl0SitVrPXoyKtZILd3uSqu4__OaCuw,A Google user,https://play-lh.googleusercontent.com/EGemoI2NTXmTsBVtJqk8jxF9rh8ApRWfsIMQSt2uE4OcpQqbFu7f7NbTK05lx80nuSijCz7sc3a277R67g,Excellent un-cluttered ad-free professional tabata timer.,5,0,1.82.76,2018-12-13 16:28:24,,
gp:AOqpTOGuVXQPPdKd2kklUKTDMNctIM6cCitSE4NkvbfWFroS2sbYDr8ZDXs9zZlS1L7gKCNDskJlr9DBQBonYw,A Google user,https://play-lh.googleusercontent.com/EGemoI2NTXmTsBVtJqk8jxF9rh8ApRWfsIMQSt2uE4OcpQqbFu7f7NbTK05lx80nuSijCz7sc3a277R67g,"I had to uninstall the app! Every time I used it my phone shuts down, i have Samsung s9, the phone totally turns off once I push on start. I don't recommend it",1,2,,2018-10-12 12:22:47,A short feedback to the developer would be more helpful.,2018-10-12 13:07:17
gp:AOqpTOGhdxlfl3_jSkzyN9b2lmPUqT2USlWwvPbOgElPO5wlsJazaIogN39lECdHyIEEcsIdzJG4qVzSRi2vtg,Jeffer 23,https://play-lh.googleusercontent.com/a-/AOh14GjLHGE-Ayl65YHFrFMcZ1gT3E0JSyYHgGPW0NIctw,"This app works well, but I wish the labels could be more custom. I use it to improve lungs with intervals for breathe in and breathe out",5,1,1.82.75,2018-10-02 10:24:11,,
gp:AOqpTOGNgAnyXWySMx1JC1Ewd2d11hkElLSKcb1_fk5Rq9IZVJ9vvgVyWzntx94q3crPUQVW8RsAfjlnpZGckg,Robert Graham,https://play-lh.googleusercontent.com/-GTh4--X2NWg/AAAAAAAAAAI/AAAAAAAAAAA/AMZuucknKF6D5oS0iUQG_yO3LbSndL8aFg/photo.jpg,Bought the paid version based on reviews. It does exactly what it is supposed to do. Excellent ap great value,5,0,1.82.75,2018-09-21 05:57:45,,
gp:AOqpTOEpJVadFg2FUP-XKEJS-X8iy1_sLyD8CexTKxL1QdR7-ez9B9Tw7T8rJktlNNA5Fi3OZ1S7m-RXms6Zfg,Eliza Fox,https://play-lh.googleusercontent.com/-5REYjrkhE-4/AAAAAAAAAAI/AAAAAAAAAAA/AMZuucm3oANGLeBNJDDdAgwfvCcPl4kUWA/photo.jpg,The integration with polar h10 is perfect. Once you know your max hr you can do a precise hr based HIIT workout. Just awesome,5,1,1.82.75,2018-09-14 19:14:39,,
gp:AOqpTOEfclWf5hTmQzkdI7z_fStDLnz5eDu1ak2Agu8Rg1P2tGT3NDAP40NuSklcRbG-_UG88THpgYMN_it-Wg,Lyndsey Langley,https://play-lh.googleusercontent.com/-h4OI6GYUK1k/AAAAAAAAAAI/AAAAAAAAAAA/AMZuuckkuo6mx-Yx2rhhMviJKQP9El3fTw/photo.jpg,"This is an excellent timer app. No ads is appreciated, and well worth the few dollars. Lots of great functionality.",5,1,1.82.75,2018-09-07 08:44:46,,
gp:AOqpTOGxb3AxnhslYB9OA_rjW_EC1SrGr1TU_ETqNysmGRt4ApTqu2ek_sOivOs3BzlmG0hXz3uSIcj7zn4imw,Yeasin Ahmed,https://play-lh.googleusercontent.com/a-/AOh14GhdlT2auq79XYxAJ9LgpOE82KF0fWSpBZYT_rJ-P9E,Fantastic. Tried several. This is the best by far.,5,0,1.82.75,2018-08-22 03:41:42,,
gp:AOqpTOFva8se5sLaVRrgKmeOoNC5b1Q7eQHOEKLaH6DEB2yrkwkTwAhIoLuU5zb6SCsWQfZIFu1_zV_-fLqlUw,A Google user,https://play-lh.googleusercontent.com/EGemoI2NTXmTsBVtJqk8jxF9rh8ApRWfsIMQSt2uE4OcpQqbFu7f7NbTK05lx80nuSijCz7sc3a277R67g,Its I.proved my workout,5,0,1.82.73,2018-07-24 13:33:55,,
gp:AOqpTOHtUe1f3Qqw1WUb4ryGjILDl7LaW4qJmP7DEU08-8heQGYuijK1-yat4QlN6it6LHtGkL-ycrYTNuVsSw,Lipan Banyu,https://play-lh.googleusercontent.com/-xEyufmeuTpo/AAAAAAAAAAI/AAAAAAAACvU/AMZuucmnfG47H-VKGLTtcvvZRaGrDykqeA/photo.jpg,"Very easy to use it.. Glad using this app.. Very very very love 
it😍😍😍😍😘😘😘😘",5,0,1.82.73,2018-07-23 05:19:21,,
gp:AOqpTOEHl0QYII5TV6D8UtrjotNhUB0ehsmqAe5R4y5eaUCRcjnsDc5zaFkDX-i26mithgJt5LQKgEmcgBgcCw,Grant R,https://play-lh.googleusercontent.com/a-/AOh14GiUshEjeBQonXF9VJAeddZnmF6BITeULQFQ3mB8dw,"Brilliant App, this is an example of how they should be designed. Feature 
rich and nothing annoying about it. Happy to pay for something this good.",5,0,1.82.73,2018-07-14 20:47:20,,
gp:AOqpTOGRzTx71hVwLS9lY6T9C6v0OWT7fcf01ol4vyRpepXgpZ5UJvPDz7-jITN-Twzs8jPAVrb-FoC2-hXRrg,Jaret Besler,https://play-lh.googleusercontent.com/a-/AOh14GgCcyjtB_ENzm4F99MB4hRh6Et9R1HFh4Byiv1L,Easy to use and effective. Exactly what I wanted. Love it. Thx,5,0,1.82.73,2018-07-11 17:08:41,,
gp:AOqpTOEzWx-pM04ueMODBkU8nZdJdFwhOacTU8osbYnd7RZvZwwveOh0h5-OS_2mhyJ5no5STRGYWUsfzGPn3w,Dan,https://play-lh.googleusercontent.com/a-/AOh14GhQ65ml3h-kcUJ_oVacJY2_l36KwsVMl9vpus3BwyI,Yup,5,0,1.82.67,2018-05-30 16:36:09,,
gp:AOqpTOFkStaUWNS1dU0WYiJv8eS2yQpLtBIn0wvvwZJLEgLbgffwmYJ3zqYTcKfxLH-wGaSMe3nqldJ8VJWS1A,David John,https://play-lh.googleusercontent.com/-N6o7XkVM_ig/AAAAAAAAAAI/AAAAAAAABhI/AMZuucmli5KofdRjQiChx1uyWv9glKQtkw/photo.jpg,Best tabata app I have used,5,0,1.82.67,2018-05-21 00:06:18,,
gp:AOqpTOHwh5u6rsntcxPNKHlA2CqEAKghjxa8h7Z3yP75PZi_UXUvC5g_Ej5Ju_TP6zvzNIE3zWj3Gh_lXhsWCw,Ryan Julius Banez,https://play-lh.googleusercontent.com/a-/AOh14GiRn0zpiExMSdiH4KNj9bdHkLXp_d0NMWJoZykF,Thanks for the app!,5,0,1.82.67,2018-05-02 15:54:39,,
gp:AOqpTOFQ0HgG5mimNZrCJTNNQNjyx2yY4KxjFZcMzhVLF-eRun_mRarWWzCY61Vm9lib01AP6052WF3hUmZa6Q,marco vassallo,https://play-lh.googleusercontent.com/a-/AOh14GgvHvYa1AfTbkV2c59ZNicotasPXKyyOWDali89ED4,The best timer app I use!,5,0,1.82.59,2018-04-25 11:02:44,,
gp:AOqpTOGqmm261gHKWKAVsmOtJUp86ps34JKeQOac4xZfuiyplo6V1rJgB6q16GsK5jBz9ddcT8h_5kzx3W4yGg,Alejandra Valera,https://play-lh.googleusercontent.com/a-/AOh14GhgQ0JnM3Rb65mSJLCZBpdvA148FFacwNBykbyf0g,"This is the best timer I've used.  I love it, it's easy to create circuits and the voice is soothing.  Lets me use my own music and I just highly recommend it.",5,0,1.82.63,2018-04-11 09:22:38,,
gp:AOqpTOG78vgrnXVWNKbc3ZepvK7w0VGUe0eiPxElvWHUegzI1m8I_Sgtg9EmjgjblyxgZQPPSQrRElGTdESF9g,Sukh Thind,https://play-lh.googleusercontent.com/a-/AOh14Gh1zMw4Gxe5LENjqpvjVipgSINqHbNkmtQ_R6z5xDk,Great app with a good timer,5,0,1.82.63,2018-04-06 22:46:35,,
gp:AOqpTOEDlG6jUu1yl8G6W4hUTwifGAfyRd2hzAvQ7dkddasHlhPNonJAhts6nMICMuGEt2KrSBUdRhSMtC7xQg,Andrey Fadeev,https://play-lh.googleusercontent.com/a-/AOh14Gimx9Eirultohxb-yeGd5gn_P634BraHd8uy4TGoA,Best interval app,5,0,1.82.63,2018-03-02 21:30:10,,
gp:AOqpTOH7Y8Te6wsbt-0EJylZkEaLgoDSfbbo_Gx4WJepAOJqcZqCO1Cbw-m_WNO47S2KsU1G4Sg1H5KYksL68w,Rico Gonzalez,https://play-lh.googleusercontent.com/a-/AOh14GgJD59z5JLxCb8YVjVeXbCnDLEVh59LrMhGh4Fj7w,"Best I've come across so far, at least for my needs. Like the fact there are breaks put in on top of rest periods for doing static stretching and that you can play the music playlist separate from the timer.  Would be nice if you can come up with a different playlist per routine/exercise to match tempos. Still, a very solid app overall though.",4,3,1.82.60,2018-01-21 00:32:47,,
gp:AOqpTOGAarul_63mQkwXOx06E1_iUwZthyW9QAX3F0uqYS1gFX2_RUuUdyI_Nn63bXD9gmLAOeNF2_W1SLRkNQ,Hester Burch,https://play-lh.googleusercontent.com/a-/AOh14GgJp9pocN4e2wuHka8ZJDaCDTbuUOXv5KzVGvrp,I use it for hangboard training for rock climbing.,5,1,1.82.59,2017-12-15 18:58:13,,
gp:AOqpTOEXjCmV3iMvJcKbgRrxH3qGYOgz1mjmcWDnbnWQ8tNw0sHimFEdXbLql4-1AlmvqLXy9Hzlg0NZBiW28g,Wouter Lagerweij,https://play-lh.googleusercontent.com/-kWw10lENeAA/AAAAAAAAAAI/AAAAAAAAAAA/AMZuucntvvt2jIeXDbHivFI-z77p5rV-CA/photo.jpg,Train with this app every day!,5,0,1.82.57,2017-11-28 09:45:16,,
gp:AOqpTOEQCWLVbpSj48xiQovmq-uDj7aXkPCuLaL2a9xzNiOC5zZsLonUme-u7aCiyY6BW-IM1yHVrUC0iFWR6w,Debabrata Malick,https://play-lh.googleusercontent.com/a-/AOh14Gismr7C1Zk8chZ32Strc89J0jRh3RyQXt4tuO7t7NU,Make it Android 8 capable,5,0,1.82.53,2017-11-02 23:32:01,,
gp:AOqpTOH01RxM2-jBmfSNILunTwWZZJEJe18Qu2nfNlapBpmTMqEoBpSjxlkIf7oyyBm1qzP5gQa56kNlEAg2zg,dan reed,https://play-lh.googleusercontent.com/-T0rVZKCWCAo/AAAAAAAAAAI/AAAAAAAAAAA/AMZuuckczU4B9CESJw6Qtql5nXuH8YzISQ/photo.jpg,This app is pretty damn cool. Tells you when you enter different Heat rate zones. Customizable workout names. Nice to be able to put phone away. Can play over my Spotify in the background. Connected easy to my polar hr7 chest strap. So far I'm loving it.,5,0,1.82.51,2017-07-25 14:03:40,,
gp:AOqpTOHXGkBkcesg_xDpMzJjj1gChhl4XQ_fZIV2u2LWQtKzGKP48bmMXeCSb5ug78ErnJAJ5C4SUUvL7aavog,Sharon Schreck,https://play-lh.googleusercontent.com/a-/AOh14Giw__hN2DuvksLCfE9UjgB9qlopzOhy4xgB4C9S,I wished the set up was clearer.  Orherwise...awesome,4,1,1.82.51,2017-07-18 19:47:26,,
gp:AOqpTOF8DYoBBgTsJRkAbpDKYWMpbXTehDRFvAZDh-SWQMgWi61DEMJMeWR6k-F_rNnMHTcGKiAsj3v5CfOzsg,MaryJean Williams,https://play-lh.googleusercontent.com/a-/AOh14GhIHGhXoOcUmhIuJKMC2zoU6VbuvIpeDla5-bbR,"I'd like to control sound, but this allows me to set up multiple workouts with different intervals. I like it.",4,1,1.82.51,2017-07-12 18:35:47,,
gp:AOqpTOFTrq3cQe2sbFe3Hkm5usHaA1dkFv2QFiQzw_jjnS77_PHwnM0upxHfeSn1-zMCGNI3d3eeCjvmaxls1Q,A Google user,https://play-lh.googleusercontent.com/EGemoI2NTXmTsBVtJqk8jxF9rh8ApRWfsIMQSt2uE4OcpQqbFu7f7NbTK05lx80nuSijCz7sc3a277R67g,Would be a 5 if it had more sound options.,4,0,1.82.51,2017-06-08 06:37:15,,
gp:AOqpTOGDtcSu0tdEamntC_3APBDhP75bzHJpGNBL48N7sVa7Pcv4JzcIomhwOL_u9AeqSOUaXawIcPeYJb8-cg,A Google user,https://play-lh.googleusercontent.com/EGemoI2NTXmTsBVtJqk8jxF9rh8ApRWfsIMQSt2uE4OcpQqbFu7f7NbTK05lx80nuSijCz7sc3a277R67g,"Good timer, that's all i use it for.",4,0,1.82.51,2017-06-07 09:58:22,,
gp:AOqpTOHdfo-Zi4HsltIsPuEfX9QVA1_p4WICwtjju3-L1iGX_0UM6hWne9p8D9eyPTlwq_ykcXAJbOSmL5ebgg,Jonny Gordon,https://play-lh.googleusercontent.com/-85OyVrb52m8/AAAAAAAAAAI/AAAAAAAAAAA/AMZuuclVARkMK2el_4an6dhoJp9H-99Y4w/photo.jpg,Hrm monitor integration doesn't work and support is unresponsive. I tried to connect my Zephyr HxM Bluetooth heart rate monitor  (chest strap). The app doesn't show the heart rate reading from the monitor. I emailed support and no one replied...,2,5,1.82.51,2017-05-14 13:47:29,Please contact me if you have problems: slydroid79@gmail.com,2017-09-28 14:49:47
gp:AOqpTOFD2gMY5I4oVMyhmUczo2tOX5GtKovVVTtJ3HNVscLZeZEbp3UtIaBP8IaxYKsDOzNtNZZA7EHsIDNagA,mark g,https://play-lh.googleusercontent.com/a-/AOh14Gib5LreBNc6X-Hp-qMLv28nOsENua_hk1OTTB6_zHo,Very nice app. You can rename your reps to set up your custom workouts so it reads what the next rep is. Just wish they could put a visual aide somewhere where you can view the reps when the timer is on( sometimes I couldn't hear the next rep announced over my music),5,1,1.82.51,2017-05-08 08:43:54,,
gp:AOqpTOFwZqzUheNDIJJhUkzTUtRuO9j-SEIeLmTkuDI6U4CYgB1J5XVy1w-P5FOdDDBOgX4VqYrwI_AC-CDBqw,Mark Hawkins,https://play-lh.googleusercontent.com/a-/AOh14Gh1ZWDei_5ihNrejz2FIVXWaY_nqJwVVUALSsWHSFU,"Simple, flexible, nothing more.",5,0,1.82.51,2017-04-26 02:44:12,,
gp:AOqpTOE6KBebDRCLP6-tfLjQpvnLmkJ67NJqyKkvbK74OpHbIbDBK5GxjrA3Q7yOFCFxtsqEFz0aiLmrqM8BSw,Jason Pillay,https://play-lh.googleusercontent.com/a-/AOh14GidCW02zqNjDwToARQXgWiWgdAofmuYCdSh8azYGg,"Great app. User friendly, interface is good and easy to understand. Definitely best i have seen for a long time.",5,1,1.82.50,2017-04-10 00:27:34,,
gp:AOqpTOERZpbJIx2-hO7GmCO07pBo8lEPGaAHZ3PSsV1BoI9pQyjRXs7r3IFxHGLo6JM8duwwDiDxk0MSDNmjfg,CK Chow,https://play-lh.googleusercontent.com/a-/AOh14GjdIzG_P7XLsTnHbF8JoWDA0QrSUKsNoCueq_9r_K8,simple and nice. sync with google fit. good workout customisation.,4,0,,2017-03-11 19:00:55,,
gp:AOqpTOGU3d_Nzf3Nmamd3fBH8VRD3OmuqI4lSz8aDbmQpM5Q8iksWcLLayi1JoKiATp-VFUhK-sHL90RpR_Wtw,Alfredo Impera,https://play-lh.googleusercontent.com/-QaF72gkTvRM/AAAAAAAAAAI/AAAAAAAAAAA/AMZuucnDUi6MOFRQoQz86lvwpjdwTLY1DQ/photo.jpg,"Great support, nice GUI and perhaps infinite workout",5,0,1.82.50,2017-02-13 10:31:20,,
gp:AOqpTOFVjB5NRl5YUHrNlSPVVDPskidlGdQPLHOVEjjTsl3ptCPQ6niHzvuyS-7U1S5DSN9qfYSBbVYmstfo7A,Keith Evans,https://play-lh.googleusercontent.com/a-/AOh14Gg_KnexnRbXV-YejHXqhmCHGn4Zsuj21kgnZMFB_Q,It does everything that I need and want it to. Also love the frequent updates.,5,0,1.82.50,2017-02-05 10:09:48,,
gp:AOqpTOGgB8ReIlbegSAC2wIO3QFqHpD1s1HyEv7OOYF7_3ByRBlJu66T4yKVLc3Cqa_mCrLmXuetrcs1tltUpw,Wouter Lagerweij,https://play-lh.googleusercontent.com/a-/AOh14GjOHwZlK7GTdUV_l2ar-BCVQ6IflP3sX08QdzN_M8E,"The only tabata timer I've found that has a great ui, works easily without my glass on, and is easily configurable for my different workouts.",5,0,1.82.50,2016-12-31 01:10:56,,
gp:AOqpTOEUdoWIVeW984ImtO47By1_5aWO1DE5e3nDz3cZzH42GaTD9NHLS3wZjbfcJh_GIr8z44gzX9IBx9r_Fw,A Google user,https://play-lh.googleusercontent.com/EGemoI2NTXmTsBVtJqk8jxF9rh8ApRWfsIMQSt2uE4OcpQqbFu7f7NbTK05lx80nuSijCz7sc3a277R67g,No complaints here. Cool app to have,5,3,1.82.50,2016-12-28 21:20:28,Thanks for this great feedback!,2016-12-28 22:01:34
gp:AOqpTOEeWtJwC9CdmSp_8v1Hz3QDP3k5G4v8yI9bgtUTlOASqK2l4REDFnX7x12Gf7L1yk6KSGTKh_-rn5q83g,Nicholas Brown,https://play-lh.googleusercontent.com/a-/AOh14GgZ1_LYX5xTNUUVZ2GOIIkDPOaieJczAzHwWAJL,"I think a lot, thanks for the concern Of my thoughts.",5,1,1.71.12,2016-08-20 05:12:22,,
gp:AOqpTOE7r2ztTYXbdZgS_jj_an8BCPXxsMWvxx8setGfsRr9QmB5QtEDQHYb4uauW8KIojIzHRrmPPCfDGNz4A,Y. Chin,https://play-lh.googleusercontent.com/a-/AOh14GiXnIIC9sL_R1HSw4_wtImZsfo4GJIPH3ER2gk,Each update gets better,5,1,1.71.10,2016-08-08 21:31:09,,
gp:AOqpTOEpuD4upLiVdAQQfqO01bzd0i78uQUQi1EcpDN7oTvWU8XUBYqdIxM4JkM0XJoAq2tqz06-A1pANNuuuA,Faith Toh,https://play-lh.googleusercontent.com/a-/AOh14Gi2t4qovRCGDhxmcBuQgldDH8neLmFhWowBw0I3PFo,"... The ""Rest"" screen had a ""Coming up: [next move]"" in text, not just voice. I left this feedback on the free version and it was updated. Which is why I bought this pro version, but it seems that this feature is not available here.",4,1,1.71.06,2016-07-09 09:19:41,,
gp:AOqpTOEwntkx9lxx1m62-opS7Yf49oQFCTXAwYK6rYWHiE1K1nrdVgRFGxzIFUAkG5RsqKP5O9mvGFIcP_8GPA,S M,https://play-lh.googleusercontent.com/-7LjJseuw9-Q/AAAAAAAAAAI/AAAAAAAAAAA/AMZuucm4jC4OcARuC8zCgLETYpj1LUvXvw/photo.jpg,"This is a great app. If there were a way to add more timed components to the workout, I would give it 5 stars. For example, we like to do some rounds at 2 minutes and then add a burst round for 20 seconds. It would be nice to have more flexibility. But I still love it and use it everyday. Great job!!",4,3,1.71.06,2016-07-06 05:17:31,,
gp:AOqpTOEbTuEbxjC2vr5lavXCGRohKH-t7Gg_9gzNXvCdu6dLORHjYlfIyoTIIPLflfwEpEEIltAPWObb0uUZqg,Ralph Dorsinville,https://play-lh.googleusercontent.com/a-/AOh14Gj1vdfKyvz5CTV4hJZp8OzPj60NRCopsV8ivQpzNg,"Easy to setup routines for working out. Timers are all circles so you can read at a glance. Voice prompts are clear. I'd like some encouraging phrases as well.. The timer pauses on incoming calls and has to be manually resumed. The display does not show the ""Rest"" timer but it does show Warmup, Break, Cool and Work timers. Recommended for any tabata/HITT exercises.",4,3,1.71.01,2016-04-05 11:05:47,,
gp:AOqpTOES6kExhRThwUbgfSVferIbsiuyu5REdJtwQMgwLpiuHfUTJKn9jFFVFOkckBSwLpOVK_FcAmrjMITPWA,Alex Toledo,https://play-lh.googleusercontent.com/a-/AOh14Ggqu3Afe-371u03s-KyXEHvsJwqIrXXbKh00Feg4A,Such a simple concept but so few apps get it right... this one nailed it!,5,0,1.71.00,2016-02-21 11:39:42,,
gp:AOqpTOFKFy3RKy8VaEMRslnzTJYu4RinkxXxOGqolgG3Hh0-GfEW3zXjWpvm1ssdF4z2-NXk-upNy-stuqYOoQ,Chak S,https://play-lh.googleusercontent.com/a-/AOh14GjPy5rOjq-3nK_j4nEE49SCXv0vh1oZ3qihCisYCA,Quickly accepted my customization request. As promised I am BUYING the pro version. Thanks!!! (^-^)/,5,0,1.65,2015-12-25 22:41:29,Thanks for your great feedback!,2015-07-25 21:59:40
gp:AOqpTOFyFdnD4VXL3DvBnHH_EuDK7yj9UQKAhQCsUqaGW7txPffMgAOZ6zKqg5igOkIwLf3s3TtUf7sGFWKY5w,Armando Blanco Perez,https://play-lh.googleusercontent.com/-bHhD8g07fG0/AAAAAAAAAAI/AAAAAAAAAAA/AMZuuclbZpTcK8f0eJZDChuCgUK5XoPrPg/photo.jpg,Very good application,5,0,1.48,2015-09-14 22:52:46,,
gp:AOqpTOGeyE8zHLLqWJqkmUCns1lPGtkbOD2ZjeK_UBDDXawbuoCHwdmFVKJv5hH096b_5MuJ1Wv53KiCWMVQLA,ahmed al syaid,https://play-lh.googleusercontent.com/-QPE7GF7F1iQ/AAAAAAAAAAI/AAAAAAAAAAA/AMZuucl9Ms3wPuMjDO8C33jisFiO2wzWKQ/photo.jpg,I love timer pro from Indonesia,4,0,1.48,2015-09-12 09:53:55,,
gp:AOqpTOHgzGKDASSB2X1P7KqNAeNOZzT7iGC4yUtVBePt5kdsNRHt5r1VfsWEGa_4-xJ4mz00iytE5W01mrj3qQ,Malo Adams,https://play-lh.googleusercontent.com/a-/AOh14Gg0yeYHkEld7D-CDQsqFxStpcds1qfl7Bs9j00NVQ,Really love this app! The option of having the app speak the time status is outstanding. My 1 issue with this app is that you apparently limited to setting up only 10 workouts. I would've loved to have the option of adding more.,4,1,1.43,2015-08-22 06:02:36,"Hello Malo,
Thanks for your feedback!
I am currently developing on a solution, to add infinity timers.
So look for updates in the future.
You can contact me for further ideas or suggestions:
sascha.guenther79@gmail.com
Regards, Slydroid",2015-08-22 12:27:54
gp:AOqpTOHMTc_1Z_GxD5TcxSF0v7ylN5cpvXsztkG87TajIWQMZugPYa-rbW57LuKG-tzkE1N5U3uSTtEUnEy4oQ,Del cox,https://play-lh.googleusercontent.com/-2H793hhieTY/AAAAAAAAAAI/AAAAAAAAAAA/AMZuuckyFW1YxobE8aAcAG06hK-5TXl3NQ/photo.jpg,Like the versatility.  Does everything I want. New version still great.,5,0,1.40,2015-08-11 09:14:02,Thanks for this great feedback!,2015-08-11 18:54:42
gp:AOqpTOHH8jEVVmOdFU1aHw6VkbRATvrZ5rR7r8Ip3jB0piLPc6sYXR67I0BTPm225wki1M4vd-C0QCDYZTglHQ,will grev,https://play-lh.googleusercontent.com/-xNpnnOcO_Jw/AAAAAAAAAAI/AAAAAAAAAAA/AMZuucnXzAJ7AGF_maK_dY3gRunRSwmKbA/photo.jpg,Would have been brilliant. Every three days I have to uninstall it. The numbers go down too quicklu. Please give us the unbugved version. The demo version is awesome,1,1,1.40,2015-08-11 06:56:39,Please contact me if you have problems: slydroid79@gmail.com,2017-09-28 14:49:26
gp:AOqpTOEJBVHObfVEzuDNQbiA7b9ETEpHBad3-4-QnOZeFDUe3C403BJwbJ4J0pXVU5dGVHtIZ8l479-1hhjeZQ,Andre Vivian,https://play-lh.googleusercontent.com/a-/AOh14GgEVF94-W8a6HieEq9HiIt6a14gDEp1GP_6LbJofnI,Keep up the great work,5,0,1.40,2015-08-05 11:04:55,"Hello André,
thanks for this great feedback!",2015-08-11 18:54:15
