reviewId,userName,userImage,content,score,thumbsUpCount,reviewCreatedVersion,at,replyContent,repliedAt
gp:AOqpTOFPgHRndxzvtpkTvSRg7XxgdGL6oapKmsN_5pbc21Mi2WRrN6Ca91G2oSZ4qUUAki92to_hJQnSRg8evg4,kyle bennett,https://play-lh.googleusercontent.com/-FzOoo_g2vts/AAAAAAAAAAI/AAAAAAAAAAA/AMZuucnGwJlK7_ppdRSgdgjEpsVFImujfA/photo.jpg,I wish I could datalog the extrapolated torque and HP values.,3,0,1.5.2,2021-02-09 09:37:36,,
gp:AOqpTOHQjioq6VW7W4wb6x6cgZUjyopQhkUI1DO401yVKO_Z6L0eK7-XmNAOgO6eH0S6dABK3aG18nkx4l0Z8h0,Bobby hinson,https://play-lh.googleusercontent.com/a-/AOh14GiwvDcMvqG2TX2K_0V_HZhxnvTSLwRCMBvYM2oBBw,Does alot of things. It's actually a cool app and puts me at ease being able to monitor Temps and stuff.,5,1,1.5.2,2021-01-24 16:53:44,,
gp:AOqpTOHfkjfNpjahUNbhQ6bjbVevp8APwahvSdm5gLuhd95jDXxJmLb-OTcZc8_CX6Oi9IzWlMQytyne_byzLws,Jun Yong Ng,https://play-lh.googleusercontent.com/-Nr5Vx_5s5VU/AAAAAAAAAAI/AAAAAAAAAAA/AMZuuckM8bHBbgBHlEVbbjUWmMWDWmR3sg/photo.jpg,Will this eventually be updated to work on headunits/android auto? I bought the app and it's working on my phone but not my headunit... Which was exactly why I bought this app. Even the old hondata app was able to connect to my s300v3. Why is this a downgrade that we have to pay?,4,6,1.5.1,2021-01-16 00:12:45,"Hello. The app needs to be activated via the play store before it can be used. That's why it won't run on Honda head units. On top of that it wouldn't run well on it. As for other head units and Android auto, the app works on some and not on others due to a BT bandwidth limit. There is no guarantee that it will run on your head unit.",2021-01-17 12:35:31
gp:AOqpTOF8AnQcXFIBSI764Yf_K08a0FsZcRYyMCwdoq4UqCpdgEFDU0rqOsHfXci87pkypM8APj3Nb6gS-Vr8gK0,Nazeem Ahmad,https://play-lh.googleusercontent.com/-oMHyR4lJUmc/AAAAAAAAAAI/AAAAAAAAAAA/AMZuucnR4RcGYlqLwlDmE7DxvljxJSP8qw/photo.jpg,Ill give 5 star if the app free..haha,3,0,1.5.1,2020-12-31 21:26:54,,
gp:AOqpTOHB8ca5_CleY2RDrNalKMkhuCGVahDGFjel74_4meeRFk1KyAYLmIU0phH594YgUVFdGB4_OlvAGZqsxo8,Shawn Chin,https://play-lh.googleusercontent.com/a-/AOh14Gi824EXDBGZ4Df8d8C4aXFlzb1uUr32sIKLVsnNig,Unable to connect with Samsung S10+ can the developer please offer a solution. I've tried all the phone as well as app settings it doesn't connect still,1,2,1.5.1,2020-12-30 18:59:43,I'm sorry to hear that you're having trouble connection problems. Some phones may not work well with Bluetooth 4.0 which is the default connection. Please pair the Hondata adapter with your phone in your phone BT settings then go to Hondata app settings and change interface from Bluetooth 4.0 to 3.0 and restart the app. mobile@hondata.com,2020-12-30 19:36:19
gp:AOqpTOHFObwXgW7MvQGYP_CZLTqXOdakxxWi9WvfrNuVVOlwarBV-qh_NU-GcUlRNYFTC8NnlLntLMC6X8jItb8,Ruben Soares,https://play-lh.googleusercontent.com/a-/AOh14GjFlmSVaariMMe-YmDXLZfpTRYwLU1Zq_49ye45Vw,Great app does what it says,5,0,1.5.0,2020-12-30 02:53:30,,
gp:AOqpTOGiRM9I6poDmjtaFP8L3a1f3T0wclCMiew6l_AYMVSc6ZGbRAAtnuxi4XB-cJr0xvUMjCdq9gBUnFDd_fU,shahbaz nazir,https://play-lh.googleusercontent.com/a-/AOh14GjMilC-LrC2Mghrx2majEC0NUiF4K8L67ndxrGR,Awesome app finally got it to work,5,0,1.4.9,2020-12-29 15:04:01,Please update to the latest version 1.4.8. The problem should be resolved. If you have questions send us an email. mobile@hondata.com,2020-12-19 21:51:14
gp:AOqpTOHWr_OStLi_HjITQne5uT8CnOgL9fEYvmLHaDqU5gHJ38GWjUnxDQYFpht_X3P3gJFagtFCc6BtQY6nVkM,Hassan Daoud,https://play-lh.googleusercontent.com/-rReCM11hIhk/AAAAAAAAAAI/AAAAAAAAAAA/AMZuuckr3sG1ow9PxbL68w8t0IAmDSuOog/photo.jpg,Crashes so much and keeps delete my dashboard presets,2,0,1.5.0,2020-12-28 17:28:29,Please update the app and let us know if you're still having trouble. mobile@hondata.com,2021-01-06 09:15:32
gp:AOqpTOEh0HP4VJi4HGhLmdL3-9jatye_9Jb5nHwVzs5It2zfRG6gBHXE5HMEukCZTch6VWPxSIYgfwhowGt2JbA,Dustyn Smock,https://play-lh.googleusercontent.com/-FS2IX0cU0hI/AAAAAAAAAAI/AAAAAAAAAAA/AMZuucn6cX4tImezIpc48qLMwIYJcWGUYg/photo.jpg,"Overall, I'm very pleased with the app. It does what I need it to do and the response time to what the vehicle is doing is very quick. My only issue with it is that my settings and gauge layouts keep getting reset after every update.",4,1,1.5.0,2020-12-28 08:03:02,Hello. I'm sorry for the inconvenience. This issue has been addressed and won't happen again.,2020-12-28 10:07:05
gp:AOqpTOGaZBpdXS9FXvkRPOUwSixnxZZKZn1TNULK8wkilWihfq_3DxJPu3QRkTUzuj-WnKBw5DA2NuX-JpxtpWg,sherman yap,https://play-lh.googleusercontent.com/a-/AOh14GhJsM4DCygkn4SjIVHCoCrSUtzpp-uoXJ_KjT0wdQ,Thank you for the continuous updates and support. One thing that puzzled me the most is why does all my settings somehow get reset after an update? I always have to set back my parameters and the displays i want after each update. 😅,4,3,1.5.0,2020-12-26 23:51:37,Apologies for the inconvenience. We added some new PIDs to the sensor list and as a result it made the app unstable for user who did not update the app so we had to reset all settings to fix the issue. It will not happen again.,2020-12-28 10:05:31
gp:AOqpTOEMfMOOF5_7fOp7t4PbZyI45M9pUtQAMeucRkxtkMPpkcGZQe1RwoZHinLHRIWg_qMO46-dQFtzhHHl8Rg,Javier Munoz,https://play-lh.googleusercontent.com/-Zzdp6xHj0jI/AAAAAAAAAAI/AAAAAAAAAAA/AMZuucnRs3rIIjHj8m1XybEIDA85a9hCUw/photo.jpg,Doesn't work,1,0,,2020-12-23 16:20:33,Hello. Please contact us and let us know what problem you're experiencing. mobile@hondata.com,2020-12-23 17:10:48
gp:AOqpTOFt43GBUw1-iSkBAz4pEI20xnSBf3bM-hZACBCHgjbnY9z6uUwmDpzGMMGqFfgPKcj-87uLDRt1Z-bUaEc,octalide,https://play-lh.googleusercontent.com/a-/AOh14GhDzjfiim6GfE7-FunvQZWAAR7qWhf8G_nbXUcg5Q,"Absolutely worth the money if you've got a compatible device. Awesome monitoring tools, super clean interface, not to mention AUTOMATIC CONNECTION 👐 Great job on the app guys.",5,2,1.4.8,2020-12-22 12:06:02,,
gp:AOqpTOFmbjvLgOixzD08pSj6Ix-cM01PdEP1T2O1s4WYlndoc73fDxpVzf6JMP7e29eSZxfcOFZ3nGoLq1-BoMA,Edwin Torres-Santiago,https://play-lh.googleusercontent.com/a-/AOh14GjPZsDwFBptYhqXW795kZUYGgQ7kHKWaRS6JkiP,App keeps shutting down while using,1,0,1.4.8,2020-12-20 15:25:34,An update is now available for download that addresses the app crashing issue. If you have any questions or concerns please let us know. mobile@hondata.com,2020-12-21 21:01:52
gp:AOqpTOG3NqI0SAiagT-3HgCvFPtZU2-kU2vQwXtIyJ8KEmU_isckVt6jw-Rklrey03g18O__vi2zm9Eg1gAkzGc,yeska420ne,https://play-lh.googleusercontent.com/a-/AOh14GikmBH-SM5FZN1J3SYNHybPA_6IJ6aRmPck_Rzs,Very good app . By any chance can you change it to rev up to 10k instead of 9 ? And can we set the rev limit to what we want?,5,0,1.4.7,2020-12-17 13:45:19,Hello. You can change rev sensor limit and range by going into settings->gauge/graph settings->sensors.,2020-12-18 09:40:57
gp:AOqpTOGx7w4FXszVg6BNHEWnCjvRKUSyIGz1EYhbAm27Q_646eUVYtEN8hCRbf7ZjLvQYxJTla5utJNrArJkvAI,Jeremy Andrade,https://play-lh.googleusercontent.com/-YuUvfPHUGik/AAAAAAAAAAI/AAAAAAAAAAA/AMZuucndnGmgHq9fiw8Vga0uUjoXWterPg/photo.jpg,👌,5,0,1.4.7,2020-12-13 10:43:35,,
gp:AOqpTOFXiXunj75ZGy8RIOYmBjFXRNvBMhXsGMJn4OhU6EvHBFfR3FJoP63yJOge28NtdegeyUxTF8ay_BM86VQ,gir atetacos,https://play-lh.googleusercontent.com/a-/AOh14Gii9kTQ3WdMLjs1exIL0ly7yKCksKHTWqp7uOxU,"Worked awesome, but the app crashes as soon as i open it now",3,0,1.4.7,2020-12-11 09:28:10,Update 1.4.8 is now available which should fix the crashes. Please let me know if you're still experiencing trouble. mobile@hondata.com,2020-12-20 12:35:27
gp:AOqpTOGo10CkAHFQqzYiTvmY7kAHecDahDvIoFvQE55jl9C_0FVP3g2PoTlSAQ43Kvx9mRWesNrw5u_KoHvBacM,sasha timotin,https://play-lh.googleusercontent.com/-yE_3GUU5EXE/AAAAAAAAAAI/AAAAAAAAAAA/AMZuucluvwFbuUsGZvTnmJ8-CU8ZoNVEGg/photo.jpg,Is not working,5,0,1.4.7,2020-12-06 05:26:20,Hello. I'm sorry for the inconvenience. An update is on the way that fixes crashes after last update.,2020-12-12 18:58:01
gp:AOqpTOEDoMcZpzr_m2tOz-5OSJZPMnv0iupZiZ6Js1ujC0vZMemIRjKhfmvOUzAqtvNWGjSasVihT7rSiKqcqfc,Joe Blair,https://play-lh.googleusercontent.com/-xk_SrJUw3Pc/AAAAAAAAAAI/AAAAAAAAAAA/AMZuuclB86ggtdSdYU0RyN6bDMj_YmnKhQ/photo.jpg,App used to work fine now it will not open on my phone so I can't use it which sucks because I paid for it,2,0,1.4.7,2020-12-06 01:15:47,Please update the app and let me know if you're still experiencing crashes. mobile@hondata.com,2020-12-18 09:39:20
gp:AOqpTOECt_dy9sQBEL84b3IuVGNqrOYy7vKuen_dUt5qyB5c2NTJf5WRri3Ck0j9cmkGr7J2Mu1JA_QCauz6xXo,Jeremy Lund,https://play-lh.googleusercontent.com/a-/AOh14GgqyGHbBcU2QuanktgSbaDHm-7pHrtDht4B4WJ3hg,"Great app, great support.",5,0,1.4.7,2020-12-04 17:50:41,,
gp:AOqpTOHZZDMcIFemKRuU3WR1ViyWhXdagZSsrVSPukOmZZlNy90qOo6TBZXpvk2IInie4gK1c9YeogqXxexas_E,Batmunkh namsrai,https://play-lh.googleusercontent.com/-n-D0rYCyVD0/AAAAAAAAAAI/AAAAAAAAAAA/AMZuuckjd1E7qCkJG0NPRMtOrlytmBDCdA/photo.jpg,Nice app!! is there any way reading more faster ? maybe possibly hook up my flash pro with usb connection with my tablet? instead bluetooth?,4,1,1.4.7,2020-12-04 08:41:53,Hello. There should be no noticeable lag while polling sensors. In fact the app can poll sensors 20 times a second over Bluetooth 4.0. What you're experiencing is lag from hardware. I would recommend enabling and disabling Bluetooth on your phone to see if this fixes the issue. The lag could also come from car ECU itself if its an older model.,2020-12-04 17:34:54
gp:AOqpTOFDzEkvDpCutMnnt1YanoG1SGOPU4GQGjyt3w5xO0AguuK7GlLs0szWfSoYrtHDDQEviuwPlSz_Ea2mIrE,Kewad Gnahc,https://play-lh.googleusercontent.com/a-/AOh14GixXk6z6J74Joci1b6qD4V8Q-nCGEDT5s7PUxL_,Can't get it to connect...,1,0,1.4.7,2020-12-01 09:44:07,Hello. Please change the interface from Bluetooth 4.0 to 3.0 from app settings under interface and restart the app making sure your phone is already paired with Hondata adapter.,2020-12-01 10:13:07
gp:AOqpTOG9dtul4vd0u2ntD_Q7ljRtDVATk0yeOlfH_LSyODu-lhWO2Nsxa9vpN6gso2NqyeJvC2igiEGMw6r6Zrw,Beast Built408,https://play-lh.googleusercontent.com/a-/AOh14GhO4QmnqStJUdK59B5VMSW-jUqg6mPr9rIZiveVsg,Great app period..,5,0,1.4.7,2020-11-23 13:01:32,,
gp:AOqpTOHCq6p91143EV-g-TEKTb6ADDwr-gONS408HyysOm5bTOwUxIbprcJwbc5qz-G-gKZ9CC1-yzSjcZK5FAE,xLemon Ice,https://play-lh.googleusercontent.com/-qdXZ-mudyfU/AAAAAAAAAAI/AAAAAAAAAAA/AMZuucld5cwju2PYlRj-sOE7vFP5Vi-xng/photo.jpg,can it support aftermarket android head unit ? i try to use it..it crack few sec when hondata logo popout,5,0,1.4.7,2020-11-21 11:22:25,Hello. The app is compatible with Android phones and tablets only. This is mentioned in the app description.,2020-11-21 11:20:56
gp:AOqpTOGYijoConSEmVfbVm9EOXkTC0R-sv7rCIz9Jy9ZcQ0TG46kV9uk2-Z1odRvRdMF_X4ThPmKlHm_exzaSbc,Rhd k24 k20 Ej1,https://play-lh.googleusercontent.com/a-/AOh14GjdspJ4fOAjZcIrYOGCnP8wHkB8sP747N33aYjn,Old version was wayyyy better. Bring back the old one id pay double even triple for the old one to come back. Or make a separate app for that one,3,3,1.4.6,2020-11-16 12:05:19,Hello. Here's the link to download the old app for free. Please note that we no longer provide support for the old app if you run into problems. https://drive.google.com/file/d/1XW-ETnZjzgGLB0UlPrW50ElbxDYwo_LD/view?usp=sharing,2020-11-16 13:11:00
gp:AOqpTOG05vZyVVLK4VaciYLfJu5vycfopTqpIXowfBn799JMnR67JM4HxLqZyh_H-M9nbMP6d0jgNJC5Wzbuh78,Terry Rancour,https://play-lh.googleusercontent.com/a-/AOh14GhhcV7sFsDwTdP-hJE6xzPoF70uzC4gp8LnocpN7CM,Makes my 94 like a 2014,5,0,,2020-11-10 11:16:05,,
gp:AOqpTOHoDi13eeBnnP9VrxbhfwXYL2Q9qFfszDmQ7Kw1Pqdyk7-RafffNzChSNFQCE5uGfEag7PqZH1QJJ4MEFE,J Fang,https://play-lh.googleusercontent.com/a-/AOh14GjH4yEv-s5vBtkFXG7tRQIJt6Vz0CpxlgILQpdLOA,"Nice app, very useful. But just found out there is no reading on the gauge when dashcam and you cant try to fix it in the setting. Is there a bug? Dev please fix it.",4,2,1.4.6,2020-11-08 20:34:12,Hello. Please send me a screenshot of the dashcam. Do the gauges work fine in dashboard? mobile@hondata.com.,2020-11-09 15:41:49
gp:AOqpTOFLUxaK-1_u3Bz4ft7Nd861C-T88RWlKr6TK7vlk0D0Sgdp88lzs8PKHEdqGngBJ8r_zgv7lHkGLMw72Ak,Kiroymendoza,https://play-lh.googleusercontent.com/a-/AOh14GhJCDCVc_cYkj7RcBclNFpe6SFWLwUjPJbnpO3YnA,Its awesome 👌,5,0,1.4.6,2020-10-20 23:48:35,,
gp:AOqpTOEUobdVZ3oBIuptDgQY7u4HaGq0P56FrZMrM5vanAIHI0pzL_loe0EvZl4lIOcBkhQ6CMAoRmNt8EsBNPQ,Tyler lattieri,https://play-lh.googleusercontent.com/a-/AOh14GgEYK8sns5d6Z5-NWIR_n_3cQ1asjyZb_RsPI3Spw,love it,5,0,1.4.5,2020-10-15 07:43:50,,
gp:AOqpTOFyMbegsExxQgQxT_GPorf87Y7002nkJps3cgbOysfycft-w1VdnJ0f9CMunqa6dLj3PfpbpGIsgZJfHYU,Jose Campos,https://play-lh.googleusercontent.com/-p6ln-AGW11A/AAAAAAAAAAI/AAAAAAAAAAA/AMZuucnYWcpSOAlUX_G4GOmDbbalNpi7Gg/photo.jpg,The latest update is force closing all the time on both of my phone's. Can you email me the previous update?,5,0,1.4.6,2020-10-13 14:43:56,"Hi there. On your phone, go to settings-&gt;apps-&gt;Hondata-&gt;storage then clear cache/data then uninstall and reinstall the app. Let me know if you're still experiencing crashes. mobile@hondata.com.",2020-10-14 10:37:08
gp:AOqpTOHfcDvT0kKl7VzZDUDYR9tJZBoYsFA_zD6Mxv60MWv6e04X4uymlYREpcTL-GAhPtDu0I35CAitq0ow4kE,Alex Lusink,https://play-lh.googleusercontent.com/-A8nkYp6Dl40/AAAAAAAAAAI/AAAAAAAAAAA/AMZuuclo1eBzIuMgYUw3DswpWUNbBUmIYw/photo.jpg,Awesome,5,0,1.4.6,2020-10-12 22:31:21,,
gp:AOqpTOHyDl6a0H8XmT0IkqkpTzGZCk8pQiCF18KlvZWN5aSVfIYLBarP13pKFogJRO8bRjWTX73EAHdVS54CdCg,Jesse_Jesse_JesseDayo Un,https://play-lh.googleusercontent.com/a-/AOh14GhTWk2U7Y0pmWSX34csb8tU_bfS44CUqjWTdbLsrA,Thanking you for taking the time for reviewing app issues case by case. It works again and is an essential tool for me to use in my car!,5,2,1.4.6,2020-10-11 10:34:05,Please try the following and let me know if you're still experiencing crashes. On your phone go to settings->apps->Hondata->storage and tap 'clear cache' then 'clear data' then uninstall the app. When you install the app again make sure to launch the app when you're connected to the internet so the app's license is activated. moble@hondata.com,2020-10-08 18:03:19
gp:AOqpTOHaDsgJgra5WTrDaWFdKUWUItN6DYYrm3XOYz96qQsixa3cwSi8grS5t2RVKvbBgDhvkHYP4cZKBmaBOn4,ゴンサレスフランキー,https://play-lh.googleusercontent.com/a-/AOh14GicVO2jsE5a6F1xITlHuqJ28eNbexbJ8bSJJMa6tw,Developer help me with my connection problem and now it works like a charm,5,0,1.4.5,2020-10-06 19:39:19,Thank you for the feedback. Please change to Bluetooth 3.0 from app settings. Bluetooth 4.0 does not work well with all devices. Let me know if you have any questions. mobile@hondata.com,2020-10-06 19:18:40
gp:AOqpTOFYRzE_O7PMaUnaMjoV5Uqxd_io8n9-8Qlk7V1SAx-gF5KKML9UD5nAOgzLuVt61cORceMllGOlI-0GGP8,Alex Vera,https://play-lh.googleusercontent.com/-YzP0A57atZA/AAAAAAAAAAI/AAAAAAAAAAA/AMZuucmqKEqAAhgDSfbB542E5R3-B_sQdA/photo.jpg,10/2- Any pointers you can suggest for me to try? AF is still stuck on 10.7 on the app. I am using an Innovate MTX- L which does have a slight offset in kmanager. Maybe this has something to do with it? 10/4- Thanks for the feedback. I will reach out to support. Are you aware of any settings that may be required in order to output A/F on the app?,3,5,1.4.5,2020-10-04 14:28:08,It is possible. I can't confirm this. I only give app support so you'll have to ask support@hondata.com for this. I ran some more tests today and AF is working on my end. I haven't had any other reported cases either. No need for any additional settings required. It should work like any other PID/sensor.,2020-10-05 09:43:02
gp:AOqpTOEr7OoLF28sCLNIq8vQll98HkoHD7EXXE7VRZ8ugqPO-1uhm7xPEN4dYjbgtgG8IDeHfr7Yx_vkSbwAGSA,Gregory Jauregui,https://play-lh.googleusercontent.com/a-/AOh14GjhGG3SqT0Tn6YP9KWbDUj-HtjjhM5oalQFfOHqXw,It is working now thank you very much. I sent a message to developer saying it still wouldnt work. Please disregard and thanks again!,5,0,1.4.5,2020-09-29 15:11:00,I have update the app. Please do a clean install by clearing cache and data then uninstall and reinstall and let me know if the problem is resolved. mobile@hondata.com,2020-09-28 16:55:41
gp:AOqpTOHLCH6ooocCbudDoowVGMA9OuTOarFDmmEpVzSyDQIeZAIcxhMCJA1IP3Z_2-URXG40lUX63ZQrHsbVIFM,Shanta Washington,https://play-lh.googleusercontent.com/-1mySw2RGrm8/AAAAAAAAAAI/AAAAAAAAAAA/AMZuucnJx7sQeGgjOxn8RoOwYUxNGZawLw/photo.jpg,The app is backwards. I've deleted and reinstalled still the same issue.,1,2,1.4.4,2020-09-28 19:56:04,It is because you have enabled HUD mode. Its purpose is described in settings under HUD mode and can be disabled from there.,2020-09-29 12:09:17
gp:AOqpTOEIt8yCkRzQrN7ZNAgkJMpIb4MZldxNaxBU9ck7dQJXA0LuerVi2ZFz4mIvgJK9jY_RkivGMR4B00YVRAM,Ah Looi Looi,https://play-lh.googleusercontent.com/a-/AOh14GgcgPrCji7HdfZYs9qV_-HgWuuDuRObWFHZNO1-,"Why the apps is unable to start with my Samsung Galaxy Note 10 Plus, Android Version 10? Not about blue tooth i cant even start thr apps, it keep crash when i start the apps.",2,1,1.4.3,2020-09-24 06:04:24,"Hi, Have you updated the app? The problem should be resolved now. If not please email me at mobile@hondata.com",2020-10-04 19:46:40
gp:AOqpTOHVhAV-7yvUhUm-AUN2D0VjYlWf1qjp8BArk5-7FSZyq10qO9E1fzFjN55R1IV0km33uneiUTSvXiGDtsA,Pheng Lee,https://play-lh.googleusercontent.com/-3A6Fl3jvXFQ/AAAAAAAAAAI/AAAAAAAAAAA/AMZuucmjZrr04gqDgww_BXBj2VZt9ClEtw/photo.jpg,I love this app,5,0,1.4.2,2020-09-21 14:17:24,,
gp:AOqpTOFwy8m7u3kRhag06fh2wYjG3hrTWDYJ0RGZ27Sc0WLv_C9iQ3bPsIo7bpLobiZ66MwL2u1ACpoPjZftyb0,D_ TranDIY,https://play-lh.googleusercontent.com/a-/AOh14Gi8MKHMFpiWI3ftBJyNMg5TBo3q1PbZc7URQThvhQ,Works great no trouble what so ever. Great app!,5,0,1.4.2,2020-09-19 17:00:46,,
gp:AOqpTOGdOgdWnIVwe1P1VnOqFoUVniRGhvck4bKb1oLHF52W9G3hXr0exE1j0YOskqEZWpL45NRboEjpitTHWnw,TheRitzKid,https://play-lh.googleusercontent.com/a-/AOh14GjfnRUcdc3Mrg55xvQ3EDvepLM7Sh6p9L4BxqrBzQ,"Just bought this app, and I gotta say, first impression is that it looked nice but it was quite laggy. Scrolling down through the tutorial was very jerky and I had to take brief pauses so that I could continue scrolling. Getting to the gauges wasn't any better as swiping between those was just as laggy as the tutorial, if not more. Edit/update: The app started to work fine for me when I switched from bluetooth 4.0 to 3.0. It feels much less frustrating to use now. Changed from 1 star to 4 star.",4,2,1.4.2,2020-09-18 12:19:36,This should not happen since the app can run just fine on a 5 year old phone. Make sure your phone is not on power saving mode and restart the phone. If the problem persist I can refund your purchase. Thanks for the update. We've made some changes that improve overall performance of the app. The update will be available very soon.,2020-09-18 17:27:05
gp:AOqpTOGrF8TLAbNikCcPALH49o2Twc6jbd7Golk-Ory-riSYFeK6Pq7I1ulpy-cv8FqnEeENwWe7NvNNdIb9oCU,Jake Anderson,https://play-lh.googleusercontent.com/-aQbACKc6re4/AAAAAAAAAAI/AAAAAAAAAAA/AMZuucnBn1xelJbQ8rJhbnOph64aCL5A1Q/photo.jpg,Works great,5,0,1.4.2,2020-09-13 16:56:19,,
gp:AOqpTOFRTAjnijUaUxjNoVekBdFiF4DzkGyrSvbnDxl-bnKdBTnU-8gTdkBj5HsM6WbwULA0tVQxHrCijFw3qDg,Daniel Perez,https://play-lh.googleusercontent.com/a-/AOh14GjQZd6omwXTKSCZaMx6k2IJyZWAHkWuIgTohBuwuw,So far so good. Worth the 8 bucks,5,0,1.4.2,2020-09-11 15:42:18,,
gp:AOqpTOHn1nNcaQHB9DBXg48mL6C9JXwn2eCTBuEhBXRY9XRfk6K6G1G-6cPV3NOms0dJRTZnyneFzonMzycWLhw,Brian Haines,https://play-lh.googleusercontent.com/a-/AOh14GiSmZSvbuIAx77J-_IvvvcYmqb0gbHpiZOlS0deXg,"Doesn't work with my after a market OBD2 adapter ""About this App"" doesn't say anything about it only working with Hondata products",2,0,,2020-09-11 11:44:39,The app is only compatible with Hondata adapters as mentioned in the app description. Have a look at Shift OBD on the play store. It's basically the same app but works with OBD2 adapters.Thanks for letting me know. I have updated the app description. I can refund your purchase. Please let me know. mobile@hondata.com,2020-09-11 12:31:55
gp:AOqpTOEwV5H6zKUcY6qYQGdaL7_CSckVH17_mtkmWJkAZUy8v7gfEJOkSQdSJhV2sZEUJ4a6nm6h_IrdPPDwe4Q,EL PALOMO,https://play-lh.googleusercontent.com/a-/AOh14GivPb2OIE55W32PEa5th2Sv8Pf3ZcheJbfZ49t_jw,Does this app have shift light option. I can't find it 😫,5,0,1.4.2,2020-09-10 05:44:32,Hello. Yes. Shift light is available and can be accessed in the race track view by tapping on the top view to change between different features. You can set the red line in app settings under racetrack.,2020-09-18 17:30:17
gp:AOqpTOGgAmjztCGP1p0JDRhqdGnZSADMfjkxw3kAZCHgJmMaj8_PEDmU_omuSMWVc46zjSd0rHAzlAGlmUfIkJE,Luis Garcia,https://play-lh.googleusercontent.com/-jdEkHzpl0YQ/AAAAAAAAAAI/AAAAAAAAAAA/AMZuuclEaO3zlbCXrh_Fe6Y-3sJdi3S0lQ/photo.jpg,The app consumes too much battery and the phone warm up very fast. I have an samsung s10 plus (is not an old phone),4,0,1.4.2,2020-09-08 10:43:06,Hi. I have made some changes which should improve battery usage mainly in dashboard and gauge list. Bear in mind that the app itself does not consume a lot of battery but the phone screen being on while using it. To use less battery I recommend running the app in dark mode and lowering the brightness.,2020-09-27 19:40:59
gp:AOqpTOGd6phbTx4ybOVi6yTxz8YziG1GydPSLS_vgnJg9pzBl96eokoZnXrOU5POlY_312i2w25Aita5pjaH_5M,JDN Styles Car life Nelson,https://play-lh.googleusercontent.com/a-/AOh14GgW9dkGhYq2jcoFNWMOn9PwMR0TCRnmrMXbZMyvCQ,Best thing ever,5,0,1.4.2,2020-09-06 20:48:30,,
gp:AOqpTOFtwASEpxmXK6FjwIopR53KNOKD_AaWrcPuT5vZ4Mjbuza4rRyutxpb2ACbFS74FscNt5eXyubLUCMj-xc,working out to live not for the summer,https://play-lh.googleusercontent.com/a-/AOh14Gg37IKiTJumjq0OWLqdthQUw3A3vEhRMWXCB2GYWvI,this is the best app ever,5,0,1.4.2,2020-09-04 12:20:34,,
gp:AOqpTOGKbwAVa87bqFYTEXWTN6qt3ybioGdUsxwmlsMxol5XzGiBwpZ_S1wSl4qA89KevLgL5FxvyBbe5l466dY,Federico Hernandez,https://play-lh.googleusercontent.com/a-/AOh14Gh7Am2hL7vKiH8-FJVyeWMPD3bCFk0rSir98mLQ,Does not connect to hondata fladshpro using Bluetooth 4.0. It does connect using 3.0 but once connected none of the gouges read and I can not even check fault codes. App is worthless.,1,0,1.4.2,2020-08-27 08:51:15,I'm sorry to hear that you're having trouble with the app. What phone or tablet are you using? You can write to mobile@hondata.com and I will help you troubleshoot the problem.,2020-08-27 09:19:33
gp:AOqpTOF-dF06V8E0nN0-wMZAN-jvFhvQMNcy7n9XtIkVSiVHlvPj4NJ8WfyxAmSepxI7Yi4w3JLScnmXK0lCp_8,Hans Wasiecko,https://play-lh.googleusercontent.com/-fplfPAVGJgk/AAAAAAAAAAI/AAAAAAAAAAA/AMZuuclUmrWYzb-s7M8N8MOl6WNiHYIfvw/photo.jpg,This makes my k pro ecu even cooler it automatically links to my 2003 rsx and reads more accurately then my dashboard you can see everything the car is doing easy to use too,5,0,1.4.2,2020-08-27 07:54:05,,
gp:AOqpTOHnK5fjgvkiIblBG_rQEezlmT2KaVNvt2l49PiI4K8JPQLoZstBXYflJ5qkkJBXtf5IXTYCziCN8b4ISlY,dave vaughan,https://play-lh.googleusercontent.com/-fdP-3A7ub_M/AAAAAAAAAAI/AAAAAAAAAAA/AMZuucn0NMEr0wrHXfuMS7yT-EZh1xOSOA/photo.jpg,How do I view the tps info?,3,0,1.4.2,2020-08-24 18:50:54,Hello. The app does not support reading TPS parameters,2020-08-25 13:44:11
gp:AOqpTOHKXK8ap4NXhVT5S2NJASYtmtufw6ohZtXSY_muypkSLHIoJBGdO9tf4hOCnbnZlJWBXeau92mT0UVdj5c,Vasek Cekan,https://play-lh.googleusercontent.com/a-/AOh14Ghdkj2llD-GWhf5xTRi2Wvx-rCkJao-_0t9mb59LMw,Great app but kind of frustrating because it does not allow rotation lock so on my phone in hard cornering it rotates the display. Whenever the display makes a change like that (switching out of and back to app as well) all the peak values get cleared.,3,1,1.4.2,2020-08-20 13:58:19,,
gp:AOqpTOFo_h7hUoz-31bouX5DD7_K3CEkt5i4yubBz2eYV9XMkWmALgN22Tkw9Jzfie8DjIVZOcR5KT00VRgjym4,Nicholas Purdy,https://play-lh.googleusercontent.com/a-/AOh14GjK24n9wPK8P2TbGrA-o3cgI0IWa0Z_3Qn6EbkdqQ,"Great app that is always being improved. One feature I would like to see is rotation lock for portrait or landscape, I've had issues where the phone thinks I rotate it under hard cornering.",4,2,1.4.2,2020-08-13 11:19:33,,
gp:AOqpTOE5BON4DD8g3HGJFsTGdPY1wn8STf2RG8fqLSBJbgi9LMB1Ct48sQ59Pi-iYDgM9oO2B-DVc-SnA1I-LkI,A Google user,https://play-lh.googleusercontent.com/EGemoI2NTXmTsBVtJqk8jxF9rh8ApRWfsIMQSt2uE4OcpQqbFu7f7NbTK05lx80nuSijCz7sc3a277R67g,Great app 👌,5,0,1.4.2,2020-08-07 12:47:45,,
gp:AOqpTOFXHkdN9G-4ngms51PfGxQzrIZD-11v8zVrtByYXvL97oCn7oGNVl3iptDh6_2yI_RvPBLnncE6gx_pIc8,Eddie Harrell,https://play-lh.googleusercontent.com/-cUCjnDCBRLI/AAAAAAAAAAI/AAAAAAAAAAA/AMZuucmKavNczmCh7hc2Q_LfxJskdodJjw/photo.jpg,I'm having Bluetooth connection issues. It won't even bring up my kpro. Only updated because of the new layout. I pretty much paid for nothin at this point.. the old version was better,1,1,1.4.2,2020-08-02 20:22:03,Hello. If you're having connection problems then you should change to Bluetooth 3.0 from app settings. Not all devices work well with Bluetooth 4.0. Please read the manual for more info which can be accessed in app settings under 'Help'. If you have any concerns you can reach us at mobile@hondata.com,2020-08-03 10:32:24
gp:AOqpTOH42soZK-wxGFTpqwbY9Ccn-__rAzeiJZVVqsH5C8P2yOh1adlyN-bylfMlL4hE7VCou6yRyn2qm8GJQm8,Larry & Beth Mansley,https://play-lh.googleusercontent.com/a-/AOh14GjPVQF4PjMLDQEhHN6p2Zlc1eRxJm7kAangmKPwAA,Fantastic! Exactly what I was looking for. I had questions and these guys got back to me to answer those questions super fast. Very impressed with all things Hondata! Keep it up. 👍,5,0,1.4.2,2020-07-28 09:05:45,,
gp:AOqpTOG-Kg-zrDYbd-HalrL7Iw0A7J13WIS9Ds5PaqDsaGScGYccmnhf_ATdQDw57PJCxP-cVHzJWjihOIbFuRM,Lungu Gabriel,https://play-lh.googleusercontent.com/a-/AOh14GiyNiM4STJzyYBBnZ9bmHhFc5eNwdUeVgLOvYtV,Not having celsius as an option (only ⁰F) is a stupid thing!,3,0,1.4.2,2020-07-21 06:21:11,"Hi there. I agree with you completely. You can change units of measure for each sensor by going into settings-&gt;gauge/graph settings-&gt; sensors. From there you can change units of each sensor, rename and change min/max range.",2020-07-21 10:04:58
gp:AOqpTOF4GMptl7L9MhZBbSMrffby12aJYalbKlde8MRJamhmTXG719Md7iPyeyh2_hBEgNqfID1mElKr3IaRb24,Jonathan Gottshalk,https://play-lh.googleusercontent.com/a-/AOh14GgRChrkWViPSmjtnh9_gSi3XEVBL4vaTJF7jFSQFg,Connects super fast!,5,0,1.4.2,2020-07-17 05:32:51,,
gp:AOqpTOFx1VZxqwPDGi1-WFJc1Z-45xhPLUeiYUfnIgoG98mtMWIn7ho2vGSBVFpRIdoK6IJddX8mlBX7zgZLhN0,Bobby Mcknight,https://play-lh.googleusercontent.com/-ws5xNDXigO4/AAAAAAAAAAI/AAAAAAAAAAA/AMZuucmyzSDvgWRpI1c3wvd-QHO3Z9RRsg/photo.jpg,Awesome service very useful seeing all the gauges the app gives,5,0,1.4.2,2020-07-14 20:25:05,,
gp:AOqpTOFy5wNEh6Z0oR9z4mRH9E4GpJAdfqVKPMxcFqnrotU2BMx11LovrZugOTw25Ea0TO3XVBtjk9BFUaX8HXo,Brandon Crider,https://play-lh.googleusercontent.com/a-/AOh14GjTfSpwhuzSstfyVEVKhVSqLHccL0MEFjHq3CvRkw,"Works perfect, idk why i havent gotten this before",5,0,1.4.2,2020-07-10 09:51:19,,
gp:AOqpTOGPLiAHFkx_7p1OjXyc61_2VM3hGH1J9mokYq1J4M7W6VA7_kRPzafmPr-yq4EojVW67RNj9HqJd8GHIPQ,Peter Yang,https://play-lh.googleusercontent.com/-oWliB6t410o/AAAAAAAAAAI/AAAAAAAAAAA/AMZuuckWJgyXQyWzGzoClGsbgQCxX0idVw/photo.jpg,I have a S300 V3. it wont connect to my Android head unit. the android unit is suppose to be a 4.0 chip. I can connect to my phone (note 8 ) no problem. Its the radio it wont connect too.,3,0,1.4.2,2020-07-10 00:23:26,Hi there. Hondata app is not compatible with head units.,2020-07-10 11:48:36
gp:AOqpTOEeqh-Xx1PtN6ObRO9kiah2DuuO4HsHGpF2pTzyNhdY3Gr0WgNf4lhk3lFuojLzMdbUNnFUIk01xGGtENk,Vam Yang,https://play-lh.googleusercontent.com/a-/AOh14Gjk8wMw3rTg5AkPM_TWWjSJEXoaVmm7XEgIeP0,First I had trouble connecting the app. Now I have a problem with the app not reading the car. None of the gages are working with the car. I do have flashpro connected and it is also connected from the app but nothing works.,1,1,1.4.2,2020-07-08 20:32:12,I'm sorry to hear that you're having trouble with the app. Bluetooth 4.0 may not work with all devices. Please change connection interface to Bluetooth 3.0 in app settings and pair your Flashpro with your phone and restart the app.  Let me know how things work out. mobile@hondata.com,2020-07-09 09:47:13
gp:AOqpTOGaxkzpNUm-QFRcyogIeLIFTZB6f3IYRy_IQlNYZU8gvR7WdLkJcK1W_wxAOHe5hyC7pb9YEvpEOd9EQCY,Tsyh Vang,https://play-lh.googleusercontent.com/-6qDmMyGxqoI/AAAAAAAAAAI/AAAAAAAAAAA/AMZuuckotamro0TRQnJINfQ0xZLiK7JMqw/photo.jpg,Nice! But I can't seem to find my dash cam recordings. Wish it had a gallery folder in the app for easy access.,5,0,1.4.2,2020-07-05 08:06:31,"Hi there. dashcam videos are saved to the root folder under ""internal storage"". You can access them by using any file explorer app.",2020-07-05 10:58:49
gp:AOqpTOE2akWxCHzEfaGLG5HpOw6Ce0B3u9Mj9svJ-Ux7JWEAJ1jySic4yU3C8ZBZdL9hjl4QQdqhZR-zFHaacC8,Vtec All day,https://play-lh.googleusercontent.com/-9NGqd1b6nF4/AAAAAAAAAAI/AAAAAAAAAAA/AMZuucnWG-UG4dVwkLR5-Fzfj55yUDFf1Q/photo.jpg,Stop working after 2nd use.. s9 plus,1,0,1.4.2,2020-07-02 14:39:15,"Hi there. Bluetooth 4.0 may not work well with all devices. Please change connection interface from Bluetooth 4.0 to Bluetooth 3.0 in app settings and restart app, then pair your phone with the Hondata adapter and launch app. mobile@hondata.com",2020-07-02 16:29:54
gp:AOqpTOEjl2n2SYoT6YmTHwqM_OHTzdpo1Zbv08OlCGi6544jSlkA1eranfZqq9prsZa9t4vDK47sBy1fJOOMjNs,Christopher Badilla,https://play-lh.googleusercontent.com/a-/AOh14Gio-OWvmdBuF8NmEpWh9z8jnYlyAV4x5PJ_wVrawg,You should put an option to use speed by GPS signal In my case is a kswap and I don't have the speedometer working I download this app to do a telemetry on track and this app don't let me find my track. Only says no available track,2,1,1.4.2,2020-07-01 12:16:35,"Hi, I don't think we'll be adding speed by GPS option. To load tracks and see your location on track you have to complete one lap and stop race and save the track onto your phone. Please see the manual in settings under 'Help'",2020-07-01 18:12:48
gp:AOqpTOFc_ZO5shPL00xTACDVTMgfm7qSzOi5rJ8d-B-xt9TlUYTVSUTU0dsPeFr21AJCCgtkvcGQd3V1siKWm8A,pandamike209,https://play-lh.googleusercontent.com/a-/AOh14GitaPzq8PT35E0trNluinX27Ts7RBivqwu98SUNxRE,Cant adjust number of gauges or color when i click it. It kicks me out ive delected an reinstalled it please help,5,0,1.4.2,2020-06-30 18:21:58,Hi there. Please clear app data and cache data in app settings by going into phone settings-&gt;apps-&gt;Hondata app-&gt;storage then uninstall and reinstall the app. Let me know how things work out. mobile@hondata.com,2020-07-02 16:34:23
gp:AOqpTOGqRYXxZkHHXJDbNnJD-se1Sxi6Q04Ppf1qLrHI8YP3I6ALwSbW3VAKBIAB3IClTWQd6O4_JFqVnwnydZ8,mark coleman,https://play-lh.googleusercontent.com/a-/AOh14GjbNU-G6_8zzfE3CcNBJCh3G6vJY8G_7whyytvqKg,Is there any way you can get the shift light to work on the HUD setting on it it would be great,5,0,1.4.2,2020-06-29 13:47:34,Thank you for your feedback. I will note it down for the next update.,2020-06-29 22:17:57
gp:AOqpTOEHIU6sdLCCq_1sHCUwf-fREzv7vNJCZ30MgsUKVSufCtjU6FWnrPruIGiKu_8qAWb474u5Ed1sYRm0eUQ,david piste,https://play-lh.googleusercontent.com/-fX21--ExcKc/AAAAAAAAAAI/AAAAAAAAAAA/AMZuucmBYaJc4lSQEYnLyr3Hg2rB2JSgkA/photo.jpg,Other than the videos dont save on my phone it works good,4,0,1.4.2,2020-06-26 17:08:26,I'm sorry about the inconvenience. Dashcam is not yet compatible with Android 11 due to new privacy measures. We're working on fixing this.,2020-06-27 17:08:47
gp:AOqpTOGadAnKe5B68E-ASS_tnFH6EgUUwTdgN52ZXhe9vHzwev-Crvqt-wqoWlGXd1HDvvuBs7thUrgdgDMvdpE,Rikk Sam,https://play-lh.googleusercontent.com/-v6j75tgCq2E/AAAAAAAAAAI/AAAAAAAAAAA/AMZuucnKxXdXlT7_opRhm5wOeS4DM6uC-A/photo.jpg,Fast and easy to use.👍👍,5,0,1.4.2,2020-06-18 19:07:05,,
gp:AOqpTOExz1nfzHremD9fHPamF7rxsTmxYOd96g3W66Z8Q5kyGhFIwagpOTfDGh7CFdSXI2JPNbJ_-Qz5YOK3hdM,Matt Rinaldi,https://play-lh.googleusercontent.com/-7vTZF6UlwgU/AAAAAAAAAAI/AAAAAAAAAAA/AMZuucleIogj3IkAqv_RF75ReS-wHeVO9A/photo.jpg,Freezes after a couple of minutes,1,0,1.4.2,2020-06-18 16:41:32,Please change interface to Bluetooth 3.0 in app settings and pair the Hondata device with your phone. Let me know if you're still experiencing issues. mobile@hondata.com,2020-06-18 18:12:22
gp:AOqpTOFRFakI5levNzROZ1_yQp_cqpMtPykUtNB8j46X6LMl1qTzX-upXBP528Q87cFA4dFdEIcTv9DCmLlf26M,Weilun Ng,https://play-lh.googleusercontent.com/a-/AOh14Gg-yFd1XxE0Fg6Xy1KkobCftPJLOZCvVR5piBiN,Need to restart the app every time at the start to get it work.. App also loses connection whenever GPS signal is lost.,2,2,1.4.2,2020-06-14 08:20:43,I'm sorry to hear that you're having trouble with the app. Please change connection interface to Bluetooth 3.0 then pair your phone with the Hondata adapter and restart the app. Bluetooth 4.0 does not work well with all devices. Please let me know if you need further assistance. mobile@hondata.com,2020-06-14 09:38:28
gp:AOqpTOGzo1-BMi91NKMuek3Lg5mY45dWkR7Y7No2YbM4zQyH4kFiBUSdOxyLyzEWtw0KPmBuxd7FS6G3qVghpk0,Aaron lee,https://play-lh.googleusercontent.com/-pkmeamtBQ3U/AAAAAAAAAAI/AAAAAAAAAAA/AMZuucnLiJi88MQc10TKbUCEPFlaBaD2NA/photo.jpg,App won't connect. S10 plus,1,0,1.4.1,2020-06-12 04:17:10,Hi there. Have to tried switching to Bluetooth 3.0 from settings? Not all devices work well with Bluetooth 4.0. Please pair your phone with the Hondata adapter in phone BT setting and switch to Bluetooth 3.0. Let me know how things work out. mobile@hondata.com.,2020-06-12 09:11:47
gp:AOqpTOHJsOFqYbUOcxuHa7tkosl5BPkUowmYgLLX_9UB4CdhibovQ9Y6XGKNDCydZWa4Tz4xXObSh0Yfyy3FDVk,Ryan Konewko,https://play-lh.googleusercontent.com/a-/AOh14GhwdDLf42eDWHpDjXQUmKJMG1r5-NRiu3seLvaPUg,"It's really convenient to have the ability to make adjustments and monitor real-time without having my laptop sitting in the car. Very useful for diagnostics, and reading codes. The connectivity is sometimes a little stubborn, but overall, it's absolutely awesome. I'll upgrade to 5 once the connectivity becomes a little more stable.",4,7,1.4.1,2020-06-08 11:54:19,Thanks for your feedback. Try changing connection interface to Bluetooth 3.0 then pair your phone with the Hondata adapter. Bluetooth 4.0 does not work well with all devices.,2020-06-09 18:23:00
gp:AOqpTOH_EBEApq6UWx6H2Xl1OMduz3Be5JoJo73LrQ_y6uo19EivB51g9yKU5Gg46BlLjG7H_Meq_XbU30wj7To,Cliff Lenane,https://play-lh.googleusercontent.com/-0_UKq7sxH-E/AAAAAAAAAAI/AAAAAAAAAAA/AMZuuckkqKoR2eZUdhr-TOOT-BiaH45dyw/photo.jpg,"Updated and edit review: After some glitches which caused the app to stop functioning, tried to delete and download the program again. This time everything works fine. App is quite useful, well worth spending money on it. One suggestion for future revisions, while the auto connect feature is quite nice, wish there was a toggle switch or something to deactivate the pop up notice that the app is trying to reconnect at the end of driving.",5,4,1.4.1,2020-06-07 14:35:27,I'm glad to hear the app is working now. Your suggestion is appreciated and I'll take it into consideration. Thanks for the feedback,2020-06-08 09:40:44
gp:AOqpTOGWV80_Xrqkd0QVFKukVJB4VzW9hIz-yN0ZaJT8YCb7AFnzIfEX4lhqhF-sm3osEkoxyf3aAHmiZapQ5V0,Hoodlum718,https://play-lh.googleusercontent.com/a-/AOh14Gh1GqDmN2A_IcrKXbDDBMzbFgLKOW2ApeIEXzGwcw,Could use more features... Like shift indicator.. but i still have it 5 starts,5,0,1.4.0,2020-06-02 01:42:43,Thank you for your feedback. Shift indicator is located in the racetrack section. Just keep tapping on the top view (speedometer/tachometer) to bring it up. You can set the rpm red line in racetrack settings. Let me know if you have any concerns. mobile@hondata.com,2020-06-03 19:52:25
gp:AOqpTOHIGhdVgxkbEztGv1uo9hLKva4ytw6suHVufzQAsFsHB6lzWsQ0tEd_ttdDD1N2gxQQzmnaRsEBjsT9DvY,Andrew Skala,https://play-lh.googleusercontent.com/-tRhRF8lmoOs/AAAAAAAAAAI/AAAAAAAAAAA/AMZuucnVB-z8_IlGAnVfwlwLj99qo0VOUw/photo.jpg,App works great linked to my phone easily and able to monitor and catalog my car with ease.,5,0,1.4.0,2020-05-31 04:53:23,,
gp:AOqpTOHwafRHm5YnUckhZHfZPnLxi2dspFLwbZn4ZI_4Ay0tr3xEIRBatfMrJJ3nLRLK3uol2VlRimR-PQ7gM3s,Angelo Medina,https://play-lh.googleusercontent.com/-YRYR8U7mF9c/AAAAAAAAAAI/AAAAAAAAAAA/AMZuuckz5O_ToHW93e_rm14ZhgolYIuFIA/photo.jpg,"Mine keeps on lagging and sometime it wont work, it just stays on the hondata logo then freezes",1,0,1.3.5,2020-05-24 11:35:31,"Hi there. Bluetooth 4.0 may not work well on all devices. please switch to BT 3.0 from settings, then pair your phone with Hondata adapter in phone BT settings and restart the app. Let me know if you're still having trouble. mobile@hondata.com.",2020-05-24 12:07:37
gp:AOqpTOGlo2zovZDW7VQvxn3keRl7y7KdBQ6BSXtEcoMsEGqe1QhEmgO5M5ZrRAPSh9t2eJKWDAaeNSMO7cfZnbA,Glen W,https://play-lh.googleusercontent.com/-U36Rhq0Tmhw/AAAAAAAAAAI/AAAAAAAAAAA/AMZuuck82f5BSKYdtx5Fe8JqBrXC8FV1tA/photo.jpg,Connection using the Hondata via bluetooth is horrible! Sometimes the app cant even connect. Have to restart the app over and over. The app freezes and causes phone to lock up.,1,0,,2020-05-19 22:13:53,I'm sorry to hear that you're having trouble with connection. Please pair your phone with the Hondata adapter in Bluetooth settings and switch to Bluetooth 3.0 in app settings. Let me know if you have any questions or concerns and I'll provide further assistance. mobile@hondata.com. Thanks.,2020-05-20 09:43:12
gp:AOqpTOESuBh5UWwADRGroroLzVqEpn2sNXo5fCtw-C04GOInDy_A7K0ejn5rzElMvIxtT3gJ4WduOXGYfwY2sgw,Maxwell Johnston,https://play-lh.googleusercontent.com/-07a_VCagKaQ/AAAAAAAAAAI/AAAAAAAAAAA/AMZuuclV7Ca5jLOSbXApU6syOm0pYPAvzA/photo.jpg,Terrible. So far I got all the setting done the way I wanted and when I tried connecting to my hondata it can't find it and when I do manual mode it doesn't find it either. I had the old free app and it worked great. Only recently switched because of all the new features. Might try and find the old all and get a refund. Very disappointed.,1,6,1.3.4,2020-05-15 10:08:34,Hi there. If you're no longer experiencing connection issues and enjoying the app please consider updating your review. Otherwise please email me if you're having issues or have any concerns. mobile@hondata.com. Thanks,2020-05-17 14:49:02
gp:AOqpTOFSktDMMoxTClvZuTNvfoek3TE_DABM84OEOtz2OoLmcUUDf7i4a7KFa4WqdSobhAnbD1N03ziRUJKGwIE,aryeff ishak,https://play-lh.googleusercontent.com/-qYZQUsc19PU/AAAAAAAAAAI/AAAAAAAAAAA/AMZuuckesJ70MbvT8Or4MBiOfGQpc8zNzQ/photo.jpg,Thanks sir for this knock count function . All knock count function and accurate now. very happy with new update.,5,2,1.3.4,2020-05-14 06:03:52,I'm sorry to hear that it's not working for you. Can you please confirm that it's not working by going into diagnostics section to compare knock count readout with gauge readout? Please contact me at mobile@hondata.com,2020-05-07 12:34:20
gp:AOqpTOGg8OHEFveTxulTR5i_wjD8i64vKjpYdCmvoLmFMhhVZjjXA-ManK7Sx9HjyvNgPlTU3h84t6vHkO_vTQ8,J Owen,https://play-lh.googleusercontent.com/a-/AOh14GjnH_bqHM_jQ-m5T1ZpPGa9Rs9GPyAVUZXe88GJkQ,Wayyyyy better than the old one,5,0,1.3.3,2020-05-06 16:54:51,,
gp:AOqpTOF7CRJWTV3k_5-K6NrT7-IkvmznY9nwVbFqLSTIcRQDGcJwz_BDHrQyxlNT2Q1P-_VjCQTbzd0Vr_0-0ds,Joshua,https://play-lh.googleusercontent.com/a-/AOh14Gh-B1RJ50id4qv42Ma8UUFTjaq-pSXgyjh8BoWo1g,"App was great, but new update just makes it freeze up all the time. Not sure what changed. The app will not connect and just gets stuck in a loop of ""looking for adapters."" I have changed Bluetooth settings, tried to manually select my flashpro, etc. It won't connect, but the hondata app connects instantly. It's a shame because this app is much better graphically, but doesn't work now.",2,7,1.3.2,2020-05-04 23:56:05,I have upgraded the interface to Bluetooth 4.0. If you're having trouble connecting you can use Bluetooth 3.0 from the settings which is the old way of connecting to the adapter.  If you're using auto connect then make sure the adapter is paired with the phone first. If you're having trouble just email me. mobile@hondata.com,2020-05-05 12:50:23
gp:AOqpTOHXtc3uZGvCMrq0c4yaTRGy7gYKVxtA7lajfg8i_GPu4U6Z2h7SX0lA8oUiRzrEJZVCdsldCvNPD03UF6o,Humza I,https://play-lh.googleusercontent.com/a-/AOh14GhuDzEB1tag-t_l9ZRnkDRWaZPFFg9uGsl1eaf_DLI,"Getting an error saying the App is not licensed, and closes right away. Really enjoyed the app, hope it's not the end of it. 10/26/2019 Edit: bug fixed, app works beautifully! Would recommend to all Hondata users :)",5,2,1.3.1,2020-05-03 21:13:53,"Please disregard my last response. I have found the bug and fixed it. It will be available in the next update. in the meantime you can fix the problem by deleting the app and reinstalling it. Let me know if you run into any issues
mobile@hondata.com",2019-10-26 16:21:30
gp:AOqpTOGh5fWCNt3SkmqOJD0TNvPLY50c0uIm6uVwxpU7R8P5FbsIWXbhF-QhW9-oe4PqOtzF-mk-08Q-nuCXisQ,Steve DeMarco,https://play-lh.googleusercontent.com/a-/AOh14GgTp8jF1N2mLTe1BZNZekTquqUsMTRrSal4KrIf,Much better than the free version!,5,0,1.3.0,2020-04-11 12:17:07,,
gp:AOqpTOHXDcnZpS6pA0gu9m_A8XYPAX_xyhuND1Qh30F-gICfwTJ6xOtr1jchR7CuES-CvCJsvdgs2rswQxOvme0,EDDIE C,https://play-lh.googleusercontent.com/a-/AOh14GgsBE11LeTpaFHy-2W2susk7QHluu_WIW_nLmzbqQ,Dashcam issue was corrected thank you for the customer service,5,1,1.3.0,2020-04-09 16:01:24,"Hi there, dashcam works on my end. Please uninstall and reinstall the app making sure you allow app to record video and allow to save media to device. Go to your file explorer and you'll  find the video file under internal storage. EDIT:Also make sure that the button press is registered and record button changes to stop button.",2020-03-21 13:41:08
gp:AOqpTOEUj4Cf8jtIEMPy_GiaHiW2S0HJ4kqKiBrQw7E668ezJMaPrrehA6s3mLGudnxue2W9Ltr1jnYA48OUZ3k,Manny Fresh,https://play-lh.googleusercontent.com/a-/AOh14GjNtARQfw8iJkWgJrLBQvBnjBZvYQhuinv9515HNg,Wont load up on to my flashpro but I can connect to the free hondata app just fine on my Samsung Galaxy s10,3,0,1.2.6,2020-03-09 17:11:28,"Hi there, I'm sorry about the inconvenience. I have updated the app which should fix the problem. The update will be available for download in a couple hours. If you have any concerns please let me know. mobile@hondata.com",2020-03-10 12:32:51
gp:AOqpTOGWVEtKK7Ynu-PekRaBkLhxo-N2dCCzhsvUkWyM4qdnNKgL8TLDImIiFhaCITmX98227XjpR9_tE1VOKus,salik990,https://play-lh.googleusercontent.com/a-/AOh14Gi1h9gvUjNcmchG7gp9WueJhW5R5K-S4P3kzJuAPg,"Good thing I got mob app finally working as original hondata app never connect on my Android phones, datalogging direct thru phone and maybe in future able to change maps like ktuner tunerview. After new update this app is not connecting anymore, it's asking for Bluetooth pairing password and showing error in pairing. Please do something",5,1,1.2.5,2020-02-17 00:14:00,sorry to hear that you're having trouble with the app. I haven't changed anything regarding connection. I suggest unpairing the adapter from your phone/tablet and re-pairing it. If you enter 0000 as password and it tells you the password is invalid then unpair and re-pair again using password 1234. let me know how it works out Sasanian@gmail.com,2020-02-05 10:01:23
gp:AOqpTOE1KeyV6uod0SdEvp_ujqnYyufkb8_wAYxih_ZBgO2w3-d11nWhqmzxa6nb98lMIAroUQW-zuTsu4gtnrg,Noiseless Productions,https://play-lh.googleusercontent.com/a-/AOh14GjBzrjwAKSazrwNHDp2RPndoHHr0pdK4ZXjJrjV9Q,"Will there be support for total knock count via gauge for the dashboard? Otherwise, awesome app.",5,1,1.2.4,2020-01-31 14:40:35,Hi there. I have added knock count and VTEC spool to gauges. Please update the app for changes to take effect.,2020-05-04 23:12:38
gp:AOqpTOFZ8uf3wRJbYRmUCyPbdmZnaPQTHAVXFE0KloPm4Aw8WR5Ndb8o7NgOza5XeBN8PFcrFp6j4ZoD2Z-nPHE,Neil Datt,https://play-lh.googleusercontent.com/-VYE5n6MLqgc/AAAAAAAAAAI/AAAAAAAAAAA/AMZuucklwgH_u1vFdIPxG5oSglYwbKShIw/photo.jpg,Doesnt work at all on my galaxys10+,1,0,1.2.4,2020-01-22 18:57:04,"Hello. Please update the app and see if the problem is fixed, otherwise let me know and I will look into it. Sasanian@gmail.com",2020-02-01 22:07:01
gp:AOqpTOHpBzWMyoXeQxRN581xBi24y_IMlCA5ObOzscKpGvYWZDcHehwcEM02ZB7F8Ij8BOqFduCQ9viqNHFVjYI,Adi Bullock,https://play-lh.googleusercontent.com/-fPMuZqqEE3U/AAAAAAAAAAI/AAAAAAAAAAA/AMZuucmgtimJWqEs-XSqKWIxiuI-RLADBQ/photo.jpg,"I would have given this 5 stars, but really need to add the ability to choose the type of data for the analogue inputs instead of just the 0-5v voltage.",4,0,1.2.4,2020-01-06 16:45:20,Hello. Thank you for your feedback. We are not supporting analog inputs at the moment.,2020-02-01 22:09:03
gp:AOqpTOGASmicI4-0A6Z7i0PEUNiBSLkqdGeDa21mgY3b-1AUbVPRfXVXMoTCSDZ7jdTtWo1EAqXmeqaBS9plSdM,Dallion Chu,https://play-lh.googleusercontent.com/-zXg63JCdx1s/AAAAAAAAAAI/AAAAAAAAAAA/AMZuuclkwanfroVJm1ybrJ2aHjRJJrRbFA/photo.jpg,Is the corrected afr working correctly? It shows null even when i can clearly see it in the datalogs logged from the flashpro. The standard afrs are working properly. Just not the corrected afr.,4,0,1.2.2,2019-11-30 02:52:56,"Hi there,
Thanks for bringing this to my attention. I'll have a look and get back to you.",2019-12-01 09:35:37
gp:AOqpTOHVIgXSit4w_eudTqtLHL49j9gI3HAExpUHqjsUFLcxgJZj5X-XMUorDVjxrzTo85Ngxq7uyJSC92znpZ4,Alex,https://play-lh.googleusercontent.com/-yx-H8MBJMJg/AAAAAAAAAAI/AAAAAAAAAAA/AMZuucle6kwpounsm13D3gxS1_W69jcQJw/photo.jpg,"Heaps better than the free hondata app - way more options and looks much nicer. Unfortunately the app keeps crashing on my Samsung s10 since the last update, have tried reinstalling and deleting cache/data but no luck - hopefully it can be resolved soon! Some colour customisation would be great as well.",5,0,1.2.0,2019-11-09 23:40:26,,
gp:AOqpTOFyGeBJoWskLAWPK1PuSxGEKmKvpE_GYqBhrAUXg_yINNbE4PjtzUouxBJWEGK2PxgKWvOL6CJ3DABG5Vs,Rodney Koenig,https://play-lh.googleusercontent.com/-ROZ7dQXl1KA/AAAAAAAAAAI/AAAAAAAAAAA/AMZuucm5qn5nQHwBijBRtBEGH2AY5yKaRQ/photo.jpg,"Good app but would like if you could setup pressure and temp for analog inputs for oil pressure, oil temp, fuel pressure instead of just voltage",5,2,1.1.8,2019-10-25 04:38:32,,
gp:AOqpTOFBlqO-rBjSbBWwAD-JC1rs-iT5RnOmluzbRZnh60nBjA1_5O6dvE-lVHAO9WsF8h0Oyd1RK-T7txWEfNw,Brian M,https://play-lh.googleusercontent.com/a-/AOh14GiHsMELqvaA9uw7SysTybNfyYl67K-eo0dWAwXv_A,"Really like this app over the free one. Some suggestions for future releases: 1. Make a ""midnight red"" theme for those with an Si or Type-R to match the red cluster. 2. Auto connect with flash-pro on start up of app. 3. Make the race cam toggle between portrait and landscape.",5,0,1.1.7,2019-09-30 10:03:38,"Hey Brian,
Thank you for your feedback. Automatic connect feature is finished and will be made available soon. I will take your other suggestions into consideration as well.
Best regards",2019-10-09 23:06:46
gp:AOqpTOG0XrSU64DdA9he9euXHmRhN9M-1HZU756p2AoyMj2iEa-arCHVmQLto4TeYLZExgRQp53QaREfyy08i4Q,Hung Truong,https://play-lh.googleusercontent.com/a-/AOh14Gg_DgdikKrtH7JXVvpAjEGzHzOKEo5c8Jx_5t71Rw,Awesome app! Visually heaps better and more features over previous Hondata app,5,0,1.1.3,2019-08-19 06:26:41,,
gp:AOqpTOH010GV_aYEQ4QbPbtnxo3UQDlx2JyI4UnnLZfbAuAXrrDtrAlxcERt9iq_KyCyd7Dm4GC1TeOUW0Yd5No,Ben M,https://play-lh.googleusercontent.com/a-/AOh14Gjj2y7kvd3th1JiiL6SY-qP5XIMRYIIp-cBwfxM,can someone please tell me where to find the videos recorded in dash? using s10+,5,1,1.1.0,2019-08-13 17:44:16,"Hi there. Thank you for rating the app and your support by giving us 5 stars. To access dashcam videos on the S10, open the ""my files"" app. Then select internal storage. Finally scroll down to the bottom to locate the videos. Videos are saved in the root folder.",2019-08-13 23:08:18
gp:AOqpTOH7KJtd5j6ETfKe_0Pb0d03AOx2SLkW89YkiEDchh_n4WPPFJaaN3_2EXkIHYrIQH701X3Rbz-I1Wv0b8c,edward wijaya,https://play-lh.googleusercontent.com/-1Vvw_P0XZI8/AAAAAAAAAAI/AAAAAAAAAAA/AMZuuckLOC7LxbK65DhgG1HTtA8OnAlMfA/photo.jpg,how to track 0-100km/h time use this app? thnks,5,0,1.1.0,2019-08-13 08:20:58,"Hi there. Thank you for giving 5 stars! We really appreciate it. To get drag racing times you need to go to racetrack feature. You then switch from ""Track"" to ""Drag"" on the left switch. Then you toggle on ""Ready"" switch on the right. Then finally accelerate to start your session. If you still have questions please email me mobile@hondata.com.",2019-08-13 23:03:42
gp:AOqpTOFLxugxARIzlYQ-DqtdK9QBje_eKOWuuiH4ejOAnPS5dkgehkppQL0ic4QN6u8ff0mlWY6AREeMUVuezvc,James Chapman,https://play-lh.googleusercontent.com/a-/AOh14GjHcNESkKVfYV9wZHeYEtBrqINRAt2zPm4ULyWo,"Application is really nice now, after some adjustments for your platform it is far better than the free app. With their fantastic help I only marked down 1 stars for the lack of a shift light now. 😘 Maybe the abilty to create a different set of guage layout for the dash cam instead from off the dashboard. Then its perfect. 😉",4,1,1.1.0,2019-08-11 11:55:23,Hi James. I have added shift assist to the app. Please read the tutorial under racetrack heading to learn how to use it. Shift assist is the fourth view in racetrack feature. If you have any question let me know at mobile@hondata.com,2019-08-14 09:47:57
gp:AOqpTOE1EtKH9DsXvBRhQOMZ5pYpiwbzB7Ge2Vf9oO_TtmAbkF081CWMunF5Uzhl16Bp7YySvu0-ZTub6kf0pns,Mark Henderson,https://play-lh.googleusercontent.com/a-/AOh14Ggc1da0vn5036SS7ZUgT3coA0qGhnccoWNILillIg,"Love this App, awesome improvement over the standard (albeit free) one. Looking forward to some further development, especially making it metric!! Being able to select celcius on guages would be great and allowing the App to auto reconnect on each use rather than manually having to select ecu would be great. Update! gauges csn be adjusted to metric which is great and auto connection is on the development list so this is a great App!",5,2,1.0.7,2019-07-10 15:12:04,,
gp:AOqpTOFwUxCjRGxx74L8AlU7nLm0GKVVJdh7la0AXXm_ntz7ZVDPYV3QZfYg9ktH2tApmYV4B6lTq-Z8ISYzLhM,Jacob Lawler,https://play-lh.googleusercontent.com/a-/AOh14GiQyQ1221qT8iDoZeOZXZW61T9Zf1-zcuDSNGiitfM,"The new Hondata app has many more features and options than the original, well worth the price!",5,2,1.0.7,2019-06-24 04:12:47,,
gp:AOqpTOGiwV6ta6zA9JczZM4UkiIU2O6CkEv1eCc8S4VxKdOuAka3bh-pEkTVkxCaAHsqq9msmk3aTWDdf9gIkws,David M,https://play-lh.googleusercontent.com/a-/AOh14Gi-loR9JaImphUA-JCG-TU1BY7NnO-VwItidnS-,Great app overall. This is a big improvement over the old app. It offers a lot more features. I like the dashboard feature as I can track multiple sensors.,5,1,1.0.7,2019-06-21 17:52:37,,
gp:AOqpTOF7-1rnYXsSYDFqky5S6Z6QUleyL2YXxbfKWehzc40Uu9D-EI_KiU5dAkoi2ZH7FxFxLTIph7zbc7kswMs,robert nelson,https://play-lh.googleusercontent.com/a-/AOh14Ggc1WwVVslhRqLyTqQeRUo2c1vYxEhQJrdUWnRNrw,"i bought app for my iphone and it appears to be fine but have not tested fully,so i bought this app for my android tablet that i use for dash in my time attack car and i could not get dash cam or race mode to work. it kept crashing the app. i got a refund",1,2,,2019-05-27 08:26:14,"Hello,
I'm sorry to hear that the app didn't work out for you. While the app is still fairly new, there are some bugs that crop up and we intend to fix these bugs as fast as possible to provide an enjoyable experience for our users.",2019-05-27 17:16:07
