reviewId,userName,userImage,content,score,thumbsUpCount,reviewCreatedVersion,at,replyContent,repliedAt
gp:AOqpTOFYrAic_TZZ3yZhaHa6wh6I4j3I-KUeE2U8LX6O7IEAvqKRT13u7XStdbsXJougEm2ob6NQCVyCHbxcoA,PuffTheCat Puff,https://play-lh.googleusercontent.com/-iZh-WlLEcSM/AAAAAAAAAAI/AAAAAAAAAAA/AMZuucnFrcEwOM0rPF5kZ0Sf1Mar3P4S2A/photo.jpg,"Um, the last time I tried to play it, it was clunky. The first game ran fine. Update? Lag, that's it...please fix it.",3,0,,2021-02-05 22:02:12,,
gp:AOqpTOF-p2oE6lovLxutgUwLUhfm9IoaYvzBMpu5hMDzKtcH14L6YZa0X1Vyqr-hphYfkRwQEnc2LMZ15QJFiw,Aaron Moore,https://play-lh.googleusercontent.com/-cNE5q2qYi1Q/AAAAAAAAAAI/AAAAAAAAAAA/AMZuuclpadvi70YK63jVHrT47WwnNFMcAA/photo.jpg,"It's pretty cheap and it's fun. Works great on my S10+. There are some bugs & annoyances, but they're not worth mentioning.",5,0,,2021-02-03 22:11:12,,
gp:AOqpTOHHk3XdtJJP-B7xcP9Qh3BGX-wb2hjaQrxOOaLp8lM-f7HAuEj-AdRML7BroFN-J9ghJ8OdeUGrtJMdCA,Jason D.,https://play-lh.googleusercontent.com/a-/AOh14Gj6-NcyibrB5ykJgS41cF1PTnHNWjiqjhe5UyNONw,"Great game, also have it downloaded on steam. But the lag in this version is so bad that I can only give it 3 stars.",3,8,1.1.8,2021-01-29 14:38:59,,
gp:AOqpTOG3JB-HAPkVTSt-n-iElm4idtaYA7kuku_BvWZHYn82NW6cfRbL-Lj4Sly-PMK91zfmqVZ5i-lNEWJPJw,Sanders Clayton,https://play-lh.googleusercontent.com/a-/AOh14GhpRqzkRuKSN9KaC1MVcuj34GOYHP8ji7LIcblA,"Amazingly great, loads of coins fun!",5,0,1.1.7,2021-01-24 19:15:49,,
gp:AOqpTOEkB2W44Cs-YojqgzCaQE7yO0-1I4WtH_1ssqk1ScOF48e2am-fWkckLdN3KyPxS5kVDaZI1MpRi_2kXQ,Anon A. Miss,https://play-lh.googleusercontent.com/a-/AOh14GiA2WNvIstZg7THTJF7R9w2zKpk0tX0RhI7oPbiAA,"I love this game but it is so glitchy. Now I can't get to the menu screen. Only option is do you want to quit or not. Excellent game, but play on another system.",2,2,1.1.7,2021-01-23 05:38:30,,
gp:AOqpTOGuh3Fx-nWrMohMIIDtQ--rq2lI_NZ1o6nNHkfrbucxiAOCxTfL9He5ZyCaA818q1EUikxnSxoqRu9jiA,Matt Culf,https://play-lh.googleusercontent.com/-riAoe4nuJjI/AAAAAAAAAAI/AAAAAAAAAAA/AMZuuclfkc1xT_q392AZkL9b8XMa0C7VIA/photo.jpg,Beautiful game,5,0,1.1.7,2021-01-22 00:28:21,,
gp:AOqpTOHyyykL_N80DRbOmrJF3mMiNelyiIHYsXrcyaq5mEQpIdw7yGPARCuqv1m66TumSB7bojBZlJt6BBgLig,Azcobic Arditi,https://play-lh.googleusercontent.com/a-/AOh14GgX1BDsVDFKJPsZyOniydwamAERLBUleD_oDW0_,Calming game that you can just sit back and release. Love it,5,0,1.1.6,2021-01-17 07:17:42,,
gp:AOqpTOH4CeMXXKGuvY8YnNfKESP9HkmGBwrvear_Y6PZFKeyV8g0Ro1nSzWJgbRzV_1vSQ-FflvZonfFhx-giA,Lillian Harter,https://play-lh.googleusercontent.com/a-/AOh14Gh83aIjCzWErxrovFIv0c_qRwxuF_dhMkVI4l5d,"I actually love this game, been playing it non stop since I bought it. But none of the Dead Lands content is actually in the game, and I'd like to work on the Dead Lands achievements. I've found nothing about this anywhere, so I'm just writing this review instead.",3,4,1.1.6,2021-01-14 18:16:04,,
gp:AOqpTOHMD4_k16bjXmbVnGnzPQBKXlz_QcEQP7meBHRy16LOkypwIY2NM1dxHevLdxmUQdFvkOAvRS_ezNO5eQ,J McD,https://play-lh.googleusercontent.com/-n0d0y903-oA/AAAAAAAAAAI/AAAAAAAAtOY/AMZuucmoigsi0pBgZGjOpUB3k9d0fcVM6g/photo.jpg,"I was so excited for this to come out. I would give it five stars if it didn't lag so much and completely drain my battery insanely fast. I can pretty much only play it if I have a plug nearby. Update: still lagging, still sucking the life out of my battery, but now there's another annoyance. There's the previous monarch's ghost that harasses you about what you should do and where you should go. I've played this game a million times and I already know I need to stack my coffers. Star removed.",2,19,1.1.6,2021-01-12 22:02:06,,
gp:AOqpTOHAaXN0i5CA1Nn-nAYMu5CfL9lhciPS43ViVJQQ196c2-qccyuynn5gt7JOpMK-DAJpTxXbE8H67zTjBg,Keithyboy25,https://play-lh.googleusercontent.com/-XHIj_JAVOwY/AAAAAAAAAAI/AAAAAAAAAAA/AMZuuclzAlbEpN17JVKOshcVA9UPnfyTAg/photo.jpg,"Really enjoying this so far. It doesn't hand-hold and this works. It allows you to explore and learn without creating frustration, you'll spend hours on this without even noticing",5,4,1.1.6,2021-01-07 15:52:08,,
gp:AOqpTOG5NPHBy21McB2cYc7b7KQRIsaBBekzdBNpuyBwyFDRQFJfwtb-AoL1HYVVQ6UOSSvAu_gn__zt06tDjA,DICKEY DAS,https://play-lh.googleusercontent.com/a-/AOh14GjsVKIppGaDVXvF_gFFJa-PqAz9gEhkF8FP4IHV,A bit laggy when you reach some high level. Overall game is great.,4,0,,2021-01-06 09:36:22,,
gp:AOqpTOHZluz9qcnhQSmERXeG8v8c4gupcICfqjdkvr1_e2yMR32tQOBbEiwto0944kXBNFZ2lKRPeEXkfHl93g,isthe passback,https://play-lh.googleusercontent.com/-J5qQTy3W62A/AAAAAAAAAAI/AAAAAAAAAAA/AMZuuckfz633Z3fETmd9tfwtD-DoW4YDOQ/photo.jpg,Pretty fun and hard game,5,0,1.1.6,2021-01-05 15:16:54,,
gp:AOqpTOGmDRs0WwRuW9IXgwIXOFqTbpAH8ORMU52mn1SY_aEwoURZP8IHqVS5aHFAZUQ9FhE3EznnbTtKq7d-tw,tiger poptart,https://play-lh.googleusercontent.com/a-/AOh14GgRJXJmfY5MzAnbYvs8nt0fhfM7VfKwsTe5ROFI,Great game,5,0,1.1.6,2020-12-31 14:58:33,,
gp:AOqpTOF-xU1cMKc_AfU0NhylKZI9SiDEKTtZRoGFWToKZXbck9zxIRYNxMf3kXHz6AKf_Ggt-OEpCQA6FH82rw,Dickey Das,https://play-lh.googleusercontent.com/a-/AOh14GidGp_onytvxJ2cA4Xlgby9pUHfmTXLxz-P9arQDw,Truely a masterpiece..uff love it,5,0,1.1.6,2020-12-31 10:14:53,,
gp:AOqpTOEiPIy68zGHOGg3aIr_cMGiOLb4VbSubx6Bte7cn59jlZ9t0bAMF_LLO7_0aME_cJZ6wJ8LGw9Y5dhEAQ,PaulS Smith,https://play-lh.googleusercontent.com/a-/AOh14GjvTdsVWKhGp6k1pGD9GP3KavyngCcD2ZztUyGjBg,"Amazing, only it crashes every now and then and freezes",4,0,1.1.6,2020-12-29 21:40:34,,
gp:AOqpTOE6Bw7wftqgJPG2aAS7hEMgr-X1cLr6ybZQCNCxfn0VfsV19ZB6_Gz_cwZqBveQhHTEPI14RvfjTz0r9g,Ivan Imes,https://play-lh.googleusercontent.com/a-/AOh14GiOrki14BbEICj3EawjcgScbbWU3IPeK-AvulopiQ,"Beautiful Game with some critical flaws. Honestly the biggest troubles are the things that the developer has intentionally left unfixed as a ""design choice"". For example, there is no way to cancel orders once issued. Not joking. One's mind goes to OG Resident Evil fans claiming that the poor camera angles and tank controls make the game 'scary' instead of just unfun. The game is indeed beautiful and satisfying once one comes to terms with its inadequacies. Needs mods so players can fix.",3,0,,2020-12-28 09:31:43,,
gp:AOqpTOH0Is6W4YuhKZeZcr-4fvZdM4glImYnd5hEhWatpUbM1xmtFsQ8LuA7071Rll5Ojpmi5BCGfle5AtFrlw,Abd El-Rahman Ahmed Mohamed El-Gendy,https://play-lh.googleusercontent.com/a-/AOh14Gha1YMtLTZLedD6WmYzB8-WO7wamHvDg1YaDfmNCw,Amazing,4,0,1.1.6,2020-12-27 08:43:27,,
gp:AOqpTOG9uWiSldLW8MRIkI_gT6QI91tlbYGmqPGnHVkgSgHLHSrK0CH13WCZC1aQ_8SSvI3nx_pAIvt4avpM6A,Hunty,https://play-lh.googleusercontent.com/-Wq-eNyZB5-U/AAAAAAAAAAI/AAAAAAAAAAA/AMZuuclMQ1sobVWQjbJAHLwzaj3PjFspBA/photo.jpg,I cant switch monarchs and the game is laggy on galaxy s20.,2,0,,2020-12-26 13:31:50,,
gp:AOqpTOH5WWBK35nkK1L6UoFEzg1nENztsG5lV9_LEeKUa34JNugoUvKIXELrctbwKvTHUKrEAKYkK2KF7nuPhw,Naveen Venu,https://play-lh.googleusercontent.com/a-/AOh14GhQt9DCBgj2XbH690X8qM1mU3KwHaziXmIumg5EZg,Absolutely love the game. Even though I played the previous game (New Lands) this one still manages to feel different and has more stuff to unlock and discover. The only thing that is kind of a deal breaker is that it is laggy and has some bugs. It lags even on a premium device which sucks because I've played Bad North and Kingdom NL and those games ran buttery smooth. I hope the Devs fix this so that I can give them 5 stars which I really want to cause they make amazing games.,4,29,1.1.6,2020-12-26 04:54:44,,
gp:AOqpTOGZsNMpEeK2l-tKe7bwewYxU8OL60A21IKQUOyOXt3DtTZV5E86W6RPtuYZWv3dchi7nXbC9Pc0tUG0_Q,John Menardi,https://play-lh.googleusercontent.com/a-/AOh14GiaznbQjYx2waX3ICdAhPd5aDbh0ElPLR5DRa5h,Neat oooo,5,0,1.1.6,2020-12-24 12:16:27,,
gp:AOqpTOFKgnB09WBol4szpGEBoH0_sO-CWVwcWpIiHUBH9QJJj6Ln-7H0rzIsX2A4BOPrGxNA38tmuSamlRkr5g,J LaRue,https://play-lh.googleusercontent.com/-S3hfUj8SUqA/AAAAAAAAAAI/AAAAAAAAAAA/AMZuuclr4rL0xZx02PrJKXOD365ZSsLR_g/photo.jpg,It was pretty great,5,0,1.1.6,2020-12-24 00:20:59,,
gp:AOqpTOFa8gWzJ_KUGxQTG5mVS_Sf2TplPHrv5avAQ-0-dqfjsacPlCylQvd3lRdotqjNEcgrI_BQRPw2Sw1mqQ,WhyFirstName AndLastName,https://play-lh.googleusercontent.com/a-/AOh14Gi6Ym7FGZUp8xnWFuGTPnr4v8XbxCGDer3rZjXw9g,"Very Great Game, But It comes my disappointment with Bluetooth controllers. ONLY works for Xbox or Playstation not Moga Controls.",5,9,1.1.6,2020-12-06 02:21:27,,
gp:AOqpTOGX9_2fFOT2oaX1N5uW0mXCbb7uF9pv0mmhY6CdmNUlleak5CQSbwPnvcjoOBEsIX7miYFvm-J3SQ3rcQ,NeiL Legazpi,https://play-lh.googleusercontent.com/a-/AOh14GjXoJbB3zg4q6roeJluRvbYQs4nwYoQgjSV1_OR9w,"after the current update my screen zoom in almost at max! i can't enjoy the game coz i can't see the greedy well! plz fix the update too much zoom in! updated comment, please give options on resolution so we can enjoy the game!",1,24,1.1.6,2020-12-05 22:20:58,,
gp:AOqpTOGhHVWTtzevyn4ehG92IaX9G6EdmtikEp_sLkH_u4kcW8WbSJm6_V81dIQh9-5BUkMKizpRz6UHv6-bYA,Markangelo Guevarra,https://play-lh.googleusercontent.com/a-/AOh14GjeFDXuIVblFs9LKRkzH6jPoXbCNFNhaE92yummwg,Pls add more content like new troops,5,0,1.1.6,2020-12-05 20:34:05,,
gp:AOqpTOHVqVdym2FDXRKUxCj7o3oaE9bW1hMXMJZ5mQs3ULpMdaIbGK8CnGeu44dcQhJ9UtOXHNuLCnFAv-HNLg,Sol Samudio,https://play-lh.googleusercontent.com/a-/AOh14GjzSn3MGvDifHo2dEosORmWp5TovrBzew5C3pjw,Controls are bugged: Went back and played the other Kingdom game and it was clear that this one needs to be fixed. Which is sad because I love this game! I will take this down when they fix it.,2,35,1.1.6,2020-12-05 11:21:11,,
gp:AOqpTOHUU8zepR43PTJ2RAynHMweTw1Kikc3Z3m__fR5aH_x4BBK_eBuQ3-NY3jelAp-ngIzfXHQdPy338dXiA,Eric Vu,https://play-lh.googleusercontent.com/-BZyp3nK0uc8/AAAAAAAAAAI/AAAAAAAAAAA/AMZuuckJpfUORodysH9Q6EaDDcmYJG5kVg/photo.jpg,Great game but I wish there was some sort of online play or something,5,0,1.1.5,2020-11-25 22:01:47,,
gp:AOqpTOHFOu52n83bqoZ3ZHbUBu54kLVjxshaFw8yc9iLRgGXFvdZ8h_4x0S545xvWTFUpN6c8GnWtFQjB-yCKg,Joseph,https://play-lh.googleusercontent.com/a-/AOh14GiLPNLGixN0z9Sqp-bjMMo9qFJ-0RWmdADFioom-g,I really enjoy the game. It's really fun just exploring on top of the graphics.,5,8,1.1.6,2020-11-25 18:32:05,,
gp:AOqpTOGubu0-ditZzjYFQv-HpLDH3VWRTOybu3HmKxWDpl4ZVURLWwYd-h1T_1JkH8ntOiPjjDn2lxsOKEh9cg,Phan Thông Thành,https://play-lh.googleusercontent.com/a-/AOh14GjQSSEhkErc_tI7OiJRrfbdYGhBHvDOF_ZbiZ1udw,Can cloud save be possible? I would appreciate that :(,5,2,1.1.5,2020-11-25 05:25:29,,
gp:AOqpTOG-d9PVKSb7W_0nrZCBLkk6PIKtdE_LGuLVzDRf2U7MNDcMsJe6MJ8SkUMzz95RtjXmkusFldsgViiY9A,Kristof Szabo,https://play-lh.googleusercontent.com/a-/AOh14GjVuF_RiSnaamIBDcMHtP2t5RPRuDUE5Il6gK5SaA,The best game that I've ever played on a mobile phone. The overall game design makes every penny to be worth.,5,0,,2020-11-22 11:20:26,,
gp:AOqpTOF1_CbMTJ34UjzR7f-m-qjCPMhtHeMUWt4CgQl5Qig_c2_XgUxF7kZgIdW3lse4W24lPFpDwMv_Lan-Zg,Just Dinii,https://play-lh.googleusercontent.com/a-/AOh14GhRzGKEg2JHsaXMdB4UO5Tutms-XbaGAuwvaDRqdA,Good game.,5,0,,2020-11-21 21:44:28,,
gp:AOqpTOEcFloVbaM0QBAkuxxVwwxeJpYfFFk3a4uLWJNSeLaicyfzK5CAD299aX3E9Nyt6f5B5VYR8dsj_cKwFg,Connor Giesbrecht,https://play-lh.googleusercontent.com/a-/AOh14GiXdda0FE-uuMzgj24qLgRvx6H0rs4M5anvVCw0,I'd give 5 stars if co-op flipped the top screen. If both screens are facing the same way then how is anyone supposed to play co-op on a phone or tablet?,4,29,1.1.5,2020-11-20 09:42:32,,
gp:AOqpTOESNFfWgQH80VvUpm9SrU078PdHmM0VioCn3EKHXPo1933RFoMsQZHF2skuzKuBSW6zBC1Hftgr70LWrA,Emperor Jawad,https://play-lh.googleusercontent.com/-NtZU-eM3rXs/AAAAAAAAAAI/AAAAAAAAAAA/AMZuucmapMMG1gh19Z20OyP8uknhiUYVoQ/photo.jpg,One of the greatest indie games I have ever played,5,1,1.1.5,2020-11-19 01:51:55,,
gp:AOqpTOEL6Bl7zfEFuv9MlW6v33ghf59QHYWBDkp6EqsBbx-LWDc4TFLmICe6bvrQc4B6Y3yEn5UqsX5FOi1IVg,Jonas Valuckis,https://play-lh.googleusercontent.com/-cJM3FAOw3y4/AAAAAAAAAAI/AAAAAAAAAAA/AMZuucmeeVoty2umm8yqP8xyeYeTDhTMXA/photo.jpg,Good game that i like,5,0,1.1.5,2020-11-16 23:38:34,,
gp:AOqpTOH_UXtU3zGgFpPTJkZrMmyoP9Pgc1nBh_JV-RNs5plGD_Lqc9b6Z9SNX2-5jRb71PavJDqbcyDJpY7f-w,Chuck Jeager,https://play-lh.googleusercontent.com/a-/AOh14GjKGojil-lrkhiMorcRCD25NtahdliDYSWMn5nKUQ,"Tutorial needs an update, apparently when it tells me to tap to put couns in something that is now done by holding and dragging down but the tutorial text does not reflect this and that should be fixed",4,16,1.1.5,2020-11-16 11:07:30,"Hey there! Sorry to hear that you're having trouble. If tapping the round empty coin slots isn't working, can you try holding on the screen and swiping down when standing by the campfire? That should trigger the payment to light the campfire! If that doesn't help, please contact our support desk and we will investigate further!",2020-11-13 02:36:04
gp:AOqpTOEk7ZEv2gDd24jMwgPDEXj64RzyWGeZM_6pxdcSWinzqOgoib55Bi5pgqPohAm9HF6OUZOaQk37gKTn5g,Can I Shank,https://play-lh.googleusercontent.com/a-/AOh14GjWeEFUHPLbW7uGS9rjXEGw1bcGmKRgSs8yzMEN,Amazing game,5,1,1.1.5,2020-11-13 13:23:01,,
gp:AOqpTOHv8vE2YyZEiLCW707EFZtf6fDlFBf2gfl8A8n0aHwpTGbZt1NPz_iXrdsDizTdwLhQobhKA3gtArSMtg,a yellowpeep,https://play-lh.googleusercontent.com/a-/AOh14GgOevHgfYJkGk0jVAP3Blx7wx4788fE5kd-mKyApQ,Its an amazing game but the only problem I have is lag. Like the lag after a while starts to really mess up my gameplay which is kind of annoying. But other than that thing game is quite great. Nvm got a new device games pretty amazing,5,2,1.1.4,2020-11-13 08:28:10,,
gp:AOqpTOFDAh8Ly3AmXUTL7PZZrC7ulFtSK-I7ZvR1GYlhE_FCIykuH9lzTCQJMWEd7CS3J8reU3m1kcYx4RBCxw,Ziggy Molina,https://play-lh.googleusercontent.com/a-/AOh14GiG0Ly7G7_TVxG8wPtdnZ-jHjLK_IgE23rTJyjVG7I,"ive loved kingdom games since they came out and to this day can not find another game so peaceful and amazing, that is why it is such a sad day that i can not play properly because i can not see my map anymore and the lag is so bad i can barely see",1,16,1.1.5,2020-11-11 06:13:57,"Hey! Sorry to hear about that! Does opening the map cause the game to softlock? If that's the case - it's a bug! We have a fix for that in our next update. Keep your save file around, once the game updates (hopefully very soon!) you should be able to continue your campaign. Thank you for your patience!",2020-11-13 02:30:56
gp:AOqpTOF4ooZZS9kYNdJe6RfCj4GhR_Vkv9q4NgNQAMh96LwULm34z9qT4ea6yiAT13S8mtfn4Df6rn4LPpS5yQ,joat150,https://play-lh.googleusercontent.com/-V6Gf-ZJMoSI/AAAAAAAAAAI/AAAAAAAAAAA/AMZuuckEfuk5VLobUp-Y-Mi64TOTuP7s4g/photo.jpg,"Can't put coins in the first campfire. No matter how many times I tap it, or where I tap. Using razor phone 2.",1,1,1.1.5,2020-11-10 12:07:06,"Hey there! Sorry to hear that you're having trouble. Can you try holding on the screen and swiping down when standing by the campfire? That should trigger the payment to light the campfire! If that doesn't help, please contact our support desk and we will investigate further!",2020-11-13 02:32:38
gp:AOqpTOH2eMwt__UAOZNaFlU3Ud0Z2PvwSD0PYSRf7OJUtHgTx4xXk3vapsU9QH01zBGWkA6oPmBIhPDTUEXCFA,Henry 4eyes,https://play-lh.googleusercontent.com/a-/AOh14Ggp10Q-MU-CPxiakynrzE6tVbIdM2o1VByiM6PhsA,Very polished game fun to play and always find my self using different strategies which to me is great never a dull moment.,5,10,1.1.5,2020-11-09 06:26:51,,
gp:AOqpTOGHx0krZa7xy3wgnpAxFXqzncE6zNQvJeJLX3GlSz6MGifmUO5xQ52rM7MjBTNLsS1228th1TqFoAQXIA,lewis mills,https://play-lh.googleusercontent.com/a-/AOh14GiEw5K9u95YyJDaUUqyLE3zMi5LUze3ZNkoamP5aQ,Awesome,5,0,1.1.4,2020-11-03 09:45:55,,
gp:AOqpTOFhY03jrWcA5-AcCS-e57-OZJ-Xzm-8EzetrmF3PnKtqAYhcsFtN9rtVLt43_5FO1Pl40_NCSKxJTCJqg,Xx•candy moon bean•xX,https://play-lh.googleusercontent.com/a-/AOh14GjlSk3IgGkSCnedQeMP06ROMlyfHpElV__zXzC53w,The greed with mask are way to strong they can break a iron wall easily pls self their damage,4,0,1.1.4,2020-10-25 21:11:14,,
gp:AOqpTOHqoPoUzUl0tEAmFRQKxOGiYtAAZzfvcuOUQsoq4w8W9TNf48Rwjg9WLjC1MJXb47V8NU-W2vWpBJnrjQ,Brevin M,https://play-lh.googleusercontent.com/a-/AOh14Gg6L496KVSvP-QDjPCB_0jye-9htAhI9FnMR5wRsw,Really good game def was worth the money,5,0,1.1.4,2020-10-22 08:02:59,,
gp:AOqpTOHqsuzvvUoFJb2Mjkr3isLKLgu7CaJJR0nChWuPbH2P7ZvHw-LMgAXZZXUKl9RfrtzMEZldC3rfaI4ZCQ,Dustin Samuelson,https://play-lh.googleusercontent.com/-ubu6PJ-LCbg/AAAAAAAAAAI/AAAAAAAAAAA/AMZuucmaKWQzWf0KDH70GQSXr7BAOo7JBA/photo.jpg,"I'm of two minds with this game. On the positive, it has great art and a simple feed back loop that works great and hooks you in. It's fun and engrossing. However, the tutorial is a bit too opaque. It tells you to do things, but you are mostly left guessing as to why, and some things are not explained at all. Second, the most important resource in the game, villager camps, can easily be destroyed and there is no way to cancel that mistake or build something to replace it.",3,22,1.1.4,2020-10-19 01:05:30,,
gp:AOqpTOF4X1YS6N89nDOPNcAIjCoodjLP9swpHNDwE2yUHdhcXNNbLYyFbrq8yN8Vlvuh2CDbveNBav5Nfk-TNw,Benjamin Mathew,https://play-lh.googleusercontent.com/a-/AOh14Gjd7J9J9RWiHSD3XNsNGBIpGMvRBY2fNH3UmU7tQI4,"The game is excellent, one of the best ever. I wish this game had online co-op as well. Local co-op is fun but difficult with 2 people holding the same phone.",5,1,1.1.4,2020-10-17 19:51:35,,
gp:AOqpTOFmovbAhZTNGeijsvwsDU24u6JhtGDgEPJhC1k3EB2EphJo0RM5mag6NXB5Vf2TDsTaoohimwjaBMUoLA,Josh Diesel,https://play-lh.googleusercontent.com/a-/AOh14Gj8tCCFzY3z-n_hQu5ubndTGM2Q5fpvLCuegkJ0,"This game is great when it works but months in it had randomly stopped working. Coins can't be assigned to new buildings. Reinstalled three times, no difference.",1,2,1.1.4,2020-10-12 15:19:34,,
gp:AOqpTOF1fYhtdYX_UoGTpNwK24u1dEIIp_AguYzwOtbqLfCE44fsogotPFmxV0XDOnUo6RtRlTvvemNVUoz9iA,Cairo Miravity,https://play-lh.googleusercontent.com/a-/AOh14GjRSYdMi-wfb-d3xeeuryE56Y3JPvWvHWRiejDGtQ,"Archers that ""priorities"" the left side always run to the right leaving the left side more and more defenseless the more you expand which ends up requiring more archers.",3,1,1.1.4,2020-10-12 14:52:05,,
gp:AOqpTOEH-baqWbUr3gk-5GYKTKLnh96SQL9idZ_UZkCcFuHxWbpXuTiLM3tOngQWYL3zaaf4PjqYlrEybjGWdg,FD_Stalker,https://play-lh.googleusercontent.com/a-/AOh14GiWiktgXR1mW39Ggh0Uqd3jBmrOZWlWsO7T2xcUNw,"Villagers are not running for equipment during the night attack they are wandering around the same loop at castle gate, and my recent campaign I have slum & merchant tent with forest in wall on my 2nd island, the new villager from that slum would not go for available equipment but instead wandering toward the wall and waiting for non existing equipment (spear) even I have hammer and shield ready they just won't go there to pick up",3,10,1.1.4,2020-10-09 06:05:41,,
gp:AOqpTOHehiUTwFhJxtEgNnBtmq8P0Vp7QXDqgmzPHSz10-3FEWMNZcll5eUo_JerxDxZw0s9B4N_JBno9qmC8A,Temple Pate,https://play-lh.googleusercontent.com/a-/AOh14GhpTx61isHZRYzyF4h0hy3PPJ5wh2j3sqjLLnjs,"Like the game, but there seems to be a bug that on saved games I can't spend money.",3,0,1.1.4,2020-10-04 19:01:09,,
gp:AOqpTOHs57h65NixHUxcIry4iRGTR8easopdsG1qpEAEZiURR123UC42NPWG2_8nbvQZ5mDgwYXE5XXWp-e8Tg,Frédérik Whissell-Couture,https://play-lh.googleusercontent.com/-ooqpIymGU1k/AAAAAAAAAAI/AAAAAAAAAuc/AMZuuckfiU-03Hrf1gtDPTUSEA06C5kV5w/photo.jpg,"There's some performance issues, frame rates drop and lags here and there but otherwise this is a fantastic game!",4,0,1.1.4,2020-09-27 01:28:47,,
gp:AOqpTOGifyUbUYCzOpPF2WSawXhtL3XfuInBvaEfLauhNmfe564kAcVmmZe2oYbWI4sCb99jC9r4o0OS1lgEoQ,Alexis Newmark,https://play-lh.googleusercontent.com/a-/AOh14Ghgn5zkiXxpvbLoU84_e5YCCrh6moYFwtUNzeoRNpQ,"I've been playing the kingdom games on my nintendo switch for years now, but carpel tunnel syndrome has made that difficult. I was so happy to see there's an easy to play mobile version! The minimalistic controls are amazing. This is my favorite game in the world.",5,4,1.1.4,2020-09-27 00:27:28,,
gp:AOqpTOE5Lp4lnxUw7UzOCKnPU_zobGAjxueDOCx13RT0jQpuNO8T5UwSQUqMM3h1nCWwsf6QxyvIAVNlFyBbiQ,Kimberly Hanna,https://play-lh.googleusercontent.com/a-/AOh14GiHx_VpLBzEIbMZjxLbY_Yem2xse7xWzIfNFPhnkw,"I would happily rate 5 stars, were it not for lag. By the time you're ready to move on from the second island, the game is all but unplayable. This is very disappointing, though everything else is stellar.",4,2,1.1.4,2020-09-23 17:09:45,,
gp:AOqpTOEal0bpoo0nHQI7RA1Fz4YB6S1WIY09M3bB2Bfvbe1UkqkAjTaEqtZX0XP95CJz6L-BzE93ZL9FSpUPqQ,Leonardo,https://play-lh.googleusercontent.com/a-/AOh14GiR9WxAw-HVJaGJ7imLmb0yVtbD2l58n9hGzbQkp3o,Can't start the game there's only a black screen after the title please fix this,1,1,,2020-09-19 14:09:48,,
gp:AOqpTOFiVVZNVoRbuZfoGO-e3NMxE7c2lUzcDZdPyfm9IyAnH4psHI-fuV2wqyUl_oW09ZMe1Z4gOsPN1cuQPA,Brandon Day,https://play-lh.googleusercontent.com/a-/AOh14GiTxgDcZHDQs9OPEAUb51BzxC-uwtXyspDy-AEBgA,Fun game love all raw fury games.,5,0,1.1.4,2020-09-02 02:55:52,,
gp:AOqpTOE4my5W3_67sjJ2R-xSR_vURtXosPlvIQJ1A3C8MAAj-RhZSgVm8Lo0ZzjJSmSYtyfHSchXKhsJ9XZ5uw,Lunatic 01,https://play-lh.googleusercontent.com/a-/AOh14GiT3AEabM4WddlAYh2WpMiov1uvDWJG59LeJYAx,It's a great game. I was a fan of the first game and played both on xbox. The only thing keeping me from giving 5 stars is the lag. It didnt take long before I was dealing with a lot of it and it ended up costing me some things I needed to keep building my kingdom. The first game ran great so idk why this one is lagging so much.,4,17,1.1.4,2020-08-27 21:38:35,,
gp:AOqpTOH3oA7lStSsD52FTv3aI7f2ZRinB6vlBpHL6U2uKmjfJnNwvpRswAlPwLKGs742eDHzzYp5F0f_Wbypug,bruce jennings,https://play-lh.googleusercontent.com/a-/AOh14Gg3z5wntpSvruUp40ja0FQW6zhqDHC5Bi2k50vT,I love it,5,0,1.1.4,2020-08-27 16:04:15,,
gp:AOqpTOF11ya7Vz-Jslrni1LCoq67ErqiWla1hckZCkvGhu_0vtcKkSbjTXzudRKmEoNJ6cGdqnrMOwIokmkqGA,VOZ1 beats,https://play-lh.googleusercontent.com/a-/AOh14GgXEQJ04BFbPzcqPTND_TwAtZrkvzewi8Ez7spCbw,I love this game beyond words. One of my top 10 picks for any platform. The only thing I wish that could be added to the game now is being able to name our kingdoms for save file information. Thank you very much for such an awesome experience.,5,2,1.1.4,2020-08-27 13:04:29,,
gp:AOqpTOGv03G8G1Rz_35s8_07trnh1EcGIWWwMeuhLQuqMN_TRrlYe20foze89oGxluoUjhS2FehWfp7wiVmDwA,LiveNewMe,https://play-lh.googleusercontent.com/a-/AOh14GgIVZw3tGJuXj02I8uoQG7-Re2uUU9v5IjnjtDm,I've played a lot on xbox and personally I love the game. The only thing I wish is that you could play with a controller,5,0,1.1.4,2020-08-24 11:17:17,,
gp:AOqpTOGhnqJAn8ycjXQ9W-ELt6evyV8PjJoYwX2SfVFlFH1_SrlzOVkVc63ueVuHSiRiyOoL_7gegPHYbSVBCA,Wouter,https://play-lh.googleusercontent.com/-Fi3RhM052Mo/AAAAAAAAAAI/AAAAAAAAC9o/AMZuucnNiR8xQUeHcDdlmeFP05qkguT0fw/photo.jpg,"How do you want me to play SPLITSCREEN if the controller doesn't function?! Does not work with 8BitDo Pro 2 controller, when set to DINPUT or XINPUT! Broken game!",1,2,1.1.4,2020-08-23 13:01:38,,
gp:AOqpTOFK1m2WLNZnvkeJ5zEmbUes8477SXMbEZmUQUjqSEe9JounJ1m0gsb4UbvupSoOGigFZIhyRC3qX3eQhQ,Jesse Brady,https://play-lh.googleusercontent.com/a-/AOh14Ggz0fIjVJiKpudpfOLiwEwA4nqxbOrsaDEk2CBjKg,"Estranging, given Kingdom: New Land's seems to have a more pixle dense visual quality whilst two crowns is very blurry. As if New Land's runs 1080p natively and only 720p on Two Crowns. I won't hate on the game as it's great however the poor quality really gets me to look the other way. If it's fixed then I will definitely buy the game once more but for now I'll be returning and sticking with New Land's. No matter which is more feature rich. I am using the LG V60 ThinQ 5G. At&t model.",3,11,1.1.4,2020-08-15 22:01:20,,
gp:AOqpTOGNjC0t9oYMgRGKRSqc_M_cMB6uPIA1w4iXzeVD_VzeiDxT10hiV2ihm8T75BJZAi7Hr67_MS7w7qVhlQ,maestro,https://play-lh.googleusercontent.com/a-/AOh14GgOpImfNVqOEtnHO1uu1NidDfRCBQ7tDAgpPM-W1ss,i love this game !!!,5,0,1.1.4,2020-08-10 20:26:59,,
gp:AOqpTOGkeGfbQjxZucRcK5b6RkeOP08SqG4V7cLhIM3uTe68LmrYbETByD2BEnYJdXM-rm5zINCBRIPgXvANFw,Shmuel H.,https://play-lh.googleusercontent.com/-yBiEpMo-Vn8/AAAAAAAAAAI/AAAAAAAAAAA/AMZuuckzxBHInTFaND7wMnR9Xh26IWKbNg/photo.jpg,"Nice game overall. However, on winter the game just becomes very boring with nothing to do apart from waiting to end. It is really annoying because the game itself is great.",1,1,1.1.4,2020-08-09 17:51:51,,
gp:AOqpTOGoCeaGi1Z9JOtjpFHt0XyUe9446r2f5PGtXE-Fj3l7yb6XNnmdfyve9OffGQw4MyH1xZFeawWHmfA4Gw,RyZe_xSpitez,https://play-lh.googleusercontent.com/a-/AOh14GiyYKHP-AuNeULJdzfCR9GC3xs48E--lvrbm_ZyjQ,This game is a solid classic for mobile gaming you can get days of enjoyment from this kinda small package i beg you to give this game a chance and stay with the game dispite its small learning slope it has.,5,1,1.1.4,2020-08-08 22:13:52,,
gp:AOqpTOEbobhokuqNVKLsPJ944G7Xw48boqe8wRG9plrOnrUhiHdJlnry9AY1hKAmGgdUPKGxRhB3tzjfDF_hlw,Inculcated Frankenbean,https://play-lh.googleusercontent.com/a-/AOh14GjaMZYHcfTqAJ2evO2jzkJSbFKH1YqsWLuXqOM0DQ,A great evolution of the game and worth the money.,5,0,1.1.4,2020-08-08 19:45:53,,
gp:AOqpTOFQIXwXEUVgRVnTShS5-1nAFIlsgJqH0IXF9e3YntGn-2cc6d0Crf_TJVli714bnl2lbaPZli1smG8d3Q,y. phommaket,https://play-lh.googleusercontent.com/-U4wV_dBmpXA/AAAAAAAAAAI/AAAAAAAAAAA/AMZuucmkSCIS2b592s0OtxihnKfxrgqrNw/photo.jpg,"Style, a challenge, rewarding, unique and fun",5,0,1.1.4,2020-08-07 17:38:24,,
gp:AOqpTOG0lA2iC7mMQrUbfoEfUEuEFxw2Sy2LghIXU7ZdT1WNlt70LC5omP5oEguuNany_VMacN_dAntgxtZfUA,Kenneth Baxter IV,https://play-lh.googleusercontent.com/a-/AOh14GjWGeK-xg4YQYltbDcfu7S8QYb3e5NQKEZ0myYn6w,"I love the new modes and variety of Two Crowns. However, the biggest reason I bought it was to play with friends over wifi or Bluetooth. I hope this a fetaure that will be added soon. Otherwise, 3 stars",3,2,1.1.4,2020-08-06 13:12:59,,
gp:AOqpTOGAAT8jtUAjiPHPZZ9rYCsqWDEbW4rlqlnySCsjSKGBapZY_bn6U7YRwSbvaDbDkmY2OmiaCKXtWVs4zA,Igor Soares,https://play-lh.googleusercontent.com/-tGggf-NWcxM/AAAAAAAAAAI/AAAAAAAAAAA/AMZuucmLgLKKmhP7yW6Q2fqFKFx1tH4Q3w/photo.jpg,"The game is great!! but a few things would greatly improve the experience: In my current setup I'm connecting my device to a screen (through DEX), so it would be nice to put both players' view at the same direction (instead of forcing one to be up-side-down, assuming I'm placing my device over a table for both players - one each side); Also, the connected controller seems to forcefully go to the second player only (I'm unable to play with a controller on single player).",4,38,1.1.4,2020-08-01 09:25:54,,
gp:AOqpTOHwD3d2Hf5vE71I90csba9HlWV-5nM4vtPqKQoJMIcTZGo_XuK5gDQf66qt-1wsiEYf4TexrU8AECGDvQ,Michael Alspach,https://play-lh.googleusercontent.com/a-/AOh14GiI4mTOt44cqnPbaeTVZT1t5EMpDYfXvBspHw,Is asking me to buy again to install on another tablet..,2,0,1.1.4,2020-07-31 16:14:07,,
gp:AOqpTOFOTc3Lw4kOn88NbRhP-rPyS0ooFSqUiNoBx6hthHQOTgEf4hTcxXT7gdMqfTgcmxdUbG--nX6W5H2Asw,Gareth Sims,https://play-lh.googleusercontent.com/-wdN698IFD7I/AAAAAAAAAAI/AAAAAAAAAAA/AMZuuckEjVK46wyl0pvEEieq8N8gd2CyLA/photo.jpg,Amazing,5,0,1.1.4,2020-07-31 10:40:57,,
gp:AOqpTOFRrAUXwmJo9AAyD1vLPb1oijt7_xUcIa6K1d1xOlBmSU86wH6XXgY2sFBxpXIfaHNXp6ob2APEZB1TGg,Gavrilo Princip,https://play-lh.googleusercontent.com/a-/AOh14Gj70RsdiIzpYc4bfYpOx6ap_gSrf0C-wcvM_MXBkA,It's just too Laggy,2,0,,2020-07-30 14:22:07,,
gp:AOqpTOFSD9JzGYSq4pTMaq1hXpmRqNjqm1zQbzOLMCuPWvltZYkwdry5OaWLMFHmvRWt4fRCPe1Y1GYAdjsCag,Smith Bee,https://play-lh.googleusercontent.com/a-/AOh14GhuDHrlqs_gzBH_M6d_8tS5SV0f8u1MTW-WyDFW,I love this game so much this game is just my style.,5,0,1.1.4,2020-07-29 11:20:03,,
gp:AOqpTOF4vrDu5sl-gCVPhkI4uY7-H2jbwrZMN7CP6YzD2-YxUZ1A_ZDc78_Yz2HuhFKBrZGSz-HMZ85zEDRWjQ,Tautvydas Utyra,https://play-lh.googleusercontent.com/a-/AOh14Gh0GAFjITcooHXmMVOSU-8xiYi2Mzo47lBO-DdAgw,"Was paranoid of bugs and gameplay issues thanks to other negative reviews, but they didn't prove substantial for my case. Everything keeps running smoothly and am enjoying the best mobile game as I did on my PC. So thank you developer's for this wonderful game!",5,3,1.1.4,2020-07-29 01:19:49,,
gp:AOqpTOFE64TG3FMmb1T8aZFz3nIs-D_LrDNR1kvI89XnI4e6TtqWWxz4DLF-TsoEgafXlA-LyT5OmlN6xj1bWw,Osiris N.,https://play-lh.googleusercontent.com/a-/AOh14Gjj3j5sOH10rPf2X75WCawRfoOL8iHaTgTAefNrww,"Hi, I just bought the game today and having a lot of in it, positive vibes all across the board. But suddenly I got technical difficulties in the form of the game slowing down. it all started when I unlocked the gryffin and used it, the colors on said mount randomly turns negative from time to time. I tried restarting the game but the problem turns up over time. I'm running a 6gb ram 855 snapdragon phone on android 9. It should handle the game smoothly? Can you guys help me with this problem?",3,39,1.1.4,2020-07-28 07:03:00,,
gp:AOqpTOH9XyFzE59URzTdIDxw6XQZD5jIm9AAPb1cKTnEpzzzsfzzrctCwfIhUcecilYHVdCDl0Cl9IAyEmqvcw,slim boi,https://play-lh.googleusercontent.com/a-/AOh14Giyki0X5dSVsT4C9r-w4F_gBhqfg0k88MFzg4L3_Q,I absolutely love this game! It's great value for money and has a unique style and gameplay!,5,0,1.1.4,2020-07-27 08:35:31,,
gp:AOqpTOF4q1HZS5HxIHvNHewIoMsx-9ECaRlzFnieXToqCriPoFDADU4XrjWjTab7Xrh2eRI3yFMWQXR-8HNmSA,Toby Nuttall,https://play-lh.googleusercontent.com/-Yp_eRgdq7ns/AAAAAAAAAAI/AAAAAAAAAAA/AMZuucn0_NbqjI5iGPkPaN_Zu7aAuChjxQ/photo.jpg,Great game however I'm not so fond of the dead lands mud/land texture but that's my only problem the rest of this game is amazing and I love it,5,0,1.1.4,2020-07-26 12:15:09,,
gp:AOqpTOGR616EjVkbccmXW2LZcY5w1ilHOqBR2bfUdSkpKp4bzZiiyQO2-OLuBfTEfCyvzDnu2yAbHa56c9w4Bg,Milan Priadka,https://play-lh.googleusercontent.com/a-/AOh14GiKqpXCj2QD5Lw-_yQLUfCeNE7NzmLNgApXLqYa5Aw,I love this game :),5,0,1.1.4,2020-07-25 15:47:49,,
gp:AOqpTOFdWCM3V-8LHDpdNRIII7PCk9m_44zLnpkmfgXeFWvMVEWbqHj9yphNzUDmaGci7gEmxAEIbAkx7txfHg,josh6499,https://play-lh.googleusercontent.com/a-/AOh14GiV4vyUAZwYj704lf9Xj44S43JgDAaDKQqYxKjl,"Great gameplay but poor framerate on a Note 9. Lot's of hiccups and stuttering. With a premium price tag, this game should run buttery smooth on any modern flagship phone.",3,0,1.1.4,2020-07-24 01:00:45,,
gp:AOqpTOHABdax-Juvcx6_e-3D-3mL2shKyPR66ZwjOM1T4MPDik9nAr8hJnQntyjfInr9zShO8TccGbpO2UKaQA,Bryan Maldonado,https://play-lh.googleusercontent.com/-Hlbou_myU2c/AAAAAAAAAAI/AAAAAAAAAAA/AMZuuckO-sk0f3Sm5iUjtoltlWjzoSsqrQ/photo.jpg,I haven't gotten my refund I waited the amount of time needed for them to respond and got no respond,1,0,,2020-07-23 13:56:20,,
gp:AOqpTOHRH9GGuR0AuVus3zX9X_FBnQp6Io6Gw3bAHp2UnvTytY-mRQ-rNDlhoW-vJQbGO4tsRc7qhEklO7jwBg,Tyler Woodley,https://play-lh.googleusercontent.com/-EtVWTF95u_E/AAAAAAAAAAI/AAAAAAAAAAA/AMZuuckX159FGAl53e1dAzaYQKUNwa7MvA/photo.jpg,Excellent game!,5,0,1.1.4,2020-07-21 18:11:19,,
gp:AOqpTOEWgskNVtXJk8ocNDZUf7YS2Zgb2wkZO7WIFGyFEAT886jo2OQE_vcImO2RdzmiaPE5tgQBUgBVV4vEmA,Alexzander Manriquez,https://play-lh.googleusercontent.com/a-/AOh14Gi1vBiIAamo3SEVYg4Lv1CZr0T2DfvNwjomHujIng,"It's an amazing game, I played the original and would watch gameplay videos back in 2017 and I absolutely love the graphics and gameplay of it. I've been waiting for this one for over a year and a half when it was announced, I was so hyped for this and now that it's here I'll be playing this one for hours. 5/5 would pay 10 dollars again tbh.",5,0,,2020-07-19 00:45:35,,
gp:AOqpTOFqwyNqYZ6Sy4DGqriMPhnOYwLROD_gg0tFr-W6Y7GLF2CV5uZ3CgpaUoC1nykc6HKfP6xoyLIoIE6xog,Nathan Holm,https://play-lh.googleusercontent.com/a-/AOh14GiFSf-kCC1056XuhgN3kicSidkYlTVjhY7apne4,Its fun,5,0,1.1.4,2020-07-18 23:29:45,,
gp:AOqpTOGjad6Nl16MDYvMz8LZM9-LOmUalpJ-4OkL0toLDW9pkMfN2_eDsbzHTh2eh7nxFRJ1slV5473G15ITKg,Jacqueline Silberman,https://play-lh.googleusercontent.com/-NT4pHl99Khw/AAAAAAAAAAI/AAAAAAAAD0U/AMZuucm7JFKyZSzFxEezX22fYsCCO6FydQ/photo.jpg,My favorite mobile game by far. For a low price this game keeps you occupied for months! I love everything about this game and I really wish more people would give it a try so we can get more amazing games out of this company,5,1,,2020-07-18 15:54:50,,
gp:AOqpTOHmUiwHw5WohYrYchXGxDx4hr6YeGXOgccDLeF_p6YIkj1rtzh0unIRyyZmO5LInkKxpyXjDro_XNKRKg,welchnik,https://play-lh.googleusercontent.com/a-/AOh14Gh6wa4aj1XdJHIHdrTHWmSNGw4ipTjop_dinS6dxA,"Its great game but the bugs are outrageous. Have 4 weapons ready for the people to pick up, and 6 villagers who are standing next to it ignoring it. Id say that with time i think the issue will be resolved but THIS IS A REPEATING ISSUE FROM THE PREVIOUS GAME THAT STILL HASNT BEEN RESOLVED THERE EITHER",1,8,1.1.4,2020-07-16 01:39:45,,
gp:AOqpTOHBIxWnpQakMaHPfPNAYCeAUAnNc0QrvPQ3UMuXv6_2HHvv01d_FXDerU1eJxnvTWHIv1GJM_KSy10ycw,Matt L,https://play-lh.googleusercontent.com/a-/AOh14Gilan-WuZsmqX7zBBVwW9ZBWLBNEOoKATyVw4fM,"Good game, but took me 30 minutes to download this tiny file of the game, I think it may be my internet, but even bigger games have downloaded faster for me before",5,0,1.1.4,2020-07-10 11:01:24,,
gp:AOqpTOGAoyYrh-vmpcJPJVyTefZR-9xBDs7sXB3Nro68SdeKCYKVN1lAfhGzrC3GHZEahy5W7CnWJEeF-68wUA,Fearless dino 5318,https://play-lh.googleusercontent.com/a-/AOh14GhsBMpRjut2ODTkEphtcTftoRU0vIH1P0Mw9h25jw,I would give this a 5 star but the game is TO lagy i tried ceaning my phone tryed deleting data but nothing works please fix this it would help a LOT,4,0,1.1.4,2020-07-10 10:09:42,,
gp:AOqpTOGnAN4qhDJOYTAXMaX-9J9qdtaO5g6q9KKSBn4rfp50IbjFyLGj2pKHd6Zns6gq6okMJH5Sqq1WdFQ2FQ,Maynor Mendieta,https://play-lh.googleusercontent.com/-alDt-znhUiM/AAAAAAAAAAI/AAAAAAAAAAA/AMZuuclwHTxtyU_sivRUl58ZXP_7lMrHVg/photo.jpg,I really love this game but I'll like to play with some of my friends so when is the online multiplayer being added?,4,2,1.1.4,2020-07-09 07:47:10,,
gp:AOqpTOHzcg9AvukiEgFWNiuEPk0y4ZNSXfDb3fJEw-kF_3n4gf5OiRDfAPfNEJKTu3ugIacJo1pLQwBA8zHDMA,matthew richardson,https://play-lh.googleusercontent.com/a-/AOh14Gj7K6lP5CC1DenZUWnRe-6sBreDwwRXR6ISaAzJvw,Yeet,5,0,1.1.4,2020-07-03 21:47:53,,
gp:AOqpTOFq0jBTuMV1nGaX-GaCdowCpKpUrK7uI64M37UinXrEngnIqu0XiYOGdjWeLo5uAfNMazD8Qh3C0JJt2Q,Matthew West,https://play-lh.googleusercontent.com/-dFb765SyFsw/AAAAAAAAAAI/AAAAAAAAAAA/AMZuucn7Xf8JTi8fus2aP3QE7psKdK6XRw/photo.jpg,Brilliantly unique and fun strategy game with eye pleasing pixel art graphics. The co op feature is a fantastic addition as well. Definitely worth the premium price. Highly recommend.,5,0,1.1.4,2020-07-03 05:14:40,,
gp:AOqpTOEkl9xuRY1DgWtHlGKebAiThpR2n-6oRIw1xflyr2I8GRQYdITui1Xs6An3tv5IBpWA1Bl7rZ5Tat_gMg,The Great Mystery,https://play-lh.googleusercontent.com/a-/AOh14GhgJeDQ6HWmjAODoxGB3GqF-rWyYtd-nI59fFk5ng,"This game is a waste of time there's barely any updates to this game there is no bug fix for the enemies, coin drop, ship when you purchase it the first time or anything else do not buy this game it's just here to take your hard own money away from you I really not recommend this don't buy it",1,65,1.1.4,2020-06-28 16:06:57,,
gp:AOqpTOGIMMcI7rWQe6tfG2ehJnYe6kaes6rSPWyqkeGMrM3Tio9zQFA1x5Zzohh-ZRZg_zBZ9wfrNEDQYjqIBg,J. S.,https://play-lh.googleusercontent.com/a-/AOh14GgqP4t6SK1BAkHVgn48VsuvIpFnH1JooCBbNzCv8g,Only offer coop in split screen. . I wish I realized this before purchasing because I had hoped to play with my bf when he travels.,2,2,1.1.4,2020-06-23 20:55:27,,
gp:AOqpTOHHtzLKTx-nLWOCdpzeGEDxxvjDMWjuTN07ZdHGtHwhyPZbEhrtKV5SgzcpXl1IoaFL5E24GpIBPdhsHQ,Emily Higginson,https://play-lh.googleusercontent.com/a-/AOh14GhuEHOwrTj8rwnL5sH8unTuxIuM4fvSn-n1idk8gw,Amazing game! Kept my interest for weeks!,5,0,1.1.4,2020-06-23 09:50:26,,
gp:AOqpTOF8qoGkQ74JwygPV4V0rk62oW6wUqJCZuD69hHYlH1R_8H6wYhaeWPhlP8-ndhHyk95XFiYEXukFLbpmg,TOP-ΣEASURE,https://play-lh.googleusercontent.com/a-/AOh14GixptoTSgSuYC-kPJe_nnWMP3g0DolGgyrfCAnneg,"Very good game, worth the price, this is one of the top 5 phone games i have played in the last 15 years 🤩",5,0,1.1.4,2020-06-15 14:22:31,,
gp:AOqpTOGc3-D966CvyfBOUhGGZvToqYKtU7xHi5BbkAE9ZLTrfljroTc4f5eDTWZ7pHdFS0TuIOhWqkWzBS14Kw,Owottte Otter,https://play-lh.googleusercontent.com/a-/AOh14GjIfZ5ZttfZioB8_0Cp2iDuGWDP73K1Gfu-5xSm,"In the beginning I tried to light the campfire but me tapping did nothing, and I close the game to restart to see if it was bugged but the same thing happened and I couldn't drop the coins on the ground.",1,3,,2020-06-13 20:51:56,,
gp:AOqpTOEKuPhwvo44Q0vVod2nEAf9BCBkN1L8gpmpqrKL05KZaV9-paBzaXtJm65zY26iNSKmKHkwFFh6YTqnxQ,Mika Geerts,https://play-lh.googleusercontent.com/a-/AOh14Gi11zYsBmsHxe_9Mxmj4MfGmUEQuQUOjqZhtA7Fww,"Amazing, some minor flaws. Fantastic game, but needs an option to play together whilst sitting next to each other (instead of opposite sides) without having to hold the phone 90°",4,1,1.1.4,2020-06-12 13:12:00,,
gp:AOqpTOE5Aekd_GFb_mtx8gicfI38qurvi4oR0jBW1noas2FPtBymYYw75hqAqYeyF5gtemzEdI4C5KrMajxyRw,Kyle Marshall,https://play-lh.googleusercontent.com/a-/AOh14GgWeZh01f5qEyd44A5ysev0azNtbDOMHAMlpFy0Dw,"Gorgeous design. Clean gameplay, it sucks me in for hours at a time.",5,1,1.1.4,2020-06-12 09:36:33,,
gp:AOqpTOFY2scWt3k1MUytokK5bLHkmIKFuuVRdLVVnFdGWYhDHc4GxQyYgrqd5kk_9rzjLKLNEIv3NHUvd5R5Zg,Roberțel,https://play-lh.googleusercontent.com/a-/AOh14Gg-AjCLjrAFF5DzbHNAgo1z4BcH1lDm7MdIZdkQLg,"Amazing game, the graphics, gameplay.. purely amazing! You dont need me to say it. One thing that would be even more amazing is online co-op, while the tabletop choice is great, especially with the significant one, im pretty sure its not meant for small devices like phones in general, but for tablets. Id love it if you would add online co-op on this version as well, for example if A and B are on the same Wi-Fi they could join each other's game sessions, or so. It would be a great addition. TY",5,84,1.1.4,2020-06-10 09:06:27,,
gp:AOqpTOFQzI3_MXLVPnvkJqxyHlwyddE04DCdBH-iRF1RCVcoD3SXJFRb5ytRn9aWg3ays3T71pOI8_Dd0DB2hA,not_an_enemy,https://play-lh.googleusercontent.com/a-/AOh14Gi9X-Fj-R616ZOaOer6xPBc114096fsHg00V0M5,nice,5,0,1.1.4,2020-06-08 02:51:15,,
gp:AOqpTOF2P3LzwoRDvUzlzWA8xFirpv4EuRBsBojZxfdTDidRP6fZEsr82oDNpJ8QCNXqY2KW1U_MARklDJnp7Q,Aldo Nunez,https://play-lh.googleusercontent.com/-3_FitJuxmHk/AAAAAAAAAAI/AAAAAAAAAAA/AMZuucn1FIntXR-cq-NhJUyocsxKh3Esaw/photo.jpg,Very enjoyable and amaizing to look at,5,0,1.1.2,2020-06-07 20:38:41,,
gp:AOqpTOEBopn9fmikPX0XevsIvMpEQPvy4Jr2dndJgepVksZnflL0huijSWqxWoTbQg-vx843-Culj-oOyfYruw,C4 Professional,https://play-lh.googleusercontent.com/a-/AOh14GhQVZoFoN-8tK9d_F1nb84JVzK9rcncunQnCNrGOA,"It's a very good game. I just wish the screen ratio would be wider with the S10 rather than a smaller aspect ratio, unlike Kingdom New Lands. It seems a step backwards in that regard :(",5,1,1.1.4,2020-06-06 22:50:18,,
gp:AOqpTOFb-QKbci_gfJvMKMyDMl1C5M75Nz-Cgjqp3T32utyVzXUEXwf3v3wS5BQzzdSsnln_uFvJD9ghl68Urg,Ayman El kadouri,https://play-lh.googleusercontent.com/-eKcNKq1VEKI/AAAAAAAAAAI/AAAAAAAAAAA/AMZuuclDJGEmc-v6fBjVkXKsvKnmuSu8Jw/photo.jpg,I love kingdom I remember playing the very first game of in armor games I think the farmers could attack and archers too it was a god game but now look at this this is 10 times better and I am happy to be alive to play it,5,2,1.1.4,2020-06-06 16:20:17,,
gp:AOqpTOHknXIOI90kj0Yzzw3-PZV1QH-mcvAhmJiQVU6rnnh7XzxH5Sut5JCsMBy5zMSB0ungi4ozy_IIYa1S_A,Rodrick Rodger,https://play-lh.googleusercontent.com/-FRURn6tqH48/AAAAAAAAAAI/AAAAAAAAAAA/AMZuuckGOObc0Zi4gH1ygZlP5GJ3YeKRkg/photo.jpg,Good but seriously flawed. This is one of my favorite games ever on many platforms but it's nearly unplayable on my Galaxy s9 because you can't adjust the zoom. Everything is incredibly tiny (yet smooth) to the point of futility. Until this gets fixed I can't recommend this to even the biggest kingdom fan.,1,13,1.1.4,2020-06-06 13:05:13,,
gp:AOqpTOHTgAWSTVOeeQcvskG79_f8Mg8Il_QeUPlbb4GVkR1GNQt3_xMtKDOQtP0gN_kKK5DyhFWAqoePYDDqkA,my playlist,https://play-lh.googleusercontent.com/-HayYJamCJBo/AAAAAAAAAAI/AAAAAAAAAAA/AMZuucnjk2ewe92gYU_zoWsTSnZalEW-Cw/photo.jpg,Amazing keep going,5,0,1.1.4,2020-06-05 09:57:55,,
gp:AOqpTOHaQIJLZ_Tt3moPfftxlDHVAp8Kio6ro5yTrqlLNavvf2dl4x8V5q2PBmvmgxbkguk8X0uck37z4zkPlA,Mr Ozzy,https://play-lh.googleusercontent.com/a-/AOh14GjHC4MuzNfhagJ1_-aq5OGS0_5ZelGW3nqbNjLM8Q,"IT is great and all,but it needs a ZOOM button .!",5,1,1.1.4,2020-06-03 21:59:04,,
gp:AOqpTOFbGC5RE-lN8cTpwlcXKyJluqmf96pbqnRKTCvMd6kHuSSM9rHz3cgXXv4m1Akno6siL4GYc66UdjsEYg,Creepl,https://play-lh.googleusercontent.com/a-/AOh14GhH-Mcp8zWc9zXA8CkCzXJKc_27N9zkYNVwRglsBg,"It is a good game, and a great sequel, though I did refund for it was too laggy for my device. The first one never lagged, so I'm assuming it's because this one has many more assets. I will reinstall it but that's only if the performance ends up better. Other than that though great game! I love it!",4,3,,2020-06-02 20:24:32,,
gp:AOqpTOFJZ6YB4UsThfALb5Rux9bz6ij8hj9vsH69s7lA1jByb96vO-FeLkt5AjWU6T-LQZkCWjd_9zQqvy8C0w,Ignored Short person,https://play-lh.googleusercontent.com/a-/AOh14GjniBgfeIvUzbJKRbClksUVi2oOzvhGOeAM1bvk6g,Finally got it,5,0,1.1.4,2020-06-02 16:32:25,,
gp:AOqpTOGGR9ShAMdl3sYu7oAjuRN4NszpiijOhwHMEiTC6DbyRbxy77WWPELRB_r6jyz9bYUvRRWp30vu10zDdw,lai wei jie,https://play-lh.googleusercontent.com/a-/AOh14Gg3DOIiIVQNgt3eTGNh5TQcGwzwTwXRjUGf_MoTNA,A worthy sequel to kingdom new lands. Wish the multiplayer was online instead of just split screen only. Beautiful pixel art as well as soundtrack as expected from the franchise. Its a great game for passing time.,4,2,1.1.4,2020-06-01 11:02:55,,
gp:AOqpTOEwtN8EAtJYs3rpSb4kbGmQH8TodP_D7enjuw6JbM2DVQVQLNqPwO4L198PsdBjO4hz7Lb2g6DGuKRLFw,Keith Hemingway,https://play-lh.googleusercontent.com/-G32LHsQUc4M/AAAAAAAAAAI/AAAAAAAAAAA/AMZuuck0EiiOu09CfneGvGPN593wxSH1gw/photo.jpg,Loved the first one I'm sure I will love this one once that lag bug gets squashed thanks Raw Fury,5,2,1.1.4,2020-05-30 10:04:14,,
gp:AOqpTOG2U6jo1-tkA789r5hB1MLYypCq36rmm4A5Du7zWYkUjjBx4WbKK7PagGUuM1n_zXMHJW2x_Ni70CMRyw,zanderphis Mandrake,https://play-lh.googleusercontent.com/a-/AOh14Ghh5KlY375EnUAmPtec1z2coOEr1bfFSg4H5sw,Unfortunantly the game became unplayable on my Lgk 30. I could only make it to island two day seven before it would become to laggy to even upgrade a wood wall to stone. It seemed to happen after expanding my walls a far distance in one go. Would also like to have the ability to zoom in a little more.,3,10,1.1.4,2020-05-29 23:54:59,,
gp:AOqpTOFw-jvGjc9wTHjhPPREqXR_kbLGSD2qmOSw6BrGsYqVm3UqbLdc8pGkWL5mhd1Gi5KZrhCn8fsL5Nz7uw,xNjTuna,https://play-lh.googleusercontent.com/a-/AOh14GjIJpJ4w5CSQNOe1PJvykBKkD-jRiO1-pZcpUOxZA,updates please,5,0,1.1.4,2020-05-29 11:40:25,,
gp:AOqpTOHtNhPpH7t_QaMv341hwgTImGXwwM6UfI56s8dATaBvGCj_L57KFZttLD2pyCF087prBVFEOwDK7Gyd0Q,Paolo II Aldecoa,https://play-lh.googleusercontent.com/a-/AOh14GhnWbQLTIQgALPdMoghoZzGodOtL92VAhymr0jTaog,"Simple mechanics, simple gameplay, complex mechanics. One of the best out there in the Play Store.",5,3,1.1.4,2020-05-28 07:47:07,,
gp:AOqpTOFVVsTVdCaNGIJHfGKQAHRMkUXjGg60VLXXNjEXHqNefI4msOu_eWJDzCRFF2gK_bt9oR0c6W6B9k6sQg,diamonddioxide _,https://play-lh.googleusercontent.com/a-/AOh14GhtayKDxFAyJStq9hPfNLJQy95muYJpEl0XkF7YTQ,Bestt game i love this series update more both pc and mobile please,5,1,1.1.4,2020-05-27 11:11:50,,
gp:AOqpTOHXc9-aYG80b8gCU67ZHwf1Keo4ycrSg-vl0jdqx-ItI1KaMPtrN1riwI12kQB0gKjEKIvDVC5j1lyIAw,TheMerchant,https://play-lh.googleusercontent.com/a-/AOh14GipbgelY5dlpUBlnnCd2olGfUSNqASPNf8-S89oig,"Clunky for 10 dollars. The player should get a much more customizable experience; not even Minecraft is this expensive for a better experience. It has no strategy because it is so monotone and uneventful. The game is barely adventure genre due to all of the boring walking the player is expected to do. From one side of the map to the other. It's a waste of money and time. You can tell its a cash grab for an ""indie"" game that is boring to say the least. Don't buy it just because it looks pretty.",1,2,,2020-05-26 02:03:23,,
gp:AOqpTOF2nCMnjBT4BjL7V68a1AkRqrOf-npOwg0uyo0ed5VPIt2TYUYxRtvChNs3LOiIkcmBc-H8H6ymlZB-aA,vinson villan,https://play-lh.googleusercontent.com/-rn5aOyXv14I/AAAAAAAAAAI/AAAAAAAAAAA/AMZuuclox-3ssdO37ILK_tEQFsvvcH7dOg/photo.jpg,"Kingdom new lands runs better because it's more zoomed in I wish I could change this to 2 or 3x zoom so I can actually run it, please implement zoom change, please, I own this on switch, pc, and here. ZOOM OPTION IS NEEDED",3,9,1.1.4,2020-05-25 12:22:16,,
gp:AOqpTOHPIIIC70aty17IJw9VnWNtOpQfyrPaoF9HEl2YW_9nVJVzfh2yKeWmk-nmQjAPyVd7Qa3alzHaSiOc2w,Arnold Lee,https://play-lh.googleusercontent.com/-52_ED3Bj8K8/AAAAAAAAAAI/AAAAAAAAAAA/AMZuuckQc-g_3hVurdWDzJkIDMKP6uwzTw/photo.jpg,"Although this game qualifies as an actual game (not a lootbox infested Skinner box), it quite often forgets to explain mechanics or convey useful information to the player (e.g. what does the bomb do? What are the controls? Why can't I detonate it?). On top of this, there's very little narrative driving you on to explore any additional islands. Overall, 2 stars because it's at least a game (and a pretty game to boot), but poor UX really holds this title back.",2,7,1.1.4,2020-05-23 18:04:48,,
gp:AOqpTOFsuQng4BmelOW1zfhJewEa0jcUUGwEH-gs7_jLsHRL9sP922k7DqQkAwej154eqz5FibakyEQBzkfKJg,Snow Husky,https://play-lh.googleusercontent.com/-WEncRFnnxvM/AAAAAAAAAAI/AAAAAAAAAAA/AMZuuckCvd2lnjOmRWTp5HjxhD9-lvcaaA/photo.jpg,"Great game I love the first one ,but this one has a lot of lag when I play. I believe this game can fix this problem. Please fix this soon I would love to play the game without lag",2,5,1.1.4,2020-05-23 17:23:05,,
gp:AOqpTOH9PNwmIpBLq4Pcul7STDGxr_DthqanbTmCucDRKPDsswD-iwt8TjRE3EbqHUe9hxhVfL5-BAwsdzbNhw,Evan Luna,https://play-lh.googleusercontent.com/a-/AOh14GgW29I7QGJyNlHH-pAzQHHpgc4avKjUHfU_Jj3wjw,"I love this game. The only problem is that on my phone, it gets really laggy. Also, can there soon be an option to change the zoom please. Another thing is if you can also soon add a LAN feature, so playing with friends can be easier. Other than the requests for the game, this is one of my favorite games that I will play for a long time.",5,55,1.1.4,2020-05-22 23:27:19,,
gp:AOqpTOGxpO2f8al8Lt1RWgA-wl1liU8rI6-serJ-NFpkOKBIyCGj0wagKvfWilnmEJBL7vXHcXcqFjO5brPGYA,Joel Ng,https://play-lh.googleusercontent.com/-edpLxJ9rgCM/AAAAAAAAAAI/AAAAAAAAAAA/AMZuucnF7xa_eGiJPlQAWMbfYO62tZgq-Q/photo.jpg,Retro-style graphics and simple mechanics hides a complex and rich gameplay experience. Only issue is that not all controls are shown to you from the get go. Swipe up with one finger to use your mount's ability; swipe up with two fingers to use your character's/monarch's ability.,5,5,1.1.4,2020-05-22 04:06:53,,
gp:AOqpTOFV2V5Bw3FqpA0-M90bUdAdJpI7ajKOSJVc4PnBVTsraHSjJgVKBoqQ8thDoK3odvsJsYyjpcwia9-Skg,Forsaken Animations,https://play-lh.googleusercontent.com/a-/AOh14GgmfnH2-YPRDq79FJqEWm2gbtlaxQ1foT6p3oOPng,Great Game but could be better. Reason being there is a lot of things that could be fixed. For example the zoom I would really like to zoom out. Next the fact that two people can play together is amazing! My sister absolutely loves the Griffin. But the split screen is weird. They both are right side up. One of them should be upside down for better and easier game play. Also this might be my device or something but whenever I walk past a decent amount of archers or just people my frames drop FAST,4,123,1.1.4,2020-05-20 20:54:17,,
gp:AOqpTOFnU4OSl5BKV19cPyryMJRlkG2u0UrvzsKvam7aX9WphnJbtukujEjsIVNdrDXBfEEjhRMP1iUAlY6FcA,Canis Animus,https://play-lh.googleusercontent.com/a-/AOh14GjEsdqUIearbGIBVRWraHGYeo9BNJ7Ap9H_RXyEjA,"This game is too good, been playing the first one for ages patiently waiting for this and it's 99 percent identical to xbox version. Great dev team",5,3,1.1.2,2020-05-16 23:53:13,,
gp:AOqpTOGjwxg_TqUfpiH4ouUUJlEOjZK4IFyyrInXWiZmauuMPJeVj_UjNocBczy0wTWBJuWdX6pkqxcD0tyo_w,J Taylor,https://play-lh.googleusercontent.com/-xuzwDrkgPwM/AAAAAAAAAAI/AAAAAAAAAAA/AMZuuclSklfAYzbcVaAUGm73ToTXWcKwTw/photo.jpg,Be wary. The optimizations and are lacking atm. And the lag starts to get bad the further in you get. It is still early in patches. Id wait a bit.,3,23,1.1.4,2020-05-16 23:05:04,,
gp:AOqpTOFe6DQkQWHK4iRlDILyOl22GP09VDdqwFWXm1_ok4KvwFufQCApSoNs1R021bcD4QyqeesRWa8FzfbOdA,Ariel Autumn,https://play-lh.googleusercontent.com/a-/AOh14GiHK8AhluaoUZzOdlSEwVb5n6I8D701zVtN1h1OCw,"This game is subtly beautiful and surprisingly challenging. Very few games get a permanent spot in my phone, but this one has.",5,16,1.1.4,2020-05-16 17:14:37,,
gp:AOqpTOHnf7DVsnhbbEuV0di2gWopnJJxJ6yaMEzKL3-mG6bH3aF4Zt5CoWqrVx0n_GRVWkmtvc2jywfa8ApF9g,Chloe Webb,https://play-lh.googleusercontent.com/a-/AOh14GhyHlC7a4djYCjLdhN-0a2yc-qUCMcPxnfCQdeC_A,"I absolutely love this game, and it's minimal-input style is perfect for playing in a phone!! However, I can't play too far into the game before the frame rate drops so badly that I can't even make any inputs... It becomes unplayable on my LG Stylo 2 Plus😢😢😢😢😢😢😢",2,37,1.1.4,2020-05-16 15:50:51,,
gp:AOqpTOGQEX5mYAzlxeqz8pDgY2fyL1xL36TYNh-qUKj0reMvfNJRaCWyqx056QhPuDIp549Spb_y0xuZF-CEfQ,A 1,https://play-lh.googleusercontent.com/-LsqPuhbSmQM/AAAAAAAAAAI/AAAAAAAAAAA/AMZuucmHAVTIloEVIMiMxhKOAcVE3vlE6g/photo.jpg,Good value but I think we need the zoom options put back into the game.,4,2,1.1.2,2020-05-15 23:56:32,,
gp:AOqpTOFE-s5vCHojh3XEsUzKicVxrFYyJTSGyiHun45GDaCcpmMNHquMNo095ZE-JaM48dMu4Iz1_BoTpYV1BQ,Jason Allen,https://play-lh.googleusercontent.com/a-/AOh14GiqowZt3ZqpJDfZC2CCl6jOyOTG6UexjvPVDtJ0MQ,Fun game. Still don't like the $0.75 tax,4,2,1.1.2,2020-05-14 18:47:21,,
gp:AOqpTOHauQI0OZpelyLul45jizuLNdMYuOksSGS86gfyezzu6fbWpUyJxx16MocFsUEDYPbDkgXPZOEmvXUPLA,Wheels Maggie,https://play-lh.googleusercontent.com/a-/AOh14GikAjtSlEetOlp9IcecLWx6lB8Gh9vLeHHiLa_d,Fun to play and just relax,5,3,1.1.2,2020-05-14 07:48:09,,
gp:AOqpTOEutZI3Be5p58wdqyHZXHvGCf1mUI2NbuDlIlI2BGhkKT-TB4-M63npIPA548Vsnscj-rJ3MRHWrkZxQw,TonightsCake,https://play-lh.googleusercontent.com/a-/AOh14GjThOBm1ZXsUG0KWa8yrs7QQKI1722mV2EEUS8m-g,"Great atmosphere, good character, simple gameplay.",5,3,1.1.2,2020-05-13 08:51:53,,
gp:AOqpTOEAOlHt2yKXoW4lAW8B9sQjI-WtinILJKGxj83qvZ3Ps0ilZJuq8piFB_EzgrZduAR7xON9hYApn4wxPg,Mikey Mcbluntson,https://play-lh.googleusercontent.com/-Ekn3ACqppfU/AAAAAAAAAAI/AAAAAAAAAAA/AMZuuclLLL_Tor9tbt0YSAVVDa8roXrzEg/photo.jpg,Make gems respawn after you die or the game is worthless.,1,4,1.1.2,2020-05-12 05:46:58,,
gp:AOqpTOFQVZadb5vLqxP6OvyMHKjGPzgHz1-K66j9nbQIFsolwXajexngROobG0O2ZfRIz1GHtM1NkJTRFCxkyg,Ardi Darwis,https://play-lh.googleusercontent.com/a-/AOh14GjNAa1nqNGcW_DgB4hihSmLVerXgzC0TImN_tVuoA,Pls fix my hermit has been stolen and my dog but when i try to find it again i can't see him anymore. I love this game so much and pls make it multiplayer like pc so we can play without split screen on same device,3,2,1.1.2,2020-05-11 14:48:58,,
gp:AOqpTOFbcBZvnFYMImv2S1-OeW4J8UZ6f9LEzXn0pw3BCLyqSfNSYYJU3d8ukQj7mq10yDeQN69VtrA4h3mN1g,Angry Cracker,https://play-lh.googleusercontent.com/a-/AOh14GjF96YmCByeDKop34S_hUudT_xBJuGyaF2E9-BD,"Excellent game. If you only have one hand, you'll still do very well. Crisp graphics. Beautiful sound. The most relaxing game I've played in a long time.",5,4,1.1.2,2020-05-11 04:35:34,,
gp:AOqpTOFf0PULHiugFuGWBM8MJf-iQfb0VhpVKD2XeymncOrhrsESxa1oIwe-3z7LrcNvn1K_kE1rw6VvWBMKQQ,Peter Parungao,https://play-lh.googleusercontent.com/-ncdSW0agYsc/AAAAAAAAAAI/AAAAAAAAAAA/AMZuucnVPgk6eYssK5AM29SU5qm7UzrZGg/photo.jpg,5 starz to support a good game. Please create more games such as this. Thank you very much,5,4,1.1.2,2020-05-10 19:29:48,,
gp:AOqpTOF7UQYXNE5Jo4aOmBLU2QzFQLGSliuoBeh0LnPQauf74SH4C57ZqjyKZbSG79WNdocqgIYQqVTX1DiHPw,Fredrick Bourdon,https://play-lh.googleusercontent.com/a-/AOh14GjD4O-asfryeLotzMgBRfhsf4Sn-gUJTyKZpvC-,Fun,5,2,1.1.2,2020-05-10 14:56:13,,
gp:AOqpTOEtp5-hpfnWKapPWY69-DdByDGqcA0VSqcqJ_v_UJPXYRZvUBOJfHokzp-xCwwacl6H_6qBp_2okeegWA,Mia Khalifragelistic,https://play-lh.googleusercontent.com/a-/AOh14GgKfUbKku8AAheiONvUf4qjwiK_RwA8vxJXl3n4,Great game! I just wish the multiplayer version would allow you to play with someone online not on a split screen.,4,5,1.1.2,2020-05-09 21:43:34,,
gp:AOqpTOE7Yj5G99w1-7i4Zf1zNF-it2Ddx0pWut7dajOQtt_MkNNI23Hv3OxjwNeWAohSKg5ji_QW77J-MptC3Q,Dayan Diaz,https://play-lh.googleusercontent.com/a-/AOh14Gh9W3iIm4ftpBZngrcjyp6RdIz15rVTdz-Vws5oJw,"As great as the first one, consistent fun.",5,5,1.1.2,2020-05-08 20:11:33,,
gp:AOqpTOGhedZHVOmEpmhJUg7vtxZQwgYTn45eBlRNU7n1mKDH5kyfq9MdcFfCqQczlkGyl1hOiKUPZgB3rVzoZg,Aloysious Leow,https://play-lh.googleusercontent.com/-5xal0sN6ATQ/AAAAAAAAAAI/AAAAAAAAAAA/AMZuucnqWllIgoUP7p4yv2x8bocm2D4lLw/photo.jpg,Winter ??!?!?!!?!!?!?!?!?,1,2,1.1.2,2020-05-08 15:23:55,,
gp:AOqpTOGg2481g_rr37A6dlTLszgdR5yWpgrw3_KQ-vhGnhVJpTGsgzY28qeY5YzQkU-70u2B9rhGZxPQlRdJ1g,Rede,https://play-lh.googleusercontent.com/--BL0SBp6t8Y/AAAAAAAAAAI/AAAAAAAAAAA/AMZuuclSDpG74DmD7i0aMvw-HfvEzZgNmg/photo.jpg,"Fantastic! It started out with some stability issues and crashing, but they fixed that. It remains one of my favorite games, and plays just as easy as in console, but with the added bonus of being able to put the coins in builds faster! Keep up the awesome work!",5,12,1.1.2,2020-05-08 11:24:44,,
gp:AOqpTOGs8Hi_kvsCDFhGnnODAdSI3HJ2bFVcJtvL_O_yowePZaYHaxcIJqSszLQOIKyPABvhwH5YbH-ZqXDePw,Kyle Stanfield,https://play-lh.googleusercontent.com/a-/AOh14Gi6Uvmir_NXMou0l656Y_ef2Ji-stuc8ShOZQeKDA,Amazing game. Have had no issues and I love it. Very well worth the $10. Plus we get all the dlc included. Raw fury is by far one of my favorite developers.,5,6,1.1.2,2020-05-08 06:25:53,,
gp:AOqpTOFMTnvLSNdM0tAc2juFhV2RY0dgzKgIzpMEUcOSAKMU7bdA5Wx9rJeb6h2TLG8mwua8BDdRFgLaEHgofQ,riley saint,https://play-lh.googleusercontent.com/a-/AOh14GhVnL6H4HPWeuOl6hVjk-STSUiYvddg-rojUgRrSw,"When I tap on the circles to place a coin to build it hardly ever works. I have to always try it with two fingers, and even then sometimes it doesn't work. The original game worked perfectly fine, this one does not work fine for me.",2,5,1.1.2,2020-05-07 16:52:35,,
gp:AOqpTOGbUrJgmmNEtpWsB5et_cJUqFJ_SvSfLUXHrwzEqDCYYa3KP0DI1PWjqFTh8c05ZfqyasxOzi358aQDjA,Susan Edgecomb,https://play-lh.googleusercontent.com/-NJdkrFDEvDQ/AAAAAAAAAAI/AAAAAAAAAAA/AMZuuclA1HOVoV_PZmh3P3ab5QljWPTcnQ/photo.jpg,Love these games. New Lands and this one.,5,1,1.1.2,2020-05-03 22:29:33,,
gp:AOqpTOHCFmdpBYkv33Ih3E5YgZHn7bwb4Mr_zC0r7dRKmfQv0kZyBHopv2ueHE0mxrGVXF6q-3f6tIrknoV9uQ,The Vaping Butcher,https://play-lh.googleusercontent.com/-FKf6An6CIHo/AAAAAAAAAAI/AAAAAAAAAAA/AMZuuclmFEq2pgbDOuEqHgddEHItzqi7Eg/photo.jpg,"Awesome, best game ever. Please alter the split screen set up. For example when I click coop please have 3 buttons instead of 2. 1 to remain in single mode, 1 for split screen and 1 for table top split screen. I enjoy playing as 2 characters by myself but when I'm holding the phone I have to hold it in a weird way so it doesn't keep flipping to table top mode. Thanks Raw Fury for an amazing game!",5,19,1.1.2,2020-05-03 22:15:28,,
gp:AOqpTOEqJYxEYruFR4jPTbC8nr9trJdwpAEBn9hK92aY8I6GI36-fPH64McrvLi9-ROuKrthItGbQwdSmByA7g,Pham Andy,https://play-lh.googleusercontent.com/a-/AOh14GgdaheD47pfWSNZSLVqhj9QLWHUXS0ntd5KcE5ddQ,thank you for release this game. from VietNam with love,5,2,1.1.2,2020-05-03 20:26:00,,
gp:AOqpTOFMXEV3ZTwC6df4g8cSdFSuoE6reXD9IfPSQfXMnM_faLzDpcfpMFcs9XEZtDZpZvd_uYeXnv_tCqEeuA,jennifer irland,https://play-lh.googleusercontent.com/a-/AOh14Gg8ZaDq4dzIYJpPuqHyLqr9uEnp2wx9wz1LSnJEwA,Love this game bit it keeps lagging on my phone,3,5,1.1.2,2020-05-03 06:35:20,,
gp:AOqpTOHYdGJU047uUqBbQbggfmfADm6gvjG3PXzyRXNoMiqlXIRqFh1BqH0zr6bGRi3k5rKnIeyGDCnOc2EfuQ,Grit 4ever,https://play-lh.googleusercontent.com/a-/AOh14Gh61BTf5qONvjFOCBmza6cxpAQ9gRazJmGUjfd-Xg,Wonderful game,5,2,1.1.2,2020-05-03 05:26:27,,
gp:AOqpTOFSvikEFqpoPYBbDoBTwWKWcDwNWjDygkLIjkE9I6lzhFInTyWhy8fSHuPtIXPTrxjiQTfpcvINIxc23w,Jorge Sanchez,https://play-lh.googleusercontent.com/a-/AOh14Gg9zY9YZY58pie1qRIk2goD_5v27R6XZNoeGT9aQg,"Never played a Kingdom game before, but somehow I really enjoy it. The pixel art is superb and looks great even with such a minimalistic style. Raw Fury is now on my top publisher lists, such as 505 games. (What's that? There is a crossover with Bloodstained: Ritual of the Night called Dead Lands? Sign me up!)",5,10,1.1.2,2020-05-01 11:15:12,,
gp:AOqpTOH6hQM1EHTcSHTDRwbpTCwbx5q3gv24TNVPeu60oC8Bb458AO0T7npBda2saXbLII9wYztPodJsh86SJA,Alex,https://play-lh.googleusercontent.com/a-/AOh14GgOtsXeTKqIj50cD97-thxW_xwGxmNsLyxP9nLZ,"This would be the fourth time I purchase this game, but I finally get it on my OnePlus 7 Pro. The addition of monarchs was an exceptional improvement from an already fantastic game, giving it a whole new experience that makes it well worth the price. In this game, you can go about it in any way. I've replayed it numerous times, improving my strategy from the last. It comes with three versions packed in one, essentially giving you three whole experiences. I've had no issues with the gameplay.",5,56,1.1.2,2020-05-01 03:08:05,,
gp:AOqpTOGjXmhluc03yY9GVVuQWMvPkj2PfPtU254drYCC5FJwMKa4ssw-ThJo-NsZ_ssZXyuAGUuol0ZrYnJ6ag,Ivan Brumwell,https://play-lh.googleusercontent.com/a-/AOh14Gi-2dMXkbLPvnTvKh8-JQZlhWFmSN5lwZK45Qth,"I love this game, everything is perfect except for the zoom in, I dont like how far zoomed in the camera is I cant see the greed until their right next to me and its unsatisfying going through my kingdom with such a short line of view, apart from that I love this game",4,5,1.1.2,2020-05-01 01:27:08,,
gp:AOqpTOHCzaHEBUOwGqmQeZ5IrU4BSr90V1U3tKDXL6gBqrDtVfPx-NFShCJ_E7gBECEcZ8CZTuOAZje94JlKAg,Cris Ga3m,https://play-lh.googleusercontent.com/-1Upt3A2S9SE/AAAAAAAAAAI/AAAAAAAAAAA/AMZuucncfHvemKnGpaA0Z6v-WySK5BS3vw/photo.jpg,"Can you fix the scaling on phones with taller screens? This problem was in new lands as well,I have an s10+ and even putting the game on full screen from settings doesn't work",3,9,,2020-04-30 02:55:29,,
gp:AOqpTOGyKA5Sgj0cTemnQP4ganPYZaCkAPIEIebxsRtEIkXAFFqm2AU8kK3v4YWhwhCdVm4b1OTT1SxVsLGW4A,Maxime MARTINEZ,https://play-lh.googleusercontent.com/a-/AOh14GgLhs5e1nxdIcsUbf0wSKGUtiYdPdl-etVxPUe1rA,"Way worth the price considering how long you'll be playing. No IAP. This game is so a d d i c t i v e pls help me stop playing. Plus it's extra cute. Slight lag from time to time on my smartphone, which is a very recent medium range model. Too bad the only way to play multiplayer is being two on the same phone, it's really inconvenient.",5,22,1.1.2,2020-04-29 11:03:43,,
gp:AOqpTOGEsHi3BsL8WeaH2MQU9UckCXuw0kjuQUUNV-c7zTkucr1Qc9XxcBoSn32KTCta-5CSu0p0g6yBI_XV2A,Akato Mutsu,https://play-lh.googleusercontent.com/a-/AOh14GgQ3fDjRy7-6m00Kj_8-2PiobHYZf_Fbsj1mJ03hw,🤝 👑,5,1,1.1.2,2020-04-29 06:00:02,,
gp:AOqpTOHydVvdfVVCyJ1xu0dSIhMqbniLtgRmhNdIuZ7LnKegPZjVLMFZ3cbFYV2eFeR52eZljzwt3lOqMmiQIg,Joshua M. Oriendo,https://play-lh.googleusercontent.com/-LiFXiSpo6Ek/AAAAAAAAAAI/AAAAAAAAAAA/AMZuucllTMx5KgLCTMrOw4ENVfBZm7e_nQ/photo.jpg,One of the best games I ever played !! Keep up the Good work and Godbless you guys. Thank you!,5,4,1.1.2,2020-04-28 18:46:29,,
gp:AOqpTOEScx8f2EfhXN5pMHGKK5QQ7p33vtiDJwwYikwQDlsEsFMn8I29bZKFB2XCpwiHcCFgTxy3MtJPX02_Aw,Last First,https://play-lh.googleusercontent.com/-ifY1XdH5_QQ/AAAAAAAAAAI/AAAAAAAAAAA/AMZuuckuceivBClQv45zUTU2tBl0vbzjvg/photo.jpg,INSTALLING!!!,5,5,1.1.2,2020-04-28 15:08:24,,
gp:AOqpTOF-E9ByviWDZnMS1yUEzEqGg91uA5x4UXUvXxLLpZmukc1hMOwSl3AFJIuDoKmHGqw382N_rKYuEHI5TA,Eduardo Linhares,https://play-lh.googleusercontent.com/-FrWpIhGlaC0/AAAAAAAAAAI/AAAAAAAAAAA/AMZuucm2f2paZxbsqVOottVVTnL_n3H3wg/photo.jpg,"The game is a bit expensive in my country, but its been worthing the money so far. The only problem I'm facing is that I can't connect to Google Play. Every time I try to do it, the game just freezes and stop working. Please, consider fixing it in the future. Despite that, it's a really good and fun game, just like the first Kingdom.",4,46,1.1.2,2020-04-28 13:23:19,,
gp:AOqpTOEvHz7lK2T5lAqq0wPO8Ps2sE2WrjAtZjswJHPlrteMNgoaDbivzmq0NiCSYC1esekD7Ir3RTInHiYiNA,homeyduh,https://play-lh.googleusercontent.com/a-/AOh14GjqZHD1_VRZ3iiJGYUPZirL3om_5jMy_H9_mljaag,"Tested on a Razer Phone 2. No problems so far. Touch controls are weird, but doable. Some of the instructions for investing money is confusing. To drop coins is a tap, to invest in buildings, equipment, etc. you drag down. Not sure how this would affect my efficiency but it's an alright system. Aside from that, everything looks like regular Kingdom Two Crowns...which of course is amazing for those who enjoy managing towns and defending against monsters. Best check out the wiki if you get lost.",5,14,1.1.2,2020-04-28 10:31:12,,
gp:AOqpTOG-w9wCOJR8264qVxBDzzjlQ01hIIP-prRoyvSovYQEMgdC0-fzfEZbQIAbQI1ezT0MPvDWdOaSxzEP8Q,Andrew,https://play-lh.googleusercontent.com/a-/AOh14Ggowz4ZDv0lOdRiPpq00uQ8VTJfbYswB6hP4SaG-IA,"This is like 2.0 of the original. Only thing is in split screen I don't know how you would be able to play with two people on a touchscreen if you weren't using actual controllers. I hope RawFury sees this though because it would be amazing if they added an option to flip the top screen so that you could play split screen with someone who is sitting opposite you at a table on the same device or have true multi-device multiplayer. Edit: holy shiz it has the dlc like the PC version, I love it!!!",5,79,1.1.2,2020-04-28 09:38:39,,
gp:AOqpTOEGngpR9ecq8q18vePPy4vUTpGPaTIESeF1fFpK_Stu0CEI5QOjQDh9N6MjzmGstk28oqOH2fllr_CMuw,Babzidoodles !,https://play-lh.googleusercontent.com/-_r05J-4_DUQ/AAAAAAAAAAI/AAAAAAAAAAA/AMZuuckIoWn70NKly96ht4JTneqWJ7WtgA/photo.jpg,"I was very excited with this game actually! I even pre subscribed so I knew when it came out for Android! I expected the quality to be just like the previous kingdoms game for Android that I actually really liked, but instead I get nothing but a glitchy laggy game play, the game is almost as if it's zoomed out? When I even press the menu button the options are so tiny and unreadable I don't even know what they say! Needless to say I'm already tired if the game crashing, honestly want my $ back",1,31,1.1.2,2020-04-28 08:40:58,,
gp:AOqpTOH3yzC40_LvITolzMRQpELRy-YzejdV65PQolApnwFAgobYJR4FJKu4tBXaHcHacM2S4O31PTY6FJbJkQ,Евгений Желтов,https://play-lh.googleusercontent.com/a-/AOh14GgkZB0BPUtctFmYCHekqBOizHIFlkDcD5jAOwE40w,В игре нельзя играть с другом на разных устройствах. ☹️,1,6,,2020-04-28 08:29:15,,
gp:AOqpTOGDA2UFVTp_oWtbWfkxt0l4EfTpdbTUQ4lJbMFJsgrYNk_bjRSaYecsUpgrFKkcIZZaozXA3p3eR9mFsg,Tiger Glass,https://play-lh.googleusercontent.com/a-/AOh14GjypZIgfXnJb7nZaTXtW2_KS7lj_QadONVMkrwY7A,Is so amazing game....,5,1,1.1.2,2020-04-28 08:10:22,,
gp:AOqpTOEl5EierOhgsW3ia43cpa0eBHQS9T6tS-xcR5LOFwPMOjDby90YCrPAfUvxcJ_9guMKt5L_BnEv6F-DHA,Jah Da Ghost,https://play-lh.googleusercontent.com/a-/AOh14Gg6eI23FKtg2R80VT3XvMpCgOm3XO0xpeueZOeZ8Q,👍,5,3,1.1.2,2020-04-28 08:01:59,,
gp:AOqpTOEUT_LhMDw0ICst8k-trD-dIzDkPS64Oed9E496wASUhaVJSOEnDEl1nHRCO2cDzATCS354myJsDx2Psw,Jupiter Io,https://play-lh.googleusercontent.com/a-/AOh14GiODtQFfA164rR0oCZFFpV-4WZTsR9Cpn94Ci3f,I love it,5,3,1.1.2,2020-04-28 07:21:33,,
gp:AOqpTOGk0nQEpc0XU03zjKTTOuQSIU_X1_d1Q9akExAx6aFlHSn2K4x9UzoPFQ_dyM2cQdsW-MQPygvsiXIXYA,Teo ShiYuan,https://play-lh.googleusercontent.com/-9DcYA0x3dL4/AAAAAAAAAAI/AAAAAAAAAAA/AMZuuck8JyYufiVjjm4-nN2YIExYlIXtUw/photo.jpg,Unable to co-op online on two different phone.,3,17,1.1.2,2020-04-28 06:57:12,,
gp:AOqpTOEfaI-6GU1d2mGkBx2jSLtTk9uw4wD45-mAkCeP1L6hQ9vKkCxLX0UxthL1LImG39cvPfT_koUfRV6Qgg,Robert Hirbernik,https://play-lh.googleusercontent.com/a-/AOh14Gh6Se9nGFOQpxTNxxZzrKAHADRt7Sz5vFINFvk_Dg,Been waiting for this.,5,6,1.1.2,2020-04-28 05:31:03,,
gp:AOqpTOH67SPFWeeLdSK_CJt5NUSgce9cQKx3QQILMqlul6ZYyvP2Cs4vnWiN0sUoIG_49S9WdNQbvHDvjZLcig,Derek Ward,https://play-lh.googleusercontent.com/a-/AOh14Gis2XXAl2_t1zUuRxC0EaupDnkqUhm-2d7viAhmUQ,Just installed this and I'm having trouble from the get go. I can't add the initial 3 coins to start the first camp. The total hand is there but it won't let me do anything. This stinks.,1,21,1.1.2,2020-04-28 05:05:00,,
