reviewId,userName,userImage,content,score,thumbsUpCount,reviewCreatedVersion,at,replyContent,repliedAt
gp:AOqpTOHPfDmkW2c3HNB6cYDzh73GYRo5V0S_ePgSVWrNQNLgTv7Hgt07hHso7iXDVTG8hBlA0upjd_oWn1rGI2k,Patrick Reagan,https://play-lh.googleusercontent.com/a-/AOh14GjO57jHiW6eUSJqA72dBiR6ET8DcrucqiGd77GrSA,"Unfortunately, this app is not there yet, though it's been the most expensive app I've ever purchased. Virtually none of the functionality responds. Of the $6 or whatever I paid for it, I feel like I'm getting about $1.20 worth of functionality for what does actually work. Fortunately, I'm able to adjust white balance, ISO, aperture, and use the autofocus button. Everything else does NOT work. I hope in the future this app will have all the functionality working properly.",2,1,1.0.28,2021-01-31 18:29:00,,
gp:AOqpTOHV7GWFz3SJRUnKuuBFpuf8khOMgE0tAQ-X2wAMlrUUM-Tmj3962VemHHz4RnE29zur4la3p-q1fp9GRYU,Andreas Schwabe,https://play-lh.googleusercontent.com/a-/AOh14GjkPcTMGSs3-ghqEJK0xIHhZpQuFOcZZz64VGkH5w,Wouldn't connect BT on pixel 4a. It probably has more to do with Android 11 than anything else. It looks promising.,4,0,,2021-01-07 23:37:05,,
gp:AOqpTOEYDDsuclNu7acWBF7sQ6ttvZ2ElA_euww4CHXFTfx03tQoIde9zDqIRz17iDymwMbnGs964758GkzfH8U,Paul Vimal,https://play-lh.googleusercontent.com/a-/AOh14GgiTVu1SpUecOc9BEP44mu9E5RB3Ht2tTEQ_VX6axQ,I downloaded this app only to pull focus my sigma 18 35 f 1.8 but unfortunately the app does not seem to pull or rack focus this lens... The focal distance are showing up though.. Any help is appreciated..,2,1,1.0.28,2021-01-05 01:14:44,,
gp:AOqpTOGI8eVjLsnIOsPwLZ6vJGlyZJscUrwOPv8oxJIP2biIh40nGVJ0ewFigrGo-IdzLp9_oN1jiLljL2mf7w0,SherrillVP,https://play-lh.googleusercontent.com/a-/AOh14GgxjF6f8EYiAqP-W7-A242EHt13Q8EQLDw58U8-hw,So far the camera connects fine but when you change any settings on the app they are not shared with my bmpcc 6k. Any help would be appreciated. I'll definitely change this review if I can figure out what's wrong.,1,2,1.0.28,2020-12-28 22:19:28,,
gp:AOqpTOE-DNUqf7Ygf3AFNpaCsV_q8BoupsmRsSoO9gqGFjJHgAPA5OMxSmd6kHdMgr2vwa1t0gZWX4o9lE-0kg0,Greg Huglin,https://play-lh.googleusercontent.com/a-/AOh14GigR_K_2EFTaYK2do1DYPzdJnJFeMcJ0wKTH45m4w,Just tried to pair with BMC software 7.2 on my 12k body with my galaxy 8+. Would not pair even after clearing BT cache. Phone sees camera but wont pair.,1,1,1.0.28,2020-12-28 17:41:00,,
gp:AOqpTOH7z5kDThewYQ17WNk7Gu-WUQbIijd3yl0tVTd1UeiItMEe3HIwroz7-xfciAyZ28h3OAKZ0PoAEuSixqY,Steven Murray,https://play-lh.googleusercontent.com/a-/AOh14GgNZ3bDaH4eK_n75FDGeFgJbFeJjN0oCGvyQqjG3A,"Update 12/25/2020: bm update 6.9.6 fixes the bt issues. Now this app is a must have for bmpcc 6k owners. Thanks team! bmpcc 6k... Total failure... Connected but nothing worked, not even record... Big disappointment. Sorry for the bad attitude... I know u all have worked hard... I am at 6.9.5 and can't go back... I will update review once bluetooth is working.",5,3,1.0.28,2020-12-25 09:11:30,"Hi regret inconvenience. Please note, BMD's firmware version 6.9.5v has bluetooth issues - it does not respond to changes sent from external device (eg our app). It is fixed by BMD in the next versions.",2020-10-19 02:25:46
gp:AOqpTOH7FNZChIKtTZdY2EhFDWraAyAIplAJlw8D2HIjntYMsTycvnXoCWDlR5MmiOvV0p7eWHS1WCFN6DOODic,Fahad Khan,https://play-lh.googleusercontent.com/a-/AOh14Gj5JcAqwOjjnsV3eWszQAsHO8fgxu8EjMeaYQ9GPQ,Works flawlessly with 6.9.6 on the BMPCC4K. Thanks guys. Great Job,5,1,1.0.28,2020-12-18 08:40:55,BMD has confirmed that the bluetooth is working with new version 6.9.6. We also added taking Stills feature. Can you confirm. Thanks.,2020-09-21 10:30:25
gp:AOqpTOGe1sksywiTbh_vPwjD9nEgbe_kzkMWjMhY7dKdSt_0AMZ9R6GjaeHZobJebo6-oQQZwbh9OddBfuVcxRM,Jacob M,https://play-lh.googleusercontent.com/a-/AOh14GjB87ne2iJjscG8xnacn9qdIOxBTijSxxxyW6ee1g,"App works great. I had issues using the focus function, which I was most excited about, but due to using a Meike Cine lens I'm not able to use that function. Its a fully manual lens which isn't supported. Can't wait to try this with a supported lens! Will update when I do.",5,1,1.0.28,2020-12-10 12:57:23,,
gp:AOqpTOGipFC_NpXFTy50PzNZrxLenjcCVHHLK9LBzopLvK9BdVS2ytb1A8XR9_NPX12wPSAgw1X5_y36iRnBxCk,ignatheus,https://play-lh.googleusercontent.com/a-/AOh14GhmvdKRTvtqIZ0B52z-nbm8FUAFymyHankv753_gRM,Amazing 👏 🙀 just needs zooming,4,0,1.0.28,2020-12-05 06:36:40,,
gp:AOqpTOHATf--nYCAnMPlBR0Q1gb5ScwFyat2Ec-g4Bdl9wFl6N8iBYOcCWpcHhroPTpuhgZh-OmtEbzRVbVd8II,Giovanni Derienzo,https://play-lh.googleusercontent.com/-fSagN8Ases4/AAAAAAAAAAI/AAAAAAAABqQ/AMZuuclqYTXBdk7q6cNoIHffyxFNcuqfhg/photo.jpg,Doesn't work at all anymore with latest BMPCC4K updates,3,0,1.0.28,2020-11-29 12:09:58,,
gp:AOqpTOE7AHoX57ETQppB-dKiHcoEa78HNVwhbfwE1n9TC_S5Hle3Eg3uV_dmEtyB5pmhixDazCnPxUj1yBfHyHI,NEOSTAR PRODUCTION,https://play-lh.googleusercontent.com/a-/AOh14GhPUeRjjQNmKHzPU-Leid2BDB5I0Ll_4ER_MCK_RRg,"Worked excellent as compared to the previous review, realised was a black magic update issue that they fixed in firmware.",5,1,1.0.28,2020-11-24 05:34:30,"Hi regret inconvenience. Please note, BMD's firmware version 6.9.5v has bluetooth issues - it does not respond to changes sent from external device (eg our app). It is fixed by BMD in the next versions. Hope that helps.",2020-10-19 02:29:24
gp:AOqpTOEik0-e2N1migIAKOgh540fCilieTPCwS2qxsGyDXssRtON0MBNgVlgqLp-idcJUltMU_PFpfohExo-GEs,Mohamed Abdelfatah,https://play-lh.googleusercontent.com/a-/AOh14Gjmi_WOTdJfQe-yY04yGee6Hwa7qe-4HKMpBg4,"Please fix the EF 6K focus, it doesn't work, waiting for the update",3,0,1.0.28,2020-11-05 18:38:50,,
gp:AOqpTOG4jWHDcD-jw1wyVI6RmenpYt5MwAfVi5QKt-BaHwOmifkkmr4t7LuMhK4cor8FU1iBiOv07IEGz_IlT2k,Mark Sousa,https://play-lh.googleusercontent.com/-8ZybQF6uo6o/AAAAAAAAAAI/AAAAAAAAAAA/AMZuucm7HLMsOBev-bgXpbs4_PnJdiczpg/photo.jpg,"I was disappointed that the camera doesn't seem to communicate focus position to the app (you cannot auto focus a point in the camera and have the app see that, so setting point to rack focus between takes awhile as both points must be manually focused from the app.)",2,5,1.0.28,2020-10-31 14:00:09,,
gp:AOqpTOGjxMQNTu9dzwTnd23Kd1piE76cTzlxDHyIG8j41OjSr4WI41lRDD1AnefdKX0sIDcHAD-7W76gPB1nzAg,Giuseppe Flandoli,https://play-lh.googleusercontent.com/a-/AOh14GiK7rSBQzzE2BLt3544N96kHup6voqYpCXW-t5Rfg,"Very nice apps with great features. Its annoying when doing playback you cannot pause, when u try to pause it jumps back to record mode. UMP G1, Uptdate: Today I had my first commercial shoot with the app in hand, i was 1AC and focus pullter. OMG IAM IN LOVE WITH IT. Although i nearly fat fingered changed a resolution setting without noticing, i found all the features grea. There is room for improvement but MUST APP for UMP owners.",5,4,1.0.28,2020-10-24 19:51:05,,
gp:AOqpTOEqjpG_jbnKc344SwJK-6jXJqw7flNbcMAlXZ3mzAG2thAPg4lkU4dcyGYaEcJRJASnk0d7iXs59Sd9U20,Ian S. Peterson,https://play-lh.googleusercontent.com/a-/AOh14GjJO5DkdPlboz4TZh8ILhiZIygZIwEekEhVc-coVA,So far so great on my pocket 4k ! Thank you for this app. I was so worried about not having an app for android. I love the focus pulling feature. I wish there was a way to set a different default for the rack delay though. Otherwise dynamite.,4,2,1.0.28,2020-10-22 20:49:32,,
gp:AOqpTOHzyHS9FcNLB-ZvIi0FyIlnRENy9p66yELRJLDSS-Ec70-EOCfLQ_5w1XmAsare5BT7XPL4OWNB6Ga5OQM,George B2,https://play-lh.googleusercontent.com/a-/AOh14GhojJhvQAOs8RBVimzbtgok41zDebdWkYIUBvzkuw,"I tried resetting the camera, clearing all my bluetooth connections, clearing cache. Nothing so far, 6.9.6",1,2,1.0.28,2020-10-19 02:38:56,Hi George. Are you able to see the camera listed in the home screen? Pls mail me at hi@sayeffect.com. I will help you resolve the issue. Thanks,2020-10-19 04:41:55
gp:AOqpTOENLzaTe51rHixARQ3_v2GHfnBPhDZsFEJiMNvSNohKa-Y-DmOyM2wMTtBB7RusFtXBEGnbftERe5WUMUs,Richard Cordner,https://play-lh.googleusercontent.com/a-/AOh14GghH5zaDNoc03A65yu-A8czeTJZ9iiN2HKhn3k4ibQ,"Great concept but too many bugs. I tested this multiple times on BMPCC 4K v6.9.6. Many of the primary record settings do not work, and the app seems unaware that its not sync'd to the camera settings. That's really bad. The off speed recording doesn't sync properly at all. It screwed up my settings and wouldn't change them to match whats on the cam. Also WAY too expensive for this obviously buggy app. Stop trying to reinvent the UI! Why make something so usable LESS so?",1,1,,2020-10-11 08:58:46,"Hi Richard, if can you emphasize on 'app seem unaware of sync'. Regarding the off speed - BMD has added sensor area in newer camera firmware but has not provided the same in Bluetooth api. Thus there is an issue with off speed.",2020-10-19 02:40:30
gp:AOqpTOEUScPpfv9a5jpzLLRUILgaFL0LWkpj1UXIkaDi6rFsH1tmqFlcSXUdGBsH7wfQsDt1LkJ2yjd7CVFLJPU,lnpilot,https://play-lh.googleusercontent.com/-Dt_xc9XYelE/AAAAAAAAAAI/AAAAAAAAAAA/AMZuuckw_18W5qPwV7q3PTOYDhT085i0qw/photo.jpg,Can't focus and can't take still pics,2,0,1.0.28,2020-10-10 01:01:24,"Hi regret inconvenience. Please let us know the camera firmware version you are using. Please note, BMD's firmware version 6.9.5v has bluetooth issues - it does not respond to changes sent from external device (eg our app). It is fixed by BMD in the next versions. Also taking still is supported in camera firmware >6.8. Please mail hi@sayeffect.com.",2020-10-19 02:24:56
gp:AOqpTOEURaDItrUq90SzgMjDvB5jP_qC0E8X43oejbw8kOmwHL-hIWAkkeArExQl3O7beCpL-VADhyhL4g185yw,Chris Seward,https://play-lh.googleusercontent.com/a-/AOh14Gho6mLKKhzORWP5osHW7F5mZZJLyBSMtdWde6OlMg,"Good app, will raise score if/ when 6k rack focus is added",4,2,1.0.27,2020-10-08 18:28:34,Thank you for your feedback. We are working on the feature.,2020-10-19 02:31:23
gp:AOqpTOF2E6pHR-KoV9BG5DFHSL7DlYm8z6GuvaayUOkrQLaIuPoUdQGR9KYn6Elv1OB65wTNMae8v4wNEDCdlnY,Martin Zeman,https://play-lh.googleusercontent.com/a-/AOh14Ggg7e7pUJO4rRqUnynuY5e0QdjDW3LxbIKUIqeSNg,Focus racks!!! ❤️,5,0,1.0.27,2020-10-08 00:16:25,Thank you very much for your 5-star review!!!,2020-10-19 02:30:46
gp:AOqpTOELDYSk6VftNnYbPwRlr5RLAH699ciP5JkAoWuP4XbfRXSkiuK6KR_5vxcyoE17nwNypuwV9WsPsPblw3Q,KENT,https://play-lh.googleusercontent.com/a-/AOh14GiMmXkz6C47fTHyrNKxr5eCWSqeqoRjQ6crKAUdZA,Great app! Works flawlessly for me and there's so many tools to change your camera settings without touching your camera. Very well made app.,5,2,1.0.24,2020-10-02 08:20:54,Thank you very much for your 5-star review!!!,2020-10-19 02:36:18
gp:AOqpTOF4Yx93i1Kpl7-r-dJRfg-34Q7wKYubgL79EeKJGT_ANvDbDdZEJSpeXj_Yul88S2DSN9ZWBE3jTTzidg0,John Classic,https://play-lh.googleusercontent.com/a-/AOh14Ggg7GxCwiEBZBmTtC1hFydhHZUGPagP-3pGKJBKbA,This latest version together with BMD's latest firmware makes it a pleasure to use. Well done.,5,2,1.0.24,2020-09-16 04:22:54,Thank you very much for your generous feedback. Yippee - that things are resolved !!,2019-08-28 05:13:40
gp:AOqpTOGksxS2LK9V2BezJ2hxoCILVwTv60xG_3oADaKyoLecSyS1yHvBsAb-iphSxoLBg-0mZCkl4wm8Q7YNVGk,Xavier Eduardo Estrella,https://play-lh.googleusercontent.com/a-/AOh14GjhQ5f2oE28nSnICIWSNDjb7qpworzIKtJSRz5fa4A,Look nice hade everithing but doesn't work the focus... What is the purpose to had a not working application .. Refound,1,2,1.0.24,2020-09-10 19:28:17,"Please be kinder with the ratings. We really worked hard to get here and have already disclaimed on the app store stating that the feature for 6k is pending on us. It ll take time because it is difficult for us to rent a 6K during this pandemic. For a refund, kindly mail to hi@sayeffect.com.",2020-09-21 10:33:33
gp:AOqpTOFKw_hZl4LR235-Nq6ia4uVUNR5FLhkmx-odcBOf-3KDp6tgmCLY0iJA289ue-egnVnV5h0AEHdMo1xT6s,Alfonso Álvarez,https://play-lh.googleusercontent.com/a-/AOh14Ggn_0zxEgJRtNBXM5yanvXB_fjiJaKO1DyUTMKDImI,Esta app es horrible. Se conectaba con mis PCC4K pero no era capaz de controlar ningún parámetro de la cámara. No sé cómo otros han podido hacerla funcionar. Desde luego yo lo intenté como 10 veces con cada una de las cámaras y nada. Pedí que me reembolsarán y las desinstale.,1,0,,2020-09-09 06:50:34,"Hi Alfonso, BMD's firmware version 6.9.5v has bluetooth issues - it does not respond to changes sent from external device (eg our app). It is fixed by BMD in the next versions. You may upgrade the camera firmware to higher version so that you can utilize full features of the app. Please email us at hi@sayeffect.com for refund.",2020-09-21 10:32:45
gp:AOqpTOElCZoL3eUyXEMUx6Vag5S4NkbMCoNFuYO5WoNtsnCRe3vNNOLFIR6aDL886zj4cktLC6ETq4PVZJ8cBzk,Evan Fotis Georgoulakis,https://play-lh.googleusercontent.com/a-/AOh14Ggb67lMCvI9sYHazrzVkGKTUMF7TOcgX_qx0vdfow,"Great app, with many features! Especially like the quick view page with false color and playback very useful. Some kind suggestions: Streamline UI for Focus Racking. It is not as straightforward as other apps nor as smooth. Perhaps adding another page will help declutter screen info. Feature requests: Please add still DNG function for Android devices. Add function to toggle Horizon View and LUTS, or ability to control F1 F2 F3 presets from camera. Does zoom racking work with adapted lenses? With the combo metabones EF 2 MFT & Sigma 18-35 only focus rack works, and as mentioned, not as smooth as other apps offer.",4,0,1.0.20,2020-09-01 02:44:25,"Hi Evan, we added feature to take stills (DNG). For others we are unable to add them bcoz of limitation of BMD's bluetooth api. As and when BMD allows any of the features you mentioned in the api we ll add it eg: the new stills feature. Also we are working on the UI for focus racking, can you mail us at hi@sayeffect.com for any ideas rgd the same.",2020-09-21 10:29:36
gp:AOqpTOG1FOaNhulGHmcxL14ioaTN7iJJ99hzgGs9WHdKfrQi62s4QawLaXcFKLi2hhvEpyNWv8vlMqh8KS2PY5A,Willie Hayes,https://play-lh.googleusercontent.com/-wAECa1W1Zvw/AAAAAAAAAAI/AAAAAAAAAAA/AMZuucnL_R9UTS_qRU-GUTW4bXIUWFJB8Q/photo.jpg,"It works great, displays everything in real time. One feature request--be able to control two or more cameras at once. Thanks.",5,1,1.0.20,2020-08-29 13:13:18,"Hi Willie, multi camera connection was definitely in our development pipeline, but the cost to add is too much for us right now. kindly understand.",2020-09-21 10:21:34
gp:AOqpTOFmqOgUMmPaMWS1rkM1JxcTRa8YHoBcaqbNywWt-udXALDZ2FpL5zpx8Ior0rMNoUKDHRMMQx4cV5DZt3w,Austin Witherspoon,https://play-lh.googleusercontent.com/a-/AOh14GhtPaI_7Pgltq0eH1QKoqg5viFyJ_mBeW2DFpQEw8o,Edit- app works fine. It was the pocket 6k's firmware. Really useful app with all of the controls you need when filming. Wouldn't shoot without it.,5,0,1.0.20,2020-08-28 16:33:47,"Hi, thanks for your generous feedback. BMD has confirmed that the bluetooth is working with new version 6.9.6.",2020-09-21 10:20:14
gp:AOqpTOHzeUpCf5sPiRqTCMD8fAAUIaZnqc5SSEBk00GnYKvJV5wn-Yp-W0WWnHMk_kIJNhU03jrwI72xCcvdwCY,kewwin18,https://play-lh.googleusercontent.com/a-/AOh14GhYdIKK2lnHGu7U8uIhX-j1C8knrGCFtAlxXIFRkA,"Come on. No focus on 6k? All other features can be set directly in camera. Are you working on it please? Can we expect an update anytime soon? Otherwise this seems to be pretty useless for me. However, to be honest, the rest is really top notch and will gladly buy it when focus on 6k is fixed. Good luck with it!",4,0,1.0.20,2020-08-26 04:36:45,"Please be kinder with the ratings. We really worked hard to get here and have already disclaimed on the app store stating that the feature for 6k is pending on us. It ll take time because it is difficult for us to rent a 6K during this pandemic. For a refund, kindly mail to hi@sayeffect.com. Please mail us so that we can inform you when we update.",2020-08-18 08:14:00
gp:AOqpTOGRlDjF62S3anA3RWG5rP1HOj0LWQe_7YDK1rHyO-VIh-t8zZnJ0t3JjtSXXlZOwwRigHQeHStj5THEB1w,Dzmebi Studio,https://play-lh.googleusercontent.com/a-/AOh14GgpKq_kiuYHfzqGNE_HTGR37AHhx3evYidZj-LF,It's good app. No video feed though. PLEASE ADD VIDEO FEED!!!,4,0,,2020-08-19 11:45:40,"Sorry :(, Taking Live Feed is not made available by BMD in their Bluetooth protocol and hence, is not available in the app. Live Feed will never be possible as designed by BMD as bandwidth for a live feed cannot be handled over Bluetooth - that by nature has low bandwidth.",2020-09-21 10:34:40
gp:AOqpTOEkOJOV_P2NKL_L2B9igEYNLfFd8GLOYGR9cZFHkCs5eRGLo5eraQ8-cHcQVh4cCQwninCtG_5MgZNZTK4,Garrison Muelhausen,https://play-lh.googleusercontent.com/a-/AOh14GjDnsgoUh3FXRCI_zbSDksD4WzR0Tc1c6nsXyaW,This app does not work. I have camera updated and connected to my phone but the app does not recognize my BMPCC4K. Don't buy. Trying to get a refund for this atm.,1,1,1.0.20,2020-08-17 10:55:51,"Got the following reply from BMD:

""Our apologies. Some Bluetooth functionality was broken in the 6.9.5 update. We will have an update out soon to address this. In the meantime, I would suggest advising our mutual customers to stay on v6.9.4 in the meantime.""

Please use 6.9.4v for the time being",2020-08-18 08:05:30
gp:AOqpTOHlewFpLtulAoBTsjJYhyWZ70gW22DE8domVddY8YgxcwuM2JE0PlQ0Ziw5G3Zmpw9e0finE4NFDjm8eaA,Zachary Nearpass,https://play-lh.googleusercontent.com/-X4mwoF6SEzs/AAAAAAAAAAI/AAAAAAAAAAA/AMZuucl4dhlvOXOua-kHG40MyHa1ZJn19w/photo.jpg,App worked great but the new update for the bmpcc4k makes it so this app does not work. So I give it a 2 star as it worked great before the new update.,2,0,1.0.20,2020-08-16 09:49:51,"Got the following reply from BMD:

""Our apologies. Some Bluetooth functionality was broken in the 6.9.5 update. We will have an update out soon to address this. In the meantime, I would suggest advising our mutual customers to stay on v6.9.4 in the meantime.""

Please use 6.9.4v for the time being",2020-08-18 08:05:34
gp:AOqpTOEUl5TgW72sZiHXyb1fOjNfrkPyLXT7UUKRxcf1A_jtZ9FvDAWScIIZwhIJX2HTmnqCyhpq3Gl7Ccb2N2A,Marcellus King,https://play-lh.googleusercontent.com/a-/AOh14GitoHkDKP91h8KSKulE1iCvvnRFk8k_RnknrYYLCg,"This app looks great in the fact that it is feature rich, but focus does not work yet with the 6k with Eos lenses which was my primary reason for buying. Had to refund, I will purchase again once this is implemented. Thank you for making this product.",3,0,,2020-08-14 13:18:03,Please be kinder with the ratings. We really worked hard to get here and have already disclaimed on the app store stating that the focus feature for 6k is pending on us. It will take time because it is difficult for us to rent a 6K during this pandemic. Please mail us on hi@sayeffect.com so that we can inform you when we update.,2020-08-18 08:14:36
gp:AOqpTOGt4u4w_-EGh1j66flcWSRSolmdGgCcH__xtT6CwdkQZUHV1sirHRvBWlo9Q2Wj8kMq-MJqPRXRxOzxqvo,Bralyn Stokes,https://play-lh.googleusercontent.com/a-/AOh14Gi1k_MPIcDJuOexE47MlmP4N56W_cVlXPoMC7hxQA,"Does not work at all on the 6k. I had to update the camera just for to connect. It'll show you what settings are on the camera, but you can change or adjust anything. Refund!",1,1,1.0.20,2020-08-05 22:18:31,"Got the following reply from BMD:

""Our apologies. Some Bluetooth functionality was broken in the 6.9.5 update. We will have an update out soon to address this. In the meantime, I would suggest advising our mutual customers to stay on v6.9.4 in the meantime.""

Please use 6.9.4v for the time being",2020-08-18 08:04:50
gp:AOqpTOGsY1E4IfKwp8hz9IR0kJcCC3sZfVx0V7r73bvOrgY520VfqbIogmEOHoS0x1sX4rGSuuRTWMN9pJWA1wU,David Swinton,https://play-lh.googleusercontent.com/a-/AOh14Gha7apU9S4g9a6tRM9KmKALBZwa18aK5zcaVM0r0r4,Works really well and is very handy for controlling BMPCC 4K's. Definitely worth getting.,5,0,1.0.20,2020-08-02 01:21:39,Thank you very much for your 5-star review!!!,2020-08-02 07:10:45
gp:AOqpTOE7qMfYqPfZAv-Xp5rB6Y4Abxt-2A-quSvxki_XBHik2wFNFs6fugAsSCEyf_llA_WU1dh-ccgDVofBY38,Louis Amaden,https://play-lh.googleusercontent.com/a-/AOh14GhiYbGNXAMjO4975HsDoBysUVWqkvjJqXlMSpU6Ew,"This is the best app by far I used for my UMP G1. A lot of usefull functions. The only thing what is not working for me is the ""rack focus"" feature for my Sigma 18 - 35. Autofocus works but I could be wrong that this lens is not supporting this function because its an old lens. Any info on that I would appreciate.",3,3,1.0.20,2020-07-31 14:37:38,"Sorry for the late reply Louis. We are not able to service faster bcoz of the lockdown in our region. Can u share which lens mount the UMP G1 has. I am unable to get the info in the BMD website. If the mount in EF, then thr is an update pending from the app side. In case its an old lens, can u share if u r facing the same issue with another lens.",2020-08-02 07:35:26
gp:AOqpTOEsoCCadGUsMiotcqQC7u8RkIlbEuPjyExjT2OcJ9MftM3zTN5LnL1c24WwdkYQVeMPsFBFucoPM_5UWxQ,Vincent Usidame,https://play-lh.googleusercontent.com/a-/AOh14GhrbkkEt_0pUZyeTQ1wYbjz-bDK-3L_86xI9FYL,Unable to connect to Samsung Galaxy Tab S3,3,0,,2020-07-30 14:22:03,"Android Bluetooth is actually iffy, it helps to clear cache of bluetooth in Settings-&gt;Apps (select System Apps)-&gt;Bluetooth-&gt;Clear Cache, restart device and then re-pair. For any troubleshooting please DM us on www.fb.com/sayeffect. We will surely solve your issue.",2020-08-02 07:08:15
gp:AOqpTOETCluVjPJ0A8V8dSj0ILoiByNAXXO4lfKj8FdmuZB0c5wKQI6bgRS3m4p9AbJeZORYguRqtJV8dieHCEc,Michael Kammes,https://play-lh.googleusercontent.com/a-/AOh14Gj8keQCuMFmKoJz3i382u0rmvE0I3ONMEpSnI1CBAY,"I use this app daily with my BMPCC 4K, and it's quite frankly the only way I can do a 1 person shoot. It was worth it after day 1! This is not only for shooting in the wild, but also controlling the camera when I'm the one on camera and need to start/stop recording and adjust focus. Are there any updates which may allow for toggling of LUTs on/off on the camera?",5,2,1.0.20,2020-07-30 09:57:00,"Thanks for your generous feedback. Sorry Micheal, currently BMD has not allowed modification of LUTs in their api, hence it is not available in the app. When BMD updates the firmware with the same, we will surely include it in the app.",2020-08-02 07:07:31
gp:AOqpTOFEYta8pDkeusRlTThadQf0ffCQ8S_NRX7Or7bBT6vll7wdSc11lYs0vxyk7rDaqAIX6bFfE4rM-JmBlY0,Dominic Goodie,https://play-lh.googleusercontent.com/a-/AOh14GgbWz79ibNDvCj_SUmQqSJNlU1vSSUx_dOeBMllZQ,This app is amazing. you can control the camera for moments when you can't touch the camera or be next to it. you could possibly use as a remote follow focus with the right lenses. It's great that there is finally an app for android users. I highly remember this If you're a pocket 4k operator this will be a good tool to have.,5,3,1.0.20,2020-07-29 05:39:59,Thank you very much for your generous feedback. Please share the app with your bmpcc4k friends.,2019-06-01 13:11:19
gp:AOqpTOHQbem8jb_jJ2qLZfHreU9ZuYFTyh_Vz0vvwxnWULH1MzoU1gaJh1FsMM3KgHufZrcK6tzkIuHJBaWfmyk,avinash bundela,https://play-lh.googleusercontent.com/a-/AOh14GgQu561XhxiYL1QFRw1BqVX_lvwNhKiRAh_2H_V,Use less waste of money,1,0,1.0.20,2020-07-25 04:47:19,"Hi Avinash, can you let us know the exact issue at hi@sayeffect.com. we will surely resolve your issue.",2020-08-02 07:09:02
gp:AOqpTOEkZhuK25_IdKgDvQfXBYqL3kh79AIo7ZX_fwlsXRHiG9O2wtPYFtmIW3FEicYeB_YusDKNtB91b1vv9jI,Nyk Fry,https://play-lh.googleusercontent.com/a-/AOh14GiLTuTMn6Eh0thcMD29b67pjM9R-sSuC7_W_rVf4w,Tried leaving review. Seems to have disappeared. Please refund.,1,0,1.0.20,2020-07-23 16:51:35,"Hi Nyk, will surely refund you for a bitter experience. Can you please email @ hi@sayeffect.com. If you want to give us a chance to help you troubleshoot, please DM to www.fb.com/sayEffect or mail @ hi@sayeffect.com. The App is used by thousands without issue. Please let us help trouble shoot.",2020-08-02 07:10:20
gp:AOqpTOFhVj4-o4QtfL_MtBmGFkjHxF52-TrbadnmrBpx-GetVI9Q3kV0LJ50AploVtjr5lKZRwjdkRhVEFvFxtU,Mark Anthony Pratt,https://play-lh.googleusercontent.com/-GuMgsLb0tOM/AAAAAAAAAAI/AAAAAAAAAAA/AMZuuclQzCzCxDX-v7og183Nglxr6Nph7w/photo.jpg,Really like this App. I wish it had more rack focus points to set. That would be huge. I use this App together with my Edelkrone HeadPlus and slider which is also controlled by Bluetooth. Something that Edelkrone does well is let you set points and then take a photo to have a visual representation of what the next point jumps to. This could be a UI enhancement. In a perfect world I could use this App to control the BMPC4K focus and the Edelkrone movements at the same time. One can dream :),5,4,1.0.20,2020-07-11 13:45:12,"Hi Mark, We've forwarded your feedback to our developers. Thank you for taking out the time to send us your suggestions!",2020-08-02 07:05:08
gp:AOqpTOGAbxx-ODsK32-XvIg1-3y_RaIKsH6z9PgCgmQg8eFTbzUk5YSqzQSQSVjA_dMzwSGsUeEdWzLZWfdPkqU,Tim Marinov,https://play-lh.googleusercontent.com/a-/AOh14GgBQ1Dccheua2lUyIE4HtkEM8dJ4lKwb42JB3vXooU,The rack focus doesn't work on bmpcc 6k!!! That was the main thing I need .Can I have my money back ?,1,0,1.0.20,2020-07-10 14:35:12,"Sure Tim, we will refund you the amount, please email your order id to hi@sayeffect.com. We already disclaimed on the app description and on the app release notes that the app is not ready for focus on bmpcc 6k. kindly reassess your review. stay safe.",2020-08-02 07:03:54
gp:AOqpTOESIxL2frqyzX6tHRscrUpjpgQd9O-iEGq7oOiZ6-U2MYVpvsPF8oQZduLaSDwU9NqE2NN2LyUyrmDt2b4,Stan Madey,https://play-lh.googleusercontent.com/-sW2Rm9UeeOQ/AAAAAAAAAAI/AAAAAAAAAAA/AMZuuckEPzc7Fr7HquVL-tQejdGq-SfVUQ/photo.jpg,App keeps asking for a pin for bluetooth. This is the kind of thing that should be addressed up front. Don't put the user through this waste of time. Ok here is what happened since this first review. I found the solution by trial and error. Start up the app and it will ask for a pin number. Go to the black magic 6k screen to turn on bluetooth I believe it's under setup. As soon as you turn on bluetooth on the 6k your pin number should pop up. Install the number on the app and it will pare.,5,2,1.0.20,2020-07-10 07:51:20,"Hi Stan, you have to pair the mobile to the camera in order for a connection and thus the app is asking for pin. Entering the pin is a one time setting to pair with the camera. You will find the pin in Camera-&gt;Settings-&gt;Bluetooth. Kindly mail at hi@sayeffect.com if you are having issues with connections.",2020-07-08 17:29:46
gp:AOqpTOHklg-ONgAt0LtwfUfXPuFlRouQte12oQlZy1fIPRlrVEILRbg7CIjHTusFClrazSCEqxr6muWF3pDZeIU,Sha Money The Best Rapper Ever,https://play-lh.googleusercontent.com/a-/AOh14Giu_z4FyqBDPuZsu9N2WBDX9YtCc6h2klYxrlU67wk,Wish i could see the video feedback,5,0,1.0.20,2020-07-07 21:13:18,"Thanks for your generous feedback. Sorry :(, Taking Live Feed is not made available by BMD in their Bluetooth protocol and hence, is not available in the app. Live Feed will never be possible as designed by BMD as bandwidth for a live feed cannot be handled over Bluetooth - that by nature has low bandwidth.",2020-07-08 17:32:15
gp:AOqpTOGmkzDrAqHd9ub8uF-qhiMi3yfK2iy4oTksLQAOJoNh2p2QXmbITqEBRTdG1CbFFJtBEs64KL1TyirecAM,Spencer Meyer,https://play-lh.googleusercontent.com/-GDnsP7gVlDc/AAAAAAAAAAI/AAAAAAAAAAA/AMZuuck5ZrpWjtxa04xZBppp78Gh0FUbbA/photo.jpg,"So far I like the app, very useful, especially for self recording. My biggest problem is that it requires permissions for location data. Unnecessarily invasive. If this is for metadata, please make it an option and not a requirement.",4,1,1.0.20,2020-06-29 15:22:29,"Hi Spencer, location is required for the bluetooth ble to work. It is a software requirement. Our app does not store any user data on the server. To cross check you may switch of the internet connection on the mobile and try to use the app with the camera. It is a pure offline app.",2020-07-08 17:32:00
gp:AOqpTOEVElceGIS_cSXgBeCiH_LP4y1CaSgeA7YYzp-VXkIzPovdwV_57xQopH4Lp4XEP0emR_iHWPTTzZKG4cI,Manny,https://play-lh.googleusercontent.com/a-/AOh14GjQMkQOUmsOjx5u1bGlnzdeIDRqBj8PPNnv7tvV6Q,did not connect after doeing everything 10 times. Samsung Galaxy s9plus ...... Update: now after almost 10 months I was still stupid enough to try it AGAIN. With no succes.,1,2,1.0.20,2020-06-12 04:29:18,"Hi Manny, will surely refund you for a bitter experience. Can you please email @ hi@sayeffect.com. If you want to give us a chance to help you troubleshoot, please DM to www.fb.com/sayEffect or mail @ hi@sayeffect.com. The App is used by thousands without issue. Please let us help trouble shoot.",2020-03-08 03:35:17
gp:AOqpTOGIyooL-yuJdwguW3D0R_20kLVeUwQ0Y0_FgOzzsetsDO1R7cZi-WjF55IRdIxFu-9JcVZvxK7Cxn-5cSM,Kyle Munn,https://play-lh.googleusercontent.com/a-/AOh14GiIwU4W1AO5wX4_s76C3vZzPPuiRStzfvpGfbQp,So far so good on a new BMPCC4K. Only thing that would make it even better would be live view or something but otherwise this app has been fantastic!,5,0,1.0.20,2020-06-11 05:37:36,"Thanks for your generous feedback. Sorry :(, Taking Live Feed is not made available by BMD in their Bluetooth protocol and hence, is not available in the app. Live Feed will never be possible as designed by BMD as bandwidth for a live feed cannot be handled over Bluetooth - that by nature has low bandwidth.",2020-07-08 17:22:18
gp:AOqpTOHBafzi-jWRosAoIyOuXT6dlzLQP_eP26_TiGMqmiKcmVVTT4NewUd95Vs-tW_27b41c2kf17A0B8JF-48,Mark Cole,https://play-lh.googleusercontent.com/a-/AOh14Gip4NZs49plq2d1Q8GK31wB6NJphiXEeBFgxvt5GA,"Nice app, but the length of the focus slider is far too short to reliably achieve accurate focus. Even on a 10"" tablet with the slider scale set to 2x. I *strongly* and respectfully suggest the addition of a mode in which the zoom and focus sliders occupy the entire height of the screen. In all other respects, this is the best app I've tried for the BMPCC 4k (and I believe I have them all). But the inexplicable decision to limit the size of the focus slider makes every app virtually useless for my work. Increase the size of the focus slider to the maximum height allowed by any particular device, and it's five stars all the way.",3,6,1.0.20,2020-05-25 11:26:06,"Thanks for your feedback! We deeply respect your advice, and we will try implement it soon.",2020-05-29 15:29:41
gp:AOqpTOEtshXfwgnTTE2aY9aKAn1RubP2VqwRtGqv3_7RTqaoatPmVF96KML_l6BwAKyMCSE2WjbgvRMAaCqlNS0,T. Maxwell Smith,https://play-lh.googleusercontent.com/a-/AOh14GgFymhlOqJhL7r48yAfUSmXdsoXIjs-7aV5KqMATA,"Recently got this app and love the functions. Would be great if it had scene options with letters e.g. 1, 1A, 1B, ect and if there was a rack zoom option like the focus.",4,1,1.0.20,2020-05-18 04:46:00,We are working on the scene option with letters. After the update we will inform you. Thanks for your good feedback.,2020-05-19 07:08:11
gp:AOqpTOEUA8n8fJOxSf2KPdl0vZDJgWR6QgV0JuAXorbP9m8pIk8AVRrtKG5nQcjlge-dcEQ7eS4_OQKT4jZBGUE,Jack Visser,https://play-lh.googleusercontent.com/-6v72zGn1-x4/AAAAAAAAAAI/AAAAAAAAAAA/AMZuucnEnpGZvXRdtjZY2lcdrUvAgju7mw/photo.jpg,Inspite of trying various times and doing as per instructions it just wouldn't connect.,1,0,,2020-05-17 14:17:00,"Android Bluetooth is actually iffy, it helps to clear cache of bluetooth in Settings-&gt;Apps (select System Apps)-&gt;Bluetooth-&gt;Clear Cache, restart device and then re-pair. For any troubleshooting please DM us on www.fb.com/sayeffect. We will surely solve your issue.",2020-05-19 07:07:00
gp:AOqpTOF5OtcpN7fsuQuGGlCy8VlwlQctJEa0xVVNTbYxxB_9247EXxdUwiU3cYuEzurJ0c111PsFkQ31xqQOcOU,Dmitry Andreychuk,https://play-lh.googleusercontent.com/-I4lZ8GNNn7s/AAAAAAAAAAI/AAAAAAAAAAA/AMZuucmBa1CPZbP6FysdxDax_FTvj8xecg/photo.jpg,"Looks nice, but buggy: focus an codec controls didn't work (BMPCC 6k/Sigma 18-35).",3,2,,2020-05-16 15:46:52,"As disclaimed on the App Store and App release notes, the update for focus control on the 6K is pending. Kindly bear a little longer, it has been increasing difficult during the pandemic to get our hands on a 6K to update. Kindly except delay. Sorry for the inconvenience,",2020-05-17 04:34:55
gp:AOqpTOGU5nSfaFWAkb5QN0gzIRVBXobbbO4BNOwEJ0Iv_gceVrdauhJSRUIbse0eHl6AHhrPIqHV6a7-KbGl4JM,Ricardo Mangual,https://play-lh.googleusercontent.com/a-/AOh14GhKH_tVh6e_NAm-M2crlfvsIBMcK_RDULqvN93Hug,"This app is a must have if you own a Black magic pocket 4k camera, since there is no remote control offered by no one at a time. You can control pretty much everything on the camera but most importantly no more camera shaking Everytime you press record.",5,3,1.0.20,2020-05-16 04:57:51,"Hi, thank you very much for your feedback.",2020-05-17 04:33:16
gp:AOqpTOGnCzCfUG1rXOw6cOt1FMqCJIf2yZSweyEvQZ0jXCy8LTOEm6opqQBmqz6U0YUKJH7VpNxYvNYSATaL3TE,Matt Vanni,https://play-lh.googleusercontent.com/a-/AOh14GirzOveIOtQ2utx-ByuByJwJxchkLh9OkssUj9ZOMo,"Apps works fine, BUT why does it have to constantly try and run in the background when I'm not using my BM camera? I have to force stop it Everytime. Can the developers correct that please",2,2,1.0.20,2020-04-25 07:24:07,"Hi Matt, the issue about the app running in background has already been fixed. Can you let us know your device details. Can you also let us know if the app notification is gone if you close the app via settings. Please mail hi@sayeffect.com or DM to www.fb.com/sayeffect.",2020-04-26 04:46:40
gp:AOqpTOH7YlrKZTf8Qs7jAEEmP97IaPpfoNZUxcG9dqetDRO68PgxojTxE-RRlc3heq7OIqZAdgKWqIBvXAA5d9o,Miles Wilson,https://play-lh.googleusercontent.com/-WCUpT4imcMc/AAAAAAAAAAI/AAAAAAAAAAA/AMZuuckK2J-sJ2QMaLODXaci-eKx_aoAqw/photo.jpg,"Just downloaded this, nice app. Obviously some limitations, but based on my understanding of the BMPCC4K Bluetooth API this is entirely out of the hands of develpers. Overall the functionality and responsiveness is superb. Can I ask for a dedicated focus pulling mode? It would be nice to switch onto a full-screen, simple page that only has sliders and a set of A-B-C (or more) focus points. Having a simplified interface for that in the same way we do now for slating would be amazing! Overall a cool app, and really good to see that it's so well supported.",4,2,1.0.20,2020-04-14 17:38:26,Thanks for your feedback Miles. Can you help us on hi@sayeffect.com any design/drawing so that adding more than two points on the focus pull seems intuitive. We are finding it difficult to make a good ui/ux around &gt;2 focus points.,2020-04-16 04:31:54
gp:AOqpTOHw9yB0Yzrt-5-s9eiBlQGKL4fpzKKT-8_OhIc8XnUtb6ArtmkXMieFZWCraHvPKVB1UoT1f8W988PHDfk,Rajat Kashyap,https://play-lh.googleusercontent.com/a-/AOh14GgfnvQyuLGPzXEq2uunBbzbDQ98LxhUQDqGrORoDA,I love this app. The only feature I miss is a button to capture stills. This will help us to leverage the great still capturing capabilities of bmpcc. Hoping to soon see an update for that,4,1,1.0.20,2020-04-12 11:35:49,"Thanks for your feedback. We are limited by bluetooth api provided by BMD's Firmware. Currently BMD api does not support commands for taking stills, hence we also are unable to provide the same in the app.",2020-04-14 03:13:36
gp:AOqpTOF27XOWsGJA-CRMFxXG5_xMih3H4iedLqP_dpRWGBzwOaEKmjjZviGaW3Pj89ez654UQfHQcU2oPryFCRU,Pi Hat,https://play-lh.googleusercontent.com/a-/AOh14GhwFwEKQwCOErsGHoRyQxlREzJ1E-1V4ywOMFJ_mA,It initially didn't connect to the camera but support emailed me helping to solve the problem. Great customer service there. Even better. The programmer listened to my request to smoothen out the focusing. 3 days later he uploaded a new version with smoother focusing. I tried it and it was fixed. Thank you!,5,3,1.0.20,2020-03-06 06:55:18,"Will surely refund you. Can you please email @ hi@sayeffect.com. If you want to give us a chance to help you troubleshoot, please DM to www.fb.com/sayEffect or mail @ hi@sayeffect.com. The App is used by thousands without issue. Please let us help trouble shoot.",2020-02-29 07:12:47
gp:AOqpTOHqyhGk4bYYunBVb-4x0rpb0rpYDllpwuj63w7Ir_EzQDHPUVu9q0xfjtPcbe5GsXKzC9s67hIOziyI0xc,Samir Cacan,https://play-lh.googleusercontent.com/a-/AOh14GjOGGFQgf7_UEcI_mH_DbIzBKSxXNNkqcn0Ckr9og,"Nice app. It will be batter if they put options to use/change presets. That is one thing that is missing in this app, and why I gave it 4 stars.",4,0,1.0.20,2020-03-06 01:36:01,"Thanks for your feedback. We are limited by bluetooth api provided by BMD's Firmware. Currently BMD api does not support commands for Presets/Multiple Commands, hence we also are unable to provide the same in the app. Can you let us know exact what kind of presets you are looking for, we might come up with something. Mail us @ hi@sayeffect.com.",2020-03-08 03:28:56
gp:AOqpTOF9rpY3mQkR5EOoJjVaaaM7wphabj-98NqBa6AhRaJIQxFXEDrvf5fsvujR5MMPFbzigQIeiJHvG1Q3i7c,Stephen McGrath,https://play-lh.googleusercontent.com/a-/AOh14GiZsT5dvp_ma-qBbC5yN20NyIt_d9_1wQN2vDoFNA,Never works for me.,1,0,1.0.18,2020-03-04 04:31:26,"Please give us a chance to help you troubleshoot, please DM to www.fb.com/sayEffect or mail @ hi@sayeffect.com. The App is used by thousands without issue. Please let us help trouble shoot.",2020-03-08 03:26:14
gp:AOqpTOF5cYSMOjQtvN6T4z1AMWq0Kw_uoBbsdj0hrd6qI6IuBdoSkg_Q0OfBer3Lb_-45T5G4AdACY97makn4Qc,photography academy,https://play-lh.googleusercontent.com/a-/AOh14GiI5gajTo7wOFJjwKonqyOIfYg_fFE3yvv4mPLmPA,"Hello i Just bought your app , i'm one the Allan McKay Students and huge fan of black magic i'm currently working on movie using Bmpcc 6k , i was wondering when you release update for FOCUS CONTROL on 6K cause we really need this option right now _ and i have 2 Suggestion if possible we can Turn on and off Camera Touch screen using Controller App _ and it would be amazing if App contoller allow us to have 6 focus points instead of 2 that would be game changer",5,1,1.0.18,2020-03-01 00:29:16,"Still unable to get hold of a 6k to work on that. The issue with EF lenses is that focus is alway an offset instead of absolute meaning a value 45 will increase the the lens position by 45% instead of moving it to 45% position of the lens. Thus racking becomes difficult in this case. Rgd. 6 points, can you suggest me a UI design @ hi@sayeffect.com",2020-03-08 03:33:05
gp:AOqpTOGFUqtF4XDDmShSsVUknWkBHcPwVq3A48I6d5NRzgrgyyGWtO8ooDMFmrT9I9Aiu3uk5iNN2tLt7vp_BjA,Sebastian Kay Gergaut,https://play-lh.googleusercontent.com/-voNFFojSPh0/AAAAAAAAAAI/AAAAAAAAAAA/AMZuuckEyrRmlzCLvChMlfsZ8cfr0x_v9Q/photo.jpg,Correction: After reinstall programm runs awesome,4,0,1.0.18,2020-02-23 13:17:54,Thanks for your feedback,2020-02-29 07:25:06
gp:AOqpTOFOM6Kxrz0iajGo6Jwa2OqjWwRs1rgNLW9IANRA9ZkoSJ-KrNJ2HV3w1BKR9JGGmmWfQOYldvXC5rYkhPA,Nathan Chukueke,https://play-lh.googleusercontent.com/a-/AOh14GjTVBHKLNOJbN-3M5r6C8pLReHJCPoFUslTeTfJmw,"Works well. You may have rescan to find bluetooth, but not often. Wish I had lens that work with zoom function. Great for the price.",4,0,1.0.18,2020-02-22 09:27:11,Thanks for your feedback. Can you send us a video of the rescan issue to hi@sayeffect.com or DM to www.fb.com/sayeffect.,2020-02-29 07:24:29
gp:AOqpTOG8kJ3r8ajnbDrPpbSaLeziWQ6LWFn4mD1hszmj0oMcTvZG5YF-5XA8P__AiPGM1doGBRxwJFKQNE4drlI,Kenny MacLaughlin,https://play-lh.googleusercontent.com/-9tatDxm6Uw8/AAAAAAAAAAI/AAAAAAAAAAA/AMZuucn-VMfK8m0caK3zn5WEiJFAfANg7g/photo.jpg,"I've tried a few other black magic camera control apps and this one is by far the best. I use it with my Ursa Mini Pro G2 and it works flawlessly. Not many of the other cam control apps include support for the G2 but this one works with most black magic cameras. It has lots of controls; runstop, iris, timecode and pretty much every control in camera. They even included an IRE guide which I thought was a nice touch. Cheers to the developers!",5,0,1.0.18,2020-02-22 05:54:36,Thank you very much for your 5-star review!!!,2020-02-29 07:23:09
gp:AOqpTOFojh7MdkW6jaTOmPGNaCjODU3TS-AzF8jGGngG6WwESLAYdORU8bV191vOm417KT3wZSAZd5BbM6VCjhA,Kevin K Perso,https://play-lh.googleusercontent.com/-jmuV_8_B4jI/AAAAAAAAAAI/AAAAAAAAAAA/AMZuuckPY_tQzZrpI_oajCxYNhvPuWAguw/photo.jpg,"So far, near perfect ! Some issues connecting but still awesome. Looks like the Record button often doesnt work to STOP recording. Anyone else having the problem? Good work guys!",4,0,1.0.18,2020-02-12 16:32:14,"Hi Kevin, Can you take a screen shot or message us on www.fb.com/sayeffect. Till date, we dint come across any other user with the same issue.",2020-02-29 07:18:50
gp:AOqpTOHr6sJOwPc3NTUvOhhNd3-luFHXfSX4yoa-SHHugJt3WjzIFUW_ooNPyDkeo2--oQJMrDfloNYclmWMlK8,Ivan Anic,https://play-lh.googleusercontent.com/a-/AOh14Gi6AHPOY2Nznm3yID6Zorp-dJvvv5RiT2vEv2ADVQ,"Great app, but no live feed that would be very nice.",4,0,1.0.18,2020-02-11 04:38:21,"Thanks for your generous feedback. Sorry :(, Taking Stills/Live Feed is not made available by BMD in their Bluetooth protocol and hence, is not available in the app. Live Feed will never be possible as designed by BMD as bandwidth for a live feed cannot be handled over Bluetooth - that by nature has low bandwidth.",2020-02-29 07:17:32
gp:AOqpTOEmwpQQUngf_a6KhfcLh3stppKDHa_ZyTKJYFnmiy-bfkO97t-w0VLJVL2FfmlG_--FsaJeoMY1JBzeKeg,TockProductions,https://play-lh.googleusercontent.com/-POVd4Z1fJ1w/AAAAAAAAAAI/AAAAAAAAAAA/AMZuucnfmkh2ByUL2ibiGdOxbvVNTY2q8g/photo.jpg,"Got everything connected. Just had to clear the Bluetooth cache first, then reboot! This app is very responsive, haven't found any quirks yet.",5,0,1.0.18,2020-02-02 11:16:42,"Hi, thank you very much for your feedback.",2020-02-29 07:16:06
gp:AOqpTOFD_2tWcZUUXZ4tetbGl3kDE-EBuCYFt4Tmlm8KoJBvhbfC2scKoz_bBas42UjEeo41XSlnWnbxfViKBwI,KAN WORLD,https://play-lh.googleusercontent.com/a-/AOh14GiUQ48Odp4xi-qDPRZlhFSTD42Wr9Y3dFLzm0FphnI,It is not working withy bmpcc4k Get back my money! I need my money back!!,1,0,,2020-01-17 20:42:15,"Hi, will surely refund you for a bitter experience. Can you please email @ hi@sayeffect.com. If you want to give us a chance to help you troubleshoot, please DM to www.fb.com/sayEffect or mail @ hi@sayeffect.com. The App is used by thousands without issue. Please let us help trouble shoot.",2020-03-08 03:40:00
gp:AOqpTOH0_gEMEpGlLsmHwH4yvCVlTSQHRBK9jnV9ICvl-_F4CCSSjGJIdICk0gjY3dpwO0RG8bxqfkcUtdlRL4Q,Mahim Lakhani,https://play-lh.googleusercontent.com/a-/AOh14Ggl5Q4qFEsVda85HOZmsjz4HOQO_L9MbeZTXyk06Ws,Could you tell me a list of lenses which support focus pulling on BMPCC6K? Does it need to be a USM lens for focus pulling to work? I was able to get everything else to work on my BMPC6K except focus pulling.,5,1,1.0.18,2020-01-15 14:25:13,"For BMPCC 6K, Focus Control cant be done in app because BMD has not yet allowed it in their Bluetooth Protocol. When BMD updates the firmware to support Focus Control for 6K we will update the app.",2020-01-17 06:17:58
gp:AOqpTOH5_23vqzpNenShg7ZeCnbxexjEz26ieedw_ZR21dsdV1JIAPCYKthjW90bFTN4l72KiO4VPGL43U4882Y,Skye King,https://play-lh.googleusercontent.com/a-/AOh14Gi4FSkXIINs488GDnnRMjKxine2DYuh4aeM4d0anIg,"BMPCC 6K user here. Works great! I wish there was a way to use the app to view my shot remotely from my phone, but I'm sure that's much harder than it sounds. Also another missing feature is the ability remotely take stills. If y'all add that feature let me know and I'll throw a couple bucks your way!",5,1,1.0.18,2020-01-09 18:39:24,"Thanks for your generous feedback. Sorry :(, Taking Stills/Live Feed is not made available by BMD in their Bluetooth protocol and hence, is not available in the app. Live Feed will never be possible as designed by BMD as bandwidth for a live feed cannot be handled over Bluetooth - that by nature has low bandwidth.",2020-01-11 09:01:44
gp:AOqpTOFS1Oz6dFDWR0GUP8GkIAuzgKcP8D5P_DTgKkrIZFU2Mw1WkG1spHKU-IJ_sEDCHcV0Cx1C4NtVAYk-E1g,Jonathan Bélanger,https://play-lh.googleusercontent.com/a-/AOh14GhD8tArlbOBhGWDY5RhfRvMHNOmj4qRwfFI4lOWyn8,Bad focus rack not working very disappointed,1,0,,2020-01-04 10:09:38,"Hi Jonathan, we have updated the app for smooth Focus. Let us know if it solved you issue. Please mail us at hi@sayeffect.com",2020-03-08 03:39:36
gp:AOqpTOF67EDqpVHDMfzvLzr9s1cACw1reHSbJHKS15R3KzyiQT_m9eb2aZqKaOfd6rnni1XUW_wutfwvMCphcbo,Travis Whitworth,https://play-lh.googleusercontent.com/a-/AOh14Ghr0FBbJznpSTevPwPrwH4h-IzbBQX8VNwTjx8Hng,"It's pretty neat and comes in handy. Also makes you look really fancy on a shoot lol. I know the bmpcc isn't made for stills but this app would be a LIFE SAVER if it could capture stills somehow to compensate for the very bad way the camera handles it. Some things I wish this app would improve on: 1. Prevent screen from sleeping option - If I had my phone to the person doing the slating and the phone keeps sleeping I have to keep unlocking the phone for them. I could turn off the sleep feature myself but this would be nice. 2. Can't stop the app from running in the background without going into the app settings and forcing it to stop 3. Option to take stills - Yes I know this camera wasn't made for stills but having this in the app would make up for the very bad way it's done in camera 4. UI - User interface is pretty rough, everything is grey and white, I often get lost in the app and the overall look is unappealing I still like this app very much, It's very useful but if something that worked just as well and was slightly more flashy came along it wouldn't take much for me to switch.",4,2,1.0.18,2019-12-24 09:37:13,"Travis you made my day.
1- I will look into the screen lock function. If it can be done, will do it
2- Is the app still running when u close it from the app setting?
3- Sorry :(, Stills is not made available by BMD in their Bluetooth protocol & hence, is not available in the app.
4- UI resembles BMD camera UI. Can u recommend a different UI design?",2019-12-26 23:27:55
gp:AOqpTOGWGAxWZ2p6cFQfa6c0agZI0nMrENLjueb9rXQ4AblMsQZjBTd391URMwAZBGrGJpkUDbljdOH3awKwioY,- Shaner,https://play-lh.googleusercontent.com/a-/AOh14GhaLFSXiHy6hBOYf633dXBikD0prDf_6ITi1NwSsg,better than the other apps available for control. has lots of settings. still can't adjust focus or format type. it just freezes on prores. very advanced options available if they all worked.,3,0,1.0.18,2019-12-04 18:20:38,"Hi Daniel, can you let us know the camera you are using. Please note that BM6K does not support focus on bluetooth yet. BMD is still trying to fix the issue. For other BM Cameras, the Focus control is entirely dependent on the camera itself. If the camera supports automatic focus control of lens, then app will do the same.",2019-12-17 20:50:36
gp:AOqpTOEUOUGdO0QxUGlTAn73AJae7ePML0b5RUyeZHVqDmSY6FLOwGcUVtrEmt7Ri42hrRsGwx3JxbJaaHobyF8,Tommy Turos,https://play-lh.googleusercontent.com/-Ut1pKb4CTL4/AAAAAAAAAAI/AAAAAAAAAAA/AMZuuckHUUawzlr2MJhAt-xuuFgnIR03QA/photo.jpg,So far works really good on my UMP. Just one question: Is focusing not supported on Ursa or i'm doing something wrong? I tried it with Sigma 18-35 and canon 50mm 1.8. Thanks,5,1,1.0.18,2019-11-25 04:55:37,"Lens support is limited by the camera; the app is a remote controller for the camera. If the camera supports control of len's autofocus, then you will also be able to control focus via app. Sorry, but i do not have the lists of af lenses supported by the ump camera.",2019-11-25 05:23:28
gp:AOqpTOGAy9dy1YKYbAv4xhn9GDajo1ZcqHFIk6kv67gt54G35geXapjh3e1QbBlSY7EqptYBbx0m4n_b-WwMziE,Sumayya Samreen,https://play-lh.googleusercontent.com/--S0xLxNYmPw/AAAAAAAAAAI/AAAAAAAAAAA/AMZuuck384oke8pXqC9kUsFoO5qvkLB3Pg/photo.jpg,A brilliantly made app to control my bmpcc 4k. With regular updates I don't have to follow up or remind the dev. Great job!,5,1,,2019-11-03 19:29:29,Thanks for your generous feedback. Please share it with your Blackmagician friends.,2019-11-04 09:12:56
gp:AOqpTOFJ4LQiIpNrwweaOAwmjhPQ6EGJk2WueYNt0eCyGSusvofX7gEzZMocCfI5G9lAPcTY_QL43JiBKN_SP2E,From The Ground Up Production,https://play-lh.googleusercontent.com/a-/AOh14GjIQ0ShumEYk7oD4Jyqa9EfAzPcZrNgfndAkb31dQ,Not worth the money doesn't connect waste of time,1,0,,2019-10-30 13:42:32,"Hi, will surely refund you for a bitter experience. Can you please email @ hi@sayeffect.com. If you want to give us a chance to help you troubleshoot, please DM to www.fb.com/sayEffect or mail @ hi@sayeffect.com. The App is used by thousands without issue. Please let us help trouble shoot.",2020-03-08 03:37:13
gp:AOqpTOEhCZtmftWhVj3-s-vcczgQpmQHT9PtlnjzuG2K82wMAG0BFREvr88PsMEbRg2YsGYVOTQGV_4_q6TKVbA,ANDREW CODD,https://play-lh.googleusercontent.com/a-/AOh14Gg01Qegfifi0TY3TujMy8qxLzTwuYfOaQSjy1018Tc,It's connected. But it doesn't register within the app as connected. Quite useless.,2,0,1.0.17,2019-10-30 04:40:54,"Hi Andrew, will surely refund you for a bitter experience. Can you please email @ hi@sayeffect.com. If you want to give us a chance to help you troubleshoot, please DM to www.fb.com/sayEffect or mail @ hi@sayeffect.com. The App is used by thousands without issue. Please let us help trouble shoot.",2020-03-08 03:41:28
gp:AOqpTOHjYysCa9Qp8M_5kEhM79_blKmizQgz4t7Oz5txLO9032Be_GA3Xy5Tu-0nXKxb9f2jb2N2-R2Md274QTM,James Reichert,https://play-lh.googleusercontent.com/-EvDLwcBZuwg/AAAAAAAAAAI/AAAAAAAAAAA/AMZuucl7pNxgVQeWPpEhjf6sBymE125pZQ/photo.jpg,fanatic,5,2,1.0.17,2019-10-29 21:50:07,"Thanx for your generous feedback. Please let us know, at your convenience, what you liked in the app, so that others who first visited can find it easier to make an informed decision. 

Rgd: Focus racking, we had originally planned it for Sat 10th May. But, because of unseen constraints we plan to release it on 20th May. - | DONE  14 May|",2019-05-14 07:16:08
gp:AOqpTOHnTtSrZmJ_YHFYa5GUeyUeYh7LKZ3H696wuDvA6Jmkxkv0KlGonPNFDKJ7gDk8K859j4bmyojBlCB7wjM,Ted Mercede,https://play-lh.googleusercontent.com/-WAo-fgh_fWQ/AAAAAAAAAAI/AAAAAAAAAAA/AMZuucmvuVWRwH9VEmcJix-sq78uuZGA1w/photo.jpg,"Fantastic app for use with your Blackmagic Pocket Cinema Camera 4K or 6K, I never shoot without it now. Bought a quality mount to hold my Galaxy S9+ to my 4K rig just so I can easily use the app with the camera at all times.",5,0,1.0.16,2019-10-29 05:10:22,Thanks for your generous feedback. Glad the app came to good use in your filmmaking. Please share it with your Blackmagician friends.,2019-10-29 09:44:29
gp:AOqpTOEb9WyDBZnBskIEti4czOzY5dmho-8U3dQzzh6Edal8IN_2OJSVBogq5nqVxihHS76biAEQiLOZrXEUTCk,André Rodrigues,https://play-lh.googleusercontent.com/a-/AOh14Giu700Nd1KPvngXYt9OUB3E1zrCOGHuJnwsmTUT6Q,Works like a charm and you can control every camera function.,5,0,1.0.17,2019-10-28 22:17:39,Thanks for your generous feedback. Please share it with your Blackmagician friends.,2019-10-29 09:44:38
gp:AOqpTOF476-P1IPTy68MFD4lY9kFHEckLO6uqMhuahrBUTRTl1hqP44zmDvTf9__TijvYCQMa1j8l3Ye-mHCRqM,Moostef Vosti,https://play-lh.googleusercontent.com/a-/AOh14Gh7w_pH686ePmw_cW6L0MHcw7aIyczsmNNv3FQp6g,My reason for buying was live view. You can imagine my shock! Can that be updated?,2,0,1.0.17,2019-10-28 21:23:44,"Sorry :(, Live video/feed is not possible as the communication between mobile and camera, as designed by BMD, is over Bluetooth. it does not support such bandwidth. If this is a deal breaker, kindly uninstall the app to get a refund.",2019-10-29 09:38:48
gp:AOqpTOHHGHIt39cvGUBxiiTAUbX_hBwFu-qXmWTc9peix4XweZoYoE3DvjlaTjlmGBSvD83PLSuRaCqwfKbgsCQ,Caleb Hoenshell,https://play-lh.googleusercontent.com/a-/AOh14GhLymIEs1W5dbKy9DoQoH-krXhJmt8e7JPUO--wYA,"Really great app! Needs an update to have all of the correct labels for the Blackmagic 6K, but I love the functionality!! You can change any setting and even run/stop the camera from your phone! That feature alone is one I've wanted for a long time. This will be great for my focus pullers to use so I don't have to worry about certain settings when operating the camera! The layout is nice and simple. It also connects in seconds which is invaluable. Very well done app.",5,8,1.0.17,2019-10-28 19:15:24,Thanks for your generous feedback. Please share it with your Blackmagician friends.,2019-10-29 10:21:44
gp:AOqpTOHqZ9UDiRsVntfwzYc3DAFpB6wjVgHxbjSuXuLjsiHpjRcvruQmtPw4HwtNKy6hJGAYHsx3CSYLXVE7A8w,Phil Hasanon,https://play-lh.googleusercontent.com/a-/AOh14Ggo3Rk8wsQmAZbJ2BOuooQHEOh7U_XDZIbT0qPA,"Fantastic app! Functions really well, interface is easy to understand and use, and even gives you more than you would get from the camera's actual interface! Best one available! Only suggestion I would have (unless the function is there, and I just didn't see it), are buttons that toggle false color, zebras, LUT, etc, much like the 3 Preset buttons on top of the camera...",5,1,1.0.17,2019-10-28 18:06:47,"Thanks for your generous feedback. Toggling zebra is not available but increasing/decreasing zebra level is present. False Color/LUTs is not made available by BMD in their Bluetooth protocol and hence, is not available in the app.",2019-10-29 10:23:23
gp:AOqpTOE05WTeTyPqCUu0Zf36D5D547Vrz8JOa1Hhk2GsQioVOfPB-1_YbR_eDcuRjOaDPEJgfybDeF-W2SxyxPQ,Tyler Puszkar,https://play-lh.googleusercontent.com/a-/AOh14Gg0u2xwIjMi3GXlf35FDxlrYOnVoT9SUkhp5IUXsg,"Everything works well so far. Some things seem to not work flawlessly but I think its just user error. One thing that I don't believe is included is the ability to take photo from the app. I know this is not a camera for taking photos and that they are the same quality as a still from the video, but it would be nice to have.",4,0,1.0.14,2019-09-27 22:08:28,"Thanks for your generous feedback. We are limited by what is designed by BMD regarding bluetooth controls. Taking still pics is not included by BMD in Bluetooth controls, so it is not possible to add it in the app. Regret inconvenience.",2019-10-06 03:13:49
gp:AOqpTOEUNnDHIfAs4Qo0nGeBceMGGoaycah1Wq0N6XNfBnzc5AxQ-sLxrfPWavBWC1ayWvZfP_HwSUAsMa92ChM,Bart Termorshuizen,https://play-lh.googleusercontent.com/-5rx1NUqbM7Y/AAAAAAAAAAI/AAAAAAAAAAA/AMZuuckZe5KVrN0k1ZdsKAH5VTeutj0CcQ/photo.jpg,"All works. One issue: the app keeps on running in the background - or at least a notification indicates that. Opening the app it is stuck on the bt connection dialogue as my camera is not where I am. So, how do I shut the app down without rebooting my phone?",4,0,1.0.14,2019-09-25 00:56:27,Thanks for your generous feedback. The bug that the app always works in background has been removed. The notification should go when a) close the app from our app settings b) swipe up and close the app in task manager in app. let us know if it helped or dm us on www.fb.com/sayeffect.,2019-10-06 03:12:18
gp:AOqpTOGU7fysHlrG6ss_VNcnINikZqTkfr7zrNCnABzOEJW8a7xeqzXWy3-2yEgZONRQgT2QjWZAkwIZoc4x3Ik,Calum Davies,https://play-lh.googleusercontent.com/a-/AOh14Gh7gJumKT1eM2YguRawM_BJN3ucGs9uYf33lUNDDCI,It worked but couldn't get focusing to work which is what I bought it for,1,2,,2019-09-14 13:44:13,"Hi Calum, will surely refund you for a bitter experience. Can you please email @ hi@sayeffect.com. If you want to give us a chance to help you troubleshoot, please DM to www.fb.com/sayEffect or mail @ hi@sayeffect.com. The App is used by thousands without issue. Please let us help trouble shoot.",2020-03-08 03:36:29
gp:AOqpTOHfzsjsQyOIgmNlGyMw-5ReVATrKdhFcoMG1CMFE6Ytc6m5QjM1sKK-5U1aCaOqN_fNf3UJhjQfyU722fI,N Smith,https://play-lh.googleusercontent.com/-640SZUzL66Y/AAAAAAAAAAI/AAAAAAAAAAA/AMZuucngCfQtOvqJjkNdo9Fi2Jjf9Dl5Gg/photo.jpg,Works as described. Good work.,5,0,1.0.14,2019-09-08 17:45:05,Thanks for your generous feedback. Please share it with your Blackmagician friends.,2019-09-10 05:54:52
gp:AOqpTOHNhj75xyIW1zXb5-xCh2XyTYrxzxD7oAufiMSNq8XN2pCGHftLDDcPWgY-mmHzB0PWmZtvV8xzqrYol5c,Matt Soriano,https://play-lh.googleusercontent.com/a-/AOh14Gj2rx1cKuNlKbBNRWELcNsFteCzEkREc5Y8H5rRPA,Works great!,5,0,1.0.14,2019-09-04 14:31:55,Thanks for your generous feedback. Please share it with your Blackmagician friends.,2019-09-06 22:56:45
gp:AOqpTOEhZmRO6Opum3hUy-zmzsVWeB_MGLjGUBnFxRYqzN4y_a2WiZwlsYAFcdTO1mLugXWZ7UCvB7yaNYVMRoo,Nik Drankoski,https://play-lh.googleusercontent.com/a-/AOh14GgR-g1Tjj1KGvB1wdtqMdFOp4L8Baz3P_CDEKA31w,"Paired with the new pocket 6k, but crashes at the end of the syncing process. Looks like a cool app though, would give it another shot when it gets sorted out.",1,0,,2019-09-03 13:00:29,"Hi Nik, will surely refund you for a bitter experience. Can you please email @ hi@sayeffect.com. If you want to give us a chance to help you troubleshoot, please DM to www.fb.com/sayEffect or mail @ hi@sayeffect.com. The App is used by thousands without issue. Please let us help trouble shoot.",2020-03-08 03:36:01
gp:AOqpTOH2bQgphWGZJRV3j3CM_QgtxjMURIIXkEs082UmL7Dj10uevsEAlEdn_tDD_AGYyrUOttOrifJURHsMozM,Ben Broens,https://play-lh.googleusercontent.com/a-/AOh14GgAwjW05BMDT1-BsiErxI1Mt-IOD_M5QLJl6Jum-Q,"Looks promising, could find my pocket 6k but crashed everytime on sync. Got refund so giving this as feedback",3,8,,2019-09-02 07:39:32,"Hi Ben, we have updated the app for the new firmware 6.6 and 6K. Kindly retry and let us know if u face any issues.

Things that cant be done in app for BMPCC 6K because BMD has not yet allowed the following in their Bluetooth Protocol:

1. Focus Control/Safe Area Control
2. Enabling Horizon
3. Magnified Preview Control
4. Add Custom Frame Guides",2019-10-30 04:42:54
gp:AOqpTOEuXJblvJQ5swZ1OKDSFj3Ih16lDBxLN-3cYzpG7hQQM2EfVpV0WVt2uHKHeh8MsqDdIEpv1h7rY8SndBc,Devan Scott,https://play-lh.googleusercontent.com/a-/AOh14GhqR4ergCbH_jzZVXYJUiIv4WK9K8bI27i6mRbNHg,Works well for the most part. I'd love it if there was a way to mix audio input levels: right now I can only manipulate speaker and headphone levels. A LUT selection/toggle function would also be much appreciated.,4,2,1.0.14,2019-08-22 20:35:33,Thanks for your generous feedback. Audio input levels and LUT controls are not possible as BMD has limited the commands and not included them in their bluetooth protocol.,2019-08-28 05:12:36
gp:AOqpTOE-ThkhkueWMDtpjIpfOGWzlr5cuqR7iFfIvxGy8AIxImT--41-QkuYyQavlvRXwTyLhKD22af0VAcHshw,Jonny Flash,https://play-lh.googleusercontent.com/a-/AOh14Gj5DHTml_q-PdEw1bLCHzsT-e1ZhRkUkYRknsmmfhw,Everything you could ever need from a control app for the camera. I was shocked to see how much more there was than the official app which iOS only.,5,0,1.0.11,2019-08-14 07:11:45,Thanks for your generous feedback We are glad you are glad. :),2019-08-21 01:11:47
gp:AOqpTOFJgVgoe5tGV9ljZyZSoYko01BemhZW-6p5T-cvSJ_h38ZAg6g2rtHhQmcN2EqdYjWjrYLJLgwL35d8bTs,Siamak Kosari,https://play-lh.googleusercontent.com/a-/AOh14GiS7TDOXRNmNVawObkluDbsnZXHOzyiF1L-gs0G7U4,works like it should. Couldn't find the custom settings programmable function buttons if that's possible?,5,0,,2019-08-08 17:38:01,"Thanks for your generous feedback. Custom Settings/Presets are not possible to include at this point, because BMD has not enable bulk command interaction via bluetooth (Though their documentations says otherwise).",2019-08-21 01:03:31
gp:AOqpTOGbJak-gRU3GxTuZTq6aWbr0f8cMFTtAJeIE3v4KdZFviLOXKBHEUFBUNJayX5DwlVRPzhP9_YET8gGBYM,Eddie White,https://play-lh.googleusercontent.com/a-/AOh14GiGofbREuPf8uQ6Ho65gWRivOza5luya64iY3cJYQ,"I updated my review because I got the app to work. This app has a lot of potential, however I recommend mentioning resetting the bluetooth app for others to see. I love this app and it does its job. However, I think there should be an option for shutter measurements and to change internal luts. Other than that everything is seamless. Thanks! :)",4,0,1.0.11,2019-08-02 21:35:25,"Thanks for your generous feedback. Luts cannot be changed because of limitation by bmd on the possible bluetooth commands. Regarding shutter, Can you elaborate on what you mean by shutter measurement. 

In the new update (1.0.16) we added option to measure shutter in 1 units. :)",2019-10-06 03:09:31
gp:AOqpTOHezVnrMwjRg1EMimIHibllobTn8_NY6giODzPukvRX0qwlHBiycrnH8T1iXSG_O3lkCl5l4q2YN3-aDa0,john thingy,https://play-lh.googleusercontent.com/a-/AOh14Gi9GM9InhQIQt_aVAyN-E5jjz7lHHgq6PqggkfW,not working damn how do i get my money back?,1,1,1.0.11,2019-07-31 20:56:04,"Hi John, will surely refund you for a bitter experience. Can you please email @ hi@sayeffect.com. If you want to give us a chance to help you troubleshoot, please DM to www.fb.com/sayEffect or mail @ hi@sayeffect.com. The App is used by thousands without issue. Please let us help trouble shoot.",2020-03-08 03:35:38
gp:AOqpTOGs3LlQVxxBEeGkzz1TsXTMf4gyyHmBdAm7y0ASVhowonTIU311Aiuq0XTIa4APw2SxV4bv2Jw_G7jq2WU,Philippe Chery,https://play-lh.googleusercontent.com/a-/AOh14GimdrKH3Gh5PbdC5CbyvlvN77B3sgnzHw-1UMWy,works like promised,5,0,1.0.11,2019-07-25 08:15:19,Thanks for your generous feedback. Please share the app with your BMPCC4K friends.,2019-07-27 15:15:41
gp:AOqpTOEgbCKDEm3aE8uTWRNPusgIrkWkhIEwNripFU3cGN9v1ilXlBqZyTwSeUFbxshwlcIHWvwQAa029bPjX_I,Scribner Creative,https://play-lh.googleusercontent.com/-vU_27UK3N5U/AAAAAAAAAAI/AAAAAAAAAAA/AMZuucniaDMEW_F_Btq0qFmH2gEtV-X8Pg/photo.jpg,"Took many tries to get bluetooth connected, but worth the wait. Great app. and very responsive support. thanks.",5,0,1.0.11,2019-06-18 20:33:20,"Thank you having faith in the app. Android Bluetooth is actually iffy, sometimes it helps to clear cache of bluetooth in Settings-&gt;Apps (select System Apps)-&gt;Bluetooth-&gt;Clear Cache. and then re-pair. Again - thank you for having faith in the app :). For any troubleshooting please DM us on www.fb.com/sayeffect.",2019-06-19 21:30:42
gp:AOqpTOHVQ0sqbPS7u11hHLeDGu1RG3oHVO_Lc67ts0p0Y6BDzgRKuW08ZYVisAogeukgv0YGmp3TJ3jIHT8saIw,Dennis Schmitz,https://play-lh.googleusercontent.com/a-/AOh14GgIk7RBN8-fqOkD1hLlX8VsOBkxbvjJATGVEfwV-Q,works great,5,0,1.0.11,2019-06-13 06:01:37,Thank you very much for your generous feedback. Please share the app with your bmpcc4k friends,2019-06-13 06:07:17
gp:AOqpTOFyO23SIDxFu7SkuAGqU8Z_FwQoehWJQWD30NA6vD5yqhTiacQqewecJV1BdKsaxAuHNQog4aofW0kZ1sE,Olivier G.Lacroix,https://play-lh.googleusercontent.com/-W-TWmA7TAdI/AAAAAAAAAAI/AAAAAAAAAAA/AMZuucnirG9RIsPg7BlEEppDwWII0HukKQ/photo.jpg,Amazing app !!! All that a remote camera control must have !! I have tested with my UMP and all functions works perfectly ! juste one thing... the app crash if the UMP is set at a resolution of 4.6K. Hope that little problem will be solved in future version :) Keep up the good work guys !!,5,0,1.0.10,2019-06-12 06:39:21,"The app was designed for the BMPCC4K, because we dint have a UMP to test it on. We guess that there would be three options to upgrade - Codec (may be UMP has more codecs), Resolution (UMP definitely has more resolutions) ISO levels (the 6.3 firmware docs says something about more ISO levels). dm us at www.fb.com/sayeffect to help us upgrade the app",2019-06-12 07:28:52
gp:AOqpTOFTXxjf4rruUdpsGDcUf6fa7eA03IVmg0TPD3lhrX3niIf1USqWKZwAdhGhVSXz3cRNxTFghg-mXq80Fms,Ryan Patrick,https://play-lh.googleusercontent.com/-aMX7ZnioB7E/AAAAAAAAAAI/AAAAAAAAAAA/AMZuuck97S-7D4_X8HPUNiUejoCYJEzu9Q/photo.jpg,"fabulous app. As is, I absolutely love it. I would like to see a aperature step mode implemented in addition to single 0.1 increments. I love the tiny increments, but once you get to 5.2 or so, I could really use more of a 1/5 incrementing for smooth light transition. my sony does 1/3 steps and its irritating to fix in post.",5,0,1.0.10,2019-06-10 08:34:23,"Glad you like it! :) Thank you very much for your generous feedback. Please share the app with your bmpcc4k friends.
Can you DM me at www.fb.com/sayeffect, i will understand the requirement better.",2019-06-10 13:13:48
gp:AOqpTOHQK20xLba_SiNUlfvuNbMrxHBVKFy5NogHoGGe1cZ65d0X0-Z15LglbAjfm2UN91bxuG91lw_crKISZu8,Caleb Hauff,https://play-lh.googleusercontent.com/a-/AOh14GgnXIDjIJU59bRgGCLoFTyHCa9jVff0z7mdJLr1KAk,"Amazing app, hands down down worth the $7!",5,0,1.0.10,2019-06-06 19:11:01,Thank you very much for your generous feedback. Please share the app with your bmpcc4k friends,2019-06-06 20:38:52
gp:AOqpTOGxVFDVCc76EfGG4maSn8HwAlHyVKEVHt8IF7O35PTasQqAOvh_vLdM4Hm4POQan4-Cp0sfEXJ4YYkduv4,Matt Pfingsten,https://play-lh.googleusercontent.com/a-/AOh14GgKXhbl3sSOlWnVCnWLkc2NwufHTWD-vh2_lqb45w,"this is definitely the best controller app bar none. can't wait to see it come to iPad as we bought the iPad for this purpose, not realizing how limited the available iOS apps were. is it possible to add letters to the scene number, i.e. scene 15A? you can do this on the camera itself but none of the apps allow this. can you control multiple cameras at the same time? At NAB 2018 BMD said you could edit slate data and start all cameras at during multicam shoots. no apps do this, though.",5,0,1.0.10,2019-06-06 16:54:25,"Thank you very much for your generous feedback. Oh! dint know about the slate. I will try adding it, but in mid-July, please bear as we have limited resources and are currently developing the IOS version. Regarding multiple cameras, it will be a very big change and yet to be tested. However will note and work on it 2-3 months down the line.",2019-06-06 20:46:31
gp:AOqpTOGxDNnfauC145wehcDDAx8sTYlTXut3GGcyc-ruWSxD7mqMFGohrNkI4xv26aguMjIV5qhsDiCHKmCekMc,Richard G,https://play-lh.googleusercontent.com/a-/AOh14GiBQ3qEKTi7yslvNMeDJWYipFgUFVDECoKbDi5okg,"Got the app to work. Very good. I like that, by looking at other reviewers you are improving the app. It would be good to have a custom button page where you can add functions you use the most. Also access to the presets on the camera would be good for fast changing of settings.",4,0,1.0.10,2019-06-05 15:51:28,"Great feedback, inline with what we thought about adding a Shoot Mode (a different page where you have record, focus, os, 2-3 customizable commands). We are focusing currently on ios development and are planning for Shoot Mode in July mid (due to limited resources). Presets cannot be accessed - limitation of bluetooth protocol by BMD, sorry :(",2019-06-06 02:39:13
gp:AOqpTOF8euWa4KFzycfuCuKfRE5tmmlHckrVc9Gcy3Obvg2MHRlQqHsyYuICIuXe9IBdf4iVV2mwnvSzRY9EO6g,Dwight Farmer,https://play-lh.googleusercontent.com/a-/AOh14GjlPNf-KZMaIiVjvjmqMfZjfploM0w9trEviJFe,"UPDATED: After further testing, if our UMP is on at the same time, this app will not connect to the pocket 4K, even if the Ursa mini pro is not paired with my phone. I'm not trying to connect them both to the app at the same time, the UMP Bluetooth cannot even be on. Also the app will not shut off unless I go into phone settings and force stop. Without the UMP Bluetooth being on, it works great! So if you don't have another camera using Bluetooth, you should be fine. I need both + separate apps",4,5,1.0.10,2019-06-04 12:58:38,"Regret the inconvenience caused, however the issue might be with the mobile's Bluetooth cache. Can u please dm us at www.fb.com/sayeffect, we will help you trouble shoot and get it working. The pairing is only a 1 time process, and then you can use the app on your accord. If it is a persistent problem, we will refund, so that u are not at a loss :)",2019-06-04 01:44:38
gp:AOqpTOGSpUJxq__kC3adY4sT16h8fzzy0kcFUjIP9j-OLEPhLdNuQJfigq7DawTIsQ4Q3BZqHyAjX5l7Qz-guT4,Tom Antos,https://play-lh.googleusercontent.com/a-/AOh14Ggdvq4KI2eJ-AOpEdxK8ICULxz9Q32JfSQGzXkIUdo,Had to try this app since the BMPCC4K is my favorite camera right now. Im loving the app so far. Great job on the functionality as well as the layout and look of it. Works smoothly on my galgaxy s8 phone. For future updates it would be nice to be able to set more than 2 focus points and also adjust the speed of rack focusing between the points.,5,33,1.0.10,2019-05-31 20:28:27,"Overwhelmed !!! You are a Super star !!! Thank You for your generous feedback. Will rework on the UI/UX for Focus, because many users would like a better approach to it. However, Please wait till July-mid because we are currently making an IOS version and are constrained by resources.",2019-06-01 03:31:09
gp:AOqpTOGaiqmvo6JYK7T-ypnH35kRXGlUkl8ExJvPfKN-ot2f7E6d-uGN-DOwILZoNdPdswUlRcUAf5uunEOUhgM,Scott Butler,https://play-lh.googleusercontent.com/a-/AOh14Gh_X4D-28Arb4jVKd4pxDN1qYompb_E4ZnHJ9wJVg,"Love this app! The play last clip is super useful. Is there any way to be able to scrub along the last clip, for example you have a few takes on that clip and want to scrub to one later on?",5,0,1.0.10,2019-05-31 11:28:22,"Thank you very much for your generous feedback. The play last clip was iffy in Bluetooth (BT) response by the camera firmware, but we hacked whatever we could. There is no possibility in BT response to scrub video. We have asked BMD to enable next & previous clip and waiting for their response. Meanwhile, pls share the app with ur bmpcc4k friends.",2019-05-31 12:13:32
gp:AOqpTOE0ovdLBapo6BFnuy8q_ApxBMOTIU8RyxImkY-ADG2cXlc0w0GGmZ3VugcpLiZS4-qG1yPr5oO7IolGY74,Prasanth Ankireddy,https://play-lh.googleusercontent.com/a-/AOh14GhLi1k2YsTOJVQN3yQGr79wu_C7DvF9vqMs-Wjamw,Great app....Great design...Best app for BMPCC4K....the company is very responsive....loved it,5,0,1.0.9,2019-05-28 01:13:13,Thank you very much for your generous feedback. Please share the app with your bmpcc4k friends.,2019-05-28 03:10:48
gp:AOqpTOET2HJF_oQwggjarVe90kiosR1wvpSTSo7PusxPD6p6wZOLKgUTOegHa1MPBGkZLiL3yc76N0PvW6_On7Q,Alex Moreán,https://play-lh.googleusercontent.com/a-/AOh14GjG43IIXbGrntan3wFcD3MHkWBrCmTwEYIoJlNGRA,Just flawless.,5,1,1.0.7,2019-05-18 03:08:40,"Two words we always love to hear. Thank You for your generous feedback. Please share the app with your bmpcc4k friends. Please also let us know in your review, what you like in the app, so that others can make an informed decision.",2019-05-18 03:48:07
gp:AOqpTOEiu0M9fKxin7yfkCf9MkxTPNPkps2m4UdJHEBoGq_4vER7aYbXwvhgTYMVdhnma39fMQl7qjyywLFgC4M,darren scott,https://play-lh.googleusercontent.com/a-/AOh14GjVPVGEq9Yo44F27zD41e2MKaOC590WOTD2gMf-_g,Love the app so far. I just downloaded it and so far first impressions are really good. By far the Best lay out I've seen and best I've user experience of any app I've used to date for the pocket 4k. I would really like if you made a similar app for the Ursa mini Pro!,5,4,1.0.7,2019-05-17 16:28:08,"Thank you for such generous feedback. We do not have an UMP to test our app on, else we would have made one for UMP as well. Sorry for the wait.",2019-05-18 03:46:13
gp:AOqpTOHoUiNC2dI1TjlCTx3K1x2Lj43DJ80cHytwB01T1y2GPhr9-hsas6YdRTPFao-QPMolWEqtjcWLoCsLjys,Jean-Gabriel Morin,https://play-lh.googleusercontent.com/a-/AOh14Gh9yKF7sOuZIg-WI-4ymvVlzpFGSJTwkA3sxh8Nw_Q,"Very nice it is working extremely smooth on my pixel 3XL. The only complaint I could make is that the layout arrangement is not perfect, but all the UI looks exactly like the bmpcc4k menu theme this is fantastic!!!",5,3,1.0.7,2019-05-14 07:54:55,"Thanks you very much for your feedback. Please dm us on fb (www.facebook.com/sayeffect) and share your screen shot of the layout arrangement, it might help us make your experience better.",2019-05-14 12:08:16
gp:AOqpTOHVSoPzLidFBgUK6s0C7kg77ww33rW0NuHXpOsFXFy7Gu7I8YN-EItL-b322xSoEKbEisD3o6U7NQmqG0k,Praveen Kumar,https://play-lh.googleusercontent.com/-fAJp57RQPi4/AAAAAAAAAAI/AAAAAAAAAAA/AMZuuclaaSfc0W-NRWn0MdwHyYuCgeIM-A/photo.jpg,thanks for make this app really nice.. best app ever,5,1,1.0.6,2019-05-14 02:51:09,Thank you very much. Please share the app with your bmpcc4k friends.,2019-05-14 07:06:39
gp:AOqpTOE9UOkq24so3ZdoMz6k-CVizpuXpscLb4V87LWC-b2_NE0lqNmqicj8Do0hG2SWZIOreGxxFp-ogsYKYDA,Angelo Pascuzzi,https://play-lh.googleusercontent.com/a-/AOh14Ggvi7--ntRYW86YFtnLxAaUOMEkG0L-9TSQeqI0Vg,"Amazing app, it's nice to see one with the camera's own interface. The interface design makes it as easy as the real interface of the camera to navigate the various settings. Rack focus is great, can set even the smallest increments as needed. The company is also nice enough to accept suggestion and that alone makes it one of the greatest apps I have ever tried!",5,16,1.0.6,2019-05-13 18:15:37,"Thanx for your generous feedback :)
1. Rack focus is rescheduled for May  20th - | DONE  14 May|
2. Will work on focus slider, pls dm at fb - | DONE  14 May|
3. Change btw prores & Braw gets stuck - That is a BM firmware issue, we tried hard but sometimes the only solution is to change manually (for the first time) then the firmware responds well",2019-05-14 07:16:33
gp:AOqpTOFgUDLCoXviEIXhqDRyIBnDbO2_QIASd2THwQFDrM2JHh7ie9gKh9G1w3dM1vg8bXrwc0SxdlA-bFINpio,Tim Roijers,https://play-lh.googleusercontent.com/a-/AOh14GjS-ds6uTACv2BLpOgxfjDJwMPHdgXDtmpti3yJOQ,Very happy with this app and the price is a bargain.,5,1,1.0.4,2019-05-13 05:49:37,Thanx for your generous feedback. Please share the app with your friends using BMPCC4K.,2019-05-13 05:53:59
gp:AOqpTOHiX2Gfxzo2xN59Y8gb7BQlXNoMbmSed0vuLPi0djJ7JgOkB-10AZeaUXh3ODfAVEXBqpXlvr6TvdJypoo,Daniel Johnson,https://play-lh.googleusercontent.com/a-/AOh14GhsT16205kAA6oiwifo6Dd6NRfm806LP691qyAL-w,This the best layout I have ever seen in a camera app.   Good job!,5,1,1.0.4,2019-05-12 13:34:00,Thanx for your generous feedback. Please share the app with your friends using BMPCC4K.,2019-05-13 05:53:53
gp:AOqpTOFBjp0LtTCJLSq2l5lMDJSrHHBSWSCGoVBqPYCxdJkkfgWMR2EubYIN1UUUfCBAPUomDtl9Wsx6PXMhaQQ,Di Mattie,https://play-lh.googleusercontent.com/a-/AOh14GjshiPK4ojYrqWE-dUqdy_vE-qfTJNI-DEflQECFw,definitely the best app for the bmp4k well done,5,1,1.0.4,2019-05-11 06:51:45,Thanx for your generous feedback. Please share the app with your friends using BMPCC4K.,2019-05-12 07:10:13
gp:AOqpTOGXNRusHOUrAMykQZMwyJPN40WBjZwsbDZ9_CrciU6nE5ohUAoFWQJ4hyEVBaegYwfbRpByofUdNTNmfis,Jocelyn Deguise,https://play-lh.googleusercontent.com/a-/AOh14GjxY-4Og8lDR4ddhRmG557fm1PEjltcn7JDsVPN,Very useful in many shooting situations. Setup is fast and easy and the flexibility it affords at that price is hard to beat.,5,1,1.0.4,2019-05-07 06:54:29,Thanx for your generous feedback :),2019-05-07 11:03:44
gp:AOqpTOHR2rhtpaJB7hv-QsEaahY3DgZA4AOnlTxeUvMUD4IFsleCr2YZ-zXTafu_ACKsTIGLwkjaljciu9Ic8bk,Joshua O'Driscoll,https://play-lh.googleusercontent.com/a-/AOh14GhpIHaodMu_6BLdMUkSwRIDS7c491uGCke2fVljyg,"First impressions are awesome, app responds really well and is easy to setup. Will be very handy if the camera is in hard to reach places.",5,2,1.0.3,2019-05-05 02:15:14,Thanx for your generous feedback,2019-05-05 02:41:51
gp:AOqpTOHWZbndrLSxNZrPk_PQ36WjgZTywJIHoraz-1EIrIu4yAf8O-AY2WTNS5Ipgg6J3v2WP5tAbYCi0-czfKA,Numan Khan,https://play-lh.googleusercontent.com/a-/AOh14GhzJolLcQaxZaj6d8k9sTLUi7bnC4MxCAU9Pkd-BuI,"Mr. Developer It is fantastic ! Good job. I tried all the apps on play store to manage my BMPCC4K, this perfectly fits the bill. it should have gone huge by now. My two cents - ""Concentrate on Marketing the app"". Also, thank you for responding immediately to my email.",5,2,1.0.1,2019-05-03 01:36:20,Thanx for your generous feedback. Please share the app with your friends using BMPCC4K.,2019-05-03 01:39:20
