reviewId,userName,userImage,content,score,thumbsUpCount,reviewCreatedVersion,at,replyContent,repliedAt
gp:AOqpTOGVlbOTtZk9L9D4M1vHN1bJ8FJO-Her25GtdvodAeOYwWMjIumRuGMM2XqF1jWQH7_iRCLBx0SkHpMw,Frank Rickard,https://play-lh.googleusercontent.com/-BxHmjUEJQis/AAAAAAAAAAI/AAAAAAAAAAA/AMZuucnx7f93iQxXZaE4e5krDEDCTtgUUg/photo.jpg,I've have always enjoyed the dragon warrior and the dragon quest series dragon quest VI is no different ty for bringing them for cell phones now how about dragon warrior VII lol.,5,0,1.1.0,2021-01-21 17:57:34,,
gp:AOqpTOHEl2CI0CH3LSAifkkRgIxRboHxRLKwUCsmWThypv95hdhIfpGlu1YgiJ5-B7WlPnqsXkJqVZMUhAN9,Iván Gil Ibañez,https://play-lh.googleusercontent.com/a-/AOh14Giz-cRtn6a8t6_ZJ0V3M3LMCpsshRliu3pOhl-P_6c,"Simply amazing. It has become my favorite game in the Zenithia Trilogy, as well as one of my favorite 1990s JRPGs. It may not be the most ""narrative"" of the DQ games, but all of the little stories and the lore are more than great. The graphics, music & gameplay are all superb, and it is ultimately an epic, satisfying and highly adventurous experience!",5,4,1.1.0,2020-12-23 19:00:24,,
gp:AOqpTOHkjh4VIO1Qvklshpqh3AF_eQ7iqrKnT8bIexKD0cH1nXHwZLCQChODKWZJZn4Qy9JSY3rSWZ3DC4Q5,Michael M,https://play-lh.googleusercontent.com/-R7FiDIXHs5s/AAAAAAAAAAI/AAAAAAAAAAA/AMZuuclIRtFLO4wHdPPhGGIz7i_0hYmmhA/photo.jpg,"December 23 2020 the cloud saves stopped working! ive had trouble, before, with hiccups between Dragon Quest games, Google Play Games (it's not logging into ANY Dragon Quest Games, right now), and Google Drive, but usually I am able to fiddle with it and get it working, but right now I cant remember how, and clearing cache, restarting, of the apps and devices, isnt working!!! Dont let a PERFECT game be marred, by this, PLEASE collaborate with Google to restore functionality of the cloud saves!!",5,9,1.1.0,2020-12-22 08:06:15,,
gp:AOqpTOGBFYDY4spXD274JQcpc0RbGC_tUe2fDo6R8XpWoyHhoJeRPB_Ibm_fPpgXs6Ngwb52_jcWGRL1RnPj,Thomas Bittner,https://play-lh.googleusercontent.com/-FpT473lUv_U/AAAAAAAAAAI/AAAAAAAAAAA/AMZuuclIXc6LJ8wLUdkY4xFolzxzstLIzA/photo.jpg,Does NOT work full screen on tablets.....why do they lie ? Is this app owned by DJT .,1,0,1.1.0,2020-12-09 21:10:00,,
gp:AOqpTOFLn2nCqKuuOcE_Ndf_XGUMtPETOUy1ybOPw3A4WxdPjBPQBLC5WKXT0hcFGLvJTutPf4Lvp0IQpcNj,Jukebox Johnson,https://play-lh.googleusercontent.com/a-/AOh14GgdeM_km_SZnLv_idBdBXmY53Br7fEk0u3HY3sX8Q,A little scatterbrained plot but lots of fun stuff. Graphics lovely to look at while playing. Great music.,5,10,,2020-11-03 19:00:45,,
gp:AOqpTOGPebjrcOYGo15JuOMX_P_iw-duBoUMvw3MuGqP1gBA7UBzlVFTw-jlfqHIBaf06YerOuaiQgL4l4l5,Charles Fussell,https://play-lh.googleusercontent.com/a-/AOh14GhUt5raP7Scxy3TuA8EUomYEysUOBuQ2r85qwgYA3E,Starts out slow and he's playing it all the way but hope it gets better like the fifth one,5,0,1.1.0,2020-09-03 00:24:36,,
gp:AOqpTOH8HES85ixGu-0LF0FOrh32OFHo3BVrfqNZGxv3haB-7HEgdTWYoaPkNtSEKZuVNczp7FpgUZs7TDSp,David Killian,https://play-lh.googleusercontent.com/-JD8yD6pFkaI/AAAAAAAAAAI/AAAAAAAAAAA/AMZuucknRPDmqEcUqK4Ril43SyoQYRCKcw/photo.jpg,You would think that with all the promissions that cloud needs it would be able to transfer my saves from an old device to new one but you would be wrong,1,2,1.1.0,2020-08-14 18:47:20,,
gp:AOqpTOErJ0qDwDJ_-sWO1igRfmnUZBccdsg3V4cx29_0xVVZwaB91SporbxGGgYW4BBI7WWniD_6VGvP4KsT,pokeman pokema,https://play-lh.googleusercontent.com/a-/AOh14GiSZX-zYz-o5-1Cd_JYjGTMYH63a7qc0yOhRGOV,Its not the best dq game but i still like it,4,0,1.1.0,2020-08-12 02:40:42,,
gp:AOqpTOGddBR6GNFZ_ZL3ImKsfAxkBULzQsi9mLvQVLjFeJowUfmuyWumgea9ACJgAaw8eZGPyDbZk82-YWI0,Yeo Hai Soon,https://play-lh.googleusercontent.com/-xWxQI2IBcCM/AAAAAAAAAAI/AAAAAAAAAAA/AMZuucm7gTUPs1vsLbzJ1ZwFMWDeai7v-A/photo.jpg,Love the dq series. Hoping to get some dq monsters...,5,0,1.1.0,2020-08-09 05:59:36,,
gp:AOqpTOH_CCDJVcn0UJqABmSPnvIRsscpOEnYmZf0KFkmNW0pQ3e7KMEWDj0yxiCJmWSgmaKMxFZ_Kwl9ODpk,Varian Eng,https://play-lh.googleusercontent.com/-QvXdvGZgE3o/AAAAAAAAAAI/AAAAAAAAAAA/AMZuuclfEYc5jNr1vkFbyjYA2U7nJn6riQ/photo.jpg,"Great grind and leveling system. The controls are good, and I personally found them better than Chronotrigger. Though not as polished (plot and graphic wise) as later editions, it is definitely worth the play of you love old school JRPGs.",4,13,1.1.0,2020-08-01 07:19:35,,
gp:AOqpTOFAG5Fvy85NSQ-21PkwrCWtfbmKfC9tzfcWOmyUYtfvkHKdzpOXlX7xwOhpPJPOnj-L1D0PtE4pq5Wc,Harold Lyles,https://play-lh.googleusercontent.com/a-/AOh14Gh0JUrvwAs_0B0t0gbAcEQL80133b8W2-W_1y3u,Love it,5,0,1.1.0,2020-07-07 11:42:50,,
gp:AOqpTOFZGMuq_VSri4fma5h_dtVCZ6LQDFyapkveUnaEaefFZpCknMd5ydU7c9IFZKnNP6vM18T529MhKLXo,Dorothy Peterson,https://play-lh.googleusercontent.com/-MSyiQlKFruQ/AAAAAAAAAAI/AAAAAAAAAAA/AMZuucn0EThriqQWkvfiuq-FVi32SD52ZQ/photo.jpg,"YEAH!!!!! BUT, ""WHERE'S: DRAGON QUEST XI""? COME ON NOW!!!!!!!!!!!;",5,0,1.0.4,2020-06-09 20:30:11,,
gp:AOqpTOENHKvbLxVtzSAdmuig2KrOaI0shZBuBTUKQz03fKQzrJVW9hf9U--gN7lqCdrTP0gZouB4qyxBA59s,Franck Jaït,https://play-lh.googleusercontent.com/a-/AOh14Gg7He_GdJ-1y3qujNzn-G_IxSI0V3mDOTzrxZRzfw,"Horrible imprecise controls, no controller support, unfriendly UI, unhelpful world map, meh graphics and terrible pixelated font face. That's what you get for 17€. Nothing new though, that's usually the case with every Square Enix mobile port. Do yourself a favor and save your money for something else. Uninstalled after 2 hours struggling with that thing.",1,24,,2020-05-24 10:45:02,,
gp:AOqpTOHohQjw_-0V9VIuy4dq5z-diCC6L3NxszPpMQ0wD9Zu5-YFemBynG_3TDP23_UXR5_L69Ym-aBq7jgR,Arin Elliott,https://play-lh.googleusercontent.com/a-/AOh14GiU86mOWyaIJzA9CIE72LRyujm4yUmd0ADiND1ujg,Pretty good port still playing the game so far I'm not even finished it that's why I get to five star,5,2,1.1.0,2020-04-22 09:59:56,,
gp:AOqpTOEtZ0ABDIhkB1uAlLy0dzFd56HHdRyK-ZA_eZ5p0g79EWKJx-DOAzwykcKC8ajbdZ_q2_sGebd1GJWX,Kevin C.,https://play-lh.googleusercontent.com/a-/AOh14GgZhDigNxkWvgfb4iqN3IDdMvyZjO_AR-jTGDxg,Worth every penny. Just wish this had trophy achievements. The cloud save is one if the features i love about this port. I wont have to worry about starting over when getting a new phone.,5,16,1.1.0,2020-04-14 07:00:00,,
gp:AOqpTOFEcyZ6qRY1egjUvEXvreiYnHbJMp2uC0eWQI1A1ceF73i72t58bpIeM1Zko5yU3uylV9nPyWxcMlvf,Xakk Mckloud,https://play-lh.googleusercontent.com/a-/AOh14GhZl1wdYXw7WGKzYGvZoRTIZHoThdcnGfjSMlk1NOc,"I love dragon quest, but I don't love square taking the credit....shame on you square! SOFT",5,4,1.1.0,2020-03-24 15:49:00,,
gp:AOqpTOFTWwORJarIifrXLwF-DN1meSprOK1AFIGwlbLac8HM2QfNarO-9S9guH-LLMrHA_qiNGqVyBcK0_m5,Sharon Pribble,https://play-lh.googleusercontent.com/a-/AOh14Gg34s1_gSW43ZEHv9pMnB17G1B-lBl_8Fp85vCIZZY,Good game.,4,0,1.1.0,2020-03-20 15:55:37,,
gp:AOqpTOEMYwrJggHJT3rTouHAJvUOsZ7YTD0vzUBgTu1h7w8e5haUUZD0B4hdyd8jQeJMYhnCDCqmWQnz6QGT,Jacob Wismer,https://play-lh.googleusercontent.com/a-/AOh14Gipcok08VjhjoJuw1MF-lDC6fwVcA_8YNIj4UIi,"A full, 40+ hour RPG for $15 is well worth it. It might be on the lower end of the Dragon Quest line up, but that still puts it way ahead of most RPGs. The phone interface may be a bit awkward at first, but after hiding the directional pad in the settings I eventually stopped noticing it. Only docking one start because this version of Dragon Quest has possibly the worst casino in the series - in other games you can bet large amounts of money and keep reloading until you get a big payout, so it only takes a little while to get the high-end prizes. In this one the betting cap is so low it's excruciating. Still, minor quibble for a huge game!",4,33,1.1.0,2020-03-06 07:16:06,,
gp:AOqpTOGLWWvRxrb2djy3nQjwX_lMqf38Mm2XdbcgMiffNYHJkaEAMEf_9_liZLKJkHi0Gajz6npU3pwzHsrU,Tim Gilbertson,https://play-lh.googleusercontent.com/-hIeRLW9INmI/AAAAAAAAAAI/AAAAAAAAAAA/AMZuucmD_7OO2sYraKY-N5vz__lwPA8sDQ/photo.jpg,Great game. The slime minigame literally takes 3 stars away. It's that bad.,2,1,1.1.0,2020-02-22 19:07:08,,
gp:AOqpTOGP6k9cAX1L481nH9lqs8mPlmPHUKkTGi1sMDy-oDXNu4iy3qu2Z8mMHSumZ3mSF4l-hRVxfU2K1n3e,Ben Warner,https://play-lh.googleusercontent.com/a-/AOh14GjOk9bIMNcWdf18TnFSD4lV1Gf7bUg8hemBesMpMOw,Cloud saves function doesn't work. It just sets on a black screen with a spinning circle in the top left corner,4,9,1.1.0,2020-02-17 12:19:01,,
gp:AOqpTOEQjiRpyJ3wxJMyDSrmMR3oVhC-B2DwGuI7JzB9Fri90BDDpiEdIpTQxHAC-qyAPMOsE5isg3eLoPBz,Adam Valdez,https://play-lh.googleusercontent.com/-OIQrQTKrguY/AAAAAAAAAAI/AAAAAAAAAAA/AMZuucmN5Nsq2VcgmWyGj-OHqwM84Af9_w/photo.jpg,A good game of the series but the secret boss is different having to be lol 65 or greater to beat him and if you want the true/real ending you'll have to beat him in 20 turns and fight another boss after him,4,16,1.1.0,2020-02-10 16:07:16,,
gp:AOqpTOGx7lbkpoAboaEJAcvjgwC820ZjWgL-S0XzFUESEZUCvPo7w8sk8bePQW-YYrBcTPqcQ4SMOkJ3NO_g,Nycolas Tinsley,https://play-lh.googleusercontent.com/a-/AOh14Gg_FoePQPp3eHlXep9Jv1zTz1KnJw803sHbjH1q_w,Great game,5,0,,2020-01-23 17:25:00,,
gp:AOqpTOHQ7mmlttiDjMAosYrvrZo98GFhbWR2PU4YZECjxasDy59XdAtHMGFOFz1HjfFHsSoK2KFxqq8Ai7Rf,Jacob Gaddy,https://play-lh.googleusercontent.com/a-/AOh14GhALo6qeDXNC0U4LEunW9aX2uG3-IQ9afd0dqR-Vw,Awsome!!!,5,1,1.0.4,2020-01-08 03:48:29,,
gp:AOqpTOGza_P0UqkTEIK87XG_b0_3WEcEHIaCdgZs41jEQVEsdYjjS6xmAFImCk0u9BXQ65wJQj0sVTQJTVSW,Bobby Mcclery,https://play-lh.googleusercontent.com/-P9rK1HdEKjY/AAAAAAAAAAI/AAAAAAAAAAA/AMZuucmGqTBpCBafWTTpVegZRW8G9nGwlw/photo.jpg,Really good game and glad to play it agin but when moving around i get a really bad slowdown for a few seconds randomly.,3,12,1.1.0,2019-12-27 13:54:17,,
gp:AOqpTOHCp_BtexLC03Td4rwURioaD3XfVDneDflJBGAV3jc0Ye2cQSuqkZNwThndCun95S_dQWv9mV5i1Urk,Jerry Sheller,https://play-lh.googleusercontent.com/a-/AOh14Ggv-mhtNDTgCbISKKS88TqU7ApioXIvyr7yqmds,It has a weaker story compared to the others in the zenithian trilogy but the gameplay is still great.,5,11,1.1.0,2019-12-22 21:50:56,,
gp:AOqpTOG-CG-FgZxWr0hvDgx1sqUNfrGZkz5B7EzsLk3_rDUBjP4_W3lt0JUwWmcGqzGIN28e7R4vjLyGkKzE,Timothy Wagner,https://play-lh.googleusercontent.com/-RFc9miRm77w/AAAAAAAAAAI/AAAAAAAAAAA/AMZuucmybCV5FM7mva6MARTOxYz7QWPi4w/photo.jpg,We need controller support.,4,2,1.0.4,2019-12-21 18:53:38,,
gp:AOqpTOHqz3tx5LjMtHQ3RAopKn-911XRBW_QVy_oE7iT8-nSdXaKtvfv7dB-FVEHYfGZ4sopN10VA8_9AeKx,Brian Dominas,https://play-lh.googleusercontent.com/-061sO3bPuio/AAAAAAAAAAI/AAAAAAAAAAA/AMZuuckDyl6KbCj_0uTSb88UjMBT4EgQ1w/photo.jpg,"Loved it ,played this a while back very nice game, e",5,0,,2019-11-04 12:37:54,,
gp:AOqpTOEZMy8w6d0iO0ohbMy_9yzRpkYOoFDxFKJlPv--4ajNv9jHY-vvrkmknaAg7b77fW7atybWjRaFPtFI,Blake G,https://play-lh.googleusercontent.com/a-/AOh14GhzbsYTHlkSWj_2ATCuEAlhoUK-N_OiKwlFxlEM,Took away monster taming and replaced with a few slimes.,2,4,1.0.4,2019-10-28 10:15:35,,
gp:AOqpTOEVcA9uKjUSymd-cUOv7t9vdejYOHyOK_PWXIxCTVDt_1hqnCVB1zC4zwwTDUyuT1gZx3t7cf0xXNc3,jen noob,https://play-lh.googleusercontent.com/a-/AOh14GipuETqdwgkkOa-VdhtGFvrzBw10-VXJmiJpVEpCA,Its a very good game i say better then the 3ds with mucic i dont like that i have to start over its a good game and a time killer,5,2,1.0.4,2019-10-11 06:33:19,,
gp:AOqpTOFj78h1xmqtSc4Ey5VGCwhThkiMCKID6NA7nIxMdt0ge6aXd4znlr3Ws0lkp3rnbeSbpbTgNjU5IQ--,Stephan Kleffel,https://play-lh.googleusercontent.com/-P40OMdFS3Ug/AAAAAAAAAAI/AAAAAAAAAAA/AMZuuclypSyV3SRkGaqp5IEXVvvN4w6gGw/photo.jpg,"Game is not working. Try to open and it always continues to say ""keep checking licence""",1,7,1.0.4,2019-09-30 03:32:09,,
gp:AOqpTOHB_sH8r5KvqU6GZy4Cs2kquzEHwo4c-wM7lnqD_A4X0cp3_PJKfQgF3cxiiK7MHpjfqSAlRbyzu-vj,Aeon Akechi,https://play-lh.googleusercontent.com/a-/AOh14Gj9ST4sJjnhzsIPAg-38AeqY1VNzZJVtaHGznwU,"A very fun RPG, with a robust job system if you're into that.",5,13,1.0.4,2019-08-28 20:20:15,,
gp:AOqpTOEn0arGztnuq-QQOy4XgNjgFc-7XEYJQguVPK5PwyXlTSIIRhGKyyF0UR7lpHPCyTPda044BpkZLrmi,Ali Aozz,https://play-lh.googleusercontent.com/a-/AOh14GiPbJuX4Zq8CLyTekUu5xVd-V1W2NNovqMkntdI5Q,i love dragon quest so much i played 1 - 6 until now and really want to play 7 please release 7 in the west !!,5,6,,2019-08-16 05:27:36,,
gp:AOqpTOHDzZzT2ScuSjNnUxoizPHrCx0vNrv2KTt3ihR7IC2exXK55y8mOfsgRCOuBNXwDKvCUVO49fBuC4va,David Hanf,https://play-lh.googleusercontent.com/a-/AOh14GgAZKWHJtARMFHYyZDvZIOkeCOhBnJQsXHfr9HVWg,good game,4,0,1.0.4,2019-08-01 05:44:23,,
gp:AOqpTOFVP5FqXq6jpK7YoDqUlHtw_mDsizvXJOYoxEuKtxp4AQPAY0mjcjRdzrYBihU4UcY2S1ivN68bK7ex,Sean Madigan,https://play-lh.googleusercontent.com/-huCfYLtE10A/AAAAAAAAAAI/AAAAAAAAAAA/AMZuucmp6AdrIR7U3BauLoxSQl_AFKejNg/photo.jpg,Underrated. Weirder than I expected. It's fun to find random caves and wells. The story was pretty original.,5,22,1.0.4,2019-06-27 18:11:21,,
gp:AOqpTOEAQXhCPLD7i2oYqO3XaBwcoJJqkeGkBb-mqFUtReWMKBz9yQWKj8M5-Vf-mi39z1LcipvVEFemhjSJ,A Google user,https://play-lh.googleusercontent.com/EGemoI2NTXmTsBVtJqk8jxF9rh8ApRWfsIMQSt2uE4OcpQqbFu7f7NbTK05lx80nuSijCz7sc3a277R67g,A good game.,5,3,1.0.4,2019-06-19 20:35:06,,
gp:AOqpTOF5sZkzurtKYQkLsF0cQQ-09KaTNmCH29PNYG7XY81WG0xdWl7QyFCALt5PmpEPPji0iswQqrjd1hed,Minecraft Dummy,https://play-lh.googleusercontent.com/a-/AOh14GhKtEcVKVlK_yukHlP3YZhGYVeqRSyayh08fiPV,Grinding is easier here compared to the DS.,4,1,1.0.4,2019-06-05 05:50:53,,
gp:AOqpTOH6B79PC7yjOsNtOn0qQv4sOgHiFjbcalh5SCY4LiP447uhJUxMnXWgSwMJHb-WgTL4rnXA7opCKZRv,Zak Andrews,https://play-lh.googleusercontent.com/-JYAxfGIcJSg/AAAAAAAAAAI/AAAAAAAAAAA/AMZuuck3CtzJO4Zz1GB1y-flLWgKBExr8g/photo.jpg,good game!,5,2,,2019-04-05 11:02:39,,
gp:AOqpTOEbRe90orXaTcrXum8zv-FkWrlqssqyrc9IFVOGrMSYCFIz4iSPj_cbv58Yt1XYr2NatfuJNh1pKd7U,OctalTrash,https://play-lh.googleusercontent.com/-Uz63Mp6O53I/AAAAAAAAAAI/AAAAAAAAAAA/AMZuucnrnjNLsb3ZwCxt6-lmje37fnUKTA/photo.jpg,i only ever played dq8 so im very impressed with this earlier edition of the series. Thoroughly enjoying the game and story,5,7,,2019-02-08 11:43:56,,
gp:AOqpTOHTfPmiyN55SZ2UP6bFBLMENLsmOIjyQtetL4YrtqZWy8bWQL_cwXC96Ss6BakRFMXPPLYHf-LhSQ3P,Luca Fox,https://play-lh.googleusercontent.com/a-/AOh14GgR1ktMFp53jViVw8rINCmJp3wCP1z7r4AlJMYM9Q,"Dragon Quest is the gold standard for traditional JRPGs, and the class system in 6 is fantastic if you don't mind the grind.",5,22,1.0.4,2019-01-24 06:34:59,,
gp:AOqpTOFsXwzRYrH_9k1F9xHUu9WAbzoedpXgfjcY3jEM28_Tq2vDbqOrBuo-ODxRhmZu2VNBeFOGprnW7rgu,Penguin Guru,https://play-lh.googleusercontent.com/a-/AOh14GijK0FTYii3uullj73NUhPkJSLgG8VrkMAC_alzCbE,my favorite among the triology,5,1,1.0.4,2019-01-22 02:57:38,,
gp:AOqpTOEvmrcwIVx_OrL_4xYlEsH1ds6um_LckMlpk8N0DZIMG04MRRnXVnEAxlrxJ_T4QefSpZ58-9ceEn3g,Jay Mele,https://play-lh.googleusercontent.com/a-/AOh14GiKjy-TnUpsLEafNacTpHjMe-VCZk85sVj0-IotHQ,"5 will always be my favorite of the series, but Dragon Quest 6 is probably better all around.",5,5,1.0.4,2019-01-13 22:58:43,,
gp:AOqpTOED13QoijunLQ_PvOtPRQ_0eDW51mRxBy_AXsq5mx80NonH38C_Fpq7j-ztZTxomHEqwYfWuHdkYhfR,Moroumenos,https://play-lh.googleusercontent.com/a-/AOh14Gi3ydsHd86uxxfPojUJ8znJEyHdtm_IjyJXDwFS9A,"Great game, however I can't understand why this is the only Dragon Quest game available in English on the JPN store.",5,5,1.0.4,2019-01-01 15:27:28,,
gp:AOqpTOG9RKb9oaULF3c6JZe3ulMKDLlSrz1FM0ZCGQZkFKNWqgXulB8IBe6Bx6D1dmeym6NyTkg_U2JosoP-,ken Cashernn,https://play-lh.googleusercontent.com/a-/AOh14GipP02bP11oXCmYM9KkQx9aqU55dXDwI8U5xU98_A,The best series dragon quest I ever played Redesign graph n camera makes it perfect tq square Enix!!!!,5,3,1.0.4,2018-12-29 06:52:47,,
gp:AOqpTOFYo0XvQYO5r88ttF-AOFbl6RGwNBLtYN5kDHZOtdCJ5181EjrKAc11HKyIyt9cvZKomV-YObr_eown,Seaker Mac,https://play-lh.googleusercontent.com/a-/AOh14GgMZHE1vYmqTFy23RbsWzVFgLQkFi1g1pFM9_-0,"One of the best JRPGs from the 16 bit era. Awesome graphical update. Music is fantastic, of course. Probably one of the hardest DQ games, but it's a real adventure from start to finish",5,51,1.0.4,2018-12-22 15:49:41,,
gp:AOqpTOFB_TGgg-mI2lpJdgwYNXKladkHu-PfhhoSES2LffQKITU_HPfEiM4iySbstyV6vt3DIo8e7f90H4Jt,James Clark,https://play-lh.googleusercontent.com/a-/AOh14Gh_nUAbB2M6k3P2ROTb8Z0rIJScAz-nTrsta6kN3w,Great port,5,0,1.0.3,2018-10-13 23:56:42,,
gp:AOqpTOE7ke3Esmq4BqShcBxJLOgzp0y_ZdkQTYnkjN5-WCK_X037jMO2HIg61Ij00TYKDI-77qmO6qsdgSZA,Javier Manuel Treviño Hernández,https://play-lh.googleusercontent.com/a-/AOh14GgF2Zfm2MGFUViWmad5hgxFNccVZw1bh5IC2PVLrA,"Just downloaded this, please keep em comming! Where are DQ VII and IX well buy them all!!!!",5,33,1.0.4,2018-09-28 13:17:54,,
gp:AOqpTOEQk3lKtr86knsXfV0WkadJM6xel2yEX6jSHcaOKwLNJr7-Ktg5sMSC7SzJPSfC6XMWwZ-FaFiSzh8E,Brodie Porter,https://play-lh.googleusercontent.com/a-/AOh14GhqmNXmHZgIgC8KX7S3syM0kXPd6h4w5ZlBTReH,"Digging this game so far. It's not a hand-holding experience which is nice, and there are occasional difficulty spikes which keep you on your toes.",5,44,1.0.4,2018-09-15 07:16:39,,
gp:AOqpTOEhO_cIVqenXcNw-u8cA7S07f94ZDYlvC4BgvKTvA7OGF-LOqDnOJ26Sk8bxmHwTvguCLrUgWCHNOb-,Scott Knipp,https://play-lh.googleusercontent.com/-I3TtoSJNSGU/AAAAAAAAAAI/AAAAAAAAAAA/AMZuucm88jqBGwxHRN1xuydAgY0xuR71lw/photo.jpg,Love the game but I wish they would have kept the monster recruitment classic. Still 5 star.,5,0,1.0.3,2018-09-02 04:53:14,,
gp:AOqpTOHOMCPupFyljKp_DrzBc2O3r3k3M5L4pLJI7Ocui0XT4DkZHqFXyLYj6Iw0NevLM5v_aVY3OG_FDg8j,GotGrog?,https://play-lh.googleusercontent.com/a-/AOh14GhuEwwxE77xlJYu4gbavElTp691d8uc1vW_GfWs6w,Great game. I enjoyed playing on my phone more than the DS version.,5,20,1.0.4,2018-08-04 16:27:31,,
gp:AOqpTOF5x-x6imI-cMySMfZ30x2E-EhpkNPIKzDbdKSQ7ekyzftGIH4P2TDi_sIjNheget6UHKdrMJTflXWB,Justin Strickler,https://play-lh.googleusercontent.com/a-/AOh14GhIBskm_7RSgbYhnXRm1UXfT2IvPoF4LUqaIlb6gQ,Thank you for making the Galaxy S9+ compatible!,5,1,1.0.4,2018-08-01 00:06:48,,
gp:AOqpTOG_-EZiFdN-irQ4Oil4L3PTqW0e-eh3uzqwO5K19TQ1wVS2YpRVYmBlDAHjgcK5uv5E-0avRIhk5GBL,Jonathan Spadafora,https://play-lh.googleusercontent.com/a-/AOh14Gif657B2cf45P3OwXPEhLhyoGkjAX3_JrNZ9PbZwg,Classic!,5,1,,2018-07-28 23:12:26,,
gp:AOqpTOFEMJAyGMQUJ99iP1YQ1vwD24ZW1sH0KxteopKBwxY8W7qX2CO1E7Hk5GWYljDp09iaPbwZoeKAQT7P,Jamie Moat,https://play-lh.googleusercontent.com/-Txpejq0LRsc/AAAAAAAAAAI/AAAAAAAAAAA/AMZuuckmNfEeCDTkwc5x0wl3Kl1kbCADGw/photo.jpg,Incredible,4,0,1.0.3,2018-07-21 01:59:18,,
gp:AOqpTOEx7as3RV2yK6zHi5DhkKg8rOqZvH6rZW--shLHJOYvd7VJ9RRv4Ne4rwKQ4cDcfGzbbGWfMP6MfsfS,Jordan McClure,https://play-lh.googleusercontent.com/a-/AOh14GiRcapkdh6ywHpOHzLXphBjLNMBwDwm6pWi1tUnDA,Great Game!!!,5,1,,2018-06-29 19:48:24,,
gp:AOqpTOE8D2DyWmrMZLSjKxrZFxQWErlLtBE5PK8pvmQ3ebljlAmgmUumbv56s5xFcraP9iXpMdeGF9uFMxUL,Albert Nguyễn,https://play-lh.googleusercontent.com/a-/AOh14GhIq_QAMkJgdc5GGQ-r03Y4sDdNTSaw-fCuCtmJ9w,"So there are some reviews about proper socialising in the game. A scene 
will not progress unless you talk to people in the town/city. Sometimes I 
find myself talking to the same NPCs twice! For example in the city of 
Amor; the priest will continue to block the door unless you talk to the 
people.",5,8,1.0.3,2018-06-28 21:53:17,,
gp:AOqpTOFCGSZcxFq4Kh5Bu0N2VwvvVtiokodq0SbqYKL4vxpFE6T1inMKOLfAvXhrvs_8mcwtSPCHAE-g7R3q,Tyler Bailey,https://play-lh.googleusercontent.com/a-/AOh14GgNOfLJA3dR3UrA6ukKNZuyoXkZsaNfb7eTsarp,"Can't play on S9+, crashes whenever you enter battle. Worked great on my 
old S6, sucks I don't have it anymore",1,2,1.0.3,2018-05-09 22:04:11,,
gp:AOqpTOGCL1XE2N2Yx6ISrlaMh5c2QrQ-jRvr8Uk1S4vr5oTr8PkgeeoIte5nKc41s3moDQqIFnVYA106E8RW,Vince M,https://play-lh.googleusercontent.com/-gblzii3Y870/AAAAAAAAAAI/AAAAAAAAAAA/AMZuuclYXk3h2fWi0WPGqxwXiyTgB11IaA/photo.jpg,"Can't even play crashes as soon as I run into a fight ,I've reinstalled and 
still doesn't work",1,1,1.0.3,2018-05-07 02:17:41,,
gp:AOqpTOGOUZFBPIMX87AIz9WDOas0GQXlHH3rrOGFe4gLnrV5hw8VOmLAMrRHwVFIeOI0Cq8g2xhg6JYEMlfo,Tom,https://play-lh.googleusercontent.com/a-/AOh14Gg67XsNtwNU8GOnjLND0xAzzEjukPUw2uNWot3XFmw,Game crashes when I go to combat. I have s9 + with latest android,1,5,1.0.3,2018-04-18 14:22:46,,
gp:AOqpTOHxflfmmYWJIh6c4PjAe-a4-fMtFaVSJHSu4HDgzoVX7zgIcyBNiLfFEFARochDiT-9p_gKHarWGFnr,Quan D'Angelo,https://play-lh.googleusercontent.com/a-/AOh14GjW8N_5v63xj5jKvwO6llnHnrw2osD83enUoJaG,The game doesn't work. Freezes up during the first mission. Galaxy s9+,2,8,1.0.3,2018-04-17 22:03:10,,
gp:AOqpTOHQLZA48Vn2N-z9TXuVf9kDhc6arvJ8Ba77C7kijDYcCrBvCmy6nCwkJ3YwXYOiwmYuOEoJ24SkMvEb,Angel Dee,https://play-lh.googleusercontent.com/a-/AOh14GgoN8syiZD-zpq4Os1N9wDHWaUveiWCOdqw8e2Z,Bug: Suite dreams always says you have 0 dreams collected. Fix it.,3,0,1.0.3,2018-02-25 08:43:15,,
gp:AOqpTOFRfqtwZOrYtvtNizlGG-W_iO7xfwnQp3elRAo5FJstHiy6bDLD_wLkAtjCTVr5expOK_xW_eNFqbKi,Terra Jones,https://play-lh.googleusercontent.com/a-/AOh14Gi7hkdksK-OUQ33zggsOQz6_uIx4OHC9VtpGxcaCw,Fantastic game that we didn't get on the SNES. Worth every penny and no microtransactions,5,1,1.0.3,2018-02-21 20:24:43,,
gp:AOqpTOGwd0XgsUEMVo0EkKQyhxFoSKIsLTHXEXW9Szy_8tXVxT5NjtVwTlICEdwc1IXnu1c_EhWOF37kV89u,D L,https://play-lh.googleusercontent.com/-UGLK7wKHyYg/AAAAAAAAAAI/AAAAAAAAAAA/AMZuucnrDOWbLlie-RqGo4vimFNr6AgBfQ/photo.jpg,"Typical dragon quest, fun and worth the money. Shame it has no cheat codes :/ gotta play proper",5,11,1.0.3,2018-02-06 18:26:36,,
gp:AOqpTOHvLn6t5iP5w11Vod2ydyb73bEY5G02O0KtGl9YuQtLsAiyjVnL-L3Y4WYJRq9caEdh2_bLGlWhCC59,Nathan Moyer,https://play-lh.googleusercontent.com/a-/AOh14GhzvfY-b_kBaQTd1o4NoZs1U_1nqRRQ64c30ge5Ag,Please bring the DQ7 port to USA soon. These games are amazing on Android.,5,30,1.0.1,2018-02-04 16:36:37,,
gp:AOqpTOE7gkxARN0EiJJNOU5NrkWFsTSbyCDZf_9UI9ieCRUyyoWzZ4ITEcdmFrT4JC_-PlG8J6YwDA6ZWfdk,Jason Chainey,https://play-lh.googleusercontent.com/a-/AOh14Gg_-kC4fwrB65nmqOy5-9gp-0wvP7vLFHGvQUc1,Excellent port of one of my favorite Dragon Quest games. Although I'd still give the DS version the upper hand for having much better controls.,4,25,1.0.2,2018-01-26 11:10:51,,
gp:AOqpTOFPlZa4OaaOX7hvQdP5Yqa7kGy1GygrocZogrd3WpPmqgS3BVUCCKIvixSlIT0D8x5SYJgBlCzi99ve,Adrian Fong,https://play-lh.googleusercontent.com/a-/AOh14GhotKMMNeyyybDDhmmCSgLqsNkSt7bw-gmhwtCCQA,Very well port to a mobile device. The game is beautiful and with very good music score. Worth my money.,5,1,1.0.3,2017-12-29 21:30:04,,
gp:AOqpTOHtUNEuKe2587KEyucnl2wQdoIE0RNzxyvToLgE1pHYvcSVMPdkxJy8tlaRX4rn-2cQaq0mmtAL86wS,Scotland Irons,https://play-lh.googleusercontent.com/a-/AOh14GixNreGYAMFnptQJ8ql1TMTfimUGFAsXHAtEWzwXw,Great. I played but never finished it when I had a ds and enjoy the fact that it is now on my phone!,5,0,,2017-12-22 14:47:51,,
gp:AOqpTOEUc26Mh5PhXrxPQQrZR7lZS9IcM08jx6mSFnIMBuGII22u_ADg7oALpGa522mE3d8-zeDgNIbwRGz-,James Anderson,https://play-lh.googleusercontent.com/a-/AOh14GjmQgJkpjjj_b-eKE1cd8xqifdOCdIlEeMNDlWGjw,My favorite dragon quest it looks great on Android I played the snes version and loved it now if they will bring 7 to the USA,5,43,1.0.3,2017-11-09 18:32:23,,
gp:AOqpTOHSzbjbhliRW6YgxJjlL3Pp7MzRePNrcz3UaysnCNi6mljVddEYLqPH6pixuwEeihqWnX9kzeXJUbXM,B T,https://play-lh.googleusercontent.com/-wVtkzPuhA6I/AAAAAAAAAAI/AAAAAAAAAAA/AMZuucnWLUFONdeGK6ht8D4383SYKARzvw/photo.jpg,Pretty great game honestly couldn't expect too much.  Story has me absolutely hooked.  Controls are easy and nice unlike some ports.,5,6,1.0.3,2017-07-22 06:35:27,,
gp:AOqpTOH9Y-f9lcxCoyLTIOk6O_da5Q02r9Ny4uRaNmNglNmmq1caTN3VgNSP3JZywLWhkFaelHLsk76V1Ex4,A Google user,https://play-lh.googleusercontent.com/EGemoI2NTXmTsBVtJqk8jxF9rh8ApRWfsIMQSt2uE4OcpQqbFu7f7NbTK05lx80nuSijCz7sc3a277R67g,Great game I'm glad I don't have to play my old translated version is X going to come to phone online would rule,5,0,,2017-07-19 13:49:08,,
gp:AOqpTOGE2Rwjg7vK_0yF8MrnQSBJB7P2WVNaM0HEqMO7JkSh7IkyLVmObjMEglPXed3Hz1QGgfp66C-EbB2X,Josh Shippam,https://play-lh.googleusercontent.com/-eIpGUh5d_Ac/AAAAAAAAAAI/AAAAAAAAAAA/AMZuuckLEgqiJtSbWNdBZL0c_vjji54gCQ/photo.jpg,"Couldn't even download, it downloads the additional file then freezes on downloading and fails 5mins later",1,1,,2017-06-28 16:43:20,,
gp:AOqpTOEs8ptXkU5ENw_Of7ccN6fySbcLuc8I4nUVYRTeSu5nWZvi2mnA99MtIhHlmMtl5Qpy8v9iXyMhB8cd,A Google user,https://play-lh.googleusercontent.com/EGemoI2NTXmTsBVtJqk8jxF9rh8ApRWfsIMQSt2uE4OcpQqbFu7f7NbTK05lx80nuSijCz7sc3a277R67g,Dragon quest is great to kill time!,5,0,,2017-06-16 10:37:08,,
gp:AOqpTOHEBQ1LkF2L4hEGpm4ieyCVtzPh1ZWP1lfJvoaUydJlVVH96ssdv4N4_Q3wHykm_8dJKBsTt2XajeV4,David Larson,https://play-lh.googleusercontent.com/-LFngMIAykas/AAAAAAAAAAI/AAAAAAAAAAA/AMZuucnIBtLhw6ckYZuH0V2b6zYX0c-xKA/photo.jpg,I like this game.,5,1,1.0.3,2017-06-15 08:32:51,,
gp:AOqpTOFwqUUkb0rWSr6TuQV5JV-YcWXHgkqu5fedVVd9HSRl5lPRC4iVxvOwDikcN6zraW_iy1eR5yVzTsQA,Jason Anthony,https://play-lh.googleusercontent.com/a-/AOh14Gi_X8n2K1-d1mUmG87IO1_9za7OWTjLp1qrL1GnGw,"This is absolutely awesome for what it is. My biggest issue is touch screen controls, and even then they are a lot better than I would have thought they would be. Totally worth the 17 bucks.",5,32,1.0.3,2017-04-19 13:55:09,,
gp:AOqpTOEsvEBTYjy4ZEUI79a0hPeLcgvEQ19uLI6MlX8xE50xIL4qZuVUuLL2QXntFMkyxVDXpnerC4W_WTak,William Carr,https://play-lh.googleusercontent.com/-jExJJ8dgXf4/AAAAAAAAAAI/AAAAAAAAAAA/AMZuuclbRRJphMRA5pGPliBk_Iz5eu_m7g/photo.jpg,"60+ hours of classic RPG gameplay for 10 quid, it's a no-brainer.",5,2,1.0.3,2017-04-17 16:30:57,,
gp:AOqpTOEM4jgrS4G4EoZKBd_K9vwYlUrriHx7B3XWi-kAemMqK-oikRUQ7GOCXzm7bKJdLResvZUiv9_tEg0d,Ryu Mura,https://play-lh.googleusercontent.com/a-/AOh14GgVpd7uIsjW6qVpCBZ2vkAeDl2Wia67mhdnEVCv,Very disappointed that there is no option to change the display language in the app. It is automatically changed by system language setting but it's a pain to change it via system setting every time I play. To play DQ in English is my worst DQ experience ever.,1,103,1.0.3,2017-04-16 10:07:28,,
gp:AOqpTOF9-xhFhZb9Axeru6ksm91h6x7a_4qCMj_jDsZvK4oCcow1f2UNJWN5SMHq27JXPBwvbZ01GanAogE9,Ambrogio Official,https://play-lh.googleusercontent.com/a-/AOh14Gj_RaPA2rrHnDJ5Qj1Mur_U5Fl8bZDgp8r1ZsOYjw,The first time I played this game was when the DSI first came out and when my mom bought it I didn't think I would like it but now it's like #3 in my top 5 favorite games of all time I'm so happy it's on Android,5,0,1.0.1,2017-04-02 06:27:16,,
gp:AOqpTOG9J2WDRd3RBDrIfUJ-hclEiLZKb-iv5L6WmEkRyHCcereAye4ldjOlyDlQjcscqO3gJCtZtGwWEEUh,C R,https://play-lh.googleusercontent.com/-i4zNVBJBwDA/AAAAAAAAAAI/AAAAAAAAAAA/AMZuucmo8AvgZDbT-y0WcpEeXC_XNg6aWQ/photo.jpg,Excellent Game but the names of the creatures SUX!!!!!!,5,1,,2017-03-20 18:47:13,,
gp:AOqpTOHbOQaF9FXHUo6i6pXyN6vfLDqYbKQBgmqar_4aEQ07Tf2szArzHkiibzFcsqZxT9XmSVaAN4CO_avl,Chris O,https://play-lh.googleusercontent.com/-uk3jiMBhUec/AAAAAAAAAAI/AAAAAAAAFic/AMZuucnbF8E2112UAhFEaXjgmHYVUJu3wg/photo.jpg,This is the one that got me into Dragon Quest.  IV-VI are all great ports of DS (unlike the FF ones which aren't always very good) and run on the same engine so you really can't go wrong with any of them.,5,101,1.0.3,2017-03-09 17:25:58,,
gp:AOqpTOFYWszPMTptvCw52l-SGVNqXgrtVF58fcpRYE6whNeouRjAOgKdnU8qVsPTS7GXtwipHg-psZZ5OarQ,Joe Possible,https://play-lh.googleusercontent.com/a-/AOh14Gi6FSxU61dxSvi1CdZrOFsB-tyM1d3k3bVftBvR,Awesome game!,5,2,1.0.2,2017-03-06 00:36:54,,
gp:AOqpTOFRDyTNoncoiE-52aiMRKHhSOwXXUw5VNOLnuAfbZoMCVIN-RH1MxqrQvR-o2GwFlOifQxOfVcIH7Xe,Mykell Miller,https://play-lh.googleusercontent.com/-3CSZOld3U08/AAAAAAAAAAI/AAAAAAAAAAA/AMZuuck5ppROlxO0pJad486tnGuaF5WwPQ/photo.jpg,Bugged and support is useless. It played OK until I got control of the ship. I couldn't get off so I contacted support and they said they weren't a walkthrough service. It was a bug and they're just too lazy to admit it,1,7,1.0.2,2017-02-24 19:00:29,,
gp:AOqpTOHVRdhhuVbO57sPeWwvUOifrxYhjHk0WQ6C1E3NZY_ltKafIapDE_XLoOivOnMpQdtwO8igMXoW1hC3,Jason Sanders,https://play-lh.googleusercontent.com/-1GnMsJO6FrY/AAAAAAAAAAI/AAAAAAAAAAA/AMZuuck02GCc-RZTW6QJyDb7ibzFPxc9cQ/photo.jpg,"The game itself is very good. Classic jRPG gameplay, a deep class system and great-for-the-time graphics and sound. But I have to take off two stars for the glitch that kept cloud save from working for two and a half months. It's fine now, but who knows when another bug will come along? And if you look at FF7, you'll see that sometimes Squeenix Android bugs just never get fixed. Buy at your own risk!",3,44,1.0.2,2017-02-17 18:04:02,,
gp:AOqpTOHOgmQOIUpSOZWGk7ffULNHQTUDSossnnXIQMBXpHGNRDIfyhfgwGjMRSTa3tY8HmFEYDUFWQc7J6Gk,Brett Ellis,https://play-lh.googleusercontent.com/-YJlH_AaXtt8/AAAAAAAAAAI/AAAAAAAAAAA/AMZuuckOIP2fs-hF8QXVvtWrZCvecQvhtw/photo.jpg,"Doesn't quite match up to IV and V. It requires too much grinding, and is confusing at times.",3,3,1.0.2,2017-02-03 13:55:58,,
gp:AOqpTOHSWpBikZJ8HlBAuz9bDHqw4oyllrHKHx64vgEbIZ62qR3_UwdH-u9KFYO7xa1RuIka07lOO1KWuhgC,ben mcnamara,https://play-lh.googleusercontent.com/-667q5L0cZrw/AAAAAAAAAAI/AAAAAAAAAAA/AMZuucmxfWuqDCxicRz_FzLc1nQhunWKbg/photo.jpg,Great port of a classic rpg,5,2,1.0.2,2017-01-27 17:02:09,,
gp:AOqpTOFFEP1wboyCXnPmMbppLdqbnVvNlJYP0i8llXMCAr270XDopZIhWG25WiCteHMtz0CHXxL2fkt7--VJ,Rusty Crocker,https://play-lh.googleusercontent.com/-0iomCv4yId8/AAAAAAAAAAI/AAAAAAAAAAA/AMZuucmqb0Zy6jHbRoV8DXuGbeWY9PWW7w/photo.jpg,Fun,5,1,1.0.2,2017-01-20 16:19:47,,
gp:AOqpTOHzW3Bo3OOvdl_VV4z1WBIImnnftA1JzKuV47tnalwWDYmTsLgCucq9smLGtYcqABFB4PLPWgf47slI,Dirk Putter,https://play-lh.googleusercontent.com/a-/AOh14GgtiDJsgL_OLezL7ORO1-6loEGacC6XGOdNK-WrQw,I prever dragon quest above final fantasy due to better gameplay.,5,2,1.0.2,2017-01-03 11:16:27,,
gp:AOqpTOF4T3uNfCzwKpPKvEpGASRcenSYkfc7Pyg_HE-jJnwMQ4vrYAI746IKLG3oywgJLrfKE7V_MPxEcg2L,Jonny Morris,https://play-lh.googleusercontent.com/-of4miOFpjUI/AAAAAAAAAAI/AAAAAAAAAAA/AMZuucnPmw4fPpe1uYrOn4EevupUlzbNDA/photo.jpg,"This game along with all the other Dragon Quests are for you. I've played and beat them all including the soon offs. VI is set apart from the rest by the class leveling system, the story is absolutely crazy.(imo the best intro to a DQ game).",5,0,,2016-12-28 12:25:41,,
gp:AOqpTOEWRvVbuRjCRqsRkPsYvdf32L0XZYUNNa5ttlB8Xj8PX9N_cPuFJ05_xbZh2cZLVG-SMcnl2kaWMRrg,Just Fauna Studios,https://play-lh.googleusercontent.com/a-/AOh14Gjm2ZX_npDcn1t4pHiMipjOGpaT1ODRtSsMMWfmvF0,I LOVE THE DRAGON QUEST  GAMES SO MUCH IM WRITING IN ALL CAPS. I REALLY LIKE THE CLOUD SAVE AND THE ABILITY TO PLAY OFFLINE 'AFTER YOU LAUNCH  THE GAME WHILE CONNECTED ONCE' I Hope They AdD Dq7... ThAt WoUlD bE AwSoMe!!! OMFG!*joyfully dies,5,11,1.0.2,2016-12-16 05:57:02,,
gp:AOqpTOFl6Cth2ABROsz75hkvMGuXWSHh9pQTFB4p_dU56OTgqQwJUSBfAqkzaaeFSubM2mNIu9sfVmOKoLV0,Tony Stark,https://play-lh.googleusercontent.com/a-/AOh14GjurH55A5v2ySPxt6Yj6dnem-8KGip7rjyNWZ9UWQ,"Can't even grab my cloud save off my new devices, because it keeps saying that Google play services have failed, as well as my signal not being good.. tried for all 3 dragon quest games 5, 6, and 8.",1,23,1.0.2,2016-12-08 02:30:00,,
gp:AOqpTOEkPLPbTyWpy7O4Grihj55YriQi4KMPUVawHemacfEI-N4LsGfdfR92FaPmYhohkvSMTGiBYwoyTvTU,Chris L,https://play-lh.googleusercontent.com/-YmdLTgM1QdI/AAAAAAAAAAI/AAAAAAAAAAA/AMZuuclovXMcLhrTFTWKGp6mC0UbO-K51w/photo.jpg,world map bug on Android 4.44 causes flickering and makes playing difficult,1,4,1.0.2,2016-11-27 09:17:10,,
gp:AOqpTOHbELq-8UcP-Y0EHmsW0_kIm4KmXdbIRUd7A0KJhL8csZUtWBOy9FQr9TBDtI7-nF1Z2hEUuY5JSFj_,Anthony Barber,https://play-lh.googleusercontent.com/a-/AOh14GjxPDQWqwiV99kts7Sp9HJgUNyfXyqD7eyBVmg5E3c,"Family library support for supporting fans! Nice move guys, please keep the updates coming.",5,1,1.0.2,2016-11-17 19:34:11,,
gp:AOqpTOFyviXDEw1wGK_ueQ4Vm1MqbBcNSk__GRNn3R38NHx1AHyyn8HXXxxCyQuFz9b6uynWUPZsk-Kiz2C4,Chase Ragland,https://play-lh.googleusercontent.com/-0cjMk6jgQMY/AAAAAAAAAAI/AAAAAAAAAAA/AMZuuclmwibhv_RWgILGV5HN_tRlRGguJw/photo.jpg,"This game is very entertaining. However, I would strongly recommend purchasing 5 before this one. 5 Has a more interesting story and a more interesting cast.",5,3,1.0.2,2016-11-12 08:50:25,,
gp:AOqpTOFxogVU3GsAqbRicOb5xRplkCoALBUn5TMfVcCI7D_N74t0wCKBJbfNlyU3aeL1ORXGYBQlaGISCZVM,Travis Cook,https://play-lh.googleusercontent.com/a-/AOh14Ggf0U2W6uHrn-VmOzM7ayQz9sk4HxC6wc9fDpdX,I expected better graphics than the Super Famicon!,3,6,1.0.2,2016-10-24 13:06:04,,
gp:AOqpTOEBRUrzNc4j7ldGz1hPrNi3vEKQ6Ue3e9IwvQTsdSfXQKAfSSW1CnwqZtf25em0Osw18-LERFp7dEz2,Crl Electro,https://play-lh.googleusercontent.com/a-/AOh14GiaEG1jGAv_Zu9oXhTwQlZg2eOGNBHlHX5Lf_UQ,I love all the games they Come up with there are all great,5,0,,2016-10-23 23:37:56,,
gp:AOqpTOHz3Xl0IheIXDzWGVIagdQfi34IrQJcdCMJUUPK87x0uNh2mIRBM6df4XvaK9FBYVxtZzB0IpPOwZ3v,nickname nickname,https://play-lh.googleusercontent.com/-4UoZ74jy3t0/AAAAAAAAAAI/AAAAAAAAAAA/AMZuuckHRwd8gFxEOm4u69cRZJsMmAezPQ/photo.jpg,no matter how many dreamscape i collect when i go to suit dream they tell me i didnt collect anything please fix this bug with update,1,3,,2016-10-10 03:02:08,,
gp:AOqpTOFHDV8qlzpo5q0ybsU7_s9_oDiB6hbKvXgNzNqKN3w4godKlf7ME1C334c5AHjB43rOrROPtD10XiEt,BBHKCChris,https://play-lh.googleusercontent.com/a-/AOh14Ghz_hoI3pWNydfr5OQboB6zKfYeIAmOKExSI5VmGQ,"I fell in love with the Dragon Quest franchise after playing DQ9 (Sentinels of The Starry Skies) on the DS. As mobile games go, this has to be amongst the best around. The game is epic, compulsive, & has likeable characters.",5,103,1.0.2,2016-08-30 09:53:02,,
gp:AOqpTOGaGCFxoRdbPqSQwO7-luqmOxqyt0DXVBSE0MnbkKF1vAdi7Zn73sXdzjT2YkzubUsyMOmM87vEwmTE,sean rochon,https://play-lh.googleusercontent.com/a-/AOh14GgyGBBD78CaGLxBOHykpEMYgKktGBl4q96YaOPX3w,Good,5,3,1.0.2,2016-08-22 21:07:11,,
gp:AOqpTOHfvn35eES0xidD5fopcbvy6qaYrArSDUxnJJU_EJWvyRFmi2tHibCNRqTizg2XzqcZhjqUQfiUH6-7,James Otis,https://play-lh.googleusercontent.com/-XKMg0weG2E0/AAAAAAAAAAI/AAAAAAAAAAA/AMZuuckveL444UUjluKz9PGCAJTWVm6xuw/photo.jpg,I have always liked final fantasy and dragon quest since the release of the origional dragon warrior game,4,42,1.0.2,2016-07-28 11:14:35,,
gp:AOqpTOECrrEsFwJeHvwxXiQ943AQHdbHPOxRr5RjMw9RodeBenHUzBRP-j_7RUEY1YHfXKplDg0o1J_JYriy,MissMittens,https://play-lh.googleusercontent.com/a-/AOh14GhqvsXjLqZb7jvpRC9h3k15RWM5GLvKzY-41Wwaow,Haven't  played it beside all other and gotta say I was skeptical  downloading the SNES version with English translation  good thing I didn't  !,5,1,1.0.1,2016-07-11 11:57:07,,
gp:AOqpTOF_Q5_rh6AHF_x7nYyhe4acdXgpUsZm6jtRbfekWaoCzJHSa4QhrG0X1kncndceAHnaY5sNL88IMicR,Jerrold Mendoza,https://play-lh.googleusercontent.com/a-/AOh14Ggic46BbJh3AfUQFmi4HnoolDNpOuoBKBQ___o_Bw,Liked the flow of the game,5,1,1.0.1,2016-07-01 21:39:00,,
gp:AOqpTOFT3ELXjXsKZ_Cib1rKEbJpDa09Ex8s8zfCdnANzMCInYXmq9uQ8NBk8-GfqPeQO8q7k_0xOv8udBWI,Nathaniel Silva,https://play-lh.googleusercontent.com/-VPQO4nnH_hU/AAAAAAAAAAI/AAAAAAAAAAA/AMZuuck3E9qBD-stdWqwu3IQaQXCGG8m6g/photo.jpg,This is a great game. This game has two large worlds and the class system is varied and fun to play.,5,1,1.0.1,2016-06-16 13:44:35,,
gp:AOqpTOErZ1yE62GC9HPmWH808CGW_X5wd-lekBLkeAP7g5IRgUiisNPsIeeTtg560qBbwmtXT5b1bKt-IYUS,Rock On,https://play-lh.googleusercontent.com/a-/AOh14GhIw5XFTpLeHB2d3tq7WvW4HY48ZUqFS2Yn2ftA,Dragon Quest games rock including this one. The character design is by Akira Toriyama which is cool,5,0,,2016-06-15 19:12:24,,
gp:AOqpTOE--aEHT71emWlQCQC6mKGtr4Vspk_9_cLZHAKDmrlQ7wD_1gxgPY4UW5YbPGTvsPfwHo6n8A8bnQN0,Darkwizard,https://play-lh.googleusercontent.com/a-/AOh14GiKttcM6VtDcd7b17bx_n7SRUjwHhhRm8YnSTD7Cg,"When will you be releasing Dragon Quest VII? I, II, III, IV, V, VI, VIII are available where is VII!!!!!?😠😠😠👎👎👎💩💩💩",5,7,1.0.1,2016-05-27 06:40:37,,
gp:AOqpTOFY0Ssc7raGIHTq3xRryORkgMqLHgcd3BJz5LBQ2f-dSYtzJ3rLbkiIVwnnS9_HMPEQTJ1Tq9Z_tPTp,Cyan HB,https://play-lh.googleusercontent.com/a-/AOh14Giat69DmXrhhw-PdB3po1mBjYm6XEyAwKzOs1pBNw,Finally!,5,1,,2016-02-17 19:06:05,,
gp:AOqpTOHhiULyPo0YeUHUuoMDDp8E9DMMKqHsYwrvAQiQTw-OH_eI5jBGi0X58twBjCweE34N4R6PPDM2uJzy,John Enfield,https://play-lh.googleusercontent.com/a-/AOh14GjWV-wt1H97MtHXN2E3hIBAUXnU6i0hb7NMKsOh,Used to play and love this game. Now it says I have to download more data to play but the download fails.,3,2,1.0.1,2016-02-05 09:05:59,,
gp:AOqpTOFZOSk_7Xpdt4384BFiTwetrLQzyEGR_h5imX_JLU00xSxBdxLPicozsu-l27kxLDXc8qr3ydSY76O2,NightHawk,https://play-lh.googleusercontent.com/a-/AOh14Giw_P8y3_TV_EWOQyxFvBqAVXtZzaEdKLKUNwh_,Everything about this game was great. It's a must have.,5,4,1.0.1,2016-01-25 22:27:25,,
gp:AOqpTOGGV3mhlMXgz20-mf9o8l2qPDcFu824SgxS37cAqV3dDUrHTsBDe9a2IhVTeRvqK6rY0-qg7ttK6wMR,Bai Stevens,https://play-lh.googleusercontent.com/a-/AOh14GhcRximUP3GUeVtZSbMfrkMWjfPYF-g70bjGeWboQ,Ihave always loved this series but it runs super slow on my phone. I have an LG G3. Can i get a refund please?,5,1,1.0.1,2016-01-10 21:30:51,,
gp:AOqpTOGgeXAcxVWmpiJpymALfHOknB_jgVX_uRiA-uo2OjD9-6rdfWnvLKC9cj5FH4scDb47MiesqfURctCd,Allen Holmes,https://play-lh.googleusercontent.com/a-/AOh14GjoIP4UfXvECH2Qiuv7q41msWEkVSysDtbl5eEU,"Pros: delivers what it says.  Old-timey rpg, with the familiar tropes and functions.   Have tried several Dragon Quest games, and this one has added some new features and is trying to play big ball.                                          Cons: I have gone through several DQ games now, hoping to recapture the glory days of SNES rpgs, and so far, they have failed miserably.  The game play is there, but the characters have zero personality, the music is blah, and there's really no decent storytelling at all.",2,6,1.0.1,2015-11-18 17:12:05,,
gp:AOqpTOGPEU4Aq98UzfmCndGMH9pqv9J3DDsXtMt52okdZuRn-P-QUmSq-MQinDll7_pk1AH-nfBrepohybhn,Michael Thompson,https://play-lh.googleusercontent.com/-tHYpZ1e50Kc/AAAAAAAAAAI/AAAAAAAAAAA/AMZuucn4bviNX1EMTeAg3urkregeaCAqsw/photo.jpg,Love it,5,2,1.0.1,2015-10-18 14:57:36,,
gp:AOqpTOH79RGFbIJqJiLOnhYtydGnIK9mlNuP8CWQ_8iSZcP1UL7u2fC1EwJkiVdCPZOn7GE47I3WXC8HN1AE,Anibal Blanco,https://play-lh.googleusercontent.com/a-/AOh14Ghy5coqZqycw4AXK-T74GwS2rDyDHKn2T9I-kcZeg,Hhj have hkkhr you if go to weep,1,1,,2015-10-10 16:19:31,,
gp:AOqpTOHLQoS9u5nXDK0Zo3CGPbEhsU0SAuNPp44-z3V6GdmBCMJ0M_ygIxq4jQT2IPQaec8mv1xUYsPBKjHG,Nicholas Andrews,https://play-lh.googleusercontent.com/-hX63iFPbfiw/AAAAAAAAAAI/AAAAAAAAAAA/AMZuucn1qCqP7MFYuxoNN16H3shycuE1og/photo.jpg,This series is the best. I can't wait for Dragon Quest Heroes on PS4 and this shows why we need more Dragon Quest games on consoles and over in the West period.,5,5,1.0.1,2015-10-03 12:57:19,,
gp:AOqpTOF8qLc3-beeMlm5UxKfpfdtQRxtRfTHWbys4UsjSXyYdjlY2wh-B6sB-UjHJAKbvRrJWr3bxM3RsDPg,Mark Huntoon,https://play-lh.googleusercontent.com/a-/AOh14Gj5aNCQWr0CmupI7rQmVZAgsx_yo2GCXZHjzdzUPw,My Asus memo pad 7 ran all the other dragon quest games fine. But this game does not even show up on the play store on my tablet. Let's fix this.,3,1,,2015-09-12 08:26:40,,
gp:AOqpTOHeg7krf8oLUDtFtdKnz5xvPD0a03G0eO5_Q9yiHUjgYMxeCMDe8dVIs3LeOFlAS8JUqmFJvrtLk7Kl,Nathan H,https://play-lh.googleusercontent.com/a-/AOh14Gh7r9pzTuK7F-ZaTbGTmNzlPoR_k9JrobmW4bDP,One of my favorite games. So many memories. But I have been picking up items and then they will not be in my inventory. The only way to make this better would be to add a screen rotation feature.,5,73,1.0.1,2015-09-02 21:58:32,,
gp:AOqpTOET4_b1b-MbwvfIXLK8lG7X8UMzMuRnsBhn-pjTubQcS1Wzen11gGBU-xAoJR3tmRKZC_R-qVG-vHFb,redneckpride4ever,https://play-lh.googleusercontent.com/-KC8RZtcWonU/AAAAAAAAAAI/AAAAAAAAAAA/AMZuucn3Py_p84y1NG2PsTTtj3AHNvQLlw/photo.jpg,"Yet further proof why this series is the finest. Square Enix should be ashamed for not having advertised properly in the West. The folks should tell them that with a little effort, other titles such as DQ 10 and the 3DS games would easily sell here.   Factually, the original DS version of this remake of DQ6 sold well in the West, despite the uneducated minority claiming otherwise. Again, SE should be ashamed for not continuing to push this series after DQ6 DS's success.",5,84,1.0.1,2015-08-22 07:31:30,,
gp:AOqpTOHAGyB9xcw4fRU5k8RwYQ40ow6I4kvme3BQe_9E_vyLpIjE49ftGZcekNqhYm4VWqgnzlh0kq47pyGz,Andy Z,https://play-lh.googleusercontent.com/-GaxcDGL_3NY/AAAAAAAAAAI/AAAAAAAAAAA/AMZuucl076Vt-GGb6gK_v3TYRXzD2uh2MQ/photo.jpg,My favorite of all the series,5,4,1.0.1,2015-08-17 10:30:26,,
gp:AOqpTOFzSjPbEFm-upOhh1uGkyErsF1kIy1NFPMwVJuO5RAB6d28xqScEfuPZXthpkxRz2wjj3M0rhwiUwPM,JF 's washing machine,https://play-lh.googleusercontent.com/a-/AOh14GgwctIINBkUYnC_nIyeA-rbQlfDilyI7fJ_zOh2iQ,"Like all Dragon Quest games, it very well balanced, fun and well designed. I like DQ6 just a bit less than 4&5, mostly because this one have times where the user is forced to speak to everyone in an area, which can really feel like a drag. Android is very good as usual.",5,5,1.0.1,2015-08-14 09:01:14,,
gp:AOqpTOFiWYgKtDENJO3p5MqC_ImEvRuih6hEqnrzhEh7hxCiB7m9cQ4y8GT7-71COV39Nnd764vM943zGvU1,Pongsiri Jiranggur,https://play-lh.googleusercontent.com/a-/AOh14Gg97ECAf6MmR-41vIfq08HCJJDzduJ0GBGdljrmWao,Good game,5,1,1.0.0,2015-08-10 06:52:52,,
gp:AOqpTOES88BLhzoofrCKrGVKkd92-COLso6EqZqmkH7Ak2t-OlqffOhN_etv2pf8BCP3fEM5VcP0LYskGxPj,Ridho Hilmansyah Botutihe,https://play-lh.googleusercontent.com/a-/AOh14GhmqJhO4yClcrrb5z5McOKDJd8LUrAK411WK_Q6AQ,Amazing art and gameplay blended with wonderful yet polished story.,5,2,1.0.0,2015-08-08 03:53:31,,
gp:AOqpTOFrn1QHk6uSn8RiAJCBw1z0-wm86AoGyZJdLOB4S_X1V9pyHN0I4srygJmV4v_yZ0WhIdo8kN_nFTGn,TechCat,https://play-lh.googleusercontent.com/a-/AOh14Gg-GqwimSYiVVJt2x72eNeanH_tcLNcbEA3WT1V0A,"The story is interesting,the graphics are nice & vibrant,controls are really good & the gameplay rocks.A really solid mobile rpg.Even better than FF titles on android.",5,3,1.0.0,2015-08-01 11:03:26,,
gp:AOqpTOFvvXLyrWMMeaRYq2H3HtNyXQryh9zwPDeqOWMBS8Ozga3Mrul-FWPW5gZ5GHZFEA-wX5oopX-QotC4,Sean Balendran,https://play-lh.googleusercontent.com/a-/AOh14GhJW4YXyPvLMg9-F3EwgQUmUJBzhQAyCscdpYjrkg,Dragon Quest games have in my opinion stood the test of time. An excellent JRPG worthy of your spare time.,5,0,1.0.0,2015-07-27 19:26:08,,
gp:AOqpTOE76rC0Y4gy3aksAiTDT2Eog3BkrjUu2cg3hLmeKZsZxJDJmoCkPmrkXc0DQxVpVvIUkE2cXh4xbz6C,James Hennings,https://play-lh.googleusercontent.com/-S680P0N2huQ/AAAAAAAAAAI/AAAAAAAAAAA/AMZuuclX7clGFtosf0peisZc4K4pKNALJw/photo.jpg,Live this game and its on my phone and tablet,5,0,1.0.0,2015-07-21 06:33:31,,
gp:AOqpTOH9S8OVKhAYKdTPP_wRnwkfRQ85yoTF24A-aUpygqQ3mN_lFe8bvZ7FYqpy_x5p-muMI-lJgHIVO8Tv,PongSylar 777,https://play-lh.googleusercontent.com/a-/AOh14GgjUplognBxSng23XhIfIgT10svMyx-sTe3vyWIVQ,I Love IT,5,1,1.0.0,2015-07-18 04:02:13,,
gp:AOqpTOFssQkK7WrplEsZ9XYVWp06N3FvSN-pkoPVdXoD6foqH6eXEpc30EMi77IO3J3ZYBcv9rb8ZBwAJ9GG,Michael Fu,https://play-lh.googleusercontent.com/a-/AOh14GjExjOjJEYLwx9oCFmghDOWKjq7jiS28oCGs_Qg3wA,Cloud syncing is awesome too. Switching between devices works great.,5,0,1.0.0,2015-07-10 14:05:06,,
gp:AOqpTOGrEZe2iENb3plXFXtxXkCUdEI75QHeE245Suuy-STpDb-TqQdEa5DMxndtvV7O9rvBwsYMKvjxsf_I,heimi jones,https://play-lh.googleusercontent.com/-G9YL5MH3gms/AAAAAAAAAAI/AAAAAAAAAAA/AMZuucnpBJWK_bm5fUSZc5xfz90dZyj8XA/photo.jpg,is dq7 even possible for android?,5,0,1.0.0,2015-07-08 17:14:16,,
gp:AOqpTOFmkM8b6VU1Z14fHlgFdoDXxfn5ERmhrC7ebZXBJBc6hdowRYz13UOmLpcCTpwGnvMRhkguhoFKx5v9,RSS Trace,https://play-lh.googleusercontent.com/a-/AOh14GjaO8B1UpLi9niBDAiaZJZ3rvwc8lyvNHqK2dcYWw,Love the game!!!!! HONESTLY  my Favorite Game from the entire Dragon Quest Franchise!!!,5,1,1.0.0,2015-07-04 14:14:25,,
gp:AOqpTOEG0PgY4-gc3Bs5G7MkZ_D2wSxvL_95dm4zR34xhLjQdpyK3pZBAyfT1EfMKtTkn7GB6bdAHIIllz8l,Mockn `,https://play-lh.googleusercontent.com/a-/AOh14GieMEVFn-p3iUivIXBaEnWNetQW1s7FfsvE4O7yFg,the game is super fun if only i can rotate the screen that would be awesome,4,0,1.0.0,2015-06-29 12:29:32,,
gp:AOqpTOGjdG67GU9UfowPe5qIDcGvvOSj2B7mHf7OvXoxeaeykwK08Ox8Ik_ScAo_6jbqhYHwlvF5rPGQMAtQ,Booty Messiah,https://play-lh.googleusercontent.com/a-/AOh14Gjts594HmQ5oOeJOsndS7Ba0KM9iAGJq2OI6TFDiw,Dq 4-6 on my device now. Thanks squenix!,5,0,1.0.0,2015-06-28 21:53:09,,
gp:AOqpTOEq1V2YlfxLCb5hkmdwjkM6sV_DbE4-x0Djtv_cks90NbMYHrPPZo0Pm43n-yI7l4i7X_lk1G7IfM4P,Adam Jansson,https://play-lh.googleusercontent.com/-QokG-jC7bPI/AAAAAAAAAAI/AAAAAAAAAAA/AMZuuckDGh5MuC3-Ri9UVqmRg-eVr90yRw/photo.jpg,"Big fan of the Super Famicom game, I was stoked to get this.  Portrait - only mode doesn't bother me in the least: sprites are big and colorful, and it's perfect for when I have a sleeping baby on my shoulder.  Fluid enemy animations, rotatable villages, official script (as good as DQ VIII's translation), plus a few new mini games and a couple other features make this a must - have for fans of the series.  (Note: You can only quick save on the world map, so you're s.o.l. in a dungeon.)",5,4,1.0.0,2015-06-28 21:07:38,,
gp:AOqpTOFRLxC8c-m9BIXzuNfTf3MXikoZD3s0u-KLxT21AO3Mvz2dNd84qjHuVaMVNaqfZswMKD5anbGqNELy,Brett Barker,https://play-lh.googleusercontent.com/a-/AOh14Gjtj3k6A4U93ZJ-pCuA74RUqUfWaNghcWOYpDDu,Now to patiently wait for dqvii...,5,3,1.0.0,2015-06-27 20:47:31,,
gp:AOqpTOE8X8aq_JivUfoWI4dXrXd8b-1DwVY16ILxxxQBcfazHJZg_h_22ORnde09QXVCGB8EPlwcL5vWEyQx,Colt Vandenhoven,https://play-lh.googleusercontent.com/a-/AOh14GhHMkcnHk18aCCKNC6XM6K5kIokEjQq7tHY8LTK,"Fantastic. Like all DQs. Now, how about that DQ7 english release?",5,5,1.0.0,2015-06-27 08:47:23,,
gp:AOqpTOFw70C9K4T2WrBrl2PVap3WhDC-hK_ahbYf2lRgkfafhiSL0a-8C_5xZYJWpoUj4uKRQ_LeryTSKux4,Peter Yeh,https://play-lh.googleusercontent.com/a-/AOh14GgRgeapWM3AK44nMotRWe-PJBtKSEKQ5Ne2PmEBm40,The portrait mode only stinks.,2,6,,2015-06-25 06:49:52,,
gp:AOqpTOHA9ifnKC1THgmeHIU7wm6Wkz1PSr_jyNcXA1f2kN3kAMtYfwlEvji5gb8qogT9aLx3UEzf0-ISYO6f,Eric Bottenfield,https://play-lh.googleusercontent.com/a-/AOh14Gi-8ZYZo7-sY0aMUm1VlrmwtaV1zdnuqK5yX-LavQ,"Glad this is here, the story is great and I really like the refined job system (which was even more refined in VII, easily the best of the series - keeping my fingers crossed it comes to Android). Definitely worth it.",5,3,1.0.0,2015-06-24 22:27:46,,
