reviewId,userName,userImage,content,score,thumbsUpCount,reviewCreatedVersion,at,replyContent,repliedAt
gp:AOqpTOFBtnXGtgPnCQRVoAjxWmoRGXKF934xHE5JqcL9TPCO6zBecNBpDUNUqX8gZab1l4bTa78-IitUZiNxlw,cnGamer,https://play-lh.googleusercontent.com/-IeTKg-RS_K8/AAAAAAAAAAI/AAAAAAAAAAA/AMZuucnzVCwd2T-9KaN9nfiydFpNDoNRNg/photo.jpg,It dumb,1,0,,2021-02-04 15:40:32,,
gp:AOqpTOEfo7ZHqslTEQMnaWzorZ98uy50aYGkrH60JDf7pQy-Q2wi2B2ZVMHUlcJezdzwx4Hk6OEb998xXlSP2Q,Michael Katie,https://play-lh.googleusercontent.com/a-/AOh14GjpeB4mjyJrpHwvqrEqK3Ny7eZ8G_M4o8P74fy8pQ,I Love spongebob he's my best cartoon ever and I also play this app,4,1,1.0.2,2020-05-28 07:47:24,,
gp:AOqpTOHTywNzRYOG5TnuFmzpSsvEgVc-sPkGL6YP-JvgWYTd0Z289kkEZtH7lDcl8Q11eA1i-sIBCQPzL9L6DQ,Bobo Zelle,https://play-lh.googleusercontent.com/-cb84ThqEFK4/AAAAAAAAAAI/AAAAAAAAAAA/AMZuucneo_2Qua4wJouBHv4NQ5JLVuDXig/photo.jpg,Chickens good it's just hard to tickle him.,4,3,1.0.2,2020-04-24 15:41:11,,
gp:AOqpTOE9Qs6UTfAkC4xUoOhH47MjD9jMiHj5XCX7qXM7iPa1be7XwPW2fwTtxmEAZt_TWL4PlbWNxqrsbSIK9Q,Troy Darby,https://play-lh.googleusercontent.com/-hLMcahfceYQ/AAAAAAAAAAI/AAAAAAAAAAA/AMZuuclKiuMBEQg4A7SC8BfdxnCWXD4jPQ/photo.jpg,This game is amazing! Now if you do a crossover with spongebob and talking tom this is what you get. I love the game! Keep it up nickelodeon!,5,65,,2020-04-07 18:04:32,,
gp:AOqpTOGaRMYCHt6TiBXNT-LR_NBBY8Wly9OZ-_FxF4rs6_HU8kWDBfXWrqh4xOWT4K46_7AyWaOWIVWJPP12VA,Matthew mayer,https://play-lh.googleusercontent.com/a-/AOh14GiJqXecw0YdJmz9NfeQ920R1Mwft8zcrPr8FJ9OOw,I like it because SpongeBob is my favorite cartoon,5,2,1.0.2,2020-03-01 17:07:35,,
gp:AOqpTOG8gKArZDNws562q7bLhML9TLCprveBqGgiJ7OTcdwU9230vz450rmDD0QvaNAtkDPLmZG9lwpX2wG-bA,Grace Mcfearin,https://play-lh.googleusercontent.com/-_N_u1h6H2cg/AAAAAAAAAAI/AAAAAAAAAAA/AMZuucnN_poGynJBa7fwV2x2p0Lpl3EnKw/photo.jpg,"Cute game.I like it,but could be better.",5,67,1.0.2,2019-11-07 09:55:54,,
gp:AOqpTOGhQGzrPmC10Mp5vxieX-e5tdXzmcol5P7hLgswMrSDX_3VguXpcp73-tj9Vf_zhYxfQ89NtBooR4bzpw,#1Fan of Thomasnumber1fan2003,https://play-lh.googleusercontent.com/a-/AOh14GiNLXQTLv1QeqXgM2_9t5UZGBboQgY_nwRNnbJz8A,I like this app a lot But the iPad iPhones and iPods have a better tickler app So plz upgrade the app to be like the Apple devices,3,24,1.0.2,2019-10-23 15:32:10,,
gp:AOqpTOE6yYKgac9pcChx_p2dGtvDFxbS6WIGv29Q8Sw1CWAtbX_I3dpqE3Rs6oZOpPbBYB2b_ryf6SykR2VGJA,Crystal Privette,https://play-lh.googleusercontent.com/a-/AOh14Gj2tjztsmtEfJqyrnNebtUGuBiFqtp7AmhKZ0e1ww,i love it,5,3,1.0.2,2019-07-24 15:10:46,,
gp:AOqpTOFUEyq8RsLXV8uEXT52e2-kp2-DVy8v_RRMjrGPdMRZB4JuO5kZgLTrAZKO5Hu2_K834Q0Hq_IlnEf1Xw,Ko Kyleigh,https://play-lh.googleusercontent.com/a-/AOh14Gi9ra_MaCASbH5AiWjZDkz8QBX2m4eqwxzJOd0xZg,u used to be able to flip patties go jelly fishing and do stuff with squid word UPDATE IT,1,30,1.0.2,2019-06-07 13:45:30,,
gp:AOqpTOGbcu-xyEx4KouZmTLzrR8ITn-nnj2qQLp929-dHWHGwe5KXShS6_46dt3msEO-HD9a2i1L-zVdebRfFQ,StuntPlayZYT,https://play-lh.googleusercontent.com/a-/AOh14GjdJbSVe1hmWCsWuje9yuA-FXE8S0f3E7fAJU0B8A,waist of money,1,84,,2019-03-12 02:10:16,,
gp:AOqpTOHLQXb-W0_1UkeIwif76TfMHVDu_wLd0d9kUGADrytE5qD7qWFc18EwVXxrX90gU4Ki04XBplmiyi-TCg,Artie Romero,https://play-lh.googleusercontent.com/a-/AOh14Gjq6zsE5wNayIG3HKhTOg-OYSYjvsBcN9vCSiiteA,This app for little kids has outanding play value and animation. Recommended for SpongeBob fans ages nine and under. *****,5,133,1.0.2,2019-02-24 15:45:31,,
gp:AOqpTOHx6xmWAb9Gnhrjx3FTLNDO0IUC2NLIv57yacgA-1nP15h275y0urO-LKH9bzypIGL3zyYDSoliBGbXRg,Todd Ford,https://play-lh.googleusercontent.com/a-/AOh14GhK5g-ztzq9RkaOOSdjArmzRwNKQZmm8wkOCTbpFA,I love it it is funny,5,4,1.0.2,2018-04-02 12:52:17,,
gp:AOqpTOFY1TRxo1G9kAcvhyyDIvTeRKXUck9RKPSyNbe571dV_wGyukcccbA-rbYHT784LbZgivu_RUkfPuU8eg,Bababooey,https://play-lh.googleusercontent.com/a-/AOh14GhDbJnbeyK3ey69rsC1K8vhceemzA-3k0YakdyR,It is not worth 99 cense,3,0,1.0.2,2018-04-01 11:00:42,,
gp:AOqpTOFWsC2iFiB0QzNlzFtg84zsvFvt0uaxt_SJpT7U9qIq_l67QaSIrhAZuf9NALo6ewxNMtacqXNdHKdV8w,Emily Partington,https://play-lh.googleusercontent.com/a-/AOh14GhtO56aZqfx_3a557BlYTuxXuVcQGHqDFu3nrfx5w,It's a great game on Apple devices. Needs to have the same features on a droid. Disappointing,2,6,1.0.2,2018-03-05 17:44:20,,
gp:AOqpTOEnRWGK0m7MbsLDv1ETc2w9B7WdJqZyBEr7Q04nbibjl7r7D-SleyfpjyXYdCbFsmxj1zngBZdNA71yIw,Ale DeL,https://play-lh.googleusercontent.com/a-/AOh14GhQAyjvzb_jyEEkpwVxEKKNHy6VTj120-y4U0Ns5w,Boring,5,2,1.0.2,2018-02-11 17:44:59,,
gp:AOqpTOExTKSVdaRwnoIxxsCYCSrHhnyNWRk3r9dEuapf5T0xYEG1GNJclW_RcrfXHW___FKxQtaYv-2RUwMO3A,Casey Baillargeon,https://play-lh.googleusercontent.com/-ORVyk7Y0DIo/AAAAAAAAAAI/AAAAAAAAifs/AMZuuclA-k3jhlEObpkRe04ua6Y9XRSbPg/photo.jpg,More annoying than the show.,1,0,,2017-04-19 05:19:19,,
gp:AOqpTOEtK3cqXw7H_6CG7bdCRky9Tw0jExTSKkJGcrKOlnk65yzpRpI0IJhtV370Dp_r5-F_9kYh6NqUNbeDnw,Nobob,https://play-lh.googleusercontent.com/a-/AOh14Gh0ogZDy87ZE7--zXtIzDuaHyrjMDz8y0XU_eGT,Y CANT THE GAME B FREE iF iTS NOT FUN AT ALL,1,14,1.0.2,2017-04-09 16:50:59,,
gp:AOqpTOFU_9nRgZJAx5-RYcmPYrekZiH_jDCH1gdDUid3-ZK3KZ92GXkHeOb3ofBwxR2fkPc0WcLVCJXY3PgRGA,Shamika Brown,https://play-lh.googleusercontent.com/-cL_xy-rfdiU/AAAAAAAAAAI/AAAAAAAAAAA/AMZuuck2BMq7gQrRfLEw9K9Jf_mHrazVtg/photo.jpg,I really really like that this is what I give you 5 Stars I like that because you get to tickle him he gets to Dance Bethesda and this game is an awesome game I hope you guys like it,5,9,1.0.2,2017-01-01 12:46:03,,
gp:AOqpTOHVvwZG8ckV8PtE1y8UGxVn05PjO1F4SSS93rsYATwtKfvAx3xoFPdXLZo5ZV0yRjybL2nxoRJeVobALA,KirstinBaatz,https://play-lh.googleusercontent.com/-54As-6dBTog/AAAAAAAAAAI/AAAAAAAAAAA/AMZuuclpJI_lWvaB75f7tGFVJL9EOkQeJw/photo.jpg,Worst 1$ I've spent spent money on 49 ○ on a game,1,11,1.0.2,2016-12-31 17:42:56,,
gp:AOqpTOGic8fb9okvGOM1AqqKB6Il-fIbn5eV5ugqlfnPuacnpCOdUpiss4hWso0XJesUysv-EnSDxQb4YR1pMQ,Blakes Mom,https://play-lh.googleusercontent.com/a-/AOh14Gjxho6l8o_Flrs7NyY7Vcy8P1r48XsNRu6X3QTRFg,Cool spongey,5,5,1.0.2,2016-12-22 19:23:32,,
gp:AOqpTOF10zEq_jg_8BWIAmsCEkJYLBHrJILKTgvdU32NAcIHGfiSkwC4supSRcF0gN5mgqdeAZGvYV2SLBeh6g,zdkZAP,https://play-lh.googleusercontent.com/a-/AOh14GinK1P3rYrsaLKi6ndyTmgi2EW0OQ3j8jPYK4cNDg,So bad,1,2,,2016-07-22 08:37:58,,
gp:AOqpTOFcrjUZIyBD1ZmYeu8ciBru5D0-tZV7RB6ds1t-daoI6pa_3H3lRhqxUsm85gBHA7t4k9Gh6kSVAuDuAg,Julian Helm,https://play-lh.googleusercontent.com/-EmjuROlIHwo/AAAAAAAAAAI/AAAAAAAAAAA/AMZuuclLmEf09cr7ONf8limd-oc_B7UDsg/photo.jpg,"my daughter loves spongebob she calls him ""BOB-BOB""so naturally she really enjoys this.she's 2.but you guys should make a talking spongebob i know alot of little spongebob kids would enjoy that.anyways thanks",4,18,1.0.2,2016-07-16 02:45:08,,
gp:AOqpTOEPoslnfa4mCz1euoqtgL8GtTWnWFcwm5Z2XOUR8P6PnKzGwZZ4is2ak-rUwFlWRDIQryHzWge7t4ALKA,M M,https://play-lh.googleusercontent.com/a-/AOh14GiwcKNKf7f7OcKJwQeG999fZOXTUM3DpiWi_lcANXM,I really love Spongebob but this is ridiculous!!  Why are you trying to rip every one off knowing how much ppl love the Lil sponge!! Waste of money PLEASE DON'T DOWNLOAD! YOU REALLY UPSET ME Nickelodeon !!,1,4,,2016-07-05 20:06:33,,
gp:AOqpTOFW1tPoWkK4JTPlNd8J9o3NGXRfyS1UvQ9YSY6SJExqHDzc4ec8x4-movbGFqBFSCFkqKJKhYtD7kCxHg,Javier vlogs,https://play-lh.googleusercontent.com/a-/AOh14GjD8h8swJkvpF9RhRX_xZF8JZc-U8A7Y8bWZHTU,All the games are cool,5,9,1.0.2,2016-05-01 13:15:27,,
gp:AOqpTOFHSSmfoXVmGgwoK6FBzAE24eKsKC76tDK_i8XAYJGY2zM4s0LgdMvs4pjj9eWi_ab-j0WtFSU4VlxgNQ,S S,https://play-lh.googleusercontent.com/a-/AOh14GjyeLcFs45_Uff39989pL6-AMz6YjH9AwlM8imTAA,"This is so limited it's not even worth trying. All you do is pick a background and poke him a bit, which he in turn jiggles a little or says one catch phrase.",1,4,,2016-02-01 18:49:00,,
gp:AOqpTOHo9GGak8y87X73erWtU0aLMj87I5qGw_sYndd8Ko1qkA_v9Dk3IaGvGN5E7GQ0w5okoC2lx9_uStEe-A,Elizabeth Davenport,https://play-lh.googleusercontent.com/-mMVlkdSxiDY/AAAAAAAAAAI/AAAAAAAAAAA/AMZuuclRNnmJiwDoUTYihITSTkLe_V9wGA/photo.jpg,not even close to being worth 99 cents. installed for my son and uninstalled and got refunded my money all in under 5 minutes.soooo boring.he says like three phrases.do not waste your money.,1,3,,2016-01-08 22:22:49,,
gp:AOqpTOEFsegQFx2edNt_-pC_mjCpdemmf055YaavfCbfKg90cbEQe1l_zdTFVKWqofLmo6RqVymv3MgHTYfOrw,LD,https://play-lh.googleusercontent.com/a-/AOh14GgSPXAK254LnN2OQNUDGc7Q1KTARBReSfQ9xbgHsmc,Boring. You can't barley do anything,2,1,,2015-11-07 18:17:27,,
gp:AOqpTOE-PyAhNLYzrZS1y4lazKe5p2mkpPCp81MYDuxd7GDfpHRpxCoKUcC7sdJEkPH-QQAgtVhd6ua_gSUqGA,Virginia Roman,https://play-lh.googleusercontent.com/-Gp4uGKG3dFY/AAAAAAAAAAI/AAAAAAAAAAA/AMZuuclGZpwunN9XC4oKzWRB-UFVnJUkuQ/photo.jpg,BORING,1,2,,2015-11-01 07:27:22,,
gp:AOqpTOEoY1PgM8_kAsI5vzSskDtYPFYO3mXCRviEjpcXGVMp8jsCm0XOeyiosjz9e6hgl7SqSpoAcApzVXyOhw,Landon McAfee,https://play-lh.googleusercontent.com/-N-4spSy_P1A/AAAAAAAAAAI/AAAAAAAAAAA/AMZuucmQ59dnoYm_yYfjEwrAt2xFqfwtcw/photo.jpg,It is the best,5,10,1.0.2,2015-09-18 16:24:19,,
gp:AOqpTOF2rbZ4ez0Yf4OnQM6UTa_ABxKSAKS4umhDJ6wdWtKRMtvDBBjeIsLPZNe4A376xTqE_1t3N7raRZMWww,Halie,https://play-lh.googleusercontent.com/a-/AOh14GidzQfcYass-kkDW4VBYpV1H0OaqBrDpndKKHn3Mg,AND I DID NOT GET MY MONEY BACK PLEASE GIVE IT BACK,1,2,,2015-08-21 06:30:53,,
gp:AOqpTOEHQBeoT85fULtBFQZcPpJccxIHxIsNyCR6AXN5xJAkgIMlFbvpQ6svXK7aW_hmN1Egy6QSsv7G8DX4tA,Jessica Steele,https://play-lh.googleusercontent.com/a-/AOh14GgFVoRoGOP8WHmQpf87sp-iR7WbNI9d6Vic9OAFjKs,"Downloaded for my 3 yr old, not worth it. You can change the background, poke him in the eyes and he will blink, or touch his mouth and he will talk, poke his stomach he might laugh or say ""Hey there""... And that sums it up. THAT'S IT.... The entire app does nothing else!! He does not walk around, dance, or anything. No stimulation of any kind what so ever.",1,4,,2015-05-29 12:55:58,,
gp:AOqpTOEJ7F3adRBFLUh8AAFE0pcpsej2BGhU7MSeYyzkTdRRIG8nd53J-P-Ok20DVcaZNExtZ168Wg5FDDn1vg,Adri345,https://play-lh.googleusercontent.com/a-/AOh14GjHqqcDcX_5gVOuiUGLQ7IrDJQRdv6Y3CwMWNgl3g,Loved It (Lo Amo) I'm 7 years old (Tengo 7 Años) I'm a huge SpongeBob Fan!,5,3,,2015-03-01 10:07:02,,
gp:AOqpTOHU1o-5ZiogeaJ-s-QWJ4RZW0Ih_SUXrFPqPjjEpJU2CIIonKSAY64SMI3QKHuFsXvqpP_j2OKa5wI3Zw,amber meader,https://play-lh.googleusercontent.com/a-/AOh14Gg0fwiBQ9hBlVLu4HfNZaQE6KEEwuvh-xkPJE74Z8o,This game does pretty much nothing it isn't worth anything. It sucks so much I want a refund.,1,3,,2015-02-19 07:52:50,,
gp:AOqpTOGBwoSNmldT5mEhzpelnC0K3t2SW5aLmBE4n2O4BHwx7CWLiT9HmyBJZI4dvOKDngHzSXA6Jhvv7H8sJg,Paula Shank,https://play-lh.googleusercontent.com/a-/AOh14GjkH4RUxkWQsJbancgc0x-DmeirAocJN3wICIeg3w,This is a great app for my 2 year old who loves Spongebob!,5,19,1.0.2,2015-02-01 11:57:36,,
gp:AOqpTOFWNGvdbNaFIMZ8BahsM6tKI6oyxu9squdePWpuQX7AvJ9sB6LClXKy1eDAZmU_1zh-9-uszcOtgolnjg,Hale Kantasingh,https://play-lh.googleusercontent.com/a-/AOh14GiLm4EzpoUdkkfPvkRKQjF04T5WrddsTpA5P2ORxPs,"The apple app of spongebob tickler has Patricks , squidward and krustys places to tickle and each one let's you play a game by swiping to the right, would expect the the same app here, disappointed",2,159,1.0.2,2014-12-22 17:15:46,,
gp:AOqpTOGDPEUIKAVP9XTQ-VwYlGDhHtqgrQsIbCGZtnxZf91KMiyNZK875QsptWKBsviF077mVlMr5x_PIVx_Hg,Alistair Smith,https://play-lh.googleusercontent.com/a-/AOh14GgQta1DE5jxU3fZBOr3TPWT-lzk3IbYnjYiKxoEpw,It stinks,1,14,1.0.2,2014-10-01 12:45:16,,
gp:AOqpTOFHAI7ZqZLrwcpfTtG4kFU9YbKrtKyYaz-dpEB5ljXlXbwwaxAkzX09PBJhK2xO4VYLa3aOU-KOQWdU5Q,Tremayne Spriggs,https://play-lh.googleusercontent.com/a-/AOh14GgngtLXUCs1rqvSYcXJbPJcvCrH33BTxEeN2IuAMg,Awesome,5,3,,2014-09-28 15:26:30,,
gp:AOqpTOGsdMxTeqEPc5G-IyyqyiQIFQ8NnA6Fe_qfWLDvBuafy_FoHa5tNzpXI9sZnC7gWWCTcinxJjWebtmj6A,Jana Otovic,https://play-lh.googleusercontent.com/-E-VhcEq7q4w/AAAAAAAAAAI/AAAAAAAAAAA/AMZuuckSIf0GDxyLH_wK24xH_v5c_cexrw/photo.jpg,My son loves this game! So does my daughter! An awesome game!,5,12,1.0.2,2014-08-24 16:25:42,,
gp:AOqpTOFPU3inKaAdaDcnltxISKRS6kCZpUTdZUSP4qJM634jf5fWmuMepc13FarAw06CSp_6mUermgi947HrjQ,Travis Ozanich,https://play-lh.googleusercontent.com/a-/AOh14GjJZh9SP_3C70YXMFw-robOf-MJcOrsAYX8tnYwJg,ilove it even know im 7,5,15,1.0.2,2014-06-26 20:26:07,,
gp:AOqpTOE1alSUiJjlfuqHAfh8lowKWN60mjsdlC-WGNCDRRsbDN2QOLBue6zhxlpizrVUq1ZqGfsVUIPY95Remw,ken kicen,https://play-lh.googleusercontent.com/a-/AOh14GhhyMFVi_LPBDA9B_DItYzNYizbiEsIzBBPBlKi6g,My 2 year old loves this. Just wish there was a way to lock it while its on,4,48,1.0.2,2014-05-14 15:40:41,,
gp:AOqpTOHS5wVVemglDBZ5O8NwAiEfG9sPgFBZvhi25Vy9fD1P87_oLAKszDim66dqRtZfoUoE8xf4NpZj4XoB8Q,Nicholas Powell,https://play-lh.googleusercontent.com/-v2VHduE2itY/AAAAAAAAAAI/AAAAAAAAAAA/AMZuucnuT5ZEnJHhJysiexNVeFT3wIaUSg/photo.jpg,This is an excellent app for a child. I think that's one reason many here are disappointed; it's intended for little kids around ages 2-5ish.,5,46,1.0.2,2014-04-20 08:19:27,,
gp:AOqpTOGECyfu2nSshaxBPzvzcpEiZQvwmi8c_z8Gg39B8v7OmxLizXJZEt_mJTHxQYrDV0boZWl26GDgk2VjoQ,John Rau,https://play-lh.googleusercontent.com/-e2sZPhcORSk/AAAAAAAAAAI/AAAAAAAAAAA/AMZuuckd7AdRE7gFhTQ5zTsBOU8_1l8cpg/photo.jpg,No real point I expected more... this should be free,3,6,1.0.2,2014-04-01 19:11:16,,
gp:AOqpTOFXLj1AxSL1EEedOFZl8YbyxvFDefr7smiANE9kyo7ObypuEMFHof1T9InxeEHDTZ3Q8_KEyjFrfsAeGg,Kara Gunter,https://play-lh.googleusercontent.com/a-/AOh14Gg0rZMkl-ERL2HDiJNSCF_m1j38te1QUd8wADXT,I don't like it at all. All you can do is tickle him.My baby sister loves it.But I hate it. ♥★◆♥♥♥♥♥♥♥♥♥♥♥♥♥♥♥♥,5,22,1.0.2,2014-03-27 12:45:47,,
gp:AOqpTOFYU94sj8grfiAQTajFM4QkwA5jDy-Sr4R7mozIvRSNVX8RS7yrTq_16yLBtE56_uSGzDa-iNaOZIiHUQ,K1R0,https://play-lh.googleusercontent.com/a-/AOh14GjGKY7U2zJQ1jyOkUxkjX7gc5jtKKmun9FT7Q5EMqY,,1,8,1.0.2,2014-03-15 16:20:04,,
gp:AOqpTOHuoneaflsCkIyvm2YJYvcbyt7OW_4K2JN0-gRKvcp4-KxMaWqcOlw_6xDtl7E6wzAgFPkfuCMy9Jo3mg,The Blue Fuzzy Dude That Can Teleport,https://play-lh.googleusercontent.com/a-/AOh14GiSDGDDaK55TTZ98tvLrXSlqFy8tG9BTroJ67Qdmg,,5,7,1.0.2,2014-03-13 19:27:15,,
gp:AOqpTOG1JwWco2SNEPqdV5-WY3isWEr0Xy24pyYlolzxwn8GH3SWPyH2R-LJuWwWKtz7eH3HET_ZB85x6FqEaA,dukc,https://play-lh.googleusercontent.com/a-/AOh14Gg88p0xuKFGfCay3UcM7PwFyxSGBI6zZpnagd42,"I bought this app a while ago and when I opened it it closed with a message saying ""Unfortunately Tickler has stopped."" It still does this. If you can help with this I would appreciate it. Good day.",1,29,1.0.2,2014-02-26 18:26:25,,
gp:AOqpTOGRRkHbVdfo-VVFwYGJ4XkNigOrYry2yEimLqtXEBD0D0OYmJq10fpWlOq-p1PQjXeFNX3-fWyLOE9sdw,Savanna Bolen,https://play-lh.googleusercontent.com/a-/AOh14GjFLzUcH5OZwwMuxHP2RfiyLd3qRKGsmKEsc1fsPw,"I'm like the biggest spongey fan ever! But when I got this I was extremely disappointed. I was expecting him to say something or maybe actually move around or dance even! All spongebob does is move his arms and eyes, and they just wave around a bit. He'll laugh and say,"" I'm spongebob squarepants. You can change the background but that's about it. Waste of time AND money",1,408,1.0.2,2014-02-20 20:33:53,,
gp:AOqpTOGEnbnotzbwzFC2K7NXVaa9ak1kmgLjPz_zeDKKBdj1jnE1kLcmHXuo-cw9ALeil1dJySmIBDO5P6wFfg,Alyssamarie Smith,https://play-lh.googleusercontent.com/a-/AOh14GgCj5dIizBVXVnSK3QwiCgsWuvN1fidDpRPL58tSUo,My nephew kept running around here and there and I bought this app to see what his reaction would be. Instantly he held my phone and was hooked for a while!!! Eventually he fell asleep and his parents thanked me. Haha. Great job Nickelodeon!!,5,161,1.0.2,2014-01-19 19:58:59,,
gp:AOqpTOHsRvND2xYxd7UgFpqdlyI111z9aJKbJMG3YguRub2lwHabhntPvhxGil1NZGiqQcEKLtnnmk3rtgc13w,Mike Cleary,https://play-lh.googleusercontent.com/-x-cs5cEKnzk/AAAAAAAAAAI/AAAAAAAAAAA/AMZuucmGDHkcHk8NtogLwz8TXF7lEdKxww/photo.jpg,It sucks,1,14,1.0.2,2014-01-18 08:51:49,,
gp:AOqpTOElldwikS6zzBHaQHA0Nezl9sqH_Vdo4V24PBQ15aO05ASCo9Cc0L9BYZzsekCDQT7dp8quSx6_oj4owg,Rosanna CoBo,https://play-lh.googleusercontent.com/-DKVzJQjsUEE/AAAAAAAAAAI/AAAAAAAAaJ0/AMZuucmcRqFz0wKqV4XPX0tY9wKeFaB00Q/photo.jpg,Its a vert good cool app,5,12,1.0.2,2014-01-11 21:36:36,,
gp:AOqpTOGUKA5MIT6EUHrMBYE5CGRl-sEEv5wbPdRgDnSok-pJSdw-Wkvn7HHaOU0MbZoUEecFFk2qmEY7cysvXw,Samantha Layne,https://play-lh.googleusercontent.com/a-/AOh14Gi-kr_IsXlGclC17dcr-2pjv3fIk7QNyPFsxpUyzA,My son will love this,3,1,,2014-01-02 02:58:23,,
gp:AOqpTOGoCrnkdDwjQzvjLZCfYQWFHThKQAi-8oFktZ2Tr3BEnLgrpdJq4k4Q6gZfW1AmLl9iMecsnFr89MHBsg,Ben Callaway,https://play-lh.googleusercontent.com/-IxmvF03qmDg/AAAAAAAAAAI/AAAAAAAAAAA/AMZuucnHhmxQBYqMtFTTOHWXAIlTIBcSVQ/photo.jpg,Cool,5,3,,2014-01-01 21:14:32,,
gp:AOqpTOF6txfcHZ8fznK1B2nvA0hk5ss1k6j72YYdp7JhbDEvE43lzTUm496JFFEN_VXDZHfsYabxsgVDtDMsyQ,Matthew Montgomery,https://play-lh.googleusercontent.com/a-/AOh14GgReuluSx_aXSgDbUXEMdp2867b4q-PC1UhLgsd,Kinda lame Poooooooooooooooooooooooooooooooooooooooôoooooooooooooooooooooooooooooooop,2,7,1.0.2,2014-01-01 17:02:20,,
gp:AOqpTOExVqJ5fiPR7wACSWkrQGzjvhKqXVmvsyAkoJJR3nhhrMdr4nBKEKjFW0eGQbgJ-JrCok_uAW64Pntr8Q,stacey malone,https://play-lh.googleusercontent.com/-EtOmJMwgUaU/AAAAAAAAAAI/AAAAAAAAAAA/AMZuucllND3-Es8KIGhdOGZs-oBGMGEL8w/photo.jpg,I want more than spongebob I want sqiedward Mr crabs sandy Patrick I want that update,1,24,1.0.2,2013-11-11 16:15:29,,
gp:AOqpTOFGvTsjhHaEgwborsLgyWt_kfSf7t5zH9PBbS9tRTmQzkjQ1GNIL1XgOxHv06Yb7jxwR8yafW9s3xs79w,Essence Harris,https://play-lh.googleusercontent.com/a-/AOh14GiEilNjA11SHxSfx5OpOZqMTJ7STL1gsb9tHWiFvmQ,Very cute the first 5 mins my 2yr old got bored quick.,3,1,1.0.1,2013-05-26 18:55:35,,
gp:AOqpTOGIawuIQkqZQaLid8u-uDCVvX0C1RoHoPKldzFiRoAJXrpCmJWHQG6kwwMM1OPcPNqH2WgM2tPot9GvzQ,Joshua Roberts,https://play-lh.googleusercontent.com/a-/AOh14GgHJRfNQIHZlOX8v08YK7-J8aozUDAQQngB0Xtx1g,This is unbelievably entertaining to my 2 year old and it makes me laugh to hear him laugh I would add though that you should make more animations for spongebob and packs for all the characters. 1$ per character in same app and you'll have a top app.,3,2,,2013-05-20 08:08:58,,
gp:AOqpTOEvZG7wvouankWUS96n0xcRvequzypeLtluXXL1NiJlRSMaA3Y5bGBPU9ORRO_K9Eztrq5Jf6x_ZH-hrA,Joseph Chavez,https://play-lh.googleusercontent.com/-bMqiNgvcI5Y/AAAAAAAAAAI/AAAAAAAAAAA/AMZuucl49G16x8v_Jn3YNvn25wS6el9U_A/photo.jpg,It sucks I playd it and for 3 minutes and it sucks im 7 I no good games,1,8,1.0.1,2013-03-20 21:41:25,,
gp:AOqpTOH9K2r0GzyNWRV5KmYGOVTgCoRJYzBiv5fXj1p5D2j-ZSMj6dtt2LI2Q6uxp4IevCsRNm4BGExc_Fv0zw,Maira Ortuno,https://play-lh.googleusercontent.com/a-/AOh14Ghd3DPnlGGWapIlmMgxswACPSTQANq6tKuPe8SEZ8s,Sucks,1,3,1.0.1,2013-03-17 10:27:32,,
gp:AOqpTOEB7aHJ9idtWQ7yzFIR5qvKmIh78H_JR3Su-rVH_xPkAkhsX-uLIyvszE1DUoBmAFlu89I21LvvYSxthQ,Jen Schon,https://play-lh.googleusercontent.com/-ayoLdI9RtTk/AAAAAAAAAAI/AAAAAAAAAAA/AMZuuclcCxt0q9y960t_Yr4ts5MiM2J-rg/photo.jpg,YES IT MAY ONLY COST NOT EVEN A DOLLAR BUT NOT WORTH A PENNY!!,1,7,1.0.1,2013-02-26 22:06:04,,
gp:AOqpTOHDiKcXMTykzhBemft1tS43WwSVbd70G9Q3zmzgALeR-Mos8kCNZPvqszcuWLErOWF2y58PT5K8v_16sg,Linda Hunter,https://play-lh.googleusercontent.com/-hnm7MpcyYww/AAAAAAAAAAI/AAAAAAAAAAA/AMZuuckdhdY_MjDawIqbkug0qjDKJ3M7vA/photo.jpg,VERY BORING!!!!! I bought this for my 3 year old grandson.  He played with it for 3 secs. Thank God it was  only 99 cents.,1,11,1.0.1,2013-02-03 18:09:25,,
gp:AOqpTOESZJHKb4NcJAxSUXn0rV8cq0nlQ1_ok6r_59bw3ZA-heXitP3_WaTJHTZZfm1c9xR_sGKsj68YdPwBRw,Brent Ancheta,https://play-lh.googleusercontent.com/-b_mq6iuAx38/AAAAAAAAAAI/AAAAAAAAAAA/AMZuucmRho-BpSpgbKl_KunxVgYXOZ5Adg/photo.jpg,Waste of money and BORING!,1,8,1.0.1,2013-01-23 13:09:25,,
lg:AOqpTOFqK-qVJ57KCyGzCbmMKOFpD4xZJ0ahA2L4aJrrVxqCbzRZxyuYRlcxdtVLIyfz80vG9ESmdGse0RQSXg,A Google user,https://play-lh.googleusercontent.com/EGemoI2NTXmTsBVtJqk8jxF9rh8ApRWfsIMQSt2uE4OcpQqbFu7f7NbTK05lx80nuSijCz7sc3a277R67g,This app is worthless. Yes kids love it for two minutes then bored. Worst buy ever. Never gets updated.,1,4,,2012-12-28 17:26:52,,
gp:AOqpTOGtuSZDEc-o9oKBBy458TlwPySBDqlFi2HOKiKFKB1vVA2lexSd-GQck8XwFNBnKVuCsBwxmukl7k-NyQ,david saddam king,https://play-lh.googleusercontent.com/a-/AOh14GhOtRxcWgz0altTkS1A2D0FvshVaTghNpd1jHbz0Q,"Come its for babies when,spongebob is for 5 till 10000000!!!",1,10,1.0.1,2012-12-25 17:17:34,,
gp:AOqpTOFiWoc1lSL5mnvfwIPgKhlMFC2xxSARdI2hd1xqf4VyDFn-KV1frZsWijNTHlwAUlWcRZmzclVQ-UWUrA,A Google user,https://play-lh.googleusercontent.com/EGemoI2NTXmTsBVtJqk8jxF9rh8ApRWfsIMQSt2uE4OcpQqbFu7f7NbTK05lx80nuSijCz7sc3a277R67g,Needs more features,3,0,1.0.1,2012-12-23 12:59:02,,
lg:AOqpTOHkZajRlkpvtQH2tCmDokKNn0ZnfzFWeOnTlNTD1wkoz_Csrm55Q1fjNnr8q_jil12_7R1dTKmN8IP9Hg,A Google user,https://play-lh.googleusercontent.com/EGemoI2NTXmTsBVtJqk8jxF9rh8ApRWfsIMQSt2uE4OcpQqbFu7f7NbTK05lx80nuSijCz7sc3a277R67g,My boys grab my phone and try to say spongebob.,5,6,1.0,2012-10-04 13:24:47,,
lg:AOqpTOF2zRD4q1vpZbJxXREP7Yw8nQc3jOqIAvkKr74Tb25Qg_Mg0Aes3jev7_9mDEwwcC6pcgAlrQkT98pABw,A Google user,https://play-lh.googleusercontent.com/EGemoI2NTXmTsBVtJqk8jxF9rh8ApRWfsIMQSt2uE4OcpQqbFu7f7NbTK05lx80nuSijCz7sc3a277R67g,Add more actions and reactions. 3 year old was bored in a few minutes.,1,2,,2012-09-26 12:12:14,,
lg:AOqpTOFyPdu0irWboyQoIHSBbKZldjAg9hz3Qt5uc_9HfuUXN81tsHWRYuAKQVtMd96ZtqzMvTCOH_QkSmqneA,A Google user,https://play-lh.googleusercontent.com/EGemoI2NTXmTsBVtJqk8jxF9rh8ApRWfsIMQSt2uE4OcpQqbFu7f7NbTK05lx80nuSijCz7sc3a277R67g,KOBE,5,4,,2012-09-24 12:59:29,,
lg:AOqpTOE6HcWF6U9st0DpK8R6o2UuP1k_arjo8r8BFwe_shFK4RZIdMvvSOZLa-VCCS_tgNNs86mMs2Tc5bHXSg,A Google user,https://play-lh.googleusercontent.com/EGemoI2NTXmTsBVtJqk8jxF9rh8ApRWfsIMQSt2uE4OcpQqbFu7f7NbTK05lx80nuSijCz7sc3a277R67g,Love it,5,4,,2012-09-23 21:54:32,,
lg:AOqpTOGbOnV5125cgqsos-aAfeW2SadI8EpgEz-aSEEtJVS0gMZyT5M0V8K5zim9li7t3iktWJGiGzc_FsaWaw,A Google user,https://play-lh.googleusercontent.com/EGemoI2NTXmTsBVtJqk8jxF9rh8ApRWfsIMQSt2uE4OcpQqbFu7f7NbTK05lx80nuSijCz7sc3a277R67g,My kids go nuts for this game :),5,4,,2012-09-21 14:23:44,,
lg:AOqpTOHDhhUOvCpw-RRz16DvuRzX8kDP3MrqDM_Qf80wfODPLEgwekojjXYoN_b0v3hI7CrRv8_EMGTtyj9qkA,A Google user,https://play-lh.googleusercontent.com/EGemoI2NTXmTsBVtJqk8jxF9rh8ApRWfsIMQSt2uE4OcpQqbFu7f7NbTK05lx80nuSijCz7sc3a277R67g,Good,5,5,,2012-09-06 09:23:58,,
lg:AOqpTOGt2u5TOjKjH0HUf5wHt5C0PjepADxHAYS4sS_g3YkGxT3f5ejDC2PQJAWqm9v_F7LP7v0aisZFB_9d7g,A Google user,https://play-lh.googleusercontent.com/EGemoI2NTXmTsBVtJqk8jxF9rh8ApRWfsIMQSt2uE4OcpQqbFu7f7NbTK05lx80nuSijCz7sc3a277R67g,My son loved it.. but after five minutes he started getting bored of doing the same thing over and over again.... maybe if they can switch characters and they did or said more stuff it would be more fun/interesting... nice game thought .. just needs a few additions,4,30,1.0.1,2012-08-29 13:11:41,,
lg:AOqpTOHcUD3Rv617lKNBDx_9NF3fdB9jQL5CqJTGT8aO3GPU-MnNRtnoLcZb9Emzl0bLoWapOJVFgJdt0sI1vg,A Google user,https://play-lh.googleusercontent.com/EGemoI2NTXmTsBVtJqk8jxF9rh8ApRWfsIMQSt2uE4OcpQqbFu7f7NbTK05lx80nuSijCz7sc3a277R67g,Its OK but I dont even know how to get it on your start button??????,5,6,1.0.1,2012-08-21 04:20:57,,
lg:AOqpTOGWzsxDyiK4qCd7SlDZlVOKjsV2xt8avC2ucShMpU6CBw1CyfdNUlMXihMyjaOt2NaMTsc5yhqvkS77CA,A Google user,https://play-lh.googleusercontent.com/EGemoI2NTXmTsBVtJqk8jxF9rh8ApRWfsIMQSt2uE4OcpQqbFu7f7NbTK05lx80nuSijCz7sc3a277R67g,Needs more functions but other than that....perfect,4,3,,2012-08-18 11:30:34,,
lg:AOqpTOE_gcCBhgFT7vfGhNLKf4exdRm4mOIdtQycipW0_lO0C-JUr0BxBAB0_TimgpnIunha6VeLxIvh7MaF2A,A Google user,https://play-lh.googleusercontent.com/EGemoI2NTXmTsBVtJqk8jxF9rh8ApRWfsIMQSt2uE4OcpQqbFu7f7NbTK05lx80nuSijCz7sc3a277R67g,Boring! Waste of money.,1,8,1.0.1,2012-08-15 19:05:17,,
lg:AOqpTOFPbcf8zaCpMP5Tg2Dsgn0OWgZfgFyadiwLIdYHTZNWEhaL1wKGK8hIhIK0nNYCA0Ff3cAvUfo_44w7Nw,A Google user,https://play-lh.googleusercontent.com/EGemoI2NTXmTsBVtJqk8jxF9rh8ApRWfsIMQSt2uE4OcpQqbFu7f7NbTK05lx80nuSijCz7sc3a277R67g,Goodjob,5,5,,2012-07-17 15:24:54,,
lg:AOqpTOEUYJ1OoBqq6M39t4w-NTXjL3407x7mA5DXCpDhzufr1FAblMCEicpMyJ8fCj0N28x9j1PinS4NOqmtdA,A Google user,https://play-lh.googleusercontent.com/EGemoI2NTXmTsBVtJqk8jxF9rh8ApRWfsIMQSt2uE4OcpQqbFu7f7NbTK05lx80nuSijCz7sc3a277R67g,Where are all the mini. Games ?,4,1,1.0.1,2012-07-07 09:57:12,,
lg:AOqpTOEmZTJco55PCGzaBQ8EJKFII5-qAfMCGOH9MHICN-IWqBcNETk20UIhOdiEHtv-RLMl-8HdJ_IDVL1EGA,A Google user,https://play-lh.googleusercontent.com/EGemoI2NTXmTsBVtJqk8jxF9rh8ApRWfsIMQSt2uE4OcpQqbFu7f7NbTK05lx80nuSijCz7sc3a277R67g,I dont get what u r supposed to.do,1,6,1.0,2012-06-27 05:49:00,,
lg:AOqpTOHPDBz7CHuIETGi-g4LzhQZKY0VMrT2SLhD4pGxi4zuMssNkRIrF95X2Dz3XxXSOXoFS3fO2JIbHVVttw,A Google user,https://play-lh.googleusercontent.com/EGemoI2NTXmTsBVtJqk8jxF9rh8ApRWfsIMQSt2uE4OcpQqbFu7f7NbTK05lx80nuSijCz7sc3a277R67g,Needs more,1,3,1.0.1,2012-06-16 20:50:31,,
lg:AOqpTOGZnxuVg9V3Xr_OYq-XgRs9fRsnMlB91Z6a_Ob2IoA6xbCzYBjUTYhiKZLWUDwm7Fe9vX9ttFs6bBDHKw,A Google user,https://play-lh.googleusercontent.com/EGemoI2NTXmTsBVtJqk8jxF9rh8ApRWfsIMQSt2uE4OcpQqbFu7f7NbTK05lx80nuSijCz7sc3a277R67g,Sweet more updates plz.. Lol,5,9,1.0.1,2012-06-14 11:01:01,,
lg:AOqpTOHWhMmgIVfasJb7kpcXyxETJlPKVp660UWr42Xmg2HPhMRH6jf_2sz_EzdHrfWgkuRzBM2QqAzu_lAFjw,A Google user,https://play-lh.googleusercontent.com/EGemoI2NTXmTsBVtJqk8jxF9rh8ApRWfsIMQSt2uE4OcpQqbFu7f7NbTK05lx80nuSijCz7sc3a277R67g,This AP sucks... save your money! It doesn't do anything and there are no games to play. The only thing you can do with spongebob is poke and stretch him.,1,4,1.0,2012-06-02 15:31:21,,
lg:AOqpTOErYaAxzx1mIbTE41bkvo3yc2aIMzixsS6dzO8LDeHVG39Q0xwQE8-131ayBDU5V2b9F_RwzUof4FkPbA,A Google user,https://play-lh.googleusercontent.com/EGemoI2NTXmTsBVtJqk8jxF9rh8ApRWfsIMQSt2uE4OcpQqbFu7f7NbTK05lx80nuSijCz7sc3a277R67g,My son loves this,5,4,1.0,2012-05-29 22:31:13,,
lg:AOqpTOEh0mUQlx-9Ntg9DJTiGHmhgE0AmHQF5Buj5UcRyxsxiYO4TDPWGRY-lxMrKxq2Th4gJwX-fE5PgPMLGQ,A Google user,https://play-lh.googleusercontent.com/EGemoI2NTXmTsBVtJqk8jxF9rh8ApRWfsIMQSt2uE4OcpQqbFu7f7NbTK05lx80nuSijCz7sc3a277R67g,My son loves it,5,2,1.0,2012-05-15 07:44:03,,
lg:AOqpTOEnVA5xo0bZfMV4wVaFWq_cnOoqr0iqmRtNEkZVIbEaebvmo4nL-GtyGJuhOlTj-AAPkfy48q-IamNtKw,A Google user,https://play-lh.googleusercontent.com/EGemoI2NTXmTsBVtJqk8jxF9rh8ApRWfsIMQSt2uE4OcpQqbFu7f7NbTK05lx80nuSijCz7sc3a277R67g,Love,5,4,1.0,2012-05-10 20:24:39,,
lg:AOqpTOEdmCrnHcLaLouo20nVNqea7Xtf9XdHW48GFb5XUUGNa07tCz6DYuKd8RLyZn5so4KVIdvxACHigsFuaQ,A Google user,https://play-lh.googleusercontent.com/EGemoI2NTXmTsBVtJqk8jxF9rh8ApRWfsIMQSt2uE4OcpQqbFu7f7NbTK05lx80nuSijCz7sc3a277R67g,"My 7 month old son loves this app, but gets very fussie when the screen exits out. Highly recommend that this app gets a screen lock setting.",2,5,1.0,2012-04-29 14:14:23,,
lg:AOqpTOGAncFHyhlw8SaG9Unktng5_SpqvcwiFizGwmw0WzX--U0vi3gttJGanmBDYpKv-gE8KabPvwggI_BFhQ,A Google user,https://play-lh.googleusercontent.com/EGemoI2NTXmTsBVtJqk8jxF9rh8ApRWfsIMQSt2uE4OcpQqbFu7f7NbTK05lx80nuSijCz7sc3a277R67g,To buy this app...,1,6,1.0,2012-04-22 13:06:46,,
lg:AOqpTOFCTDM14ixJv2q1ZU2-OrKYY2vedAekEg9OxJ2DsYFUiWFDyw8pysUEEOyVKSsTxJQP1S9SNdBPN-RQsA,A Google user,https://play-lh.googleusercontent.com/EGemoI2NTXmTsBVtJqk8jxF9rh8ApRWfsIMQSt2uE4OcpQqbFu7f7NbTK05lx80nuSijCz7sc3a277R67g,My daughter loves the app. She learned where her eyes are because of thus app,5,5,1.0,2012-04-07 20:31:38,,
lg:AOqpTOFzwEkRPgbAIczA7tGAztuy5jAGLyg7McsQ7A0ADnBOcj36WHQ6s6jAhDnk9KA8eWQ1JpEpF0bPAuvPZw,A Google user,https://play-lh.googleusercontent.com/EGemoI2NTXmTsBVtJqk8jxF9rh8ApRWfsIMQSt2uE4OcpQqbFu7f7NbTK05lx80nuSijCz7sc3a277R67g,S,5,4,1.0,2012-03-26 19:11:07,,
lg:AOqpTOFvsogZTeMtgcLQzzAyGmzr5MhBNuAkD2faukMMxRs4EN3QTA8_2UtXrk6vIl5wbDhhg7N_w9W2vxe5_g,A Google user,https://play-lh.googleusercontent.com/EGemoI2NTXmTsBVtJqk8jxF9rh8ApRWfsIMQSt2uE4OcpQqbFu7f7NbTK05lx80nuSijCz7sc3a277R67g,"Worst 3 bucks I've spent on an ap. It doesn't really do anything. Save your money, don't buy.",1,13,1.0,2012-02-28 23:44:23,,
lg:AOqpTOGOafMsojM8MkTaStEI_vfrUskfXawoYbkkeDg4iXENImr9Yt377D2XZH-RmYFxB2_HANyQR88NgdeoYg,A Google user,https://play-lh.googleusercontent.com/EGemoI2NTXmTsBVtJqk8jxF9rh8ApRWfsIMQSt2uE4OcpQqbFu7f7NbTK05lx80nuSijCz7sc3a277R67g,Doesn't work correctly sorry,2,3,1.0,2012-02-24 11:34:00,,
lg:AOqpTOFVI04tOx18Xm045RuR7ePX-bik66mEDFuMEXnh3tFE40PUgAoRU0m1260GFeA8cBf1k2bit-ZtDobrvg,A Google user,https://play-lh.googleusercontent.com/EGemoI2NTXmTsBVtJqk8jxF9rh8ApRWfsIMQSt2uE4OcpQqbFu7f7NbTK05lx80nuSijCz7sc3a277R67g,Does nothing,1,4,1.0,2012-02-23 19:32:36,,
lg:AOqpTOHW5Sz95Ni9Tvuiu44MKoELfx--cc0cS6wVmcGR8mXObxBIIRztDDCDnD5n5uVOI8XnuZ3BFjJXazJSmA,A Google user,https://play-lh.googleusercontent.com/EGemoI2NTXmTsBVtJqk8jxF9rh8ApRWfsIMQSt2uE4OcpQqbFu7f7NbTK05lx80nuSijCz7sc3a277R67g,Wouldnt even add my review cuz i bashed this game so bad. Terrible app even if it were free,1,9,1.0,2012-02-01 18:02:30,,
lg:AOqpTOHPA0fDSOOqfLdakty6TJ5opAsd68CRFHDLT-vUYnDPas8aycxjPeXEdZ1FETfAY2ugO_abSphhcvJuFw,A Google user,https://play-lh.googleusercontent.com/EGemoI2NTXmTsBVtJqk8jxF9rh8ApRWfsIMQSt2uE4OcpQqbFu7f7NbTK05lx80nuSijCz7sc3a277R67g,"My 2 year old loves it, but while playing, keeps exiting out.  Needs a setting to keep app open.",3,11,1.0,2011-12-13 18:50:15,,
lg:AOqpTOHcE_FUEc3T4MvfGq9VFzRf3d-wtDAeHd-Lh47QlEi2QjRbPw83irzxSGJswx3C0MdV5DcpukVyPfhGxw,A Google user,https://play-lh.googleusercontent.com/EGemoI2NTXmTsBVtJqk8jxF9rh8ApRWfsIMQSt2uE4OcpQqbFu7f7NbTK05lx80nuSijCz7sc3a277R67g,Needs more controls,1,7,1.0,2011-12-12 12:26:30,,
lg:AOqpTOFKSZ847j08w6Dkh1lOGbS7_D_84qamI_dbKgZzyIGw8KKArciYp2nA2Hnp4A9_Uv-8OlL22AxLaXW88w,A Google user,https://play-lh.googleusercontent.com/EGemoI2NTXmTsBVtJqk8jxF9rh8ApRWfsIMQSt2uE4OcpQqbFu7f7NbTK05lx80nuSijCz7sc3a277R67g,Dont download,1,7,1.0,2011-12-03 06:53:32,,
lg:AOqpTOFYANNgI-Kw0uPFp3F8S1hkt-kLulsiLv-Qc4kQQAwlFofNrYofq1dAH1pZKBL-u2xox_Eqj5cN3VxPkw,A Google user,https://play-lh.googleusercontent.com/EGemoI2NTXmTsBVtJqk8jxF9rh8ApRWfsIMQSt2uE4OcpQqbFu7f7NbTK05lx80nuSijCz7sc3a277R67g,Needs to be abled for app 2 sd! Then 5 stars!,3,3,1.0,2011-11-28 00:05:05,,
lg:AOqpTOFirBBTfQU-BXWuFJbarEbrSsG2ngX4i5OfZjtnDZ3ntQNE821z_8aFLvXmpPBPcyjShpTpF19eyvmL2A,A Google user,https://play-lh.googleusercontent.com/EGemoI2NTXmTsBVtJqk8jxF9rh8ApRWfsIMQSt2uE4OcpQqbFu7f7NbTK05lx80nuSijCz7sc3a277R67g,My son loves playing with this app,4,2,1.0,2011-10-30 06:23:59,,
lg:AOqpTOH1iDgLrPpntgvA6jCPYoQbjlZYzKgqsFzrqVMDaQxtN36SrTd6q4f8CgaR9on8iU0_GGgFS7Rr8MxSpQ,A Google user,https://play-lh.googleusercontent.com/EGemoI2NTXmTsBVtJqk8jxF9rh8ApRWfsIMQSt2uE4OcpQqbFu7f7NbTK05lx80nuSijCz7sc3a277R67g,"My 3 year son bought this without me knowing. Since he enjoys it, it is fine with me.",4,12,1.0,2011-08-28 13:07:12,,
lg:AOqpTOHq7CvDSQXqoJ2r-ji6tqnkQFoFttKwCJXNAHGD1C3U631a0163wG8OYE8OcpuDWfrPxGb2MEn87tP2fA,A Google user,https://play-lh.googleusercontent.com/EGemoI2NTXmTsBVtJqk8jxF9rh8ApRWfsIMQSt2uE4OcpQqbFu7f7NbTK05lx80nuSijCz7sc3a277R67g,Doesn't do anything really. Epic fail for interaction responses.,1,8,1.0,2011-08-17 12:07:37,,
lg:AOqpTOEotL3iz8QtjqroBU1L2V-K45Z1rn9fazhBHBfgaRBN0rSHSg6zABLoG7c3EDaYBK1mpVwN_6tLr9KCCg,A Google user,https://play-lh.googleusercontent.com/EGemoI2NTXmTsBVtJqk8jxF9rh8ApRWfsIMQSt2uE4OcpQqbFu7f7NbTK05lx80nuSijCz7sc3a277R67g,Boring,1,11,1.0,2011-08-12 15:11:06,,
lg:AOqpTOEx-MO6wWHs99GcLdurkI1wjQunB_FT7j-qWM_uhbD49vpxGJ-KJDPGkFoZH3fMjYMTCEMfRejfDdyZ3A,A Google user,https://play-lh.googleusercontent.com/EGemoI2NTXmTsBVtJqk8jxF9rh8ApRWfsIMQSt2uE4OcpQqbFu7f7NbTK05lx80nuSijCz7sc3a277R67g,It ok nothing special,2,5,1.0,2011-08-07 18:20:53,,
lg:AOqpTOFkzDUNT_HPM6_NkgV5FJJneVwlcEfZm_fw11I1w2qn9W8o1-TGgSvS_sqeum7Uw3JVTmpVZlX2qKB3Nw,A Google user,https://play-lh.googleusercontent.com/EGemoI2NTXmTsBVtJqk8jxF9rh8ApRWfsIMQSt2uE4OcpQqbFu7f7NbTK05lx80nuSijCz7sc3a277R67g,My kiddos love it :),4,2,1.0,2011-08-02 21:17:08,,
lg:AOqpTOFmuSoeYD5rjqXMT_irKQfsZZqhNReqG2yk3jAy6nV4Ce1v9Iz6PWmjS4Z5V7oc_Zz23IZeMh3LN5XYBQ,A Google user,https://play-lh.googleusercontent.com/EGemoI2NTXmTsBVtJqk8jxF9rh8ApRWfsIMQSt2uE4OcpQqbFu7f7NbTK05lx80nuSijCz7sc3a277R67g,My 2 yr. old loves it n so do I,5,4,1.0,2011-07-15 05:12:41,,
lg:AOqpTOHl9zmPDdM3TWwE2d0v9_SH4hXQugNCPRtOhd4fWDq-AH_QKW6ryrH5qofpVCi-L2Ch3viwKTHhcdq6_g,A Google user,https://play-lh.googleusercontent.com/EGemoI2NTXmTsBVtJqk8jxF9rh8ApRWfsIMQSt2uE4OcpQqbFu7f7NbTK05lx80nuSijCz7sc3a277R67g,The iphone/ipod one is way better. Can't believe they cheaped out on this one. Sucks save your $2.,1,8,1.0,2011-05-28 11:00:44,,
lg:AOqpTOHVI8etyh7LhIDnHCjzIUfA_YpflbEru6Hw9R5INDE9xmyIT2sN5GyVqK7uTZuDZA7s0QzRnOBzgBHfXw,A Google user,https://play-lh.googleusercontent.com/EGemoI2NTXmTsBVtJqk8jxF9rh8ApRWfsIMQSt2uE4OcpQqbFu7f7NbTK05lx80nuSijCz7sc3a277R67g,"No games, all you can do is poke him, stretch him, make him slide, and change ,background should be free app -g2",1,7,1.0,2011-05-17 12:49:47,,
lg:AOqpTOE9_yrToC1AVpLK6XKglQ3B4JJQFWB-ca6M0QWBiQnj_BeRNQFQy-fqImYjDXwOJJ1JVhRxM7AO0rKY9Q,A Google user,https://play-lh.googleusercontent.com/EGemoI2NTXmTsBVtJqk8jxF9rh8ApRWfsIMQSt2uE4OcpQqbFu7f7NbTK05lx80nuSijCz7sc3a277R67g,My Daughter had to have eye surgery & this is the only way the Dr could look in her eye :) We Love it,5,9,1.0,2011-05-10 10:38:39,,
lg:AOqpTOFeU6Usg5bIeB_K2KWtVoONieafOXNbd7eiM4j2EI-Izqel75_23s5kzFDmNwG3q3U9JZsBZa32RmxqxA,A Google user,https://play-lh.googleusercontent.com/EGemoI2NTXmTsBVtJqk8jxF9rh8ApRWfsIMQSt2uE4OcpQqbFu7f7NbTK05lx80nuSijCz7sc3a277R67g,It kinda gay,1,6,1.0,2011-05-05 23:02:25,,
lg:AOqpTOFjDe7fHgLYdNwOsOLgnX2y4s__eEsgum9XqQ1-umoZy8rYJOYvEZu0etfuSepH0POb4NV9mdpyOXcqBQ,A Google user,https://play-lh.googleusercontent.com/EGemoI2NTXmTsBVtJqk8jxF9rh8ApRWfsIMQSt2uE4OcpQqbFu7f7NbTK05lx80nuSijCz7sc3a277R67g,My 3 yr old little girl is fascinated by it and can pay it for 20 mins straight and thats saying ALOT! LOL,4,2,1.0,2011-04-28 18:37:04,,
lg:AOqpTOF6k8cCOe-h6Mis6ZQnw9k6LpbzUnhMAT7bSzQEj_JG6TRl1QbIlL_hC0CNl0u2-F1olT4xx5YTJaQ-Pw,A Google user,https://play-lh.googleusercontent.com/EGemoI2NTXmTsBVtJqk8jxF9rh8ApRWfsIMQSt2uE4OcpQqbFu7f7NbTK05lx80nuSijCz7sc3a277R67g,"GAY!! Dosent work, waste of money, do not buy!!",1,7,1.0,2011-04-24 23:53:32,,
lg:AOqpTOGse99D6-9CBnsIXu4C9bSbSq5q-FS32froHAYsfETVPOFeXA8uaJVIHXRKTnuTGlqT27mFIo7CYXtgFA,A Google user,https://play-lh.googleusercontent.com/EGemoI2NTXmTsBVtJqk8jxF9rh8ApRWfsIMQSt2uE4OcpQqbFu7f7NbTK05lx80nuSijCz7sc3a277R67g,No games...very dissappointing...,1,7,1.0,2011-04-23 14:43:33,,
lg:AOqpTOGQ4WXUyVLcEbJtXKwtWl01pbb8bxIAriJeI7hMjvxqx5A05T6WmXIO4Yc2tlhnz2aLuZSpKc0MxyKWKA,A Google user,https://play-lh.googleusercontent.com/EGemoI2NTXmTsBVtJqk8jxF9rh8ApRWfsIMQSt2uE4OcpQqbFu7f7NbTK05lx80nuSijCz7sc3a277R67g,Our 2 1/2 year old loves this!,5,3,1.0,2011-04-22 10:48:12,,
lg:AOqpTOFBRlCgHAJehCLXLoMXBUpplIQTjf4o4LB7KcVVaRxZ2177mLeo64P56lLHTF3MiAWoAAeLKj8GzA0veQ,A Google user,https://play-lh.googleusercontent.com/EGemoI2NTXmTsBVtJqk8jxF9rh8ApRWfsIMQSt2uE4OcpQqbFu7f7NbTK05lx80nuSijCz7sc3a277R67g,All it does is move with your phone.nothing else at all...,2,3,1.0,2011-04-07 15:32:18,,
lg:AOqpTOGoXzZW45Dlg7kw2s8COn1pTIQZRAVwEm776WpHUDgYapZGCDTQKnNDtrbmMpHyMTaR2SGpeiZwVTsvZQ,A Google user,https://play-lh.googleusercontent.com/EGemoI2NTXmTsBVtJqk8jxF9rh8ApRWfsIMQSt2uE4OcpQqbFu7f7NbTK05lx80nuSijCz7sc3a277R67g,Sucks,1,5,1.0,2011-03-19 13:05:35,,
lg:AOqpTOFu9KEj_PYID9PmMdHNsxjSkh8w5VJOW3QgJmV1DjxXE3RltA0H_lCMYg139qDMOpSPsuJWegVDjp5oaA,A Google user,https://play-lh.googleusercontent.com/EGemoI2NTXmTsBVtJqk8jxF9rh8ApRWfsIMQSt2uE4OcpQqbFu7f7NbTK05lx80nuSijCz7sc3a277R67g,Totally waste of money! My son wanted this game bec my mom has it. But no games. Worthless!!!,1,4,1.0,2011-03-17 19:23:22,,
lg:AOqpTOHI_qHHmcrc41XQAVZBqOSfJrSqujYDR9NCJOoCQ8kXvroQmj3FIkwe1ERP7gVs49t_XpAY-bQN-dw8RA,A Google user,https://play-lh.googleusercontent.com/EGemoI2NTXmTsBVtJqk8jxF9rh8ApRWfsIMQSt2uE4OcpQqbFu7f7NbTK05lx80nuSijCz7sc3a277R67g,I can't believe I wasted money on this app...it makes no sense...n only let's me put him n the diff backgrounds....stupid,1,5,1.0,2011-03-15 06:41:19,,
lg:AOqpTOEUft6VUJSdCHMguWGjyOZbomRHcGj4i3K5Asau3qz5rAxAJ1LRlN-1OPcL2-0oOfG8_g1i_zb0iTPUPQ,A Google user,https://play-lh.googleusercontent.com/EGemoI2NTXmTsBVtJqk8jxF9rh8ApRWfsIMQSt2uE4OcpQqbFu7f7NbTK05lx80nuSijCz7sc3a277R67g,Don't work!!!!!!,1,4,1.0,2011-03-13 12:34:05,,
lg:AOqpTOFjfmia9EB0aWRwzesp0y9Q5_pVX5H3RdgnY1h2OSCKw63V_6pxVldXNSfdBDH-fxvII7wIkfInVQlWaA,A Google user,https://play-lh.googleusercontent.com/EGemoI2NTXmTsBVtJqk8jxF9rh8ApRWfsIMQSt2uE4OcpQqbFu7f7NbTK05lx80nuSijCz7sc3a277R67g,You can't access the games. What's the point?? Says its like the iPhone app but u can't do all the stuff!!,1,6,1.0,2011-03-04 20:21:05,,
lg:AOqpTOFDcy3p3OWtrOQVZbRXcfbMrSEyAZ4w1bnj_KdgFHp4JuIN42C7BMTC9lcBacsK27qSl3dw9oQLArh-Mw,A Google user,https://play-lh.googleusercontent.com/EGemoI2NTXmTsBVtJqk8jxF9rh8ApRWfsIMQSt2uE4OcpQqbFu7f7NbTK05lx80nuSijCz7sc3a277R67g,No mini games even though stated in description.,1,3,1.0,2011-03-04 13:51:31,,
lg:AOqpTOHNqF5EqQHrdiWor-x-w2RYTWBpOBletMxSoLmnmTAuvjQe2JxoLLGjXWupI6gCebt_PAWUSzMJVtneYQ,A Google user,https://play-lh.googleusercontent.com/EGemoI2NTXmTsBVtJqk8jxF9rh8ApRWfsIMQSt2uE4OcpQqbFu7f7NbTK05lx80nuSijCz7sc3a277R67g,I cant seem to get any of the other stuff up besides sponge n the places to put him,3,3,1.0,2011-02-24 23:55:58,,
