reviewId,userName,userImage,content,score,thumbsUpCount,reviewCreatedVersion,at,replyContent,repliedAt
gp:AOqpTOE57OGq3kOmmfsvw_xTCmOvV4Xi2HSufXedAhzkwfeEUtsDZ8WstSEiHUhIvYshTPKNV_BYqsy_x7UFvg,Hemaraju Donka,https://play-lh.googleusercontent.com/a-/AOh14Gj9bQj8SAjhJATw9M41o_0Cbs8IUTzXmf3IBYvb7Q,Bring the free app installed,4,0,,2021-02-09 21:38:10,,
gp:AOqpTOH9RCWkA4a1TxLm_sJj6U05Js-iRNMjQSrW8iJNfthMReHC3QzVzrczsdkOboRHgw4wRodxxepZIxflPA,Samu Adhikary,https://play-lh.googleusercontent.com/a-/AOh14GhG4H42tD4Or0uUsWO7HWSVLSOhmJe0z6BU6KUYFg,excellent,5,1,1.1.126,2021-02-02 00:21:05,,
gp:AOqpTOGcvDj3HKA8kG72iLEbMgOeWVQhvxf2F6Ya4ALtDLEILTl_mjqmUFNumcEPutWMIct6W6wZDiXXfBOcGg,Gregg Pearlstein,https://play-lh.googleusercontent.com/--xtnYXZJEIk/AAAAAAAAAAI/AAAAAAAAAAA/AMZuucma6cKecAskKSb68Z98I0pgZZemtg/photo.jpg,Excellent application works well very simple to use.,5,0,1.1.126,2021-02-01 12:19:44,,
gp:AOqpTOHmKp5IdSML7fUqoZn_wjGgCv2rJHFT_40LF4-aJ9gV7FMcU_j5YyylnPZw2KQDo8PaKwIfT_kgZUrBdQ,Tongtar Tongjai,https://play-lh.googleusercontent.com/-uOdc6fi8MaU/AAAAAAAAAAI/AAAAAAAAAAA/AMZuucma5EvfSNug9v0hmY93y7SNihumGA/photo.jpg,Nice,5,0,1.1.126,2021-01-26 06:38:43,,
gp:AOqpTOEthpSVtB-I5Q3nTopNOH9BONVhNGQOpco12hTdjxk_29_PaZ1isdfI3nOSatZOD0Kh4onQx4vvagvbEA,Rahul Paswan,https://play-lh.googleusercontent.com/a-/AOh14Ghf91EXB5Z7sjUrDucwCinKuaERwCBWnGzDREARUQ,Good app,3,0,1.1.126,2021-01-17 09:36:29,,
gp:AOqpTOHCJ1UB_UPD5OZLvgOnQYkXLnugVldG5PHyaT--sQ-i4TrQowFgDTeyFYvCAooGD5OYDCWaq6y51XtBXw,Kieran Colfer,https://play-lh.googleusercontent.com/a-/AOh14Gi2Z98lQo965KHuv_Leg87FzEBwSf0-HvnUPK95UA,"Needs more settings/customisation. On other players I'm used to controlling the tracks with my bluetooth headset buttons, this doesn't seem to work here and there's no way to configure it.",2,5,1.1.126,2021-01-16 03:18:32,,
gp:AOqpTOFbB5G9sFzjeqrokShXdFzDaha6yiueZVXZ7nZ0tx7dkNou8m0q7q013q3dpu_9xVjpncCbTHDW11SMtw,Zeeshan Sarfraz,https://play-lh.googleusercontent.com/a-/AOh14GhGuAtZTJsc3fyfrPt2ohR2xcKwQ4nwom8Q-_vQWA,Great app,4,0,,2021-01-10 10:57:38,,
gp:AOqpTOHZlvpUK7g96aZ0Aks5Lll2xxY_WSN2wbVz_pU-COXAYdUBpSZWipE0sz9CXuJrOG3YcSibxT82ft_WSQ,Faisal Hossain,https://play-lh.googleusercontent.com/a-/AOh14GjB0iTzcFxX4xGmK5c2JDCQpfBdYE0BV3B3vB6Famk,Very good but need more customization and themes etc... I given 5 start because interface ui user friendly and its not battery hunger which i like most,5,7,1.1.126,2021-01-03 11:07:40,,
gp:AOqpTOH4j2GjMNz9GTJaSOZEhsMggRDUBO4bBxG1M9lPY97cFn856WPw6LxaLfYVHBs0uiwqxJH3OZURQrXtXQ,Max968 Mad,https://play-lh.googleusercontent.com/a-/AOh14Gj01Z04vIv2jaxiioz_Of6zqiYAKdgDylS6OLzxwg,Nice player....,5,0,1.1.126,2020-12-31 17:09:17,,
gp:AOqpTOFTkgZisUnxTVDUhX7cYhxiNNdRsm1P_nIFySdOCpaArHjScmQUH0MmBcJ2T8kTtddsHSeKX2X80z4wJw,Eduardo Duque,https://play-lh.googleusercontent.com/-MCYlvuDsb4M/AAAAAAAAAAI/AAAAAAAAAAA/AMZuucmwiDNfcOIiXIV0UCfoFJWKzgDcag/photo.jpg,If possible please give the positivity to see the lyric of the songs there are some of them that already have attached the lyrics and also could be great if we could see the all the info of the songas I said before some of them already have the info attached,4,0,1.1.126,2020-12-25 19:41:33,,
gp:AOqpTOG4gNhe_VPaH22pqMyb40xI38SGzFYBYJRuT7J05oRSR3XgElfK-w3XxkbcnZi4ktTVhFm2FBF1QoLn7Q,Vaithy A,https://play-lh.googleusercontent.com/a-/AOh14GgJIxRJZwWKsxuqi7FEEpx604KajURzeFFUWfFxtw,Excellent player,5,0,1.1.126,2020-12-18 03:57:13,,
gp:AOqpTOEmWIIrxG2mh-w-lbUjzC36NN9MAk58g7fc07ICYYkW1dNaaTlLK5mVXpFGPvNeW960fFjgcT56wRj_kQ,PAVAN KUMAR,https://play-lh.googleusercontent.com/-sRoHHUZMCi4/AAAAAAAAAAI/AAAAAAAAAAA/AMZuuclWg_2BCeNHO-a7WdcxmE0Oo44Mfg/photo.jpg,Awesome,5,0,,2020-12-17 09:33:49,,
gp:AOqpTOFQXJ8IJMj8olpro7M8YgtMjLvWeCxvx_LcWGBfJeEA7Rl6-phIp0DZQYA6MxKKVL3yC9iF4tJJTjLI7w,Stavros Sofroniadis,https://play-lh.googleusercontent.com/-Psgz2YrNmdE/AAAAAAAAAAI/AAAAAAAAAAA/AMZuuckOvjHjTnBkLIBz9jVnjQVhwXjCcA/photo.jpg,"Have purchased Pro Mp3 player - Qamp app with expectation that will operate properly. Unfortunutelly every time try to open the app;ication it crashes. Does not work at all,",1,14,1.1.126,2020-12-14 10:29:39,,
gp:AOqpTOEeK40sKPaRXfth_Iwk7M_kWJla2jnivOk9LGRido6bZLHv-PxbDxwLnqrW11U_r9MrLiTQx1RTDBzTqQ,Pearl Winter,https://play-lh.googleusercontent.com/-A9dT_Xznkt4/AAAAAAAAAAI/AAAAAAAAAAA/AMZuucn0PkK4uSuNF5CEAvUCkQX3iqe_8A/photo.jpg,"I like how it finds audios on my phone, much better than some I've tried. Unfortunately adding songs to play lists took some experimenting, and deleting songs removes them from my phone instead of the play list. Overall a good app though.",3,35,1.1.122,2020-12-10 03:50:37,,
gp:AOqpTOEIfcI8coLGidxI2zQBVBjgitiaCNJmg_u2f-nrItrvHE57immsoXR4I0qjyrHiuVtjFqk4yyZxak5mug,sicau,https://play-lh.googleusercontent.com/a-/AOh14GgPXjoG0yWV5GJrUx3H1aNIsO4Chn4Ii9rA75Xd,"Nice rich, deep tonal qualities. Great overall sound. The only thing that would recommend, would be a crossfade feature. Definitely worth checking out 👍. Thank you for your efforts.",4,34,1.1.122,2020-12-05 18:08:37,,
gp:AOqpTOEH8jVk0JEiF9kY2tbT-y8xxcYeE5nEBQ0HBUE-m82aP8RLV-vgMHoN2pBtNvDBtYvgpByDJly7oOWScg,Alexander B.,https://play-lh.googleusercontent.com/-12PB4dVJKSo/AAAAAAAAAAI/AAAAAAAAAAA/AMZuuckNkKekVM6XO4lJ902piw20_pqj_Q/photo.jpg,"The app searches the whole phone for audio files and does not have a configurable location. In fact, there are no settings to speak of. The biggest seeking point send to be the equalizer. Silly.",2,18,1.1.122,2020-12-02 07:00:05,,
gp:AOqpTOGktJ0ljQDoK7buNaZ_hxBXUwpono5q9-Uwcv3zDTuQpPwo8cF8OsxPWDCJRfnz2Ps-izJLNmNbXPem5Q,Kaniska Sarkar,https://play-lh.googleusercontent.com/-uSc9nedBkh0/AAAAAAAAAAI/AAAAAAAAAAA/AMZuucnWOf4YGUOSWpxb-K2ggQTodF5RYw/photo.jpg,Best plyer,5,0,1.1.122,2020-12-02 04:53:56,,
gp:AOqpTOHZKgmYtvhRzMNgBvhqFwWYA9AHtBoTexIPjC4zUDXV_5t_LuT_BWRk2_FiYJzNmnmtrOfp8leStLAB1A,Busy For Nothing,https://play-lh.googleusercontent.com/a-/AOh14Gg9ugaIvmn6dkVDyEPTEsFISZ-67fT_djE2lvcx,"Nice app, clean interface with loud and clear sound.",4,1,1.1.122,2020-12-02 04:25:27,,
gp:AOqpTOFwFSl7VyjPKKD7EFabT5V4iLu7wTCAF9QEa9pYeIvauWJRyM7MAD3QMwJuXcASqoVx_CFSkLftpyHtrA,Vijay Chauhan,https://play-lh.googleusercontent.com/a-/AOh14GgDIThdZ7JTudjEKWVOO7AB6dz-_xPMTnEZwrS8zmg,Good but i love only poweramp application and i purchased too. In ur very good function is we touch the seeking bar song r smoothly play when we touch. Fade effect well.,4,11,1.1.122,2020-12-01 12:06:03,,
gp:AOqpTOGanR2THoDIifLmtbnZ9Z5LK3rPuaG_CALmTB0RdoXRFJ86Ujmw7ctfiB52JoezVEDv9JrwEwG_rEqA0w,Siddiq Ullah,https://play-lh.googleusercontent.com/a-/AOh14GibQnh6QlSRXxVlpUMmUrJsfAglmoy3wIXEgSJq,Nice player,5,0,,2020-11-30 18:18:21,,
gp:AOqpTOGxRnCnSjIFtBXo7gscPru83N3aSTIS6MMcVZbMQ1W9ztVS3n6Dmq474_S44-jVbsI4L0JqR2fHhiHHSw,sukadev mandal,https://play-lh.googleusercontent.com/a-/AOh14GjrONole1UA0WOA83FVz7ieWA4KvL4j5wC88Sn6,Night,5,1,1.1.117,2020-11-24 19:37:56,,
gp:AOqpTOH_m7UWTU-nsGxmvC0T46zW1Rf-NMOmUbL687qHiBRr-dHowjB9bY-o18s11aCXdI9Tmd8q9DaxyOh8uA,afzul Saar,https://play-lh.googleusercontent.com/a-/AOh14Gjp67PrxrHg9j1JdAKHI4rGXVZenxlytrztF5ngng,good and easy to use,4,4,1.1.122,2020-11-22 10:22:30,,
gp:AOqpTOFax6nxd_C200j5-DbdtijI7YlfPMkXs1as6TGfoKj6LCwooKtqgHJUTCIJ8iguIK4Bw2-K3waKaMTPsg,Chris Macharia,https://play-lh.googleusercontent.com/-d52saOyLgCE/AAAAAAAAAAI/AAAAAAAAAAA/AMZuucmunDR596Sc5eWMw83to6o62T-oqQ/photo.jpg,The best app,5,0,1.1.122,2020-11-15 07:17:01,,
gp:AOqpTOEpIvqYY-JtIqUVFV54A21wb12eWtXpF_S3kVNSyudpl3NhYmTme92SpkejBVZoYKR1HSKaGZntQDyQSg,Radomir Gendurov Bodybuilding & RGGaming MLBB,https://play-lh.googleusercontent.com/a-/AOh14GhmOLpjfUf07XNU_rYW3HtlTswrVW4CB071lIk0Ew,Add mp4 player support and audio focus ignore.,1,5,,2020-11-10 04:38:30,,
gp:AOqpTOH8HgAzVX8GemmAx1nsyN6rcVZJbYNG6_A8wl3NjVWFSPR-Z0kee3rr45K_1dP-c9laRIWLbjQNNMHmtg,David & Suzanne Bishop,https://play-lh.googleusercontent.com/a-/AOh14Gj6zygXZKHrOuuYaGP9R33GRCAxVJDoN93l2rcUUns,Awesome app.easy to use. My compliments ☺,5,4,1.1.122,2020-11-07 14:30:34,,
gp:AOqpTOGzWlgym_N8VcGfcaaKymxA8DLHnHpvQcEwtaHpyVJPtJM1zI1IjMtaGDwRAkZU3F1xYFLMTlm7PKgEQQ,Jitendra kumar Singh,https://play-lh.googleusercontent.com/a-/AOh14Gh86T7wa5ddpnB_2bO7kDJ1mj4vffHY6O-MVcEu8F8,Nice music app...simple userface...voice is very clear...,4,42,1.1.122,2020-10-26 12:14:54,,
gp:AOqpTOHUv0NS5Ytw1dC6wZ8aSNFkFQ012fQp_97EWjk-CtwFINFrFvSTeIPryN6rP1H-pTGNE4NGlIkVGGje0A,Mardhika Fardhianto,https://play-lh.googleusercontent.com/-_I1EuhWjdnA/AAAAAAAAAAI/AAAAAAAAAAA/AMZuucmibr2noJS_iPYMFjfqYPA0pf8oXQ/photo.jpg,good music player. EQ is great.,5,23,1.1.122,2020-10-26 06:57:05,,
gp:AOqpTOEec9v5QysCxzyd0aRdBGqtVPrzacqQ0OSKcNEsNma7ChPIfflnn1jn9toeffu-bBs163eud3gVOdXf7g,Tayyab Anwer,https://play-lh.googleusercontent.com/a-/AOh14Gg-CrT2h8EBYDO65zSi7MmnZMnJzmW8lgPRvOTENw,Thank you for giving it for free,5,0,,2020-10-24 09:13:19,,
gp:AOqpTOEvIJhuCcmN218RKnESKeJ2R-zu0pBxhGOGhJpBYsfBuYFt3qQ2noBFA1kxukHH6swvtBDTCVRXZc1PwA,BabyGirl Billings,https://play-lh.googleusercontent.com/a-/AOh14GilWx4GByzMOftLpFZMUq2LGKzXAbSpMD_kVQbE4Q,👍👏 👌😊.. love it. Like the looks of the app too. Just wish it would allow me to move it to my memory card so I can save space on my phone 😊.,5,38,1.1.122,2020-10-23 11:35:54,,
gp:AOqpTOEOrhJgbjJLO_Zvcipcjhf6MRM0-SAdMZRxjY9Z_Kvq5EIaj01Who23vRimxtxSdeA3P_CNMW9IfVqFNQ,grant Webster,https://play-lh.googleusercontent.com/a-/AOh14GjTq4kuDstvXg7-13kS7HZSzE1oGBWqRqQ7BT51ZQ,I have tried a lot of players. This one is the simplest and the best.,5,14,1.1.122,2020-10-22 14:17:51,,
gp:AOqpTOHpYDw5sQyuwHQ80cViCI3Z0a4DYPQNl2zUouLqNiz7T_yvgKyAjTFEMTWYog--mg-Wkb39n_n7A6Zm9g,Aria Ariana,https://play-lh.googleusercontent.com/-04sHOMlRRHQ/AAAAAAAAAAI/AAAAAAAAAAA/AMZuucnplIw151I5tq0fa577KAz1HXaqNw/photo.jpg,Good app but Low speed Some hang.,5,9,1.1.122,2020-10-20 06:41:46,,
gp:AOqpTOEsGRkh0E48qPBXJrnmCXfDmqMyCmaVKZ9mGUCjZXjbNOY9aOvC5FuCPljvPI2cV3x50KxHLDoNDtkMfQ,anas talal,https://play-lh.googleusercontent.com/a-/AOh14GjXiPM5IQxdT3DjyktjXi2LNI7ULCmhmKD3g4RbdA,Nice,5,0,1.1.122,2020-10-20 06:27:09,,
gp:AOqpTOEaHwM295e7wBLoWBTbTFI10OwZ4fHcGFna4N6vAcch3DOx8bNlYEOq7kXYzejQ2h1K-AMEOIoZEdpvmw,error 404,https://play-lh.googleusercontent.com/a-/AOh14Gjfqxbf5nok_c3dm3s3szVJDfhTzZPmdkDBnd1H,This app is so cool.💜💜💜,5,0,1.1.122,2020-10-20 04:28:19,,
gp:AOqpTOH-tlCAikBvMZw_QSVyhmzTsZtE_HfjWABn3nvYher9TmtTzjRoQu7NYr-JmHepLE0Ke9OdCVwUrkz7aQ,SHAWN SISNEY,https://play-lh.googleusercontent.com/a-/AOh14GinQv9BvUUowTmf0Kf07T1nRcJdGQ9kUARyhy4gGw,It keeps changing language to spanish also hard to find my music,1,8,1.1.122,2020-10-18 07:18:46,,
gp:AOqpTOH6aklYVY3dJWB-NkAM4H91VgztsDRAHsSXwVy8DeEf7WIaG2K1gzAbf4zbTSGcjNi2UGSPPjUxX8lWOg,Mazdak Ayari,https://play-lh.googleusercontent.com/-4Zre2qPnRZg/AAAAAAAAAAI/AAAAAAAAAAA/AMZuuclag4V7WblSuYHCqRXhenkYoBxCeg/photo.jpg,Find folders :),4,0,1.1.122,2020-10-18 04:09:13,,
gp:AOqpTOGVpZCARTgHeiv_UB31ogg4VLClOHOx8K3ReLl1mU-fvJqHVjrYh1yjOq4qb8w2o4qCptvhIRQ3KhmALQ,پشتو ټيکنيکل Pashto technical,https://play-lh.googleusercontent.com/a-/AOh14GhKpiIq-CGTPJBeyuSWWRKHfKmMl4BmmgIIJ-VHcQ,ډير ښه ايپ,5,0,1.1.122,2020-10-18 00:18:22,,
gp:AOqpTOHqKKqcTFe5RvKVysGZRMTJ9_Fd8lIETv1TFKeLbsXnvbRJHEUDu4tkcRuzIdpiAi_arhJCFJpihF7_7A,Rail Fan Bobby,https://play-lh.googleusercontent.com/a-/AOh14Gg1BzvS6PSGwkVvq6NQe0yQUl1x4spuTby6dA4tOmU,"I love pro mp3 , it's actually one of the best music player apps I've used on my phone , simple to use , clean look and has powerful clear sound . So I've noticed after doing an update on this app , it randomly starts up and starts playing , it's fine but please fix this mp3 app so it's not randomly draining the battery on my phone . Thanks",5,66,1.1.118,2020-10-06 00:06:38,,
gp:AOqpTOH66FqmTkqSqBBTJt0ITheDwkTdZABt2-E4HFsTdskTl6frJLbYTcCCr9MvlfN2-LaaL5ikgYy-12gpVg,Rajamahammad Sk,https://play-lh.googleusercontent.com/a-/AOh14Gi--kYIoU0h_rUGnHLg6aKiowPvWkMX_KymFbph,Verygood,5,0,1.1.118,2020-09-30 20:11:34,,
gp:AOqpTOGIugFiaZRmHjr5aBMl77Elj2jpRU18qf9BpCpLjyhhQkHevoF2LepBGbSCJAiyN9AQrwwS8iXS0OS9Iw,Kacper Dawid,https://play-lh.googleusercontent.com/-DqPJb7JLOrk/AAAAAAAAAAI/AAAAAAAAAAA/AMZuucmbBQT0OqkJeGLcG6Xu9PFtEOI0qQ/photo.jpg,Nice one,5,0,1.1.118,2020-09-29 21:55:14,,
gp:AOqpTOG-6DEP_DYNzA1bRWUBrJTSIXr-b8mwpKJ6FlPVEFHPUfROen8Basp_CJNiiu7E7tOhF21aD45eLyD7lQ,Abduljbbar mohmmed,https://play-lh.googleusercontent.com/a-/AOh14GjZqxWhHm4ZWok7AS0HFGAgKI4v-KkwrHxwmdVbpNI,شكرا لكم فقط أريد معرفه كيف يتم تحديث قائمه الأغاني في التطبيق؟,5,0,1.1.118,2020-09-26 05:08:09,,
gp:AOqpTOFhExH1RWthEGGb4KCHOPUpTsr8zdEWG4y1gYUp7zJgvQ8cmTO00sIxPAbAi1iJDhk-uYJeXvH27ujc8Q,AmaMuL,https://play-lh.googleusercontent.com/a-/AOh14Gidrh58PUXjeN1rXfXUQRjK1-vOq3f4JTSX9S45XQ,Gd,5,0,1.1.118,2020-09-20 23:11:49,,
gp:AOqpTOGvO3EBXC7Y5XtLXh1RTqQBKVnrZD84kKaqbnKbHlTgSZ-ygNgM71jBIPuNRdpzNReUh6qh2GqfaIdJ5A,Rishan Menezes,https://play-lh.googleusercontent.com/-MKjdyyYBprA/AAAAAAAAAAI/AAAAAAAAAAA/AMZuuckKb9yk7ETSM3GDNZ2gngjbCd2heA/photo.jpg,good,5,0,1.1.118,2020-09-17 23:21:21,,
gp:AOqpTOEuEnaxMz2eKxZCNo238nXBBLD6gn5EDu5is2z6GCAB0_UySlgWHWIthNYwf3bLmN0_VJzIqokQMy085A,Kuch Special Zone,https://play-lh.googleusercontent.com/a-/AOh14GhTPDnesqXhmm-AmXopO4yarvmx9L52Y8JM3AdthQ,Perfect! Awesome,5,0,1.1.118,2020-09-17 03:33:34,,
gp:AOqpTOEpYq0gDPwffV3YYRaKcvahg6yOoSCXHuvPcvLr7Q9JWyS0QmbdKL2afM-kCvxDJyj-GakIigtNZWeHEQ,suhaimi sabri,https://play-lh.googleusercontent.com/a-/AOh14GgLvfEc8cANUhkhyR2IEhLy-yysm3hQb5BEdwMD,good,5,0,1.1.118,2020-09-15 20:48:30,,
gp:AOqpTOGDvKee8XM7mEB2NZoSxOU-icZDI1PoLARrMlgSSF4cybcXJN543j9smqnM0XSBib98u-Cuzwk7lM6vUA,عمار جعفر عبد الرزاق,https://play-lh.googleusercontent.com/a-/AOh14Gi9GJZn6wETx6hS5k3uFRfK4xU0AvxOte4jwBd6Tg,Very Bad app,1,1,1.1.118,2020-09-14 02:26:57,,
gp:AOqpTOH0C1F_yqnSJL3-Wv0gyrEJ8XNmVtDgVv70kEvDAoAGgPEmo3IBQ_sh1GDeEk38oDFN1yfFS9p8Af9Sww,Private Citizen,https://play-lh.googleusercontent.com/a-/AOh14Gjy3tiB54gbReRTzWy880YFRuhIqB7BWhzb7YnJJA,No options. No lock screen control. No folder control or exclusion. No playlist. No etc. etc. etc. Not much of anything.,1,1,1.1.118,2020-09-11 16:40:09,,
gp:AOqpTOEFRlHX_fOoDGMYw41cgWf9jL4_bt9gN4Oy83zk9n20Fb9K_fnh6XN4ZjoGbohN4CZHknTl0oFyKqFyPg,Comrade Vassili,https://play-lh.googleusercontent.com/a-/AOh14GjuicFyaX5210Y2rhFp1-dK_dhtuZz8KYonwbkiarw,good,5,0,1.1.117,2020-08-10 17:50:09,,
gp:AOqpTOG0pA_GlSaH1gDkeESO1ZQlUYXNCwSjCcKpL8e5Br4w-_cJVLSuSxK1ooFSqTZXxorZH3aem0NcEAUaYA,Ann Sophea,https://play-lh.googleusercontent.com/a-/AOh14GhSQ28UafS5eX4N3kgaI7hlLM-sBCikvSYSRR3vKg,Good,5,0,1.1.117,2020-08-08 22:22:21,,
gp:AOqpTOF6K6mlIW77YUd5sQhefJXOnTDmx38hN0ZLx3KEsvKdPTEQSzrFuR_4DbuNXUO-LBxej6lgunGihv_uZQ,Davy Kasoka,https://play-lh.googleusercontent.com/a-/AOh14GhkJtKt4ETzFHAGWP7TU4PS1iXl7qE7WHJZMOC3FA,It's very good,5,0,1.1.117,2020-08-07 10:09:13,,
gp:AOqpTOEmILWKhtcH1-US3FkbDYTeBN_MCWN58txfDCuTSUIFqNpFKkSyPbSCxnxWQujsyb5_3PdQMrqBfKzlig,Hartatik Hartatik,https://play-lh.googleusercontent.com/-TMQggBmUvHU/AAAAAAAAAAI/AAAAAAAAAAA/AMZuuclFrIwA5lxqI59hs-FPoDHtnObgHw/photo.jpg,Good app,5,0,1.1.117,2020-08-05 07:34:08,,
gp:AOqpTOG73ZD30-9mjTMz2z48mxPA92Pu_xBDqe7WZzxnblnlp7E5Gfuz-pqyg1Ozzw_TFrbaF50O9J8llgUcXw,Nwachukwu Nero-Christopher Chinemerem,https://play-lh.googleusercontent.com/a-/AOh14Gi_XrBEhDRjv_oMiHPRN-eyWQyt_q-sqG8z-7kc4g,Great app give it a try,5,0,1.1.117,2020-08-05 02:36:41,,
gp:AOqpTOG9DVdeYYU5EJ7FNlV7DqPANBTQrPBkoT8Riokjt-Nfxxj5Q4KztX_eqPSf7RLSSnhjpHQHveBsdV_rqw,sri ram,https://play-lh.googleusercontent.com/-lElW7Is0F5M/AAAAAAAAAAI/AAAAAAAAAAA/AMZuucksTn6G0s8YqAMVxW5C66vOK_KxZw/photo.jpg,I love this app when compared to other apps but interface was not good and when I forwarding the song song delay 2sec. app interface look like very old decrease the button size and when playing song dark black theme not showing in background but all other theme are showing . I hope you do better in next update,1,45,1.1.117,2020-07-31 11:04:14,,
gp:AOqpTOFAxu1sCb_NZn6FpcCGXm0XIN2iKcpPOkUEQ4b7-Y5u6dmS-NDwUFw29Hu2qrc7ac-vqOkzmNNDdwQ8_g,Gicu Fox,https://play-lh.googleusercontent.com/a-/AOh14Gj4czHizlABjz18Lrcq_xI89utdRa6avim7sWF_,Please when i switch to another song stop whit the notification sound,5,2,1.1.117,2020-07-29 15:51:38,,
gp:AOqpTOGPHq6GXfh30pU41j663IB-U5013LZUC0_rqkWGlsRZEjROwxb0d4qeaZY3G27yNrpiTLZYeVYlqS3lIA,Gregg Sanderson,https://play-lh.googleusercontent.com/a-/AOh14GhXsqCZkPMDXgBk4OWbcLIxkHt-oyOncSvaHRUfu7c,"Awesome no nonsense MP3 player, great EQ",5,3,1.1.117,2020-07-29 15:44:46,,
gp:AOqpTOElK4BZzLgN5RmDyMGBJ4Kc6XtkPrwAG3rgiwqKYKBdx6ZXpi8HAg9ay-r7jEx96crXSAy8HcHlk6g5jw,Kim Alexander Kepler,https://play-lh.googleusercontent.com/a-/AOh14GiSzTpiliA6IvREsF62DmXNEATZG7oJqHKiaLzgmg,Could have had more GUI,4,0,1.1.117,2020-07-23 23:45:37,,
gp:AOqpTOHdQpdGmcgD1MHgEf047JcUrpvoJC_sc0bUdRrDiU_BOtkWgd32gr91czVxvsGa7XDWwpENFL1Cd1CKDA,Gagalei,https://play-lh.googleusercontent.com/a-/AOh14GiFjm8OGiyBi0QcbwC7GVbMpmpxmu19LEnGgZe7hw,Hâtz jion e șmecheră sau cel puțin mie îmi place,5,0,1.1.117,2020-07-17 01:31:15,,
gp:AOqpTOHzINVKTjdriAk2Earqywcf2ZsWXe5g4aMxgBx7lbyIrwTCzdKjAEcSk4uvbgyYutYA9rwod6TRHtkX0g,Ahmed Sharif Khan,https://play-lh.googleusercontent.com/a-/AOh14GjWbEdE3GmDqM4E56S2K3LyRVJSbjrS8sGUeH2iiEQ,Legit awesome,5,1,1.1.117,2020-06-25 00:45:00,,
gp:AOqpTOEPvkpm90f1kQ_bwQ3AWSfLmi1Lvo_D2PkKqSR228n52enmgde67To9vK8S8vR0N3J06hZrcdNAXCEZxg,ANWESH PATI,https://play-lh.googleusercontent.com/a-/AOh14GjkEPMpuGgUYwQ8abVlwero-PiSTGOC0G2kwOHxCQ,Can't play from file Manager,1,4,1.1.117,2020-06-24 06:07:36,,
gp:AOqpTOG_wgnTY9tR1lBpMAF7Zi5Md96V6TrsXy6Pe95qmm-VgswhQOxigB9Q93gRY_RtOxwoQmIIAE7fOyR0Dw,BANJARA NAYAK TV,https://play-lh.googleusercontent.com/a-/AOh14GhVpW5OVuUDqN15gBt-rrVBjRMFpllxyLq8w59k7w,Super,5,1,1.1.117,2020-06-18 08:50:59,,
gp:AOqpTOEzjLilcxL2DIOD_jQtkklJrCkYlnTlvzsiLxHpG-xj3P2YTFev1Q9oVUBXDj2Qo-QYWwCVb4PjrybDMA,Ramanan T,https://play-lh.googleusercontent.com/a-/AOh14Gh5zZZYQP1QYqTYdmV_0JXGZkrDO9oLd68dwbV3iw,No no for me. Tracking component embedded. Quite a network traffic from this app,1,31,1.1.117,2020-06-18 02:17:04,,
gp:AOqpTOFVncwvrAfL_omHX1cRrFnn3bpPQ2J4ofcZE1wtz1R2uIfOzRYVITO2ivRZ-wZTAWgEwqNl4u9gEChEBw,Boy King,https://play-lh.googleusercontent.com/-7N8nE1cynkY/AAAAAAAAAAI/AAAAAAAAAAA/AMZuuckHvH7QNVGVc7pmi8F9jQKrklQeXw/photo.jpg,ভালো,4,1,1.1.115,2020-06-03 19:52:55,,
gp:AOqpTOHC9bFALHJnLP7Ieeq8EpPwOL_sLakTVq5e0aL5oJ25Q-WjKNKyMh8JVWjsfAGQJyQdkbpWZkWDEgi2yA,Tomas Novotny,https://play-lh.googleusercontent.com/-l5ss7kvpPOk/AAAAAAAAAAI/AAAAAAAAAAA/AMZuuckpM5ZSYs3buOtm7ArxnXYcplyNOg/photo.jpg,Too much basses ...,4,1,1.1.117,2020-05-29 16:41:18,,
gp:AOqpTOHsSjgIW3P5p7aWJ_u73Lk22lpTF3HqK2bQ7YqMtkz2U-6e1Cm3vJ4IFSYcLc_8-39Y81PTmn826RYFOg,On mie,https://play-lh.googleusercontent.com/-U6hXkJW35Z0/AAAAAAAAAAI/AAAAAAAAAAA/AMZuuckiA5T1C3-jprZbaPNLbhaIDw6Fvg/photo.jpg,pre-amp sound nice just match my hp,5,4,1.1.116,2020-05-16 02:55:57,,
gp:AOqpTOFTmOIeFVSTUmp4FKoGoQRlo9fXWTX5uTEwcTVuFF8QC9tm3Z_XPtZSLwCCHlgmKQUvLZQCec2AXQ6RcA,Mohd Shafie Bin Samad,https://play-lh.googleusercontent.com/a-/AOh14GiDfUN5nOgdTYvfU4Fb7HSZpZBcFEX71cDc1606pw,Terbaik,5,1,1.1.116,2020-05-15 15:37:22,,
gp:AOqpTOH_E-Ix5OB1LPMHJL6YOdyfmbxGVIJ9MiYLqppgaB4SKHsgXfIxtnOGby2McSycQPahs0EzwBuQzP7h2A,nanan hara,https://play-lh.googleusercontent.com/a-/AOh14Ggk8CdAB9vV1MqzjLwZ-kbF7KQuHDJNriyW7d5I5Q,Nice,5,0,,2020-05-09 18:13:35,,
gp:AOqpTOERQnsU7L2AwHoQ4nAxmJ7Nz54FmwULeOLCVvQhAjgFJdBFoS4hXPBCjK7WyT8dizURZ9FUGBcL_G4p3g,Dawn Maureen Johnson - McReynolds,https://play-lh.googleusercontent.com/-t6icSnd4t80/AAAAAAAAAAI/AAAAAAAABpM/AMZuucmi0kmOlYcmF6jocBV_juxBJRgC4A/photo.jpg,It's a fantastic way to hear music the way it should be sound.,4,5,1.1.116,2020-05-08 20:57:43,,
gp:AOqpTOGu_uUGg4f1taYPi99WRTdLSe35-NH3cj3WZ6oQ_TSCowYzbVuPyaSWOaHiMiG3yE2sk9-_ETE_sORJ7A,pro pro,https://play-lh.googleusercontent.com/a-/AOh14Gi-zeDSQsFz3xD4MWtHGKuNVmXbI1op8caFecR55A,i like that fade in and fade out,4,1,1.1.116,2020-05-06 09:33:05,,
gp:AOqpTOHOckUbX789eJIT1miTvWFixOSA1ubmohCm8rF77J1PP51dxGoML7rSPBoYfbt029aZO0r0v1AmDak9BQ,Time IsPrecious,https://play-lh.googleusercontent.com/a-/AOh14Gh4lf_GCqU2hIwVuTl3Yh2Ed6iz0ocMIMZ5-BNm1g,Great app. You can change anything about a song from bass and preamp to 16KHz. The only problem I was facing was that my cheap headphones were making scrambling noises at some parts.,5,19,1.1.116,2020-05-06 06:17:49,,
gp:AOqpTOFn9lCsTybL1CcKNWnFJry0o8usOwNiGOF8tGqa8wLXuk54Z3a0yRW0Ym_WYa8kAIR_WUaAR2az0z7yUg,Bibin Vinod,https://play-lh.googleusercontent.com/a-/AOh14GjgjWIMPDU50i3N12842lzsXVukj1Ir1LkKmBG1,Superb,5,1,1.1.116,2020-05-03 01:28:11,,
gp:AOqpTOFEx5YxFNOLHafs4Ti9TgnTIKuoQihRJOO9Wy5e178W2gBEdOEwHStVAvgg8ECLkhFkW1VLYkk2Ac76Mg,Peter Rowlan,https://play-lh.googleusercontent.com/a-/AOh14GgbwbG_yfCGdIuabZBf0sXCyGFIMN8N7GkXnowpYA,"Till so gar so good, thnx regards from minnie tillgreat earthquake epicenter holland",5,1,,2020-05-02 15:06:49,,
gp:AOqpTOGgv7qWdj9aCqHlkGUPwgABKJrgEnCkqloINEJxMUpdv2AdfcMTzTfiBW_P1kaHKCUPP6HijOYrELPPsQ,Petros Mavrophor,https://play-lh.googleusercontent.com/a-/AOh14Gh3WazoHj3k5UZe9jMUN70zDlNTdMJU1G4ipV6wSA,This is bad.,1,2,1.1.116,2020-05-01 15:36:56,,
gp:AOqpTOFo5ne2TmIpSrfl6HXe2vdRCSh5XYRM81hJDfxGKsC_gKCl--p4Ip2uloV80r__rTODoDF6VHsprsQAgg,Kevin Rodriguez Jr,https://play-lh.googleusercontent.com/a-/AOh14GiRouPKg0Srfw5iC-JmaFRT5fQM6mn1924qsInBtg,"Extremely laggy, can't playback OGG files. Wish you could increase the opacity of the cover art and remove the notification.",2,9,1.1.116,2020-04-30 16:18:19,,
gp:AOqpTOHg6fdrQWf2mErGe1ei-4UKHK_rdB5ekK8Amp92di4a0qG5m2XM-u73fdas8lVbSTUhdUTf7MvSDgFYiQ,▒▓███ MOAD ███▓▒ ▒▓█ BAZEL █▓▒,https://play-lh.googleusercontent.com/-8hW7fmfbpUs/AAAAAAAAAAI/AAAAAAAABAA/AMZuuckNEkeWOTIOXnSTMWJac2pPpcPotQ/photo.jpg,Amazing app,4,1,1.1.116,2020-04-30 13:19:50,,
gp:AOqpTOEriOihhZGBvU-iq8WprmJMnn2g5cqWxyN324qu9k6Z3aB0C8tdDRaAup_D22lXDrhdBMfQo2fMPxFMlw,Alastair j Collins,https://play-lh.googleusercontent.com/-jQrpcMBifRQ/AAAAAAAAAAI/AAAAAAAAAAA/AMZuucnS2vBIc8LmWtMLdq-8u5ZrEapnXQ/photo.jpg,Amazing quality,5,0,,2020-04-29 19:31:49,,
gp:AOqpTOF3a4S-rpl_RD3P01rGTX1sN0EvFl-a_sLw3mKo7aPY-lOx43hP0YwWmp1mszyT8CzZ8IVIFxUq-jbLJQ,Walter Dinkelmann,https://play-lh.googleusercontent.com/a-/AOh14GiLRgevDdIDaH8_Df7s5bmSxF_QK7b_txp24ik6,Great!,5,1,1.1.116,2020-04-29 17:43:47,,
gp:AOqpTOGszIHhZbM22H512mJ3lH6oOe4NxMNeBwzLU37CFzYSQxQwNz4mAOlQBc08tUtZHWJJyObBp7VsNNlQ0Q,Liran Barsisa,https://play-lh.googleusercontent.com/a-/AOh14Gh8i0vShvTle_VcpH5hsjwqshpYc_d-xFpYMAxMEAM,Doesn't have multi-selection of songs so that I could tell it to delete all songs above current one. Not even manual one. Also doesn't remember the last place I played music. Doesn't let me swipe its notification to remove it (when it's not playing). Widget doesn't show anything about the currently played song. Plus it has bugs in general...,2,61,1.1.116,2020-04-29 12:48:05,,
gp:AOqpTOHEIVRZkS7KM7CJHlTLYoNkYD2oxCLbQ4Ik1qctGGy-HI3fTRnklgNbPkcxTYzSuuZ5QvoNeUEyLuvJBA,Morteza Hosseini,https://play-lh.googleusercontent.com/a-/AOh14GgWZwpCpsjDWOpHvxZM_Sxs7lz1O10ImZVoYIlVHA,It wasn't usable.,1,1,1.1.116,2020-04-29 11:20:39,,
gp:AOqpTOFjkxjkNhwlrbDGvNxtBk3o3NXTk6XUwsRHQyMiuDLXAYbGJXHOhyknjIPY23RuE7sQgBJ-qysPQ0dt-Q,Marc Hoover,https://play-lh.googleusercontent.com/a-/AOh14GiSOf6z06SxIUmOn0vrAR6zNqhqMEr-2hFR3chyPA,"Very simple app, but does not come with hardly any features. Cannot figure out how to do things like remove folders from library, etc. Could be a good player but needs some work.",2,37,1.1.116,2020-04-29 10:08:54,,
gp:AOqpTOGaj0CHWCY55wWLvZoOQF-LIhM-SpzhJN9muXthW7NBp20on7H2Yp7oGbF58BopptQl0I1TZcoKEZPabg,Muhammad Hameem 7341,https://play-lh.googleusercontent.com/a-/AOh14GjiBDMNbA_W01JsNF6vlZ4MouenIH-M0X3arp3wwQ,Simple and best interface.,5,1,1.1.115,2020-04-20 02:32:06,,
gp:AOqpTOFG-XUyF1joIRH_TkXLx9nV2P0C_JGW0Knbjo_nxegJgV9IyJIOgAsfaYJAyFtjtwtt71nX4kc20zVkig,bala muni,https://play-lh.googleusercontent.com/a-/AOh14GixuZRwbKzZitTccERvNySROac5cqHPxYM-eoCLrA,Nice,5,1,1.1.115,2020-04-18 20:17:51,,
gp:AOqpTOGtiOlI4rhilf7t3nwYRGWZEW3uzS8L7s-fqaDj5TqVWS98i1HBDsXnD5eNA2480XKSHOHkK0LmEn6n-w,KomMan 7ENSE TV,https://play-lh.googleusercontent.com/a-/AOh14GjtUdpusXy3nSy-k58Ol6YiaO_VrxqnS_Vc7_81sw,Have to rate it to continue to play music is bull,4,1,1.1.115,2020-04-14 13:22:12,,
gp:AOqpTOF5vN7PbjOTSt2k0WI1JVA4pSgqqVm6CdQ8rk-TJbFLixoBNjOrklOUqmvRjGn5R3v93kXTmsfnRUxMHw,Gondros manns,https://play-lh.googleusercontent.com/-oxE1lie1mgY/AAAAAAAAAAI/AAAAAAAAAAA/AMZuucke6kkUYHNI_rHvBEviiFJBElcFrw/photo.jpg,shows two of same song when infact i do noy. not many features at all. leaves alot to be desired.,2,3,,2020-04-13 15:08:08,,
gp:AOqpTOFVAUiirY9JPJbYTJRVwDyxdJWvV9WuZPlDsg_Ir0I45Qz_aPI7LNAXBYXkW4Gd6ipjNA-Y-PiKjBQs3A,Jonathan Tkach,https://play-lh.googleusercontent.com/-Bb5Y8Lzpc3I/AAAAAAAAAAI/AAAAAAAAAAA/AMZuucmWDA-PMaD_64vRjlbFyR5jjXFK0g/photo.jpg,Love it,5,0,,2020-03-30 04:04:22,,
gp:AOqpTOGYnDKGHQn3XhhClTiOjdkYjv1rvwrRAtqyfaVm8a-w7lZ5UeODkMN2tltV8U3vEGdFs1kEpQuuxdAjAg,RGYT13 Anything,https://play-lh.googleusercontent.com/a-/AOh14GhCJRKG6g1oh1gqfafhf0vYy9Zx3U1yAsw3FquJ_A,It's free yay,5,1,1.1.115,2020-03-29 08:41:15,,
gp:AOqpTOH3BpGpDo1sFrRjDDC-43GtyqXMyqTibUhT0wHg04poLZB0374WNegXC6jLN27EMy7WcKBNapwNl1G_UA,My Legal Advisor,https://play-lh.googleusercontent.com/a-/AOh14GgPggf-mEi0CS96OMeM5IFH8CEdYId5HDUVuJFkZA,What a nice app is this!!!!!!,4,1,1.1.115,2020-03-28 23:11:56,,
gp:AOqpTOGHsWezj9kEZsRZhlsHgZ05iEz_4mN4dImeJf3ktrOlB-HAPTqJNsw3hrILru6eE2_fp_HEwnGD6GTVzg,Sphiwe Sibiya,https://play-lh.googleusercontent.com/-OdrHcZXnojw/AAAAAAAAAAI/AAAAAAAAAAA/AMZuuck0cNGH5di3u1cpaL2GI9w9w0I_Gg/photo.jpg,Good,5,1,1.1.115,2020-03-27 11:42:59,,
gp:AOqpTOHReZbD4KI90bfDzexKpIl1bCf_gvSx97Q56KI2XtiBFTmUWmUuPWNKlp_yAsH1it2ojeP3l0sSh0kMUA,Ruddy Plays,https://play-lh.googleusercontent.com/a-/AOh14Gg2F8Ab7PvSTMxVpMjd7BwUJCBpRkgV6F31z5vKcw,Great audio player,5,2,1.1.115,2020-03-25 16:00:02,,
gp:AOqpTOGq96uV7p4jHCm9ZSh89NJROYvCOgw3QvH28LAbh-YsE8R_xC-P2d8gHzrkLI4rjg9M-iGn_7kCanLSMg,Saddam Sekh,https://play-lh.googleusercontent.com/a-/AOh14GhFiCU_xXN_mx0Mx9PrD61wJLA2BDXO4iFmgywBfA,Good app,5,1,1.1.115,2020-03-25 09:03:11,,
gp:AOqpTOF1D6Gwb51lSuZuOFr7ii8YTAARz15xMZSdSLIAD08c774xGr3KUx_Ls3kpdBV77BEWhEO4Hod9wZXdiA,shilpan Patel,https://play-lh.googleusercontent.com/a-/AOh14GjUk9Krm17xqywSEL1qoyqOLuW_mYygc4yDiv5ABZA,Gd,4,1,1.1.115,2020-03-24 09:44:32,,
gp:AOqpTOHsvm6PtCN-1b3S_gl7H32qOpKSqf2JQ_bEfs0IJ_Axy6PRAJEAYc2-ffQyXn_Qk-aJQ5LDUyvmk2AK0Q,Bradley Cuellar,https://play-lh.googleusercontent.com/-QE_ECGc4Ow0/AAAAAAAAAAI/AAAAAAAAAAA/AMZuucl6laAVzL98R9UEJUruuhrA5jPCZg/photo.jpg,Exceptional,5,2,1.1.115,2020-03-24 08:32:05,,
gp:AOqpTOGHmxrEWXxTerLY8KQY764nVRB6SE1fiU0l2_nv4NuweHwlVUvsv38gYL3cSQjCtifO1fdO58Q61Z5KGA,Bikram Biswas,https://play-lh.googleusercontent.com/a-/AOh14GjQayZm8gkWE4zQOLOD_rVAaeYGhfH1Z0ymnKG7pQ,Useful,5,1,1.1.115,2020-03-22 06:49:28,,
gp:AOqpTOFld_HRFApnsfHQukp625xQZ8UrojeYEGdqnxxbTyYwAl9MKYdIjHXRafscnxsjTy39Yno5E478BurzrQ,Jose kalathil Jose kalathil,https://play-lh.googleusercontent.com/-SOTZ8sUqPpw/AAAAAAAAAAI/AAAAAAAAAAA/AMZuucl9ZisG1NTED8qV3UUb0fOPqOtykg/photo.jpg,"Best equaliser, good clarity, Totally best music player....",5,2,1.1.115,2020-03-16 01:18:26,,
gp:AOqpTOGzb1NWabtP_ABOxp7rgX4YaWEICyGhb4kZF3NcX5iZWYQk_vWhNKJrMfgooClyPlgvkSf8fQXL_3rdqw,Zoya Spencer,https://play-lh.googleusercontent.com/a-/AOh14Ggi7y5NoSSE6CFgZUZJFh0k-3QmvSDQQVIKK8Vy,Eq isn't great at all.,3,3,,2020-02-20 15:22:08,,
gp:AOqpTOFTR7Rour2XizkY5fHEoxq03uRmCfTpMpitpWUgTatbzqgLzVdHEbSqsMKZ1IHPFlIso9Ec1luqB6jLMA,Monica Jenkins,https://play-lh.googleusercontent.com/a-/AOh14Gj6_wqaybUJSWZ6xuuwgeOYXscOpkRC6H5KLKLUxAc,Just got this but the format is simple. And it seems to be working well in an improved the sound quality on my phone,4,3,1.1.115,2020-02-19 06:26:12,,
gp:AOqpTOHNWpRqfT-Xqpd1mpAcMMUmH_9QUsUpYXeZHCEp2mdMFaYeaZA2HXgXb4facB_ZeCed9YI8Nye0rLpUMQ,Jayasyeśvaḥ So Jayati,https://play-lh.googleusercontent.com/-rm26BHpsLK0/AAAAAAAAAAI/AAAAAAAAAAA/AMZuucnM12F8bBBxmhQHhs7UeKJ3_b9VsA/photo.jpg,"Not a bad app. However, i personally don't like the user interface.",4,3,,2020-02-19 02:13:47,,
gp:AOqpTOHfM4FR-gDcmB5O5X6-lwwaCX6ougyv0tysZn2oT3lR3iJitQB7s4_EKVb0EP3a5Mv-_wGuQjVd_AS9Ww,Danny Wachira,https://play-lh.googleusercontent.com/a-/AOh14Gjvvmzscs7jfv7kUoVRBzFNLMptjHGGFqOA2xeApQ,The good: 1. Best equalizer outside Viper4Android 2. Clean interface 3. Light on resources 4. No bugs so far 5. Got it free 😁 The bad: 1. Does not recognise headset button presses. 2. Continues playback after headset disconnection 3. Literally no customization options 4. Sliding the album art does nada. Can't change songs quick say when doing dishes,3,20,1.1.115,2020-02-18 06:00:00,,
gp:AOqpTOHwxQeSu1QRLLpse_W89cZKDAWIXPCKcUfl2HLguekkNrfvzUaDbxazK2rPiTUam1DPgRD9FmKjntWvCQ,Pangki Azis,https://play-lh.googleusercontent.com/a-/AOh14GgEyOoj3w_50ZvPUvtZpjZvr6DIGEtJyVpvlYCzXBE,Great,5,0,,2020-02-16 22:43:04,,
gp:AOqpTOG5otlod3VNP24KJU34Z4NuEmYyo7N7hSAB52qG1gXB5I63qEHE0qvHCrv0i9Mf54I85wtufT0drKTYYw,Clive P,https://play-lh.googleusercontent.com/a-/AOh14GhA1sCRtqEBjITKPbjTzxFs5M0qw25dIMT4eYFizA,"Skipping tracks, no album art, it's basically a mess. Thank god I got it free and deleted it.",1,6,1.1.115,2020-02-15 02:47:32,,
gp:AOqpTOElGge4AQniJp0oE9LW5PoO-EDE-qs9EUm6zWUDAcW1S_VM5fXpmdLM12WVHZV4XWyWsYkL0fL75ThZEA,Tim Tim,https://play-lh.googleusercontent.com/-s_ttBuyts9Q/AAAAAAAAAAI/AAAAAAAAAAA/AMZuucncAZ34EYWK8JkHVwQhudsnJaaqkw/photo.jpg,"Thanks for the pro. Mp3,, player I've been looking for one like this for a long time now I can play music the way it supposed to be played thank you so very much?",5,10,1.1.115,2020-02-14 12:45:28,,
gp:AOqpTOEexH0TB2wZmHQxUhLYqLH30PwYZ78WsSEerqKXLtyIPuV95lktByMKI8C85bKXhdpfroUmohH9Yzb74g,Bedirhan KURT,https://play-lh.googleusercontent.com/a-/AOh14GiEmb3raF2bqxfr_sS2BxPCdPjpUlDHpcMwYNluQw,"Nice. Really nice! Anyway, there's something I didn't like. - Prioritizing player screen instead of track list. - Not showing player controls in track list. - Using classical notification API instead of player notification API when expanded. For this, you can use full player API or disable expanding for notification. I love everything else, including the UI idea! P. S. If you want further information, help, etc; feel free to reach me out. I'll try my best to help getting things done faster!",5,5,,2020-02-13 12:30:44,,
gp:AOqpTOFyunfqu9jqma0tGYMcSFlUcS-4ox41WuSMXSI4vZDquw5zJz7VXMu5BroGZdf3v0JEIgfh4AS8qblLQA,Just me,https://play-lh.googleusercontent.com/a-/AOh14GiploB-5qPfukfrTLe-GsB7nNFRBGSNg7ytwWT9,Please fix widget and add more 5*,5,1,1.1.115,2020-02-13 07:37:55,,
gp:AOqpTOFNgGtAVsfn53MoOetv5E_IvA0JAgwQkA_yxkxI_T0_cyJqEkphIX6p66kmhON-fboT4iqKVYacjtXfZQ,William Hutchison,https://play-lh.googleusercontent.com/a-/AOh14GhimFjiUfdKkTvyMLa4Qkr9YwVU49FLq04wuLE-flw,A great Mp3 player that I am thoroughly enjoying! Thank you!,5,3,,2020-02-12 23:44:17,,
gp:AOqpTOFbxJb5mW4IMK5LJqdvxb8HbXZQXvymBWqxjvrGKRJJT1C2Cxl7EdfFjEt7vc5yWTm1d85HIyg0Nw1yDQ,Vu Nguyen,https://play-lh.googleusercontent.com/a-/AOh14GjYm2OkOxtjxZ-gFzbm-hxlAl_yDvYgWfy6vYa07A,Beautiful Soundmax,5,0,,2020-02-10 02:55:48,,
gp:AOqpTOE9pHXOP7u4PvtI3iILqjz2K8OoDHD2jCAvLiHqhVfEBXSYYZ8TL0QvrSA0zq1YPDQGRsVKP8WxDGoJ6g,Patrick Baio,https://play-lh.googleusercontent.com/a-/AOh14Gh8N6O9zh4s9HKA5rS0J_ke7a8sZ4ghnfbIcjwgAg,"Delays in bringing up the artists list, selected an artist > album, then it plays the last album of a different artist I played last time. Gone through two updates since I have this app and it never worked well om my Xiaomi m9. Sorry...",1,19,1.1.115,2020-02-02 19:39:54,,
gp:AOqpTOE9ZUBncV34aaquJd5gEcCMvVRcP9_Fp7ZJTqlkAAfzSi8jpJPW3SRz3rfV6vaTK-xunfXB6ulfPYE8wA,Virgiani Fortuin,https://play-lh.googleusercontent.com/-65RbmdYvHj4/AAAAAAAAAAI/AAAAAAAAAAA/AMZuuck_AA3DRs-SlIECOlUHW0Av-MQ86g/photo.jpg,"Still needs work making type c earphones compatible. Other than that.., keep up the good work. !! precision .. perfection .. prodigy !!",5,3,1.1.112,2020-01-31 00:22:16,,
gp:AOqpTOHYkD-R2gTzv66fYhfXbFMhCySFeV9npjJ4an0o91fRat375y2-vmzABO3w8xPl7Sllnpepso6Bhp4nwg,Anthony McClinton,https://play-lh.googleusercontent.com/a-/AOh14GiyY1m85M51FeXQKeabRVnB2ZHacJm6ggv5f7bQAA,Hreat player,5,2,1.1.112,2020-01-12 20:39:19,,
gp:AOqpTOGU23tAiSWuPM61SFGzM98WUR6TSd5PdKMejnJfdPP1Vu6QBqZlM38OpEatVjKwwnniHV02TCuwjTM_kA,thanks my life,https://play-lh.googleusercontent.com/a-/AOh14Gju9u3zcHd4SPDv3dkcEf957m5vK_VSnBbMqyAc,Usefull app,5,1,1.1.112,2020-01-12 07:26:34,,
gp:AOqpTOFz5gEx07jQ7TuzEW1ActWTKUHOzniTr7CW_zaBCYNc-6Mru5ObwZ4Ansh5_qqbdwua8jDAlSZiKV6GAA,Pete Martinez,https://play-lh.googleusercontent.com/a-/AOh14GiEnSmd6aLt0K86wyUzrkgy47b_p9sBldfy_fuPJQ,Awesome!,5,2,1.1.112,2020-01-11 07:11:54,,
gp:AOqpTOHVY5dkm9MKS7tWUghWxtcqghDv21YgIHXg-VNjdi54jeDg7ZwrMf3bOjTAopYVtf5VyF_gcJ8Cs1AJAg,Prefix JZ,https://play-lh.googleusercontent.com/-CSAr82Cn7uU/AAAAAAAAAAI/AAAAAAAAAAA/AMZuuclsQsyrA2-g0DpORovWay3x_N3mlg/photo.jpg,"the better equalizer needs to be added to this app for a better quality audio. there's an expensive and better app than this but it has a great quality audio. and for that, i just can smack you by three stars for this app. sorry, no offense.",3,5,1.1.112,2020-01-11 02:07:42,,
gp:AOqpTOGbPdkVcK-LueSKuzkD6TJQkOHVp6f3Tyim5I-xztjMirN5vmE2zTIRmAoTBHm8KsnHhFOJHJL06Nx1Ag,Kalandar Ali,https://play-lh.googleusercontent.com/a-/AOh14GjdWjszB9ugTBF7Y73Ap_QtJwme1kW8gagH1ymslQ,Ok...,5,0,,2020-01-10 10:57:44,,
gp:AOqpTOE1yY5uUMahCLTMFbKceiAzttuRwwqu4rg4Tvyp4UuxDOVO5DwNq_reg_YJeJU7lvYZiXvZV96szvtmsQ,Валери Христов,https://play-lh.googleusercontent.com/a-/AOh14Gg8-gkwVgLYL7ihASuSQfYTNecDr5bkIAsE2ZNi-Q,"Crashing non stop, not playing songs",2,4,1.1.112,2020-01-10 00:28:57,,
gp:AOqpTOGPwJO1QpHO11SqX707Sus8hHT_NtDEeLgzXuhUZX0Oj52244Q50rheCLXZ7olEeUR6OC-edQF1NiTTJQ,Mohomed Nifras,https://play-lh.googleusercontent.com/-QeWn3EDpTFc/AAAAAAAAAAI/AAAAAAAAAAA/AMZuuclkmzCRP_8A3jtvut078PHnfzK4rw/photo.jpg,All good very useful player. Next song need slow shade same like play pause coming sound effects. Next button if I touch shuddenly changed track ear little coming bad experience,4,2,1.1.112,2020-01-09 22:33:59,,
gp:AOqpTOG85j5eQT9oZ1TUbe9DKanROobF0EgwznRKKlgupR4iSqxosUaa_7ouQlLr7nx-oepL6I2w1WKPQIrqRg,pat morris,https://play-lh.googleusercontent.com/a-/AOh14GikCbKfW5dVNhoY_Y4rUQPpazYC_RhAMBuk39M,"Absolutely the best player available on Android. It is louder due to the excellent pre-amp and multi-band equalizer. One small problem that isn't a deal breaker, you can't advance it (to next song) via the Bluetooth FM transmitter. Otherwise, it is by far, most excellent and I have tried them all.",5,20,1.1.112,2020-01-08 14:25:33,,
gp:AOqpTOG-c2X-AkP6TmQIZ7CuFucK2JudUh-ITXE27oiK5tz5x4uUZ4He7oO_Xig7izT9yupqVruGVeRqrd8nSA,Stephen Douglas,https://play-lh.googleusercontent.com/-oeTtUKV_Y7E/AAAAAAAAAAI/AAAAAAAAAAA/AMZuuckaXvThch2QRgzkKguQ9crEDL2Asg/photo.jpg,"Good sounding music player. But when building your playlist, you will have to go all the back your song library because it does not remember your position. Also letters en the left side do nothing, you cannot advance to a particular letter by pressing on the letter.",4,5,1.1.112,2020-01-08 08:47:08,,
gp:AOqpTOH4hNVrsCMIS5x7cWey9X0WU_i7lco8kIAvZOYwVxTNvlSFELsS5lGpLMhbQpr2HeYXfjK4u76svWn9OA,AKS PLUS,https://play-lh.googleusercontent.com/a-/AOh14GiJQ2E7T4f-eAM1nDtkn2O-7wRk1DIsTz45Ps68Vw,Nice app,5,1,1.1.112,2020-01-07 00:28:17,,
gp:AOqpTOEgBniqPcgaYhII4OIbyopJJe4J0WqOlHzUoFz0uExPtW207UZ1qxvbTzQ6lFO8xVxL14NM8v5yJWdDjQ,pradip behara,https://play-lh.googleusercontent.com/a-/AOh14Gh9dRw0iyL7PUkEsxekqLgh9obMtmTZZJeLsiYh9Q,But album art not show,4,1,1.1.112,2020-01-06 02:20:37,,
gp:AOqpTOG16_CvFfVMIBSOO5MrdOonQqkJknZ4saIL5L0BQv0vFGNS_FkSLP8tHT0WC6lMOCgSxm29aLtfOR9LRw,Root Potato,https://play-lh.googleusercontent.com/a-/AOh14Gj8MLtqof6ewDvKWrkcQ0DTAKoqi_mwACYp6ayi,"Really, quite nasty.",2,3,1.1.112,2020-01-04 19:04:19,,
gp:AOqpTOGNPha26MB98xoqLfnx6Dk6urc3GFH_82yTfwK84tr8URqOeH7XvSWLlbWY2XtzGXF2Sv6QNFwPU_86nw,Priyatna nih,https://play-lh.googleusercontent.com/-BPn6zwUKhPE/AAAAAAAAAAI/AAAAAAAAAAA/AMZuuckx4pu7MtwaScyYMT8CMaK4a7JU8Q/photo.jpg,Nice App,5,1,1.1.112,2020-01-04 16:07:43,,
gp:AOqpTOGjt6-wJgPnSNGKMkCX33R2TXdh1PsltLM-O1LVFRppW4naUlirBAUfJRke0bnoxF3WETR5Pn1i2VY_Rg,Rick Calbert,https://play-lh.googleusercontent.com/-4P1rMhKuUrs/AAAAAAAAAAI/AAAAAAAAAAA/AMZuuckOHiV5cHbWFpObF_LxVYbwE5m8_Q/photo.jpg,"This is how I was planning on compiling my personal music player in AS, as far as aesthetics & options. An option to only play what's in my music folder would be nice ( the app likes to even slip in sound-files from my metasploit files...""You've been pwn'd"" is my fave; awesome timing sometimes). It took external storage liberties before I opened it the first time, but logs & data-use show nothing alarming. This device is an LG G Stylo running LOS 14.1. Overall, great job, Dev(s)!",5,6,1.1.112,2019-12-24 09:54:11,,
gp:AOqpTOHjCcm9USgczS_vUIovrjvujiYUtwbNdnDStPBw0ehB4goCTAKhJq-V5lMd3TLLzxWdVenWljeBYYH1kA,redrooster 2,https://play-lh.googleusercontent.com/-VnsYdw0cIr4/AAAAAAAAAAI/AAAAAAAAAAA/AMZuucmK9RleIkgAjGIUddZnLy3zvVNNAg/photo.jpg,Great app thanks guys,4,2,1.1.112,2019-12-14 01:04:55,,
gp:AOqpTOH7XdboHoyrcK4VOftEg0xUFiMrRQvCmOW20QyuFwooIEQfz01R1KFuenoch_EDdw2R7Fg4iZZ_mohvqA,Bob C,https://play-lh.googleusercontent.com/a-/AOh14GinQrK03Hvdsyl9FJG1GvH51eZ8AvV2DvZx1QJU,Harf to turn off,4,1,1.1.112,2019-12-13 11:07:41,,
gp:AOqpTOHx42GyhgbW_Qxudj-n71LwGxlb3a2GmYVFLiW-RwTZco_0VTCXU4fG_9EAZ8C3Rof8j_QwS-UpeEEgHQ,Troy Henjamin,https://play-lh.googleusercontent.com/a-/AOh14GjpemrVAlKtOhBdRuwz-RdFUv2KyVtRDuw9gigLSA,well done. the only player Ive tried that the eq actually goes higher without dropping the volume.,5,4,1.1.112,2019-12-10 23:32:45,,
gp:AOqpTOHYRYkRp4QNwhdNdzrzDlkjFcLo9E5zyCzPIc2GtlxvVc0Hq5WVZhXSkBkQCgZ3y7BMwPqf_6z-x3Nmsg,Mc Studio,https://play-lh.googleusercontent.com/a-/AOh14Gj-glxaJH-STnpem4QN3Gib8wHSWPkZPaIPwMtbbg,hbg,5,1,1.1.112,2019-12-04 04:48:58,,
gp:AOqpTOEx4tBlNCocRM-J7W1hUBNTSnCzbyR5H8uA380Q4wxCNoKQHi1vcIBCJni8DtARGtLkz51ma3xFF99KKg,ওীহরববডবডব ুীবরবব,https://play-lh.googleusercontent.com/a-/AOh14GhfenMkOJknXe3cGm9DR-zqO5ucglgtLN2NAFVu,best apps,3,1,1.1.112,2019-12-03 06:24:53,,
gp:AOqpTOEgPozrZL95DXQ7TcTke_zeNw0ffuVN2DtgbQ2n70gWOEeUcqhUSp1POPTGlFdsedIyuhftFuVjQzJ2ew,Buğra Kuru,https://play-lh.googleusercontent.com/a-/AOh14Gh-5pkSeJ5mYkTu1SZmu60BlWZCHs-KiENH1c09,Eğer doğru ayarları yaparsanız mükemmel uygulama,5,1,1.1.112,2019-12-01 12:33:08,,
gp:AOqpTOHxNuVNYjNq0k3G7I9Fv4aGbFYx1FN3ATeP_Vzn2R9FZaEdF63EIXeM44Q3kbCdrWMjn93ZLT2g2yeb2g,David Zid,https://play-lh.googleusercontent.com/a-/AOh14GgduiXKIOVELhUaMkZn8zxl6LGF3bVn6hvjvQ1kZLk,"Outdated design, slow laggy animations (OnePlus 7 Pro, SD 855)",1,5,,2019-12-01 10:40:03,,
gp:AOqpTOHy1u71TKdygvHP1wN9T7gm20f0smSheD-P5kFWG6S5eGIa2H1HxJ9qxhpxNIfkMWaOGFSNsZUemZGV7w,It's about You,https://play-lh.googleusercontent.com/a-/AOh14GihiM6yv3JkajDKqCUEQZOKoR24VBidny-8MGFrKQ,Good one,5,2,1.1.112,2019-11-30 01:24:53,,
gp:AOqpTOGOcB_TOSyXWxLx62KxsMugdGlqhsSPnZdlTeUAeDYo9KALASLzv6ag_9rhWXsM6TPG4MdfFWNAXUU2Cg,Jorge Carrillo,https://play-lh.googleusercontent.com/a-/AOh14GgZj-Rd9TUfxv8uoi_lYNie6aqyJ-oXJRxhfv4OBg,"Buena, falta personalizar el poder excluir carpetas del dispositivo y solo busque en las que yo le asigne",3,2,1.1.112,2019-11-29 17:58:21,,
gp:AOqpTOEhM8v_8nSy1rLVbeyfJbsY3H8L4vATd3zhb6LRZWX0YM60n-EL0zwRiq8tBgtqi1LI_h58LCAWjO9Xpg,Mike Vasterling,https://play-lh.googleusercontent.com/-RxeZKqQoIVk/AAAAAAAAAAI/AAAAAAAAAAA/AMZuuclr-q9Tx0LnxECCZsCTlRBU4mJzmg/photo.jpg,Just as advertised!!!,5,1,1.1.112,2019-11-28 13:54:43,,
gp:AOqpTOEYoLpYmXsBWKkhh4VNuZyHz7M6DJS8VtON--rcaY1W3sPDnghAG2UKrifAsom0u2jMRgH0Moi8jJyz_Q,saran chandu,https://play-lh.googleusercontent.com/a-/AOh14GgHsvaqULPuCAFgsESP1vuoCvmhFJ-XiHw-RkoQfZo,Kk,3,1,1.1.112,2019-11-28 08:53:07,,
gp:AOqpTOE9m04STW6d1Tq1rnADWSPbw089EnAwQXs6Fusad3aE1pMWcVB6JstX0swZ9sd_N6VSmSEg8wN45h0wIg,Shankar Shaw,https://play-lh.googleusercontent.com/-v22SQpZ6CUo/AAAAAAAAAAI/AAAAAAAAAAA/AMZuuckU66z7BhIJuxu8wCp5Lus6TEdhSA/photo.jpg,Good mp3 player try nao,5,1,1.1.112,2019-11-28 01:46:01,,
gp:AOqpTOEkITR3x7Bnx_yvkudXgV1GuEx9P05xEU4LVvWMp-3fOBzusKlVrlR8He9SBskt4w17pHTxn85BmDXhiQ,Mohsin Shah,https://play-lh.googleusercontent.com/a-/AOh14Gh8JDx0KPLaRPzIjFhzszZvNEeE_2GRjZTuAUsZQ2o,Not good enough. Layout is confusing,1,3,,2019-11-27 15:55:13,,
gp:AOqpTOFgCMp2bwXXm1t0vm9gKbNE3ZwoPWXwRv8q8nYbfpRYVUApg7JnmgQn9nllcJJZZdpDfMYXe56TjFg5MQ,timgames 24,https://play-lh.googleusercontent.com/-Gr9nya2t314/AAAAAAAAAAI/AAAAAAAAAAA/AMZuucnrvjfN-GttYl-l0RdnYNJVQE1C-A/photo.jpg,It forced me to make this review,2,3,1.1.112,2019-11-17 02:45:11,,
gp:AOqpTOEh8h4HuIKe-A5mVEuvOm70xPGXgit3RjlDJmqEwX-Gn0qH19ANK6vfQ_lCuYyRk13-14VCHpDU5oiGzw,Tejano Weeb,https://play-lh.googleusercontent.com/a-/AOh14GjIXfBZW6dDU2ydm2Pp-tYyfGCaqYrAR-URuHnEiQ,Needs a most recent/date added sorting feature but otherwise amazing!!,4,9,1.1.112,2019-11-06 10:29:09,,
gp:AOqpTOHijHteWKcbprAMHBUqGUABxTZ8S7khahpCVmvFCeqNTokXJBqZv8FZcQvlUMwHvktYCaos72B1-d9Axw,tyrone owens,https://play-lh.googleusercontent.com/-dLXPBQ7h6sM/AAAAAAAAAAI/AAAAAAAAAAA/AMZuucnnS8t0PGYXJ5FIGri25WBiFo8-jg/photo.jpg,Not bad pretty good thus far,4,1,1.1.112,2019-11-05 18:09:42,,
gp:AOqpTOGJmQJ0tBSgfq6vbiT0ZKqrAvehuK8zUA64LPsYwCVtYT8IxKYgogwOXUHmYPWa8iRqBb34iiieu87KfA,athar ishtiyak,https://play-lh.googleusercontent.com/a-/AOh14GjRHXfXh5VhzMJ9J2eu-6Z_tzpjIlHlSsU0vgIV,please bring improvements on the ui 😎,1,2,1.1.112,2019-10-29 00:35:18,,
gp:AOqpTOHyMXY3cO6CJJ3Rjpg9l874svhLpnTT1wWbV-rNgU7SGYZDItS1Iw7v3pGmlabLZZpvP3q1vV6sRyxwrQ,Dalton Traylor,https://play-lh.googleusercontent.com/-GybfiqhJcRM/AAAAAAAAAAI/AAAAAAAAAAA/AMZuucmzLmGNoWn_gRDGMnLvKu9oS8dMLg/photo.jpg,🔥🔥🔥,5,1,1.1.112,2019-10-26 08:19:53,,
gp:AOqpTOH5IzCjYnBgc38GGXh8rAd3WT4Y1W4F3dHPL9QMVCZC-66q5bWl4mnKRIndca-b1TM1IwKXH2N-py_DFQ,Leela Bhavani,https://play-lh.googleusercontent.com/-16xYzKghqwQ/AAAAAAAAAAI/AAAAAAAAAAA/AMZuucmo9Aqqzutc9Ag_p2MMwVHrGW6BVg/photo.jpg,DECENT INTERFACE,4,1,1.1.112,2019-10-25 23:03:54,,
gp:AOqpTOHF6X_KCjojbq0plE2F_yLc7CtGkM6hJtYb-arxp6DIVKvk7UvN_5WeohbjnQ2xzYNrMPZKHKZExnXY6w,Tony Green,https://play-lh.googleusercontent.com/-hn3c-cRPOJo/AAAAAAAAAAI/AAAAAAAAAAA/AMZuuckOuxxssjgQae9zDC4qi0aDVNaWkA/photo.jpg,Thought I would try this app out see if it is any good,5,1,1.1.112,2019-10-25 10:13:20,,
gp:AOqpTOGk5IwDbYD2c0mZUglQtauIiXMGsfRLsLypYY8IK6tOltEKqsvsXJSRN7BIAp22KxgAy1xddGrYFBfgSw,lakshmi narayana,https://play-lh.googleusercontent.com/-bKg_Y3eUjNA/AAAAAAAAAAI/AAAAAAAAAAA/AMZuuckMvKP-Dd8ETb0SmlMBzZne-M4zdA/photo.jpg,Good app,5,1,1.1.112,2019-10-25 09:47:59,,
gp:AOqpTOEtTrTr_fuhUG_PG5AL8SCXHJ5Z3CgQ8zm8bruTYzrBGqI1c0vVfumBHrBeuNmnk_Xkmg3zdmjApxynPg,Kotapally Sandeep,https://play-lh.googleusercontent.com/a-/AOh14Gh-AuiK9lak6Cr-Yd7FDu6IiaHK4sj6ZjfPl19xNfE,Excellent,5,1,1.1.112,2019-10-25 08:29:04,,
gp:AOqpTOE4B8XZ7Qde6J3CnaUzoHqh18KvUQfksxA8UykjL8YobzhidamHrLss7Ryuw7CCTPKLAm5BAYz3uzTBQw,Nag Mano,https://play-lh.googleusercontent.com/a-/AOh14GgdVdPUQ9TVZqpxOy6XtnGZ4Udmn9kMjZKleyOan-4,Fb as hxbx,5,1,1.1.112,2019-10-25 08:20:35,,
gp:AOqpTOG120JxJQryU0uHE83iHxT1DFnHZlzsP4aW-6PJrdo6fGH5EdOtPNCHcuaAJZImFX8RA_0FZSrA_0tjRA,Maruthi Mungara,https://play-lh.googleusercontent.com/a-/AOh14GhVOfUsuqxorCCOfQiHd4f7v5CuBw-kKqubNLgiSA,Good app,4,1,1.1.112,2019-10-25 06:24:38,,
gp:AOqpTOEIpL0j5uhEi7DPzYyfesb4KYmwzIddzBlT5aq5KbwISzcKaS59yfNQAaURyfmQnHH8Za-oDCS_CWoqug,Daniel J. Biberos,https://play-lh.googleusercontent.com/a-/AOh14GjEBMPsFAWmEZYjEDwJFi1_rIyr3Y7HnQPOOlPXj1Y,"Its like when you go to dairy queen for that awesome blizzard in the heat of july, or when order a double baconator at wendys and you get a triple instead, yep its that good.",5,1,1.1.112,2019-10-24 20:55:44,,
gp:AOqpTOE9TRLhVpcefcxIPqF7-bhMHdM3MUQ_TswcIJefRJEc2mRZfIZTMD4GPNKMUVgqZZMmVfr8fRy0gVpeaQ,Eboneezah Scrooge,https://play-lh.googleusercontent.com/-4nNvj7qKA7E/AAAAAAAAAAI/AAAAAAAAA-0/AMZuucmJqpE6AeBWwumqQVdXJ2B8hmuT1Q/photo.jpg,Rhubarb,2,1,1.1.112,2019-10-23 01:04:35,,
gp:AOqpTOHj01jioUfzPOg57I5BLJ4pP9u4kNnCKEdFXAGeJR0Mr6-puggO8bHXHpDw7JBhfT7svEexsTgN8ONANg,April Broussard,https://play-lh.googleusercontent.com/-wODQ3IOBX0o/AAAAAAAAAAI/AAAAAAAAAAA/AMZuucnBBiT6f4ygyrQmwn5dokRIlkT9Pw/photo.jpg,Goodl Good great like super,5,1,1.1.112,2019-10-20 09:21:20,,
gp:AOqpTOHhzItr7ERUz8Yw3DyjIZ48wnPwTTO90ddB4wWCilNwbZWiKNJ9dmagbDrSbjsSpnyRiYc1QMnY5j-lrw,manoj golaniya,https://play-lh.googleusercontent.com/-YssfFoIBgQs/AAAAAAAAAAI/AAAAAAAAAAA/AMZuucnF8LdaWyIfv2OzTLlLd_7rdht6HA/photo.jpg,Good..,3,0,,2019-10-20 02:33:36,,
gp:AOqpTOGpI7Wla-hvbYfcecj8-nIeNa1OGG3EKfrj0cocJe8QWCc4pWG2ny51mTJebA4WGQB6rGqz0FuEaZ6MAg,LIL POKIE,https://play-lh.googleusercontent.com/a-/AOh14GgJ_J7vo2lRE3ys3i6bvsV_lgpOh6nNDIEJXja7ew,Great,5,1,1.1.112,2019-10-13 16:11:17,,
gp:AOqpTOFo8njbU0DV9YyLqLTTl4Xpss9VMqCJAPHS3BdZr7ACuSIe8AoCVuz3mrL-XwbJVhO8IqL_7EIvXnYROA,telugu vlogs,https://play-lh.googleusercontent.com/a-/AOh14GhqJv_MgfrZl7iIGGZ3HE2ekVvKIBdXWIwt2j6XZg,super,3,1,1.1.109,2019-09-22 06:26:39,,
gp:AOqpTOGG66fx4Modebs2SD8D4NrYdYt56-rFhd1LRIYRkYWl8eRMP5kMMla8qh5dtkM7iimJwlUbpp0UTKX5bg,Dustin Hamilton,https://play-lh.googleusercontent.com/a-/AOh14GibTYafeRq5j_S_rHG4ieU7L2azp7A3uoY4fFxLcw,So far so good. Let see if it holds up. To all audio aspect standards.,4,3,1.1.080,2019-09-16 10:50:05,,
gp:AOqpTOFZDMr5_WPwzpTHeUcWAkkXBL8H21plSxatGQDDyracYSN9eox-6_v2DU5EvpgqEW_nul3e-AdJq7IhIA,Salohcin Nicholas,https://play-lh.googleusercontent.com/-I4gGH_roE6g/AAAAAAAAAAI/AAAAAAAAAAA/AMZuucmTajyMcpFa0RR3QJKix0iYotq4zw/photo.jpg,💯,5,1,1.1.080,2019-09-11 16:18:22,,
gp:AOqpTOGRiJNo924ZTkecC2dF1hRrp-Wf6dsQ5-Qy_OzHcbwIubSVLHuvDnsOIXCfHJf6sg8Pxp517xTXfIFKIg,Sunal N,https://play-lh.googleusercontent.com/a-/AOh14Ghd2v_77OSiu4LbEkxkVSYN-VMeZvOYSOdTCg2ZHQ,excellent,5,2,1.1.080,2019-09-04 03:29:15,,
gp:AOqpTOGeeOIEpLFLBdrw7mLzhfeWPx_aDU3yIsw08HQ3NjN-nYos6z2jR5nUa3PfDU-iyL3BfJX8oLLQvue9Wg,billa sekar,https://play-lh.googleusercontent.com/-5lX_Cu_WOTE/AAAAAAAAAAI/AAAAAAAAAAA/AMZuucm6cE5y7Vo5YwdAI-LfyOGlSu3s8g/photo.jpg,Superb,4,1,1.1.080,2019-08-28 03:27:42,,
gp:AOqpTOHtSn-8TDmYGNgROktVzFxq8TR92lnIMJS6Abq-EV2YwzvABdK7DPIRTY9Gk-sY8SKATeq4beRJ_rBGPA,barles mcpete,https://play-lh.googleusercontent.com/a-/AOh14GhGUvrnZl97VyN3REDMZfT8YsdhfuNTXvY2Lg8ATw,"Does its job ...4 stars ..lacking ""it"" factor if it had that ""it"" factor i would consider 5...but nooooo the dev had to leave the most important factor out! Unreal, man. What are you trying to screw us all over or simthing ? What gives ? Gimme that ""it"" factor now! UPDATE: 10 SECONDS LATER OOOOooOOOh its a music app. I thought it was for....nevermind just please dont abuse my camera permissions or you will be scarred. Forever. Heres your 5th star...you deserve it after where you've been!! Whoo!",5,1,,2019-08-23 12:42:18,,
gp:AOqpTOHb_dbyL8TqGrUfP8YkiMTRXn5lzM3-KUosmSlEwZSnNUPuSvVGb-fjNSkLe6lSCgp9h4l3LG3i5JRuGQ,MOHAMMED NOUFAL,https://play-lh.googleusercontent.com/a-/AOh14GjN_vvAEIlyWiBDKR-WzPbQi5rPKyB2qkl5FzmfLw,good music player,5,2,1.1.080,2019-08-13 23:44:48,,
gp:AOqpTOEutnRvF31JIf98P218DhRvp9qASBYT4C83rB9du65ZG-hQ12RXe-U1LuLzsVetMHnKcfoKs-1VB_Cn8g,nick fitzenrider,https://play-lh.googleusercontent.com/-aVLpd-757qs/AAAAAAAAAAI/AAAAAAAAAAA/AMZuucnhLKUFQOJJqGiYzumM7vjq4b0OPA/photo.jpg,It's not a bad music player but it just isn't for me.,3,1,,2019-08-11 20:32:30,,
gp:AOqpTOEjKKcRQhF_oeefYsSWiOpUQsPmBBXrHn8P_4DXhx7gP99PtBgYkoONq1iPB6IGfXc2J6C3O4OdSpboig,faramarz koohsar,https://play-lh.googleusercontent.com/a-/AOh14Ghvv0ne1mooJlWKHSKD3TXviCwnbc7m8Odqx768Cg,Awesome,5,2,1.1.080,2019-08-10 01:48:50,,
gp:AOqpTOGxXFupJRCamisXfrAytNENdgz3oaDrwB0_1K5swb-Ivvy9D44jjXRTpI-jI73YhZACh_OCW2VEyJsqNg,Mahesh Gujar,https://play-lh.googleusercontent.com/a-/AOh14GhgjuSQAC8HD_nnoWZfU5E7L_IKSnh-naibcmW8,nice app,5,1,1.1.080,2019-08-09 07:05:26,,
gp:AOqpTOGQlUhx-_Le4t3uL5i36HTPZUYoYvzyPfDmWaVdetcpxBt7e_Yjs3DVMwLFiEs-FU6L2_bEZbnuWPVRKQ,Martell Tha Cool,https://play-lh.googleusercontent.com/a-/AOh14GjzAWhU2z9HNa-8G-1MXwQGPNnlmR493ON_p7u6f2I,great app,5,1,1.1.079,2019-08-08 10:27:32,,
gp:AOqpTOH3mgWC9faO7HTef6GErosMo5nTtVnyrBfC2j0POg0c6iwnKivYZ8WegIX4TEu2yj8I-sZgM5hY9gry6w,RAJA G,https://play-lh.googleusercontent.com/-pF0yV19ZppA/AAAAAAAAAAI/AAAAAAAAAAA/AMZuucmminIf-G7T2ij8fMlJ3ENBLK1nQQ/photo.jpg,App was good but not working in my MI3 (Android 6). What's the system requirement?,4,4,1.1.080,2019-08-08 07:47:19,,
gp:AOqpTOGgiz48vYZYvRHlHp69h0mjQHbqUxozhFxmqrQ3zqCafgvdfNaBWYI26Y7QP6W36lFKJSAhcfv7EzsqxA,Taufik Rahman,https://play-lh.googleusercontent.com/a-/AOh14GiAn4PVruGOZlp7lgaBKtS4J4Dn07LhOLNR40k3,Jin.,5,1,1.1.079,2019-08-07 10:57:49,,
gp:AOqpTOE4F5gT4kg-fVdV3MqT0-QBKVitErJp1wYJ8BuAwWLqqYVSwZ3zaaZhM7xdmHAOn-ONC96DkTeeQnZrPA,Rajanna Sunarkar,https://play-lh.googleusercontent.com/a-/AOh14GhfTOOtInjZ1o71b0zwwK0Pd83MFlM9fw1EpLJQ,don't use for app,1,2,,2019-08-06 21:55:28,,
gp:AOqpTOHuyl4Hf7G99VwvlyTSTiBhoSyZCbuLACN8t0j2FjaN9tM6bf81AQfaJLDXwSrKKqHw7DNhaIY7sj1fmQ,Pradip Dhar,https://play-lh.googleusercontent.com/a-/AOh14GiQyae5CrZq36LnFBG54bP52dWHo3opH_Mjdan-VQ,welldone nice.exchellent.,5,1,1.1.079,2019-08-05 22:54:03,,
gp:AOqpTOFk_xj0FnG0yP6ccBWFz8mxwUoySdMRSnggGpgWjz6BZjkuOAM3bFA5Iy-nzOi9dY0LckdyyXIxGtpjow,Lk Lk,https://play-lh.googleusercontent.com/a-/AOh14Gg8ediilXLUJ2L9oWXw9343db2YIzfxznTWl1c3ww,very good!,5,2,1.1.076,2019-08-01 11:00:12,,
gp:AOqpTOGG0I9VLVluIgTu4owoL9unLHHZz762DjWvsy8yKQljVrvfmmpcEpPrTIHsmTTFbVJslnhxffM3qXU_Eg,Aravinda Nayak,https://play-lh.googleusercontent.com/a-/AOh14Gjc6pi4I2TKCm5ngV0g1xO14QPcym7vZmxsrcxH3g,Mast hai bhai.,5,2,1.1.079,2019-08-01 03:13:30,,
gp:AOqpTOEU_pbEpuFkwqoxrLaBr7bLi1LPGC5tt1XI-bubcCNCX9PBPJ-I0OMH37S8jh_xPjF-rT7vCx1rGp5cDQ,Glenn Wilson,https://play-lh.googleusercontent.com/-2jcaSBN65n0/AAAAAAAAAAI/AAAAAAAAAAA/AMZuucn4MJWyv9i2MWbU9PR8qikDSXA5uw/photo.jpg,very cool app... I like the over all look of the app nice and simple and the equalizer is cool...I love apps that have a pre amp slider very cool....only gave 4 stars because when i try to load a song from my library to a play list it only lets me take one song at a time witch is time consuming😵........🤔maby im doing something wrong and there is a way to move multiple songs to a play list....any feed back is worth a star 🤗,4,11,,2019-07-21 22:40:46,,
gp:AOqpTOEQi3xCixaPwhXrf1zI8d_7MkRcfqXQrKvG19sr_4SBjVpZL1kWrcMkoJWVVq645AVADBNT5gK3Ujkk0g,Johnny Vongxay,https://play-lh.googleusercontent.com/a-/AOh14Gj4W6Zf-mPHtzOLHJ-UiqM2P2kMBeeMaadlYm582Q,great app,5,1,1.1.076,2019-07-19 11:20:04,,
gp:AOqpTOHo6ztEMy97t2NVQdtCAC48hBF-Z1u6e8FByLiWvwa9kobUhdYReIOUCEacdX0d0lP9j9q9tmnzEyvcPQ,outrageous outrageous,https://play-lh.googleusercontent.com/a-/AOh14Gjxh_OoDiRj8lQP5_as81tHv2KUODFQCxCmY7b0GQ,One of the best player amazing interface easy to use and very clear sound,5,3,1.1.073,2019-07-14 20:43:01,,
gp:AOqpTOFAHw0gskvIhz8iNRK-ZsHMThzYy7-X9cnHl2HtjjtqXWvXRYM4SoV3dEaAYHLxVYurwC9AZwvi8hXr5g,Matthew Ortiz,https://play-lh.googleusercontent.com/a-/AOh14GhzOwv3PDZYbljeKJ7rPnJJi8puK9LRwJnrZ8ydg-s,cool,5,1,1.1.076,2019-07-08 14:39:34,,
gp:AOqpTOEZ4Vdohr0vvhbp3lbQ0PLTIyheb7LHRtXn59zs-E-QvlDl88rOeiwBOhiIEmdy443nQhOq8Lry2L6k8w,Sky Mallory,https://play-lh.googleusercontent.com/a-/AOh14GgsWadbbOaqiJEHo45i4_-3dP1Uzt22kHN9B56JFQ,"it's unconventional. Everytime I open the player, it'll have a random song open and once I leave that window, I'll first have to select, from like 10 folders, because every single one containing some type of audio file is shown (even ringtones and alarms), the folder that contains my music. And then the songs also all don't have pictures, which they do in any other player. Overall it's just a huge mess and I'm not sure how this app got such a good rating or why anyone would buy it.",2,20,1.1.076,2019-07-05 14:22:00,,
gp:AOqpTOFt9TZ5SQNaAeytXoERR9z4HQ6cIBmXLbu9fnItVQDCj2RVwADlw722fDUL2J4v3IjS0ut-KNmABvOtPA,ريمون شوقي,https://play-lh.googleusercontent.com/a-/AOh14Ggw5Em6PJrB24IunOWbZEmlmTLx8V2-HDvkRYmoGA,good program,5,1,1.1.073,2019-07-03 07:57:50,,
gp:AOqpTOGI0DzqcJhrjHsFtL2PYQ71qTW27W6ihKO5l7npL0AFmMpPaZti1yZH5f1XM3JsZ8kDPFMUTRhyOTNKnQ,Brian G.,https://play-lh.googleusercontent.com/a-/AOh14Gh5vOqF0TFYe1kP8REiADvNMeI5Hr_BL6G0d6vanA,I would give this app no stars. This is another app that is rubbish. When you open the app it freezes your mobile. To get out of the app you have to open your previous apps that have been opened and delete this app to close it.,1,8,,2019-06-29 17:03:44,,
gp:AOqpTOGm2ganUXPsgOalqoV1L8iQKzw1URMcxJNwhWWxDdZuV2Inalnj06-XKafi6H9FI6XT1R2zTz8LidrB_w,Narsireddy Mamidi,https://play-lh.googleusercontent.com/a-/AOh14GhC3wQgleXhBsGcSlDm47zWHRIYrma-NLrNbv4u4w,great,5,0,,2019-06-29 01:49:38,,
gp:AOqpTOHS6Gl-cYYjWbijTgs5N8d8_ZGk6EM6B6SES2-oDlsvZU3DETcMtgWxLVCjtPrQvsivV6FeoaRtXUUnsQ,Virendra Kumar,https://play-lh.googleusercontent.com/a-/AOh14GjZ2KPUmO1jr1W2XNaF1YgseD6V2FCXwIRrqWdIAA,nice app.,5,1,1.1.073,2019-06-28 19:39:38,,
gp:AOqpTOHNCsvvLtjWpABgcKQ2whQhaLHvbXHoJrEwQi3zfF_aE9v85TOpLoOyic0eTPtkUVb-3OEFBjPDpiuAuA,jijo thomas,https://play-lh.googleusercontent.com/a-/AOh14GjkEjQgk0o_cpTIMDiOZDKN8Ig0g6zUabgSco2TAg4,super,5,1,1.1.073,2019-06-27 07:39:15,,
gp:AOqpTOH7U7jues3EJla0PfBrwps81OL0uXnH_46VEM75Gh7HJKs9s8ia20cfmjV8r2xw7wztt-GAoGm1knqIkA,Rahul Bala,https://play-lh.googleusercontent.com/a-/AOh14GgoMA-z7aw_bAIMdKYMtFwrdWD0RBcyz0CqpaiqxA,please smoth and more clean app asom app and thank you developr,5,1,1.1.073,2019-06-27 07:13:36,,
gp:AOqpTOHt4RCtmCJN16ucBUHQIj--QN7xBa3BDwatVOzWRbLmiEJfMXHxJhjsp7bYEPZHXSP5pnLsk_C1Vakebw,Suizha Saleem,https://play-lh.googleusercontent.com/a-/AOh14GjZV5M8y61LDivsFAIEE_51tzJktuyOlCc5xuwF,lebih baik lagi,4,2,1.1.073,2019-06-26 17:10:46,,
gp:AOqpTOF0sJTJ_A27YQ_hfETNHn3wMhzMN_a1PT_FIHqrD6eApN4HHPGgW73rUTKsSOCCxSSrLRhpH7bZ7kl4Vg,Rabiul Islam,https://play-lh.googleusercontent.com/a-/AOh14GiNDzbY2o1OZ1ySBt04evUB6464QdUQOJOLMqi_Ug,How to play mp4,2,1,,2019-06-26 04:33:49,,
gp:AOqpTOHSkJx_64azEo85_FsTsN7AoeJXKs705FIAKSL7sqi1a7KhcLPtc3P-bhgaUdwD1zZymOjwHmeteShNzQ,Affan Rafique,https://play-lh.googleusercontent.com/a-/AOh14GiOsg-1vDAUAYhh9nPN33FVfYeQhPc8tCvwkp_9,worst of all. it showed me black screen for few seconds then goes to the home screen. worst ever MP3 player. this is what I got from the premium service of this App. just sucks.,1,8,1.1.073,2019-06-25 21:02:32,,
gp:AOqpTOEkFkW68iGVHKOb96onmIM3wfNBLu1ipXY1BH_obGXSS_OxNmwfk8p6gqU_8UKCqp797UJ844XiEF9SeA,Nie Ladny,https://play-lh.googleusercontent.com/-7WeGZwCI5Gg/AAAAAAAAAAI/AAAAAAAAAAA/AMZuucndBltpTQChVnfjNdIzG_xH_hIIXQ/photo.jpg,This is a very capable music app. The equilizer is one of the best I've seen. Good job! Highly recommened.,5,7,1.1.073,2019-06-25 03:54:58,,
gp:AOqpTOGgIcq6AiHsHEdcR90uqETbAvV7bSlSWcDVGjZlzhnNtVTvQ1BN2T4IsOcNpFM48Y1NKIe8KqK51PZXoQ,MIDO Channel,https://play-lh.googleusercontent.com/a-/AOh14GjhYdwx83C2lcuTcIJe1XE30FfebVjk-ZlkzW4U0A,good,5,1,1.1.073,2019-06-24 21:06:10,,
gp:AOqpTOGlIR06cyWglY2O8H1gBz_cfaJrMcZCF7aLsoEgH8m_Ud_d7dwtZbsHcB-qVlfNoMp3lvX-2pavQznn9A,Vaishnav NP,https://play-lh.googleusercontent.com/a-/AOh14Gi2dPdSOlW4CMLuRVGk289hZENWVDiH3rf-Vkz0bA,Nice App,5,1,1.1.073,2019-06-24 15:25:45,,
gp:AOqpTOGcoDA5YB2Z_Nf-mV8bt2SbyndP3Hywsb9gPpDPznBe7TRq4gq0tDAGJh4YK7a6aRO2MzceQGqIP92VWw,Jagan Valmik,https://play-lh.googleusercontent.com/-aM5M3DxdZrA/AAAAAAAAAAI/AAAAAAAAAAA/AMZuucnw8v3CzsAOHUUfVFSZjKcL_wUC0A/photo.jpg,loved it,5,2,1.1.073,2019-06-23 21:59:03,,
gp:AOqpTOGdlNAzfWSLcxVMCmdOPPenkEpo0GK435mbMBF7nOSDtQd2o97MT_2R3_0kjDx3fklnpZZHu_ketsE_0A,santosh samayamanthula,https://play-lh.googleusercontent.com/a-/AOh14GgVPiS-WXEscEzDnWE6sfSCqnKEWcGozYwrLvBCdA,nice app,5,1,1.1.073,2019-06-22 08:19:48,,
gp:AOqpTOEET0GgNgBmQwMywvmqsaVl3tMlxC0Mjbj1wkf0zwkrVmxnwjMaTSdlC9VJvjnTvYQacoLQAobkCW_mXw,Ernist Light,https://play-lh.googleusercontent.com/-Uv9jPvLQhCs/AAAAAAAAAAI/AAAAAAAAAAA/AMZuuckIaq9vv44_ixaLOp1LRdhBxetwGQ/photo.jpg,good,4,2,1.1.073,2019-05-07 14:03:46,,
gp:AOqpTOEkCMMnZehKXmGk40Rupgb_AJoL9OrlUfOBcdQXep-mgi4QJ43KcjjlUnXJQu89fOC2-OsvRJ4JevTJig,Chintamani Behera,https://play-lh.googleusercontent.com/a-/AOh14Gj_gxLve4iZSy5aE8GYK92-XhUhldyNYxGKRuv6kg,Very good player,5,1,1.1.073,2019-04-28 11:04:06,,
gp:AOqpTOGpvrBldjffjW6NRQh2eZL_X1KAeiZ5G-graYLdWx-eXYPSd_o8CI0nb7z1-5LQ1Oezsphvg06XjQdF6w,PRAMOD PRASAD,https://play-lh.googleusercontent.com/a-/AOh14Gh2HiruZyU3NjeriDFpG8L78pg1SIjzGYCPq1lesg,plies refund,1,2,1.1.073,2019-04-02 05:14:01,,
gp:AOqpTOEZ21McwUR0FHhHyV1Fb4laNgxw6VnGHaoG6V3YDrbCX7eGtz8L35viO_d1LagGHunPVOOXFcZBJxIjOQ,Andrew Prado,https://play-lh.googleusercontent.com/a-/AOh14GicHax2sgHs7I0dOH3rkTsy8C73nHFuYa1uc3Ra,Awesome,5,1,1.1.073,2019-03-27 20:05:31,,
gp:AOqpTOF__r75QUIMUouSMSAtPVyBL58J3Jg0rHfZfRpmN32MFetvDrDNlzuwHdyRpLTEkV09vL-gfmDSsouXDg,A Google user,https://play-lh.googleusercontent.com/EGemoI2NTXmTsBVtJqk8jxF9rh8ApRWfsIMQSt2uE4OcpQqbFu7f7NbTK05lx80nuSijCz7sc3a277R67g,sd,1,1,,2019-03-27 11:18:18,,
gp:AOqpTOG-IL0QMPKvIhUfd471u_xgx29ExpyZ9VNsq1iz7v6sfFexeRKkUm_jktco0-q4iw4ffgUnirbhy4Besg,Luis Reyna,https://play-lh.googleusercontent.com/a-/AOh14GjLAEq60mE1YL1N5rKGFZl2RDA4MOwkiWWktBTCzg,good app for music,5,1,1.1.073,2019-03-17 10:28:27,,
gp:AOqpTOH_si5kQoDOyvyRUZbW4jFUwWpKXU8eD9gdJPjAy7Tp6a4qE9i9UHagDNkC7WQAlKLs-nXnFoeH7mps8Q,William Olsen,https://play-lh.googleusercontent.com/a-/AOh14GjP6KWtkScWydjsRwNKd-ohq5qHQa7H-8ZmYdwfuQ,"definitely like the app, has good sound quality. just don't like the fact that if I clear it out as a background process I still had to open it back up and hit the power button to shut it down. not very user-friendly for quick exiting but again it's a good app.",4,11,1.1.073,2019-03-15 14:23:10,,
gp:AOqpTOHIWh8ZEqRiGPvDzoITZDMx7mfOFWr9ZlssAeCxuseXUCkOcKiRyCO51eVu2dk5BsN9KtqZtgU5ztFBqA,A Google user,https://play-lh.googleusercontent.com/EGemoI2NTXmTsBVtJqk8jxF9rh8ApRWfsIMQSt2uE4OcpQqbFu7f7NbTK05lx80nuSijCz7sc3a277R67g,Very Good Audio player,5,1,1.1.073,2019-03-13 16:29:02,,
gp:AOqpTOEIP4X65Ik_0Pst3KxjTMQbHP68mQTCitpHn63_HlVkfEhyZcaAR2eyjrB_rnwK0A9lWpi9aKPZThSOxw,James Randolph,https://play-lh.googleusercontent.com/-rvW34YLycg8/AAAAAAAAAAI/AAAAAAAAAAA/AMZuuclqcp2flKT4C6uRYSLh0JN5KV6OUQ/photo.jpg,I enjoy the fade out when pausing playback.,5,3,1.1.072,2019-03-03 19:05:55,,
gp:AOqpTOFDJvwjEQKW0diERUBjVFXIjpLIOPwROWUsGnNqt_tFNaRkJqbra5JDhDFK1owBX3PaqM9yA4ItyzmlBQ,Cricshots,https://play-lh.googleusercontent.com/a-/AOh14Ghq20PaA1sD_Ul0NNvNbJwMQD3rDcUlLnEE9zSo4w,good app,5,1,1.1.067,2019-03-01 00:04:05,,
gp:AOqpTOGcLsjIvtGR_kuz1y0Jg_yIUgtavgXRRTunywVDZCcv8CNObqckSt0naFc9LYLdIrmggMLqrfkAOFFC-Q,A Google user,https://play-lh.googleusercontent.com/EGemoI2NTXmTsBVtJqk8jxF9rh8ApRWfsIMQSt2uE4OcpQqbFu7f7NbTK05lx80nuSijCz7sc3a277R67g,All you need in a media player,5,3,1.1.072,2019-02-26 15:05:44,,
gp:AOqpTOHfdJSJCFztwO2qwVfQBsRnvxvEx-WqTJXQNStNXLv-xI_fqlrUw321zA1IjQsq5JMSxJk_L70a2Z85WA,Mark Vincent Claudio,https://play-lh.googleusercontent.com/-VUThcNrDryA/AAAAAAAAAAI/AAAAAAAAAAA/AMZuucm7KTl6xLcw880YfndaWBi0kcm2ww/photo.jpg,"sometimes when you play it in shuffle mode. the shuffle mode is not good. sometime the other song listed is repeated after the other songs. then i experienced the creepy sound that creepy sound is not on my list. why it has a long duration of creepy sound? i was curious what is the message of that creepy sound... i hope you answer my questions.and improve the app. improved the shuffle mode . this player is good, the problem is the shuffle and creepy sound...",2,5,1.1.072,2019-02-26 05:12:25,,
gp:AOqpTOF5X9T6-bC7JdWdYdSQaE8TJM6W71SYMfNIOmYx5igr80vre1_E6fMTi7WXs53M5EsI9mPPiNYPmuClXg,SUNIL KUMAR,https://play-lh.googleusercontent.com/a-/AOh14Gh3ZkjwzWYvH_wTTO61mm_sNw2_4FkL8h8VTGVZAA,very good app,5,1,1.1.067,2019-02-22 07:18:20,,
gp:AOqpTOEtSwJc3iTKI6fpAArSNl8MRkztT4nljBzZxI9pruKz86TekTo-qeDPmGUGTjUAKTUUOSAsEei7BVQEpA,Galin Kumar Acharya,https://play-lh.googleusercontent.com/a-/AOh14GiOH_0SsIMUl0s4lZaQukyN33FVTCaLHt-4fj5P,Not bad app,5,1,1.1.067,2019-02-20 10:16:11,,
gp:AOqpTOGGJA-ORQUG3dpgvnPlFxVE-GgGf7Sfi-Fu028tRoH4GCTy3cD--mF7y09rW_fm0HEblAapob7rnW0s0Q,A Google user,https://play-lh.googleusercontent.com/EGemoI2NTXmTsBVtJqk8jxF9rh8ApRWfsIMQSt2uE4OcpQqbFu7f7NbTK05lx80nuSijCz7sc3a277R67g,very good,4,1,1.1.067,2019-02-20 06:54:05,,
gp:AOqpTOHP4IHJwtK4Zn_xM7CnvjNmhmpZUdXvCi5-qExpmZEZDs-sOkiNpsHwp84yakLh7MbTarVeVLUNcYz4fQ,Erdem Yolcu,https://play-lh.googleusercontent.com/a-/AOh14GiXI5CQZsHbpuPoQVVOewmLolzyOm6V3xx9asVdEg,exiting,5,1,1.1.067,2019-02-20 05:54:41,,
gp:AOqpTOEWTWIwmg1ocjq5kzOuBg9F42Cf0oW0XITWd_hq7B9hKpJLU488Erqgt0Myc5uI097LoFYrtKXIT5XTyQ,A Google user,https://play-lh.googleusercontent.com/EGemoI2NTXmTsBVtJqk8jxF9rh8ApRWfsIMQSt2uE4OcpQqbFu7f7NbTK05lx80nuSijCz7sc3a277R67g,Pretty good,5,1,1.1.067,2019-02-19 23:49:52,,
gp:AOqpTOH46TDQ83-5PstODNUf5NtWIFCrXVXPdSwPVJjkh6r5Pn3aErWLnvKsfl3JFQOP7l-IL6Ly_odw0rfHeA,John Murray,https://play-lh.googleusercontent.com/a-/AOh14GjgCTRbpzrdCIPEKSYNeb7PA4eoBufmuPvdv-9g5Q,"Not right,the second song it played came up with a crammy sound instead of what it should sound like.",1,5,1.1.067,2019-02-19 22:11:24,,
gp:AOqpTOHAL5QKxObjaW5fjawdNiq3pLZvqoXG6L10S5CvK0ZeYVC_BtPda33WnrfTnkrNxxI8ZAuGnSi2BJ3Yxg,A Google user,https://play-lh.googleusercontent.com/EGemoI2NTXmTsBVtJqk8jxF9rh8ApRWfsIMQSt2uE4OcpQqbFu7f7NbTK05lx80nuSijCz7sc3a277R67g,nice,5,1,,2019-02-19 10:48:46,,
gp:AOqpTOG3U6ac9rYVV2-uHjurEB0yUsvWod_etP6Y1Ts8wrnhvSXu5yCB-N_7CZi7cmbCPG58cgeOUFuTVs7wcg,A Google user,https://play-lh.googleusercontent.com/EGemoI2NTXmTsBVtJqk8jxF9rh8ApRWfsIMQSt2uE4OcpQqbFu7f7NbTK05lx80nuSijCz7sc3a277R67g,nice,5,1,1.1.067,2019-02-19 08:20:30,,
gp:AOqpTOFuYXqVkNYhIzyVB-55CM1ohDvR3xddOIABCkszA-cvsG4D2cmAJudTM65GY5dwSHoUVThIUYnQ-4Yyag,hossein velayi,https://play-lh.googleusercontent.com/a-/AOh14Gh3Yw8MTFriO4VyDwtFoLLoM2iLXPyRnXzou9WzTg,Good,5,1,1.1.067,2019-02-18 08:31:58,,
gp:AOqpTOEsSD2rRrlD4UmGYzAIKxGmlmb8WE50djzbxRW_EBl_5457xSd0KBgNJ4Q6kKhrC8-GaQXzLbU3oJX2GA,Andrew Baker,https://play-lh.googleusercontent.com/-jksCqKR-Eac/AAAAAAAAAAI/AAAAAAAAAAA/AMZuuclRgcEF1ZsCcIWIyNwcHrvScMYaCQ/photo.jpg,like it very good bass and treble,4,1,1.1.067,2019-02-17 23:56:20,,
gp:AOqpTOHHQI4CV6JLAXjsEviqTfxW_PG09eNglze_xYnwgio9oAjHoX1DyT6mVNl7s3ikydHfzaTQjZOB2p-7Sg,mahdi ameri,https://play-lh.googleusercontent.com/a-/AOh14GhJf4lqH27kxVDHRLs3bqhtYinayA_-4vM2iannRw,Hello thanks for Software best Would Thinks Only,5,2,,2019-02-17 07:25:24,,
gp:AOqpTOHb9gv-EH1oUGsgqfn4263XogySKzN_4sgdEF_vR-3yXqiAvDQDlUGjDnCcow5r_mq-s_MrMQv1_Q97zQ,Mohammed Adnan,https://play-lh.googleusercontent.com/a-/AOh14Ghc53MqX14tbAkabLV24tEZLaf17lK4Epvet1p47Q,jgg,5,1,1.1.067,2019-02-16 20:34:19,,
gp:AOqpTOH4xagqOwqlSMIZ_tWLyDERQmepsY4uUnNf9hkNqTtN7KflB_jTUkIulBCAMb2TIg46ggX50dLOFYgvHQ,Karan Nishad,https://play-lh.googleusercontent.com/a-/AOh14GjPCoVTV4_JN5sV8qtIfqX249M-o5wvecPwPm-o0A,good equalizer,4,1,1.1.067,2019-02-15 05:13:12,,
gp:AOqpTOGECUwy9_8D35Kk4w0qglPF-mVpNd9KG0cmHCAF3de3pAt_5BOhkf-RFWfcA_f6gHE7YnbHFGCNtHWdzQ,Dear Tamil Viewers,https://play-lh.googleusercontent.com/a-/AOh14GgeF3A4cKJPQEZzta9ziFXsK0_JKeiOQwuazO4fag,nice,5,1,1.1.067,2019-02-15 03:21:46,,
gp:AOqpTOEBg-f7FQqN5HYFNpZBt8q6OLNSWxZDt5-KfFQAPBHLStJBBXtXoeTGMBoose9ermA691BhzJUkAW9pPQ,Steve Irish,https://play-lh.googleusercontent.com/a-/AOh14GgHuadheCh9pZ54BMNBmQVWTyipqgGjefWjVoxtYw,Not working at all. Songs that I'm trying to play are just hisses & clicks. All mp3 on my device play just fine in my other music apps.,1,5,1.1.067,2019-02-14 11:01:29,,
gp:AOqpTOGcm7FiafM7QLtiGHuKoNdjlbh0l2BDJnOcOYw7zM8nHEmcdRmIXYhoV7ERsLbg18Fbb0Idfpg8PEQdsQ,A Google user,https://play-lh.googleusercontent.com/EGemoI2NTXmTsBVtJqk8jxF9rh8ApRWfsIMQSt2uE4OcpQqbFu7f7NbTK05lx80nuSijCz7sc3a277R67g,"After installation,i can't open the app. it has stoped every time.worst and worst app ever.Don't download it .",1,13,1.1.067,2019-02-14 10:13:08,,
gp:AOqpTOErJsA0nfF2fDwjwrG_rX1u2_5wl0UnNjZJ4XxpDRSOzy5Bl07_rxYiRAj1ksXP80ThkKNTeAkwxdFDLw,Daniel Schneider,https://play-lh.googleusercontent.com/a-/AOh14GimyN98yPekJCJFPASjPXmeccgIsWxsuh3u-jwrOaI,"The app works great. The only thing is I have close to a thousand song's, but it keeps playing the same one's over and over. Gotta hit the ff button. Its definitely wort trying out though. It's wort downloading for sure.",4,12,1.1.067,2019-02-14 04:20:19,,
gp:AOqpTOGYVCf4LVz7LblO-8Wip7RG-OLbpd0UQkPUAuPwFH871rtwszeUjjpu72MaMa_TGx5YcbCvxDV7D72Lbg,Newtomic,https://play-lh.googleusercontent.com/a-/AOh14GgPdwsPo8cTmEQ57v-y5Am7PMnjd83ryG3Lpphhlg,"No ads is always a good start, but it's a bit far from the best players, like ""Vanilla"" for example.",3,5,1.1.065,2019-02-07 10:46:45,,
gp:AOqpTOH1Xpyx5HrS_O4dUBtQS8B_hnwq3v2YFBqoR3l_r0q7h0cmSdV0Gx_ksX6jJHFlXBgTKYS4yV2FaD-t7Q,Damian Lawton,https://play-lh.googleusercontent.com/a-/AOh14GjzYDhUr-mZIrF2hQX59jmXtl0JJP8ccKoPrk0YAA,excellent 👍,5,2,1.1.067,2019-01-30 02:50:32,,
gp:AOqpTOGjj0dtZ49KO3pjACtZDpA6r30jBKEpQMBJrK27EktTjQAWrbQA1GtDm2bOE8MfhGd_4vh3wTvxtG3zkA,A Google user,https://play-lh.googleusercontent.com/EGemoI2NTXmTsBVtJqk8jxF9rh8ApRWfsIMQSt2uE4OcpQqbFu7f7NbTK05lx80nuSijCz7sc3a277R67g,so far its been a really good app easy to understand....i think the best part of this app is when i bluetooth it to my Denon 500 and rock out...i have my phone volume rocker then my receiver volume control the equalizer and a voice sound that gives you even more control over the volume...👍👍 to the Developer good job,5,7,1.1.065,2019-01-19 14:37:36,,
gp:AOqpTOHAMk9sWNT75oJpNwFb3hxHojHDHOzjlq5w2lyfaUZx673ABV9ykirdKcMZH5zTTgaOxO_3j06pYYqGIw,Shan Mugam,https://play-lh.googleusercontent.com/-i68ORS3wgnA/AAAAAAAAAAI/AAAAAAAAAAA/AMZuuclj9gdX6i4g8zb9KwVasm54n_JErg/photo.jpg,super,5,1,1.1.065,2019-01-18 08:40:26,thanks but you have given 1 star,2019-01-18 08:29:26
gp:AOqpTOHnwZOanREHM4gzU5u0hXIC-IJFEDx3u-ZFBhWtvb2Pe5DxWJ70ePnk4N05HVaWFi-d8CxQhTe_MUEW0A,EmPrEsS StArIfY,https://play-lh.googleusercontent.com/a-/AOh14Gjn2_RE8ajyT9xW9rKA7PIz5cBwPNcISwLfKlvOxQ,app doesnt even open,1,1,,2019-01-14 08:54:42,,
gp:AOqpTOGYM0RXdSQQorO2XBnENweI8EhcAn_KxGMUCW4fn164Pi3_XTwLAb7K1ADTU7vwjVqzLeCjsTODR9pE9w,Pedro Teixeira,https://play-lh.googleusercontent.com/a-/AOh14GhjBGBvP7rKoW9XHgTm6PUErg_PBjX2Hfz9vDbP,"This is the simplest player I came across! Folder browsing is my favorite way of getting my music fix, so, 5 stars there. Themes work great, fast pause is way better on than disabled, but... Can't skip tracks on my OnePlus Bullets Wireless, through double pressing play, like on other players. It only pauses the track. I hope you can add this feature, for it will make this my daily to go music player! If you could add, as well, a now playing queue list, it would be perfect! kudos!!!",4,6,1.1.065,2019-01-11 09:28:49,,
gp:AOqpTOEg22ECsLboF28-vV8Nt8-ravfS8Zft0q-QT1V03xp6I6UecZoTL16jKKWtpoKXUqwzxHA5BAQ-jR1bew,Delta Sierra,https://play-lh.googleusercontent.com/a-/AOh14GhW3QV49slZD6ezP3xI63j2yVmREkY6Fdlr4i9rXQ,"stupid app, indexes ringtones and there are no settings to specify the location of the music library.",1,11,1.1.065,2019-01-09 16:36:21,,
gp:AOqpTOFyRGrqO6niJJFizgQ4Brh5F62pcZ4I8NlMz4waBW3727Ob05pmuYlq54WQWbqZc32VWXKx6HuHK7T8Nw,Hsien-hann Tan,https://play-lh.googleusercontent.com/a-/AOh14GgHQd8MqzY-8R7yoCa-suz3HlJMklfAiBbKULwb,Hopeless.. paid version also have advertisement. No longer trust this developer,1,17,1.1.065,2019-01-09 14:03:21,,
gp:AOqpTOFG1NEZsLl1FA1Q8zhGtGNIo9UuqDq96fs9h860aLk5w8LVZMCHPBubd4Tuu0yfzQVJWfw2JEki0-GWfw,Eric Braman,https://play-lh.googleusercontent.com/a-/AOh14Gj1sRN8M8ZhDs6HDYOR7_lSPPjq8fKaqjqHFlwzP-0,its good,5,1,1.1.065,2019-01-09 11:57:46,,
gp:AOqpTOEwQ6ehLLZ_RcVTBPi7sy35gUHj2_J4VG-349qU8mNelC6th5vj9yNM8Mvj-TGpaFOeU0m_pR-AOFcL1Q,Manu Gowda,https://play-lh.googleusercontent.com/a-/AOh14GiR7tRIA662EP7Prb9LXgtJc31jqHb5kn7dEVXdrw,very to much of slow,1,2,1.1.065,2019-01-09 07:26:10,,
gp:AOqpTOFN47QaBh3SDdnKT7EvEEMmUZIWiioSSCPbSwvxeUa6-cTAPhnCQgBmDgnjfDAUklVgRpnnBj_z6dpfIw,Glenn Angel,https://play-lh.googleusercontent.com/a-/AOh14Gh_O_tQ-cPytqAC1hDaval5lNDZcYRJILF6LVAC,"a bit slow, and scrolling down is not very smooth... its hard to focus...",3,6,1.1.065,2019-01-07 23:11:35,,
gp:AOqpTOGiZCgvWaiY32l4Cy28-yS0fJ-Prp_ejvTdACcBCGC05ILMFniD1H_WgUZCjsBn6JDX0od3KrpccPBy8g,charana K.C,https://play-lh.googleusercontent.com/a-/AOh14GjE6BzeHTRTsLGy9VU6AgE7RfHU8r02tCw073ugCQ,power amp is 1000 times powerful &it has the true amp in it. please try it once.,2,2,,2019-01-07 07:06:29,,
gp:AOqpTOEn5fH4ewWo4u_r5ZQV4cA9Cisbf-VhmIUpVNpjv80Bxr_PhPs8SZ6iLxH_-tdFFJarcniy-IzBNXv9HQ,Marco Callegari,https://play-lh.googleusercontent.com/a-/AOh14GhCWdC4EDmYe7SDGT0O4seoFdptwrN1xP6OlJCdEg,volume a bit low,4,1,1.1.063,2019-01-04 11:01:54,,
gp:AOqpTOE2GXBoUl8ZgCBLQSUdeMZrnUuPoIwJz7ESXOCRxytMqyn7V-_XPRQJzTrnkRp1cbrgCcoqua7TmmO_sA,A Google user,https://play-lh.googleusercontent.com/EGemoI2NTXmTsBVtJqk8jxF9rh8ApRWfsIMQSt2uE4OcpQqbFu7f7NbTK05lx80nuSijCz7sc3a277R67g,Deceitful! They were promoting it as temporarily free. Turns out it has all these highly intrusive ads!,1,3,,2018-12-18 13:29:50,"no ads. we only introduce our own other application. unfortunately, you see it as an advertisement.",2018-12-18 18:32:10
gp:AOqpTOFrxIA4s7_mUAhD0hymbfC23LQ5ZCDMeMtu939rs6ry8exnAGHnA5t7ri_JWCazIbJSXq0Ky4Lqh7RQVQ,umesh Dodamani,https://play-lh.googleusercontent.com/a-/AOh14GjMmIvoWcsGMP6uHLPYGrmmlG2ta5wD4dVPEaAhbw,ಎಲ್ಲಾ ಸರಿಯಾಗಿದೇ,5,1,1.1.057,2018-12-17 05:56:30,,
gp:AOqpTOHYYZhWLpzlr6Vwmwnrw5e9tWBnIbm8F6ssANbvQr5qn859A0WsH6ssiU2zEho3SikPZ6C3hF60xMm06A,Suplex MB,https://play-lh.googleusercontent.com/a-/AOh14GhANdLJxoGfsTCE0tMkWZqpH8lRwe2OBAL3FSjj,Need more features with next update please,4,3,1.1.057,2018-12-07 19:24:12,,
gp:AOqpTOE4L7ee_LnOStpjq2UIyqdE4bh22b7BMazzxhZ3iB8bbfbjziTklO1pKanbM8ct-jLYJo2pTi0kgI0Rzw,Jones Lucero,https://play-lh.googleusercontent.com/a-/AOh14GiR_YBzzaPr98mtZaTE0QARzJRgAECsFZRvGAd3,"If only i can skip songs using the play button on my earphones, I'd give it 5 stars",4,4,1.1.054,2018-12-07 11:40:39,,
gp:AOqpTOHUSYOgXlxqhfHC2DbulbVYokig6lBcikvro5Q_ZfhtdG-9zet2GUksNYqWdh_wWuT5IpvyiWMP1AWGDg,محمد عبدالله,https://play-lh.googleusercontent.com/a-/AOh14Gg9bBGPrRCVVQemMG7Nc922HmuZOFifK-lq_Fhy,good app,4,1,,2018-12-03 07:36:46,,
gp:AOqpTOEQgEiqyhaH1l7gDFVmOmgsAdoYHfH-wWOhx4QNSoTEJRn2i-knZJOwXdL2id-4Kzb565TFtdmec03afw,sakthi Prasad,https://play-lh.googleusercontent.com/a-/AOh14Gg3NI0d0Us9AosSlJ3ycO9KvylDIkpS3b49YDYi2A,Nice,4,1,,2018-12-03 00:29:37,,
gp:AOqpTOGBrq1f6ACSXMrpTCAwbmGNf8tixaq86cjqe3Mgqovcxi4FLRNOc21EpqARp-SwW664gtv6ex1_zt4A2w,Akhil Sharma,https://play-lh.googleusercontent.com/a-/AOh14Gi_hXuRYtjtPWrcNvpyRrGkW1HxPwxucuNKUipsxA,Superb,4,1,1.1.054,2018-12-02 18:30:05,,
gp:AOqpTOFHF2DKlED0C4tAmA9RX06qXDPrl0N-HpEOE6nHR8JedD0IzoIQFwSWTKoxcOUsxiIr4f1Wz6X0OhaSfg,hir ryl,https://play-lh.googleusercontent.com/a-/AOh14GjbO3dj_oIcydSVVOEHrYDXlvb5_rYdFqfUkvFV,Cant update to the latest update.,3,3,1.1.055,2018-12-02 06:07:05,,
gp:AOqpTOEY0GUGJJHACAdW5SlQo5JNXT6jjRvRhKFWkWGHySHQuwYqIN5T8m3kRXb6q7-XfFlyOkNj28bl5ImbQQ,Suranjith Das,https://play-lh.googleusercontent.com/a-/AOh14GgrON95ivodxiq0JSCr96uDO5MQh977RvH1LDx7GA,Best,5,1,1.1.054,2018-12-02 03:40:01,,
gp:AOqpTOE-wQmF60acSq-i2oT_yJGkxodRRkbWkcowtPU3hzRZZJyoyH1VfyNnC6BPSO5-xwgkI4HeNDVOq5dk_Q,Ayie,https://play-lh.googleusercontent.com/a-/AOh14Gh4ec1gDjpQrLYrTq_VMAk5EwY9UhLQyPFIhOFoeuk,😀,5,1,1.1.054,2018-12-01 17:32:41,,
gp:AOqpTOHd1whj2zq94hgGip0Sjm0riqUsCVFUzm-sKxr4ieCWbIxfUTR_kXga1H4Y83ew7D1nrFebHn8Rj3fqug,A Google user,https://play-lh.googleusercontent.com/EGemoI2NTXmTsBVtJqk8jxF9rh8ApRWfsIMQSt2uE4OcpQqbFu7f7NbTK05lx80nuSijCz7sc3a277R67g,nice,5,1,1.1.054,2018-12-01 14:53:08,,
gp:AOqpTOGRYts86PYra3-R_m_V2RJtRdThnDXyrs-fFt6SJHIr4YKtg_cT9v8aJyEZyf0nMLJU3j8u467tcVVceg,Taco Aldrich,https://play-lh.googleusercontent.com/-CE5KsBzOur8/AAAAAAAAAAI/AAAAAAAAAAA/AMZuucmL0zVo_vowO94J3sKP9U-0Ui7Ieg/photo.jpg,awesome,5,1,1.1.054,2018-12-01 13:18:55,,
gp:AOqpTOH6DA0YYpcnO-RbHJu3tu8VyR_1L2huSWTT0h3pdWFx7AjU91Y2VwclaZ_g3AzXyqYkjinPKnrpb2IHOA,A Google user,https://play-lh.googleusercontent.com/EGemoI2NTXmTsBVtJqk8jxF9rh8ApRWfsIMQSt2uE4OcpQqbFu7f7NbTK05lx80nuSijCz7sc3a277R67g,Is horrible the songs only one second,1,5,1.1.054,2018-12-01 09:45:02,,
gp:AOqpTOGexCkMx3a-3ql1s9hR1wXxJaCRrp5dn3OLkQhOqU9KaAkzWlsqo6BKJtYAb6Awrzq2YwILreVKUKnYLA,Dharmik production,https://play-lh.googleusercontent.com/a-/AOh14GhHI-cPTGQJjqUKVHBuSuJ9HSq6JEOCPlRC9ez_ug,Nice app keep up the good,5,5,1.1.054,2018-11-28 23:34:21,,
gp:AOqpTOEJUkUOr9NGXtLiwNF0wsr-tSwiQh9KALVIu_ht0XwDke-maaxHF_uVd-xuz4XJFFSrJ2eivZjCQX4Lgw,Foxa the fox,https://play-lh.googleusercontent.com/a-/AOh14Gg9BqJQcnFZgGZE76Yif-x_uT1p1yBbNiNIJ0tx0g,"amazing, would highly recommend to people who listen to music all day everyday!",5,3,1.1.054,2018-11-28 21:13:06,,
gp:AOqpTOH6ENHuoRSiUl2bXlo0-rmJxNVgqHWE7CW4MCE_MDySeCPkJIiVeNAtlAyTIm3UXeP9-l9hw8VWr7eH_g,A Google user,https://play-lh.googleusercontent.com/EGemoI2NTXmTsBVtJqk8jxF9rh8ApRWfsIMQSt2uE4OcpQqbFu7f7NbTK05lx80nuSijCz7sc3a277R67g,Its great,5,6,1.1.054,2018-11-27 10:31:18,,
gp:AOqpTOGfHsggav5SVBK2D9mYH6iZpYYLpCvk6XANX4aEm2Vx_9gkqrMse1oV_3RKHq1VmRL13Ig58SzBwxvP-g,sem sabiduria,https://play-lh.googleusercontent.com/a-/AOh14Gi1gfxptTXGab6hgKoora-CrTwV6lXDfF0zaeC3,I Agree this is realy a piece of junk.sorry,1,2,,2018-11-26 09:04:07,,
gp:AOqpTOH27njJ-mXJm5slblJfVYOrHVaO3aXuLdi_kk6FMRimWA0zgnXVpdj0aeRyMQqv91jB56nddKNh90_K8A,skinny diet coke,https://play-lh.googleusercontent.com/a-/AOh14GjYpd_-E34Z0qPcDnrLZ7hDUya39Z0gj3hdGoIq9A,"Won't even launch - 'Unfortunately, Qamp stopped working', don't need this 🚮",1,5,1.1.051,2018-11-26 07:50:03,,
gp:AOqpTOEj8fP25whcZspIejcFcF_V6qYm1eRxdJZaSuUc8I_klyZkLiqsf2IZh9OkMRSQt2qCR7SM4Ke2M732Bw,saif alsameraee,https://play-lh.googleusercontent.com/-NZIn6g66Jlw/AAAAAAAAAAI/AAAAAAAAAAA/AMZuucli4rRCNUOJbJesog_66dEk6VTkig/photo.jpg,Ok,5,2,1.1.051,2018-11-26 06:53:49,,
gp:AOqpTOGL3VGVa3irA67pqXetqsLqXoPZNEfvN-2ZTRwfG4OuOe3Xsl0-voqB0lQ3u9nNkJJi-NgfJOZjTnAw4Q,Juan Velasquez,https://play-lh.googleusercontent.com/a-/AOh14GjRWbD2IycwYO9Nq1T_1rSJTP76FXYGzJujhlIqXA,I don't like it Cuz' doesn't show play the controls or album art on lockscreen,1,3,1.1.051,2018-11-26 01:07:44,,
gp:AOqpTOFCIgEgn_6-IVHjmLAtRydtgY9LAtPtyXowMt5qxYlhU2PcLBgRZScBrlfi3NeWL3QOg0pbEHYMNAlYBA,sultan yusufi,https://play-lh.googleusercontent.com/a-/AOh14GjB4GQQ3UAAaImOaNqqOHKinKLpeQDGS12bc97_7g,Nice,4,1,1.1.051,2018-11-23 19:13:11,,
gp:AOqpTOHMVj0tf5jsDUsXsDQ8ZBLsG1NamKY_9UITbtVcLoM4WDsKJ0eRUumisg32xhqQ7QvHW1gi3O76I6ASFw,A Google user,https://play-lh.googleusercontent.com/EGemoI2NTXmTsBVtJqk8jxF9rh8ApRWfsIMQSt2uE4OcpQqbFu7f7NbTK05lx80nuSijCz7sc3a277R67g,Very nice... Can actually download sll songs...,5,3,1.1.051,2018-11-15 22:05:51,,
gp:AOqpTOE0J1GOIViprA_ZR_dBI3McgtC9jkrSth3pdzlRbVl2ajcRG9s5Qf_B8lBJVBm8KcpVt6vY_fOdcQfpyA,Cruz -,https://play-lh.googleusercontent.com/a-/AOh14Gj7q17GphIuFae_ii9dB25aVg96-J2mzw645-uq0A,Pretty good,5,3,1.1.051,2018-11-10 17:01:39,,
gp:AOqpTOHHtc2X_lBxpZ22QTGgpvLOgbOyVYvFH_LS_Qmu9epO4SIWGiaZEsn1MdVpl88wbI-sCt5P_IttJqKqOA,Tanya Crowe,https://play-lh.googleusercontent.com/-pew5Qa9c77M/AAAAAAAAAAI/AAAAAAAAAAA/AMZuucl92WZ9fesOHcutR91qXUp0DHZqjw/photo.jpg,Love it,5,1,1.1.051,2018-11-10 15:01:55,,
gp:AOqpTOGXr8d-KUuXJgh61nPaagXFIZAYWiroOsZt_IKtFQc7tJAHohGdPAqXlcc-WJY2g9PR7l7KcH-pSV3oUg,A Google user,https://play-lh.googleusercontent.com/EGemoI2NTXmTsBVtJqk8jxF9rh8ApRWfsIMQSt2uE4OcpQqbFu7f7NbTK05lx80nuSijCz7sc3a277R67g,"APP PERMISSIONS before I can give you a higher rating or even try that app can you explain to me how much background data you plan to use and can you also explain to me the app permissions. Even, access to USB. I am assuming that would give you access to my laptop hard drive, should I charge there?",1,8,1.1.050,2018-10-27 12:48:24,"Uygulama izinleri sadece mp3 çalıştırabilmek ve onları görmek için istiyoruz

The application permission is only able to run mp3 and ask you to see them",2018-10-27 12:52:03
gp:AOqpTOG2J7BJRzjS9BEy-491YsA_kB9Mkni0LC02DN8sV1F2MNs3Wi0Lzr-mE1KBOMNDEjVuyzK3dcb_AOFrRQ,A Google user,https://play-lh.googleusercontent.com/EGemoI2NTXmTsBVtJqk8jxF9rh8ApRWfsIMQSt2uE4OcpQqbFu7f7NbTK05lx80nuSijCz7sc3a277R67g,Awesome,5,1,1.1.048,2018-10-27 11:02:15,,
gp:AOqpTOHvtgDV_s8ZKQHgJWmwRwVWq1YUF1BgMuaYt1rdIDrXcPhohSr2zGcT3pcdBSMGEFhH9y4LGEJbOIhdTQ,is it though Kelly,https://play-lh.googleusercontent.com/-H8bNnW2xdfw/AAAAAAAAAAI/AAAAAAAAAAA/AMZuuclqMjOiuWvDunn8OvdZYpuPRf7chQ/photo.jpg,I think you guys are doing a awesome job and think you should add a video option for if we download a video,5,1,1.1.048,2018-10-27 06:47:23,,
gp:AOqpTOGrv3XWUUlqqsQr3FFXG2Mcia8Z_InTYUwN5QJawnzpIIUkvJ3ZfMmF6UA7ZW5oT_QYG_z2WQXaPriQ_Q,Nopec Salasa,https://play-lh.googleusercontent.com/a-/AOh14GhG2as17vIyENlAmgR-1CE2oDltaOi4DIT251EL,Please add more equalizer settings,4,1,1.1.048,2018-10-25 23:53:38,,
gp:AOqpTOGMCPAdhZ7Lc8c9YitivoBUpsjzfQ-p4rwlxNZrZY8TwzfMelSsjFdb6wbC8S7izTPnCFthUnissbopoA,A Google user,https://play-lh.googleusercontent.com/EGemoI2NTXmTsBVtJqk8jxF9rh8ApRWfsIMQSt2uE4OcpQqbFu7f7NbTK05lx80nuSijCz7sc3a277R67g,Awesome thanks....,5,1,1.1.048,2018-10-24 10:36:48,,
gp:AOqpTOGv2mvzcEpFWVvwqH-tyxngbBjGih_ai7GoI1NwmHglW3HuuKeVHKMW5bMDravcCnQPAYBqpiGmjNBvpg,A Google user,https://play-lh.googleusercontent.com/EGemoI2NTXmTsBVtJqk8jxF9rh8ApRWfsIMQSt2uE4OcpQqbFu7f7NbTK05lx80nuSijCz7sc3a277R67g,Best...,5,1,1.1.048,2018-10-24 00:54:17,,
gp:AOqpTOE0dx4fzOcJB6C3H7j72A4ghr5xGeBIjWCe4capTSXIOQg7Gm522aIo7II4eH898eID6ecc2OIvpYur7Q,Sandeep Poonia,https://play-lh.googleusercontent.com/a-/AOh14GhHtEVTjfxQmjNpxd56ah4t33g1k7jCGbHl0xXKi5E,Good,4,1,1.1.048,2018-10-23 23:40:51,,
gp:AOqpTOEJyA1so23GSoLdfYUoRRiRbozMWAkXcYtRsaKK1krllB4xdX9fBGezcYZXOzpCflDkWtl_Cp6kk5S3bg,Rasmus Cyrillus,https://play-lh.googleusercontent.com/a-/AOh14GhEHyv2K4zq1y4EGvYU09CoR8NNDSuOo3XEVh3cuZg,Bad because I can not choose my songs well. Going to pi music player instead,1,4,,2018-10-23 22:25:37,,
gp:AOqpTOEHM7uf-yZK3WNr28pP8xiTwhgEMSV2T9lp6KNoZR27fdSSrEKAok_oEVQiKjjzwtyDifdTdCXLlve7pQ,Surendra Mishra,https://play-lh.googleusercontent.com/-wVidpee8Blc/AAAAAAAAAAI/AAAAAAAAAAA/AMZuucnnOFUorTqHCPiVvkxACHTu008flg/photo.jpg,Charming....,5,2,1.1.048,2018-10-23 21:48:23,,
gp:AOqpTOHcHUmrwXAXtyTP6jWDfAiOCS1ZGYmQ3o3V7tZECbfXkfGDz2TZ-XvAOcX9MOX9cWsV2i-WSs5sUvIpsQ,A Google user,https://play-lh.googleusercontent.com/EGemoI2NTXmTsBVtJqk8jxF9rh8ApRWfsIMQSt2uE4OcpQqbFu7f7NbTK05lx80nuSijCz7sc3a277R67g,Good,5,1,,2018-10-23 12:11:42,,
gp:AOqpTOHunq020jfl3vYRL3h1or-VwS_AHooNas5T02xw4zHTIIAhXMXDLBe9VmuddrNmv2ppjn5Jrc-JO0lliA,Muhammad Faizal,https://play-lh.googleusercontent.com/a-/AOh14Gjz8385Nxf-I8ZNPvU1wh_DFMbL8kyK9fHnVR4LMg,More Expensive than poweramp... The best quality is still poweramp,1,14,1.1.048,2018-10-20 20:35:55,,
gp:AOqpTOF6GcEoJFGLkDmcT1ylNE7Xmxxh-yl14XdX8H9VSzXTOp_4ZEIN0orBXiCpCqnDRAiZcKYOj4voyMU-oA,Carlos,https://play-lh.googleusercontent.com/a-/AOh14GiFKeJbWaNvweSAnr4wONfdhsCYwE6-1xe1WaJjanA,Simply one of the best music players on Android. Love it.,5,6,1.1.048,2018-10-20 19:51:06,,
gp:AOqpTOHPRmDGZXm1Olk76Z1GzzmUVeFQo4c2NHeZcbwvdrPBBBr2eGM_BABsq3bO7t8IGEFo7E16a9rpOa9gBA,Deborah Watkins,https://play-lh.googleusercontent.com/a-/AOh14GimQq5EO65l-EBVxCp8z8ukYVpwOwf-UOWg5RqPtg,It's ok. No lyric support,3,3,1.1.046,2018-10-20 08:58:27,,
gp:AOqpTOGytNB25dvRhO-mc_TA5hZR61dSGnr0H74fm2qwjp7i_ZS8uhdy1jFErwU2rwS47N0htaw2DSsDU8XfVQ,jiteandra nigam,https://play-lh.googleusercontent.com/a-/AOh14Gi51ruiXcnSJ8X6NjxCHY5v4DmIUg6wEh8ityP_Zg,best music player app,5,1,1.1.046,2018-10-18 14:42:39,,
gp:AOqpTOGQ7t_1ydnCBL2SM8isLCWUrE3fiIMO2RumKkhta0rDZFOvA08UuLsCjw5U2vj5j8EO-9NVNwPJbeEv1w,Vic Sutton,https://play-lh.googleusercontent.com/-UlXlwiLuftY/AAAAAAAAAAI/AAAAAAAAAAA/AMZuuclZn3maWMsK-NIyBIvHg0ThYf-7Eg/photo.jpg,Why is it playing my music so quietly.No where near as loud as other music apps.going to delete.,1,5,1.1.046,2018-10-18 07:10:20,,
