reviewId,userName,userImage,content,score,thumbsUpCount,reviewCreatedVersion,at,replyContent,repliedAt
gp:AOqpTOGG7ypdFjjs334SI4BDOjT0_12QHTN-XmQtMqJlRx73SBqQ3Qq1z7F1JW5lhQKMugbZCic4yxrn4_wJjg,Duane Collings,https://play-lh.googleusercontent.com/a-/AOh14GjA7Fli8u60VAAMlbZhdXcfEWladg9SPRj19tUc,"This does not work on Nvidia shield TV!! I have 2 controllers. Matricom and another. 2 buttons work to close the game or Keep the game open. Terrible experience, I’ll be requesting my money back!! Reached out to support and they were no help. Didn’t even respond.",1,5,1.3.2.RC,2020-12-10 19:10:09,,
gp:AOqpTOEGuzGdLPlpMaVAySYlXq-LjG9w0EDbcMUj0HJrYQKzSUC8oNmCT-MqHHRta58BPadPdqcKktqenLFEKg,Terrence Rahmawan,https://play-lh.googleusercontent.com/a-/AOh14Ggm_ns27SdHUbriDzz-SWDVrtSMM7CsgBXku6mcde0,"Great game, l'm having fun with this game.",5,0,1.3.2.RC,2020-12-04 17:20:36,,
gp:AOqpTOGER3bFhkwDTcflFYZg46ZpocechdF4i9Er9kuI981-4IL6OBSm8wPTGgsLSbmd_qdq6HgA2fMr-_tzhQ,Lazar Cvjetković,https://play-lh.googleusercontent.com/a-/AOh14GjlCBO44-loLfDWVR19HxIRuQ0KdzJZ4VtMEjIyfg,"Great on my HTC Ultra, but wouldn't even start on OnePlus Nord (OxygenOS). Easier 2 play with controller, but not that hard if u don't have one.",3,8,1.3.2.RC,2020-11-06 12:01:38,,
gp:AOqpTOE3jnFCwdZStIjdpA4Q_hOcm5sFnG2kV7NVOgK9OHmIN5g5yZEqpPndoNGmIjc73mdeAIGCM7v1nyjzZQ,Greg Alexander,https://play-lh.googleusercontent.com/a-/AOh14GiQjcQsH8K8kd5R1d8PsCV6GVX9uEiKLtBAI_9M3w,"got it for my nvidia shield tv with steelseries stratus controller, but it did not work at all with the controller. would not respond to the controller in any way at the start screen, except for the ""B"" (back) button quit. bummer.",1,9,,2020-11-04 07:17:03,,
gp:AOqpTOEolnqvE6NhPcZrUUW_ZFXiM-Fk5_pzrE8StcPst1Gx6KFPF3H_KzonQY4t2bggzxs9s9XkAP_7ooM-KQ,ayden holleran,https://play-lh.googleusercontent.com/a-/AOh14Gix-NO8DMFsDBYjWcEzqZAUr-piSwKlnisI5_3p,cant even insytall already paid for it,1,14,,2020-03-16 10:36:05,,
gp:AOqpTOGQTneQnRlTfrfSkzY5mhPZD9tR3MKm2eIMiShdWjgS5GrDgoduYX5cnULPmeW9ZX0R66UoXepKcDpKrg,Kurt Scherner,https://play-lh.googleusercontent.com/-lOoUpt7Zfyc/AAAAAAAAAAI/AAAAAAAAAAA/AMZuucm4vGyF9faKLlHlUnXawebNRYxSZA/photo.jpg,graphics very hd. fun game.,5,17,1.2.5,2019-08-02 14:04:12,,
gp:AOqpTOHtREMPq8nHQF3cESXr67J7Ob4jGEKvl04d-nJm-Qn7pwP22XAQ_XYc6d7uXYaL_uvIiLJO8kMy7j7MYw,A Google user,https://play-lh.googleusercontent.com/EGemoI2NTXmTsBVtJqk8jxF9rh8ApRWfsIMQSt2uE4OcpQqbFu7f7NbTK05lx80nuSijCz7sc3a277R67g,great game,5,19,1.2.2,2019-03-26 15:38:01,,
gp:AOqpTOHgem9GpuMvh2xenX2TYLCV5Oc-SWveIE77J7zqJzz2V53KT0u-YfIlUc7ywQH2CGosdA-DpTXnQA92zg,Joe P,https://play-lh.googleusercontent.com/a-/AOh14GiyN12tcZMDpVxyXrYrY5GuUJBgBgcCrbNWnJ-9fw,"Absolutely perfect game. Best snowboard on the market. Everything from the 
graphics, controls, levels, courses, exp system are amazing! I highly 
recommend if you're looking for a quality snowboard game to drop hours on. 
Edit: comment response 4-16-18 You're welcome. No thanks on the snow suit. 
I have tried snowboard party Aspen, and I have written a review that you 
already replied to months ago. Needless to say, you took a perfect game and 
ruined it, for what seems to be a money grab. I would have loved to spend 
another $1.99 on Aspen to support you guys had you not ruined it. Why fix 
something that's not broken, especially to only make it worse?!Feel free to 
check the review out under the same user name.",5,24,1.2.1,2018-04-16 16:17:54,"Thanks for your review! Have you checked Snowboard Party Aspen? We have a FREE Ski Suit Giveaway. Send a screenshot of your score on the ""Punch Bowl"" while wearing the Tipsy Elves ski suit to info@tipsyelves.com - the highest score wins!",2018-04-16 15:59:05
gp:AOqpTOE9e-JQ-5IPBdgIo2j2miQOhfjm-lcPM3q5c4edcT6lKpSbYHaPiTITMS18picrkQ5sG2o5OkBV0QY0iw,A Google user,https://play-lh.googleusercontent.com/EGemoI2NTXmTsBVtJqk8jxF9rh8ApRWfsIMQSt2uE4OcpQqbFu7f7NbTK05lx80nuSijCz7sc3a277R67g,I just want to grind the nar nar man,5,0,,2018-01-19 17:24:06,,
gp:AOqpTOGicK4cMfEEvqwZIbzfpa3_6iBOcU_5Bd0Q5-nniRgZOfPYnd0metwO_5B2W1i6Sa_DQARr5bneXF9DwA,Tharen Jalbert,https://play-lh.googleusercontent.com/a-/AOh14GguDMuYEQmVVL1JQXtKZgGrwqLxnRO8eIJ0XdS9bw,It was a good game but it did not look good at all,2,0,,2018-01-17 20:35:21,"Hi Tharen,

Did something go wrong during your experience with the game?

Thanks,
Amber",2018-01-18 17:04:26
gp:AOqpTOF0O-iC4wQtHaZwXbAjnv8hjU44b8MyFuvH6Pf7YsMQtcT-qaohRmk-W9xn1pIS5ZSZsXR3-7XALYJrnw,Erik Nyby,https://play-lh.googleusercontent.com/-5JjiQE_Eh9A/AAAAAAAAAAI/AAAAAAAAAAA/AMZuucms6prsKpw2Xp5eD9MEJvZ36z_Gmw/photo.jpg,Great game a lot of fun would have given it 5 stars but the controls are glitchy they'll just stop working,4,11,1.1.9,2018-01-14 23:29:37,"Hi, thanks for your feedback. We're working on improving the controls. Do you feel that the tutorial does a poor job of explaining how the controls work or that the steering is sluggish/laggy/poor? Please let us know what you think.

Amber",2018-02-20 11:11:55
gp:AOqpTOGUW7bJD0FS_68B1NylcoGlfG5ajBckPE_1LhPzkExQKQSFZxaYzDz_BXzbeyRP5CreS8rj0yslqYSLFw,TheBOSS gameing,https://play-lh.googleusercontent.com/a-/AOh14GjYSNbIIO8LcdkW1tUeXntJMb1jCd_o-avMlXi7,So cool I love it,5,13,1.1.9,2017-12-07 17:45:23,,
gp:AOqpTOGWzqIUTJ5_SNRKoFaUytTEo0Okh0wHyWVVJy7HMDSYg1eKzWYKzdrtaAPecRDqaFBRXwFdipnnfikbdA,Cheryl Walsh,https://play-lh.googleusercontent.com/a-/AOh14GgPpNqccFhOd0CzFP3fTp2SBaXyQVdSCEDemR_oDA,all the prices are wrong in the shop have been ripped off sort this please,2,28,1.1.9,2017-12-03 10:39:44,"Hey Cheryl, 

Could you tell us a little bit more about what went wrong? 

Thanks,
Patrick",2017-12-04 10:45:45
gp:AOqpTOHqGMmh8_vDvbHtq53V3tpCBO_14KPFZhKzdVlh8ZJ29PmSa8G9Zt_v2lDDAbK9lw_5jHwe7QuvZ1zuRA,Adam Bratt,https://play-lh.googleusercontent.com/-GiCar-go-70/AAAAAAAAAAI/AAAAAAAAAAA/AMZuucmt4W0HV6w6INPvljJaLjtP5cJtmw/photo.jpg,Saw it on tv and it reminded me of coolboarders 2 on the PlayStation. The graphics are good and the game plays great. Can't complain,5,15,1.1.8,2017-07-12 14:20:21,,
gp:AOqpTOG7bOMZmi4XgN5aw7Rh3GIwJHSvPgurge2FJHgg9-i1RP288_h_NWhpfZDLguK10OlACv2B-mRrbJPaqA,StepBroJay,https://play-lh.googleusercontent.com/a-/AOh14Gg340sP8M6rHZ9H1FtCnrJli5yztahVnX9jcXwN1Q,Love at first ride,5,0,,2017-04-13 08:28:07,"Hi, thank you so much for sharing! We love hearing that you’re enjoying the game :)  - Sena",2017-07-11 14:26:46
gp:AOqpTOGIAYvn2lqAyg7V_wpgi6_F0MEmJcmAdGym5Hv-1JeBFfnEVAyfP6ovxiTMbsvCyeytVQ9PVTXN3mtvVA,Kemical-imbalance,https://play-lh.googleusercontent.com/a-/AOh14GivQs7K418J6szJF--ZeXfF_Q_P4YSaT5z3viD6iQ,Ain't nuthin' but a snowboard party,5,17,1.1.8,2017-04-10 03:13:54,"Hi, thank you so much for sharing! We love hearing that you’re enjoying the game :)  - Sena",2017-07-11 14:26:50
gp:AOqpTOH5PbP4Ic9cv5chQ8DygUczIK2y-FuQ94ILTFMR04o6_00B2FI_b8SXlgbrV8xW6z_7miGtn_2bZdMi_w,Marvin Pozo,https://play-lh.googleusercontent.com/-f6Zn5mVgBY8/AAAAAAAAAAI/AAAAAAAAAAA/AMZuucmfKHfosUnRvH0TPG72qbAe8EeFtA/photo.jpg,Best,5,4,1.1.7,2017-01-02 10:21:12,"Hi, thank you so much for sharing! We love hearing that you’re enjoying the game :)  - Sena",2017-07-11 14:27:29
gp:AOqpTOGh4wyGtA2TFiU5mr6UaNTvW1uwp7PhkrYwBZM0YU-g5WaM6H00nHx3w649tOnD1Y94BeGKryjzocpvrQ,Parker Stangel,https://play-lh.googleusercontent.com/a-/AOh14GjrOVOwVQRleYWpR5swSgTjkQ1twRl_jdYJS5a5_w,Best game I've ever played,5,12,1.1.7,2016-12-29 04:34:31,"Hi, thank you so much for sharing! We love hearing that you’re enjoying the game :)  - Sena",2017-07-11 14:27:35
gp:AOqpTOEVAzuh-xo5Z4AHZ3sDdF-0zEi5omZnSaGwv-ritmwtGUBz4LA247QNVvCHr-oEgxIqiL1X2pId2wS7Nw,The Booty Boys,https://play-lh.googleusercontent.com/a-/AOh14GjOyTuBZOzhOMTKoPcjAtj3kjnzbBwuw6WOCI48xA,My but,2,19,1.1.7,2016-11-26 11:15:15,"Hi, thank you for sharing your feedback, although we are sorry to hear you are not enjoying the game. If possible, please provide more detail to what you are experiencing in the game, and how we can improve to earn your 5-star review :) - Sena",2017-07-11 14:27:52
gp:AOqpTOFAskAiPoiOlc_puAZ8s-o9g0XI8JSwKG8MAsg6h-DldBER-Fs7EVqt9pIdN0KqYnl4KTlZyZDKc14s-Q,Grace Glendenning,https://play-lh.googleusercontent.com/a-/AOh14GiosCK5vTHw0kDiij3OExsSmu-ykHDcSb6hlbaFcQ,Fix terraria,1,1,1.1.3,2016-07-21 11:28:55,Please contact us at support@ratrodstudio.com if you are experiencing any problems with the game. Thanks,2016-08-29 08:45:53
gp:AOqpTOF__elh77KtO1V3lHOead_c0bzk_MTgUpLqVK2DffPx_Am8lrU-fpV4KxLN7vDxCpzLJiBAgsSNrL-Qcg,Sammy Armstrong,https://play-lh.googleusercontent.com/a-/AOh14Gim7cUcZGk1jrpDqx7cTsdALPXLx76aC_wg10Y6tw,AWESOME,5,13,1.1.5,2016-06-06 08:13:46,,
gp:AOqpTOHr6YYiqwZMchXYV-vzf5CSK22wAP2wmYFgtyhkTGlm5i1cYAKAJAlV-yIQfA_XZJImFrY8eagG5pf1kg,NICOLAS Hall,https://play-lh.googleusercontent.com/a-/AOh14Gh9aJo5HHvRBU-ng10Sf1m7CbW9H1qh6oeqKsh4BnA,Bril,5,24,1.1.5,2016-03-28 05:30:27,,
gp:AOqpTOGzI_asSHRCZH1TD97EqU5uPQGS877jVuWtxMNVRgonAcIB2F1-fTA-Xdhl5Vto-TtG6jyjTzfFTImvDw,Emma Churchman,https://play-lh.googleusercontent.com/a-/AOh14GhK48S_f7v6YWmsSUB8zuNU1Oaq0nHeVyqA5MWx,Another hit from Ratrod & their customer support is fantastic. I always love their games & this is no exception. I will continue to look forward to future releases from them.,5,18,1.1.3,2016-03-20 20:44:33,,
gp:AOqpTOF5kmpSOpslQ4GpMJmnEOH2j4EWQXNDVG4ApaIU1XwxZh_NT5hrQBpy63wnfpuRStY6B9JxMrTkzdpKvw,Mitch Taylor,https://play-lh.googleusercontent.com/-eCuAsiaL-CE/AAAAAAAAAAI/AAAAAAAAAAA/AMZuuckrm5xmTLS04o9ulibsIH9n71Y1Kg/photo.jpg,Galaxy S7,4,7,1.1.4,2016-03-14 22:45:34,"Hi Mitch, you will be happy to know that we fixed this problem in the next update scheduled on Feb 23rd. The update also include tons of new content (tracks, riders, boards) and several improvements. ",2015-02-18 14:00:32
gp:AOqpTOG3TulNzAaYghBLe0Jdn4VseENIOO_uQQJPEzMkI8Ccuy5ykKVwSp_8-Td2forqCBr4LZrKkU-Buw5FdQ,Shivam Patel,https://play-lh.googleusercontent.com/a-/AOh14Gio-ElysEWmUYxg4__zyw8FNVqGJYHhbc8OyNUCpEE,Amazin,5,1,1.1.3,2016-03-12 17:02:42,,
gp:AOqpTOHP97-5u6bkDS1syz0n4J79K9cEaU0dTLCmIL_SY0qYyWMkWcnlfoPySyN5wtDtSLIzQKRMObdmNm89tw,Sir Thomas,https://play-lh.googleusercontent.com/a-/AOh14GgwZFWsm03bdhA6QK5rtqhUCPDfYd9LdoFROWNZuA,If you don't have this game you probably are already dead,5,0,1.1.3,2016-03-12 05:47:12,,
gp:AOqpTOFOiADvRZBDin7lvnk7UKdgcaNOhrkoDWnEUvXcr9AzXFZIUsJONe3v25XfZJPTASTwlqFY5jTqQ2AOzw,CJplays12,https://play-lh.googleusercontent.com/a-/AOh14Gjfa5SibeRhPCgkY3ZMktHFd7XDPosz_1zhv4geDQ,I ben playing for the frist day it came out,5,0,1.1.3,2016-03-01 19:03:37,,
gp:AOqpTOFzu-yLgYoMc5PoEWWMSVI9MkcIQXHTW-GSXf6UGuGuIuhy0FqQ68vQAzNsItVDNVkmxemp2CiPE7eWnw,Ashlend Dills,https://play-lh.googleusercontent.com/-GukNwAclEa8/AAAAAAAAAAI/AAAAAAAAAAA/AMZuucnX_nFE17_lUcKrPtHA5o-SmoGFqg/photo.jpg,"Well made. Easy to learn, upgrades not too expensive, lots of challenges. Best snowboarding game I have ever played on a phone.",5,1,1.1.3,2016-02-19 15:40:56,,
gp:AOqpTOGrdo6VFkL7ItTXwVs4A4AjH81I2pGHb4h7ScVr5w0dkETK9WKDb-nh9xb7FB8Z-UdXH3v0n43AO6h1Tw,Kael Thorstad,https://play-lh.googleusercontent.com/a-/AOh14Gjp_CiA26f5nfVcjqe2Appc3YkTCYr5x7rgnUk94A,I love this game times a million!!!,5,0,1.1.3,2016-02-11 15:21:41,,
gp:AOqpTOFVi_xd5wj7Hhvmy-GHOxMbNt7dpF2r1gUaFc-A2EQwy7LtUg7R1c5GxLof-r52M1QQzjQ8gazs9LY8mA,James Foley,https://play-lh.googleusercontent.com/a-/AOh14Ggv-lByfTS4HBK-haS_IBvX4jXkJEcRK4bh8M8-,Addicted hard.,5,0,1.1.3,2016-02-01 16:20:48,,
gp:AOqpTOHMpOtMIYPyv6D9H1yoSXN_GMzKjL_-dU2tpL1d8X9m2tCdG7l5MFqleHLnIXO1EHkkaNsjyWM99sYesg,brettD,https://play-lh.googleusercontent.com/a-/AOh14Giy5Res0qTHpSw0jTDuf7_pVZM9enfrx4EaI_aMeA,Very cool game. Great graphics and controls. Would definitely recommend.,5,2,1.1.3,2016-01-27 12:36:34,,
gp:AOqpTOHkwnbD1eo_nRiXnLYcPL0zhMClD3L6KH2ZWQQMfmC4nGE2txvKRFVk3hsyrHYrvA8DCJulrv8JkEEklQ,Steven Anthony,https://play-lh.googleusercontent.com/-6JAgOH3pw3I/AAAAAAAAAAI/AAAAAAAAAAA/AMZuuclUww2wrcpSLe31Cf73cJ7IeWo-sw/photo.jpg,Remind me of coolbroaders,5,1,1.1.3,2016-01-01 18:51:26,,
gp:AOqpTOE4UgXcac0V96GqlM7e5eOh02SUtGCXT7SMCOMoFQSkbykKOdU_b9SuldckqMEfz0YhvExlqdVakXtN8A,Troy Galloway,https://play-lh.googleusercontent.com/a-/AOh14Ggk3XKrfyFaEM7okMnNwL1ySP5ux1O3T2Xj_m3Z,Yeaho,5,1,1.1.3,2015-12-24 12:45:49,,
gp:AOqpTOG2WmLsxHTIivW19L4sDpMHziOwMEJSHMnc35qgXPmljHkkdDvEAT9m-kuhgRCZTlEMO6KzN8-hJIK4GA,doug hack,https://play-lh.googleusercontent.com/-PJqObEq0vM4/AAAAAAAAAAI/AAAAAAAAAAA/AMZuuck7c_7gbjm2RY4ZnXJtgshl92TZgQ/photo.jpg,Love it so realistic,5,1,1.1.3,2015-12-07 09:51:53,,
gp:AOqpTOGwOw360PyAyoG-bS2Q1Y2Z0VR8wi8Oi3mnaSg5gd0WbipF0PoRCVWwwP0NB9iibCOjn7dcFz79y9k62g,A Google user,https://play-lh.googleusercontent.com/EGemoI2NTXmTsBVtJqk8jxF9rh8ApRWfsIMQSt2uE4OcpQqbFu7f7NbTK05lx80nuSijCz7sc3a277R67g,I love it,5,0,,2015-12-05 06:45:17,,
gp:AOqpTOEPEBb_wo3Fcs4fUC1gjBZfos-SmjUL9RNAaVkQ7ndxJCHmq_GHYz0T6372DHxzdF4_7kmILDG59qoA7Q,JellyBean2648,https://play-lh.googleusercontent.com/a-/AOh14GhYPpfW2WkAnE02KWOma7qEQzj6YqxyzYeNno1F0Q,,5,0,1.1.3,2015-11-27 08:16:24,,
gp:AOqpTOE3b9aTYgs7MM_uGJZQ9KCOdBl-PnHfZtVz5qIyLdSfdBMGRREjJB2uxxaNYmrnOYGolW5StGsIxtxFDw,Aiden James,https://play-lh.googleusercontent.com/a-/AOh14Gi_qgd2BJ3ngcNMX1jVrwgJFcAy4TvcjCNJUTn1,"This game is great, although it lags a lot and the touchscreen controls go crazy every now and then, especially when trying to complete a track in a certain time.",4,2,1.1.3,2015-11-05 02:20:34,"Hi, thanks for your feedback. We're working on improving the controls. Do you feel that the tutorial does a poor job of explaining how the controls work or that the steering is sluggish/laggy/poor? Please let us know what you think. And what kind of glitches are you seeing with the controls?

Amber",2018-02-20 11:12:28
gp:AOqpTOFcYcrN_37qGASUl8ckVrVlO1cOW4NfUhjnq_Xh_57WxqpCADOWO7gECYi2ySIazk5NH4kqWOh-7D0Nnw,Purple Fan,https://play-lh.googleusercontent.com/a-/AOh14GiRAgsuFtXmOB3yke-rAZ1srwbxmbEmNHd2zPmt9Q,"Only problem is the stuff is just to expensive, I'm not rich! I have way more things I need instead of stupid get rid of ads and junk.",4,0,,2015-10-29 05:13:50,,
gp:AOqpTOFD6hsPuZQueBUV8BFnb6tEHwSecGMqi0tExA95GewN8a4pYDbfEeZyzT0W-RC3A0IxL8BoLNJBtvNVhw,Patrik Gronovič,https://play-lh.googleusercontent.com/a-/AOh14GjZ0eH8I5ceQTtWRPUDK88c9rEg5uD3er9rmCjCjQ,after install shows only black screen,1,1,1.1.3,2015-10-19 16:49:03,Please contact us at support@ratrodstudio.com if you are experiencing any problems with the game. Thanks,2016-08-29 08:46:33
gp:AOqpTOFJRdMHmHP-oGJxn6BOmSyqfP14ze7s4INEOfUq-2HgNL9sNVNCSmAaP8z9-zO22I_4RKYb9HUP1PAvlQ,Eddie Serrano,https://play-lh.googleusercontent.com/a-/AOh14GhB2lAFR3fDpFrGCM0IV9hf9NGfH3UzPrOQpYxAbA,I loved,5,1,1.1.3,2015-10-18 13:01:54,,
gp:AOqpTOGjYoD5wr8XBSVkScBWc071_eAfqsLIEUT4-rdgNfrWflnF4pOhNfDNTjiQP3gPoQ_gyUA-I-K4-MCjKg,Eric Hernandez,https://play-lh.googleusercontent.com/a-/AOh14GhhL_22Kts25aKBRIA4MQbWxT5XVoYn2-4HMWMRIA,I've been playing snowboarding games on every game system since the early 90's and I'm happy that I finally found a mobile version that brings me as much satisfaction as its predecessors. Good job!,5,3,1.1.3,2015-09-27 06:11:10,,
gp:AOqpTOEVO-g9jT3tcQmON6NX1dT-B8_b8t5XNu0YW_DPqzPvwXo5z8CYkUwLvb5pZmlGZAsVcJuC_83Z__MtjQ,Rodney Gibbs,https://play-lh.googleusercontent.com/-rvzGPIrxuGI/AAAAAAAAAAI/AAAAAAAAAAA/AMZuuckW_SOadlyYGKdy5XSKqw3xJOBenw/photo.jpg,"Superb graphics, flawless control and enough content to keep you entertained and challenged for days.",5,14,1.1.3,2015-09-24 22:21:55,,
gp:AOqpTOGZ_eXQYyPV22hWIV6dtAFLoksVNNBPaZSQo8RluOuQ5I1MWZU1nH5Hk60t9rorhVv-JRfCjEHvxPBiqA,Caviarr,https://play-lh.googleusercontent.com/a-/AOh14Gj35p-e5z0361frOaCbIx5NARWwrlkxKufsCubbTg,Really good game just needs more hills to ride.,3,3,1.1.3,2015-09-22 19:00:13,,
gp:AOqpTOGjbthDz_2sc9ggqnjKmyJtPJvvl-LeTaHBSYszcPiJF5QZyw7Vcxx3lPrlPxS4DNdTHkIbSDBnw-IYRw,Joe,https://play-lh.googleusercontent.com/a-/AOh14GhPrLsiIZN6yALmIxBLulgiMet6-KZ1MCHKMgpxkw,Awesome. !!!!!,5,2,1.1.3,2015-09-21 14:50:40,,
gp:AOqpTOHon-8QQ35QuLsINGf7Yedx8hnNVtbbsc1N78M1Q9SEIKsKJVqy4Dfv_KqUHF-vIujygysD05dXoLwiAw,joshua paul padua,https://play-lh.googleusercontent.com/-SF98mqfa23s/AAAAAAAAAAI/AAAAAAAAAAA/AMZuuckuvMMAe5SDG7DUL3-jNiFAxZCS0A/photo.jpg,i did not play it but now i watch the video is cool like SSSTRIKE in playstation i buy it yeah i am si exited to plat its 400+ mb,5,1,1.1.3,2015-09-19 05:40:44,,
gp:AOqpTOF8OY6ElT6KW9EM92yvMo8ErGD7hBP5BCUd92-EWIJE-AejnrwGeFck8qCPZLXRCR-dhY1Zwaj3E_E0Yw,Jonathan Niesche,https://play-lh.googleusercontent.com/a-/AOh14GgNd__ftlwfimuA2RAqFvsdyXSJ-gNkbFiDlCcN-Q,"Now I'm an avid snowboarder. I'v play a lo of 🏂 games, classics like cool boarders,1080, EA's SSX series and a personal fav of mine Shaun White on 360. This is probably the best mobile snowboarding game I've ever played. Smooth cut graphics. Easy to pick up controls. Along with a good variety things to do in the game. I get cravings to snowboarding really early every year lol most people from Minny think I'm crazy. Hahahah i just look at it like, gotta find fun things of do when its cold outside.",4,38,1.1.3,2015-09-18 20:53:31,,
gp:AOqpTOFhmxVUdi7r9NxgN2OChj1A6VbhKU6TdZbI559GlsJpukKsuHYJ3KDwQ_gWSgQzYvAKFrpepOhUDB5o8w,whats that,https://play-lh.googleusercontent.com/a-/AOh14GjcPekW7_W31SnTIW7nDXZBs9vxVkmPdYpoVsShuXE,Best snowboarding app ever lyke,5,2,1.1.3,2015-09-18 08:33:51,,
gp:AOqpTOGzjHzLQNPRdWtiA1uCF4raek2CTkLpLNnkq0-aJ8wEu4kWHb12mnx3yNjHX5NFssHy3nyXEW25AgAjiQ,tyler neal,https://play-lh.googleusercontent.com/-GrWap75W8UM/AAAAAAAAAAI/AAAAAAAAAAA/AMZuuck9qqfjOl9v9kdZ-GpeYb4O4ApD8w/photo.jpg,Really leggy and not a lot of content,2,1,1.1.3,2015-09-14 14:44:55,Please contact us at support@ratrodstudio.com if you are experiencing any problems with the game. Thanks,2016-08-29 08:46:40
gp:AOqpTOHrWQ5gaht_-8sK8EpLdrzSYM9ua4lWwEEu059RWZnmf7ws2gcg1WwzdnIJDXN2Uu0ZZtEztD6QG5WR4w,Chad Snidow,https://play-lh.googleusercontent.com/-QOSCMsz7cJM/AAAAAAAAAAI/AAAAAAAAAAA/AMZuucmlHwaX5lZ8NLFxcCf2jMOMZw9X_A/photo.jpg,Needs more levels,5,1,1.1.3,2015-09-10 05:33:10,,
gp:AOqpTOEnCtvVPjNgjXHFb8qrKH5LNJqCEuLWim1yi4q6twif5wO8lp6X-7msI2lqRW3NtqN_SMz71ezmFsNfkA,Terry Teng Thiam Chai,https://play-lh.googleusercontent.com/a-/AOh14Gjle2GkAWGrF_1-ta296fBZHXljFvV6-4pPrm0D,Good,5,1,1.1.3,2015-09-08 06:20:48,,
gp:AOqpTOEZJk5uKpdFxTE2-tnM_EKj7BEr2rmJ9iuKD8pAOU8CqkvqeiHPsFPorm3GTKqHHagJNET629BSVL66mA,Tris fits,https://play-lh.googleusercontent.com/a-/AOh14GhKLsPUdQM1LzYgOxoLoZgK2_kBa7todaDotMgWKw,"The graphics are amazing, the gameplay is amazing. Just an all round amazing game. Totally worth the 2 bucks",5,0,,2015-09-02 11:35:28,,
gp:AOqpTOGnVuCP2g5d1Tfb-Vd65Trl8tEZtRc6qJg5UDtgsHgm-_37wYxWbi_lh2Kwt91aIzlkaRt6RxclihYRWw,Kyle Vlasaty,https://play-lh.googleusercontent.com/a-/AOh14GjqecCbYVTLOBvoou00W_bI3e5Ks4tnWO-lMV2-,Best snowboarding  game,5,0,1.1.2,2015-09-01 18:51:43,,
gp:AOqpTOGQexb0C57BmKE3noGXWGgSjeSQ5XfyKuqGIPfYyrW2EzN_TXNWH1Q-MRJUcubsjQWOp4Lq_fJG4h69iQ,Codie Miller,https://play-lh.googleusercontent.com/-M_cNpmVBAvc/AAAAAAAAAAI/AAAAAAAAAAA/AMZuuclWq7vz0J7lOmrNzeHBUD7vPXGOfw/photo.jpg,So close to coolboarders from PS 1 &2 great game,5,0,1.1.2,2015-08-29 12:59:33,,
gp:AOqpTOEgb1VOs_Q-NC9ti6x7iJEIKCPe7VHN37ZDly5abOkki27XVFzu1-GrYEvUptiLkNcEckCffQcGIbqb8A,Jake Heki,https://play-lh.googleusercontent.com/a-/AOh14GhqHMF5dNvdodM1Zaf-kpC1-dz1thmoQU_WsmVs,Get it,5,0,1.1.2,2015-08-28 15:24:20,,
gp:AOqpTOHUIzTHsED4R6evFRZZwKJgO85NfsViskP8wByixt16BL3QB36Rz_70vR_ddV8hRyv4zpQVqhY1wjhg_A,Johnny Blazey,https://play-lh.googleusercontent.com/-k3JNqW9h1Oc/AAAAAAAAAAI/AAAAAAAAAAA/AMZuuclNy2oAiAvyfk5tIIpNHnQhziTUpA/photo.jpg,Simplistic fun and fluent gameplay w/ the Sheild and controller!,5,0,1.1.2,2015-08-23 21:20:58,,
gp:AOqpTOEck6zdQvYLzc1zJH74f_7thaDlyZpn7S7DmnDS7-qcyFE_JX-ss5tCiay7RxcErojkkpvoysNBdyp-wg,IStrapaholic,https://play-lh.googleusercontent.com/a-/AOh14Gh19CkRKG4NcSmOECM8_-h8Lv3bbW1fcjdW8xfRfA,I'm not surprised,2,0,,2015-08-14 20:17:49,Please contact us at support@ratrodstudio.com if you are experiencing any problems with the game. Thanks,2016-08-29 08:46:46
gp:AOqpTOELyuTn9TRy1qF8W-YAdfeAHfyqk2RppaJGv4-vJp97UnwADDZuivpp-rKIwJaDj_PxIEspUQBQpbDMcA,William Wagner,https://play-lh.googleusercontent.com/a-/AOh14Gj9NCfxRnHEOJ9npwZ6aR8QHqAMEfLKe7uk6WWTHA,Nice!!!!,5,0,1.1.2,2015-08-09 16:21:46,,
gp:AOqpTOHtvss93xo3KhFUFpae2agOz968hYtHSR_m8otjVOTaozgeGC1zM_MT25DMXzOxiLS8-nrdwDwA_2zZwA,Bailey Pridmore,https://play-lh.googleusercontent.com/-dftd1eAFEoU/AAAAAAAAAAI/AAAAAAAAAAA/AMZuuclzpAcXJTkG7M6OTxAeDFOWKUHujA/photo.jpg,"Fluid, accesible and fun.",5,0,1.1.2,2015-08-08 11:48:47,,
gp:AOqpTOEPl6r_KJQgtMesu1HOOsmCGGuXapdlNZk_gxePDa6jtuFBJ42yHY7FUph1df6HjdHhPj2Hic9GAl4M9w,Jamaaan Simien,https://play-lh.googleusercontent.com/a-/AOh14GiQlwEoJM1z8Zb6z09fcq3djazrrdneMOgqFSax-A,Awsome,4,0,,2015-08-06 17:57:39,,
gp:AOqpTOFhrqWLOESmmYH2tIJKhcVDwwFIbBhig6Z7zT_CNejnEtNXx5a4LhWRXgYWrox3TmsP-cp15CF1jP_OcA,Michael Bickley,https://play-lh.googleusercontent.com/-nrF55NBJ3ps/AAAAAAAAAAI/AAAAAAAAAAA/AMZuucmXhF-lxqr-vVxUHVdsK2VxcO1hmg/photo.jpg,Not enough rewards for playing. Might as well be free. Too much of a grind.,3,0,1.1.1,2015-08-02 04:58:14,,
gp:AOqpTOFRYM9T3undUGyjWTSGbN9wD5NCzSVfDry5-zh7DGwfDXIh6Lhp4WssiCO_2Z7jLnP2d3st4mSXVC5sMw,Trenton Flatford,https://play-lh.googleusercontent.com/-xhCs-uqqAOo/AAAAAAAAAAI/AAAAAAAAAAA/AMZuucnlb3XEB4bC6e5qLGD3Uev8ovJfgw/photo.jpg,Love it,4,0,,2015-08-01 09:50:06,,
gp:AOqpTOH2hPMK9Dp33WsrE5MOj8xunSHb76Nktnw4ELK2b33z5gmQnfuCvxEap6QCrsJ0w4tQZdV_aZsv1_hqXA,Janine Willard,https://play-lh.googleusercontent.com/-69_TG2yz4wk/AAAAAAAAAAI/AAAAAAAAAAA/AMZuucnffE3kbHsLcpECvXG6v4vjvdvdtw/photo.jpg,"Bought this after doing all of the lite version, and not only do I have to start from scratch, but there are no more levels than in the free one. Explain please!",1,0,1.1.1,2015-07-29 15:44:39,Please contact us at support@ratrodstudio.com if you are experiencing any problems with the game. Thanks,2016-08-29 08:46:55
gp:AOqpTOFKMmeuwZ1GM2mlrGAcK3WsxxqOFtOU_EBtTQNR-ywlvKycIT2dn_jrZTkQdDtL5hKAqOeXnI7A166H1Q,David Pettinger,https://play-lh.googleusercontent.com/a-/AOh14GiiPjttwUi8HCeUqcbqkqxd-_b7Abm7goLEg4I,I got this game and tried it thinking that it would be a good time killer I soon bored of the game and uninstalled it but I then realized there was not a refund option. (I also never saw a NO REFUNDS sign),1,0,,2015-07-28 20:28:11,Please contact us at support@ratrodstudio.com if you are experiencing any problems with the game. Thanks,2016-08-29 08:46:58
gp:AOqpTOEMi3PGcfFTdQHwL92NLTNLKnUhHLgXtQadySLl2dK0MvodylUILdbFnfftV0BR3-PCluIDw7heNtgRVQ,Jake Ribarovski,https://play-lh.googleusercontent.com/a-/AOh14Gjhvy0OkAdRM6eM_XCI_53myU3nBm2bAmvrA1Hq,Its a top game but the points system is stupid. Rather then realistically trying to line up jumps to get more points your better of constantly doing 360's before the jump to get ur combo multiplier up. It had alot of potential,2,3,1.1.1,2015-07-21 18:42:01,Please contact us at support@ratrodstudio.com if you are experiencing any problems with the game. Thanks,2016-08-29 08:47:08
gp:AOqpTOHgtK0A1HIt2H94mZOYnXuXYa5zNoqTbU6gvEcOTW9Gqk2JKCWtfXhSmUFyiSFbIr4GywHO8jASihgORw,Susan Addison,https://play-lh.googleusercontent.com/--1nVGXQFBqM/AAAAAAAAAAI/AAAAAAAAAAA/AMZuucllRCWrJHgLRwac1BVZtXA1fjY_2A/photo.jpg,I love this  game,5,0,1.1.1,2015-07-20 18:21:10,,
gp:AOqpTOFF_0rUfNkz6lEHjfnOF0Zr3NsXmSSEh44d46l8XfwE0ZpnDcgRpQRVSXzPfUNod3Ipwa3EiUCJOaUHrA,Mark 313,https://play-lh.googleusercontent.com/a-/AOh14GjeappUYE63qYdpQFuTIMQGGZQ5vjCnMy_rAyfajw,Best game i played on android,5,0,1.1.1,2015-07-19 05:19:15,,
gp:AOqpTOHNf5o-sFUelZM4OqeEcC1J8RuPg2nkkciVu5y9mQ4XRrtJyVuhb-mPFXkUEIVWva6KmIpnmk1nPyMdsg,A Google user,https://play-lh.googleusercontent.com/EGemoI2NTXmTsBVtJqk8jxF9rh8ApRWfsIMQSt2uE4OcpQqbFu7f7NbTK05lx80nuSijCz7sc3a277R67g,Lots of fun,5,1,1.1.1,2015-07-09 00:22:26,,
gp:AOqpTOG2Rvj3dILdr9bjZjw5nYynqCCN1iFCvgTU2af_u7QdjXo5Le7qpgMAvyA_7dDSPEDjHQkLD0HTPidypQ,Ronnie Williams,https://play-lh.googleusercontent.com/-2gBWyTRYeH0/AAAAAAAAAAI/AAAAAAAAAAA/AMZuucnVf9unafbVgzp6DEGKZbchboNExw/photo.jpg,I like the game,5,0,1.1.1,2015-07-02 13:00:47,,
gp:AOqpTOGuCkZ6CfQ9RZ8-xrmeswtPQ3nd3EMjb5wX22jpIA0RhNiA_ioyZI_T2mnEH3mlwPWF-yyKuEJpujOdjw,Kory Miller,https://play-lh.googleusercontent.com/a-/AOh14GioUBKosJ_ZeOPbvQAVo0p5XdeommzHpcLgP3qKdw,Great(:,5,0,1.1.1,2015-07-01 21:11:47,,
gp:AOqpTOH-KerjshNgXxn3msxvMZkI5j0JL0cQ7RdP9UaLea9KltO5oujO6lJ2p0SWl5TFp_5E9rZK5FAGEhTI2Q,Yeshen Dorje,https://play-lh.googleusercontent.com/a-/AOh14GjFmUM7mSbUQn2Mzuu_GdPPC-oJUfIpdt5IzJLj0g,Good stuff!,4,0,1.1.1,2015-06-15 11:49:11,,
gp:AOqpTOG7YTNHv4_mZV2STjUrizLvmHWsa4TXkX5RKcXJ73a6B40LQybO8FrBa13w8upkloiNNEYgoSGyt_8_gw,Tom L,https://play-lh.googleusercontent.com/-P3YI1Vty_DU/AAAAAAAAAAI/AAAAAAABuik/AMZuuclfbJ26tAApCQR1UQkGzr3sqHXtZA/photo.jpg,Addicting and I love it!!,5,0,1.1.1,2015-06-15 11:22:13,,
gp:AOqpTOEmN-VejnAhbcvHc03j4P9JSYJr2tluzE6GaXkapadMeVo-FVTZZgzKH6liPi3YE7HxvM2ymjaQ8JaV4Q,Rick Winter,https://play-lh.googleusercontent.com/a-/AOh14GiVbOwX5zsw7hrR6gCDJtzmvDHVPAPuGRvnCHONr5w,Best snowboard game ever!,5,0,1.1.1,2015-06-14 06:00:51,,
gp:AOqpTOEyfGI3aYtYYbx9WKmyRYd_C8au8T5FGkpb-rgE84HkvwndodL5nufVP3ILhgUBjU9e741zIe2ksYkqfQ,Aidan Sanchez,https://play-lh.googleusercontent.com/-fmZp9l9Q3OY/AAAAAAAAAAI/AAAAAAAAAAA/AMZuuclWSI3sjsxa-BSyReWkILJm2yFZ7g/photo.jpg,I couldn't play for that long it keeps shutting down,3,0,1.1.1,2015-06-13 07:01:32,,
gp:AOqpTOG99HW8ViZv5Z-zCerI7J_a4DreNZIZv62weIMdvjwIQFBlVpYhWwwEJpWWRM5E1w08cuujLELXp3CpzA,kit flores,https://play-lh.googleusercontent.com/a-/AOh14GhUTCVuVFR2bBliNsEuVN42aZlp46jFqKPbcOkBUQ,i can not download it...it says error 905...pls return my money...,1,0,,2015-06-06 14:04:33,Please contact us at support@ratrodstudio.com if you are experiencing any problems with the game. Thanks,2016-08-29 08:47:43
gp:AOqpTOFROy0DiI9bY2X_MO0pVHx1qxNRcU-pOCd7snSDXzXnqFnSoLvWbKWs3pmE7i6J0SrBRoI_QR9WWGGeGQ,Kaleb derecourt,https://play-lh.googleusercontent.com/a-/AOh14Gj68gqdVmjRhVD4xzQqAH5kjiCwR5ktSWTyNvYYfg,Dats rite,5,0,1.1.1,2015-05-31 17:13:54,,
gp:AOqpTOHFjCC1ktW-RtdzyhVX_FWVOZfGy6fSJAyn15Y0vSBO03HgCOIYJ6nBdc8S4NK_cSx0EgZ2W85PP0cZtw,Zac Huls,https://play-lh.googleusercontent.com/-JbKt5GqAJBM/AAAAAAAAAAI/AAAAAAAAAAA/AMZuucmV1xM77U5v-cELFSSy9Ba3gmhEWQ/photo.jpg,Best snowboard game ever some many different characters & tracks so u never get board theres different boards & upgrades as wellits so good,5,0,1.1.1,2015-05-29 02:12:50,,
gp:AOqpTOEPr-N2ElQZFxr74RhrWwLoWHra0GROHpUaItngy0AMW9ZRbZ5DH505vnH7N5_b_GLJyaYdFhc0HnsPWA,Shawn Luke,https://play-lh.googleusercontent.com/-TNVcuasvWrs/AAAAAAAAAAI/AAAAAAAAAAA/AMZuucnaOJ0YWNlN6coeKvXDCHfASWRQbA/photo.jpg,Love it,5,0,1.1.1,2015-05-26 18:32:03,,
gp:AOqpTOHLVYt6Vr-pjSNAd-Zq5Dps20OG4rzfvcTL3fBJA82xTvaruFvb7n2-DqMrRxcZ3OXJgBDoRiXwxvFIcA,Davd Mejia,https://play-lh.googleusercontent.com/-sq09o2dTy5M/AAAAAAAAAAI/AAAAAAAAAAA/AMZuucmx8_yxKDKHuQbIWeFt2Ty8y6CzMw/photo.jpg,"The game is really cool, but the music is really lame, it sounds like high school rock from '97. Like its from American Pie",4,0,1.1.1,2015-05-16 12:48:11,,
gp:AOqpTOEc-Qz_8hMQPy9vkC3rPt0jUA86Kb-TlC8HbBjkWi5x9NucdVSVXWr0hy1PPtxXxj0GrfZ3lQ5AgugJ3Q,Quenton Deason,https://play-lh.googleusercontent.com/a-/AOh14GjTqrVlJRlnAGLbYeLb-qq0APFQL58vOl8ykQ5s9A,Best dang snowboarding game I have ever played on a mobile device,5,0,1.1.1,2015-05-15 00:36:56,,
gp:AOqpTOEnXznJPdBnDD-TMJFF7rFZmRoV-LS8wX6JgJau1f6YlVZbAN7ckYvYHTm-SIESJ4gDGdBz4afZw_Z_ew,Johnny Wineera,https://play-lh.googleusercontent.com/a-/AOh14GinEqfM29LAjonHLNauOXhIYnfneia0qTolL3Ei,Great game,5,0,1.1.1,2015-05-09 09:51:50,,
gp:AOqpTOFUe5qS_5jHPh2c7lJC2_f-SIBsUFh17b_lMLViL_5D7X9GA-xerAaQwygcZMouayRF2Vzm6JuwQLFWOg,adam cheers,https://play-lh.googleusercontent.com/a-/AOh14GgGqG0rLrClZ1hy13rVT85CxugWXBLjSLJwlkPV,GOOD GAME,5,0,1.1.1,2015-04-30 20:22:52,,
gp:AOqpTOHmVaLOIkPoVO1BpgA7g4fyp5suuWP8WD-rUgifA31szv40sebMeLGBoSD241eeR_a47LK76ldBGEuvRQ,Brandon Wages,https://play-lh.googleusercontent.com/a-/AOh14GhMRdYJU7hMtXh00JMCTpQsQLJW4Go74CVVsthziw,"I've noticed that whenever someone decides to write a review for any game, it's almost always for negative reasons but this game truly is a cool game, so thanks guys",5,0,1.1.1,2015-04-29 17:36:03,,
gp:AOqpTOEtGlBRrf8VFQhZt-rW31dxm5zOCOVVSjv9KgwUrBCRm-tQU62ENEeECq5D5Dy2U_LAS5gpsTOJtFPnDQ,A Google user,https://play-lh.googleusercontent.com/EGemoI2NTXmTsBVtJqk8jxF9rh8ApRWfsIMQSt2uE4OcpQqbFu7f7NbTK05lx80nuSijCz7sc3a277R67g,"love that it has multi player.......Clean, clear, smooth Graphics..... And the option to save to my SD card",5,0,1.1.1,2015-04-29 02:32:17,,
gp:AOqpTOEavIFZKl83juMvIsimiPdm6yWTf2ljF__YDuoBy7YMtgfaIQKBK0Cqo2oHcmkEcwka0Wc7xDPRPUZXrA,nino sev227,https://play-lh.googleusercontent.com/a-/AOh14Gg-O4iag7QTuF28ABZFgjoufZhpUn9KjJn5ru9FDg,This game is hot!!!!!!,5,0,1.1.1,2015-04-28 21:59:03,,
gp:AOqpTOEm66RFSJc_7Hpw_6FUa5Izc_vzSUU7ppHa_kzake8RRjfv49QNXyuOJldsbNkhKnaouJ-5erYteD93zA,shawn cheney,https://play-lh.googleusercontent.com/-vv2xCz5aiPk/AAAAAAAAAAI/AAAAAAAAAAA/AMZuucmbv1yUsWT3TKoZV-vP5RsJCN09lA/photo.jpg,If you liked SSX you'll love this,5,1,1.1.1,2015-04-21 11:53:52,,
gp:AOqpTOHoEt0v5FZB9Op4ecy9rzrRqzOU2HtMzgvsbcO-eaF6RMM2kS7DCWQXDOzOjUtrMxOvAzorDdOZqtndJg,David Duplass,https://play-lh.googleusercontent.com/-Z5hlaJ7Dgyo/AAAAAAAAAAI/AAAAAAAAAAA/AMZuuck2qVVzk1WzOjKbdfK_XPuqQ6eEhg/photo.jpg,Reminds me of amped for the original xbox love this game!,5,0,1.1.1,2015-04-19 18:35:44,,
gp:AOqpTOElA-wUMaTxS3rejtl0OlUgJ60gz6BpEMcXDZuxJTbuXH-YluO7EdME05Kl0raFJn_pst_R82NuKj3muA,SoggyBunnz,https://play-lh.googleusercontent.com/a-/AOh14Gh5PT_XtJr6IfaAwFLTgcsrgGXKSKrXMqNckMpJ,Remjnds me of coolboarders.,4,0,1.1.1,2015-04-17 03:01:57,,
gp:AOqpTOGKi2XuwtpHpacyvC_daZpm46PRR1DZP4Y7Be8FcCvc1QtqNgWZct1PZVTCczhT0vqUZ4L6en8jzcuWsg,Mark K,https://play-lh.googleusercontent.com/-m6AlvvEK_vU/AAAAAAAAAAI/AAAAAAAAAAA/AMZuuclnfwh02Lc1dZMPWh5aFTT85vY_cw/photo.jpg,"It definitely needs a graphics quality adjustment option. I have a Galaxy S4 and it runs very choppy, unplayable at times when there is a lot on the screen. I would gladly sacrifice graphics quality for gameplay speed.",4,0,1.1.1,2015-04-10 16:13:58,,
gp:AOqpTOEhyIlgnmqLa5jn5hZQ6XRvYINrLusBz7e4mm5RcuyubEhi7lG7Zx2Tkyu3ORHiO6yGhb9RzDD26joIzA,Annie Lezbro Lieber,https://play-lh.googleusercontent.com/a-/AOh14GiT4GERmXEORT91-BFPMtFP1xJcidshsbkKoYD30Q,Fun,4,0,1.1.1,2015-04-08 01:23:26,,
gp:AOqpTOHajKLPwmXBK2Lc6cd1xjhGF1_TY5YqUoO-stOjLGxGXHQ40rdQ9PoAxRSAWKC_JRpVzVDZGZlPKN130g,axel alcantara,https://play-lh.googleusercontent.com/a-/AOh14GggB_CLcp8rmEZXq1VqSbDBbElE6MYJD3ZpfBoF2LQ,Is the bmx part of this style,5,0,1.1.1,2015-04-06 21:11:07,,
gp:AOqpTOFLjvJ9MakXJQP0u8-a7a73Nx0weqyols7C_CO6YbkQ4PWznB9CxC83Nj79ij943nxpGwTy5-X3WyUzIA,Timothy Paugh,https://play-lh.googleusercontent.com/a-/AOh14GhPh6QReUPZmb5KKK_iOVtMepa54VA9HPyBg4vd,I Enjoy this game from time to time.,5,0,1.1.1,2015-04-05 13:29:10,,
gp:AOqpTOE480JfjMweV6p2-2jvuSHsmb8AYN9urEBIWOd2Vif3Kp1HbSBdAdAbN9_ZQ6Qob5ruSfLGRZZoFFOeDA,Jackson Franzel,https://play-lh.googleusercontent.com/-lgzMTPkgx2I/AAAAAAAAAAI/AAAAAAAAAAA/AMZuucnpnYlpnFOUPjVjQYZZ2y_aVWg-dw/photo.jpg,Awesome game,5,0,1.1.1,2015-04-04 19:32:44,,
gp:AOqpTOHwvH5gqtSSWr9aP27tMJcivSzNZ88dYAgNd1THynvjIe-xKdrFAgJJ2-kzE8DF9J8iGYIPgb0S81NgdA,Kevin Schmidt,https://play-lh.googleusercontent.com/-nG3j7i3YrjA/AAAAAAAAAAI/AAAAAAAAAAA/AMZuucneBqN9vX9vlsRuCVW9P6k_gWjPqg/photo.jpg,Amazingly fun snowboarding game,5,0,1.1.1,2015-04-04 00:38:22,,
gp:AOqpTOGJKrt-b_3YH1N-8vPYEHik7dZkcdJ6TfI0k33ASsR-ipRfG3mPdtH9BKmEjXGBj1w8xz1m8FBKrjcLUQ,Eli Meza,https://play-lh.googleusercontent.com/a-/AOh14GgIaRmxotDdGlM_PpLzmPYlrymW5ja5aCttTuL-QA,Waste of money I downloaded a free snowboarding app with the same graphic and just a better over all game ... oh well learned my lesson,1,0,,2015-04-03 07:19:35,Please contact us at support@ratrodstudio.com if you are experiencing any problems with the game. Thanks,2016-08-29 08:48:22
gp:AOqpTOFbxHZdcveCaeOwVZ2XnrpYD4zSFr9ddckS9MzRHZ4SOaAxi4uc5hECE06OKCtreuJ8uF0Gi_LdKLSivg,Chuck Smash,https://play-lh.googleusercontent.com/a-/AOh14GguOZEyth3f5xlqHJ69_BAiTC0pY9x2oKqC5alPNQ,Totally ROCKS!!!,5,1,1.1.1,2015-03-27 10:20:57,,
gp:AOqpTOENjaJCE__UHa6ffwHgx7ljruWfumEGopFhuzXpgIORI2syz5ex_CZU9na2Ehj1uxsSQQLi0zbgZzvSIg,Machete Gaming,https://play-lh.googleusercontent.com/a-/AOh14GitC77ZbaPf8i8HfMlQry9fuFnFpKTLfTsIGGeObA,One of the best games I've bought and downloaded,5,1,1.1.1,2015-03-26 16:06:48,,
gp:AOqpTOGzQhsafclAKBf3N8IwF86XXJDtP52YbgCEAk_E77_BJ6K4WNmr7yYKmdq8YtDEm78rFySUn2Q3rsQY7Q,Brian Park,https://play-lh.googleusercontent.com/a-/AOh14GgiexPMLmNOAl1lNZ4OLBXSXJ4321eI_hwU7igGLQ,Just like cool boarders on PlayStation,4,1,1.1.1,2015-03-25 12:44:51,,
gp:AOqpTOH5i6HUdDR9DtBnIf1FGASYIa8LeeWijzRwGEHbJvK8MkC9e6TvfD81n7Iz75WEmDm2IvSL6WuXGuncdg,Jo Carey,https://play-lh.googleusercontent.com/-h-IbiZowH_M/AAAAAAAAAAI/AAAAAAAAAAA/AMZuucnEyWJzvvkvU9fyj96v3Nm164IVQA/photo.jpg,Love this game - lots of challenges to keep me playing.,5,0,1.1.1,2015-03-25 01:48:47,,
gp:AOqpTOGyb83Jj4z6LZlHf_dTB9iBBLYDs_rjrR8Xfgbu5sU7VfNDR936udiiz4wm4of_KmRp1Jpx-zWNI0sFzQ,Candra yudha Tama,https://play-lh.googleusercontent.com/a-/AOh14Gg0I8CH2utRwOKdlxDKd2ShdWiBoRaaxZmNBIbe,Awesome graphic....:-D,5,1,1.1.1,2015-03-21 18:56:50,,
gp:AOqpTOHF3QuCXgoRBY4u81xtFjgr4UOJR1YJ5tKUMFYYRujO_7PQm5OSCbGbXDKNK0ebjhIpf5pYxFd6apMn_w,A Google user,https://play-lh.googleusercontent.com/EGemoI2NTXmTsBVtJqk8jxF9rh8ApRWfsIMQSt2uE4OcpQqbFu7f7NbTK05lx80nuSijCz7sc3a277R67g,"For an Android app, this game is 5 stars as the best snowboard sim on the market.  Smooth analog controls, in-game currency store items, and slippery slopes.  Would love to see a Story Mode or a create-a-character addition in newer installments.  Maybe connected slopes on a single mountain? (Ski lifts and all)",5,0,1.1.1,2015-03-18 09:10:28,,
gp:AOqpTOHl2vKU_zahBmPYzMrTladPHOCJ9e_6xxEGfjpVZJyh8elTEfI_NR4HCHH_MGpQ4BsFXz47v8RHFcM13w,Chris Dearringer,https://play-lh.googleusercontent.com/a-/AOh14GjM2_EGi04tellZYv3ldJfwcXxNM1ENj3VAXuKuBaY,I love itttt. I just don't know how to balance a grind. Haha,5,0,1.1.1,2015-03-17 13:11:37,,
gp:AOqpTOEoZaHLkPdPHnt-xb2oOfOB8If08f6l2YWcYic7DaYb2IdBcR8xgbAYeNnRaNN7LNBH-r2KVkNkkTeQEg,Tanner Wood,https://play-lh.googleusercontent.com/a-/AOh14Gi1Uy1lQCfWmsRHCRBlFh1_MFP1TlLZ8cs2fnz_rA,"Finally someone has found a body rotation engine that is ""somewhat realistic"" Super fun.",5,2,1.1.1,2015-03-16 23:13:59,,
gp:AOqpTOFfI5rfGackFeaO5Un7G3E8Lmgg3cA0MHFL_zXTTv3oKqr_txpdLPjyzErRAUR81brxvabj-cUcTeaLAA,Robert Smith,https://play-lh.googleusercontent.com/-0kYXzM9warI/AAAAAAAAAAI/AAAAAAAAAAA/AMZuucmjvFw1A7qCLiJ0sxgjQ3nO75uzIA/photo.jpg,Reminds me of cool boarders.....the easier version great game,4,1,1.1.1,2015-03-16 10:52:16,,
gp:AOqpTOFpKEBBb4276PwgurTE3X05lyEC2dx_g0KeMFWUicSXlF8TVMxMgc1MHruahJNQ1hQ71HBGmDr8dZzgtQ,Charlize Young,https://play-lh.googleusercontent.com/-RSM3M6FOe4A/AAAAAAAAAAI/AAAAAAAAAAA/AMZuuclAU379uDJ3W8iwTY0EQXG6bnKCew/photo.jpg,I liked how i could do awesome tricks,4,1,1.1.1,2015-03-14 00:46:45,,
gp:AOqpTOGRfEjoPMNHnJ3QvcLZ7gsbg5fYff62ONzcf-b_BLLEhl0gLt6qRMoroRI4BWbjIamc9pJYlLsjiPOPrQ,Corey Druiett,https://play-lh.googleusercontent.com/a-/AOh14GhG99WAlUTGgK9QgwBmpjOEdiL-tO4r6HOLU911E00,Best snowboard game since 1080!  I would like to be able to make custom move lists,5,1,1.1.1,2015-03-11 23:31:48,,
gp:AOqpTOEAJ8nFwDrb-4hlj9aAGxHyxo_dp0AP0L5dcXrNWklBDJ90HVG8GhYr0UM-NLcxKF-wRZ0fYBEf57mt5g,jay see,https://play-lh.googleusercontent.com/-BuYdUTiygxo/AAAAAAAAAAI/AAAAAAAAAAA/AMZuuclY24AMIjPTVP_UfYZ8UN7NfTVqqw/photo.jpg,"Feels more like riding on ice than snow.  There's no depth to the snow and you barely leave any tracks (what little you do disappears quickly) or spray much during turns.  The jumps are gigantic (unrealistically, but in a good way) and terrain is fairly steep.  If you don't like the marked course, there are hidden routes you can take...but you're still always riding on crust.  The music is god-awful rap/emo mix garbage.   Game doesn't really inspire me to keep playing (but I already paid).  Now, if someone made a game called ""powder hound"",...",3,4,1.1.1,2015-03-09 22:01:25,,
gp:AOqpTOFIVxZHrQvdVwGLFoXtNWlDYACTEQ93sakKh-Wz0qKcy4OdqMWPQd4dO9DamUYCMaC5HGAAE68LqD06WA,s. Conragutltaion for radenig tih,https://play-lh.googleusercontent.com/a-/AOh14GidKRBZGBLJ1WjZwZOkH9beTqSU8kwa2rAntTo9dA,"I like how the game is able to be saved under SD card instead of device memory since game size is fairly big. I also enjoy how you can log in using Google instead of F.B only (like some other games). I would like to see these gentlemen make a mobile sport game where xtreme high jumps are focused on free mode with no time limit. Like high jump platforms in x games with ability to mod platform so there would be endless ridiculous high jump availability.  Anyway, good game.",4,4,1.1.1,2015-03-02 21:30:06,,
gp:AOqpTOGxKl0NSx5mHY37LlfN0lTnT6PQetPEkI0mIDO06QdtbDugJvlV-dQ3e7frlLzI5xhqntiWaZAkaS4vVA,jimi thing,https://play-lh.googleusercontent.com/a-/AOh14GjR1Iu-qyBktiRGwr3vjf4DGjcNJ459F7QDjugX,Fun to play and good time waster,5,1,1.1.1,2015-03-01 19:16:06,,
gp:AOqpTOFholm5ySp0jT9Kyh44-RmWI5efc4bahxKH0oydEaKGR7fhVoJd-O_e7sS5t_b72o8MHXdgt6E8f-x_lw,Ian Milliken,https://play-lh.googleusercontent.com/a-/AOh14Gh88vdFNNVeS8KC6uV587E4J8mro22f0P1_d83yWw,"Awesome game, lots of customization and upgrades to unlock. Fun gameplay",5,1,1.1.1,2015-03-01 13:56:33,,
gp:AOqpTOElkS2H1MJl0ucm68zCvhCrCNoRERb9y02UZaNN2T2jApi7CEIIXFLj-xKZgIeELlmbgyCT6R6vB9GOlA,Dharmin Majmudar,https://play-lh.googleusercontent.com/a-/AOh14GjVg5TzxzYIqiehxWT20VjC5fYCEWrEbFdiTGBpSQ4,Love the controller support!! Makes the game perfect. But why don't I get the achievement of 5 freestyle sessions completed even if I got the one for 50?,5,2,1.1.1,2015-02-27 13:36:59,,
gp:AOqpTOEUOy5O8FZF6jn6YDJusivEBS8SJKg8PlMaqandThQDJj3OP044Ee2PX-RLWiSeHu5Cczo88CDtJKqy2g,Kai inferno,https://play-lh.googleusercontent.com/-XqTfqq4kqms/AAAAAAAAAAI/AAAAAAAAAAA/AMZuucnk7w0ZW8mkByy_ozNMIfTtD2DKaw/photo.jpg,Great game but as you get new boards it seems a little glitchy. Still its awesome,5,1,1.1.1,2015-02-27 08:33:16,,
gp:AOqpTOHTTkig1h3uYYJQGCGHoCVQGszgnxiFIi0RXe_zB2ZEbHDYAIuTUY3bLg3nOwl7GNkI67WRgPOLfE6Hog,Justin Tocker,https://play-lh.googleusercontent.com/a-/AOh14GjI-yEWeDRao6GxpvquBWU9L6oVDjLhzpIFk_GOQw,"You earn points so slowly to unlock extra things, you basically have to buy the app and then expect another 4 or more dollars just to get the riders you want. It is fun but honestly sucks that you have to pay so much, the app should be free with in app-purchases",3,2,1.1.1,2015-02-26 16:16:47,,
gp:AOqpTOFsD_DrSvhmwX6fTq-NADNyK0srTdO54oka45oyqTh8tB1Mo68wjJTITt_3yJBgwqN2jcmMYJQhaD9q8Q,Striding Wolf,https://play-lh.googleusercontent.com/-QecZtzyzmWE/AAAAAAAAAAI/AAAAAAAAAAA/AMZuucmKUQfY7BicEWVt_kT2ekvWsyhpDQ/photo.jpg,"Pro's: fun game,well made, shield tab controller support. Con's: expensive IAP even though its optional,feels bad as paid app.",4,2,1.1.1,2015-02-25 15:52:32,,
gp:AOqpTOGPLM7G_Ab7dBNn6KwzMbmO7V8fzqqeS_Oz-LaTZIjxWLWQ7pF3uEPtwo20fchkaNOsXa5Ebj6u5_D_6w,Gene Raskin,https://play-lh.googleusercontent.com/-I9e6IC2zuEU/AAAAAAAAAAI/AAAAAAAAAEc/AMZuucnoYWbFN5J2Bw_NEZjodF-i9ZQ8mQ/photo.jpg,Great game,5,0,1.1.0,2015-02-24 15:44:06,,
gp:AOqpTOGA9FEYeDe38sGJR-NSXv6G4iqadmKUHqNlIFXAAtbUKExv9-FOqxWfOKdYzakx5CkC0BlssRrbAmAmqA,Solo Ripper,https://play-lh.googleusercontent.com/a-/AOh14GgRjPBrA07rxxAhOQOWMdUmOlalqa81e4v4DiiRvg,The only problem is that it seems a bit slow. Is that just how it starts? Also I would like it if the tricks weren't performed on the analog stick. I guess I could just get used to it but all in all we finally have an amazing snowboarding game on mobile! Edit: Just wanted to request other styles of music. Emo is horrible and makes me claw at my seat. Not to mention that I'm looking around hoping no one thinks I'm listening effeminate emo. Lol.,4,0,1.1.0,2015-02-22 08:46:52,,
gp:AOqpTOGD176AxVVpZ3sgf9ZyD7sMs9DT5L6MIMxIavTk3Fm-z6rJ856tT5L-1xL6RB1eBEtTPhtrnXjwlrYxqg,Fred Tuputupu,https://play-lh.googleusercontent.com/-dcP9P8dNi3I/AAAAAAAAAAI/AAAAAAAAAEs/AMZuuclMd_1hrDT4CdmaTTZou3t7KizU9Q/photo.jpg,It won't let me download so I want a refund please,1,0,1.0.13,2015-02-21 22:10:35,Please contact us at support@ratrodstudio.com if you are experiencing any problems with the game. Thanks,2016-08-29 08:49:11
gp:AOqpTOH1nGHlQIn_uSsbccbUtmXT1gXYFJwx2YinuXnslCWgaV34TQP-v1IpuCP-f3g3SlROxbrfTn9BU9QG_Q,NikSlickCanadian !!!!!,https://play-lh.googleusercontent.com/a-/AOh14Giyjq9ebKs6gQ3Z6mTVUWspEYkPiCll4BPEEJDJ,The best snowboarding game in the world,5,0,1.0.13,2015-02-21 08:49:35,,
gp:AOqpTOFRo-c-tHRrj4eREXeTvDEic-y9UB9EYkiIr-V2gDcogJAo8-pJAhhfM28f2xZPSr9G4BrOzNdH1FI8XQ,Logan Campbell,https://play-lh.googleusercontent.com/-kdDpwfDd6o4/AAAAAAAAAAI/AAAAAAAAAAA/AMZuucnlB-qkDEkQbOYZHM3GEthQp7l79Q/photo.jpg,Great control great graphics! Shredding the halfpipe is so fun!!! Love this game. Best snowboarding on droid. Just get it.,5,0,1.0.13,2015-02-20 03:50:20,,
gp:AOqpTOGNn49JIpSo524H56geGYD4bIpwGbvPJBhLQ8fOQ2NUdXUS42IA7k4NmyV9cvGy-BM7d_HtiZqzHELXiQ,Evan J Badger,https://play-lh.googleusercontent.com/a-/AOh14GhV0trMsf566DgrB5WgSsy7Mhox7-4usTCn9e40mg,I love it it is amaizing,5,0,1.0.13,2015-02-18 17:38:51,,
gp:AOqpTOGr6-BykZhwQJ1jgrGygCJdb5V1o95nIoNlUvLDNdjCuuexnetFjan6znT2k9EHzbwldib2AH1kBJBLmw,Samuel Engwall,https://play-lh.googleusercontent.com/a-/AOh14GgimKAXt_fKqrIDUkyDIXoGv5UgSsfkekKmU2QFCw,Reminds me of TH pro skater.  A lot of fun to pass the time!,5,0,1.0.13,2015-02-18 14:06:33,Please contact us at support@ratrodstudio.com so we can help you recover your content. Thanks,2015-02-18 14:02:40
gp:AOqpTOHdJULfb2-BiISD3IY_B_Rozr9Dcb4NJZKc5LCM0oShctghKNwddM_YFuhAC0imx-5tBdJJ4MYXNZqNRg,James Morrison,https://play-lh.googleusercontent.com/a-/AOh14GjwbN0_dFADd2beFRe2Rf138AUOzncCu0NSGw7lnQ,"It's a great game,huge untapped potential.... ratrod made it possible to snowboard threw a heat wave..great platform setup more buttons.I absolutely love the game as will anyone who purchases it. Needs a few tweaks,finer mountain detail,tricks and alternate techniques!other than that here's some  things.like a more open world mountain,career mode-instead of the freestyle mode,make a free-ride freestyle mode untimed,and a more interactive mountain thank you ratrod.....",4,2,1.0.13,2015-02-17 13:25:21,,
gp:AOqpTOGKLpBn6-ienW9hMAR_UUXEXuO0EHPizgT57uP8ERnZsf25t5j4lkW-BNC_z5zi9GmpQ-uCSoGP8ErPXg,Kyle Morgan,https://play-lh.googleusercontent.com/a-/AOh14GjbEeSvm_pqXXmkpkbSGdSj4yJGIbRjEBInXUyKTg,"It's my favorite snowboarding game since, coolboarders & 1080. If that helps at all!",5,1,1.0.13,2015-02-16 20:48:15,,
gp:AOqpTOHnbPXOpK2RuPvcEnUfBaueh9bldC6mY0Hgbyo-oaVe_8zzmn1iy7qoyQkBMLfRGSWdJDq51emkTW0Wng,A Google user,https://play-lh.googleusercontent.com/EGemoI2NTXmTsBVtJqk8jxF9rh8ApRWfsIMQSt2uE4OcpQqbFu7f7NbTK05lx80nuSijCz7sc3a277R67g,This is hands down the best snowboard game in the market,5,0,1.0.13,2015-02-16 11:52:01,,
gp:AOqpTOHh91elqDNWHvcH0kAQPlC3N4zmS2Zv0zKwnSGtU2Z3jkDey8lguKdB9K2u4RKJokBw0iVzqoQ6XhATuw,_turbo_spool,https://play-lh.googleusercontent.com/a-/AOh14GjlBlceoRX3PZFojtNemDnULCtecH98Fp6zlWBE3w,This is how a game on high end smartphones should be,5,0,,2015-02-12 17:35:19,,
gp:AOqpTOEFS4CT8fGqFwOFiTR2jTgsqd4psxGVkJHafFa5xVzHiKx9P-FQzS5LF7BeIphszKE5CwSlJuW48tG2Ug,chijioke Ifeanyi,https://play-lh.googleusercontent.com/a-/AOh14GjMcEcXe2gKs1jGh9b-9giJzVjlJZ1F5y9H_L6V,Good graphics nd nice gameplay!!!,5,0,,2015-02-12 09:05:02,,
gp:AOqpTOEr4qgEuuiExy-0xRRQi8v_nM6P45wVPTRAC6QtEbGXdvLMi7YvnyojoeXBYAYjETMtDm1-YAQBow9UnA,marc cristiano,https://play-lh.googleusercontent.com/-2gRrccYT5jI/AAAAAAAAAAI/AAAAAAAAAAA/AMZuucmKMoIikfS4ES2maAuj8Ww095pV_w/photo.jpg,More levels please........,5,0,1.0.13,2015-02-12 04:35:15,,
gp:AOqpTOH5wz3i5XnNz0jnVoo8-l45opOxTZaghE4ZGEUeftaWDEHpNgNbm-Sy7jI_AxwEpk10epcvIRKpRVYgLw,Ronald Palmer,https://play-lh.googleusercontent.com/a-/AOh14GgUc5XAULLOVdJ3moEUxGnHFvwBRrqsoaH1ifTBSg,Do you even?,5,0,1.0.13,2015-02-10 15:02:17,,
gp:AOqpTOEhwsYICMp-7HvLq8g_Acjt_YU0M2Eg3o53RpwG7wkQ4jNq-dZhVsprGWwsOo4mrFcuWSqXK-33UABICw,Thanayots Prachuabmoh,https://play-lh.googleusercontent.com/a-/AOh14GhZDOztOa3IomcSHP8fdzXnNNRart1fcaf1CCYp,"just like that nothing to say much, just install it and  try it",5,0,1.0.13,2015-02-10 04:59:15,,
gp:AOqpTOHuxB2H3gb7YW50hA1-ustIdmShUl-2etbP4qhweyA3t4z0h5CEbcLM3Mprw6veG_dXEEGLvA__5PD-Tg,Whitebearpaw,https://play-lh.googleusercontent.com/a-/AOh14Gg7nyLGwKGacQ9FmVJcdfimYNEGaJ9xJ0Uou0K2Eg,Graphics are killer! Having a lot of fun with this game. I'm addicted......,5,0,1.0.13,2015-02-09 21:56:04,,
gp:AOqpTOFXeu1TCSFb1fHreMnltdStqEG-2l3UD26_NNEXsbZkMXXtERqJqxmSUY6piwp8Wr-cEDlisU86U3iRXg,Brandon Stricker,https://play-lh.googleusercontent.com/a-/AOh14GjEJox0jtwRoOmLlYMvKtQTc68aSEARHcDpUrIg-w,As of now my go to game. Note 4,5,0,1.0.13,2015-02-09 17:36:02,,
gp:AOqpTOFgmPDBupJO-HXvbfuAoAdV5ucNdn1ECEbeOR0-1dNQeMdDImZx6y51iQTEeQzXUfBm48-dtTMnHO6aww,Jordan Wiles,https://play-lh.googleusercontent.com/-tZNhOgm6ReU/AAAAAAAAAAI/AAAAAAAAAAA/AMZuucnQ2GLMt1WAlp-npsL8Bp-ERi8U3Q/photo.jpg,"I wasn't sure if I would like this game, but I found it to be so much fun! I can't put it down! I would like some new characters, outfits, and tracks though.",5,0,1.0.13,2015-02-09 15:15:33,,
gp:AOqpTOGubD2YVoTcFivPOmzfyVJ4U_XVdDFWLzf6niRdmqRc8vqDcBxlmaefNJ6LaWFQXhYMvdc80YA9dmRTXQ,Edward Pollock,https://play-lh.googleusercontent.com/a-/AOh14GgNle_nMA3d_oQH2jY34LNmwo9c5CsM3MxvgN6SPg,Sometimes it doesn't open but the actual game is great,4,0,1.0.13,2015-02-08 05:06:02,,
gp:AOqpTOEnUURzzuSYVU_-kfSn_TnsKqYayvKm1YNi0X_cXXwgcnVH7stu9xX4Mfmzwux5ZzhAdfmRin636oeOEg,Zachary Doehler,https://play-lh.googleusercontent.com/a-/AOh14Gjg2GiYfTZ3h71eQlaYJnKXCHo6GpRQKhBKbdbSdQ,It has no immersive mode and having immersive mode is important to me because I hate the virtual action bar when I'm in-game. So please add immersive mode; then I'll totally give it 5 stars.,3,0,1.0.13,2015-02-06 22:47:25,,
gp:AOqpTOFLgeCQ5lr-Qzh6U72Zqm-YzuZicsaqAz-xaYCE-0NqlxGSXzc9Gasrp9KV7jypYM8xLptBBPtx4JbkWg,Tyler Camelo,https://play-lh.googleusercontent.com/a-/AOh14GgT5EFcwfhQG7VqzBWHB0Yw8icx1t_CZ7VMXz-4,I think that this is the best snowboarding game ever plus and doesn't glitch and there is not Manny glitches,5,0,1.0.13,2015-02-06 14:37:05,,
gp:AOqpTOHH1tDraOfaOfU0sE7QGVEzOWIcGfFxKbUEuGHvg8oFHLOCJ3IYSCA2FuFlHDhUGAv1qAiSz-hbkerRig,Max Power,https://play-lh.googleusercontent.com/a-/AOh14GjvCGaFa_Gxt3KQP7z1fZM_vkmC8IKXby8r0VeKtg,"Riders should come already totally upgraded. And the moves could be more complex. Overall though, very well done great graphics and I find myself coming back to play daily which is key.",4,0,1.0.13,2015-02-05 07:04:09,,
gp:AOqpTOFrj8rIR7Y4WPlVzvqSpyN_uoIHtHL-pLIm-yNS26gaN08X05fbb6fXosZ6yLnn1A4-F4l_cQrAAvYzyg,Marsh C,https://play-lh.googleusercontent.com/a-/AOh14Gjwa7mZ1ZeL1Wjx3ocjsUM8A11DXIl_OHvBDb3G9zY,It could be better though.. more customization. Ability to buy more outfits and perhaps add photos to your board or create a board. Create a character. Also please add a save replay option and personalized audio tracks. Also Multiplayer drop,5,0,1.0.13,2015-02-03 07:00:10,,
gp:AOqpTOHxQr2-izpODuEWg9YGrPrNhSgJv3U1LFubGQZBln2jCkjlSb0P4huJtab4365693LShH8T8BUnCtjrQg,pablo lozano,https://play-lh.googleusercontent.com/a-/AOh14GhLrzX_g6jeBraYgylwW7_jep_2Cr_Kmv7gRXcABQ,"This is the best Snowboard game since 1080° for the N64, the graphics are good and the physical controls work perfect on my iPega-PG9700, so I have the best gameplay experience without having to configure anything. I still have some problems trying to understand how the ""balance"" button works, but everything else in this game is awesome. Kudos to DEV team.",5,7,1.0.13,2015-02-02 06:04:05,,
gp:AOqpTOENKOz7-0QnHgzZY_QTbYdfTLh9N5MC_FT9CkIAy6a6NJpP8ZFHnh6ptd955F1gDRIdsbZNDf4hE5Hkcw,jeff gartside,https://play-lh.googleusercontent.com/-gtS1cwQCCIk/AAAAAAAAAAI/AAAAAAAAAAA/AMZuuclZ4i_wKaeJ3vzNPRiBJv-59LhCoA/photo.jpg,Good graphics,5,0,1.0.13,2015-01-31 20:02:33,,
gp:AOqpTOEsI_Y_-WsnzGNLIyxvZeSNacEj2Sgx4y9tFK2OXNo_I30Nvty2K2PVo9eBCqa8NsMVS2ocQlLyv5WCoA,Eric Goossen,https://play-lh.googleusercontent.com/a-/AOh14Gi09dhX3WudnreV__BAxVmleL656x1UyVpnXXnilA,Never thought a snowboard game could be this good; however it would be sweet if you could select different grabs for different controls.,5,1,1.0.13,2015-01-30 11:12:15,,
gp:AOqpTOEA0776102q0fyUsvKw7j9YbLNR3veN5IRAP-JLRn6bng1p92aPHRwHd6cgquaYAR7Jl7Z2K-1Gv_SH4w,Franky Martin,https://play-lh.googleusercontent.com/-mayfqbn80E8/AAAAAAAAAAI/AAAAAAAACOk/AMZuucmgGsj010dEHg9j6IpH4nnEDX_Shw/photo.jpg,"just like ssx, awesome.",5,1,1.0.13,2015-01-29 23:23:57,,
gp:AOqpTOGF_E-rQp0KO1DrCl9oTttLdw2RS9LR_vDEWc3fERjaqTjblht1TygJXp08_W25Nk3Rd8Qiy1mlvSm0QQ,Ryan Aduskevich,https://play-lh.googleusercontent.com/-WcuuESYoGWM/AAAAAAAAAAI/AAAAAAAAAAA/AMZuucn5lXu1OyIwYVtgmFptr6AaWgD2kg/photo.jpg,Best snowboard game,5,0,1.0.13,2015-01-29 21:17:13,,
gp:AOqpTOGgihmy_mRHtYyzEAROr7160nzy6QIsbOY6_IBy9ZzZLMTreb3xoPr0bVNXuq_397zGawwLgdCzn0k64Q,preem showandprove,https://play-lh.googleusercontent.com/a-/AOh14Giet-0KeKoGoo2F_Lb-wYebRUYGxe_EIYXfhNRp,This game is extremely addicting. Please add in a Save Replay feature and possibly more gear for characters. Good job Ratrod!!,5,5,1.0.13,2015-01-28 20:49:46,,
gp:AOqpTOGShgBx-6ScOliD6ZBpsINBiH55YfNq1E5jB_9wQjxxSgz3uFh1_TzP9ZAIpRzXLmKSU7fxKmFzIEixYQ,Sahran Noorani,https://play-lh.googleusercontent.com/-V8EYRi0e9dc/AAAAAAAAAAI/AAAAAAAAAAA/AMZuucm6_hUuebWMq8-uwM6hBraHv_MtLA/photo.jpg,Best game in snowboarding history,5,0,1.0.13,2015-01-28 18:15:11,,
gp:AOqpTOG0iwRHlNImzzY9DLZqYHRo49Fo3kD3suXTVVxUt4oFbxrLFJxoISD29iqdjalPmQIT4o69IGQxeLecfQ,Jeremy tutt,https://play-lh.googleusercontent.com/-J8-GpsPVS7Q/AAAAAAAAAAI/AAAAAAAAAAA/AMZuucmessiBJhPtPO7P66sc8OuvylWZKA/photo.jpg,Great game awesome graphics runs very smoothly. Please can you add skiers ?,5,1,1.0.13,2015-01-28 12:14:40,,
gp:AOqpTOHcpQHitSZOSBH5Z5Xpdrh3UU8KcL7PP9KJbSU6dUvm1F8XG5S5qjBekIf2ejmbTPLtyWRJcOEgGNCZ0A,Sachin Tankaria,https://play-lh.googleusercontent.com/a-/AOh14GhL3hpYmvEcKQphktmklEd2D-3GuKLfpL9b_GTQ-g,"Amazing graphics. Brilliant game, tricks and levels!",5,0,1.0.13,2015-01-26 08:27:01,,
gp:AOqpTOFJ2ab4grmHLVolsE4UDp-ES2MVXImo7WfoOq9ITDG86GVLQ9YZ2OtDNRGd0ALidTHFycxwztn1N92b3w,Carlo Ioquaniello,https://play-lh.googleusercontent.com/a-/AOh14GhIXYNR_fC7R4TFiQXdIw1GbK8xxllCMCQALkoS,Well fun good to pass time,5,0,1.0.13,2015-01-26 07:13:58,,
gp:AOqpTOF6evP3yDfTk7p-xN_HLbig5d5Fja9sO4ElaBZsWxwN3kpHIwrF-igZ7xd4OX-_AeH4056NzResjOI1QQ,Clive Potgieter,https://play-lh.googleusercontent.com/a-/AOh14Gh5fITJ9S58n2-t7VxK4cjt320ikSAYvbfVlcqrmA,"Great game, good touchscreen controls and excellent graphics",5,0,1.0.13,2015-01-26 02:44:45,,
gp:AOqpTOGmK3VBHdnn47CEVgNYMfjNvkFkHc1qhFatFAtYN6IXsaJAN4n4qV5SQ8llk0Wpbappym_TGVQ23BBODw,Hugo,https://play-lh.googleusercontent.com/-8OA4yM4Hpi4/AAAAAAAAAAI/AAAAAAAAAAA/AMZuucloC3rcl0KauC415osY1BzFZG_MCg/photo.jpg,Best snowboarding 🏂 game ive played!,5,2,1.0.13,2015-01-25 15:39:51,,
gp:AOqpTOEta0sX8_0FfmCAAm-NxysIPfh5tFYGev2xpXsLoTVr-xOVvg0dK_YbfdXS2tyeSbMWNwVByviSMY0ZWA,Iatebarrys Barry,https://play-lh.googleusercontent.com/-kxj6Rnl1AQw/AAAAAAAAAAI/AAAAAAAAAAA/AMZuuckScoBXd2iG_SJTiV71ECqsizYglQ/photo.jpg,Love it,5,0,1.0.13,2015-01-21 15:39:27,,
gp:AOqpTOFVjuwHU7SY2F6qGEIG6zVpnNW_AKRySh6-X88tibyNcrf4aXZEm2wixF35dLCpMHhvnAlUImgNmAYl4Q,Dan Woodward,https://play-lh.googleusercontent.com/-W085gjvwWVY/AAAAAAAAAAI/AAAAAAAAAAA/AMZuucnwQEtGh-MnyRsGyqVCyy68kcv-OA/photo.jpg,Great game. 5 stars if it wasn't for the fact that multiplayer constantly drops your opponent and doesn't let you finish the run or win the match,3,0,1.0.12,2015-01-20 12:35:06,"Hi Dan, we have a huge content update coming up in February. This issue with the multiplayer also has been fixed, when opponent disconnect you will still get your points :) Thanks",2015-01-22 06:38:47
gp:AOqpTOFwoFma3nfWJdO0ey9kxi2y_DTJjraha4XXmk44fuNA8IXmMTVHGKHBBa_q2Znaf5j38lhydhKPt0ooRQ,Christopher Pearce,https://play-lh.googleusercontent.com/a-/AOh14Ggcn08cbqntI8lvC2tCN3luHlUK6D_ibrTgnMWr3A,"Cant believe I paid money for a grind game. you pretty much have to pay big money to unlock anything good in the game. Such a shame. Would give it 4-5 stars if it was free to download (devs, if you're going to have IA purchases for a paid game make them exciting things like super spin or fun maps, not more experience)",1,4,1.0.12,2015-01-20 01:10:44,Please contact us at support@ratrodstudio.com if you are experiencing any problems with the game. Thanks,2016-08-29 08:49:54
gp:AOqpTOGkd1q7sE45bRSw3Hd8NmoiQWTJhA3Yt67P49iJbLk1hKDFRcgDlsZzGBKlQkgrAWkV8QE4q4irHWDxLQ,Stephen Baker,https://play-lh.googleusercontent.com/-xWK147H-CH4/AAAAAAAAAAI/AAAAAAAAAAA/AMZuuckhDItaMTgdp8-ucoCet4F65-hceQ/photo.jpg,"I consistently get to the end of a run just to have the opponent disconnect and I lose xp for all my work. Please get me my points by letting me finish the run even if the loser disconnects. Aside from that, great game. I'll give 5 stars if fixed.",3,1,1.0.12,2015-01-19 00:59:40,"Hi Stephen, we have a huge content update coming up in February. This issue with the multiplayer also has been fixed :) Thanks",2015-01-22 06:39:19
gp:AOqpTOFg6lFDSgummqh-bxlHSiVp0M2DX_gphdOPYzWjTI0hO31CwOKU21PVu3ZXWd_Lw3CRudVrqQdpI9cOCg,Brendan Wilson,https://play-lh.googleusercontent.com/-QNPHuwVylss/AAAAAAAAAAI/AAAAAAAAAAA/AMZuuclYjunMtySNBJ5dMdZRZJZhsue7YQ/photo.jpg,"Very nice graphics and experience system,  this is sure to keep anyone busy and entertained",5,0,1.0.12,2015-01-18 14:42:17,,
gp:AOqpTOE7sWUtsdk2GbkbtNcg4o5qIiWdxgrUiKF7XmUh86mxtmpiqGD6zbxvoHTE85muFneeVzlAtUvi2cRZug,Jerry Dorsey,https://play-lh.googleusercontent.com/a-/AOh14GgtaN5mc5A_pT_wh-O3HPUVj8kR9c8Q7o_e63kc8w,The best snowboarding game yet!.keep up the good work!,5,0,,2015-01-16 20:53:26,,
gp:AOqpTOH0U1ySAhkNWvTcth6FM1z3b1ZYqvW_e1NWz0uG7xZrDCkrm6xHwPwnJ67w3_VdgX6p69MwnReoC7LUcw,Hunter Bungay,https://play-lh.googleusercontent.com/a-/AOh14GhS5HlzhczvpwCqI1kZ0gTUfvSXT_gMndt3tAmTkQ,Great game but 300MB updates Devs? Incremental updates? Show us the love.,5,0,1.0.12,2015-01-16 09:45:14,,
gp:AOqpTOG6GdG2PlLggc-84I1Sc7gztcHG8MCa7sQmfyAzLI2r5mn8gmXl9tXSwPk7mR_HwIJm56zmkUGaQx8xfg,Matthew Shea,https://play-lh.googleusercontent.com/a-/AOh14GiO1hpAMsUCBHvz7_fcqIDo4vhTp7QltQxTqrjscQ,Now that I have this game I am able to speak the lingo out on the hill.  Finally a great game with graphics that aren't terrible. BUY IT I PROMISE YOU WON'T REGRET IT!!!!,5,0,1.0.12,2015-01-15 17:56:05,,
gp:AOqpTOGWCMy7K-MlLltBLGaYxF6-KdsrmiWz5DNs8PdNiZUvNPh0vZMqLrP9jf8XiExwpNHC4dvXlwFgqzjRqA,S Moody,https://play-lh.googleusercontent.com/-sOw4RQcqb8E/AAAAAAAAAAI/AAAAAAAAAAA/AMZuucl3X5J6yFfZfYk9S0c6QwPqawiMPg/photo.jpg,Since the update it crashes every time I try to ride. Also happens with some other games now (arc redux) so not sure what the problem is... All fixed now since the new update so 5 stars again. Brilliant game.,5,2,1.0.11,2015-01-15 09:33:35,"Glad everything is working well now, thanks for your support",2015-01-22 06:40:47
gp:AOqpTOEQlYgBAJOXDSV0I9skAabGe-VZO7o1hPFx50w3d73OPV_Yzz2rcKgjT7wVLAbGP-1eNqO5rXi1iHyT1w,Matthew Malvic,https://play-lh.googleusercontent.com/-UNPOt14y7X8/AAAAAAAAAAI/AAAAAAAAAAA/AMZuuclxFIhWfI8BQq98yXv5lo0vsC99mA/photo.jpg,"This game is da bees knees that speaks Portuguese. Its a great way to kill some time and go on a pow run, couple flips. You know makin' it look fancy. Great game to play on a moga pro. Download it!",5,1,1.0.11,2015-01-14 13:14:38,"Glad everything is working well now, thanks for your support",2015-01-22 06:41:06
gp:AOqpTOF03yn3TwKbPVFwW8OfxgfVJtVukTOPKeFhhy4NHb6Zaee86cGXD_956kfnWV1-3j5Q_v7KHcpV38Euug,Gary Storey,https://play-lh.googleusercontent.com/a-/AOh14GgUCd0-oVt4I0WIkXBGEium-nkKAwEp7vOFtMTh,"Good game but had to un install. Received a bug that gave me the ""point lost"" followed by ""asdsasds"" notification in every game before I even did anything. Uninstalled,  reinstalled, cleared cache and lost all my game save data but nothing got rid of it. Shame as I was enjoying it.",2,0,1.0.10,2015-01-13 16:47:25,Please email us at support@ratrodstudio.com so we can help you to recover your progress. Thanks,2015-01-14 20:31:08
gp:AOqpTOFooeBez0NiyHJMhLt0IyjD_pYiClim0HtAcsTJAdpmu9ta3AdYOWpQSNu968nGDwaPrLflP2ywtUD94A,joseph kyle,https://play-lh.googleusercontent.com/-2n9cZgOUxc8/AAAAAAAAAAI/AAAAAAAAAAA/AMZuuckhTuy1-BxbqfbvGKOoJrBJQbRsYA/photo.jpg,I think you should add more music OR you should make it connect to the phones media player so we can make a playlist for our own music. Other than that I love this game,4,0,,2015-01-13 14:15:42,,
gp:AOqpTOEXfhrQOSxfMPPBeDJTjW7otijiz3sr0NbJgOPEzXQoTf_fc8lOFR665mEIsM8z21R02XG5s0ai2ZQgKA,Corey Lamarche,https://play-lh.googleusercontent.com/-bsopFK6vmOo/AAAAAAAAAAI/AAAAAAAAAAA/AMZuucng2C_0sfW5OHGLGREnO18WUexzoQ/photo.jpg,Funnest game in a long time.,5,0,1.0.10,2015-01-13 12:21:53,,
gp:AOqpTOE6LXviRpuNgcAJVlvREhqcsp_Dlgt5AvfnDD4rBT2tSA8z4C2DCd4buGocPyf13XO_-PURonvYtvJhxA,Travis Criswell,https://play-lh.googleusercontent.com/-sUbGW2ZBEPA/AAAAAAAAAAI/AAAAAAAAAAA/AMZuucmYZ3DHXpsrNUKREvMir5Q_6YSOmw/photo.jpg,Bought it and been trying to download for 2 days?,1,0,,2015-01-12 23:30:22,Please contact us at support@ratrodstudio.com if you are experiencing any problems with the game. Thanks,2016-08-29 08:50:12
gp:AOqpTOGyWeTAJ6woe_07_ywbTAR_tRbJCNdRIHUdsNX13T2h0ktmD4ywRRU6kcJ1FaLS_xj7H28rI9avM4EY2Q,A Google user,https://play-lh.googleusercontent.com/EGemoI2NTXmTsBVtJqk8jxF9rh8ApRWfsIMQSt2uE4OcpQqbFu7f7NbTK05lx80nuSijCz7sc3a277R67g,"So addictive, can't stop playing!!",5,0,1.0.10,2015-01-12 06:30:49,,
gp:AOqpTOGc2qZCjaRdVpKbMhC2M-OjFCaNZ7zRGoxmNW56N3YP4REDeAnnLIjNbZYlfU8TCy1N1ikcNaEpvSLIaQ,A Google user,https://play-lh.googleusercontent.com/EGemoI2NTXmTsBVtJqk8jxF9rh8ApRWfsIMQSt2uE4OcpQqbFu7f7NbTK05lx80nuSijCz7sc3a277R67g,"Its like playing a console game but on a tablet. Have seen other boarding games and they're more simplistic.. No depth. This one has better game play, solid graphics, punk music gets you in the boarding mindset. Like the goals and unlock able stuff. Graphics and physics could be improved,  but hey,  it runs well so I can't complain much.",4,0,1.0.10,2015-01-11 23:44:34,,
gp:AOqpTOHpmqKwxPRIMor_TjmHUkIkDprG0cUfjrAqjycEdmoDT8B9aT09W6vvwgvJFZHkwHMCMyhrbxcCksec0A,Damon,https://play-lh.googleusercontent.com/a-/AOh14Gist8eMuAEi1Y_UiuJMTau-LV6Uh4RHO0hBeVc1wUw,Fun Game,5,1,1.0.10,2015-01-11 19:44:26,,
gp:AOqpTOELGsoZt3WhDwEBqQA4UNgW2Lo3ESrv_E3IGTaZYDsEcBCecRTfEQW_7T9KhNl1DBto6rRFGolNxPjE8Q,Lexi Lizabeth,https://play-lh.googleusercontent.com/a-/AOh14Gi52piS5s-ZQdcGHFVGxhxhD2rJD0h3KJ0ti3i1rg,It is not good it is not bad it is cool.,4,0,1.0.10,2015-01-11 07:51:40,,
gp:AOqpTOHrfnATuC6lXv4lThjrv-8yFx74XlGUnrGBYKrs2rsRVLYqLhG6V0hz_z0pvvOznNiq3tYzZVuV0B4pzg,Jacobandtyler M,https://play-lh.googleusercontent.com/-eOi1wZrDCbg/AAAAAAAAAAI/AAAAAAAAAAA/AMZuuck_eT8vjduvb7dSDIvyr9An3v8QuQ/photo.jpg,This games is my favourite games ever!!!!!!!!!! I give it five 💎💎💎💎💎 if i could,5,1,1.0.10,2015-01-10 11:31:32,,
gp:AOqpTOErXjEISkVHdc0ovdIRjsCeKgoXF0ZKCrL4gmyEAR3HpB1kO5uAEg7-g6hawL0teeXmX0__EUZRGnzShA,Mike Long,https://play-lh.googleusercontent.com/a-/AOh14GiiNvFzyK9ixgqGad-tfhQCCdiglX3-9qzqJelazeA,Best snowboard game yet,5,1,1.0.10,2015-01-10 11:21:02,,
gp:AOqpTOHxHmzePxKuYtQRlQLBBKmm2iu1FMu2DmhspKE3FdcjEDwC4CcjDFX4k7RFRAik_MqSyr5yYlPdPXJkBA,Brayden McConnell,https://play-lh.googleusercontent.com/a-/AOh14GgryUKYTxGcuUjhSlM_-bwdhhxuWiAaYWchr8E1Zw,Cool,5,1,1.0.10,2015-01-10 08:37:27,,
gp:AOqpTOE4nw-YcACd9kztLkDowqrKSaHxvQLcv8H0Ov_O8-yT3HBA56p1Ob_DU9FvIartv9oQfsEEdTHwvnJx2w,Jayden Reyes,https://play-lh.googleusercontent.com/a-/AOh14GjCyBGkirfvwue6GccPjPjGgi97h4Ab4jEWblE5tg,Its awsome i love the gameplay,5,1,1.0.10,2015-01-09 13:19:22,,
gp:AOqpTOGE0DrpSvdsPq2IXAzemFzoC_NrebUlE5fb0qJK8yEugJWZF7f1xNUKcLjMV-KwoPhNdJTdi3xHpAQ74Q,Bart Saunders,https://play-lh.googleusercontent.com/a-/AOh14Gj6ucddnRGKr6MU31ZKk_v3M2-izhdVGeXlXfPuZqs,"1 more stare if split screen was added when installed on Android TV for the use of multiple controllers. Otherwise, very nice game. Works great on both my Nexus 6 and Android TV.",4,0,1.0.9,2015-01-08 16:11:27,,
gp:AOqpTOF8pA_Oa0LIt8yY-AQJlgvXEBJ4dfo0QsPPDNrTc_aI7ABHjxXiMlEyv-6pWFgRyzxDJekoxfjS1VZsuQ,Jason Nelson,https://play-lh.googleusercontent.com/-hghGD2qXTyw/AAAAAAAAAAI/AAAAAAAAAAA/AMZuucnLMu9GDupner-9mciNdQGVu31GvA/photo.jpg,It's beast,5,0,1.0.9,2015-01-08 05:10:20,,
gp:AOqpTOFl3x22CFUkEJDOkevJSdz5LNFrT0Cx-vB7X6et_suLg_ygoQlMxyDNs2w8b6UJJmoh31SI7kCUhSBmig,Nic Squillacioti,https://play-lh.googleusercontent.com/-jsvKKgvHKwE/AAAAAAAAAAI/AAAAAAAAAAA/AMZuuclU_F7UZqgH541OSmnfwMAqQ4vuGg/photo.jpg,Awesome,5,0,1.0.9,2015-01-07 15:44:09,,
gp:AOqpTOG92vOwKAI-b4ENU7S3hejk2Qx2JcxfHKtsyux5AuJCtTWI1fvy6SbN-QV6ia-bEXzxq6GlIDJel12XtQ,Oliver Rudd,https://play-lh.googleusercontent.com/a-/AOh14GgCYW_lSzCaL0xD5Y2Z_Fe9IR_vO_bqtlzLNnlvZg,Haven't put my phone down,5,0,1.0.9,2015-01-07 07:05:08,,
gp:AOqpTOEHf6CY44fa9ZI2s8ZdhW97Zw2VppIfWfezc1UrUjZYMYhzzfSebuiyLjkpcSUbLCUhVqAMUvP5EpjJig,Robert Holmes,https://play-lh.googleusercontent.com/-SJ5QTR_f4Bk/AAAAAAAAAAI/AAAAAAAAAAA/AMZuuck0D70IHXZHe65hLWH90a5CJEKLsw/photo.jpg,Thankyou for bringing an ssx esque  game to Android. This is a pretty awesome first venture and hopefully it will keep getting better. Just please try to add some computer opponents if possible.,5,1,1.0.9,2015-01-06 19:40:07,,
gp:AOqpTOGF9IbFxoYPDFeq4FteTHAChnINz7HafKI635RTiXc8ml0_sJ8bYpDLhiterMaWNr8ufgrRJAeHvyWEJw,cali kriscoe,https://play-lh.googleusercontent.com/a-/AOh14Gh0U0INvhsrj8MjQL25vCk-4ECii_cwXmehZTZP0A,Remember 1080 snowboarding in n64..?..this is all that plus some.,5,0,1.0.9,2015-01-06 19:30:04,,
gp:AOqpTOGoHmpwZSJf4NBPTkNdJlCiUv0U-CvEnNuIDjj2Wx2jiW_Zfv0lKqIdmRRT6eP8vaWRFDaPEspDNhvfQA,A Google user,https://play-lh.googleusercontent.com/EGemoI2NTXmTsBVtJqk8jxF9rh8ApRWfsIMQSt2uE4OcpQqbFu7f7NbTK05lx80nuSijCz7sc3a277R67g,Too easy. Each track is basically the same but with tunnels... The launch system tells you to push a direction to preload the spin. But once in air if you press another direction your boarder will now move in that direction... Making it impossible to get to other grabs and continue the spin direction flight. I don't usually shoot down games. You can land almost anything. Goals give nothing to look forward to.  Definitely not a boarders game. Sure it's smooth in animation and feel... but that's about it.,2,0,,2015-01-06 15:18:43,Please contact us at support@ratrodstudio.com if you are experiencing any problems with the game. Thanks,2016-08-29 08:50:33
gp:AOqpTOGnZ-AQfga9YsmrTah4lAOWxDCWePJv6Fl4JYy80bgT4aID9sN-Jz3VoBzImPUvSTPl-iXLb0yv1m9Utw,Dylan Sullivan,https://play-lh.googleusercontent.com/a-/AOh14Gh67K5-ru_6eCb5XcZSCkSW__QEGvYHhMvEhyoH8A,"Plays well, not repetitive and not too reliant on in game purchases!",4,0,1.0.9,2015-01-06 11:15:13,,
gp:AOqpTOEUqds6ihiNcOubJjORDMXtSt34UNjmJIEt1PaHVY_x45eTBZgihalPDXQIqi2L5C9g5htXtfVZcTC26w,Rudy Campos,https://play-lh.googleusercontent.com/-O-1E4t5VNag/AAAAAAAAAAI/AAAAAAAAAAA/AMZuuclN3aIlyDEC0m5GFE8QZ5RNBxl4uw/photo.jpg,Awesome game,3,0,1.0.9,2015-01-05 13:21:20,,
gp:AOqpTOFMAOxxs_YKfRw3NFTShyq-dbabGQRhJKmYqsxurRjuXJiCmfQEeizGHt02J6waXTZg83QG6A1ez_gjPA,Kam Wall,https://play-lh.googleusercontent.com/a-/AOh14GhhVZdkF_X1dUZiARo4LEfEaD7V7Dd8-12KWDPGBw,This is by far the best snowboarding game on the mobile platform.  The graphics are great and the gameplay is fantastic.  Also the developer is very responsive with any issues.  Looking forward to more from RatRod studios.,5,1,1.0.9,2015-01-05 09:03:14,,
gp:AOqpTOHg8N4F6oF0y07tP3cVNL4wUABmiQ9Vd74Z_xbPmJ2pU3CtzsepWmA94w29G5E1L1Fjh5NJLo89rsFlZQ,Victor Morales,https://play-lh.googleusercontent.com/-y5e0vwoJhvg/AAAAAAAAAAI/AAAAAAAAAAA/AMZuuclwtI88s4h5I_g-CNDU4PY1h0XPDQ/photo.jpg,Its a goo d game,5,0,1.0.9,2015-01-05 00:55:55,,
gp:AOqpTOFvFDA1FSJIZIUeoO8R-Ptqq2JTWApjzbw5nlsi1Kev4zAFkR0sYq-80ymmt-0PdXZn9MCOYzPRZYVxeQ,P S,https://play-lh.googleusercontent.com/-_2uGL7FJL8o/AAAAAAAAAAI/AAAAAAAAAAA/AMZuuclt9qxejYGpihCSSbHg0G4xpLZLiA/photo.jpg,Best snowboarding game I've found. Terrific physics and realistic animation. Had crash issue before but update seems to have solved it - thanks Devs!,5,0,1.0.9,2015-01-04 12:08:10,"Glad everything is working well now, thanks for your support",2015-01-22 06:43:47
gp:AOqpTOFBFQ5r3Hm5Ug_PDLWvCHIuAHMNT-_stCQ68SlXO_MXsY7k9jH8Oi3rrFrIXLGFG6TzX18dK3e3GbKBYw,Sean Meston,https://play-lh.googleusercontent.com/a-/AOh14GjI6zF_NjbNDnMpWHtD3Qc953EMp5LZMEnL1nlyIw,"Initially started off with an issue witht he start up just being a black screen, but since the update, Snowboard Party works a treat. The graphics are high quality and smooth gameplay. The customer service from the makers was very good and prompt to help rectify the problem.",5,1,1.0.9,2015-01-04 10:31:38,"Glad everything is working well now, thanks for your support",2015-01-22 06:43:56
gp:AOqpTOGE0oUpXy53cHuvhSnBzlFnrRMH3Yk2JqBvL_D9WUIdVNGHaDOmuKJtQd5Su5snwV3dLhuZFNAh4CG5Ow,Tammy Williams,https://play-lh.googleusercontent.com/a-/AOh14Gh2j9rkFQH6ueOcof8YQitflN970nmceCq5MRcn5Q,Raw tricks,5,0,1.0.8,2015-01-03 23:46:38,,
gp:AOqpTOHtm0AR5xQUc5i71pKYPCBhgkO6IzNstndgWtFKihWWW4TXv8kzYK88Wa-KB5JStDz3GtcCr3oCOh5uOg,Lamou Mbugua,https://play-lh.googleusercontent.com/a-/AOh14GgC1Q12iREC0e4TjTeDiRIpyGQa_ntm944ROu03,But it takes long to download. The graphics are amazing but when your about to go on the rail it makes it seem like its got like a magnet on it and I didn't get my money back when I deleted it,4,0,1.0.8,2015-01-03 12:32:11,,
gp:AOqpTOES1PxAgZp1IMwvh54Ez18aQ2Unz9KiN6JZyfhCPL7gF1r3MKW4sSQkY-urntppSwexWW46y6snldljUA,Benjamin Walker,https://play-lh.googleusercontent.com/-Ei-wpVHlAFg/AAAAAAAAAAI/AAAAAAAAAAA/AMZuuclxOntRi4VVr-6Zi5c6vVs17G4C-w/photo.jpg,Awsome,5,0,1.0.8,2015-01-02 19:06:35,,
gp:AOqpTOHhNt1k6QIRTRIEOgZRqtCI6cj7hrmtaqg9vCYvJ6qCD4d93XO9PQLep1qcMVS8vQ4PbMG7n8MY9UT0FQ,Mason Tryner,https://play-lh.googleusercontent.com/a-/AOh14GgWamd0Y4Okr6as2yY981WivqLZdDrvcoYtio6NIA,Best snowboarding game on here,5,0,1.0.8,2015-01-02 13:54:50,,
gp:AOqpTOHeqoo1k9zF9-v9U-X9oCxqxBl-qSyZxEwnDZO8Rgx0WiUrWnz-UUb-5FGiY1adHOUGcjwj5tjgS36oBQ,Khaled Al Sumait,https://play-lh.googleusercontent.com/-doBHUm32Vds/AAAAAAAAAAI/AAAAAAAAAAA/AMZuucmiLl82uvrZVbL0cxeYq_e_az2QVQ/photo.jpg,Thanks for making this game on google play!,5,0,1.0.8,2015-01-02 10:01:16,,
gp:AOqpTOG4HFMwDe_yFRuhS03EtzS00eCkfgtBlpJusbWkr4wbOsm0T5mySyzUD1dmYt6jRgAX5AR3vcjdx7yWBQ,Max Herubin,https://play-lh.googleusercontent.com/-okHHQlppr1s/AAAAAAAAAAI/AAAAAAAAAAA/AMZuuckc4f0YJBqobo2onCvcPImXe04NEA/photo.jpg,Easily the best snowboard gane ive ever played,5,0,1.0.8,2015-01-01 20:19:16,,
gp:AOqpTOH1f6lLs92m-l_4gLoETdx2Od6EppAJB3_oP6bCasXq8ajbJxSk8hwmIWJqCiJbSUmiEiHAESijuoBRcg,richard bond,https://play-lh.googleusercontent.com/a-/AOh14GgiqW-ZchX0VsiXdSWm8sF1JfrztXi1uAhqF4TfXw,Game,3,0,1.0.8,2015-01-01 16:25:57,,
gp:AOqpTOHQLe9_0DxwxMSaX4e4WetCbb09Ievusbm5djvFVD-h92BQq0zrr9mT1BDE2EUhTfrZcRrg--2-xtDAng,Tavish Crawford,https://play-lh.googleusercontent.com/a-/AOh14GhhX3mDeUseAJ5gm6RUkXLyUvbQtMnZLy7AeVkxoQ,"We'll, I'm burned up since I can't use it, I just get a black screen, same as lots of others, but I give it the 3 stars because I can tell that its a good game, even though I can't play it. !!!please fix it!!!",3,1,1.0.8,2015-01-01 01:27:35,"Try updating to the latest version 1.0.9 (2015-01-04), it should fix this issue. Let us know if you are experiencing any problems at support@ratrodstudio.com, Thanks!",2015-01-22 06:44:34
gp:AOqpTOELeJLn4dk-LY1dm_h5ww5F3RMiJN8KaVcF9OyAuBJ4LR3FCoUUqLmzlqftrNa1iyet6V46_Ti0wMskow,Jamie Caldzie Caldwell,https://play-lh.googleusercontent.com/a-/AOh14GgBWwygrLA6aE9alDtA6axMRawnAEWM0mB1WDy7Eso,Great snowboarding game.,5,0,1.0.8,2014-12-31 03:04:28,,
gp:AOqpTOEM6-C193iDOFlqn-DTm1bzy_JaS3N7UatZFUIgqOWlcvNm-0Gm8bGCkL27Afo8tX3UPcXk-Z7JhtgJBQ,Guy Krugman,https://play-lh.googleusercontent.com/-y1MTu5mT_yw/AAAAAAAAAAI/AAAAAAAAAAA/AMZuucnPRIuoqSA3ZTjyjayGMD46XsVtjA/photo.jpg,not recomended,1,0,,2014-12-30 14:00:08,Please contact us at support@ratrodstudio.com if you are experiencing any problems with the game. Thanks,2016-08-29 08:50:58
gp:AOqpTOHJ9JmruXEcOKhBYcQlJ17ugpdj7vqegdffIiywhIx7l_vNdfwDB2S81Ieico7kcfw_GO9b2qOLST6Fdg,Nate Parcher,https://play-lh.googleusercontent.com/a-/AOh14Gj4qCQivvAj7r5qzE2ZR2-w6w__wj8pOdGAErWHHQ,"Its awesome. But i really dont want the game, how do i get a refund?",5,0,1.0.8,2014-12-30 06:22:19,,
gp:AOqpTOFIbJROH57UkxCOYjFKMr7W8qFIbkGODEQiU444lmlAca4jRlICuhekWB2f-p6ziU4h7AjFRhiUkgQg7Q,A Google user,https://play-lh.googleusercontent.com/EGemoI2NTXmTsBVtJqk8jxF9rh8ApRWfsIMQSt2uE4OcpQqbFu7f7NbTK05lx80nuSijCz7sc3a277R67g,It will not load at all on my Nexus Player. I've tried restarting the device and reinstalling it. I see the Loading screen for a brief moment then a blank screen.,1,0,1.0.8,2014-12-29 20:14:08,"Try updating to the latest version 1.0.9 (2015-01-04), it should fix this issue. Let us know if you are experiencing any problems at support@ratrodstudio.com, Thanks!",2015-01-22 06:45:07
gp:AOqpTOEhzc-gYaD6Q6UCZgHvK7dL1GUjD6LSKaGH5woklPM8wE9hLl7wpslCWBPhYlLrDGa70IKRNtvhTNajqw,Marc Kingston,https://play-lh.googleusercontent.com/-1BQlpSATKIU/AAAAAAAAAAI/AAAAAAAAAAA/AMZuucn7C8itKnkUo0XYeVNoTQr335J30A/photo.jpg,The screen when I turn it on it turns black,1,0,1.0.8,2014-12-29 09:09:27,"Try updating to the latest version 1.0.9 (2015-01-04), it should fix this issue. Let us know if you are experiencing any problems at support@ratrodstudio.com, Thanks!",2015-01-22 06:45:13
gp:AOqpTOH9qPML3dG7i84Nv4_slXsOfRPf249wAv6B9a007QW0trbt3Jz6bsT6ZlgagBUrlJXS17SMbxtBGlyCfg,Olivier Michaud,https://play-lh.googleusercontent.com/a-/AOh14GiVCzJLJ_uBrbUW1SEeitu4hrLAib27urkw3IZp,Awesome game,5,0,1.0.8,2014-12-29 07:52:34,,
gp:AOqpTOHEu0uNCav6YxRYgTyTzfWCy0plkjQeZ8_B9Hun3w3WK7oL75hLH6ZHZRSl_DJlt4KoAhS5GeXKoaAPJA,Ashley Prive,https://play-lh.googleusercontent.com/a-/AOh14Gisx1sup0wTLrcYQTmYb8v13AiJn-ze58RsZdhBjQ,I WANT A REFUND IT SUCKS IT CANT EVEN LOAD,1,0,1.0.8,2014-12-28 19:29:53,"Try updating to the latest version 1.0.9 (2015-01-04), it should fix this issue. Let us know if you are experiencing any problems at support@ratrodstudio.com, Thanks!",2015-01-22 06:45:26
gp:AOqpTOGW57m_23Uh9dNaoDsfxvnYU01KbEEuTBTlaJhco4LMfuGKEJwkvZU2UGDNi7sgj8kzAiY_xPvJh6UBPA,Todd Haselton,https://play-lh.googleusercontent.com/a-/AOh14GhIkz62UKHBhiEE3LQ9684U3_kGfs1FF-zDhqnbhA,Also runs like trash on the note 4 edge. Uninstalling for a refund.,1,1,1.0.8,2014-12-28 19:20:07,Please contact us at support@ratrodstudio.com if you are experiencing any problems with the game. Thanks,2016-08-29 08:51:03
gp:AOqpTOHUBIMnpmn_Xpj7hw-FPUFJvZK3OaOIjT6jCBTt0f6bqAFjWnRSoxiHNwcVKJEAwYVVhBTkg9f7Khj7CA,Isaiah Mitchell,https://play-lh.googleusercontent.com/-mE019O0RHfU/AAAAAAAAAAI/AAAAAAAAAAA/AMZuuck-dC9H7SmptdHcDKpeJ47aOlU-0Q/photo.jpg,Its not working for my phone it gets to the part right before you play when it loads then stops.,2,0,1.0.8,2014-12-27 20:16:53,"Try updating to the latest version 1.0.9 (2015-01-04), it should fix this issue. Let us know if you are experiencing any problems at support@ratrodstudio.com, Thanks!",2015-01-22 06:45:36
gp:AOqpTOE9IM5FxuqeKUsNCixTIzqvwyMGswECq49Ny9RRZ7Sr5P8GJtDl1GRp71_3FlqMs4RmcJD1S4bLXsKHzQ,Nic Jackson,https://play-lh.googleusercontent.com/a-/AOh14Gj51_PMnORoXE4kGyNfF9Y51bJfEb_tBMa9lAJWh_Y,I bought this game on the positiveg reviews alone.  So far sounds great. I've been waiting for some high end Snowboard game to appear on mobile since xbox 360 days. Can't wait to try it.                                                      I will edit this review after I play the game.                                                              Update: Just like having Cool Boarders from PS1 on my Android. Awesome. Would be perfect with Chromecast support.,5,0,1.0.8,2014-12-27 17:18:35,,
gp:AOqpTOFCshPHFFo2K6fKoUGZdcbYNqJpCT34WozmWWHxqW7WMtEGUZVUR1QWdW7QSQBH6nFOVFfA-BHpwghbdQ,Marc Upton,https://play-lh.googleusercontent.com/a-/AOh14GhQ3g96s1qCgJn7zoxSFFKDaNb3uToHytkpkcMP7A,Nothing but a black screen,1,0,1.0.8,2014-12-27 15:55:34,"Try updating to the latest version 1.0.9 (2015-01-04), it should fix this issue.  Let us know if you are experiencing any problems at support@ratrodstudio.com, Thanks!",2015-01-22 06:45:46
gp:AOqpTOEkd5PAL3ATIITcefZwwKTXVeJN4UF96QbK3EEmcyDvNOLdJQqex3ply5PUSf3FqyTUctQ5mRI7WJStUw,mike g,https://play-lh.googleusercontent.com/-FgdmCpueDbw/AAAAAAAAAAI/AAAAAAAAAAA/AMZuucnkprsZVR0s5JzhSC6a4D5kxk6bkA/photo.jpg,"Freeze every 10 minutes,will be a 5 but....please fix it, is a good game",3,0,1.0.8,2014-12-27 14:42:16,,
gp:AOqpTOH8vBkgpNt7AMoq26flFH8BVRnriLsPPTeunoHea0EOVtqMkeyD_a7GhFt-IQdGJNirptieThgoj5PwIg,Lottie Hewison,https://play-lh.googleusercontent.com/a-/AOh14GhqLnHZaKQ7v20KI1bPkQfpIuTQODo55SSihSw_qg,When I loaded the game it just turned black and stayed black . Someone needs to fix it !,1,0,1.0.8,2014-12-27 11:27:50,"Try updating to the latest version 1.0.9 (2015-01-04), it should fix this issue.  Let us know if you are experiencing any problems at support@ratrodstudio.com, Thanks!",2015-01-22 06:45:53
gp:AOqpTOEQhzZQj-Fu9qIF8eFys6jQUHzTRjKxRjUIKN7xBtoIY9AO0UBhu2iNFFFigr25YAk4BbuPYqZkCFKNuQ,Jim May,https://play-lh.googleusercontent.com/a-/AOh14Gg5H7M8oTPwbv1U_RM8JmGlN7LStI6shH9G0UxlNw,Console game on mobile. Plays excellent on shield. Good quality and very well made. Edit -- I had to lower the rating because the game half way becomes a grind and multiplayer mode is terrible. Pay to win. Too bad because the game is fun and the controls are spot on. Now I am bored because the business model is ruining my buzz. Just increase the price of the game or offer a pro version. This in game gold (exp) is more of a scheme than anything. More event types need to be added and improve mp mode.,3,7,1.0.8,2014-12-26 21:47:22,,
gp:AOqpTOHB9XQD6DnF-Uj6QLxlQJnu4sxi7_Tg2m2UKL0jpwzSJ98j1V5YTGyJPWLn0PTjTyJqMAq-NLCWa1JorA,Azrael,https://play-lh.googleusercontent.com/-P1H2v9ucdxI/AAAAAAAAAAI/AAAAAAAAAAA/AMZuucks0HBa0RJpPa1qCBokT0cgQIfQBw/photo.jpg,"Easily the best snowboard game I've ever played. I have no idea why more people don't download it. Graphics are amazing, runs smoothly and controls are pretty decent. Catch some major air in big air mode, halfpipe mode and freestyle. Nice courses with the opportunity to get a lot of points. I've had it for 4 days and I am scoring over a million. Just keep playing online or offline and make your snowboarder awesome! Easily worth the money. $1.99! For endless fun.",5,4,1.0.8,2014-12-26 17:43:38,,
gp:AOqpTOHUD0UhlC5O8X74T5cm5MZTOUiFmt2G9v6toHc2WD_dvwTDyhuRN1rjEmVuknyTdGqsSmR906Xos0-TDg,Jacob Gage,https://play-lh.googleusercontent.com/a-/AOh14GhbTrUJUPsCuJ1hDgOBH2aAWchTb8sMcxVVamllyQ,I haven't found a truly good snowboarding game until this one! The money is worth it!,5,0,1.0.8,2014-12-26 10:59:50,,
gp:AOqpTOFPrbNTF7UO47kFdJbC7SbwPRI4h6n4hXmwNAmny-322z5gETMCqjyK4MKBeC3hcQEiDZwKU7ikNp-N2Q,Luis Figueroa,https://play-lh.googleusercontent.com/-C_uSEoJaWSs/AAAAAAAAAAI/AAAAAAAAACI/AMZuuclen3ry7WIqRaKLDaF1BvBAP7-Obg/photo.jpg,Fun,5,0,1.0.8,2014-12-25 12:43:22,,
gp:AOqpTOGwQz05AMjYiinigluCemfj-tqBq7JQp2oAxA3DSXjzAL4Dw0tidS7RBSUYy9jRuIsND0pLY7HOcTa5MA,Alex Erickson,https://play-lh.googleusercontent.com/a-/AOh14Gji2sXhKfkCRssEi8fC8tdjusqmQOVlSvvmCHAO_g,By far the best game of its type on Android.  Great graphics and runs flawless on Gs5. .  Keep it up,5,1,1.0.8,2014-12-25 08:03:59,,
gp:AOqpTOF0VRUxBBz4s6q1eTIJqnl_qZNEIKlxIhB1CX-MABEG3xMJKahdmzhzobDej1UetDph412_RVrNNJ7cng,Trevor A,https://play-lh.googleusercontent.com/a-/AOh14Gh2hXy1gv295sOI22tcf177CWrNoM4F0P2K7TVy,"By far it is the most realistic snowboarding game available! Runs perfectly on my Xiaomi Mi3W on both Balanced and Performance mode. One thing I would love to see is a more realistic transition when jumping to grind a rail. The current transition feels as if the rail has a magnet that pulls you towards it. Other than that, excellent game, would recommend it to anyone reading this!",5,4,1.0.8,2014-12-24 19:27:29,,
gp:AOqpTOFR-SB702zhRA8u8VW8PntVTsTqYE9QWhNSR6Y2-oEJBrN2F480r9Pveyv4aZhmW6Fgzw5zREy5uzKeLQ,Gunner Clarke,https://play-lh.googleusercontent.com/a-/AOh14GjqPRKoEEwQxoiewyU7PrjjC8e6n1zezcdS_Htujg,"Nicely made, much better than skate party",5,0,1.0.8,2014-12-24 15:42:55,,
gp:AOqpTOGSW99-NL5lSXXAUsxpmbmL4iuhJj1LqNcbIc41IgiEfKESksSra2fswIF8rOtYpkRq9so_eZ2jwE2eAQ,Erlend Viken,https://play-lh.googleusercontent.com/a-/AOh14GjK9yZ72KqwZ3AzmWF8pX6pkJg4qZWAvy8FhXxrwg,Great game :D,5,0,1.0.7,2014-12-23 12:49:52,,
gp:AOqpTOHG5eBxlmI2hg_YcpLQHpJZqvEagUF4UiyZM0Gc99SiOV-y3kmv0B4eXUc0KdsyVWdyCGEnLWW5lhO1TQ,A Peretz,https://play-lh.googleusercontent.com/a-/AOh14GhmKPUMeSVcOBQM0dtcfOZLa70jpez5QfYSOhoc,"I go into the store and whenever I click any of the offers, it goes white(to show I have clicked it) and after that nothing happens.",4,0,1.0.7,2014-12-21 11:46:43,,
gp:AOqpTOGwobw5-Fki2HRuH294kVgeZ59a8cDtCfGJ7hXLGsbY3BQhqnR7NhZ_MuA_nAZuPfIbU8Kf-HOnbKk98g,Carlos Carroll,https://play-lh.googleusercontent.com/a-/AOh14GhfYQ4OsEMvZYYFjvDx0TkcRdqiZGF8iFyIAiOstA,"Best snowboard game n the Play store, although the skateboarding party games are the worst skate games ever, really bad games.",5,1,1.0.7,2014-12-20 20:53:30,,
gp:AOqpTOHc86LZVsw6GgKDv9ExxJEhmjvyMlnAq2tSglMy9zDGgUgzL2TPk2NHBisPD9rpU1q-wncwPGi_xkzc8g,Ian Minara,https://play-lh.googleusercontent.com/a-/AOh14Gho2rY8X8egFGKY5dG7pUEF4JK9oRK9eIaIIftRJ6U,Great game,5,1,1.0.7,2014-12-20 13:05:41,,
gp:AOqpTOGyjnFff3c86xTG-pOp-TKw1wRptz0viugpzySNuLcwrQpUb2-voBrnw2S2wtYvX7gw99YppXNP9qofyQ,Brian Welch,https://play-lh.googleusercontent.com/a-/AOh14GiAwvdAFHBNOIJ_zjHOarMyxpVjpo9O_nd2uJrE-A,I used to snowboard in NY moved South and can't now but finally a great snowboarding game I can play great job guys,5,1,,2014-12-20 10:02:07,,
gp:AOqpTOECQTB6T3I8jgJWr0bQjKfGl--xHgu1eHasfxi6SN4Iu_ahXTjfxRCmaGoDqQm7AuAVOihSb-6fJOpgEw,Paul Batchelor,https://play-lh.googleusercontent.com/a-/AOh14Gj_9ns6lDsfRdglAp57TIHBEGR03Ktsz0ec69tnUg,"I loved ssx tricky on ps2 and this is as close as u can get on tablet, great fun and a lot of game for a small price, pure genius. Thanx devs",5,2,1.0.7,2014-12-19 12:24:06,,
gp:AOqpTOH8aTKsz8CeA007JknjEbo9jwByUX6RVSVu9ydx0y8yZIpVWahXEbv-zg2vf7n4gnpBuGex8YbYAvpZ_g,Graeme E,https://play-lh.googleusercontent.com/-9KTY4fEqHz4/AAAAAAAAAAI/AAAAAAAAKOw/AMZuuclmn-1odQZRsQnL_QhgGntYEdZigg/photo.jpg,The game is slanted on the easy side but snowboarding is supposed to be fun not frustrating. Would be nice to get rid of the online score notification after every run,5,2,1.0.7,2014-12-19 09:21:44,,
gp:AOqpTOE92D1sWGTt5WewgEa_xIElM3gkozMqujI8zm_yjIEZBX9mVTogqoEnYG4hbVYGn8RxaZuA0b12yKh2WQ,T Harms,https://play-lh.googleusercontent.com/-mBe0jeJkwT0/AAAAAAAAAAI/AAAAAAAAAAA/AMZuucnX9hLPXWNkNe2N966qExkVFf9iEQ/photo.jpg,Remember the good old Snowboardgames on my PS2!,5,0,1.0.6,2014-12-18 09:18:20,,
gp:AOqpTOHBEkt6mnco4G0ZK0iKlwaNik5HJCoUo0R88NPRMK7ouEcOwExh0j8mqPrjRdtW6yXuXRdqFudct0g8jw,Mister L,https://play-lh.googleusercontent.com/-2XLzfg7VPbQ/AAAAAAAAAAI/AAAAAAAAAAA/AMZuucl2CAmc1DCugZCTeJA2kiouMvDzvg/photo.jpg,Just wow !!! Im impressed !,5,0,1.0.6,2014-12-16 17:24:08,,
gp:AOqpTOGl7P5_Ke645k7sbdKDm0lpQfbq4BUlhLQXtJl1FxeO6zZFeZ6qOcfpQrASkyNDjr0tuGjpNMOJOokT-Q,Zach F,https://play-lh.googleusercontent.com/a-/AOh14Gj_7vUe318EcySiOFmEK0cjje0N6pX4kvBVpT7hbg,I want a refund for my recent purchase. Am unable to play the game at all. Please reply,1,0,1.0.5,2014-12-15 14:49:44,"Try updating to the latest version 1.0.9 (2015-01-04), it should fix this issue. Let us know if you are experiencing any problems at support@ratrodstudio.com, Thanks!",2015-01-22 06:46:55
gp:AOqpTOEuI02KKN7n7PnpWY53Do2iaqFNwhHBpH0BUp4fbLXinuvu07qBVREvj6sRzywP_VjG4QbMJlG7NAz6OA,Jesse O'Neill,https://play-lh.googleusercontent.com/-8Dnnz_Zwpug/AAAAAAAAAAI/AAAAAAAAAAA/AMZuuclRh4N4Iiqu_3WWcZSLp-YL_4hqfA/photo.jpg,Best snowboard available. Easily worth the $2.,5,1,1.0.5,2014-12-13 04:32:42,,
gp:AOqpTOF-Q_g1Hu0HcxO-SgQI9EYErHt__Xs_PwZ4pAciz8fGP_Mv9wMW3_HqhGnzgwUl3HI652KGl3jk24Adzw,Simon Lavigne,https://play-lh.googleusercontent.com/a-/AOh14GiLv9roJ3zcx1EeoSy7ZJXukVnMsTgLyM1CJso0_s0,This game is loads of fun. Reminds me a lot of some psx games I used to play all the time!,5,0,1.0.5,2014-12-12 07:33:43,,
gp:AOqpTOFp81WcETXkR2fRAM01Jy7mkyOBfj8stry-FdgEvl2o7ia5LyhvSoGttHOKhsFqwsUolulRXy1OA_Ur-A,Keith Barlow,https://play-lh.googleusercontent.com/a-/AOh14GjunMUFIYmb3g9aCG8e6q4ZYhDisBE4tbY0gxl46Zs,Best snowboarding game out there!!!,5,0,1.0.5,2014-12-12 06:19:07,,
gp:AOqpTOFL9f2hCEU3NN_FSzgYUmKvvQfV4REBD0KXxEreOnO3o19X8_9_maYk_s34Ki3FUS1ILUosyFuXo8QEdQ,James Cichra,https://play-lh.googleusercontent.com/a-/AOh14Gi1KVjCO-kOu-kaV5IWsY-egid6fYZDrc6zz5yk,"Great graphics, lots of options, and great music!",5,2,1.0.5,2014-12-11 05:47:06,,
