reviewId,userName,userImage,content,score,thumbsUpCount,reviewCreatedVersion,at,replyContent,repliedAt
gp:AOqpTOGxMxybFmfEheD8BRGmJn6eRjrBhMgw2hHG4AuuTRP3KPwsZkkT86b4tP32IEpDU-pFh2usfomjTzkvUA,Alex,https://play-lh.googleusercontent.com/a-/AOh14GjBWzlcg8dKXjeidV1bxz_z5CuBa8w5p0XfinYLyQ,"In terms of story and mechanics, Valkyrie Profile is a classic that stands the test of time. It's an excellent experience through and through. I only have one minor aggravation with this version: the inability to tweak or enhance visual performance. Personally, I'd be willing to sacrifice battery life for a less pixelated presentation and smoother FPS.",5,0,1.0.0,2021-02-07 19:43:19,,
gp:AOqpTOHyP5FIP_57MDgjEtxI2Zd9qWkD4CshJUo84X9kPPpLs9R7cOmvup6AUssXbMyfh2Nd0L5adDrh5yKkLw,Luong Chuong,https://play-lh.googleusercontent.com/-CxiRXF6w33g/AAAAAAAAAAI/AAAAAAAAAAA/AMZuucmKzFFRc-MFFd40y7B4JVzKbrBtsw/photo.jpg,"I bought the game long time ago to casually play whenever I had no internet, making sure to load the game once a month to keep the authentication token. Recently, I tried to boot up the game, I am given a constant notification of Error Code: 19, and refuse to allow me to load and play the game. The game is completely broken.",1,6,1.0.0,2021-01-30 01:05:53,,
gp:AOqpTOFwfKlAqbLSY7njndEdH8uH0o3f1EmxRwzuZno4jHPOoo_AMZCYtE5ajzkMb3MNnEbU4g2HjdhklBhj0g,Jean-Mario Brostiuc,https://play-lh.googleusercontent.com/a-/AOh14GgJIsVtsHbVoSok5IucdmoAWP7HxSP6XY5srP9iRQ,"I loved this on my PSP when I was younger - never managed to complete it back then, so that's what i'll do now!",5,0,1.0.0,2021-01-28 05:23:38,,
gp:AOqpTOG--nCbG0cHk7PzQ-tBCF7xlprkSIoS1XRwwE0SrRW5MjuVrbtTAGzRYL3MoHKAVxC-b9YdSF1CD_dFTw,Zach,https://play-lh.googleusercontent.com/a-/AOh14GgLgO4VlQQRUL5RjduR1PRkBTvo5LMbqvCAWMcR6w,Only issue are the controls and needing to switch from a controller for platform vs screen for rpg. Still a 5 star game.,5,0,1.0.0,2021-01-22 09:14:58,,
gp:AOqpTOF1zRnpwOoQuKmxRUWFbgakxr7sRzoQpIVd9wDgqoI45Q8zFKyYpUkoIP1HbBmGHnf-Ru8wJSYKGRJqbQ,marffa,https://play-lh.googleusercontent.com/-8EBSxeEyfDw/AAAAAAAAAAI/AAAAAAAAAAA/AMZuuckxFYrzvHpi5DYXe_90iB14ze8tWw/photo.jpg,"Square deserves a tongue lashing from Freya. I am not a good game player, but I could get through this on my old PSP(s), without help. It was fun. There was something about it...corny, droll and little hokey - but fun. It was fun discovering ""hard mode"" was a completely different game..and easier to play than ""normal mode"". Not on my 14 inch chromebook. If you attempt this: CrimeInPartner's youtube videos might save your sanity...maybe? I still love it.",4,13,1.0.0,2021-01-07 21:04:47,,
gp:AOqpTOHxT98I8O9eYWZpVY82UjSaJS2mKk5rwuhL9Vj2ZKFX467Z1vgzBielewos8dpYz_9UzcqqB7fhCyHjsA,Echo VI,https://play-lh.googleusercontent.com/a-/AOh14GjrhPIopV9yjv5qDGEhW2FMap_lbBaaD0wEyeQQ4g,Update your game plz,2,0,,2020-12-29 00:52:18,,
gp:AOqpTOFXAfdf0lIJzAdtBlWUwd7C9vHF7PgGvbnrbLvG4Ms0gOSe6vR0tFtY5vIhnyWxHI6QHyv_gfhB0x5kRQ,James P,https://play-lh.googleusercontent.com/a-/AOh14Gj2nnTdan3st4MpKkqskXr0kPMTaBpekvV_-fzDig,"Have a controller, controls are mediocre. Partial control. Didnt try touchscreen as I had it playing on a bigger screen. Bought cause I saw controller support and want to play on a big screen... unlike The last remnant. (No controller support what so ever) I do not understand porting things to phones and taking away the ability to use a controller from games originally played with a controller. Barely got into the game. Can't give it a honest review. Square Enix...why do you do this?",2,27,,2020-12-26 13:46:23,,
gp:AOqpTOEll747Win8Q43K4kIe4QDn81TdW6g8nJfUbyMrQAP6rpU3B2-ibfoYe8qvCrU3WS-3nEXbWnlaf1t8hg,Brandnugget,https://play-lh.googleusercontent.com/a-/AOh14GhE_FtwBShEIQFJFZCMYNJxBBjUo6IHnIIeQcc_TA,I love this game back on the psp glad i can take the game with me anywhere on my phone 😊💙,5,0,1.0.0,2020-12-16 17:00:26,,
gp:AOqpTOEXi1bPk0Q4H3WCRZpsJKcZ-XftP1KsyVDEt7hRRWOIWswdXLWI2wRD01o8YbuFyabdtN9-SpisuEoyUA,Orlando Vazquez,https://play-lh.googleusercontent.com/-8PFywefbxYI/AAAAAAAAAAI/AAAAAAAAAAA/AMZuucnKt8Ln731qiWCohT8JNirFNC2GQA/photo.jpg,"Phenomenal franchise that unfortunately was descontinued for various reasons despite critically postive reception (for the most part)... The only legitimate issue present here are the controls, otherwise it's performance is perfect. I can only hope Silmeria makes its way here too since it's apparently locked to the PlayStation 2.",5,14,1.0.0,2020-12-10 13:41:12,,
gp:AOqpTOFN67zoZ3ZHZs5RweUAfn4u3FfS0ETVg02lRJv3gPjTo70pgdwdMn4QicUHMr_lQWEcONjr2c_Pi36vfg,John B,https://play-lh.googleusercontent.com/a-/AOh14GiTtAjsitT3RTH76rmTTki1kyFvpvZ10r_WgyZfeA,Just as good as the original!,5,0,1.0.0,2020-11-07 14:14:52,,
gp:AOqpTOH2lbWUGHgajcyFkjlY90nNmvQyn5wg78M_HZUm8ZnXq5_mB9rVxOIlIbsv8U3HuAjCENoKW8oxAAaOrw,Mistral Vazquez,https://play-lh.googleusercontent.com/a-/AOh14GjbEfRTkaLR2hf8ieA4VtpadBDZ1Ii_Vxxnttxq,Nice,4,0,1.0.0,2020-10-14 09:10:31,,
gp:AOqpTOHLSyqdmUvExNg1FKTy5IjmXt9Bp6QTvhxZgrLDJu-ajMPwNR8lg0vvVCfei6IvD3tQY3wq7YYwACnv4Q,Ken Morales,https://play-lh.googleusercontent.com/a-/AOh14Gid15ZL_ub3dsoklU5oZH-yeIGVuhXjagqhITZmHA,Platforming controls make this impossible to play,1,0,,2020-10-07 06:35:46,,
gp:AOqpTOEGaoLSTlXAjh_mOatedwIBkmK80gAvF7U0nFkksPeQl30s9Nz60iZrAmLtEvg3DhX2AcA6FXwpLVOEqw,Cyrus Poja,https://play-lh.googleusercontent.com/-gAR9LoUD7M8/AAAAAAAAAAI/AAAAAAAAAAA/AMZuuclA20Ba_s4RoBKynrQrpVQgjGw8AQ/photo.jpg,Nostalgia.,5,0,1.0.0,2020-09-22 21:33:17,,
gp:AOqpTOH1Bo-BDgIHYzgruYCxIS4r398iK6tNCz8zaaZRUrB_IXkhhj4VDkqQiYCI4SDvfbvg7drEBCEB8GkFzQ,Mitchel Toomer,https://play-lh.googleusercontent.com/a-/AOh14GgpTAnv15kRzVH4zXEcgGcQhVX-Cm5Qc5MvH3Wvpg,Great game hands down must play for any 90's rpger out there,5,0,1.0.0,2020-09-19 21:44:54,,
gp:AOqpTOFKsqmRC5SkFZAL7rqL1Uvc5ye7XvKUXhZA110F-1M0wIeqCLP53Mwebtc47speP7cc1vWs01YC2Cr-Xw,inFo shah,https://play-lh.googleusercontent.com/a-/AOh14GjxZUjWQ077RlGhIh7f91fEy5X2ZF91SMAE9tNB,"please fix your game, its always kicked me out,and pls adjust the controller,sometime hard to use that.fix it,tq yeah played over than 100hours nowit is ,so nice.chapter 8.please sell auto battle x2 for faster action,tq dear",5,0,1.0.0,2020-09-13 21:04:17,,
gp:AOqpTOE_psvY8Alt1JCbtz9EqlwYjSADxKB4L0faRzAKTfm5Z9jxW1zmwKSftUeO1mKOTgUAtph673aG6TDzNA,Bourag,https://play-lh.googleusercontent.com/a-/AOh14GhJXfapxLTkULwFG5sknAyMxVnZs10dbIHM90Bh,"A trip down memory lane of one of my favorite jrpg from ps1. Control are a bit hard to get used to but once you get it, it's as fun as I remember it.",5,4,1.0.0,2020-09-08 16:06:00,,
gp:AOqpTOE0IbonDJHwJWUkTln7V1BajaqPZQ2YH0Dyi2RVPYdCekJUz4ueMWl1FB5E3XDYLGhBJSYwfderItwfyw,Kennosuke 88,https://play-lh.googleusercontent.com/a-/AOh14GgO0ZN1GGk7CEfEyYX9yQ3qPyEVvq3E3BRvdB8-,Really nice to see this game in amazing graphics thankyou. The biggest issue with this game is the analog touch screen control! It isn't great!! Please update and have the option to turn on a constant touch D-pad which stays on screen like most emulators. Would solve the problem completely and I will then rate 5 🌟,4,26,1.0.0,2020-09-04 05:31:27,,
gp:AOqpTOHMFEY1qrksbl5CHVtzUabtHhiT46O197--HXptcNT1gnl7l3i3Ej7u31FTMeNqFQEvyx6ys2gwK6Ylkw,Jay Serrano,https://play-lh.googleusercontent.com/a-/AOh14GiUW0di4EVHRVjrUL3yKW1QEcMtTOT3w72nNEfAzPI,One of the true classic epic RPGs that I TOTALLY missed out on for over 2 decades.😭💖,5,0,1.0.0,2020-09-02 05:57:14,,
gp:AOqpTOE2kpCCy8_YOF9iUKadfJUapVwaA_r3g93bechMa1-i9LnvKjpoEYJltftsJTvcg_85NDl7eFhSTTYUrg,Chris Diokno,https://play-lh.googleusercontent.com/-Barery_ek0U/AAAAAAAAAAI/AAAAAAAAAAA/AMZuucleFaDa4A6zBz578bkfjJluAiva0g/photo.jpg,"A few minor hiccups here and there, but solid. I can see why it's a classic, one I'm sad I never played back when I had a PS1",5,0,1.0.0,2020-08-21 07:07:07,,
gp:AOqpTOH71k_VLn8DzSpIuqsrd1I9ty-HA_pememL4frfwAayRTrMCK4Yedi04UXPBdpIlIXmQ6XYfoFRSijHfA,Shampoo Master,https://play-lh.googleusercontent.com/-sQTpS5NCaeI/AAAAAAAAAAI/AAAAAAAAAAA/AMZuucnHL00akyxaLB__vzUAExb0f-ixPQ/photo.jpg,Works as well as I hoped it would but the controls are difficult at times. Yeah... the controls are my only problem here. Jumping from one platform to another is a pain but you get used to it. Great game nonetheless,5,8,1.0.0,2020-08-13 15:34:44,,
gp:AOqpTOFNP94mJbu82mEidW4sF18zoUUdIi0MF5Gj6lM0BXorSU1FevEUnGCUB57fXRlLBvQ5cHdyxDU3QtTNrw,Xenav14,https://play-lh.googleusercontent.com/a-/AOh14GjczzdOxtJhRdJ2y4wu6fcRRfif9ksCnrXczoiL,"Oh boy, this is one I've been thinking long about since I saw this pop up on the store. I was hoping for a remake, I was fearing a reimagination, and what we got was a nostalgia trip. -Good- The story and graphics are true to the original PS1 version, with the added cutscenes in the PSP remake. The game feels like a nice trip down a on old road I loved. -Bad- Oh boy, the controls are... wonky at their best. They do take some getting used to, and some of the hard only dungeons are made tougher.",3,52,1.0.0,2020-07-10 08:19:03,,
gp:AOqpTOEGRYFScnBjduLUC8J-AS5I7Wi819FhXazZQ5jfhmzpxEny7COx4DZFbYfpi1j2_fcxvKHbWQvfyKiJDQ,Dimme Galore,https://play-lh.googleusercontent.com/a-/AOh14GhxYP2PLIcGqA0H02FsURkkzyh7VeXda5cwV43Hu6g,"Smooth game play, beautiful animations...finding lost souls and maiing them warriors is a great storyline.",5,0,,2020-05-28 19:43:22,,
gp:AOqpTOFThLkw0eNc1sh--qgY9ntztdOVhbONsnOkGnbKrpdOqnxesOUrTNZdURYPUBJ_XHdd1S1ZvJz5qATHZg,Benjamin Fuqua,https://play-lh.googleusercontent.com/--muSxqvQ3QM/AAAAAAAAAAI/AAAAAAAAAAA/AMZuucnCZsUJhzOFundGL4fHjsmXhJjdow/photo.jpg,"Horrifying. Utterly horrifying. This was one of my favorite PSP games, but this port handles terribly. The controls are an absolute mess. I finally got around to using a PS4 controller to bluetooth with my phone, but the controls are STILL an absolute mess. I've got the Valkyrie on a shoulder button, and Jelanda is controlled by the button on the wrong side. Neither control scheme works. The inputs are really laggy, and I have next to no control. Absolutely unplayable. FIX THIS YOU MORONS.",1,0,1.0.0,2020-05-27 12:05:06,,
gp:AOqpTOGDytEzDt8bYdazN_pYpYOiLOWMPyh8ZA6z4GpWMi5GcyGyjHxstJJGRU-oNde9HzBD8QpTSy81MUf_6w,Antonio Anderson,https://play-lh.googleusercontent.com/-yyWUAQJELlM/AAAAAAAAAAI/AAAAAAAAAAA/AMZuuckVbfRfpBtLBDNpwgMcANl-RLa5ew/photo.jpg,Please bring all the classics to mobile. Xenogears saga frontier and legends of lagaia,5,0,1.0.0,2020-05-24 23:13:11,,
gp:AOqpTOE7aJOUzCDrD6XM5JiMquQkV5GsWB8bPI_yIKEm2Jo9bt1rF5awBHxroG94ASNMT-z9aLSsREZE3Dha2A,Ricky Bobby,https://play-lh.googleusercontent.com/-diyRS09iO9k/AAAAAAAAAAI/AAAAAAAAAAA/AMZuuclQRLkVJLjHtjim4yJVg3tTcSTGHQ/photo.jpg,"Dont like time limits in RPGs, good game but having time pass by everytime you visit a town isn't great.",2,0,,2020-05-12 18:23:13,,
gp:AOqpTOEnzuN9KfHmoeOZ1ffsj8GwCuo5gkyrtmCs6-fFJojTVTZljBKs_bKRUfxgVAbJ7n7UOTcr-hbH4VfffQ,Roman Bishop,https://play-lh.googleusercontent.com/-RJx8ms8iaIE/AAAAAAAAAAI/AAAAAAAAAAA/AMZuuclLWL-_1hQRtjpuKqiGCF4XEPo8-g/photo.jpg,"For all the people complaining about the controls: you can use an Xbox One or PS4 controller via Bluetooth and it works just fine :) Great game! Can't wait to actually finish it out, now that I finally have a phone that supports it! Will edit this review with details on Galaxy S10+ performance when I have more to say. Thank you Square for bringing this game to android and for the great sale price! Now if only we could get these prices more often, I would have a much larger Square-Enix collection",5,37,1.0.0,2020-05-10 02:58:47,,
gp:AOqpTOGDaLnW__8nRXetlnv4WQ6XSQBsnasBj_B0wcxjuT08W13F48qUM_hhO5dP3BCrdYwjrk1JLel_Aj1jWA,Teeratai Kaewmanee,https://play-lh.googleusercontent.com/a-/AOh14Gg8k5skXcFo6ty2BLUCnwevmJ6l9XesdKqxVnXxGQ,"The game is good, plus save everywhere is the best, but soft pad control is make stage puzzle too difficult (I play with ps4 🎮 controler sometime 🤨)",5,1,1.0.0,2020-05-04 09:39:40,,
gp:AOqpTOGO8deHocmjUOyg-sMtgwBuco7gvSMRWPqGzaJXm0ujQfV34pwVhTu10VS69Hkug1kuqGCVEf95Kuh-TQ,Michael Cruz,https://play-lh.googleusercontent.com/a-/AOh14Gj-BikyOdrf2ogb4_A7qBwbEd0SlOyOM7Ad2odo,Great game brings back memories,5,0,1.0.0,2020-05-04 07:16:04,,
gp:AOqpTOGkrbi7DyByK0aMzyh8Flm243HThuPVtUQrl1nOtBOlzCkuvcW1NDQHfhuLP6FEAT-77NYKVcUjJAfUpg,Chris Depineda,https://play-lh.googleusercontent.com/a-/AOh14Ghk0e2FSRNefIgotmrjhvIAbl-pv1mNKjs-fEgb-Q,"This is simply a poor way to play one of the best classic JRPGs of all time. Square put a lot of time into creating new, usually very eye-catching menus for this port, and of course Tri-Ace's spritework is at the top of their craft, but some of the platforming is way too imprecise with touch controls. This coming from the first dungeon, I can't even fathom how some later, more difficult platforming challenges will play out. It's a shame this is the only modern port of such a masterpiece.",2,66,1.0.0,2020-05-03 19:10:24,,
gp:AOqpTOFl-sCIAuSaAkKXKla_FQrGHLge3vOBwwiNDOhRV7hjsY1SoRCizNAW9e8PlVauFFsYyVVmqYTFive6TQ,Chan Lee,https://play-lh.googleusercontent.com/a-/AOh14GjoOk6S4IJFg-jXNGPucpRmKgznzQUaeMHH4zbXyA,Memories..,5,0,1.0.0,2020-05-01 06:52:58,,
gp:AOqpTOGloBjF8SKz8IduBC7cZJPV27crBdqC1s4DCyC_xQVX9LS0_-rHlxlfiOZHJpTvkKETb_5CO6wYPIow4w,Nicholas Boyer,https://play-lh.googleusercontent.com/a-/AOh14GgKUn_b-6wEAkEkVtcOxMBFC7Haxi24_wfMgV-bhA,"Same old great game, but the mobile port controls are terrible. While a lot of the navigation requires combining movement with other skills, the port doesn't seem to accept multiple inputs at once.",2,7,,2020-04-22 00:38:59,,
gp:AOqpTOH4lncFIxVlzkAGBgO2PxZQNZ64joAiv5ca0effyzhF4BSjByV7cKYh4MUtthkhnuMl4ioVmfdofaKDPQ,Woodson Close,https://play-lh.googleusercontent.com/-OPIeIdEiq0w/AAAAAAAAAAI/AAAAAAAAAAA/AMZuuclNPNMsWtJy7hGi21csXiH-MBs46A/photo.jpg,Great game very very fun,5,0,1.0.0,2020-04-18 15:35:44,,
gp:AOqpTOGT3_NZUHWQEUcd7jc9wDntq-cz5vF5j-lVvxsgPKfzRQFaKwnhmEyX9XrKJb7ZHZzLurrR_11x8In9gw,Luthfi Alrashid,https://play-lh.googleusercontent.com/a-/AOh14GgZPXGcdtCeraX-2vsaXzbjFZJLg95Bh3luNdpS,"It is valkyrie profile lenneth alright. But i'm sure the control could be better, and the pay to ""cheat"" system just make it worse, you still can play without it. I'd still recommend it tho, if you havent play valkrie profile. Just need time to adjust with the control",4,17,1.0.0,2020-04-16 03:50:39,,
gp:AOqpTOFX5mMu5-rMw1CnmeeooR1BXJpg1HUZ6xHfL3nKhfqeJcdRNzQg4oqcENBvkxAaR-LCoBg8TolszY6ttg,eLdyey Lambino,https://play-lh.googleusercontent.com/a-/AOh14GhU4VMSRLKco-QmdmJ8oDOFxRkmJsWygfBEeCah,best game but the touchscreen controls are awful,5,0,1.0.0,2020-04-14 02:33:05,,
gp:AOqpTOFpWxkwvLwg7yu0hU-wS9znv-2uF1uc0iIc4-yOa6RPX0GIpfOKDT4kpFMHpDzWUkIaa7rIjRV0XvF78A,Holly Ibbotson,https://play-lh.googleusercontent.com/a-/AOh14GgggZEhhy1amhS-ZOr_8y7CV5qxvknndFqaHdB7,"Controls are horrible, waste of money.",1,1,,2020-04-13 10:59:05,,
gp:AOqpTOFhF4mBeAp3jTyf6JDObIsWnWd_mU22PdKvahUcjHfzieJrxrDiIiudEYKQutR6JU2RAVh4Hi6vxeXXeg,Craig Conner,https://play-lh.googleusercontent.com/-x2cbKienu-I/AAAAAAAAAAI/AAAAAAAAAAA/AMZuuck-txS46DUeU6QzcqlFOBk07wKLew/photo.jpg,Wont launch pass the title screen,1,0,1.0.0,2020-03-19 08:01:36,,
gp:AOqpTOHML3yxw0M7QZKYxA069pjeMspmKKmdMDS0hlUOBqkhlEuTweF0HtbZWszR0WbWOwu4t2zBDuk_t0l1uA,CrissBD,https://play-lh.googleusercontent.com/a-/AOh14Gj1Tfz9U9bg4qoor6JgyX2p-foL9EQ6AuAp-ntIqQ,"Classic re-start of a playstation gem turned psp remake, turned mobile remake! I don't really have an issue with the touch platforming aspects and do not need the gamepad support, not yet at least. I never gave this game a chance on my PlayStation or my psp back in the day, so the moment I saw this on the play store i purchased it. Oh, and FFBE War of the Visions. Plz.",5,0,1.0.0,2020-03-19 07:21:56,,
gp:AOqpTOFA8vSfxLiXODEwaZUpZYPwpu_BC5Ba-XQAcEjlhOELMuY7gSn-vx7XHzp_hZ06-iZpCQY0U4un5mg8lA,Calm Edge,https://play-lh.googleusercontent.com/-PLWMde8LhPM/AAAAAAAAAAI/AAAAAAAAAAA/AMZuucmArWLDeHG1d1rSe1RCJBahX2UdMQ/photo.jpg,Not worth buying!!! Controls are horrible!! It would have helped if there was an option for the character controls outside of combat to be static. Also during battle when you have a combo going you sometimes have to select a character twice in order to get them to use their special losing valuable % during that time. Fix the controls and I'll revisit this rating.,2,46,1.0.0,2020-03-13 22:09:13,,
gp:AOqpTOHMT6IcW_fNpXfWeq9t2M0OibQywTxA-sfbMiyZfguZdfHUTsuoQWcxhSE7mKMe6xK69h7btVcB2ImB1Q,Jeeper Jay,https://play-lh.googleusercontent.com/-Nk4iiNZQzbs/AAAAAAAAAAI/AAAAAAAAAAA/AMZuuclYEK2Qf2gjsAFsEbkYyMpvrlsGzg/photo.jpg,"Tried contacting Square enix, got an autoreply email asking me to contact them by clicking on a broken link. Square is a ruin of a company. They will get no more purchases from me and I will warn away anyone who will listen.",1,0,1.0.0,2020-02-29 12:37:16,,
gp:AOqpTOHHQkpqAAHClpcti848B4EJfnXueVvnMUrHH1-x9DdYpzrn8HrzD1SM6ROsArdxcDwvSRRGnKVya2MhTA,joe b vargas,https://play-lh.googleusercontent.com/a-/AOh14Ggx-CzGe-4RaIvSajvyKHxD_cavAF1N9fCjup_HmQ,I love this Game one of my favorites of all time I'm happy that it's at a newer system I really would love it for pc for it to come out on steam or playstation network,5,2,1.0.0,2020-01-30 18:47:16,,
gp:AOqpTOGzhdW9-jnZ1ibb2uT_nONvguGzLBuZvdyarV2xb8Fbu4Mt0Y7Cswg93eAqi0wh4Rw09Fyz3Cat78I8PA,Carlomagno Garcia,https://play-lh.googleusercontent.com/a-/AOh14GhTTLAfNWhYDeh6NUXgW7IhBFs28s-oQERF8gv8cA,Great game,5,0,,2020-01-19 10:07:13,,
gp:AOqpTOE5GxAtC_NWRSDqM689XJ0A4XapM3DSwRtNKjsS7jfbf55d5toOTIUruOwlNdhqXRMuWwfAFTqgJc26-w,Michael Domingue,https://play-lh.googleusercontent.com/-g2UdKc_qmRg/AAAAAAAAAAI/AAAAAAAAAAA/AMZuuclC9fEnxZilOlD8af_d-mS9yvjzuQ/photo.jpg,Got ps4 controller to link to phone...for some reason it works for a bit..but after a while i cant mive my character..i can jump amd attack..but unable to move..can u offer help?.. Over all love the game..would be awesome to play with comtroller thamks!!,3,3,1.0.0,2020-01-18 15:39:34,,
gp:AOqpTOHZbtcGkwMvcztHZm7OtHn7CwKkhl0WzVWFksM4s30hXFZYruAThFBH7lyZMucEhxYjJw5p2SSKVMPjCA,Ethan West,https://play-lh.googleusercontent.com/a-/AOh14Gh8TPRPMyjUl_XfVPlRx7Aq5B05fcr_gYRf5-mYj88,Great port of one of my favorite games of all time.,5,0,1.0.0,2020-01-15 20:04:49,,
gp:AOqpTOH9yAbheENz5BKYUYG6L_15ZohzV9lXpW2IzMROXsf_jJQRd7Ofs3aEaJxk2oWz1YBm-liNpcvs8mw5Fg,Onibara,https://play-lh.googleusercontent.com/a-/AOh14GhEqTg_FAHZK2JoyLTPY4V1i4TIC6Uueu0ZwEV8Mg,"Enjoyed it on PS1 and enjoy it on mobile. I had an issue where I couldnt jump while running, but I switched the control from Simple to Classic and that fixed the problem.",5,16,1.0.0,2020-01-02 08:29:39,,
gp:AOqpTOFOXcqDrDAUxGz0yUwa3na80BMYLcz7pzjZ9TR2i0r6wr38UY2FLUh7H-QT-N8OM9S8GaJdu_rmETwEcw,Caleb Duke,https://play-lh.googleusercontent.com/a-/AOh14Gh3BdDEuxBACH2gsJaBZ9cKpu7VngXSW58IR1V0kQ,Please remove microtransactions. I paid for the game already. How can you spoil a classic like this Square?,1,3,1.0.0,2020-01-01 04:46:01,,
gp:AOqpTOEoDCkzVP6Uxf-nX1tG6gpleVlLPKDL4XTeZVCb77_tJRfNjfPvLEEFcc_79Zaqr2JddUWToKc72Rw-Fg,Nonnawat Teawsangsuk,https://play-lh.googleusercontent.com/a-/AOh14Gg_yVQeaEFQp5wUC-E5GrkDBZeUt4sD-rHXSRQH,Extremely bad GUI and system also can't handle refund. Please trust other reviews about how bad the controls are and don't waste your cash like I did.,1,2,1.0.0,2019-12-27 10:13:06,,
gp:AOqpTOGtlS2CG_pT-BSvFSUDTU5OZyX6OJ9C5IrkoNUDff8Yfoc5J3kNZ95X70zDb71MK8Z8Lrt8URE-Cimk0Q,Pearl Mu,https://play-lh.googleusercontent.com/a-/AOh14Gh61IIEyhK9-APemwqPGR3BjsbRX5-PuqqVUxtUlvo,Thank you for porting on phones. I love this game. Please also port on switch/PS4 or continue to make a vp3,5,0,,2019-12-26 21:21:20,,
gp:AOqpTOGuKSApp2VVHZx5SJp8e8iT9Tel1azn36NaRtsLlDOPZaX3Bt2E8eE0fQuKU6gS9wTAwOS9jKAN5sTt1g,jusmailuck,https://play-lh.googleusercontent.com/a-/AOh14GjpI_6ijFIQeQh9R4QB_B5tRWeDdPV62QlUIwHhDA,"Difficult to control on a cellphone, without a d pad it makes the quick platform sections an incredible chore and there's no option to turn the sensitivity of the virtual d pad. You basically full sprint immediately with the slightest twitch. Love this game but it's a pain to play on mobile.",4,2,,2019-12-25 17:44:01,,
gp:AOqpTOEXOj2Dw1rRQMliBuLigMwFzIqTi8fpKEmZTBH4OVkS0fcCWsiJa7teSZobYW8cBZruVJFgmgFiAERDzA,Rommel Mendoza,https://play-lh.googleusercontent.com/a-/AOh14GiBS4qabttXdm5gI6w5kR8buSzdXi6tD3T4c2iweg,They converted one of the best games from the PS Era to a pay 2 skip game.,1,2,1.0.0,2019-12-23 04:34:00,,
gp:AOqpTOHDmqrOzcl0vjw5BVf-RDS5AIcU1EhGSvsMP-VLE4ndvnEa_frQqqGao10-srmOYyCN2ox2I-6yhfoPLQ,Tyler Aronne,https://play-lh.googleusercontent.com/a-/AOh14GgjF37_EHcW16XY6GzAEU1iVCswgYEjy_saHN5ImQ,"Very happy to have a port of this since I have been wanting to replay it for a while now. Unfortunately, this version does not have proper Nvidia Shield TV support which feels odd since previous Square Enix ports like FF IX have proper support and launched with it. I am hopeful that Square Enix supports this gem properly and implements support in the near future. Otherwise, port is functional without a controller using touch screen. Going to install this on my old Nvidia Shield Portable right now and see how well it works with controls. Hopefully this comes to PC and other consoles/devices as I will probably buy it there as well. Square Enix hasn't updated the game in a year and a half. I have been waiting for Nvidia Shield TV support this whole time before I played it but apparently this product was sent to die. What a waste.",2,362,1.0.0,2019-12-19 07:37:14,,
gp:AOqpTOHmkWqhgFz4joXnhNNuc210QuM9a7c4G7aV6X7iOyGpCGy45CqOlglZh-BLfAnTpMf4nh9PLkJS-JPbvg,Daniel Vasquez,https://play-lh.googleusercontent.com/a-/AOh14GgoR8KVJq18z0XgcG79SYLA6k5PpTQ8PZLDaBhg0g,I love Valkyrie Profile but the controls concerning movement make this game almost unplayable in some dungeons. Its painfully slow and unresponsive on mobile. I made it as far as Chapter 3 before I had to delete it out of frustration.,2,9,,2019-11-12 20:59:27,,
gp:AOqpTOFCi_J2YP4mAuPmOugRj-tgnMigdsF1WamNmswhgkhUtTuBxXx7FlEzQ1Bo0vkWqRFmn7SgYbJe7DvgMA,Jason Sepulvado,https://play-lh.googleusercontent.com/-Dqk4tMJ9rGQ/AAAAAAAAAAI/AAAAAAAAAAA/AMZuucnTt76VT_vGTia7rILWjp6jatHHCw/photo.jpg,"SOLUTION!! Yes the controls are HORRIBLE because of the touch screen, BUT I found a solution if you own a PS4 controller!! If you hold the ps button and share button on the controller at the same time, in a few seconds the controller will start blinking differently than usual. If u go to the Bluetooth settings on your phone, you will see that you can connect your PS4 controller to your phone!! This makes field movements and battles feel like the good ole days, but menus are still touch screen.",4,62,1.0.0,2019-11-12 12:40:41,,
gp:AOqpTOGvnLW50t3HMPL7BftmIj78OdRS8boYnZuj2jW9zQX22jRnCgx9LKyj4_9EUr6dRi0WV5mkZzP620M7Ew,jan castillo,https://play-lh.googleusercontent.com/a-/AOh14GibR380uBbTomP0s1859gJWQvg5j3xKNNZuC3oH,Relive the adventure,5,0,,2019-11-09 09:18:37,,
gp:AOqpTOFRX9WDb3WEdBWBtwlQM9izA9RGiWXLz-tinquokmntDCh6C3nfqnRCgit5Lk3rOT8cnhKAcp0HEWTScw,William Mcqueen,https://play-lh.googleusercontent.com/-8jhwgLMiVIQ/AAAAAAAAAAI/AAAAAAAAAAA/AMZuuclSr3euJqLEzeiOYQo1cib3Fc_AlQ/photo.jpg,Don't do it just dont. Game is broken dude to it's trash controls. Go get the real game. Torrent it. Just don't put money in this... Did I mention it has micro transactions? Oh and they nerfed the exp given to try and make ya buy there exp booster... Don't buy!!!!!,1,6,,2019-11-08 18:32:51,,
gp:AOqpTOE5H4ctTn2ZyvNzSaHG4ECZcYY33Vl8f6vF70S_CltRpsa-fqtoQwN9HZRP4qYLf-H8Ceigz-5_JC3YvA,Paula Silva,https://play-lh.googleusercontent.com/a-/AOh14GhyKpJjmb9-F4bQrY4wH9aTM1DvTXuSsixqZ_2M9g,Best game ever,5,0,1.0.0,2019-10-29 03:10:46,,
gp:AOqpTOELhmi4TJD4Urt_VfMc7j9hGd5DSp2BdjQQA5ipbPLJk7McnJXmcWwbN5D2oBPuIuK-NKG41GnCZ0FTGA,Claude Floyd,https://play-lh.googleusercontent.com/-e3nh4pZ00FU/AAAAAAAAAAI/AAAAAAAAAAA/AMZuucnVAahot8gwY9xo9dPPxRUr4p4lag/photo.jpg,"The game is a classic, however the controls is the only thing that makes the game horrible. Square Enix needs to make an update on this game and do a better job to make the gamepad more compatible to this game. Honesty with this classic, YOU DONE MESS THIS GAME UP!!!!!",1,50,,2019-10-28 17:30:56,,
gp:AOqpTOEh0PDvDT6diUdbfEyE9C9jg_0xFzLcAQqTql3d8F6_0u-zkHz_JNw-3KroutnNhkTLA9j5z30KxcajEA,Joel Sebastián Quintero Pardo,https://play-lh.googleusercontent.com/a-/AOh14Gic0NLuPByYZuvZfp_4nG56O5zWV3dkQ0AyLZ-9Cg,Kept restarting the app every time I tried to run.,1,0,,2019-10-07 10:30:53,,
gp:AOqpTOHJILv-7zUZYNMJlwdV29c4-DDtsbjCAkX9TGGcOv9ift2oPeju6BJlkF_tdMEUPkxFyfeowN0AkmmXvA,Brandon Pacheco,https://play-lh.googleusercontent.com/a-/AOh14GguWZmvG52ZIZksVdQNhE0AP82vLYKzbWhj6YxzwA,"I really HaTE touch control. Even if I use a wireless controller, it's not very responsive at all.",2,2,1.0.0,2019-10-03 20:05:45,,
gp:AOqpTOEBkCNHzL-eccjXsL1cKjXZRLlQH_wHxDwrwc-NnOdTm4h6hWhLPL26knYSS1MPusZGGMWQ2hO4_5Wozw,fuyumugi !,https://play-lh.googleusercontent.com/-Uw-J9Q1IdFw/AAAAAAAAAAI/AAAAAAAAAAA/AMZuuclwr7ULluMJMAHewyIQxuUl2xMJSQ/photo.jpg,Controls are too finicky for my liking. Would rather emulate this myself,3,0,,2019-10-03 13:44:59,,
gp:AOqpTOGugXmFMxGwFFFqTMCN_WoF9dwZEvruOP18-5jUfi2ULW4yt5e6akiDk1uXVhf8lwD4v3k8jgGTjvI4ig,John Bennett,https://play-lh.googleusercontent.com/a-/AOh14Gj99g_IIZzteA5qB5YWUpSCiThfDkvdDuLfrbGZiw,Great game. Looks & sounds amazing. Is there going to be support for Chrome OS?,4,0,1.0.0,2019-09-09 23:19:05,,
gp:AOqpTOE6DGicTRyqhq37-oZP-Vb-CU7eAeJt6JPKqu5YjzpndZC6m0jmi2Zpho3pRnE1GkQcd_Roc0cb8mJyUA,matthew hessert,https://play-lh.googleusercontent.com/a-/AOh14GiTxJX3n69QLXNl4CBs_-T4LtI4oumnmL_inC3o5yw,Flawless classic,5,0,1.0.0,2019-09-03 15:13:11,,
gp:AOqpTOGycgCeKkYmtS33ji23KkR2On26b1kXIWe-i9AmJgp_FzyRNzTlgL5fFTd5e0y6WjMxOkt9ZJdVrvUqDg,Daniel Garcia,https://play-lh.googleusercontent.com/a-/AOh14GjTQf_Gr47D0jSkmVXVVe5LFg9GWpo3f92HFGM1-xM,"Easily one of the best games ever is totally ruined for the simple fact that it's not able to do Multi-touch on it. It's been years since I got this game and Haven't been able to get outside from the first dungeon. Not because it's hard, it just extremely annoys the hell out of me that the controls are so bad. They should've just used some mimic'd controller buttons instead.",1,15,1.0.0,2019-08-23 16:59:13,,
gp:AOqpTOGQDEPS-eIiI1k6jF1jCL7uFZFfkEELqWLI7JvZzl0SZgPvaOgM_2xpy_Lzwh0DPFlWn7y0LRsP5853pw,Sukpaisan Kanjanapiboon,https://play-lh.googleusercontent.com/a-/AOh14Gipe6ybqfD7Rh4DFgzLPiPIXY80OJwQS8WO-RCxzQ,when game lunch they crashed every time,1,0,1.0.0,2019-08-19 04:39:33,,
gp:AOqpTOFZ2QyxuMQJKdnt4IliO_kPT3sP92GMet1XcshZggbt6hhs4ImhcE44gwxGFPRIbEIf5djsX86UICM_Rw,Silver Witch,https://play-lh.googleusercontent.com/a-/AOh14GjUrN327hzFEF3KqxaKh1jpYWCUBZoud2dzVcJq,I loved this game growing up and I love it now. I have spent hours playing this game.,5,0,1.0.0,2019-08-15 16:38:31,,
gp:AOqpTOH8Bqye4MdKOtBzYwOQUHnoFGd0uTgorp2Oo3UW2udujau5KN1cyenZFIE0yrjcHELJqBpwuzCZ21X6DA,ausphere _,https://play-lh.googleusercontent.com/a-/AOh14GiKdktnG12bODD0n_rf6ss58Zuihub4ZEpVr2hXUA,my childhood is back,5,1,1.0.0,2019-08-13 22:54:47,,
gp:AOqpTOEAcEPKuG_vI9E1ipNM1UbhvPPG1ijzzHEhAj2da-JozUYQ600p9fG3fa0O4Kv7Uj_6OPcKjdcdNeNXEw,Ian Moyer,https://play-lh.googleusercontent.com/-Ir8jYUODSnw/AAAAAAAAAAI/AAAAAAAAAAA/AMZuuclrDKEPN86gk6bagYRTWKxsFvt1mA/photo.jpg,The touch screen controls make this wonderful game unplayable. I don't understand why it was ported to phone os over console e-shops.,1,5,1.0.0,2019-07-26 20:25:30,,
gp:AOqpTOHHZwHOelmMskL7f3ooUqFl-d7RqFoEs_gomZZV5SWcq4Ft6HwCPA5pkgcOjhZE0r5jKHfEzrKe0-P7oA,Daniel Hart,https://play-lh.googleusercontent.com/a-/AOh14GiqryuHb98juLa-eBeMKeaC3DZPbkGhGb24Z6Sl,this game runs horribly on my phone. it also has microtransactions which seems crazy for a ps1 port,1,5,,2019-07-12 05:33:14,,
gp:AOqpTOEXriqejK9sakBel8OWzNmsPv0KIjao7hr3_vNzSp48_zKo6FfyW0sJ_Q4jNF-AT6iKyW2iuymfCzWlMA,A Google user,https://play-lh.googleusercontent.com/EGemoI2NTXmTsBVtJqk8jxF9rh8ApRWfsIMQSt2uE4OcpQqbFu7f7NbTK05lx80nuSijCz7sc3a277R67g,Niebelung Valesti.... 😎,4,1,1.0.0,2019-07-01 00:07:18,,
gp:AOqpTOE2bCXnCfUxXJIsR7uYbfaH2wFfwVSmWqKRVZ6_c7nzKdeYtXWpjh6t1SKtdrgATGXu690q-FK30iXG6A,Abyssius Murkraken,https://play-lh.googleusercontent.com/a-/AOh14Gjo4jmXaSiUc7mvE-LOAHNxXi7S5JZBmRgHSXG4Lg,Fun nostalgic rpg.,4,0,1.0.0,2019-06-23 09:28:18,,
gp:AOqpTOGvXTvF25XdkpB5gyNcOu-egB8Q4_WksDh93qU4ix0ghDdtqKcx73LLNHIEjYYEN6PLa7EkZf9nGcK88g,Robert Dyess,https://play-lh.googleusercontent.com/-e4g7cATjrso/AAAAAAAAAAI/AAAAAAAAAAA/AMZuucmfUkVSFDYL74LJtI8E4scdPFOY_w/photo.jpg,Doesn't work too well on a dual screen phone. Forced orientation is wrong.,4,0,1.0.0,2019-06-14 00:09:57,,
gp:AOqpTOGT8lN9T3CUilamJG2IOqHdn7jcK1T82-05wwpBvYZkSYErNqbvLuSj15BC5aXpIONjeAz5xacWxvZvZg,Chris Harbauer,https://play-lh.googleusercontent.com/a-/AOh14GjP7Eohg5U-vdD9tNtWIyPx8PBvjyygCBefz3OJ,Awesome Incredible I Love it,5,0,1.0.0,2019-05-31 12:53:20,,
gp:AOqpTOFKroNKp53fYwr8UOAcFom8Bn1dPjJ5Zai-0-8aFasu069W750h71zEnuoROurDUUhgzZ7j--Enf_sQRA,simon noyb,https://play-lh.googleusercontent.com/-J3G51JHOgHQ/AAAAAAAAAAI/AAAAAAAAAAA/AMZuuckkY1RSxm7xjw_GRQevCL-CQaxEZg/photo.jpg,"still waiting for the console port as the controls are painful to use on mobile, other than that still one of my top 5 rpg's and I would love to see a HD rerelease on the newer systems.",5,2,1.0.0,2019-05-29 23:11:58,,
gp:AOqpTOE7mfm9iCzE8e69z7S62PrMBl8TjtYode2g2VWtJs0UYfc0fv9bts-bMgfFjOLxYFh3LbLHIaec2VKM4w,wasi gupito budiarto,https://play-lh.googleusercontent.com/-9pJiUvgIJ5o/AAAAAAAAAAI/AAAAAAAAAAA/AMZuucnelUebJHK6QwfpaNuVRIFqFJX6SQ/photo.jpg,great rpg,5,0,1.0.0,2019-05-27 23:55:16,,
gp:AOqpTOEVgh9XGx4EUEuM6419XvB9IBI-msU-z9c6DL4B-BSpOGGp_OYKGRAojGWE6IZjW5ll7VZF0e-hYuYXnA,Ryan B,https://play-lh.googleusercontent.com/a-/AOh14GhpRpCOCtqpW91fveG3su3qejlgdHMer_a1h3RbvA0,"Great game, but unplayable. I've been looking forward to finally I've tried to use playing this classic rpg. the visuals and music are great, and the story is intriguing. However, not only do I hate touch controls, but the game had essential platforming segments that can't be done with touch controls. I've tried using a gamepad, but to no avail.",2,14,1.0.0,2019-05-24 05:29:04,,
gp:AOqpTOFm0TCrTVvX-0RMoljeZoakeR7oaK2BiReemN7kK5j9DJRSCqKIVaFQLVYcLX9wq9J6VL0447RcJXfAaA,Michele Tartaglione,https://play-lh.googleusercontent.com/a-/AOh14Gja3DvwS2my6zYVSKQ4nUGqPnNwxoHYt-I2QEJ7jg,A timeless classic. I could play this game a hundred times over and the updated menus and such are great!,5,0,1.0.0,2019-05-11 07:02:24,,
gp:AOqpTOE6DL-zj--C3A6tqiPiwo3TYfI-QmFAoMl5511lMyxMnH7_qsY6a8jt2-80Yyf25kbUJmpnGmOZNl7Qew,Ziyad Meeralam,https://play-lh.googleusercontent.com/a-/AOh14GhCn86olsdLQvDrTfIcWTj3Hu4byk3-kdv9_H69YEA,Does not work on mate 20 X,1,0,1.0.0,2019-05-11 02:16:38,,
gp:AOqpTOH9webxoJ5Q63DbOR3mHBRu307wWJBPiywUvqS0Lyxrt-_T_PHBiHl1UiNTTvEUmdA_O5dqF0p0j2Sh4A,ian lozada,https://play-lh.googleusercontent.com/-oBG8OXXq4xc/AAAAAAAAAAI/AAAAAAAAAAA/AMZuucmjGQ12hMbSdaTlHkEkNSbPWz7fTQ/photo.jpg,why my evaluation points not dropping even though i did the necessary events for the good ending???,1,0,1.0.0,2019-05-08 05:20:17,,
gp:AOqpTOEvYbBbzduol0px5aUoCcd-_HfLZuQuWDHThpJBr8zQ0V1IocXw0QSbQ3gBtakkfD66-c1Ot9DV6TOvzw,Isaiah Mccormick,https://play-lh.googleusercontent.com/-54y1r8NsL8o/AAAAAAAAAAI/AAAAAAAAAAA/AMZuucmWvFY1CdXQwPYnYCOfj2roxiBD2w/photo.jpg,just as i remember but more convient. absolutely love it still,5,0,1.0.0,2019-04-26 14:58:53,,
gp:AOqpTOFzteu1EIfw8KCLGk6NpV0RjvEy7yUMzixeHflHZ5OMw727e0qhC__waGRtLyPExjBuB_pGOWpl1Bdyww,chris monroe,https://play-lh.googleusercontent.com/-xf4AdYGNqsI/AAAAAAAAAAI/AAAAAAAAAAA/AMZuuck18wlI3m1Q6gOEhjmDr-slHWm7rg/photo.jpg,ill give it anotha try anatomia ia epic,2,0,1.0.0,2019-04-22 01:45:28,,
gp:AOqpTOEjFT6c6cwsHrug21fdNoSqGggzLC_NniudCoEAqCUD9vS-hEAMxZJ2LGAozahru_wMkAD2Sd1EtXxGyg,A Google user,https://play-lh.googleusercontent.com/EGemoI2NTXmTsBVtJqk8jxF9rh8ApRWfsIMQSt2uE4OcpQqbFu7f7NbTK05lx80nuSijCz7sc3a277R67g,love it but controls could use some lovin,4,0,1.0.0,2019-04-16 21:21:40,,
gp:AOqpTOFX4gKjipSdpiHNcLEk4-hQd97mFpa_YnP88hJVsRw-N2diGZffFCJRNXsRP-bzm0w3mw71WJrlZDORSQ,Nate Mate,https://play-lh.googleusercontent.com/-gLXOMmjTYOM/AAAAAAAAAAI/AAAAAAAAAAA/AMZuucnF19dZN8MS1k8rRorFnRLdrkRlvQ/photo.jpg,classic,5,0,1.0.0,2019-04-04 18:13:59,,
gp:AOqpTOFDVT7HZdLGkZ9AJaffSxWbFLt2tSJWgthREzgC7YBIgyDIf78Hd90HQVck24Vv4Wx0QIu-7vOpCO4A_g,Shawn Eger,https://play-lh.googleusercontent.com/a-/AOh14GiqyK9xojhpV2XA8QVHteROx5ti-53C6wmAybBk,3 stars for lack of controller support,3,1,,2019-04-01 20:01:29,,
gp:AOqpTOH1tn0h-pkYCbPiV6_bXyNU46KiQCGS0i3DL4dOzBpSEAJwugEJeQcPwRX97JYoNOkrFt52m6678aNZTA,Nickenzo's kitchen,https://play-lh.googleusercontent.com/-Cn7QhIXhuKU/AAAAAAAAAAI/AAAAAAAAAAA/AMZuucmdg7d4l0W34YkDlJ9vLvMK3vRdrQ/photo.jpg,i got dragon slayer for ahrngrim. but after 2 period it vanished. why the hell is that? and it happend to my other precious item. please fixed it.,1,2,1.0.0,2019-04-01 00:43:21,,
gp:AOqpTOFEBlkPVYOXnmijk2oYLj91ReqvgWlp1UurIKt1wvt2ya1lr88vbm5JNm0xV6VvEvJ6b2t1qGbBCDAJNA,Lim Yongqiang,https://play-lh.googleusercontent.com/-0U_OJuzYPZs/AAAAAAAAAAI/AAAAAAAAAAA/AMZuuclBRb9DbiEyeAskxYY0aBb4E7lIKg/photo.jpg,why you guys don't create a item or button to escape after beating the bosses. is quite hard to move around as some area with many traps,3,0,1.0.0,2019-03-28 17:45:01,,
gp:AOqpTOEpCX9KsM3jVStfb0LkNAvSDHst7x8nYGKOeHTRs4GlAfw25kZmuct4jalnIbnAPiVabh_l2J02DYZ0aQ,Angie Chen,https://play-lh.googleusercontent.com/a-/AOh14Gj5SmjiPphx7Skjd6KLDyJWJGUs_q-SkRWwkQpL,My favorite Lenneth & Lizard,5,0,1.0.0,2019-03-19 17:50:02,,
gp:AOqpTOE5v5K4J0A1wu9iRL8FXST5iwGXAYmUo5szUnkttL309M0aArpGdSl43xVIQMpM2JcKiEnbQ-k73JudJA,Kitidej Itthiphong,https://play-lh.googleusercontent.com/-uXN9ROHCBS8/AAAAAAAAAAI/AAAAAAAAAAA/AMZuuclhkoUpIkEnqqIfEiQU4M6CFSc7yQ/photo.jpg,Hard for control,1,0,,2019-03-11 07:28:53,,
gp:AOqpTOG1VrL7tHBXmkY2GrEZKzfv06SVlDrHIrZv3ggWDlk5lncYriFV7LvXrqlunt53mQk8QqEg_6JClSm-zA,William Griggs,https://play-lh.googleusercontent.com/a-/AOh14GjCzxBd45ibfvBKtuRP-ZAGJvk_Ie_xOhBkzLIFjg,AMAZING!!!!!,5,0,1.0.0,2019-03-01 17:34:59,,
gp:AOqpTOF6ovifH4rExgeDv_WGrXo07Ou6VGnXzvUgoX176MauxLo-VGxrR-TFEVcG5EF8s4eH2f5BAvw7bXfZrA,Jan Castillo,https://play-lh.googleusercontent.com/-tAu3hP6WAnQ/AAAAAAAAAAI/AAAAAAAAAAA/AMZuucliEQxxPhnTSWssl4yP35tzYUWTIQ/photo.jpg,"its a nostalgic flashback of one that I used to love with PS. thanks Square enix. I hope next time, we ll have FF8 in mobile.",5,2,,2019-02-18 21:37:35,,
gp:AOqpTOFdeflUn3vHD0mcZyIV5Yqg8-i_HJpJ7DVUub9aEPThoFhm2IPOmZRbwjdZ0P_ANVQGR3KFKXz_GYHHvA,Pat P,https://play-lh.googleusercontent.com/a-/AOh14GiM_BGDgbqy1crr2e3AAvzceAg6UsExwnP0FsdZgg,"I bought all the IAP extras, but they do not show up as purchased. I tried restoring the purchase, but they are still shown as not purchased.",1,2,1.0.0,2019-02-18 04:32:34,,
gp:AOqpTOHGN8wazB_csToeEtdf-HFltP7Mio5KbsHXXR6cOF_jcqwUSspEud-2ps6P2z5Fdr-zTV5z_L1WiQ7fKg,Hunter Harris,https://play-lh.googleusercontent.com/a-/AOh14GhQbCzFFThHv7rmqPGMmU3pkjGu7ZJ4RdXh2sHc_cY,"The controls make this painful to play. the platforming in this game is hard, and its rendered harder by bad controls. Combat can be the same, with characters unexpectedly not doing anything, ruining combos.",1,8,1.0.0,2019-01-29 14:24:22,,
gp:AOqpTOFZDQMV8WV83akhCCyogYYLg-1TWuuKEAosM4CQ9Yp2WupVdppnmsdyKIox4DKDvPxtXB7HQ268ZV_H-Q,Jonathan Clyburn,https://play-lh.googleusercontent.com/-v4V8dmma9-s/AAAAAAAAAAI/AAAAAAAAA0Q/AMZuucmfpbq7HqbxlOnCAzFUyXBWwQhhgA/photo.jpg,"it would be 5 stars if it had fixed directional buttons, cloud storage, and most inportantly it didnt drain the battery so fast. i have use emulators and they dont suck te battery dry this fast.",4,1,1.0.0,2019-01-28 07:35:12,,
gp:AOqpTOGF_EUkml7ONSfIlk_PargG-i_4k99AWT3b_Gk8waaanv_X30ZlbXakBUVrJcqt7uiTZVJYardpu5ylrw,Antoine Askew,https://play-lh.googleusercontent.com/a-/AOh14GiUKe5mXwhjp-NABpC8ZGgk69zVatjFp9eIPbt0-Q,doesn't seem to be optimized very well. 18 bucks is too much,3,3,1.0.0,2019-01-25 15:29:35,,
gp:AOqpTOEVnj-tD1Ym883YPAYwDgRSGg9BqDJQ8GyuxVmBlype5dLTLEP7DD-B_ISlmqSW_-yVjKJCxa5m4MhZiA,Slick B,https://play-lh.googleusercontent.com/a-/AOh14GgdZzaL-YeRQCMeN3r2Qldi4OcfmrCLCkgWPbP4mQ,"Amazing game redone with amazing on the go aspects. needs more controller support, some of us android gamers actually like using a controller ^_^",4,0,1.0.0,2019-01-15 11:05:52,,
gp:AOqpTOEFFrUd_iukyjiEG7DNVpyVqqg39R3ZUo4Gulh0YZJE5fDZItTDtj6CnRIuP_K8ucPcD4lUszhAAfWXzQ,Cyraph Wyssan,https://play-lh.googleusercontent.com/a-/AOh14GjCBDId5gV4M0kDbjl0kjrpCwlI8pQ0O3f0BJOx,A jewel forgotten for a very long time.,5,0,,2019-01-07 11:03:50,,
gp:AOqpTOE2uOe_mTcYkBZ2b9ran-QFiZbtkvtliYDTRPClCCicHSj7clZqRsZUedD6A6A3wfdofVJQo8_MDDP0gw,A Google user,https://play-lh.googleusercontent.com/EGemoI2NTXmTsBVtJqk8jxF9rh8ApRWfsIMQSt2uE4OcpQqbFu7f7NbTK05lx80nuSijCz7sc3a277R67g,I love this game but it will not update at all! please hell square! pleeease,1,0,1.0.0,2019-01-04 14:02:57,,
gp:AOqpTOGO7Cs-wcvSdhsWuZh6dwc_NxFt-WPKPgxGCqQiHVFU4RpE5aZdO1aQUnXXNZUOWaGyvqZFGBzdRDzWPw,kid cringe im fucking funny,https://play-lh.googleusercontent.com/a-/AOh14GirJKkVHm31aKXsgyqEe3hq1vChoyxOis5-HXRD4g,just got this would like a refund not my type of game video kinda misleading,1,1,1.0.0,2019-01-01 13:50:36,,
gp:AOqpTOGysV-K5JUSx3GR1PlUlH4TIJ80HkKyKa_r-KfFpk0svM68oC-ysCrWznzmYQ_899nsB33NMw_xVJeb8w,Laith Ahmad,https://play-lh.googleusercontent.com/a-/AOh14GgbXqkHA976Lab2tG2GfG0xfBkkvanUrpxaBn7u,"Seems enjoyable, but very poor controller support. Tried three different controllers - only a wired one worked, which is not a good choice for gaming on a phone. No ability to test or customize controls either, you just have to hook it up, go in-game, and mash buttons to see how things work. The FF4 port had good controller support, so why didn't Valkyrie Profile? Judging by others' comments on a certain section of the game being impossible with the touch controls, I have to pass on this one.",2,49,,2018-12-30 20:40:58,,
gp:AOqpTOGHuSl5YC49yz1fmp063X2sDyccq1lAChZkDnHFLSTFmQTTdTuwQxNyrJ4jJrEb8vV6dViZy11xNBhy5A,A Google user,https://play-lh.googleusercontent.com/EGemoI2NTXmTsBVtJqk8jxF9rh8ApRWfsIMQSt2uE4OcpQqbFu7f7NbTK05lx80nuSijCz7sc3a277R67g,boring so far !!!!,2,0,1.0.0,2018-12-29 20:21:57,,
gp:AOqpTOH2cB4raDu1g3VJHmuOc2iGVv93d9bPb_gzjPwBGpqtCXooWL1nJk-vjQRQqCv8wNqQOsD-4iMqg8h6gA,C Clark,https://play-lh.googleusercontent.com/a-/AOh14GhkVuvXZn-qbcw80OhRz2SDGcdd4wrFSfFSkZO73w,"Easily one of the best - if not the best RPG of it's era. This is a great port of a game that was very under rated for its time. With all the hand painted backgrounds, awesome voice acting, and a very great story , this game still holds up. Now Square-Enix, get off your @$$es and make part 3!",5,103,1.0.0,2018-12-25 08:40:05,,
gp:AOqpTOH1djVjOQhmYbfb8CBOh5VMeYyhJr0X32MN4zTXNeHRglw-33miHikw_rF57hfSjM4ZpfP3PJhi83Aqrg,Xiao Chi Zhang,https://play-lh.googleusercontent.com/a-/AOh14Gh7J-o93nPMUSuQoA9mfFVVG51zj_11QSfyr4Cq4ds,"Great game, terrible port with truly archaic movement controls. This became apparent once you start to explore the dungeons.",1,3,1.0.0,2018-12-23 19:41:03,,
gp:AOqpTOH8U9Ln7aH7OoW5m9Plj3RVm0V3dLn8UXF-HtFsEaYhxa04FOMdlDJg4NlT7VeIg6HVRj95xmDEvMEf1w,Oddnon,https://play-lh.googleusercontent.com/a-/AOh14Gg8Xscbs97l4zd9rzknDgutHUfvkCx9evtptelv,"Despite the controls for the side-scrolling elements being absolutely inexcusable, this game is SO unbelievably incredible that it outshines the one poor port decisions Square Enix made. The content in the game is all intact, with additional things you can purchase if you choose to - not a single purchasable thing adds anything to the actual game. The PSP port is better, but this is absolutely worth the money if you've never played it.",5,11,1.0.0,2018-12-23 11:16:33,,
gp:AOqpTOFDa-07EW0Ng0QuYNpjUcosg9wqGqt4UU-c_lbS7QLlZsfrB52HM284mah1svbsRr8Ikj-Q1zJXCE1DUg,Michael Patrick,https://play-lh.googleusercontent.com/-hQQgXVfTg_o/AAAAAAAAAAI/AAAAAAAAAAA/AMZuucllX24CEFnfolw-qoevjn4YvPzlHw/photo.jpg,The title screen states that this is the PSP version of the title yet they removed the cut scenes and some voice files to offer them as DLC. This is unacceptable. I was also unable to receive a refund for this game despite having purchased it less than two hours ago.,1,11,,2018-12-22 14:38:08,,
gp:AOqpTOG7sViK-Xux1SrAC5hDufpI7ZFPVTk9wQ65ZzOgdohHTn1eKPZWZFw0QcHixPUdeJpU35gSZXEiF58IBg,m zgb,https://play-lh.googleusercontent.com/-bErGTlEUDJA/AAAAAAAAAAI/AAAAAAAAAAA/AMZuucnCmsqzkX742vw35YpJFj0HHOK9ew/photo.jpg,nice port of an awesome rpg. hopefully you can bring Valkyrie Profile Covenant of the Plume next.,5,0,,2018-12-19 23:52:20,,
gp:AOqpTOHpnQ4yBzC-eesdX7xD2WGTbNuO_q3xU5lHBOzI5ZCFMLR22QjknpcSOfBRpOXjkjGYB6xGv0x3X835ig,A Google user,https://play-lh.googleusercontent.com/EGemoI2NTXmTsBVtJqk8jxF9rh8ApRWfsIMQSt2uE4OcpQqbFu7f7NbTK05lx80nuSijCz7sc3a277R67g,"greatest game ever made. now on android. but how do I get my purchased items returned in the game since I had to replace my device? the account is the same one I purchased the game with, along with the extras except for the vid/sound collection but now they are gone from my game. I don't like that at all....30 bucks to feel gypped ain't exactly the coolest",5,6,1.0.0,2018-12-11 11:47:47,,
gp:AOqpTOGyZZTfgcbY81opoQHAkTXjtvI1H-eK7Y5kGQVVHlh1rrLn_CfeG4NuZqM87cFYt9tq2nqC2hFKHHNKVg,WHo S,https://play-lh.googleusercontent.com/a-/AOh14GhswFBiMEQ2VEGKVkoNa8ojdkKcUZFdDdz1Hkq6yg,"Masterpiece ever, no doubt! However, English version dubbing not good, I feel those voices just don't suit the characters especially for Lezard, quite horrible. Wish they will put on Japanese version later, wouldn't mind with in-game purchase. The floating joystick is painful but go with a gamepad will solve everything.",4,3,1.0.0,2018-12-11 00:00:52,,
gp:AOqpTOEuVZz9IcQgSn-Q78izoATIpEWTehDaVKshNWMBwT47s-R8cjLa5w-L7j5JVv-xKkOD1KqYdmG0Jf8pFw,J Smith,https://play-lh.googleusercontent.com/-B6q8VKyN9ac/AAAAAAAAAAI/AAAAAAAAAAA/AMZuucnSaQPNEtUHf-R-PLdaKVk_oVLOvQ/photo.jpg,"No words adequately ever describe this masterpiece, originally from Tri-Ace. Likely Squaresoft's greatest. Simple intuitive controls have you whooping Nordic Ass in no time. Classic",5,1,1.0.0,2018-12-06 07:27:33,,
gp:AOqpTOGPhGCT-Bv1supzOMQBaafa-EJe-2ZCab5RrGLnch0Gqmy8gDWNjDfMte5LD3IEtsvpnK6-_xa0lRmaYw,Mitchell Broomfield,https://play-lh.googleusercontent.com/a-/AOh14GhAFQoIVPggiMz9WHvNvmYM32KERWU8wYCMmIk9og,Best game ever thank u just love it.,5,0,1.0.0,2018-12-04 10:59:23,,
gp:AOqpTOEhaZcPFSlafEAWZZ4w5UcM6OO9Xu9AzCQljhm4b7wTy2989vom7rN6rggYAYs2b-iTwK7IdbQNrGJG7g,Ian Gardner,https://play-lh.googleusercontent.com/a-/AOh14GgxISiH6s7O_JkWicbhZIVoB3kfP00c3B7gJuummQ,"All time great game, but the controls (during platforming areas) seem to alternate between hyper sensitive and unresponsive. VP always had tricky platforms, but the jump button in this port is unreliable. Not game breaking, but makes hard to reach treasures a real chore. Still worth every penny.",3,8,1.0.0,2018-12-01 12:49:30,,
gp:AOqpTOGzusPLyRU_bX4VnNmUw7IzeMeuxymZOnRSkUNfyrBi1-Iyf9nEjcvk-2K2GSm6hqyjAggxRkj0nV_9nA,Davis Eli,https://play-lh.googleusercontent.com/a-/AOh14GgbiAwi7Vq4dW1peE4UfLkjF18X9tATQRfuwsw2,Would be pretty good if it weren't for the fact that the mobile controls make some parts of the game unplayable because they don't register my inputs fast enough. The dark tower of Xerva is literally impossible because the app registers the input to jump so slowly that she can't make it across the three pillars in that one room before getting knocked off.,2,93,1.0.0,2018-11-29 14:18:12,,
gp:AOqpTOH3vfTHoHEnFhPYWnWNzrnEIV6in0HJICOPaM8IUNkri1kAVKv5PIvIBFnPJRGozgRs-vHUkypvZbxZ7Q,Brandon Tate,https://play-lh.googleusercontent.com/a-/AOh14GiX9Eph1kV_cNO3qaEpOL13QN8rlh9o12en_lLS82k,The game is everything I remembered except the on screen controls really suck. I picked up a Bluetooth controller just to play this game. It great to play it again.,5,0,1.0.0,2018-11-19 15:06:55,,
gp:AOqpTOEEc0VYzl0PR9NeJ8ycpYMv7R_WaBm0jh_MUXA0Ctd42jzpNLKygt9xaYXCkcG1lmyZyyf6wluqGEZ6Pg,Paul Allen,https://play-lh.googleusercontent.com/-4uROErH8Pv0/AAAAAAAAAAI/AAAAAAAAAAA/AMZuucnSD_FqFbfS3EZ-Ndhdze78mTidIA/photo.jpg,Top notch,5,0,,2018-11-13 14:41:04,,
gp:AOqpTOEI052BeGHOMOZ0CGzT0hY3HxxaMEtSZo70t53IFH7jcDtPM12IOb_SXLaylrnbEHCWN28TguogQvpISw,Efrem Twitty,https://play-lh.googleusercontent.com/-QHKbMEkxgio/AAAAAAAAAAI/AAAAAAAAAAA/AMZuuck_ESB3ObwzD2j39Ni52_1-UAz5pA/photo.jpg,The Control scheme sucks and unfit for this type of game it's to many things at once you're doing the game originally was made for a controller and not touch screen focus on fixing the controls and my rating will go up besides the graphics look great and the story telling is cool but the controls man... they suck so I have to uninstall until this issue is took care of might make me reconsider purchasing the next game you guys bring out and what about Drake Rider you guys should remaster it and put it back out never got to try that,3,8,1.0.0,2018-11-12 23:09:04,,
gp:AOqpTOGVnwi6-wiKA-nt-t53N58AfUEJGUyiXOcjMlYBBUPQzjrIM7gYSHk8lQHpZFHNIWPRaASEiSPYufaqtg,A Google user,https://play-lh.googleusercontent.com/EGemoI2NTXmTsBVtJqk8jxF9rh8ApRWfsIMQSt2uE4OcpQqbFu7f7NbTK05lx80nuSijCz7sc3a277R67g,Gameplay is to slow. The reaction speed for the controls is slow and causes a lot of problems in the game. Just trying to move on the map is a pain.,2,5,1.0.0,2018-11-10 13:45:57,,
gp:AOqpTOHteitW35u_1dppk8j23EjqvKP0x_OONV6SJnu3OLOVhvS7it-rysLvWhuFHrqlBW8j-wNHZyOkNtJ3FA,Duc Tran,https://play-lh.googleusercontent.com/a-/AOh14GiwT97itaBnuDDyKvON0J_lcwWCvW8OMm9qXsdIIQ,my extra purchase on bluestack somehow does NOT link with my purchase on my smart phone,1,1,1.0.0,2018-11-10 08:15:32,,
gp:AOqpTOEXi8gZ19q8StLbW2nwktmVNZ5zMxj0hYJAGcycyGE3P643eFPuonR0hzWz-cuRihO4bIyvzCqNyzFf2A,A Google user,https://play-lh.googleusercontent.com/EGemoI2NTXmTsBVtJqk8jxF9rh8ApRWfsIMQSt2uE4OcpQqbFu7f7NbTK05lx80nuSijCz7sc3a277R67g,"The controls on this are so terrible it's barely playable.  The game itself was one of the greatest RPG's of all time, but this port over is GARBAGE.  AGAIN, another SE game that was ported over that sucked and was barely playable!!!  There should be a lawsuit against SE for these android ports.",1,19,1.0.0,2018-11-06 08:06:31,,
gp:AOqpTOFxAOD3TpFcRIrzFjo9t4nDvc7ZoeXqqnd5932nkiR09pGj3YcXZfuJkoGe4OrNT-iwgbV6IJYtLxxokA,Andrew Lane,https://play-lh.googleusercontent.com/-FyPNGwfqo00/AAAAAAAAAAI/AAAAAAAAAAA/AMZuucligtu89AB6wUPyHi9gxs4nAXsHOQ/photo.jpg,"Although there are a few annoyances in the port, it was overall well done. I enjoyed the game even more now than I did on the playstation many years ago. I cannot in good conscious give it less than 5 stars. It does need a scene skip option and better gesture based movement controls instead of the on screen joystick though. Let this game be engraved upon your soul!",5,6,1.0.0,2018-10-20 03:19:58,,
gp:AOqpTOH-ChaJmtGbebPEOmdgS2AQZbHpcCDhOPVVhNUnj-swLZjV2WJgGC149gEP-OttRZ6jXcckhKN9Eaop7A,Matthew Pedroli-Loura,https://play-lh.googleusercontent.com/-DqXA91LP8Eo/AAAAAAAAAAI/AAAAAAAAAAA/AMZuuckGX0jnqCsXyf4vOmbrUMpnwOezXQ/photo.jpg,"Rough controls hard to traverse the games 2D aspect of crystal jumping to opposite ends, however I love this game and I'm happy to support it! In hopes of Valkyrie Profile 3 Hrist or maybe a remake!",4,0,1.0.0,2018-10-07 18:47:05,,
gp:AOqpTOGp8XYI107NKiVIvS_9aRoOlqAHX8XnSOsq48wlfkAV4xnXlN1KEMSPXlcqpnmJBn7i9ZVfugxqfoX79Q,George Monet,https://play-lh.googleusercontent.com/-tEiGpPlA8aw/AAAAAAAAAAI/AAAAAAAAAAA/AMZuucmpSLKrlxicZjao1TOLrrkhKcgcXQ/photo.jpg,Valkrie Profile was the greatest and most underplayed game on the Playstation 1.,5,0,1.0.0,2018-10-07 05:34:58,,
gp:AOqpTOEEZXS15YOIskxU5aJ8ISBELItyije0zOIeKf2ILT4XxN-fTMDgay4iDPll2os3_srLmP_wnc__Saz1AA,Mark Bean,https://play-lh.googleusercontent.com/-sZCTYrD_qCk/AAAAAAAAAAI/AAAAAAAAAAA/AMZuucnB-PbG_VKYGXXAwOaPZwC3bhc-LA/photo.jpg,"I cant download it, I've tried it many times, it still can't be downloaded.please return my money that i paid, thank you",1,0,,2018-10-07 04:15:25,,
gp:AOqpTOH2CO8KSGyY00CGJk6Rx1nNgRupDxY21qbmCBWWsiuLw_YKZhupBwj4Y4bIJorxEYYWhC77EdmYbQkSgw,m sebas,https://play-lh.googleusercontent.com/a-/AOh14GiGz11j62m3B-9my_4y_UDz9LKzlnDty_ILit4G,"Good, but has problems with multitouch where it won't allow you to do crucial things in certain situations, such as jumping while running",3,3,1.0.0,2018-10-05 14:41:45,,
gp:AOqpTOHptciwyhyEOgBS3ACb9_YjXg5Fq30VgvVZmp0jisZ3oV0Pe0rv8HX09_HUfxdEktk9mZ3zseu63a3RPw,Jake,https://play-lh.googleusercontent.com/a-/AOh14GhYFvPY5eUPfspwFrAl5052BMfC3obMNO8v7s66,Finally a re-release after waiting for the whole of the PS3 generation for it to be added to the PSN store. Here's hoping it's on the PlayStation classic,5,1,1.0.0,2018-09-30 15:41:47,,
gp:AOqpTOEsno6E_2s40Ea-xUlyguPVbwnPoEz8b7eb2iSI1LFiBcRNWPejU86-Wu-7z_37dsFfW1dcGqsNt8IxfQ,Sandro Oliveira,https://play-lh.googleusercontent.com/a-/AOh14Gh_GPpQb-4HWKULrvnHVVdZkM48VI_ZDj59e9CElQ,"A game that marked my childhood, wonderful",5,0,1.0.0,2018-09-29 04:37:42,,
gp:AOqpTOHno8rYfwXnym-iH5YrPg9Qn5K7R69Ojoi1nliJGH_j0grXwBpxuhbLZp64M4-HwdJHNgOCFNPNhQve8w,David Reardon,https://play-lh.googleusercontent.com/-Ykt2pbTJqkk/AAAAAAAAAAI/AAAAAAAAAAA/AMZuuckekw09PAAT3GQb_CMmm2vC3mUdKg/photo.jpg,the game won't even install,1,0,,2018-09-25 08:34:45,,
gp:AOqpTOFPXpZaHBwPI38Eo61HoGu7hbo5Mtte5b7TVqq00oWTu58wWoyVF2YR32zySqHaSnUXFzbZnSZF2yHPfA,Doug Urban,https://play-lh.googleusercontent.com/a-/AOh14GgGJW4HDXvS9xqHN22PeVrXQ7uGX2THmJm0eDOktw,"One of my personal favorites. Still have a PS1 copy. I was thrilled to see it available. The touch controls are super clunky and imprecise. Navigating dungeons is a chore because of it. The additional ""content"" is pay-to-win garbage, marring what is a beautifully designed game. I'm not sure if they tweaked the leveling to encourage people to buy EXP and attack power, but it wouldn't surprise me. The combat is still fun, though.",3,11,1.0.0,2018-09-15 09:13:12,,
gp:AOqpTOGqhlTxlOlGVBJhVzILrXGJjmveF31nTL0cM8TPktA0i3mzAUxb_YtMDPvX5ObE6UQttRE6PMseU_iv8Q,A Google user,https://play-lh.googleusercontent.com/EGemoI2NTXmTsBVtJqk8jxF9rh8ApRWfsIMQSt2uE4OcpQqbFu7f7NbTK05lx80nuSijCz7sc3a277R67g,"The controller support is a big joke. You can't control any menus, including using items or casting magic in combat. If you change your button mapping to classic (switch select/back buttons) it will also mess up your combat buttons so you always attack with a wrong character. If you want to play with a controller, don't buy this.",1,3,1.0.0,2018-09-04 03:43:18,,
gp:AOqpTOHiDleXNSMzpEuo_-l3MIqARHD-WRBZXQ6NFIrj3WynlE43Z30fyM-cW8SatLGflVHHlz3XA0JTXEzkjA,CurseTea Time,https://play-lh.googleusercontent.com/a-/AOh14Gihvda4EjHxcvJuV_ZbZWIrxvU_YdXOcWXldPaFPg,My favorite game back then OMG I miss this game <3 it was an instant buy to me when I saw it here xD,5,0,1.0.0,2018-09-02 03:55:51,,
gp:AOqpTOF5BybpGS2VHv5Rd2gQISsYn6JBTsPckXtMrMr9sPpx0RBa3M_wTsvLfZOCw92Hl-baa71QJBO_MIVIvA,Roney Desousa,https://play-lh.googleusercontent.com/-iekrO7-MvcM/AAAAAAAAAAI/AAAAAAAAT7U/AMZuuclTDJz6iqg4dQn2Vfl5R7l9OP4sag/photo.jpg,"I first played on the PSP. This game has been a favorite of mine for years, and replaying it has been a joy. I totally recommend this! I do think using a Bluetooth controller makes it that much better of an experience however as the on screen analog stick is honestly terrible. If it was an on screen DPAD that was static like the buttons, I think it would control much better. My only major gripe with the game is that on a Snapdragon 821 device, It shouldn't lag and be choppy. The game needs to be optimized as this is not a demanding game. Until then. I can't enjoy it on my Pixel so I need to give it 3 stars.",3,1,1.0.0,2018-09-01 19:57:33,,
gp:AOqpTOHOXSE46cZdlRT8t7nFPPH5ciu_nFtv2Vdh3Ve4vWSmGYsAPcNDkS3zYjejw4LVGt6NrNqiCs_fvaSYnQ,B Wells,https://play-lh.googleusercontent.com/a-/AOh14GinwlnA5X2adFEqSQaOw52Ab1CfjEbGz3a3wrc9Gg,Very good game. Glad its been ported to the phone 😀,5,0,1.0.0,2018-08-25 15:23:51,,
gp:AOqpTOFYFapQsYBI7ywG-X1mr9A5Grej9ZmR9Mad_6TABPLIo7HihVqtFNOgdSEUIHRewFmHnkIdPC8_9IFVQw,Rainie H,https://play-lh.googleusercontent.com/-4oQ0aICLWRw/AAAAAAAAAAI/AAAAAAAAAAA/AMZuuclgDA2-HjzRalchMuP21u6qUJ-5gw/photo.jpg,"I'd like it even more if the game had Japanese VA option. The game as is surprisingly has very good control for mobile, the improved graphics and menu are a nice touch.",5,1,1.0.0,2018-08-23 13:58:11,,
gp:AOqpTOHzE5ytZ9diX_Cw_FQSH6pIYUjOVo9VXdQKJDk8SM_227Kj7z4HT4EWYGsU8KYVtRA_HYeU80aAK29NQQ,Steven,https://play-lh.googleusercontent.com/a-/AOh14GjU6-b2DNhkJTGT_7f30upEpX8Cj_MFOJWHGWMVVQ,"I wish theres an option JP voice, or perhaps make that purchase-able 
feature?",5,1,1.0.0,2018-08-05 10:59:28,,
gp:AOqpTOHAGbtWuf6bc0YF0hGd-x3AyBiRGASCx-rDGZlXukrQvgeNTgQ81cbTTiPCQg1C1n7gDV3T3g2ucLUEjw,Kurt Russell,https://play-lh.googleusercontent.com/a-/AOh14Gjdeb_fsi_ib1a1JZoKac5AzG1vGo5oU6TLdiNIgQ,"Can we please get a fixed joystick. The platforming is horrible on the 
touch screen and I believe it'd benefit from the option.",4,1,1.0.0,2018-07-28 15:09:29,,
gp:AOqpTOG8S2IRimzWyKk4ss6tCdQiCu73vNv79uphmILzyhBqsJgtTtiRSan2BXTkfwQtmtYuO3AM8r10a3KbXg,Oni S,https://play-lh.googleusercontent.com/-mbcnS1C6hh0/AAAAAAAAAAI/AAAAAAAAAAA/AMZuucmIr2UyXFVqlg4HR0fUS42JZSmzFw/photo.jpg,So many memories,5,0,,2018-07-18 21:18:12,,
gp:AOqpTOEEMs_InPYdleTa_zfmzRoo8Aw_R2yoAUNgrv33c_zAGkd0fH7gZGBXNc07Qp9ppV6C6StfpWCPl1xCbw,BrothaMan,https://play-lh.googleusercontent.com/-RP4fKdpluS0/AAAAAAAAAAI/AAAAAAAAAAA/AMZuucm1paCCpPM_Fs7Jk2cqA5C4XH1XRw/photo.jpg,"Give us full controller support I want to be able to change each button 
individually. I love this game though. Always have always will",3,0,1.0.0,2018-07-18 19:52:30,,
gp:AOqpTOHdSxVsRkGzewTS9t1kaclyEfjtyExBa5-3PPFmnl0O68hQ8p-V12hxaXFfe0KWn5Ji4snnFyO6g_OqoQ,Alan Fuhs,https://play-lh.googleusercontent.com/a-/AOh14GjAoTHuY8ddjC9mZ35H3h6_aD7w1-MbAoEhj0_nhwc,"The controls are miserable enough to destroy the experience. Don't buy 
unless you have a proper controller.",2,3,1.0.0,2018-07-13 20:42:19,,
gp:AOqpTOFe23MXSk7GrvZiAsFjuI5StKoaG6yfb44wNkdVegspfZIlLEyMeGncIAnuX9HUZff8F7WIkKiVCgQ85A,Sir Jury,https://play-lh.googleusercontent.com/-0QjcLcpnh4M/AAAAAAAAAAI/AAAAAAAAAAA/AMZuucmez9NP2KnEi4Qz0ebIHP_WcGzw8w/photo.jpg,"This game is pretty good. It really needed a D pad but other than that this 
game was awesome.",4,1,1.0.0,2018-07-11 18:16:10,,
gp:AOqpTOFDVarZw1eZwBR_LsUmWaLy-UrsCLNjXrL-PMiUqKLuu7UNKf8xQSYutMdmtlNaKshL-grjEg_XzDv3vw,Donnie Leong,https://play-lh.googleusercontent.com/-ORBKL9Z6h9E/AAAAAAAAAAI/AAAAAAAAAAA/AMZuucnWS_46pLwFyWwTgVWQqqTzg9hwuw/photo.jpg,Keep the game more update,5,19,1.0.0,2018-07-09 05:35:12,,
gp:AOqpTOEVU-YC2kx1Qrvff1y6JZHjaYp6KZFTaXtuO6bDxvlel6Wo5e5WqXwhA-QTlxXRu2kbNwdluzC004MMyA,Teerasak Tabsai,https://play-lh.googleusercontent.com/a-/AOh14Gib6SRr51iAVbrTsDSLIyvUb1HkYcZn7uzOraMF1A,My Fav game with very good story,5,0,1.0.0,2018-07-06 08:08:36,,
gp:AOqpTOETX7jgPvQEhukkeZz9Az0kgfgL86gczGmTLJIghf1rrqV74R1GCpWSAVP-u2STubCIyKiuZ2FhRVX2VA,Aaron Osburn,https://play-lh.googleusercontent.com/a-/AOh14Gjde2xucg62HRxn27oR2bDRRwdIPdmDR8qrVjed2w,"The controls are difficult, the sound goes in and out randomly, and there 
aren't any options for external controller usage. It's nowhere near ready 
for public use! Really desire a refund!!",1,2,,2018-07-05 20:17:49,,
gp:AOqpTOFkSichocoJYtsUsoxP2mbLNiarKwtvVK-u4vNieQ0gJoBdEvcD2e0AWrwuqsJkc19rJNBotEpQTKB7kQ,Alex Hulsey,https://play-lh.googleusercontent.com/-TShcaZekWwg/AAAAAAAAAAI/AAAAAAAAAAA/AMZuucld9qvdvOVuGgKhr1877eAI5mvBfQ/photo.jpg,I love the game it's very fantastic and I love both playing games begin,5,0,1.0.0,2018-07-04 17:15:44,,
gp:AOqpTOFA6CyYl1SsKPZBIK_sxmVhxL3uBO5V8_D4HM7ZFQdBy8EYbFfJUsLah1zsQVyWaRFoIurwkKhEWDIwbg,A Google user,https://play-lh.googleusercontent.com/EGemoI2NTXmTsBVtJqk8jxF9rh8ApRWfsIMQSt2uE4OcpQqbFu7f7NbTK05lx80nuSijCz7sc3a277R67g,"Download it but only got to the title screen then nothing. Now it works 
lol.........",2,0,1.0.0,2018-07-04 13:04:58,,
gp:AOqpTOFK-YdXJApLFBrL2H4Rxzt3W0IpdC5UPV18lnMjg2TdgEvxH8mkOntP_KF8gyxWm1qVWajvnRPJh0Y1eQ,Benjamin Street,https://play-lh.googleusercontent.com/a-/AOh14Gij3aJ7iMvKA0v92tqJM-dskURoi8hUwjnqfoMuTw,"After suffering from the frozen start screen others reported I contacted 
support. A few tips and an update later(24hrs) I'm loving this excellent 
game.",5,0,1.0.0,2018-07-04 06:12:40,,
gp:AOqpTOGPSQ3LSTJPJ5Hs1WudPyUyD19gLYZFKly54VC0gPa9QVnzdkZt75fGbsHbbM4jr_zjaL3w47kEov-E7g,Rudolf Putra Limbardo,https://play-lh.googleusercontent.com/a-/AOh14GjNXuLgcvBhJ5YOKYkiPyOzEWU9aaE0HrkuvJ3qqA,"please help.. i stuck at opening cannot load anymore.. i already played 
since yesterday.. how can i solve this??",5,0,1.0.0,2018-07-03 16:39:18,,
gp:AOqpTOHPmbQEM-EEJrQNfwS7bWsrUIA1bz_AcqM8z1YxNibZvHPAhbG6mQ55XG1F5o6Mg9zN-q05GMhE5B8InQ,Andres M.,https://play-lh.googleusercontent.com/a-/AOh14GjZbVSNF2eVOgVWn4wOyoMqAVKSMywDNs0PWEQOQmM,"Great port! It works fine on my note 5 with no issues. There are some 
platforming sections that are difficult with the touch screen controls, but 
I made it past them with a little effort. If possible, it'd be great for an 
update to help adjust the platforming difficulties.",5,1,1.0.0,2018-07-03 07:35:44,,
gp:AOqpTOHKjo8atcmXYa7rUkP4-NZLf7sSOS_OuBvJZwceHHX66L1ogZ03YnDbmP8A9n_TnSmEjDpKOVmhUTr9uw,abdo mosa,https://play-lh.googleusercontent.com/-9qCg89lTYVQ/AAAAAAAAAAI/AAAAAAAAAMA/AMZuucktXr5X7RaPTKDVpKHOuqTAAUnfUg/photo.jpg,I have a problem . The Icons in the main menu is gone. I can't play,5,0,1.0.0,2018-07-03 00:43:18,,
gp:AOqpTOE5AJlcUg9EP5ltwetYxWCo8xV6N21_pAzqfwaYjo-TBZyX8mQypyRqj5u5JxpXa5Aq6sDoepDE0jJLSg,Toby Lynn,https://play-lh.googleusercontent.com/-O5VAvH8cSeM/AAAAAAAAAAI/AAAAAAAAAAA/AMZuucnYKL3k5HFio9ip4FEj6SBV3andaw/photo.jpg,"Game is great, but now is just stuck on loading screen and won't start the 
app using Samsung s9 can any one help?",3,0,1.0.0,2018-07-02 14:49:28,,
gp:AOqpTOGp_oDlpB0JzJli-Ue-Vd1juDkwjQq2H8HjYTmsKRnX_5Wtidux4K1DijgHBQBvKfeAago-FFtTX-pzTA,Cantripping _,https://play-lh.googleusercontent.com/a-/AOh14GjMg4zhuMURtllsc5ZGhAzV-WtSqMOr9nN5UXs3Hw,"Stuck in title screen. Doesn't do anything for me beyond asking for 
permissions. Waste of 20€, as far as I'm concerned, unless they fix that.",1,0,1.0.0,2018-07-02 10:22:21,,
gp:AOqpTOGt9HQmwIDsslqNzhvCFBHKcBhtXcy5n5tT2xeb5xPcmcXHlJ1dw8z_Cbw2-7_Ez5vKDBoIuq3oYA3Q_A,Daniel Funakoshi,https://play-lh.googleusercontent.com/-4_wLQsQAWnA/AAAAAAAAAAI/AAAAAAAAAAA/AMZuucnBnqGcLtVG1WHVqkLu2OvNoyqPiw/photo.jpg,"The touch controls are problematic for platforming (jumping around to get 
to specific areas). An option to fine tune the movement analog would help a 
lot (as in, more slide of the finger is required to get Lenneth to start 
running). The game is still good though; I use a lot of on the spot saving. 
However, my game now gets stuck at the white title screen (since July 1). 
Something from google Play automatically updated (without asking me; I have 
app auto update off in Play settings). I'm fairly certain that broke the 
game. I've contacted support from here, and from the link given in the 
automated email. (I saw 2 or 3 reviews stating the same problem, all from 
July 1 or 2). I want my save file, but I cannot root my phone :( Good port 
of the game otherwise.",2,0,1.0.0,2018-07-02 07:22:15,,
gp:AOqpTOF49bm9fiuVvKPIsqn2GE3cR8cq6DaMlMLG9mmv0NAS4kQH9Aw_2CppTDn7tGWMxm7nn9NuBBWrwIFJkw,Rushcore,https://play-lh.googleusercontent.com/a-/AOh14GiaLww2ZDGxpykyUZuQ0bVfdrrPamlIGu26truE,"Was enjoying the game just fine until today when I tried to play and the 
menu won't come up at all. Can't even say that it is frozen because the 
sparkling stuff when you press the screen is still there.",3,2,1.0.0,2018-07-01 22:43:27,,
gp:AOqpTOEF97ytXLM_zMQ6XSS_ARpVolLv-BOTOiPouNVSsSGzaqvpeh5tTQiW085VlR1l7AoV9YweFZuS9BzZ3Q,Jonathan Querrard,https://play-lh.googleusercontent.com/-P6ZXF7N9-6w/AAAAAAAAAAI/AAAAAAAAAAA/AMZuucnP2LLTVr5WXQtHnSolUJF6F0mFAQ/photo.jpg,"Great game all around i dont know why people keep saying the emulator is 
better because its not i have no issues useing the touch screen and not to 
mention you can hook up a controller up to it aswell i use my xbox one 
controller from time to time its great",5,0,1.0.0,2018-07-01 17:55:31,,
gp:AOqpTOFvU8Evb_BnMGrKgeZ10bONjgWku9ZPrPWuwDbsER4oXNBtFJaHber-je-vhvVZMs19cV_dh5AEVkyO7g,Justin Rickett,https://play-lh.googleusercontent.com/-Z_wky95fzP0/AAAAAAAAAAI/AAAAAAAAAAA/AMZuuckwGHmrerFmqVlLe8C7NMG9_VDdFQ/photo.jpg,"It locks up on the white loading screen. None of the buttons for new game 
show up so I can't even play the game. There goes 18 bucks",2,1,1.0.0,2018-07-01 10:48:25,,
gp:AOqpTOHh59KopufsxzXelUk23aK26Xg16uQ2429AYTIl1goY55wg6aErO-doKURGJdV2pHblFiK1Q3Kd8OLTKQ,Andy,https://play-lh.googleusercontent.com/a-/AOh14GjowPRZ1_RT1UrziSBuk9ah2y06jSc3anyo2WlAgw,"Played it on PS1, played it again on an emulator, played it again on my 
phone, and still in love with it.",5,0,1.0.0,2018-06-30 00:32:27,,
gp:AOqpTOF4rTZCTlTYUJteD_gnURuPEfZchV52Ac3tU2Ocbv5UAhWDbQUXGxOM6CmJwkIWhZjHTdkSGgpkvDofjg,Jacob Lowery,https://play-lh.googleusercontent.com/-upvnQ0D47Vs/AAAAAAAAAAI/AAAAAAAAAAA/AMZuucmlUtKWOFCyhjBgc0cKcNHnZHp-Pw/photo.jpg,Keep getting error code 19 all the sudden ☹,3,0,1.0.0,2018-06-27 10:06:43,,
gp:AOqpTOEeZLSs-zASnCDVxZyrQEUQbFOkRQ29BtLbaGvbp7vJ8espAFHkK_aE6URiJT6jt5isqrBtzVwnPAJ9uw,Ardee Santos,https://play-lh.googleusercontent.com/-4qKsglygSbU/AAAAAAAAAAI/AAAAAAAAAAA/AMZuucnuy_TwhdIVrY7etnR6UOUl6GwNuA/photo.jpg,"Great port of the PSP version. Less 1 star for the borders. Update: So now 
I'm at the Seraphic Gate. I thought it'd be easier this time but nope, I 
can't save anywhere while inside like the old versions. lol I'll just 
finish it when I have a few hours to spare.",4,2,1.0.0,2018-06-26 11:38:01,,
gp:AOqpTOETLFOgv7x4ztKTqKwLa-RAsfvv7TypKQKrTcUK8vUK02cUz1MDn_VgiY-BKfZE76TAASy08QxIfMqULg,Steven Merems,https://play-lh.googleusercontent.com/-t0Rgdf2mOjg/AAAAAAAAAAI/AAAAAAAAAAA/AMZuuck1d5Ck_KdZQDYU7so2rlbwDbO_qg/photo.jpg,Terrible all around,1,0,,2018-06-26 10:00:50,,
gp:AOqpTOHky1UaDHP1CKufS4vbnI9v4W_gTWcLMIbiyN9l3K_TAbv0TKceUzU5VT1BJBmq4Zh3CBGOo33cEPkoLg,Darcy Nelson,https://play-lh.googleusercontent.com/-2MwoWFA6TuU/AAAAAAAAAAI/AAAAAAAACEU/AMZuucn31bDr7ODId0gZjFcroTi1zJf3dg/photo.jpg,"One of the best RPGs of all time, though it lacks polish in some areas. The 
beginning is very slow, but picks up after that. Hint: make sure to get the 
""A"" ending!",5,0,1.0.0,2018-06-25 15:37:46,,
gp:AOqpTOFwqXcYfzCLUvizOZdSUAtlcANi3iPFramvtarLgwZr7GBhkPO4kvsO4IOb76XOeYdbgR5O1r2Izg5ssQ,Lycan J,https://play-lh.googleusercontent.com/-mtFotLajuRc/AAAAAAAAAAI/AAAAAAAAAAA/AMZuuckV6IbG2rvX-ZCvlnPajtAJhdUpgw/photo.jpg,"So excited that this game is back in my life :) one of my favorite games 
along with fire emblem",5,1,1.0.0,2018-06-23 18:03:02,,
gp:AOqpTOE0dT9voMfhApAKRGhC5aLXBcMW6uuYk33RtJ6kgMo0k_kltSLxU5hivUDEUlC3kXp7pJG2v6lYk2WwxQ,Luiz Fernando Cairo,https://play-lh.googleusercontent.com/a-/AOh14Gi6vgps-EXc67QNxq3uvjoOGUFKpnFDv6LVfqsYVpQ,"Classic game! I'm having difficulties with the slow controller response and 
I cannot get the items that is similar to a bag! Please fix this.",3,0,1.0.0,2018-06-23 05:27:02,,
gp:AOqpTOH_IR-iFvMB1CKd_fllw9FDnq0x3Y_p19YOoNGEe2Fnx61QU0hqrexMFZrmDHgkOH1z56rkSIKsRd-XeQ,Justin Brumitt,https://play-lh.googleusercontent.com/a-/AOh14Ggga2cMi1XH-wbGwjOnGm5qJF9-X3BNX-kA_fdz,"So glad it's back, would prefer an HD remaster on console but this will do, 
the controls are literally the only downside",5,0,1.0.0,2018-06-20 14:38:27,,
gp:AOqpTOE9sROyzHxd3FAhM_JXcQap9hhpF48g0PkXySdQy8IE18Da6_ys_SQES7r4HXEX2HGPi05WKKHFThL_Mg,Angelvahn,https://play-lh.googleusercontent.com/a-/AOh14GiyOuttyMmMmqGXFHNQXmj819jBCPly9ByC_Hos,"The only thing that is really pissing me off about this game is the 
controls if we could have a D-pad and change the size, and move around the 
buttons that would be great. I love this game and I pray that we'll get 
VP3: Hrist.",4,0,1.0.0,2018-06-20 00:54:46,,
gp:AOqpTOFtL5Q7tR3VmN52zaaXSw_ziyAHTiqje9QpgOHBrijXohZM7ZzZybUXxEbGrjeBVLW9-VdOecsWZoyF0w,Ben Norton,https://play-lh.googleusercontent.com/a-/AOh14GiVQW0yyCrLdG40d5dUzeZLwqmqd1yRLBRDBT_GOA,"Amazing until the end. Flame of Purgatory is impossible using mobile 
virtual controls. You can't beat it, but it is amazing up until then.",4,0,1.0.0,2018-06-18 14:42:38,,
gp:AOqpTOHdRBejqKepxGqeJpee90azqzLjrvO2asUWLhZGcmn1MofF87KJ1Ms-A4x-FyrdMTppWr7VkZ7MaVt4TQ,David Gutierrez,https://play-lh.googleusercontent.com/-bk1q5GhXUgM/AAAAAAAAAAI/AAAAAAAAAAA/AMZuuckQ6nRDYzJpA_cNqdu8R3COLbyoTg/photo.jpg,Love the game. But this game really needs FULL controller support. Please devs make an update for that. After update I will change my rating.,1,2,1.0.0,2018-06-18 13:39:27,,
gp:AOqpTOHQ49pH8t1lRmjRbbkbsyccZaP86mZxCOLApFdNWnqRj65ivri9c9ZJDBQJ-WMS70nYLUy3pLVfcr2Kjg,rubykid15,https://play-lh.googleusercontent.com/a-/AOh14Ghro0qKvHL8-vSZHZ1iM5wlRxkSpfGmyYeWiFcV,"This game is a solid port. My only real knock is the touch interface for 
movement. I feel it can often be very challenging to navigate a dungeon, 
jumping and moving and the same time or climbing ladders. I cant explain 
how many times you can easily walk in and oit of entrances simply cause the 
touch interface for movement is slightly sensitive.",4,9,1.0.0,2018-06-16 23:32:47,,
gp:AOqpTOERT_mPSwX9e8mGJhU2UlZpgIDljC2QbfaHoZbkhiVZPkup31aoFmjmWbVfe4Pptkr8_dP4UyvcKnPwnw,Alexander Ord,https://play-lh.googleusercontent.com/-kn6m8cWCaQc/AAAAAAAAAAI/AAAAAAAAAAA/AMZuucnvktjSNe6hEfthhB41hOJt2kiDag/photo.jpg,"Experience the *best* ps1 era RPG on mobile. I've been a VP fan for years, 
and getting to play it properly on mobile is a blessing.",5,1,1.0.0,2018-06-16 17:57:52,,
gp:AOqpTOHkaW4TvZtMEQkNyojh0jL7Qev6x2PeIxT0E6TJ-la8upVturgOsnF4XykbEjo2a6v_hREsbScOnYw5DA,Dimitri Boestami,https://play-lh.googleusercontent.com/a-/AOh14GhJpz-mIeh-InzZCYvF6iAu1aIN1GGA4XtQEODeyw,"One of the best turn-based RPGs I've ever played! Fascinating story based 
on Norse mythology, great combo battle system, and unique platforming-based 
dungeons. I highly recommend playing with a guide since the A Ending route 
is the true experience of the game.",5,1,1.0.0,2018-06-13 22:41:19,,
gp:AOqpTOHF2-DxiZfAgIaiRImdL-3PZv9tyrrQvsiwC2x_ywnJdOjaVckJ5ESaWUBFxBMXRzel94u1-KbYFa-xmA,Francisco Escalera,https://play-lh.googleusercontent.com/-MitsuEsp4jU/AAAAAAAAAAI/AAAAAAAAAAA/AMZuucm8vTfLW99k599RvmVzOIgVCD86Bg/photo.jpg,"So great! Love the remastering and the ability for my phone to use an Xbox 
One controller with the game.",5,0,1.0.0,2018-06-13 14:22:08,,
gp:AOqpTOESC4m0ArJ2XzJikrbaC_bh8L8lQODCEOch2DkbLgBQ1qEePHMZYMY0JawgHM9BeJlP8QK_y66yTiFCcQ,Aaron Vine,https://play-lh.googleusercontent.com/a-/AOh14GjUCEGdcOMq61zq0ZJM1HBna_lGxpyBjhVXxlIrfQ,"The abysmal controls near completely ruin this port. Certain platforming 
segments become exercises in extreme frustration. The core gameplay is 
great, but fighting the stages more than enemies isn't fun.",2,2,1.0.0,2018-06-12 18:43:57,,
gp:AOqpTOFe_7MiPXSOCYQIeHOOdPKUHuTb6wOOv5ZhX2kH4NHDm6A6AaxMRAAY6s2zq1xGVMpP9VatDN0Th_fZog,Ryan Torres,https://play-lh.googleusercontent.com/-dfIIGjbnHgQ/AAAAAAAAAAI/AAAAAAAAAAA/AMZuucnV-5TMIbMxbvGe8cYdLsph3McjfA/photo.jpg,We need Valkyrie Profile 2: Silmeria as well!!!! :D,5,2,1.0.0,2018-06-12 02:23:34,,
gp:AOqpTOGc7XcwN3JZMnMcmuSQWBlmncqOHqEaGzFjHQ9zzemOGJ9iewzWjrZc3dcERnM-2fMlb_PI4oy6IMrhBA,Rusty Ince-Schroeder,https://play-lh.googleusercontent.com/a-/AOh14Giobp27qG8yPpm9UWam6dXSshEa0mlU50uNIqqRkA,"DON'T WASTE YOUR MONEY! I saw the positive reviews and I regret buying 
this. The controls are awful. Graphics aren't very good. Combat is slow and 
bulky. Do not buy!",1,1,1.0.0,2018-06-11 02:42:13,,
gp:AOqpTOHlEIs1p80_uVBCYoC-K8soQ1AYIXK0yFuwmzoDWsT8OWnq45ToFhWXjoNVFqPuX57N6U7pSHO6SzYCmg,Qui Chau Chan,https://play-lh.googleusercontent.com/a-/AOh14Ghqts7TSkMwkNKwHHTehv4FHXAklC56J5jXxYWh,"Why is it portrait art in game so bad,it much worse than psx and psp 
version, i somewhat regret after bought,please update it...",3,0,1.0.0,2018-06-10 19:51:40,,
gp:AOqpTOFlp4lcuy6rhO5HvvCxLTGKNDmTfg9lO4teG9b5Wxfi32c173FDF7e7dLvAm70FCooCBC5CGvdvhklFWw,ian james,https://play-lh.googleusercontent.com/-zVZZomex0C4/AAAAAAAAAAI/AAAAAAAAAAA/AMZuuckY5FulD6gGwAbsbjJMvhfzCIwzOw/photo.jpg,Almost a decade ago the last i play valkyrie in sony psp.,5,0,1.0.0,2018-06-10 18:02:16,,
gp:AOqpTOHPaGnrBu9YRkdrt5goazP3AcB6QYwkmXmCGJ-FV62P-cyX-pivJMtLMRteSqZX1AsEvCWXrVZfeqpfmg,Katt Hughes,https://play-lh.googleusercontent.com/-vM4oMuJq5K8/AAAAAAAAAAI/AAAAAAAAAAA/AMZuucm4pQr-XM4NpJMbtrIVEybGKYCliQ/photo.jpg,"Unable to play on S3. Been looking forward to this game for a long time, 
but sadly crashes upon pressing any button on the main menu.",1,0,,2018-06-09 19:02:24,,
gp:AOqpTOG8-L8sksKfOW7ZpTRNJX7Bd5Y5prhPAbQF8blc5YI1a5iJRe7_EcE9nujUxLqZGc_8s75yOnxJmc0ELw,Chronicle Rose,https://play-lh.googleusercontent.com/a-/AOh14GiSxCU2iLz88Z7tVTtUdZKbXM_NeEZQRKZGGRKNWg,"I'm so happy this game is now on mobile, makes it alot easier to uploaded a 
lets play series of valkyrie profile onto my YouTube channel. For those who 
are curious to know how this game works and just want to watch for 
entertainment resons my YouTube channel is, Bradley kowe.",5,0,1.0.0,2018-06-09 04:44:32,,
gp:AOqpTOGlW-Oozb35VaNEeU9Upf4e3XnuIDX6uzLhOIVNit3CAeTEg2Jo_JF7zFPrQSTQDUzHHcDA-zn0u1_x-Q,jay jay,https://play-lh.googleusercontent.com/a-/AOh14Gg_rM2MZlV6L66Y_wWQzpcUuzfPu_cUcC-yud9Ysg,"Final fantasy 8 port please. On this game y'all should change tap anywhere 
to attack instead the bottom hp.",5,1,1.0.0,2018-06-08 23:10:43,,
gp:AOqpTOFs83SBlu0Kytr_R6BbfUhmgd92bK8YKiWZd3tI3WBAvbe_u81nEhO0EpylMUe9n7idwRXH9xhBokT7Jw,Gerald K3,https://play-lh.googleusercontent.com/a-/AOh14GhL2r746oiJ6jh9GiXAGTf3veQndrztJ_8RTJU2IQ,"I loved this game when it was on PS one and had this version on PSP. It 
harkens back to a time when RPGs weren't about cinematics and more about 
story with limited graphic potential. The problem with this port is the 
touch interface makes it incredibly difficult to navigate dungeons ( 
especially on ladders ) and the pre-rendered backgrounds did not translate 
well from SD to HD. If you're looking for the nostalgia it may be hard to 
capture with this port. I honestly wish I'd had researched it before the 
purchase as I feel my money would have been better spent elsewhere.",2,9,1.0.0,2018-06-08 18:12:57,,
gp:AOqpTOF2_uAERIdzPMkLOL_XJS-_HmoiGav1-8mQzEb_AkEgSxqo-aeNIyyz1Q6AHtowcUG94W6BkOXFVgMe4A,Overpower,https://play-lh.googleusercontent.com/a-/AOh14GjUBG4nvqrJD2CNk5IY-AcHrzCOenRyjWPdwwHPcw,My all time favorite game. I didnt even think twice to buy this.,5,1,1.0.0,2018-06-08 07:53:04,,
gp:AOqpTOG_1RJUswgPJrmrQVOxy5CDQYVWS-EzUtx2tcTxK7Is2JYNKrGXo1l95bjNRzuoj6h3edrKDXy_PhDdEA,Luiz Roberto Cairo,https://play-lh.googleusercontent.com/a-/AOh14GhnDCH-2KH1fh_6cGs9tb-RKqmO53jrZY9ZLxmLWQ,"Amazing port. One of the best RPGs ever, beautifully ported to mobile. 
Great job Square Enix!",5,0,1.0.0,2018-06-07 15:17:30,,
gp:AOqpTOFmW6UrrLweJZxPirCOe2RXLoTzGE5ga7pFMmiuV5bQSa0YcWNa1Da3VtyFg5mabWnavKdDwbv7-UzZ6Q,Frank White,https://play-lh.googleusercontent.com/-kocg4mHWwKg/AAAAAAAAAAI/AAAAAAAAAAA/AMZuucmp8cn-lwoVEHqVTAU7eZvTALhDnw/photo.jpg,"A solid port of the game. Controls could use some polish. Virtual joystick 
is too small and inputs get eaten during platforming sections. Even old 
emulators give the option to adjust the size of the buttons and analog 
stick.",4,1,1.0.0,2018-06-07 08:33:45,,
gp:AOqpTOGTI7SFS91s0QqyAHQdoMhUukwwRcLuc5_boE7j13qzgGajBQMhp-Pmg2cHWv46wzqyuFVZ1i88a-aMtg,Thanh Bui,https://play-lh.googleusercontent.com/a-/AOh14GhjPwrNwXpNqkSjf0bvA0W6F00UTFBB-MyenEAWJQ,"Great game. The controls are hot garbage on mobile. If you require any 
tight controls then you can forget about getting that treasure. Please fix 
the controls!",2,2,1.0.0,2018-06-06 19:16:55,,
gp:AOqpTOEcm0iwAQQ8F7hbePna-FHqlyi5HcJzfMWog7AqG90zFQ5BkCA93sgWHYKOL89l3mvYB4GyLNlC8jQGGw,A Google user,https://play-lh.googleusercontent.com/EGemoI2NTXmTsBVtJqk8jxF9rh8ApRWfsIMQSt2uE4OcpQqbFu7f7NbTK05lx80nuSijCz7sc3a277R67g,"Everything is great with this game except for randomly Lenneth will lose 
her skill setting. I always have to select First Aid for her. It seems to 
save for a while but then I look later and it's not selected anymore.",4,0,1.0.0,2018-06-06 18:32:03,,
gp:AOqpTOHXK6D2ZHIh_WIhPbCL9xBX6VnRLbwSoI45GoFWAPkhT3D_WiYjcdXNgSB57yqRf-hpfdiXtxC-NM1COw,G L,https://play-lh.googleusercontent.com/a-/AOh14Gh8U4KCMTTAvLp-K88RYH-wwe9wU9wvduCDwnjvTA,Controls need improvement.,3,0,1.0.0,2018-06-06 16:24:20,,
gp:AOqpTOEvAxjp02fFtT4JANW2K4AJWMe0TJHaEnFunysK9iq0hnXBR6DcH6qLgX4j6zUihjBG4qaF9H9aci_bVg,Morgan Spicer,https://play-lh.googleusercontent.com/a-/AOh14GgohO2iIlhYvv2toNat3lzgPg3Zn3LfUMSIrkmzA5o,"A trip down memory lane! I've beat this game so many times and when I saw 
it coming back I knew it was time again! Great graphics, sound, and the 
great feel of nostalgia. Worth every penny!",5,3,1.0.0,2018-06-06 14:30:04,,
gp:AOqpTOGImu_Dmfj55RvrwJgnh8OzS3aIQnEuqnuP3Wo0x4_-LaAsvOzU1sXRHTK9GTxFwdU7z9tx7Ntp4Q80fw,rawrawkawchaw,https://play-lh.googleusercontent.com/-d2wm3h4cz2w/AAAAAAAAAAI/AAAAAAAAAAA/AMZuucn2WJNfD2WRfwUW8ROJGAmAR9b3_Q/photo.jpg,"The game will not download, i have tried several times. Please give me 
refund.",1,1,,2018-06-06 14:04:45,,
gp:AOqpTOFtOKOUamzk3_K0ZqOHqePrEFetn8fxy8q_NCZQxTPRkeGYgtGeaxX31X1UYjdfu8yDNkKeLudutza6JQ,Tee S,https://play-lh.googleusercontent.com/a-/AOh14GiBWo6Z7uHx0nFRCdRFL0xOh8ja27AJr1ICSUPApQ,"My fav game if ALL time ... sadly with this port u r better off playing 
with the emulator... The control is SO bad you cannot pass certain 
stanges!!!! The combat feel very slow and stiff (sadly and emulator for 
ppsspp or psx give you much better/faster combat flow). I still buy it and 
keep it because i want to support this game that i love so much. The story 
is touching, the depth of the battle system is great and they have really 
good music. Hopfully they will improve more of this port in the near 
future...but knowing squarenix... i think they will just milk this for 
money and move on...",4,47,1.0.0,2018-06-06 12:22:22,,
gp:AOqpTOGGMn-Vrp90GjKjXaifaeO2jPOG5E4t5dqRUH0waxin0Ik6bGW3dt6u-p3dJCM9okpJj6ogAP1oDhF2QA,Gaijin,https://play-lh.googleusercontent.com/a-/AOh14GgGr4AbT1zfzRJOEN58zV4tA8iC2QCQtzSZe1QRxA,"game is epic as always the controls is the worst, it affects the game itself",5,2,1.0.0,2018-06-06 09:00:21,,
gp:AOqpTOGecjF_oV_oxkp56jq6SF1um9bGHrs2BfY2lFC2a-HbCCoaShbH2wwjoKDQSeMlORpNfoTZtJPvBd6U7A,Ling Xiaoyu,https://play-lh.googleusercontent.com/a-/AOh14Gg9kC94hMM3CDryPTsMlVuX95yIHWyYXN5urJdA,"Why used ""gamepad"" only available on dungeon exploration only??... Make 
available on menu and battle too (sorry my bad english)",5,2,1.0.0,2018-06-05 20:01:04,,
gp:AOqpTOHZbrnAB038QH2LHPTgMb93ecNMamSp8K0KTndIFRoq5TSAr05zKnLaFrBcHfwJ9zZVkk53tpijZkO4Sw,Quiet Esper,https://play-lh.googleusercontent.com/a-/AOh14Gg48GGm-GKtWN_MgKPK1hSnHSM8bKl_nM52TZZWwg,"I love that its on mobile and loved it back when i was a kid. The only 
complaint i have is that its a bit laggy on my phone. Other then that very 
great work. Hopefully i can get a response, it'd be very much appreciated",4,2,1.0.0,2018-06-04 22:17:46,,
gp:AOqpTOGUcop5CCCHMkSixWjHnn_evbVCKSf81Th9-Qi46q-DpVreT0ZPTJmqOIOk13VKC-BRuUgYN9J76GrLYg,simon moloney,https://play-lh.googleusercontent.com/a-/AOh14GgPF9S1MW1M5pNiDkpQMVSrYXznPWT7-o4ytbskBQ,"One of the best games of all time and I'm not normally a mobile person just 
love tri ace hopefully we get star ocean 1 and 2 some day too I'm sure it 
will happen",5,0,1.0.0,2018-06-04 13:12:47,,
gp:AOqpTOFeIkZTwa5RdGKXtylOHGnJ-MDHgqG9gHtdVB--z6HfnExcNyYUO2VP3T6j520lq_Z3Hqz2xN7MM768mw,Goran O,https://play-lh.googleusercontent.com/a-/AOh14GiBD50DhEYRlHfmS48SjAqT4wKz__VqQBMU59Lq,"One of my favorite RPGs of all time finally ported to mobile. Price point 
is a little steep but it's totally worth it. One of the most innovative and 
cool combat systems and an engaging story with interesting characters.",5,2,1.0.0,2018-06-04 08:43:38,,
gp:AOqpTOFWqfmYnMYnBhB95-4R2WDRKh2iDjMKCMAdQ4NoUJXw7kNVMgHLuERvbri8aOtRuSfEZ8IGvQOWKlfWow,MrRgprodigy,https://play-lh.googleusercontent.com/a-/AOh14Gi3Yg_bJPSUPdnG742z1JaJ7-VS5712uZZLRLvB0A,"One of the all Time greatest RPGs I've ever played. The soundtrack and 
voiceovers add weight to the sorrowful story and the game is packed with 
different decisions that affect the game as a whole. A true masterpiece 
that fills my heart with joy",5,3,1.0.0,2018-06-04 08:15:54,,
gp:AOqpTOHD9EfcJlU3XEH_ooINSZwGZUsUMX4bpvQUUfUWcq2GqUPUqQAWfoDx8m0sR-2Rq_J9A04WS3DfHYWoYA,Mausashi,https://play-lh.googleusercontent.com/a-/AOh14Gh4L4Sb9lbhAQ-hfmNbD9UU4wqFRluvioo3bHLyqA,"Hmm was good but disappointed that there's no Japanese Voice over in game. 
The trailer have the Japanese voice over :(",4,1,1.0.0,2018-06-04 07:09:33,,
gp:AOqpTOF1_aWsjxP-98zMv9SA1OuELb-WsmR4I1f_tz9J0Z766GDKAr0ukMZaQ7S9a-ssZ_iBSYufBV4tSv_ODg,ERIC COREANO,https://play-lh.googleusercontent.com/a-/AOh14GhjTS5XAk6DyDYEsqacwso2dIUeI-mE4tb-rgUifg,I have love this game for a long time,5,2,,2018-06-04 06:34:05,,
gp:AOqpTOETK7VYUykZ4u5K3CF5YjlwF8ESBJmVdHqlW_UP-JCUS_LkD9sWhJ3QKBWk3rF3m7m7yNR9dQwUF9TeRQ,Charo Patta,https://play-lh.googleusercontent.com/a-/AOh14Gi8gd8wIHKGkQZ3c_t1BXWZakcKxS-qAgOSmbXomA,"Everything good, except you can't choose voice language so only English dub 
here. And controlling is bad for platforming sections.",3,7,1.0.0,2018-06-04 01:54:53,,
gp:AOqpTOHfgllQOI_epMsjy7tVS1Zl2oLV1G-5S8WgKidL9QSZAwSdYCmM1IVu_6IIvMSqyhlh6PmHISEmvwCbDg,Ankur Misra,https://play-lh.googleusercontent.com/a-/AOh14Ghw4bcftGu7wx7tyfMkiw9741i8UFSLlbAfnh5m8VA,"How the h do I activate the portal. I just finished chapter 0 and when I go 
to the red portal circle the arrows move but then nothing happens. I tried 
everything. Pls help!",2,1,1.0.0,2018-06-03 21:13:21,,
gp:AOqpTOEbWUwdcuBu54rurco88QlTxsd5JEmvXXT2NCL8S2NSzNs_IJwD4ca2LYsZIssFM5xrL_ThtjRBZ9D6Ug,Justin Brady,https://play-lh.googleusercontent.com/a-/AOh14GjKYqY_NM0CTaN-xQ1UKJvN33NA5MProhorhwVrrA,"Well... I love the game but I reccomend to all not to purchase anything in 
game. I purchased all 3 sets of in game extras and instead of getting 
charged once per set, I got charged multiple times. About $15 dollars more 
then I should have. So... Beware.",3,6,1.0.0,2018-06-03 20:20:14,,
gp:AOqpTOEumz03-G9CwWzD52F9wlXkP26YQPbNXfrbHpEOeWfLUqV7FMGrtDpEKtj7YLylHvYxosWZzVYkH4zHyg,Fransisca Megawati,https://play-lh.googleusercontent.com/a-/AOh14Giz1uKAjZydZPsyb8qF_wFKyTT8dxcNafB2aztm4Q,"The control is the main issue, please make it fluid",5,1,1.0.0,2018-06-03 20:05:14,,
gp:AOqpTOHxsjCkd8bQX2tsJIdsRo2CuNmtU2ePACExPSWqyL1xNBYtpRNH-JlWBaA3oxZMVsdIRDBETpY9GSdLbA,Rosex GMPV,https://play-lh.googleusercontent.com/a-/AOh14Gja_48PgLgWPexTb8WmCuRczDpog8iVISXtp7nHXy8,"Love it so much including everything but the smooth of the movements when 
attacking an enemy is not what I expected like on the psp is ok but I hope 
they bring an update to improve the quality when battleling. Because right 
now the quality of battle and moving while attacking is not that fantastic 
I hope they improve the game battle mode.",5,5,1.0.0,2018-06-03 19:59:34,,
gp:AOqpTOH4ge5dKLuSx0pqctkFwf0oJAWBa9BMEWKWijTQCryEfSOtkkyJPiZYkvorLWJ7QOjLNXgKwkZJB7fy_g,Tyler,https://play-lh.googleusercontent.com/a-/AOh14GhB8gTpBgqBmU6fyJ_8Tbng8x9w6Xvn2GpOrIg5SQ,"Great port! I loved this game when I was younger such nostalgia! Only gripe 
that holds it back from 5 stars is the fact that some puzzles need precise 
movement and without a stagnant analog stick it's difficult to make every 
movement you want.",4,8,1.0.0,2018-06-03 16:56:08,,
gp:AOqpTOHnfA-BfjpgURp3ybzWqz9bJxgAjSlJhU9eSgZLJvwW9wOuBUcYYM8vKDQSzv4_94ipRbA9ct-oGTuNMg,Shino X7,https://play-lh.googleusercontent.com/a-/AOh14Gj9LZ91ZqYD4Bq52E8GVxxbSCdEXcyxWTFxgPTBbQ,That game is the best😊,5,1,,2018-06-03 15:54:11,,
gp:AOqpTOGKIrdXZk5KmOQoOEiTMiRpS-Z_kZkjwOdn9ypLrJXNCro6ZNS9BwYvhcdxV06HSQ_9WU2Eoi48HmQ88Q,Patrick Ferreira,https://play-lh.googleusercontent.com/-ITRoNw-CQV0/AAAAAAAAAAI/AAAAAAAAAAA/AMZuucmtthOnnAUTDdTY8uT_akarKKInXg/photo.jpg,"A good port that runs well so far. My only gripe is that the controller 
support is not very good. I tried using a PS4 one on my NVIDIA Shield 
tablet and sometimes had to press buttons several times before they would 
work. If this gets fixed I would give the game five stars, but for now I 
will have to get used to the touch controls.",4,3,1.0.0,2018-06-03 14:01:52,,
gp:AOqpTOEienD61wXYbb0kpUY2KeE01awPsBmyGSZ-eGIDx6TjyIvSkO0tUoFUxi_W0fj9ZoswPZRbXPgxYBicfQ,Aram Tapacian,https://play-lh.googleusercontent.com/a-/AOh14GiWmk9L4-LytGQsTA4wtdcVidpbDb-YD4yYI2mp,"Damn, thank you Square Enix for give me a chance to play again this 
beautiful game, after so many years. This has been one of the best JRPG 
back on the days of PS1!",5,1,1.0.0,2018-06-03 12:47:03,,
gp:AOqpTOHLpE03rME4Qi8TJTaiSAYXU7ockDHJMz6vxc8shMMqVMpkxXZIA0mf-Ta570XXgsTv7-MesaSuz66vIA,Luis G. nieves Silva,https://play-lh.googleusercontent.com/a-/AOh14Gg9G6o2Th5e9j70GMATWnQgZfpwCpizCuHHn7UKThA,"This is a old-school game it's perfect one of the best in my opinion I love 
this game have a great story great gameplay and I used to play this game 
back on my times on my PSP is perfect to have a copy of it in my Android 
and my tablets",5,2,1.0.0,2018-06-03 12:15:18,,
gp:AOqpTOGE8t-ZqThdqDU-T2om1oWQAQuXmBCLMK-AoSNXZnmujHG2CQ2sI5HMB7BBuu26ka9puzrXq_d6BdQg-w,It's Ivan Betch,https://play-lh.googleusercontent.com/a-/AOh14Gjb7C7pVJTL-py9fo171NYeC1Vdw2FmbP2MlDprkQ,"This is one of the best JRPG's of all time. If you like turn based battles, 
bad ass monsters, and a good story, this is the game for you! It's amazing 
because you can play it on different difficulties and do different dungeons 
and even find some secret characters! If you're an RPG fan this is a MUST 
have!",5,5,1.0.0,2018-06-03 10:34:46,,
gp:AOqpTOEaswtH4ubSt1jYttNi5AbYRHezEYTRdMSxIG2h6E5vN1pVHtvEcNHylBazDZ0xAeLUSNs0vDz9X1hjXw,Hanlin Zhang,https://play-lh.googleusercontent.com/a-/AOh14GgtIHTfcnxKJ9NSTBS8womOZrH4uI-ZPB8mRoFYcg,"Hi, it said $15.99, but why the price I saw is $24.99?",5,0,1.0.0,2018-06-03 09:01:18,,
gp:AOqpTOHF_CLKGqeMMcjDLjg9U4y4Yob8JluQe6k7MZQ3yrjR9NC5Vbo8S_B8MaK_AoqwEpOZXVqbp8Qk_fhrGA,Jesse,https://play-lh.googleusercontent.com/a-/AOh14GgTIlGxh6rISfU58ea-GwE8rTmiKb0ohg-KplMKFg,TO MY SIDE MY NOBLE EINHERJAR,5,2,1.0.0,2018-06-03 06:13:58,,
gp:AOqpTOGTeCzjOtxbJP6nAfm3KxFhlBAfg7xNGgaZg0xt3p3ZrSlKNfcLqwYS6mRXzp0O1LN5SJVYpzyVzJXxnA,Aaron Friesen,https://play-lh.googleusercontent.com/-9ZUQMHvG5X8/AAAAAAAAAAI/AAAAAAAAAAA/AMZuucnfRBUg5uUSU6tUjRQbwoo5oJaG6w/photo.jpg,"I'm a huge square fan and sadly never got to play this back in the day on 
ps1, and the original game is quite hard for me to find and seems to always 
run for around 100 dollars on ebay so with that said I was excited to see 
an updated mobile release. The game is truly a masterpiece and runs 
flawlessly with no noticeable frame drops. The music is breathtaking and 
very well done. The storyline is very interesting and keeps you engaged and 
wanting to keep playing to unfold more. The fighting is really fun and the 
visuals are super cool. 5 stars for sure and worth the price tag! Only 
issue I had was getting used to the touch controls while platforming but 
eventually I got it down. The game does support sombre controllers/ Game 
pads though.",5,8,1.0.0,2018-06-02 13:53:18,,
gp:AOqpTOH1g7ifxDFCObOsAnv2JP-RpJtA_bxFOFWVUcHVQB2PABe75n96pVQAGqKa3sU9z4hmg-2PbsDW9lobbA,Adam Friedland,https://play-lh.googleusercontent.com/a-/AOh14GgGwaKRXrcRnBMjyoQaTqGjjS-eLwGJYFaRigwfsw,Excellent story but sadly the game lags a bit on an HTC U11,3,1,1.0.0,2018-06-02 10:44:59,,
gp:AOqpTOGP9LT3FCdCuRERsuOUs_o_FuzP3PGZB5UwwlYOdAZSazpuOVgJvo7af9O-lfPFftYwJHuKk7cGTikNOw,Paul Allen,https://play-lh.googleusercontent.com/-2hZJNTxbg7E/AAAAAAAAAAI/AAAAAAAAAAA/AMZuuckWk1SY31maAzZFodGsdeg3zQzGmw/photo.jpg,"Didnt know this was coming to android. Saw it and bought it a few seconds 
later. It was amazing before and it still is today. Bam",5,0,1.0.0,2018-06-02 10:22:03,,
gp:AOqpTOEBpX5PmE0-FLE_KOroY6I4KhPx6ktUvJAA9In3dYjuP1PpXeLsvxZbaica3d4dBBUtaEL0tfpCXtPyhQ,A Google user,https://play-lh.googleusercontent.com/EGemoI2NTXmTsBVtJqk8jxF9rh8ApRWfsIMQSt2uE4OcpQqbFu7f7NbTK05lx80nuSijCz7sc3a277R67g,Love this game!,5,4,1.0.0,2018-06-02 08:57:53,,
gp:AOqpTOH4fYuDapM0yCQTbIYywkcfDGZI2yrttw4RmuQPoSP6T8BMg4R1FpjbkziixLL3vKaJ9StGkBOqAC9F4g,Jeremiah Tan Lagman,https://play-lh.googleusercontent.com/a-/AOh14GirPhkLa6kvO0HX2Saz-_knxXcUluT7RvxHRd0Axg,LENNETH IS LIFE!😊😊😊,5,2,1.0.0,2018-06-02 03:13:46,,
gp:AOqpTOFhEb9JwcfFOGyCp0Vj4IfTUCPDjsu9cZ2oQaq8xuBWaP1IqzQVczZ70cnVCvyQVSpxGC2zD5rIehP9qw,shane micallef,https://play-lh.googleusercontent.com/-P9f5-MuKXjE/AAAAAAAAAAI/AAAAAAAAAAA/AMZuucmdO75hKHBWPruOCs9Ph7_gODRlVQ/photo.jpg,"Hi i bought this game lastnight played abit very disappointed in it and its 
playing up on my phone soo i am requesting a refund please its not worth 
the 25 dollars i spent too get it but i am a big fan of square enix.",1,0,1.0.0,2018-06-02 01:11:07,,
gp:AOqpTOFchgGUviRZ8gymwco53ivBzeSABe9nte_eeQo8ogfBVOswrvPTWY3TBd9RBnv5HDM_du9wX7kMaDw3dg,Muneeb Farrath,https://play-lh.googleusercontent.com/a-/AOh14Gjo-62fdsCTCKE7YNfJG1CGjA9_fZbvYpF5I9YOrA,"Just like I how remember playing it. But now it's better because you can 
play it covertly on your phone. Positives of it being in mobile is that you 
can save anywhere, and the artwork is now HD. Can't wait to pour more hours 
into this game. Truer words were not spoken. ""Open the gates of Nifleheim, 
more souls await"" - Lezard Veleth",5,2,1.0.0,2018-06-02 00:38:32,,
gp:AOqpTOEfCxMYZC94KYjvCIyzStatEDXJaEGqB2nHKMfShSYuL6dqh5IshbGAMcwciovhdWu4EVES1_r1FVrCKA,Tan Pin Rui,https://play-lh.googleusercontent.com/a-/AOh14GiyuGZxRbO4LHLqU9pq4dRVcfUeuAHzUIo1l_-a,How to pick up items I'm stuck at undead chapter 2,5,0,1.0.0,2018-06-01 22:39:06,,
gp:AOqpTOH81wfxXBHFATbp26UDeIBlYcOcOJjmw2WMns9HDAB9efRWqH15g4F7dEWwoctyKmFc7uBQjdu8SpNNUw,Incoherent-KFP Takamori Dept.,https://play-lh.googleusercontent.com/a-/AOh14Gg4b7CHuBUcwvFtWSxcFFYtbJsdoJXGwv7u5LLuAw,"This is my favourite game of all time, so I'm pretty biased. The touch 
controls are wonky but serviceable, and the menus work much better. I just 
want this on my vita or ps4, please square!",5,5,1.0.0,2018-06-01 18:29:07,,
gp:AOqpTOGDJ5PAdKUtp_TKzCLa0927Ncz_bMrS8BNbPCIxBr_VAopmmPC5Py0aKbrqV1cypfR8cEAFjya8BD-0gQ,Jamie Nisbett,https://play-lh.googleusercontent.com/a-/AOh14GheUzU2zCEmhP63H_5M7QOsCAyi7XaFmF_xhnrATg,Could not even get passed the load screen..,1,1,1.0.0,2018-06-01 18:25:55,,
gp:AOqpTOFpKMq-ov7zDHqiUag1kK74nMmroy7L7eoQUWkjVAXkAQIdP-o1IV3aTupF0frJa77uIGRrGb_tIzTmjw,tjroberts22831,https://play-lh.googleusercontent.com/-vRCT4oKUQ5M/AAAAAAAAAAI/AAAAAAAAAAA/AMZuuckd3AYh0VQ0xXLHS4Qm86PUCdFURA/photo.jpg,Please bring us Valkyrie Anatomia!,5,2,1.0.0,2018-06-01 12:29:22,,
gp:AOqpTOGayGyde0qyLkwhypsv2pnvNpOI79TftamqsfQo5HaClzXypkzxl8IHamrC32Xmk26qNHBfhvTajHAU8Q,Rue,https://play-lh.googleusercontent.com/a-/AOh14GitvZR47PX6Di9kYnZ9U0drfr1YR7cVhAX9gu9eXw,Now give us mobile users Star Ocean 2!,5,6,1.0.0,2018-06-01 07:48:49,,
gp:AOqpTOH95Jsukh6j6HbPaDMsdU6a9_lGJke5g3D0ecr4TkY7zfP2nNh0L4M4wWsunFYB_e5mZN9mGnfHgTS13A,Naail River,https://play-lh.googleusercontent.com/a-/AOh14GipIxgw37iGNkkNUbrWH3IEbRd_J7UPXW87oXJkL3c,"Aside from the controls the game works great on mobile. Wish it had proper 
support for controllers tho",5,2,1.0.0,2018-05-31 18:20:54,,
gp:AOqpTOHCo5GAmyNpsG-oBsnMFXKn89WOgLcbubC71JJReAwGEjiA4nZPStNmX0GGdo9JIHSgDVuStrYEVg4uug,Redjackryan2731,https://play-lh.googleusercontent.com/-tXhvDDMEXoc/AAAAAAAAAAI/AAAAAAAAAAA/AMZuucmi0mfGVFagBlvRoGUTcngCUlMtfg/photo.jpg,I love this game!,5,3,,2018-05-31 17:36:54,,
gp:AOqpTOEQ4yVO8Eui7Btvvos-8gpM9YacYUHJQ8ihkHAvPcK-0z4Uf70tiTB-29iLeyQRw_CAdnikeZMHDSz_ow,Land walker000,https://play-lh.googleusercontent.com/a-/AOh14GiLFHw9goctza8RHJn5qv59v8OGb2EOmClEu7igrQ,"So far it's fine as long as you have a controller or if you have a Moto Z 
phone, the game pad add-on. I would love the Japanese dub though. I would 
up the number on my score if the game had its original Japanese voice 
acting.",4,4,1.0.0,2018-05-31 13:32:51,,
gp:AOqpTOH_ylnJUPjxsQqQcL_Tzq41UqmkM-TEK621UlgTYMnObe3xiq8RbqiCXM5gmiqbtxozhC9oT5AGc-BHyA,Eric Wolf,https://play-lh.googleusercontent.com/a-/AOh14GgkkCdB2nqaoUWzb3LAGl-JsF8DtEG5PeIcpBF4XQ,"Just as good as I remember it! The controls are a little off but you get 
used to it. If you're a young gamer and missed out on this series then give 
it a try! The story is great and the gameplay addicting.",5,5,1.0.0,2018-05-31 13:08:27,,
gp:AOqpTOF_5raHZgw02K5zl8IyE1SDte5zlNcAyWAcV_-utbB_WzGZdeliZ1jax88BIm-FqiFoqm1xcL4UQ3woxw,Noah Durham,https://play-lh.googleusercontent.com/-njci8vU-YPE/AAAAAAAAAAI/AAAAAAAAAAA/AMZuucl9NaD06oPlSajBsiUIucOgTk2Umg/photo.jpg,"The game functions fine with internet access. Is there a way to turn off 
the permissions so I can play offline?",4,2,1.0.0,2018-05-31 12:27:25,,
gp:AOqpTOFjZs7fUNyhn57xK_23LckSaMH_HdDJoNpnDtPlgswRYUcJtk_om9Xnh38saAF6UjR_lU3VM1n5_L-MDQ,badr boloshi,https://play-lh.googleusercontent.com/a-/AOh14GhdIHyCJYMgAZbppf5p1faKyHWthvH-tGwnl56h,"Is best rpg are mode of year story line and game play high recommended to 
play be back time ps1",5,2,1.0.0,2018-05-31 03:43:54,,
gp:AOqpTOHaavuKEqj4dOtamZsGrqw-V_Zb92t7YyHoDTwJHjG7_AEhRqeG5HT2M5cbkA053b767f9Gf1qx3nfVig,wil alex,https://play-lh.googleusercontent.com/-zPtX1hWffYE/AAAAAAAAAAI/AAAAAAAAABw/AMZuuckLyqw4AmczC8N1U6QVRjeBqrYKKA/photo.jpg,"Runs better than emulator. Has major improvement in interface to suit 
touchscreen. Simplified button. There is IAP to make gameplay easier but 
really uneccessary. Beware of big dowload size (890MB) for some people who 
doesn't have unlimited internet plan. Run smooth on Mi note 4 w/ 3GB RAM.",5,18,1.0.0,2018-05-31 01:55:56,,
gp:AOqpTOHw1P4xcoEpAiZbOQKxZis89mklitbxMcHJfJweFbBjN-aq3DXQELQ6l6rbHAcPCJSw3-YhQX3HGinmcg,Evokerz Frost,https://play-lh.googleusercontent.com/-_I6cVESi4us/AAAAAAAAAAI/AAAAAAAAAAA/AMZuucnMLlpC51esvE-F4Es1DP2wB_QjCA/photo.jpg,Awsome!,5,2,1.0.0,2018-05-31 01:47:02,,
gp:AOqpTOE0kLqK_t564dsE2feDlRY5Po25fhKMgLtMfhNgO7TgKLKUqfZefYb_isd3LgNDJz5NfhIg62uqWuk16A,Andrew Ballen,https://play-lh.googleusercontent.com/a-/AOh14GjkQl1SHrFkZ2Bw31Evc-RrKdoaVFwGCNly5O4hkA,Game won't authenticate. Screenshots look fun I guess.,1,1,1.0.0,2018-05-30 23:02:39,,
gp:AOqpTOGD3PO3HsfxVVuSYW7inzeS5eSPuoCE2Yq0UXqhTTqcguesDPVMR5UJ7nJrQon1jKitUaU-9vwmM7aVAA,Stuart Conner,https://play-lh.googleusercontent.com/-yYbfF4QFS6E/AAAAAAAAAAI/AAAAAAAABDk/AMZuuckT5D6oOmuLMh5vH0QAmrUvIA94QA/photo.jpg,"I absolutely love this game and am happy to have it on the go. The controls 
are always a turn off, however. Hoping for a Vita port!",4,5,1.0.0,2018-05-30 19:41:42,,
gp:AOqpTOFYOPLNJlVHnrTnuIoNlJYrqLETwcmEVdBUlygWkP950pf0iENj8thIRv7TjkQBggX-k1oybqqUz9CEBQ,Nicholas Sokeland,https://play-lh.googleusercontent.com/-gP3kDhNvDl4/AAAAAAAAAAI/AAAAAAAAIrs/AMZuuckITehK3tsBbb0FYCcD3FGcMq7PWw/photo.jpg,"One of my favorite games, but I'm struggling with the movement controls.",4,2,1.0.0,2018-05-30 18:59:40,,
gp:AOqpTOEcaf-ikRDsL0qlP83VO8pY43G-0B_fIZ4kext6ihtZHA1Bk4cUx2J56AN1g1614YiV3tZzcbQCYoFE8w,Mike,https://play-lh.googleusercontent.com/a-/AOh14Ghz1zqEF2YxzlJNvXoxtsDFv5M0sc-1Q2DRAimVzg,"So far the port is very decent , i find playing with touch controllers very 
uncomfortable but works fine with my xbox one controller... Except I cannot 
control any menu with the controller. Please fix this.",4,4,1.0.0,2018-05-30 16:54:56,,
gp:AOqpTOHHbAM6KOheg_AFhm3yQbZLCL6M6qvyK0Ju9n1m5GuCnx9itd85JSaeY-Vu2tIeCcNkHhIfAbxEX1gxug,Jean Santi,https://play-lh.googleusercontent.com/a-/AOh14Gjl0RAF1knhPujmf-Rf8mpXmD8VGrhXnIeLp1jK4A,Works well on my GPD XD. Controller support is working flawless.,5,4,1.0.0,2018-05-30 10:33:26,,
gp:AOqpTOGjUMR9FL8GGfe6b4pQ0J4pdNx_-lM32y3p3dTjd9kqPoGCr1JE-su7vsL8QJoswwiJPzrtfZc5lwgJmA,Nicolas Parajon,https://play-lh.googleusercontent.com/a-/AOh14GjTQSlxqcT6OkbTFKEc881jMElfV2tEVvPOz9L9lw,"Great game and a masterpiece story/gameplay/challenge wise Works like a 
charm on my cellphone and the artwork is high quality my only issue is the 
virtual analog stick, i will never ger used to it, i would prefer to have 
the option to have a fixed dpad or analog stick on the screen rather than 
pressing,holding and moving my thumb to move while doing the platform parts 
i have a moga controller lying sround but i havent tested it yet pleae add 
the option for a fixed on screen dpad Cheers",4,9,1.0.0,2018-05-30 09:06:57,,
gp:AOqpTOHzCuu3HVDNW6hIkvG9m6kqTZxF_WUjCYfh_11bDt3I61QYqyEl09mjyMrULQCLwP8OI-06SkVjkwEVrg,Joseph Horton,https://play-lh.googleusercontent.com/-ds11XIEWBH0/AAAAAAAAAAI/AAAAAAAAAAA/AMZuucl8oy5ILM5QI9XT0ja6qzpz9N5mkw/photo.jpg,"This is a awesome game . So glad it came out for mobile . Brings back 
memories.",5,2,1.0.0,2018-05-30 08:27:04,,
gp:AOqpTOFqKeI3DGrp0BVAO8B1PyqXO4ffLZF44jOYhEQy5b1ecjU3ykHCdbNVV9IKsRLYSAH0eYLlPnknis7pBA,Squall colin,https://play-lh.googleusercontent.com/a-/AOh14GhoM1ZaE3DQjTk3hKAiaVwR0-QG7B5NvyzIPac7,"I purchased, but I can't download the game from Google Play store. It just 
get stuck on downloading without any progress at all... No matter how much 
I try to remedy it by reseting connection, clear cache and data, and even 
removing my google account from Playstore, it's still stuck on 
downloading... any help? Thanks. Update on 30 May 2018: Ok, for some odd 
reason, after much waiting, the download was only completed. I have waited 
more than 1 day for the game to download. It's a great port nonetheless. 
There are extra FMVs which is a nice addition to spice uo the storyline. 
Well done.",5,249,1.0.0,2018-05-30 04:51:50,,
gp:AOqpTOG_VnHh_5l0EUWqyS9LmrGqUdwv-O8kRZvMYnXns1JLWobbISqS_XH7y4BOAYhwUaPGQw6S3tiGslDo5A,Steve Pedersen,https://play-lh.googleusercontent.com/--gQ_15lNjGo/AAAAAAAAAAI/AAAAAAAAAAA/AMZuuckax5P73_9OTjFEEYKn9_-yAzX7rA/photo.jpg,Game is uncontrollable UI elements are off the screen so you can't see them,2,1,1.0.0,2018-05-29 22:14:18,,
gp:AOqpTOHVUti6NDPC0C7qrpPOqIIS16tNGtCGQgIVGnuRzLZ5IVHsELODtcTA4mtqE98v-jLIUkOWzK1dpSATXQ,Stephen Monsanto,https://play-lh.googleusercontent.com/-JvysZkJ540g/AAAAAAAAAAI/AAAAAAAAAAA/AMZuuclX2lDI8sAtiIPRUuu0JFZDio71aA/photo.jpg,"This game is an absolute masterpiece. If you skipped this game back in the 
day, or just never had the opportunity to play it, now is the time. The 
game is worth every single penny. The art is stunning. The music is 
phenomenal, from the same composer that has worked on some of my favorite 
series ranging from Dark Souls, to Bravely Default to the Tales series. The 
story is a memorable one, filled with loveable and relatable characters. As 
for the port, it's a solid port. I have no performance issues at all on my 
Pixel 2, the visuals have definitely been updated, particularly the 
character portraits. The controls are great, but the platforming is a bit 
difficult with the virtual joystick. Overall, I highly recommend this port. 
Also, it does work with the Android P beta.",5,427,1.0.0,2018-05-29 19:21:49,,
gp:AOqpTOHkxZqrlSIf14JcHetPueb695hxKT8b5gEeIuYFpDtAcPx9nDDI9Fcxm7FsJwuvK5Fkoa5Bwdecjd4PyQ,A Google user,https://play-lh.googleusercontent.com/EGemoI2NTXmTsBVtJqk8jxF9rh8ApRWfsIMQSt2uE4OcpQqbFu7f7NbTK05lx80nuSijCz7sc3a277R67g,"I played this back on ps1 and it has remained one of my all time favorite 
RPGs. What an exciting surprise to have it on phone! Excellent storytelling",5,4,1.0.0,2018-05-29 19:17:16,,
gp:AOqpTOFyf5LWNNGp0jbHd05SaPZnDzKl4NDSJ4wQdxA0VtTY3_hx-QsxOzeBtcpY0xgJfZshsK3UpcY1-lyIaA,Ben Warner,https://play-lh.googleusercontent.com/a-/AOh14GjOk9bIMNcWdf18TnFSD4lV1Gf7bUg8hemBesMpMOw,Oh Happy day,5,3,1.0.0,2018-05-29 11:18:01,,
gp:AOqpTOFxLcDYBGXFvu0dyX5QlccC0GgJnkxqT7f7QeMdtT21US9u_TZ4Bck9NYAWhhBBBDD-S0u7fOHinkDnLw,Riku Namako,https://play-lh.googleusercontent.com/a-/AOh14GivKD__ri_SasJZ0QKC3ep0VMaYIQft1u-8Ju4KaQ,One of the greatest RPGs ever made.,5,8,1.0.0,2018-05-29 09:55:23,,
gp:AOqpTOHj1k-j2s5dUFhpxyocDrvBCrjLi98X-1hZcTKEhnHQO3Ot-lA2R5lEDej0xddKNuNSHGz-K7lwT9ymJg,nikola juretic,https://play-lh.googleusercontent.com/-nX-8Zfkz4KY/AAAAAAAAAAI/AAAAAAAAAAA/AMZuuckyRdFts4iGuWskPgh3Lf8kvw1QUA/photo.jpg,Best game for me! Played it on ps1 over 7 times and i will play it more,5,2,1.0.0,2018-05-29 07:44:13,,
gp:AOqpTOGqp-GKjUpa7myrloURVLAxaesoQjv19UbBI0rA6YONYYa6UUt7mXLYm7V5ryKhCGBPPvTQFNuJGCRTxw,Drew Adamo,https://play-lh.googleusercontent.com/a-/AOh14GjY1ftGy7EanRq1xEb5UASICGmJk1Osie8ZmIeqhQ,"FINALLY a game you can BUY rather then be forced to buy IAPs. All these 
free games that you have to buy IAPs to continue drive me nuts I will 
happily pay for a game that doesn't require me to constantly put money into 
it like a SLOT MACHINE at a casino. It is soooo wrong what game developers 
are doing now. THANK YOU THANK YOU!!! Please keep bring us ports and 
quality games I will happily pay for them. SQUARE ENIX you guys ROCK!!!!",5,65,1.0.0,2018-05-28 22:48:47,,
gp:AOqpTOHQbDYGnx02Rh9lPaMbGXkUV3xDdziqbcw6gXP7ubxEZb_6_KwH-tgwLxm_cPB9DMwi9--E6M8ym2f37g,Annie Lourm,https://play-lh.googleusercontent.com/a-/AOh14GjCjQ-qTI2Hr6qqfgVHtvzBm5mV9qeipFzYx-lK,"Played it playstation years, up to the remake in PSP. Always a classic, and 
a great rpg addition to new and old fans! Controls are great, the 
characters are unique, story is smooth.",5,3,1.0.0,2018-05-28 21:46:36,,
gp:AOqpTOEJbnrQA6xLED04vODZy8Z5PDiP0Yr_Dijmo4qFjL3YlVXqRBOy1dE7CxeNu43xSK2S3-Q5AaiWgc4nSA,AC Ward,https://play-lh.googleusercontent.com/a-/AOh14GhxdIjzBucvyT8n_FR450ZUrE9wceh0fDWjHbKY,"Amazing port, the graphics are awesome on my HD phone",5,9,1.0.0,2018-05-28 19:50:48,,
gp:AOqpTOFCFs9XGemj_DXHgHK-4KAFhbMNXYTAZ7kSW-S8eHRv37Bfgp0m5P8_QOGU_8frCI7rlq-olijqdQRpfg,Fathi Albatie,https://play-lh.googleusercontent.com/a-/AOh14Gg0t3LF7ATgdwstpBD6SCPciIQ5ki3MhkZJvLZ5_A,Amazing memories,5,7,1.0.0,2018-05-28 18:13:22,,
gp:AOqpTOEWXgvJuXSWFwS5iI7ejKO0kne4FtZQ3EkQ0Dzd9kR--o6G-Tsf31nwCULbXMWY0P3sP61YNUeWkXRn3g,Eric Nguyen,https://play-lh.googleusercontent.com/a-/AOh14GixnjiL-8dRykdqJ4VkkH5349Qnr47uSAcvI9oPPOs,"Great on phone, not great on Chromebook. Would appreciate better support 
for bluetooth controllers (using DS4) along with mouse & keyboard; arrow 
keys or WASD for movements? Will change to 5 star when more support for 
Chromebook comes by.",1,28,1.0.0,2018-05-28 17:59:15,,
