reviewId,userName,userImage,content,score,thumbsUpCount,reviewCreatedVersion,at,replyContent,repliedAt
gp:AOqpTOHBf02mTtLd48Zq1nZVzM-hynuiTARaDZNEpc7rx6ZQI01_vqd5s1DmSQEtYdFtWASTEE5QrpEpm0MnXQ,Wout Blux,https://play-lh.googleusercontent.com/a-/AOh14GgHcEOhctIXKXf7uMMKlDswFjgh2aG27j2tqHZvEQ,"Overal good, but a bit limited in features for a paid app. Recent update destroyed my lists. Advice is not to depend too much on it.",2,0,6.6.1,2021-02-06 07:11:25,,
gp:AOqpTOG6V9BZgvBFqzTorxR4e7TnvBH3nS49mAjN6uUQLKZ1k5Khag7lnhFJPR_e8rJMA28YTjAj8qVWHPOC4A,user name,https://play-lh.googleusercontent.com/a-/AOh14GjJgzqrqugjrdd2NEOhPiDVAOmwR6RARivx33gj,There should be big note that upgrading might cause data loss. Lost my task lists. Really bad experience.,1,0,6.6.1,2021-02-05 07:21:01,,
gp:AOqpTOFOixLSupCHSmxh9BTK3pg9FvGDWa_3R9oBDxNxiRoEZ-W4eFMy07LfOQ3lw061i47mqElzoK5fP1hE5A,Chandan Singh,https://play-lh.googleusercontent.com/a-/AOh14GivPzVCvaQOKY1h4mEtkpymMlKt-BlmU2eZ5tDyZQ,Beautiful and light weight note app Please add security feature pin password And very important make a encrypted backup option,5,0,,2021-02-05 03:44:17,,
gp:AOqpTOHUwUmCVCb7NuU2rOygJmFIFg-L4z-9zmKoePqm1fZoI3CA7JrErcLl-p4d3-U6r4UTkWGKUDMq8GdFig,Martin Oinn,https://play-lh.googleusercontent.com/a-/AOh14Gip1PHIYnk0YhyRFW3h3PxKo7QPsiEI0fK5NDKr,Perfect,5,0,6.6.1,2021-02-04 03:18:49,,
gp:AOqpTOEo5QUZj_2lg42H2fee7KrAKFJRIHxlJc6-kPpUqDCL2ZUucnXK7Ag4HX1de-1XqCOuokeVz1A6YpqR9A,11oct12 Zag,https://play-lh.googleusercontent.com/a-/AOh14GhS_P_vSdnzV8IN6er05x_WOf1HBg8hR6Yz3OikeS0,Perfect!,5,0,6.6.1,2021-02-02 17:51:43,,
gp:AOqpTOF_gTnTtdDYbbxjiKX33Ksa7dQ4BRNUNF9fBL8aDYjLm4N9DmQMi1BRC3iM38cQbi5Y_QMI6M5T9riykw,Dick Roles,https://play-lh.googleusercontent.com/-AjfJtmHZxaA/AAAAAAAAAAI/AAAAAAAAAAA/AMZuucnsJM0AbKJWuZVjFTp8hLnTm8dA-g/photo.jpg,Update deleted all my lists. Developer's response: Sorry about that.,1,0,6.6.1,2021-02-02 13:16:26,,
gp:AOqpTOFe0_55D5sxz19jyGgAIW5TS-Jm3LJefrFOeOwgCENrVFxZ9rTVVoLtcFSiyAnqayqueIBYVeQWFMbE8Q,Clint Lawson,https://play-lh.googleusercontent.com/-QBzivUzd3pA/AAAAAAAAAAI/AAAAAAAAAAA/AMZuuclko7hpz4Z0qqffSawRQFP7SZIMrA/photo.jpg,"The latest update permenently erased ALL of my checklist items. The developer's response: ""Sorry for that"". Are you freaking kidding me!!! This defect should have been found during internal testing, not after it was released to the public! Never again trusting any of his apps.. 😡",1,11,6.6.1,2021-02-01 09:16:29,,
gp:AOqpTOF3LJBtImU_keljL9s_s8nHrCXK6-bcADJmdWaTalupBgmE5xWwj9k5JGeVZqhVa1b8DnwkHnh3ymt_4w,oscar tarra,https://play-lh.googleusercontent.com/-ShT2PT82qMg/AAAAAAAAAAI/AAAAAAAAAAA/AMZuucmj-jrIseNu2SyuIHOvkFta3Y9uDw/photo.jpg,Simple and perfect. And NO network = SAFE👍,5,0,6.6.1,2021-01-30 08:15:31,,
gp:AOqpTOGErj2qmp0Jr5gWz7lDwzdUI9MVWwVv9ckaN_euGek90M_Gs740DZjrZ2dINUB5efDzW-q6809c2VVV8Q,Kyle Jess,https://play-lh.googleusercontent.com/a-/AOh14GgSW9wvCPYZuDqIf61cL0OQQnRVTCat9vAOwHabeg,"After latest update, the app constantly crashes and is un-usable.",4,1,6.6.1,2021-01-29 14:31:29,"Hey, are you maybe using some widgets?",2021-01-28 14:24:34
gp:AOqpTOEDGmjypsp31d2Q2p7AUmkUXZhaN_OIF3sJRmKJNIOP6IFiwP4ZFNv8hJmBsMK_-9qNIUIVUiRMAgd_JA,Artur Wiebe,https://play-lh.googleusercontent.com/-F6LJW-UCFGk/AAAAAAAAAAI/AAAAAAAAA2o/AMZuucmN_ffWPLCS1NGn_HyMZALGlaPcXg/photo.jpg,Simple and simply effective.,5,0,6.6.1,2021-01-29 08:18:35,,
gp:AOqpTOFF9DFYDGL4Akcf7RQou0koNMnxPK-nom2iAp8CRBAI-43BHrh23JOiDSL2EmFkIEUl2PuJu3tEF-U3Zw,Ahmad Ameen,https://play-lh.googleusercontent.com/a-/AOh14Gi-zhi5QEk2UICpNDRH53Etd4RcGOk1h9k1uJKiqA,"Latest update completely broke the app: check list items appear empty, can't even edit them anymore, and this happened to all the lists I had. I've tried force stopping the app, clearing cache, reboot. Nothing seems to fix it. Edit: luckily for me I do a backup every couple of days, so I was able to get the lists back. Trying to do a data only restore from titanium to 6.6.1 didn't work, and I had to downgrade the app completely to 6.6.0 to be able to read the lists. I'll wait for 6.6.2",1,5,6.6.0,2021-01-28 15:17:14,"Hey, right, there was a glitch during the update, sadly you wont be able to recover the items :/ It wont happen in the future though, it was caused unintentionally by changing something. Sorry for that",2021-01-28 14:24:21
gp:AOqpTOEYfIdnDuKixpLNS7vvyGSAYVtTsZUB_4zIVJkcdJGx0ULRErKAQSZJfv4hMCMBxsW-20gp9y3b6piVPA,Paul,https://play-lh.googleusercontent.com/a-/AOh14GipKxMz7aViZBw_yQ5oE3XLePRuePXcj1mg5w-R_A,Simples,5,0,6.5.3,2021-01-28 07:26:47,,
gp:AOqpTOFk7On2KAy6Sa9dwnIJ-DQ0Ty93hiP6n3frw3jEfk2LvjCn7ZNZLlhg2wpoCCLfdJP_jRuZr6CiJdA6UA,Taylor Thompson,https://play-lh.googleusercontent.com/--igGKr-fn9k/AAAAAAAAAAI/AAAAAAAAAAA/AMZuuckjRLd29PQPTsygAik2GpWKkWn6lA/photo.jpg,Checklist don't show up anymore,1,0,6.6.1,2021-01-27 20:32:39,"Hey, right, there was a glitch during the update, sadly you wont be able to recover the items :/ It wont happen in the future though, it was caused unintentionally by changing something. Sorry for that",2021-01-28 14:23:57
gp:AOqpTOGnoHqHooovlsoaVGMuFMKtUTzvunxUT8Pd-QYsfr8xPpIjQAqLmxVclWtJAKXKyUBZkpHeDFQ3TK_4YQ,R Stewart,https://play-lh.googleusercontent.com/-TM2VD9CcZCQ/AAAAAAAAAAI/AAAAAAAAAAA/AMZuucnYY27KmB-z-n-XEkdlvCSrpzENLQ/photo.jpg,Simple Notes does what I need with no ads. It also doesn't lose content.,5,0,6.6.1,2021-01-27 07:36:38,,
gp:AOqpTOEvLaoy3kbzZpyV9gikBP_sBxucEz_XeRo_wX8guVm-F_TWTG52EzDXIrdzUuCUVTY4C0NfLoJ6H67srw,Manu Krishna,https://play-lh.googleusercontent.com/-pGPKu4rBHqM/AAAAAAAAAAI/AAAAAAAAAAA/AMZuuclzvHFfqysLDo7jQ1U1ifXguv2OsA/photo.jpg,Deleted my to do after the latest update,4,0,6.6.1,2021-01-26 06:41:31,,
gp:AOqpTOF-MuxkfkG5Ee8ufBP63fW1hABijHaQD0pSMzblzSw1-8jNvLx7dw2tRaBUNRNYVQNzp3ar7qcqtK5ydA,Mark B,https://play-lh.googleusercontent.com/a-/AOh14Giio2kJbEqwSU849Q5o-lCGhKzVpucnfoE3lPCfFA,"Simple, fast app - usually. Opened and found out all of my lists are gone! Can't find a way in the app to recover, if devs can help would much appreciate! If this issue is resolved this is a 5 star app but if you can't trust it to remember notes it is worthless..",2,5,6.6.1,2021-01-26 05:40:24,"Hey, right, there was a glitch during the update, sadly you wont be able to recover the items :/ It wont happen in the future though, it was caused unintentionally by changing something. Sorry for that",2021-01-28 14:24:07
gp:AOqpTOErkLR4JbayTMoAzal4tSePhTA1uj12HiBxMXY7nBYP-26gL17kUwWN9Lb8aZv2qInMM9ruVBCgJjhCcA,Jeremy Drysdale,https://play-lh.googleusercontent.com/a-/AOh14GhZVIyxa6fd4JMRSy0T4CFHmIHPTIRQ3-fUjPW8Vw,"Simple, reliable, effective. Recommended.",5,0,6.6.1,2021-01-25 03:13:44,,
gp:AOqpTOFG7cy0MLUdYkacECaVQ2Altw0X0hKzMjqKhFQKdyDskf7yTOnSu4Vfx2dWhLpyFxXRSS76nppq7E63Yw,Sriraj M K,https://play-lh.googleusercontent.com/a-/AOh14GiuvwxA8aCPEOo1rKJrgjjJVv5LLajRkjT0fsu3Bw,The latest update corrupted my current note data.,1,1,6.6.1,2021-01-23 08:40:41,"Hey, right, there was a glitch during the update, sadly you wont be able to recover the items :/ It wont happen in the future though, it was caused unintentionally by changing something. Sorry for that",2021-01-24 00:56:34
gp:AOqpTOERRo7_vOEd14yTIy4oKKtztYjKw_wDO6Fr7wPlK1Q8lF5tIK4gkj_AHsnbTAnrozFllQGpcDnKjJcyog,Ally Later,https://play-lh.googleusercontent.com/a-/AOh14Gi2t5Dksp9UYsQ6_3jHPN_MdyJzgwBNkKANPJAKWY4,Lost all my notes after update. I did save a copy of each note but restoring from backup is time consuming.,2,2,6.6.0,2021-01-22 04:41:15,"Hey, did it happen to checklists, or all notes? You use 6.6.0?",2021-01-22 08:53:59
gp:AOqpTOE5mnPqn2K_W1y_6WFimnaRfhkAJYhS1deDOpwjH548qiBLaKxHvPXnP_iICH2caawk4iStKj49OKSVPQ,Peter West,https://play-lh.googleusercontent.com/-OiF_Qv22JXg/AAAAAAAAAAI/AAAAAAAAAAA/AMZuucm-leuUysV9Y-H5F7QrlBNzN00Tzg/photo.jpg,Simple and effective.,5,0,6.6.0,2021-01-17 11:54:26,,
gp:AOqpTOGHp2VIkXOxdbXwtr6JMfhgzUJOm1hfe1-0HBpgpyyJgeRD7H8tM1hZq7biQUKd9POL6T31krszmepJtg,Dhamma Tassi Bhiksu,https://play-lh.googleusercontent.com/a-/AOh14GihENM5lz_9nbdef3rmphsMkj1JT2Bqe_SBrioV,Great.. Useful,5,0,6.6.0,2021-01-17 00:34:55,,
gp:AOqpTOGX-jH20B5MDK4KOs2HEzC3Ut_NkhWQnISBJ6bDVtDYUW0lEzoKFcIb5duH_dBW_hJGVwSA_ul0r7DPoQ,Nitte times,https://play-lh.googleusercontent.com/a-/AOh14Gj-HfEwDGOcjxqtAhXF6smAGu30J22aWSAVIbAm,Quality,5,0,6.6.0,2021-01-16 07:46:13,,
gp:AOqpTOGpgJDbC15u-e0lwMA3h0ejZE0-KR6UZnXUfZC91j-Ysx7G2ISW06_k7YKltIwWDh163FAGGp8YKEyVrw,Amir Parsa,https://play-lh.googleusercontent.com/a-/AOh14GjZ-91sLZuTFW9akIh_M7q1HP4_q2i_2dveDdS5DA,Please add Password till I give you 5 stars.,3,0,6.6.0,2021-01-11 10:23:33,,
gp:AOqpTOEME-QtEJFmZ8tmrGED_1j4Zi4V_S1oPFoI3xN4WQdr7YFevBu5u2UD2HhMCIgatrj7SDR1lqVz11Dnsg,L D B,https://play-lh.googleusercontent.com/-cMvQhOMTCOg/AAAAAAAAAAI/AAAAAAAAAAA/AMZuuclrDO84EKyJbFknLho6UA3nAt7MSQ/photo.jpg,"Too much updates, I have all your apps installed on my device but now i'm starting to uninstall them one by one because of this annoyance 😡",1,0,,2021-01-10 16:37:15,First update in 2 months...,2021-01-11 00:24:34
gp:AOqpTOEWsyFomeLGC9geNxoQYXhZtMrXB7JFxM__QpH4wVaWMgOL5O9p7mPtuD_87RObsMd6KsFB3Odxhpsilg,Michael Williams,https://play-lh.googleusercontent.com/a-/AOh14Gj9qesQjjyu9OYfC2dTzbXtuD8pvPfDFJHCV0n0IA,Good i like this note. Works great. Set up the way you like it. Worth all five stars,5,1,6.5.6,2021-01-10 01:26:47,,
gp:AOqpTOFmuK8Uh82iXnxYQFfoQnxryJ9zuUNo2UoVXWlgJ0Fcrm3Af9Jk2Wt0OkLXq_FyZwS03tZxQ_QAb9582g,ginger god,https://play-lh.googleusercontent.com/a-/AOh14GhCjLRumAWzWTlEOot01OhHKWOZTqboYGVYO5ZcoA,Good app no adds. When i updated the app all notes disappeared gone never seen again i paid for the app so i will not use again until I know that this problem has been fixed 🤬🤬🤬💩💩💩🤬🤬🤬,3,1,6.5.6,2021-01-07 14:42:47,"Hey, so why 4 stars only? Thanks :)",2020-12-20 13:51:19
gp:AOqpTOFBI5ovC7XE6oaj6ldKinDKrztB3fmluaF3iY25eDx5fAPOY45_VFqC9HtmAspgyKNpJU6vbjzQ6QGR-A,Paul B,https://play-lh.googleusercontent.com/-Jdv6_0Q0VFI/AAAAAAAAAAI/AAAAAAAAAAA/AMZuuck_XusAjCk6D-X1f6G43h5c2vQlLw/photo.jpg,This app is completely awesome! Does everything I need it to do.,5,1,6.5.6,2021-01-04 12:18:31,,
gp:AOqpTOEBkUq58yDsRltyDwjnZ_RWspDjoUQ0krLxfB4iUUyrV-qMBDsLSWYzcQ-nX17dUWVdQ9S2t3jTHf_oVQ,N CHUCK,https://play-lh.googleusercontent.com/-qM32XT4OAXs/AAAAAAAAAAI/AAAAAAAAAAA/AMZuucmcqaNf3F-ud-Yro-B0fJkPsal72g/photo.jpg,"12.28 Still glitchy while typing. Cursor jumps around while typing. Keyboard issues. --- This app is straightforward and easy to use. I like that it has a word count. I find the line spacing a bit too tight and it is not adjustable. I gladly PAID the very low price for the Pro version. But I am kind of amazed that this is exactly the same as the free one, does not replace the free one when installed, and the icons are confusingly identical.",2,10,6.5.6,2020-12-28 03:25:44,"Hey, do you have ""Make links and emails clickable"" setting enabled? Try toggling it.",2021-01-10 09:30:02
gp:AOqpTOEAlzl5BdoJalDQmF_p0xrKvJjOCyIiwAnulQRXvyaglEVnyhWXi7hGKi6tmKXtx5NYa_ZqVoR88EUKOw,Kosta Kjurchiev,https://play-lh.googleusercontent.com/-xaVIskijW5o/AAAAAAAAAAI/AAAAAAAAAAA/AMZuucmiVXfP4ptmJxK1BeLL2JESsBh_fA/photo.jpg,Simply the best simple notes.,5,0,6.5.6,2020-12-27 03:42:18,,
gp:AOqpTOHqfWBK0bjsxY-VvsDhNammxesGsbp00vOuR_nExc_qU3qUyMl6s37xOMbEyE4JPcxoUiRAzMKLylRL2Q,Ozzie Love,https://play-lh.googleusercontent.com/a-/AOh14GggZ3WYG0kHi5Nw0ZAzcAvRilkb-r-pV6mOoyaCjZ0,"Great note app, just wish there was a way to reinstall without losing all your notes.",3,0,6.5.6,2020-12-25 19:19:13,,
gp:AOqpTOH0qSTykh66bc2GkgFe2e7fPqn_HAhrO8s0iLiqZ0MBt5-Fx21ILuejyzvHn11bh4VoRUqt3Vi4qPeOHw,Chirayus P.,https://play-lh.googleusercontent.com/a-/AOh14GgRh_yY50fpNUbJt2Bj6dsPvZvplCtfHvn9uzG8,Good app..,5,0,6.5.6,2020-12-24 18:34:00,,
gp:AOqpTOFNeYugnvn5aEJGfYdNxdD6rb-mU_wceha-akzw0v5i0rrSIid-s6QtQhYKH14IKfFDZqcvMgQNW6UUGg,Steven Brodsky,https://play-lh.googleusercontent.com/-MjVhmlNQGRM/AAAAAAAAAAI/AAAAAAAAAAA/AMZuucl3ClkNVW_o0V2UHetZ9Yn67R3YkA/photo.jpg,Ability to change order of entris very helpful.,5,1,6.5.6,2020-12-22 06:24:03,,
gp:AOqpTOFhD6QNqbHzp2eduHs5ECrtkxfeBYLM7LgYJKCoJdU4N3do9-26vc3sqop6Z-sJK85AyAZ8chBAdP1ITg,abc cba,https://play-lh.googleusercontent.com/-8suwDjkIZ1s/AAAAAAAAAAI/AAAAAAAAAAA/AMZuuclReGJdNz0ozrozf01nbSHFnGmcMw/photo.jpg,"Superb suite, free yourself of Plc's, Llc's, Corp, ware's a like.",5,0,,2020-12-21 10:18:10,,
gp:AOqpTOHCKvfCi1mXA-g-Wvh5Lz0q11vTxKf3LBGOyVapgF1zRoW_MRR-0Mhk6nQWenho2zEGoskIfKU975OzFw,A Google user,https://play-lh.googleusercontent.com/EGemoI2NTXmTsBVtJqk8jxF9rh8ApRWfsIMQSt2uE4OcpQqbFu7f7NbTK05lx80nuSijCz7sc3a277R67g,Simple it is. Handy for taking quick notes. Low latency typing. New updates bring usefull features.,5,1,6.5.6,2020-12-18 11:38:21,,
gp:AOqpTOF3zRq-wAGIxYnj80C9Wc5oSiAQL07xMfhYyzBBpKrW9Yc0b7hKx63gXe_2KD5am0F2jNgFh10IqqMJaw,Pop Mihai Ioan,https://play-lh.googleusercontent.com/-A8wS8IlG7Vg/AAAAAAAAAAI/AAAAAAAAAAA/AMZuucn4DYU1n-sG_03wAuyTh7F_NLm4vQ/photo.jpg,Very good!,5,0,6.5.6,2020-12-16 08:30:16,,
gp:AOqpTOEl5FwBHQ2Eww8U6jfUC0EWAuP8pcuMc7hMUxLxZXkbhmnj2q5uRrW1IBO_Yi_6t43SwDVtxhpivETBJA,Hannes Feiner,https://play-lh.googleusercontent.com/-FdlKh9bYt9g/AAAAAAAAAAI/AAAAAAAAAAA/AMZuuck09U5HMlLJFUeQy2MvH-26rYo6nw/photo.jpg,I like it. It's simple,5,0,6.5.6,2020-12-12 23:16:48,,
gp:AOqpTOHXi7PuwyLN3f1mLEPZr5GKMSDNU_M5Ctj8h1Eea9zI1-N_PSqmlsDdO2-EsWWYvhsAFnlbx4yZ6wlpjQ,Terrahawk 2000,https://play-lh.googleusercontent.com/-1kdcUU-YT_A/AAAAAAAAAAI/AAAAAAAAAAA/AMZuucn5k6dZjDysXYN9CxnQB0Yg2n_uVg/photo.jpg,Feature request: Add capability to change the order each note is displayed from left to right. E.g Long press note name and drag left or right to reposition. Excellent app which I use on a daily basis. Love the clean material design.,4,7,6.5.6,2020-12-12 13:40:58,,
gp:AOqpTOEcAs8RDzNcpx5z4ABeccLYmkL6IhPJeePaOBWlQR7Pl56sYJ5PPEKQAY3QFYjKgZKdD-jpL8hsNZmwBA,john collins,https://play-lh.googleusercontent.com/-pFrrd5d8rtw/AAAAAAAAAAI/AAAAAAAAAAA/AMZuuckOKe3NvKOjKn0IP_ZF49hAgQvclQ/photo.jpg,Very helpful. Just wish all my old notes from my last phone hadn't been lost. May be cloud storage for the next build. Then 5 stars !!!,4,2,6.5.6,2020-12-11 14:59:58,,
gp:AOqpTOEaw-t45d79TXjjEG6jvw8rD47eWAOONGcnb76RNMfGNOzUvu_GuDWvCoir4Bh-JCPlpBFpT1kfgIIzLA,David 1,https://play-lh.googleusercontent.com/a-/AOh14GgE7vb8aGnnOXyvmWhpOvc6tgx4UVAzwOArrMcmPQ,An ok notepad but not worth the 99c. Could use more options.,4,1,6.5.6,2020-12-08 11:37:33,,
gp:AOqpTOEnBNbhGeU_fLkI0lll_fED0vkgaa1C4Hy556LWZON5wcwMfrg9WW-gGS2UYmIUMf-6NRcHdXXD9BfSIw,Georgina Mackewycz,https://play-lh.googleusercontent.com/a-/AOh14Gi-uuBv0Rdu3HP0Ru6brUIwAKnhd1beErc3MHIhZMo,Really nice note app. I really like that it automatically sorts your notes alphabetically and it's so easy to add to and update. I even use it for my shopping lists. Definitely worth getting.,5,8,6.5.6,2020-12-02 15:12:38,,
gp:AOqpTOHTXvpC453rNNLJSfS7AR_KNvOfcLy8jZV0yrF9E9DPWwB_O-D9PQeC3Or5wketsZ3LlstwxA1vUycJTg,raphael nduurũ,https://play-lh.googleusercontent.com/a-/AOh14Giugq5tBTaEcJv0e2vf9kcOELv9uhd2PWLWfhA0,Nice,5,0,6.5.6,2020-12-02 05:59:21,,
gp:AOqpTOF8v4IOASClkWVDmtbuvnZxZD222cktKKkP0keMHUze1COFcq7x80XrGOVvXpLIhE5LQ2OWVFb6eV7u7w,Jay N.,https://play-lh.googleusercontent.com/-7LABJkAL0FI/AAAAAAAAAAI/AAAAAAAAAAA/AMZuuckYaNeTnP1KTaS6BUhJAph9W2s6jQ/photo.jpg,"I like the idea and functionality a lot, but there's still room for improvement. 1. I use Hacker's Keyboard, and this is the only app I have used for actual writing that blocks it's cursor keys, making writing longer notes sometimes a bit too cumbersome. Please consider unblocking them. 2. The font size setting affects the widget and the notes simultaneously, but both use different font size. If I have nicely readable in one, the other is either too big, or small to read comfortably.",3,16,6.5.6,2020-12-02 00:45:56,,
gp:AOqpTOH4W-_AlWztI7bVTESJjs9nJW2QcQMQBF51L7f_wwAjQ3vCpiC_taVldoQFLY4PIPzsqkmowLpaBiXN7g,Angela Faciane,https://play-lh.googleusercontent.com/a-/AOh14GiqZeKbFAgDJBUtjrmF7mIL1e_yG2vjEs08wF-Lmg,Great,5,0,6.5.6,2020-11-30 03:48:38,,
gp:AOqpTOHdocyvJwtlFJPMvp_YkSDsEXcoitPQn-0kYB8o4XKMbS4O8RLq4FQXUkCtw367bU_8tObZxoeM2qBJ3w,Harkiran Kaur,https://play-lh.googleusercontent.com/a-/AOh14GimoCPRe2YUPwj-ORgTMRMlQx1-nRcHaRRx4e2x,Please add ability to do handwritten notes!,5,0,6.5.6,2020-11-28 21:59:59,,
gp:AOqpTOFmNMmadhrLBGQZ6ooJVbaI2FUSl8bAkMzXGijAnwJsstOngVY5YruoqcBcBTqlv2LVfV4wkwyAoatOnw,Jonathan Stolarski,https://play-lh.googleusercontent.com/a-/AOh14GjKhN1K4tc5wRaK1SqnZi3tWEDZg5AcTX56XkOY0A,excelente,5,0,6.5.6,2020-11-28 15:41:55,,
gp:AOqpTOEH1VJ-q8KJWfYqeYi3dutz9yqzzN9SW4lgC0OrWxfEScxCLTasDGRv5bnkVCyTzAzfoC2bBKYAE_1vmw,Graham Hobbs,https://play-lh.googleusercontent.com/a-/AOh14GjZOIakKaXICXtmktSUteOtoj2DXVJibQnUl8szVg,Simple to organise multiple lists. That works for me.,5,0,6.1.4,2020-11-22 06:40:47,,
gp:AOqpTOFAE52Eicy2AMt-9y620jL0gRLKrDganZeFqvqtBS_GQAWnam_Yr5jTsySw0cYQ45DhXsBAsqea0XCVeQ,Jordan Brown,https://play-lh.googleusercontent.com/-kKXDVHrEUi8/AAAAAAAAAAI/AAAAAAAAAAA/AMZuuckFEutythUNGoE--WPGfDT9CyUqpw/photo.jpg,Love simple notes! Great basic note app and the developer makes tons of similar apps!,5,3,6.5.6,2020-11-21 08:41:19,,
gp:AOqpTOF-o3VltHwpANAGJNevxehSTS6RSudRqW25k4HMQ09yPyRuFHqgRfT4x-hO-fo7nTeMlWHLa86Gss34OA,Syed Aqil,https://play-lh.googleusercontent.com/-1dRDuj6W294/AAAAAAAAAAI/AAAAAAAAACE/AMZuuckkqOwoy6C6ghE0LFO4QUyDGmYvRA/photo.jpg,App disappears from home screen very frequently..This is happening once I started using Pro. Plz do lemme know the fix..,3,1,6.5.6,2020-11-15 11:02:32,"Hey, have you maybe changed the app icon color? It doesn't work well on some systems.",2020-11-15 13:43:56
gp:AOqpTOGR8qxS6z2NXeT4i1UqYCWeOB_cWwORBtj7S18QKa87SXchhdklDivdgQKMbLoueLDAvBnTrfY8lTj8jA,Guy Faciane,https://play-lh.googleusercontent.com/a-/AOh14GhjzgkBwsd7aJHt2j4EDQqQR1f_R89eiCiTGogYxw,Great,5,0,6.5.6,2020-11-10 13:37:55,,
gp:AOqpTOFpk-mdiaDE9CfP2DlLAZm3dz6p_-fjdIxgpjb5f0ICEl9r4NFx_YKqkznsvl5f745Al7UrLxZMgna-IA,RAMESHWAR BARDE,https://play-lh.googleusercontent.com/a-/AOh14Ggpozj5gf6TR-VKn3rjC7soQ9CqSDxbyXeJCZCD4rc,BEST app,5,0,6.5.6,2020-11-07 21:30:12,,
gp:AOqpTOH6kUXHrSP-iSLZnqOLkxkk6xo2T7gCHuG28hQHmac5Bh5SXz2HTceZtwhEN2vCijFNRJVyHd6WIWA6ZA,Dickiemint55,https://play-lh.googleusercontent.com/a-/AOh14Ggu31bXsCI_gQXWASlMZZC-ATJUwclNQVgxhcoSTw,Simple straight forward and easy to use,5,1,6.5.6,2020-11-05 19:47:56,,
gp:AOqpTOHIhOgo64R4j0IAegCiTko_dWOBMGHXLpoV5nis4vAXurYUZTiL2Eu5gqbOqGLYsecLv0RCbCeJkaDozQ,Greta Cowart,https://play-lh.googleusercontent.com/-hkagmKgtWOI/AAAAAAAAAAI/AAAAAAAAAAA/AMZuuckZMjYFOQQMBqAkslvntk1B70TuBw/photo.jpg,Just started last night but think if like calander I have will be nice.,5,0,6.5.6,2020-11-05 08:10:05,,
gp:AOqpTOH-SaYdks7xQqDvT49ZDxyzhBY7Quw3yEXh8LKb-DwclqEF0sqrJJBJRE920o2IIjnkVgTQvptzhXIqRg,Susan Basas,https://play-lh.googleusercontent.com/a-/AOh14Gjjr1a_2Oitn6mzFSp-NxRyK_uZ14bRprNdgolbCg,I love it,5,0,6.5.6,2020-11-05 04:58:23,,
gp:AOqpTOE9TWjZ0BuL6KH80TAB-DpD4JSN33Unh9bto2YdbpNN2NFIYHeMjgUK_lYisz89rITY1HZ9yA58MFg81g,PRIME ACCOUNT,https://play-lh.googleusercontent.com/a-/AOh14GiuSBqUEijxXrexDN9qBj5PlocIW1dQrLjM5gu7fA,"▪︎ Clean and user friendly Interface. ▪︎ Kindly add some optional security features for notes and checklists (pincodes, patterns or fingerprints).",4,8,6.5.6,2020-11-04 21:36:10,,
gp:AOqpTOGFaWa7NNuc9X6dFYUqx48xbqLVLkscueRmN6I63eCgZkPM679luQxLpRqEFu7rlJJKySa6gXsORMTKcw,US AND OCEANS LIVE NEWS,https://play-lh.googleusercontent.com/a-/AOh14Gj2eQ2O6WijPVcqc2E0HIrUh7dXHzXmiplJbobT,Ita just a great and simple to use app.,5,1,6.5.5,2020-11-01 13:54:23,,
gp:AOqpTOGecxPmJtTW-0LmqU-KhDtOEt6xg5vCRgoDFSocrUYY2AB3N9vH96rYuutFPphuzFFnQphtIxcZ0qTndQ,Eddy Tsema,https://play-lh.googleusercontent.com/-AvFVFxCt4Mw/AAAAAAAAAAI/AAAAAAAAAAA/AMZuucmJjVDI2dIhAmz-MsHjYV3oqW7qsw/photo.jpg,Simple to use,5,0,,2020-10-25 16:46:41,,
gp:AOqpTOEsVyoNSuKd6AsGdFO-LAKdpseZ92BuCrJtx6nbLJyuz5MUQTRTnhkEIxr1R3ACkhcXvbiIalNvurDw6A,Tj Howard,https://play-lh.googleusercontent.com/-Fgt6bv6TDJo/AAAAAAAAAAI/AAAAAAAAAAA/AMZuuck-o2BYZ2bZH5hidXDoKNFP_okM3w/photo.jpg,Great app,5,0,6.5.4,2020-10-24 22:47:21,,
gp:AOqpTOFBuY6pJQ5gfJqXSh6ZFBfIecSQQ3j_L1wHBN1DvZSEMtWzxCLxJNzeirgqBL6_7oXE1wHqMrHpUnUdfg,Don McLean,https://play-lh.googleusercontent.com/-H6XURPJWlzI/AAAAAAAAAAI/AAAAAAAAAAA/AMZuucnCvo_QCCk2DekQXCKin7T1ye1ufg/photo.jpg,"Almost ok, but keeps crashing in use. Feedback doesn't seem to make any difference. I wouldn't bother with this.",1,2,6.5.4,2020-10-21 11:00:41,"Hey, when exactly does it crash?",2020-10-29 08:04:57
gp:AOqpTOFbWbAgDo6NOwUQ0034lmLs5wCxu97jdA-21Id86lIZxbOH5WX8TVVCK-PpKfeX1ekFTK4guujBXGZnHg,Scootro Dellabutro,https://play-lh.googleusercontent.com/a-/AOh14GgZWm1E8CjhuiPTgFbxyekS-EMJ2xakVW7-Vflt,It's a well thought out app with an excellent settings menu! I've been enjoying using it. Thanks for the app,5,0,6.5.4,2020-10-19 19:39:08,,
gp:AOqpTOEl6qV-xAeLj6xifHV3-mKVt0rl2Ic3Lx815oYbbjKn0J6vRjixtscFr3GciDv1FkfqLLCvmKFGECxYjw,Daniel López,https://play-lh.googleusercontent.com/a-/AOh14GgWe3LBJQHMUp9jnHamnwU4M53twzzUkBEQXOH7fg,"This app is perfect, I love that the notes are stored in a .txt so you can also open them with your PC. However, the Pro versions seems to lack the option ""import folder"", to upload older notes on phone's storage, while the basic version of the app does have it.",3,2,6.3.1,2020-10-19 07:33:52,,
gp:AOqpTOE4-Pp8fS-sJ2bD9818ppwk2x_ANg8GUpPSFiATeLWR99uSNaD0yQBvhuRDZOmy2ujSs0hpA7lB8octxQ,Chase Paterson,https://play-lh.googleusercontent.com/a-/AOh14Giqo9lDggiJJ8oQ25wdTvRO5hQwWP5MISlOO6bv8w,"Amazing, the simplicity makes it foolproof and easy for daily use.",5,2,6.5.4,2020-10-19 02:08:11,,
gp:AOqpTOFVDudUJ4ahBH4CvbZoHT1L5Xi7_Y55Lgp_D9VykzegpMoP6oLpyw0huH5v_8PdPqv-1-AO6xYYzjaP_Q,Abhishek M,https://play-lh.googleusercontent.com/a-/AOh14Gig79L0W7M2GAftJdB7_FDznWwVPI3TDsDoILKMWg,Very helpful. Try adding an option to add notes as points and an X button to delete them individually. Right now I'm using widget as a stick not. Very helpful app.,5,1,6.5.4,2020-10-14 20:16:14,,
gp:AOqpTOGhb6UkEYxfssSCkh83p2uMnqXdx7RH5MpVE4aN_Q3I19kCsws3m1dXfhE0PEs3XJfv0Y-zgQla0L-zSA,Togie Verlianta,https://play-lh.googleusercontent.com/a-/AOh14Gi0n6WgSnbkUd6Tzl7h2a5bOtyHg1IjSyzOdlzDbQ,"Very helpful apps,and simple.",5,1,6.5.4,2020-10-13 22:55:51,,
gp:AOqpTOEYKCgPG5pXUQRh5jOWf-D2EYrEJEoRWfeG42V6Lst-s_t5zm34CAZb-Uz3lfLdkve6kSjwruTBKRRhNA,Muhd Nizam,https://play-lh.googleusercontent.com/a-/AOh14GhKsIk1d2zJvAu5HVsElJM83yRTR5wiznCzanxYrQ,"I love the UI but why are there an error every time I write notes? When I hit the enter button, the previous notes will gone and I need to redo again. Then it will be okay but after a while, when I click the enter button, my previous written notes will gone and I need to redo again. Please fix this. Thank you♥️",3,6,6.5.4,2020-10-05 20:19:18,"Hey, not sure what you mean. You cannot store text notes? Are they written with casual unicode letters, or maybe some letters from a different language?",2020-10-29 08:06:01
gp:AOqpTOHkoW_nIztbfOs7O4wMQp1hI-vphtn_7_YNTJfljvSFbCRNozHGn1Be1Gn3fRA40TlxJWOzuCnaZnWF1w,Brett Johnson,https://play-lh.googleusercontent.com/a-/AOh14Gh9KPYt9lV-8p2k2uqaZEH1SONRJUVWCGJeuCaJWQ,Easy to use. Love the ability to use checklists for a grocery list. Also like the fact you have the option to name the lists for easy retrevial. Just swipe until you find the list you want! We'll done.,5,7,6.5.4,2020-09-27 08:54:40,,
gp:AOqpTOFAZX5I5p9ku_xwOBqoA2yQm21X6OBhKbYdn37EBHSGGT_5oBMwXABcSzzEvomj0e7FDGzJqXPIsrlzJw,Cowboy Tanaka,https://play-lh.googleusercontent.com/a-/AOh14GhPdZnqaKwq9mZBtIeHrErapDsiURqriclczl3N,does what it's supposed to do. it would be nice if we could organize our notes by date though.,5,0,,2020-09-26 07:41:38,,
gp:AOqpTOFRL5hi5OI7rLXY_naia4wSG5rJGOMLcxsmQnj6H8ecPM6LKWzs8kihUSQupPmmRt_tqUdU5M-OJeaAjw,Jam Tin,https://play-lh.googleusercontent.com/-OJnWsiGfc6I/AAAAAAAAAAI/AAAAAAAAAAA/AMZuuclyuIrtWuNx4bsQQgQWfadbOu-agA/photo.jpg,A lovely SIMPLE app 😁,5,0,6.5.4,2020-09-24 23:41:40,,
gp:AOqpTOHU7korWwMRENzugWKnxDM8Io3cxpogP94Y-74fWqLp9-hf8mVvTiNSCm3DCA63ZWLWgP1NDM2eszUzVw,Endri Sejdini,https://play-lh.googleusercontent.com/a-/AOh14GiFInMjizUg6lozXMIOhz3PqyVno3EDx1uaxaUVAw,"""Create new note"" tab should appear on top of the notelist to be handy; having many notes needs to scroll until bottom to reach it...",5,8,6.5.4,2020-09-20 07:01:15,"Hey, it is on the roadmap. Thanks",2019-10-28 06:10:50
gp:AOqpTOE36cvOLSm4sWPSqEdEeZiz-KHuI1b99X7drVv6Wlg8a5b_CxpNlbQwGe2SGjHoW4ml4bkdUgEkqinNCw,Paul Bell,https://play-lh.googleusercontent.com/-1p8fCNe7YHY/AAAAAAAAAAI/AAAAAAAAAAA/AMZuuclATu-Sdc1r4peEuEH6v-O91k6p1A/photo.jpg,"Quick and easy, just what i need. To-do list entries aren't editable though and the gap between entries is huge and doesn't change when i reduce font size. Otherwise excellent.",4,2,6.5.3,2020-09-20 01:22:01,,
gp:AOqpTOHjVENKvW8ZnICT_jUBTII6Zislrmqsce8nXvbrt7sLU6K6zNXeEtX0meVZ6qzXv0KjcRP3JXiE6swwXA,Natalie Brown,https://play-lh.googleusercontent.com/a-/AOh14Gh4v00e5bhi1XPIekFblFXc_FBSp1HfhQy3IQbzBA,"Was awesome until I reset my phone and lost everything to find out it is offline so all my saved recipes, notes and such have been lost.",1,2,6.5.3,2020-09-19 21:55:29,"Well, what made you think that they are online? You didn't have to log in anywhere.",2020-11-04 12:58:15
gp:AOqpTOFi5RodjqG4zCw_IqQpR0JZgaVlh3yQBRrqFQNgvM-vzJHqrsCHJt77rCC5X6kdybXcWT4h6M4GuxiJuA,Stefan Forderer,https://play-lh.googleusercontent.com/-lLh6DizXgc8/AAAAAAAAAAI/AAAAAAAAAAA/AMZuucnXtS6X7kRNfSwmbIQmYzgaM2TIlA/photo.jpg,"Very easy interface, lots of notes easily accessible and saves automatically, just beautiful",5,0,,2020-09-15 04:52:36,,
gp:AOqpTOEV2GSWMQ4qOydUJjHL6i3bA7BjsuHXq8RhwEDnuKUZZLay0644hiGQMjIruQybKQZSF8c27Q4X5csOhQ,Zalgo,https://play-lh.googleusercontent.com/a-/AOh14Gg_v-aYJY96M0UMSW9Vq8fgJMSBot39GcqtHvdNqg,"Just a perfect notes app, plain and simple.",5,0,6.5.3,2020-09-13 21:48:36,,
gp:AOqpTOGNl4mnAeBPveXVJj21RIXKlChu22bjFFkcuvPXaPT59TcVkx0P4YU5OkcEIhI65JA1JvFH3wedLeOKFQ,Pea Nut,https://play-lh.googleusercontent.com/-Qea8anrC4Xw/AAAAAAAAAAI/AAAAAAAAAAA/AMZuucn3zeaazdRJLa6Hpxbmf0S4s8NzDA/photo.jpg,This is the app I've been looking for. TYSM for the good work,5,0,6.5.3,2020-09-12 13:15:40,,
gp:AOqpTOEcP1jGy1zzpRuADXYwyB5mLXwsEJCNgwqF2iHzjD86JNftbwNGzIo5vlpeC2WNTI43-B8Uc8XV3rMItA,Victor Panait,https://play-lh.googleusercontent.com/-u1xNa0EIuVM/AAAAAAAAAAI/AAAAAAAAAAA/AMZuucnpK4saiFB66M3XTdU29wEuhFcZ9w/photo.jpg,"Nice, simple and easy to use, I really like the widgets feature which allow you to pin certain note pages, I wish there were more options when typing such as bold, underline, etc..",4,2,6.5.3,2020-09-06 22:59:26,,
gp:AOqpTOFPmHNvD6VhVgxfgJOaMqd34qSwb1ugwqw66giDovxZgxxIWcP58IlHipA7Jb1rK4yWf-ZHit9MBov3UQ,Dominic Wall,https://play-lh.googleusercontent.com/a-/AOh14GiO8lq_eRXmkYw9E6RHxjrkOPC4I2RSptJiiTU,Straightforward and intuitive to use.,5,0,6.5.3,2020-09-04 01:23:22,,
gp:AOqpTOFd5KiCm_UWoZNbe4F5itATX_BfzM9VfugeuGTE7LnsN-ltL5BI_wO13Ak4Jiy2AtJx5RCy_DRm8rgGGA,Dylan Ezzy,https://play-lh.googleusercontent.com/a-/AOh14Giw5iOUQsYFBeyWGbb46n7q_uNX880Zh3nSyW6oCw,Dropped the ball with this one. I've been using your apps (all pro plus bought the thank you and whatnot) and I typically love them. But sadly this one has some severe issues with load times and constant crashing. I'd love to see this app get some quality of life improvements. Keep up the good work on the rest though! Edit: it crashes frequently on export and freezes with larger text documents.,1,10,6.5.3,2020-09-02 18:34:00,"Hey, when exactly does it crash? I dont really see any bad crashes at the logs.",2020-09-02 14:03:17
gp:AOqpTOHvFiXH4DB1qFz6_CV-77JfM_XyMiAn3AEQRHGk59CFIdJEgrrfq0mztBs5wrsmVHfLx6e5wY3ZJlc4DQ,ePi Evo,https://play-lh.googleusercontent.com/a-/AOh14GhDD_dBooBJQKJiovr6vCJWLQGK-Zrpd4QZNqHf,"Why do you NEED to put a note name? this hassle defeats the nature of taking quick notes... should be called ""Not So Simple Notes"" but don't get me wrong I love this app, I just hate this issue, which almost makes me uninstall it... but all other apps don't offer what I need",2,2,6.5.3,2020-08-27 19:34:42,"Hey, Ill consider removing it in the future. Thanks",2020-09-02 14:02:49
gp:AOqpTOEexstskW3QPAM3KQJvpEjLwzi4PpHy6tW-Ip40Vrs-LNxeb95ncSBJF3pd4SfQWVALEHRibuZpu2RIuw,Mike Obeck,https://play-lh.googleusercontent.com/-nqmXtYgi8RQ/AAAAAAAAAAI/AAAAAAAAAAA/AMZuucnY5_h2JMdef6-7igUTi14V2pBIEw/photo.jpg,I use it everyday. Much easier than writing it down and forgetting the list. 5 stars.,5,0,6.5.3,2020-08-21 04:09:46,,
gp:AOqpTOFdIrcugpwKq0aqoTplwqofL5tekaWbn7nCIGJ-k8J33jk905V5cyNmbiQTXLq6c8S4qERO3SlWksnCHg,Tom Grus,https://play-lh.googleusercontent.com/a-/AOh14Gg21Iw76lCMHgR913BLIUFVrz5jNy2zcGe6gxB2ZQ,Does its job and doesn't get in the way!,5,0,6.5.3,2020-08-20 22:11:01,,
gp:AOqpTOEcmTaMNeo-sbJQSqOxx2Zt1S3SLJ6BHOn4bOpG6c8cCCC2nwG-Yn7u07Vr1TiUetQ23Xmw2wC27fNfkA,Cas Ashworth,https://play-lh.googleusercontent.com/a-/AOh14GhWcIU0v3JK1C_3y7TNg55zuHHYycYleQColabR2w,"Excellent, gets better. Thank you 👍",5,0,6.5.3,2020-08-17 05:10:57,,
gp:AOqpTOGnogO8KGlgn_i3PpBTBFpDCZO9SD6brS2urLeDBA6BRGksgxNqvDsJNxZD5f_mNb-4UJ12ybdlVyb1sA,adarsh bhosale,https://play-lh.googleusercontent.com/-gYGIfgzGM6g/AAAAAAAAAAI/AAAAAAAAAAA/AMZuucm1f0hpWMZdx6qIIldP59NcQlHDgA/photo.jpg,Working fine now...thanks.,5,1,6.5.3,2020-08-09 13:50:50,"Hey, does it still happen? You cannot launch the app?",2020-08-09 13:49:11
gp:AOqpTOHkJ3z-2WMIsZsmY8V2K819SF_ZwxmK6RiD_FZEaGxy8v5KJjoWOhxyy-eQkb5414WUe4jW_vnI4_1BQQ,A Google user,https://play-lh.googleusercontent.com/EGemoI2NTXmTsBVtJqk8jxF9rh8ApRWfsIMQSt2uE4OcpQqbFu7f7NbTK05lx80nuSijCz7sc3a277R67g,"From 2020-08-08 This pro version still doesn't have all the features of the old free version, namely importing a folder and using files as-is on disk. I cannot use this. I don't regret giving the author money, but I hoped to see those old features brought over here.. and it's been well over a year. From 2019-03-17 A necessary app to be able to easily edit multiple text files directly on an SD card. Has auto-saving when switching away. Why doesn't my portable supercomputer already come with a text editor? I went through too many before finding the earlier free version of this one, and decided to buy this continued project to support the developer. The author is responsive to bug reports.",1,11,6.5.3,2020-08-08 06:14:11,"This app is supposed to be used for quick note taking, it is not meant to be some advanced file editor.",2020-08-09 13:45:01
gp:AOqpTOETbDy5gibKF6gAot_tiONc7kbo-mfffx3qik3vRE4nmO4lYn0UTDzJCjYmze-Px9QG0Y9_4ywM5SdkGA,Kempner36,https://play-lh.googleusercontent.com/a-/AOh14GhmYw2h5MdejGoEF1W7BVxHvBB5vz5mSK1aFe54,"Dark mode, no limitations and many other little diferrencies that makes this app the best among others...",5,0,6.5.3,2020-07-24 10:34:06,,
gp:AOqpTOGuAmxOBj_WarDKcGawUWq9mhr7bJ-LxBn07S8Z83bk5WPzuWwqncvmyM0ml4cykJ9lN9zlR_2v6Ww-og,rajeev,https://play-lh.googleusercontent.com/-PDl9SZBKg18/AAAAAAAAAAI/AAAAAAAAANU/AMZuucmS5feWoaVvEg0CkYR4V5w35I6t4g/photo.jpg,'lock' and 'hide' options were expected.,4,0,6.5.3,2020-07-15 23:00:27,"Hey, they are on the roadmap, should be added someday.",2020-08-09 13:46:44
gp:AOqpTOFGd0b3zG0q5q32Gxoe-gor2Q-U3I4gzkqTNyIW1F0u_LIqWfkDsGWcuO6PCoiIIyRQ5i5Yl1x0H3W71A,The idiot said:,https://play-lh.googleusercontent.com/-14SOwN2KV1E/AAAAAAAAAAI/AAAAAAAAAAA/AMZuucnTsIoDwyTiAvD5sjO6CFEy7toxJg/photo.jpg,"This app is really straight to the point, which i really like. It leaves very little to be desired. The reason i give it 4 instead of 5 is because i wish notes and lists would be easier to organize better. Now its just a bunch of tabs next to eachother with no way to sort them or to search them or whatever.",4,14,6.5.3,2020-07-15 13:59:24,"Hey, ye, some improvements in that regard are on the roadmap.",2020-08-09 13:47:03
gp:AOqpTOFox8wKMDa0sJsMpcDacxnDtuuHsx4YvjvQJAKhHIGAcSleq70Hr_qVgP8gVblkRJaumrjmqC13eUtniA,Lo Wang,https://play-lh.googleusercontent.com/a-/AOh14GiPwFuUzeujoYJIngIkGlOPcJYt33ol56EDiPQ0_g,Its damn near perfect.,5,0,6.5.3,2020-07-13 16:06:35,,
gp:AOqpTOEAetllHhZ80ulhuc6d8xzfwfWel362uym0tsJ5FLCPK6i--H0bH3IyJmP1pmfCLhlXcQrRGNarC0XTtA,choco devil,https://play-lh.googleusercontent.com/a-/AOh14GintqfiP7koO5Rr5tGshoV2Opi4z6z8iGwbDHFt,Hi. This is actually a great app but I hope that in the next update the developers will give us the option to sort our notes/checklists by the most recent note rather than alphabetically because sometimes it gets shuffled randomly. And I also hope that the note displayed on the widget would automatically change to the most recent note I made which would be 10x times better than having to replace the widget everytime to change the note displayed. Thank you in advance!,3,0,,2020-07-12 09:44:17,"Hey, ye, adding some manual sorting is on the roadmap. Thanks",2020-07-13 13:54:39
gp:AOqpTOGYX1PMI25GGrtzsQ8IIteTAJTCRdhifECdhcM7I8BtWvSxY-T5H1D7QQ3Fq4gCSHneMok6347j9qrHEA,Darian,https://play-lh.googleusercontent.com/a-/AOh14GgHYEsdHgvpyCHyrYVSWgNq9CEiGXQjlitrCvrPHbI,"Solid app, as are other 'Simple' apps like Contacts and Calendar. One improvement: it would be good if the monospace font option also applied to the widget.",4,2,6.5.3,2020-07-10 20:48:00,"Hey, ye, adding it is on the roadmap. Thanks",2020-07-13 13:54:54
gp:AOqpTOFJ9S1Flgjb9fEnTTjNJf71-y8nR3Gl_yo_71iWg9ukzBGLPTIFX6T2uQM-e2lgLtd32E1PRC8HyNzgcg,Ann American,https://play-lh.googleusercontent.com/a-/AOh14GiWsCy_38dRHkPdy3lJIkSgwJNKbmQEQ3LFL9u7fw,Great app!,5,0,6.5.3,2020-07-05 08:43:57,,
gp:AOqpTOEdclei40KZDo65przJP_L3NoDksch9C9-NXwpSxN909gh0zNMYDPr-2D-sjysesfsGfkWPAiyNTHt7HQ,Paul Northcutt,https://play-lh.googleusercontent.com/a-/AOh14GiHzlWsJ0LjUQuzXlDFI5aLq5FVBttgij-iPJDVQg,Simple and effective.,5,0,6.5.3,2020-07-02 07:07:51,,
gp:AOqpTOHUrfhXerZ6QnIsQiaQrt_vFVGIikF6z17aySKrc_WYO4BVLTLQ_4D6IrCh5PA8hSOrA36OqLdBHvT4Qg,Devin Hyden,https://play-lh.googleusercontent.com/-fgH0AWJcajE/AAAAAAAAAAI/AAAAAAAAAAA/AMZuuckJYBmXC0faz1KKWiyVu5T3sYrP1Q/photo.jpg,The app works wonderfully.,5,0,6.5.3,2020-06-30 16:19:35,,
gp:AOqpTOG7E3zkQHSwQ_-tm_DJuq1Jsfl2KO4rqgUnvJlVYa3Mmyx5SY5Buc8jzTFlB4YhJbEVeBlnkGIt1N3Uvg,Sebastian Kalman,https://play-lh.googleusercontent.com/a-/AOh14GhLcqSxa6f0viaCFc7f2fwhwMWqJ16skE4jL6r9pg,"Please option for Widget text (font) size. Widget text size doesn't match app settings font size, it is bigger. Everything else is perfect.",4,2,6.5.3,2020-06-30 02:09:26,"Hey, ye, improving it is on the roadmap. Thanks",2020-08-09 13:48:06
gp:AOqpTOHy4dpvCc2wpzeMuvZmHFBwN41gPIaaWHVFAanG9yDj2hEzMObVutAJ7WpXB__Vc1jX-EAqEkeEvkZl9g,kiosaton Shaw,https://play-lh.googleusercontent.com/-cE_Ftlv4igQ/AAAAAAAAAAI/AAAAAAAAAAA/AMZuuckl1i9XXFduS1JbZGHea5SdRChcLA/photo.jpg,Easy to use. Highly customizable. Awesome app for being organized. I use it on every phone and new phone.,5,1,6.5.3,2020-06-22 18:23:14,,
gp:AOqpTOH-Yx7Q5p1SFj_YHB2w4ppIy9atzDubJDfduBWJHqaP7RtFvHXJOzpGjsMUAH3CyGKUMemAYHQRFwgddw,Serg U,https://play-lh.googleusercontent.com/a-/AOh14GgsDhAE574rAhPjuz2AD5_WdfKJvT0sGqCTfR4STg,Great app!.,5,0,6.5.3,2020-06-20 18:07:43,,
gp:AOqpTOEkoJf6gcHfqbmVF_PE6I6AG0_PT0SiAOF8VDMB5UjHf6mQTlsP0vQVhstzrHLClkXuLDahePIOOyabLw,H L,https://play-lh.googleusercontent.com/a-/AOh14GgxFnDtCIWd3ZG0_g5FXrxT5WhmEUqCb_Mr3-d0hw,"Love this app. So very simple, like all the simple apps. I actually use it, unlike all the much fancier note apps I have tried. I like all the simple tools. I recommend them for those who like functional minimalism.",5,2,6.5.3,2020-06-18 23:46:06,,
gp:AOqpTOHyktTfkIuustblu3HCwyvYMDGLzFhkKbm0C0fZsPk-8vwgyLLIJIJlP3xVC1hiNHLUnKjByJoMWXs2tw,Bartholomew Singson,https://play-lh.googleusercontent.com/-BGu7XhTgfwI/AAAAAAAAAAI/AAAAAAAAAAA/AMZuucnQ9u_ssXPVLDwCuIv4AyHbtj3k9g/photo.jpg,great app,5,0,6.5.3,2020-06-18 21:31:08,,
gp:AOqpTOGwzp4XxHfq4RDGwQ4IoU-XMcrndwDKguSjBrwDxzW63btBRRm4eE-rJPidA8MfoKHAPPbMAdIC_nOSZQ,Mark Ryhold,https://play-lh.googleusercontent.com/a-/AOh14GjNzRba9M0l55xyDH_ysxa3qlnvExjmoV3pcbK3NrE,All good.,5,0,6.5.3,2020-06-13 19:01:35,,
gp:AOqpTOHxAXV9_lDgUPeo5bwhjDrWHK1JoFcJkxnkaA6ArhO7SyU-FYGdUcj-2wCTAGaWwy-_ubcrpzZjbamZ5A,frank skou,https://play-lh.googleusercontent.com/a-/AOh14GjNYEZAs_DayUAhYEE_JDAQLfFnT9FjA8g2JX-ssA,Great app.,5,0,,2020-06-09 13:33:46,,
gp:AOqpTOFT8pqBPF29K39nkSu2AVtmmjItKcZFWS9M_beP5JEXbE4ZgpEF-laouI6lGEHxUeoPr44p1zuIjAdimw,Isabel Holkenberg,https://play-lh.googleusercontent.com/-BEgNooSaLrY/AAAAAAAAAAI/AAAAAAAAAAA/AMZuucnPYTrAm7ezn4ObjI-waIOlzbC9lA/photo.jpg,"I just downloaded it and tried out making my first note. But there was no save button and as i tried to go into the menu to see if it was there, some error message came up saying something about JAVA and then alot of signs. I deinstalled it.",3,0,,2020-06-05 07:09:19,"Hey, there is autosave, no need to press anything",2020-06-06 06:31:56
gp:AOqpTOFaXzhJnr2kVu8kcGEvK2QBK5jG4yXi6AtXii1IKFxlmCYrtKSwbkS06xi2Thx-tqcSaZ-MKzkJSPSllw,sahil lath,https://play-lh.googleusercontent.com/a-/AOh14Gh0EwqGDRuHM2GtvPaIny8Sq-AYCBGlvczT_9A_,Awesome !,5,0,,2020-06-04 21:31:09,,
gp:AOqpTOFVNboHyRjff7G59R35VFfaCczyS3nQjUwtqIV6c7XJyP5UC_v9gqz9KKANGuA__5jiv9x2RkDVZglZSQ,Lon Kcubal,https://play-lh.googleusercontent.com/a-/AOh14Gi_ft4hEE0gAP6GLN7435E-ZYp0MMrwXabzDe6E,This app works great for me. Simple and easy to use .,5,0,6.5.3,2020-06-03 21:32:31,,
gp:AOqpTOFhgrBfCZLn85pL0OJbQt9w1uZzREIzXlbZnF3VTgJZrzFA1mOPeC6_nABviuEF7-Vj-jY-TSRqIZSR_w,Pedro Montejo,https://play-lh.googleusercontent.com/a-/AOh14GhJY0eEZlDf8zzW7St_J07BcxCkHIOyuW_ob3tyZQ,"I've been using this app for some time now and it's been pretty good. Simple, as the name suggests and is exactly what I was looking for. I like the checklist feature and the ability to swipe left/right to read your different notes. Great app.",5,6,6.5.3,2020-06-02 10:11:09,,
gp:AOqpTOFagCJUFUPL9b-tuTJF8yHdxTBFHz_D9dMAM8MRefNRNwePqLU0fT7gfsSdQ6ctTHiDwvEU9BN0CJNz_Q,Robert Shiplett,https://play-lh.googleusercontent.com/a-/AOh14GiwAJ1PDBPPtFmBgzbN-sEYiQRnRhGgOYxKNn1BVg,"I am a happy user of the PRO version, but I am happy to pay to support apps that i enjoy using, i.e., that don't leave me raging about UI design so many decades after Smalltalk workspaces in that programming environment. Not an IDE. Regardless. I enjoy this editor. It does not come with its assembler code to tinker in, but those days are in current Norton, far downstream ...",5,15,6.5.3,2020-06-02 05:22:45,,
gp:AOqpTOGV3ZzBHwrUW7ZIwoRtK3NEDKz_e2WvvIlFBjBgiMOQrmoW4mFJ9b6P9KMXqmBLvSPf88_8focVs9W-tw,Lucinda BOURKE,https://play-lh.googleusercontent.com/a-/AOh14Gimbf_5ZMPPGuF1686ATMYGlYBdAabIANy2oY5qHg,Best Notes app ever.,5,0,6.5.3,2020-06-01 23:01:10,,
gp:AOqpTOHpc6wyydjHSLf-JwlBcH6qiyU7XtggVzNgiHWYQ9ux39yXApwNHWwE1w3CC2xmAGmwcVoKi68ontNb6Q,willyougowhereigo,https://play-lh.googleusercontent.com/a-/AOh14Ghxj1-G04lG7rc55wbG4yPW_kRKk-kXztcsbFHU,Lovely,5,0,6.5.3,2020-06-01 21:07:59,,
gp:AOqpTOGZNQ1N94O8tWpjL8bXkFR9AthzO9WGSPeWIHZ26lXU2ZHRyUyNaeYtBkQD58zekX9Rkj-iwoQid1KaYg,Tony G,https://play-lh.googleusercontent.com/a-/AOh14GjSO_nPtK3OWY4Sk6klgHa4mtJtrtKTDcuvFSJl3A,"Nice update. I'm gonna have to try this on my tablet now. Even on a 5.5"" screen that extra 125% looks really good. Any chance on having independent page sizes? I really like having this for quick notes and idea lists and the fact you can flip thru the pages makes this very useful everyday. Thanks again!",5,6,6.5.3,2020-05-31 18:56:07,,
gp:AOqpTOFzjJgiFaBnimfQ0OaTLtArppS0sGTQCjld-YbzHnRkb_h5ygWwoYx_KFZLTNp-KEQy_eoq9GFnROTIiA,Yanfer Sanchez,https://play-lh.googleusercontent.com/a-/AOh14GhNb_WD7LjW8BgZSvuGBAB5xGb37LA-_drphSCROg,wonderful.,5,0,6.5.3,2020-05-31 07:54:59,,
gp:AOqpTOEQ7m24iIhX3SnWxftqFu8SI-c8tiKezRS_WGt45gYQYSb1ed605WfMGPy7YNYsvip1Wbt3SUTV6aHvPg,Ken E,https://play-lh.googleusercontent.com/a-/AOh14GipVZYlqi1yhFah8nryyRA4K4ziC-orucDwRxSa,The best note app I've used so far.,5,0,6.5.1,2020-05-26 13:09:12,,
gp:AOqpTOEt4fZhUwk-kHdFicMfc55nH4QnShVwJoGOD_mL2Yoh7cmfTl428ASH3hEQnQHlQ8lY4IShV_LqoF2xnw,K W,https://play-lh.googleusercontent.com/a-/AOh14GgVrq1PkICz5LCMVb4uBXKJc51t7nhRck5JnLCA0SY,Easy and effective tool without unnecessary permissions.,5,0,6.5.1,2020-05-25 12:55:45,,
gp:AOqpTOEuuZ4ARFE29gfFyubusGp7m17lHHfQvaLMmsoLXLyrBySysW-kqJdYVm11AkWgM1-1PGNUPdOwrVmKng,Hasan Mir,https://play-lh.googleusercontent.com/-9EMSSnjOig4/AAAAAAAAAAI/AAAAAAAAAFs/AMZuuck5MDYEddMwL2cVf6tTtWH7x9wzMA/photo.jpg,Good app. It needs some minor changes like where the floating button is placed.,5,0,6.5.1,2020-05-20 20:49:40,,
gp:AOqpTOEGszBnHmX0O_XRISiR2OHPfi3J3_G4UKImZO84ynzcLFkwB63q_KzlNkI4AdCSph_hE9LamoSiLXsZQA,Dragoslav Jovanovic,https://play-lh.googleusercontent.com/a-/AOh14GirsMzOkwhIvr8qAVOkDT1eq0IpPQJHGJTqqroiOw,Best app ever!,5,0,6.5.1,2020-05-09 09:22:32,,
gp:AOqpTOFps9uMUI5pLckUc521b3kOGkqjTT97NoleOJDxMuMKIrc7nHoJpu4El0MA4UzYiYcz4lXqteeYa-kSxw,Maureen Rowan,https://play-lh.googleusercontent.com/a-/AOh14GhA_54HqZTySMm7Qjy4ov1HhOT0OpIXE-vQSBLyi9A,Excellent,5,0,6.5.1,2020-05-01 15:40:53,,
gp:AOqpTOH4EFTAMoUzKybj5WNk-b7Tm7w7WeEjV-C09V_7ZFtCMfEdIVlzxWO8YnKwl4mE6z8hR41Vrc5h3pCPEA,Jnpm Kemp,https://play-lh.googleusercontent.com/a-/AOh14GhFS1BiSfRVJnPaWxo35eNkd2K6c9kWgdHu6W1fVQ,Essential for me and best in its kind.,5,0,6.5.1,2020-05-01 07:57:15,,
gp:AOqpTOGjFN1WA3D24_A_0Ds3fusgZirpRFdJGeP45LY2S_N9vvkiGAimqrRbWBrxXhrux4J6fLS1AhEtG_-eOg,Old Grey Tree,https://play-lh.googleusercontent.com/-OqC0M0dNo_w/AAAAAAAAAAI/AAAAAAAAAAA/AMZuucmv65iAEuYtEC8_jpaqdqOzRCdgmQ/photo.jpg,Great app. As all the simple range is 😎,5,0,6.5.1,2020-05-01 01:43:38,,
gp:AOqpTOEgrBbkqKsvzOfALZ3uco3Nlh0crfL35QGktbVJehQzDymqSIzZ5jT9OhdeW76N85rbeYbkjjyR4xdhyQ,Bob Raisbeck,https://play-lh.googleusercontent.com/-sO1u4s6RWU4/AAAAAAAAAAI/AAAAAAAAAAA/AMZuucn14IED-Egml7R0PScHNMcJd2Dr9g/photo.jpg,"Like all the other Simple Mobile Tools apps, this one passes the two criteria for what it takes to get a top score from me: i] nothing missing that should be there; and, ii] nothing there that should be missing. I especially like the list-type text file option; e.g. grocery lists, etc.",5,6,6.5.1,2020-04-30 14:53:30,,
gp:AOqpTOEBe3bQeoycLAWGEnoHWQbDJdPfu9idCN2U1W_9nKx7xowyf327wDsVvdxFn1fXsSH3e4Bok8kCRsTaGw,Dallan Simper,https://play-lh.googleusercontent.com/a-/AOh14Gj-BzvoTVOKSdxIIDzj5Tra1gUCgQmRlGlAoA_c,"Great! Easy to use, functional note pad.",5,1,6.5.1,2020-04-30 08:16:31,,
gp:AOqpTOGhK0lCzB2SdzBuRVgigglzknVCDJL0682faQHinY3tIKtVOMTxcWvkiwAcD30uJ_6QPhI1AE5_fs-WLw,Carl Krucke,https://play-lh.googleusercontent.com/a-/AOh14GgOkU6T9B3vKV7veQuRbo5MZhQTCNrpdyKjtSX8,"It lives up to its name, and is exactly what I was looking for. Recently I did have to uninstall and reinstall it because it was unresponsive as soon as I opened it, but I suspect that was because I had left as the current file, a file that I later deleted. No problems now though.",5,3,6.5.1,2020-04-28 20:35:17,,
gp:AOqpTOGOqTESZfnN8uSiKOHy3ZGiLB1CahAScbkyHsr1xdYEvNc6i-0OHxxG3XtoL4pUug33XA0-LYI6AMFWsQ,muse,https://play-lh.googleusercontent.com/a-/AOh14Ghpc0Tpqs7E7VIGfAO6zbrr7gFoMyl-1mEMP4I94A,i hope can add picture too. thanks,5,0,6.5.1,2020-04-28 18:00:51,,
gp:AOqpTOGszOHV3z9GbHerT3uPJ5g_NKJGsucmsvqjSSLJSWYb3iOjUmewhhnZuG0SiVSgvKR5XZbn1YV3BcePww,Bren Hartman,https://play-lh.googleusercontent.com/-TSam5t8-7so/AAAAAAAAAAI/AAAAAAAAAAA/AMZuuclklw3IjrCjL_IL3SkmkbPGv-6flA/photo.jpg,Nice simple note taking tool.,5,0,6.5.1,2020-04-25 08:51:07,,
gp:AOqpTOEwG5tL06KbNGO-ANiyD1e3jesJhs51qtp9EOzrb15Qzl6J8PyxG6q7xWat0J-bS77oDQ31TiKOsvPtJg,Olivier Leroy,https://play-lh.googleusercontent.com/a-/AOh14GhB6-OAm1KZ9wnjWTvEIapThzYFA014tbFb_-IAiw,The best note taking app in the play store. Period.,5,0,6.5.1,2020-04-23 11:17:17,,
gp:AOqpTOFlyOtHzV3SO6oI5wnoiXp76mc8YuK-qAgAMh_QGJxXIcmMH8PvsXhLdhOfbAAkKWQCeligmmtC8dgRqA,William Holmberg-Kicak,https://play-lh.googleusercontent.com/a-/AOh14GisciL17W6V_8wh5IYbCrr02skMZ28UQeqNzTBu0Q,"Great App, love that I can adjust the background transparency of the widget.",5,0,6.4.1,2020-04-22 17:11:51,,
gp:AOqpTOHgTgKrRpESSwSD7MMyeYxcngPZTgX77GR9Jl6qlVFDczC2MpG7oWHb1RVUTMa8jOhem-QlAGH05ak__Q,James Lu,https://play-lh.googleusercontent.com/-2nD9VussZrI/AAAAAAAAAAI/AAAAAAAAAAA/AMZuucm7NeL84PSPD3pxmELRyy44G6Ipnw/photo.jpg,Simple. Useful. Love the dark background so it's easy on the eyes when recording things in bed to get stuff out of my mind so I can sleep! :),5,2,6.5.1,2020-04-21 17:36:10,,
gp:AOqpTOFJ8e2g96DxaBDpslfpr0pC1V49-WuVplFvBfnMWmpZKEplh2MX0PxJwRlVu8mcGOhHNqySgRINQhJoRQ,David Harms,https://play-lh.googleusercontent.com/a-/AOh14Gjaiu1ilwa_nVh5LXyCwYZQiaLDGte0fUtvdn0_ogs,"Great for reminder notes, I use it as a live widget.",5,0,6.5.1,2020-04-21 12:10:01,,
gp:AOqpTOH1C9IlED7kUUfBCtfB4qFp_Moir__MEndoj567AVJ5VUIU3MZeGopZpdiO1JpLGBjWF3ZmfSg8eL4ocQ,Yoshidis Yo,https://play-lh.googleusercontent.com/-qtB9wF_ttDY/AAAAAAAAAAI/AAAAAAAAAAA/AMZuucnieALrWpLi1ifbredyJJizw_1uJA/photo.jpg,Best notes app in existence!,5,0,,2020-04-21 01:20:47,,
gp:AOqpTOEKUSUcHWRexT8-0HzNENiFF03wBh5uLWE-YAD0E6les3LhuacY_XkoU7okdp6LCas9JH2JCVZgDtvA1w,Michelle A,https://play-lh.googleusercontent.com/a-/AOh14GjlJOrJq3MZITuPo7yan0SP_QVCtBJJS-iVO3cBFA,Perfect! Exactly what I've been looking for!,5,0,6.5.0,2020-04-20 10:51:05,,
gp:AOqpTOEDIylYr6uA5a2g0QyLPYiQipRaNjR25mD3p1O4eI4Qire8nNMZEBKZH99YYliC35Q2PUM1g_ogdRb8lQ,Anne Hart,https://play-lh.googleusercontent.com/-zcZikS9tetg/AAAAAAAAAAI/AAAAAAAAAAA/AMZuuclFXTJ7Ij_rTyr5ky62snvoZf91hQ/photo.jpg,Easy and straightforward to use and a very helpful app to have on my phone.,5,0,6.5.0,2020-04-16 19:21:18,,
gp:AOqpTOGTHTjAStKVSaKu__7zJ_C2ChFVAfkC2TaFc5er8OILAUP0WMUUCllKECTbQaZjhMAQ_za2gFI_804r0g,Michael Duncan,https://play-lh.googleusercontent.com/a-/AOh14Gj1oYxc5g2ov86u0jQ65V3UxB9wyn4urC7FrCk4,Love it!,5,0,6.5.0,2020-04-16 18:48:50,,
gp:AOqpTOG8aIBF9-MynoVmxose3nX6n7G8c8HQRLQmjsHnH4BDYncRXFAUWpk4tBAImG_ybY71zKZk1Frw2dorxg,antonio mafera,https://play-lh.googleusercontent.com/a-/AOh14GgXom3g1sBwbbBDoBPLiOt4Z3wACGHAQMfwuJSHTw,good usually but has very big issues with text getting jumbled when you start typing. the Cursor just jumps around into different parts of sentences and messes up everything. Please fix this. Spend money on a better app.,2,3,6.5.0,2020-04-13 16:02:32,"Hey, you can check the app settings, there you can select if the cursor should be at the notes end, or beginning.",2020-08-09 13:52:11
gp:AOqpTOGexDzUntrcxh4kO0J_CIJ6dVQjU4KAtlR1HoEyRvhCcSMQuTsSpHgLqgXRGvRItcK9nNfrj0xFAbB5jQ,Brian C,https://play-lh.googleusercontent.com/-VRpNQEBRatI/AAAAAAAAAAI/AAAAAAAAAAA/AMZuuclmFJFamC-0U-F95D436_D3Q9cWvA/photo.jpg,"Simple, clean, open source",5,0,6.5.0,2020-04-10 18:46:37,,
gp:AOqpTOFdhP8rO2jmU3b3PruHCMBPvefFUGIZzveGttOjsJDNQmDHxrl3TB-Zu5YERyLo4jAQsecyucdTPWnxhg,Mr Luke,https://play-lh.googleusercontent.com/-nufMVUBcyLU/AAAAAAAAAAI/AAAAAAAAAAA/AMZuucl9Dr3nSlbcdAF7tSM2x_HHE2nzSg/photo.jpg,So good!,5,0,6.5.0,2020-04-10 10:05:16,,
gp:AOqpTOHS4tuA3vsDC2F16kwgx0Fzo8oxAVj51j4kvQRVe_ExggVriitR65ylynoGiAcmSpxU8X5dMrBgKE0HxA,Naresh Kushmi,https://play-lh.googleusercontent.com/a-/AOh14GhJ02mtAU-SQ6mj6sPHTZd7oQ2vo89oAMTluCpZvQ,"Very good app, improve it more.",5,0,6.5.0,2020-04-07 18:42:20,,
gp:AOqpTOECS0MdAZr_jZ9HH9Pj385kyNRk7tOyYEysUCrvDDrHP4T7CSGQ8WWbEr3oEr-7MKiXU0k9Q3Gmk4wpFA,Jehad Oweis,https://play-lh.googleusercontent.com/a-/AOh14GjynmZxHE77RzOHdPv8R9rRdoJiG8ZG2DZPpfZ6,Excellent,5,0,6.5.0,2020-04-07 13:42:14,,
gp:AOqpTOFtL5XZ1ueCNlwZasppvN_cuI24R1XnL-xgPyJpeI0yG1TP3fHpqTDsspcaxxTevCFjSri1J9FSaHbW9g,Choo Ting Feng,https://play-lh.googleusercontent.com/a-/AOh14GjVCoPplzcQ1CDq1zvjYEND8Uo1K7apQKEhq2I-yqk,"Simple, basic, no unnecessary ui, just type",5,0,6.5.0,2020-04-07 04:13:58,,
gp:AOqpTOG7VFPuHoVASYNakgFiJ9L_02JhRjDdh8N2XpoDv78ZKUb_MoR_thU87jsk1KKeje8dr2gMoAnk1OAQTQ,GtheJuggler - Gábor Ivanicskó,https://play-lh.googleusercontent.com/a-/AOh14GgA1C7kXMGz7158rmxRdnwl_qqBxa7jFqnOubLU1w,"It a very easy to use note app, love it!",5,0,6.5.0,2020-04-06 09:52:44,,
gp:AOqpTOGFJO_vy0G816l9Tq0fCNQDm-muNl2g6A90bBjJR36QFwgDVXnkK7m_75Ih2kgkASLNjhNWi8cdxonOQw,Frank Hadzalic,https://play-lh.googleusercontent.com/a-/AOh14Gg3HleIe_TdMTz0aZdzVx1EKXsAzY-XJ9kLW6Cn,It is excellent but I wish it would sync with all my devices.,4,0,6.5.0,2020-04-04 23:25:49,"Hey, you can set up syncing via files, use the ""Export note in a file"" menu item.",2020-08-09 13:55:47
gp:AOqpTOH8KsH84kFiq20wqkdilGunjIBW6U4kYdth1DG0-7q62ohB-vAUOvGkau4Kpnv60DZ2YgLy30nNW_IN2A,Vittorio Vallauri,https://play-lh.googleusercontent.com/-kVTdyWxCF0w/AAAAAAAAAAI/AAAAAAAAACc/AMZuuckjmZQ_iM1MIqpR70GZ7uMLRcl_eQ/photo.jpg,Fine app. Does what expected.,4,0,6.5.0,2020-04-04 15:29:55,,
gp:AOqpTOGY-IMozr3LXiJn4CL7WJtqcFzNfx5d6FuOL39Rjm3nfcKoCJta7NKOPcXxQ-726AQIMDHnI9w4eRxh2w,Mark Bishop,https://play-lh.googleusercontent.com/a-/AOh14GgBAadhsQtXcrYjPHc2eSiKHs4GzSIwJYr2SRrz9Q,Lists,5,0,6.4.1,2020-03-26 16:31:17,,
gp:AOqpTOGBs6cidOkbVKitXkLCOQvCVlEQ2ystayWFJLYlovi_fbpgYKQPZhwAWoHNTrG5igGehx3klzQkd4Pjfg,Mark McGahee,https://play-lh.googleusercontent.com/-3NDIqrw8_4Q/AAAAAAAAAAI/AAAAAAAAAAA/AMZuuclvwJC_t7sFNcl2BM2jGWYbCik7pg/photo.jpg,Simple and elegant design. Flexible. Useful.,5,0,6.4.1,2020-03-20 14:32:06,,
gp:AOqpTOFDk_ntO4oLxGAmQgpWvLmosSbAvRYncStAtOQwT0ZImS-3DAg_7DdPh09MCRCMIAR1kalGqa5ORHuyug,Greg Thomson,https://play-lh.googleusercontent.com/a-/AOh14Gg5Rixr6kEWhre7nCXNKBGdQF3HGH_qvc1Unwr3jw,"Update: 2020/03/17 A note picker and rearranging items in checklists has now been added. All in all, it's basically perfect now 😄 One of the simplest and easy to use note taking apps around (and I've tried a few!). My only two gripes are having to swipe through all my notes to find the one I'm looking for (if I need to switch between them after the initial list shows on startup), and the inability to rearrange items in checklists, but otherwise, well worth the time of day",5,14,6.4.1,2020-03-17 16:38:38,,
gp:AOqpTOGdpEqu_y8LNgl5i21NjGJNTIIinePQoLRKGGQz-5SW-uhZ6RsOQDNmdEyXJBFLan03LiTV8DBQu6JFVQ,Silent Majority,https://play-lh.googleusercontent.com/-kO8ayq4jhRs/AAAAAAAAAAI/AAAAAAAAAAA/AMZuucmxh6jbaG6ElT0N0Up9lbHB1VXHDA/photo.jpg,"Love this app. Simple, easy to use and similar to the app I used previously. Glad I bought it!",5,0,6.4.1,2020-03-17 11:01:33,,
gp:AOqpTOFuh-g90ANcLC1GGfVfM0hmL-CSfS0-saA3XmnP9rLNcaEQCV3Mgpbiyb8n4lu301vCuV0TeQ2aWPTiAw,Jeff Pearce,https://play-lh.googleusercontent.com/-rlpEGKTBW3U/AAAAAAAAAAI/AAAAAAAAAAA/AMZuucmm5dEz5lNeHOnplSqCDRILm03cSg/photo.jpg,Great app. Simple. Reliable.,5,0,6.4.1,2020-03-14 16:46:48,,
gp:AOqpTOHy2DvNAxP4VvJ9RsdDwSJJFaI0B8VGYf4ReW9kf-okivq9-iAUYwWWH0oefxxMxO09fn3SJ3cNIwfoww,Victor Carlini,https://play-lh.googleusercontent.com/-ZrEPkoIJN2o/AAAAAAAAAAI/AAAAAAAAAAA/AMZuuclG7pth4OsTEbh9r8ddJFip_S977w/photo.jpg,"Simple and efficient. Could have some more features, but this is the ""simple"" part and that's the point of the app. 10/10",5,3,6.4.1,2020-03-13 04:39:33,,
gp:AOqpTOGMOR_9o-NhT9VqRl4HWOcTpiCZ27GO738rf5fGn9Xgwfso11RnX283J72dY0EPW84JcTbm9trgD99_rg,Douglas !,https://play-lh.googleusercontent.com/a-/AOh14GjTOIxsISmzFhk3RZGNAvHH_jINAc9rh0Rkl8btyQ,Its a very simple note taking app and to do list!!!! Love the pro version as well.,5,0,6.4.1,2020-03-11 21:58:42,,
gp:AOqpTOGeb3R-01KJFINuFu3X2sY0pbporkfw9e8mbKFWbXZeGCxSa8ET6kuE8fFgQnEvjK3tGexP3SRU1HLIUg,Marni Striks,https://play-lh.googleusercontent.com/-n38cfE00Hoc/AAAAAAAAAAI/AAAAAAAAAAA/AMZuucktMTqDnySRQh4Z3mfoKO9GlXJTOQ/photo.jpg,I use this app regularly. I even keep my grocery shopping list on it.,5,0,6.4.1,2020-03-11 14:46:13,,
gp:AOqpTOEcbXuMcUy4zaMyRJTrCa1urGEePD9679SRFh3XMBiDaHPBNEzWAR0yEPS-vL8pY6jeDmpCfSAlVYEV_Q,Joseph Wargo,https://play-lh.googleusercontent.com/a-/AOh14GhHmoPoaN4tIUMjWwmUyHckM7q8GDfONsVZW_NfDw,Great tool for keeping notes.,5,0,6.4.1,2020-03-11 01:41:32,,
gp:AOqpTOG51fUTKhQd1oHmiU3mhKogevaW_BYZufAfyiGS2qg7yHGJyptcc8kc9ZzP3q8pRcHKZoiCmRDp8zZYcQ,Ammar Shehata,https://play-lh.googleusercontent.com/-aI0TASXcFfo/AAAAAAAAAAI/AAAAAAAAAAA/AMZuuclKpTHTKjhczuasOtpmnySy3qjQGA/photo.jpg,best notes app I've ever used,5,0,6.4.0,2020-03-08 23:01:42,,
gp:AOqpTOFPXotSrrE5XtWD9UnbXrQ9VDZcR5EIzR78hpnFaWldG97o2FSaRZkcQGWjatZE_MWR-USDB_qkePvUWA,Ruben Zoet,https://play-lh.googleusercontent.com/-FpvFtDd33nE/AAAAAAAAAAI/AAAAAAAAAAA/AMZuucmDXY4Xvl4CPvepm-tXb5Sa7ALRfg/photo.jpg,Perfect,5,0,6.4.0,2020-03-08 03:32:35,,
gp:AOqpTOFLrCV1vn3vczV9Qgp64aF6BSFBXO0ckTxRZ3YlX8PbXiUev8_MVh7pvcSKnUFeMInHezS38dK9TQeVXQ,George Flingler,https://play-lh.googleusercontent.com/a-/AOh14GjX0FPhsN4YZWri2JwQVY9lwBiijTAvcgIZ9XEDxA,Perfectly simple and functional,5,0,6.4.0,2020-03-07 02:44:04,,
gp:AOqpTOEM-HrcTZh6y7pWNYhQmG8PNlMtFwPXVsl8aKfXhL9eZzdcgi5sGC7yeuTiR0EGm5URcjJF8NBipwDHCQ,.,https://play-lh.googleusercontent.com/-GuvF8UoCYPo/AAAAAAAAAAI/AAAAAAAAAAA/AMZuuckWuCJCb4XwRb_u6wG5Z8xnKfmTpA/photo.jpg,"Useful App, Thanks. I have many notes, and sometimes I wish it wasn't so easy to switch from view to edit mode (because I'm just reading my notes).",5,1,6.4.0,2020-03-02 01:20:24,,
gp:AOqpTOEM-WdEEokVaGMkdur8iZmR4IJIpU2GrY9q9ZuywVvFzoV3CS4BgD8X73dZyx3yPeOavlL6tzVVuh--og,Brian Drew,https://play-lh.googleusercontent.com/a-/AOh14Gitqa1Jryb0xeErDyd_rhyMSLePRdKW7E5DURw1zQ,Perfect!,5,0,6.4.0,2020-02-25 09:14:13,,
gp:AOqpTOE5RszAeyOXLVq41fNv8ZzA6RvQczqpbYXkJdo7RBOj0Mxk6B9hssy4Z4AFNSKy-rT0KFeSONCpZ2a1Cg,Andrey V,https://play-lh.googleusercontent.com/-0y9DuAlELL8/AAAAAAAAAAI/AAAAAAAACD4/AMZuuclZM0bW1o8XK0316dcJtFb_05ZQpA/photo.jpg,Does everything I need and want from it.,5,0,6.4.0,2020-02-19 21:50:56,,
gp:AOqpTOG99ldCZ9nM-htGt4wTwgA64Kl4EsGKXNY2jvd26gb8fMpuIGkXfmoYvKv0LyDaKFeRFaq9xl89pAiXWA,Mike Breiding - Epic Road Trips,https://play-lh.googleusercontent.com/a-/AOh14GgzG-fqbhmsDx1u6ShcjG3nMGXM2NOhPn1qFXYI,"When exporting a list it will not export as a plane text list. Here's what you get- [{""a"":1,""b"":""ONE"",""c"":false},{""a"":2,""b"":""TWO"",""c"":false},{""a"":3,""b"":""THREE"",""c"":false}] also I do not see a way to alphabetically or numerically sort a list for ascending or descending list",2,3,6.4.0,2020-02-19 11:55:18,"Hey, exporting checklists is not supposed to be easily human readable, use plain text for that.",2020-02-24 02:18:02
gp:AOqpTOGbhYfBKMSUFVWWaaR_74wR-9iUk-4KRqN9VY6NRGKkfx6lyE8rcLzx1GjX46fEUGcGGLMvIJL1LYLfoA,Konomi,https://play-lh.googleusercontent.com/a-/AOh14GjxlrWuXhGNExgGYbK3CYT0p75LAiwSZN4gX-eqVQ,"I love this app, but a small request for check lists could we have a feature that auto sorts by unchecked or checked so its easier to find things in long check lists. Thank you.",4,3,6.4.0,2020-02-19 05:45:01,"Hey, you can enable moving finished items at the bottom in the app settings.",2020-02-24 02:18:23
gp:AOqpTOGtexK9TuUi2ubSrHVL94cpFczFShE7hxdJ_YdifoQZCApD1QCeooDzWYBi_mySvVfjGRQpHRrbuxBBzA,Rahil Shaikh,https://play-lh.googleusercontent.com/a-/AOh14GhRey_CIN344Fo2qzfAOxPUhy8kgTBQrEifAPr7jw,Wow.....Worth Buying,5,0,6.4.0,2020-02-18 12:16:56,,
gp:AOqpTOHwxKZ4CD8BjeOO3rp1WOLTPAUekMWQsgNEED4iTX6q16wCaIoOP7laTi7y_VtxBXp-mMIldNg6BudnrQ,G.F. Graham,https://play-lh.googleusercontent.com/a-/AOh14Gg6Cr_2sSA9c1Zcu7ATZcxYO37uGgfI9q1jwdUjkA,Very happy with this and the other Simple apps I've installed.,5,0,6.4.0,2020-02-16 20:40:00,,
gp:AOqpTOEsmgwo1nP97eGVnOasLcVdR4Qkso2fmDDdf_UuRbn6OgWbBo8C88Yz7yfcriw55PSggkSyUFWq51a9cw,Donaldo E.,https://play-lh.googleusercontent.com/a-/AOh14GhyMqMS4JXN-hiZ_2N6E4RYtf5Z76paHmrVzZooSb8,Any chance to get pen writing implemented?,3,0,,2020-02-16 19:05:13,"Hey, not really anytime soon, dont expect having it. Thanks",2020-02-24 02:18:45
gp:AOqpTOGkhAoJtHI5Oy2TPhjCPo4y2AyLNHuRrrJd9EtlWVI1NblUk0Wt29n2n2cG9l8pxjNOinqsgyBUrljZ-A,Salahudin Al,https://play-lh.googleusercontent.com/-3TaBgzx1ieY/AAAAAAAAAAI/AAAAAAAAAAA/AMZuuckwAiHGfDlcd_TQixwpDM_ytuJnww/photo.jpg,Suggestions: (A) create a file directory with sync interval option in settings so that user can setup sync backup such as Syncthing etc. (B) Option for 2 column card view layout like Google Keep. Thank you very much KUPTGW!,5,1,6.4.0,2020-02-13 16:42:47,,
gp:AOqpTOHwNr0O0Eb8swD-WhRGQOHuUMy_ZZmU85uVnYs6-iptDYIaJlXv0DzkWxBByfSFRHL5ZNLvrdQ_B75I0A,Helio Loft,https://play-lh.googleusercontent.com/-_oPEFuAAatI/AAAAAAAAAAI/AAAAAAAAAAA/AMZuuclekzGqw20LokaXYcUV2xrjHT67-g/photo.jpg,Absolutely easy to use. Autosave is an awesome feature.,5,0,6.4.0,2020-02-11 06:47:13,,
gp:AOqpTOEKHgBtqO8iu0IYZfHRFicVm_b1G2zqiskPaPrJA7Qk830EeeYy2PCUDVncSDwStEOOpWM-qVSn8LHFng,tim dyer,https://play-lh.googleusercontent.com/a-/AOh14GhsJnmtyJYYAQG-dDrMvjzZn7xkGEo39kndqqSusQ,Great app for notes,5,0,6.4.0,2020-02-10 21:02:11,,
gp:AOqpTOFU6qw2dpSu0p2nX9yqifa4IYMvH4v0rS2i9P-4GIq2iRCFOLASxHvT11fOtklQzOtxdFYHIFWmbG3uPg,Adrienne Williams,https://play-lh.googleusercontent.com/a-/AOh14Gh31rk238QZN8bnM3shaqeWcnGiw5jOi3EfO0yljFI,Super simple and stays out of the way,5,0,6.4.0,2020-02-09 17:05:34,,
gp:AOqpTOHDtoHNyF9ugYJ6CHxq0y_sJySB-GgRTay1G1afR31gw1_Sn0oTmmYlNeUkv41ZdY95Ht5hqt2Rx4WzhA,Stanley Pickering III,https://play-lh.googleusercontent.com/-pLco8C-v2yY/AAAAAAAAAAI/AAAAAAAABRc/AMZuucnAS2KdDvPVjdbunaisaSlyjVYngQ/photo.jpg,"Great app. I like that the widget can have 100% transparency, so I can have it on my home screen without blocking the picture.",5,1,6.4.0,2020-02-08 18:00:50,,
gp:AOqpTOFsSKMb82MghikfU2a4xiMI8IhydpEvUj0vJzSTDMv0iekD9IT2q7zIunbkYWLp_ugheV1LT4k8xTNwDA,Kirilo Pavlenko,https://play-lh.googleusercontent.com/-P341t9koxMw/AAAAAAAAAAI/AAAAAAAAAAA/AMZuucm0S7VM4u_6undKY0XFK5YUtIKVqQ/photo.jpg,"I really liked the free version, so i bought the paid one. And was very pleased by new checklist note type! However i would like to see these in the future: -To be able to see the notes arranged as tiles and list. -To have the option not to add title name to the newly created note. -To disable (spacebar) swipe, because its a pain to slide the cursor to the end of the note and to find it in the next note.",5,8,6.4.0,2020-02-06 13:05:39,,
gp:AOqpTOHDEXSkOr_bmL36aFyyH1ZwtXprv_38S7uRQ_-fDPUK7AAegFkjcJzTuZoHiAsEZk25CbENTyHkVC0YZQ,Stephen D,https://play-lh.googleusercontent.com/-ZQljUkXECrs/AAAAAAAAAAI/AAAAAAAAAAA/AMZuucmuwU-NE3BLwJjXYpVRnfbmv1z34Q/photo.jpg,Great app,5,0,6.4.0,2020-02-05 11:58:19,,
gp:AOqpTOGK36_KiEVB-XHcshzwYG3iEq9bClXeUz6uE9QCjkvoF77q4QDOE1-FoVwT1qBV4IRzqG76nmKpwe3NEQ,Patricia Hansell,https://play-lh.googleusercontent.com/-x6QWtfd0zz4/AAAAAAAAAAI/AAAAAAAAAAA/AMZuuckwFg0rq_6HpBPrzxoWSC8Pd5tbWg/photo.jpg,Excellent,5,0,6.4.0,2020-02-03 14:44:41,,
gp:AOqpTOGKv8ilWAx0SG2VQuVTr-hIyCS2cl2lLq6DwbQXAp9ipAj8u6IKMLL6O6cVZbFaLPDayD3KCyILU1HMMQ,Elhendi Saad,https://play-lh.googleusercontent.com/a-/AOh14Ghxleuo5y2R7ZRc9m6KpL4y0figfvmP4ea-JVst,Great,5,0,6.4.0,2020-01-30 14:03:18,,
gp:AOqpTOFISAJUGylPnwGX2Gvb5tvKrbOM-pLI9pP-nfCJ8Y0b1VmbjlY7khj7MkKTYD7_2tOn76xEChciLepefw,Alpina,https://play-lh.googleusercontent.com/a-/AOh14GjCjfDwqL6thWtJ61_K84l6ODrebGs2hio9Ns9Zbw,"Love this simple note book. Is there any way I can move notes around, so I can have them in order I want them? They seem to pop up in the middle of other headings. Thanks",5,2,6.3.1,2020-01-29 22:19:53,,
gp:AOqpTOHJupLjs8qPchDTJHiXpdiPFDe-3FvUTgm0e530e2jZBzYvbTBpq2a2xNd-obsLkVlSw-OqfEVff1ZcEg,Leon Woods,https://play-lh.googleusercontent.com/-v9t6qOeKLlo/AAAAAAAAAAI/AAAAAAAAAAA/AMZuuckVXaXspBr0xX1mDUbjVLhHZ92HJA/photo.jpg,Have used for years. Very much appreciate the app.,5,0,6.3.1,2020-01-29 06:47:05,,
gp:AOqpTOECn1tYJWawDUC1HnYIqcjgSxFFviMKNqg_l8WxAXo-oN1pHzlkTn1oY8f8uVqko8STmIs3XrPUhNpn4Q,Maria-Luisa Meredith,https://play-lh.googleusercontent.com/a-/AOh14GgvdepP-HKWYILGA3hMyVZ_VXBZD_hshkZVE9muddw,Easy to use and share,5,0,6.3.1,2020-01-28 03:25:49,,
gp:AOqpTOFcxJVzQie6BwNGGEG1K_s4s6bW0-KB5sguM19Z6c9070m19Tpj5Pa8gBxXVsByDir1TXXv55cTOvPXmg,Terry Harris,https://play-lh.googleusercontent.com/a-/AOh14GhhpZdDj89W1IsXPxbe52RUJbwyz8aVJMrgL_Drmg,"The best of the best except for a fatal flaw, it can't search within a note or it's notes, for a text string. Tried them all, bought several, settled in on this one, then went back to DocsToGo. Too many favorable features to explain here. Just buy it for ""Simple"" quickies, you'll be happy about it, mostly.",3,2,6.3.1,2020-01-22 13:18:54,"Hey, search should be added in the future, we will see. Thanks",2020-01-22 12:12:30
gp:AOqpTOFTgul2GvUVQ-rjgvcoh3zoveVuEWbHCLcwxCNmoz7sBwgj_X3ne_RbwuT5-QECwazAyZXbax68iExaPA,hohommx,https://play-lh.googleusercontent.com/a-/AOh14GhsgfhVjcjTDKE2gbHjjrc-rGTIXa0u67OZz9E56g,nah,1,0,6.3.1,2020-01-16 04:33:58,well?,2020-01-22 12:11:51
gp:AOqpTOGyYauEpcnnbIahv62QDWApolhLaJKFY-aGadDQEF7AK9dwd2yearT_sznzbhnO4LfijmofJvJFnoQfYQ,Graig Simmonette,https://play-lh.googleusercontent.com/a-/AOh14GiGi63uR1rwjuqVLgjJeiV0tq6ZA6RPB0qpMkp1Tw,"Great app and the developer seems like a person who genuinely cares about the quality of the apps they produce. I use the other Simple apps too, especially the Gallery which does everything I need it to without having a million niche tools to bog down your system. I definitely recommend.",5,4,6.3.1,2020-01-14 17:51:26,,
gp:AOqpTOGqeTPedfAJRlqKP8wk6WPFUlFRFWYFqCziK4Xsvtpq6aolHeU6w6FhzmOzEDO0jX7Iopp95HaTlraNvw,Bob Fisher,https://play-lh.googleusercontent.com/a-/AOh14GjEjgXwvAdmOQwsyhg8Z4ip-dr8x04gRC8A4jKn-Q,Appears to not work on my Moto Cruiser 5. Crashes. Doesn't respond. So... Gotta go...,1,0,6.3.1,2020-01-13 14:05:06,"Hey, try just reinstalling the app, might be some glitch. Thanks",2020-01-22 12:12:06
gp:AOqpTOEsvpl4dcN2_4q4ZNjP_9JUoW4Pfe7czM_cTJXnkCYXBRH0E70ce5ts8BAiIdVgp5tK3kbNE_bgxUqbeg,Redye,https://play-lh.googleusercontent.com/a-/AOh14Gj4oOGfSMB9u4s6AJWeZd3DzkEK2jYM1TgWCb6CTjk,Can't center todo list Plz add could sync and improve ui Overall still the best I've tried.,5,0,6.3.1,2020-01-12 10:00:59,,
gp:AOqpTOH9_h0-WVJR22vOt-qtco8PGqDNHjFAnkgi0vWannfmIW0pBZBOPeNIcWCdnXnovX5UCCTlStQ9qXKCbQ,Jonathan,https://play-lh.googleusercontent.com/-05wJD_I3-2U/AAAAAAAAAAI/AAAAAAAAAAA/AMZuuclffkOn_WrzVK4o0tLfyeuZ8eRhyA/photo.jpg,"The app is very funtional, simplistic, and has some powerful feautures for people who want to control their data. This applies to many of their other apps as well.",5,0,6.3.0,2020-01-11 17:08:08,,
gp:AOqpTOGYeY_ngduSoNW_Xw7IXvZ0Nqy8SDvC51a-Ht6pU1DfpxZup6XQRWzAm1YiVXzHe8RwQQmptjATdck_ig,Jonathan Colledge,https://play-lh.googleusercontent.com/a-/AOh14GgtFSqx2q2Deo0BT-aOLxvPVdXM_2n0V65mTexpqQ,"Excellent. Saves notes as you go, which is essential and over looked in other apps",5,0,6.3.1,2020-01-11 03:55:20,,
gp:AOqpTOHxN7yPy8g3VNY5qU9v9XBXSNjV8CQtGrEtjnSctX9uD3DYmeKrLM0T8ls4bVzYVP5pSPNWw4MHtHnaWg,Davide Fiocchi,https://play-lh.googleusercontent.com/a-/AOh14Ggcn863lZZYjV2Z7IjvVbFer9qznuCdYCJNWiFn,"Great app! Simple, easy to use and lightweight. Good job",5,0,6.3.1,2020-01-08 23:11:47,,
gp:AOqpTOEi9l9USjK5HkojNbDO5tinU_TWDZtjh5pOtf5lahVAbZ9bZGuI2ovTsP7MBSM5tzqzEBCPlijIn9OlBw,Scott T,https://play-lh.googleusercontent.com/-w9BzT4z0dck/AAAAAAAAAAI/AAAAAAAAAAA/AMZuucnQtQ6BouCmrO_L1npvZCuYVYVYOw/photo.jpg,Nice app works great and easy to use.,5,0,6.3.1,2020-01-06 18:56:15,,
gp:AOqpTOHf3gKv5zUMZoeU6vCQbiIcOp06CUIrvg8kglzy-UQHOGdcEkEEVZWqiytYCP-1gt6hCKvd0pIcRB_9ow,Chryssta Dragonety,https://play-lh.googleusercontent.com/a-/AOh14GjKgHe6Q-FkmiAPkD7hAklVQAJ8qOoaZvbPsVqbfw,"I love this, and most apps put out by this developer. I only wish I could organize the notes into a file to separate them from other such notes. I do love that I can simply swipe to the side to get the next note.",5,2,6.3.1,2020-01-05 14:46:59,,
gp:AOqpTOFWWDHP617Z-l72l1RorzF4crkwKmDM3a118zKrnIU-kMUnR5fUdQZb98SDWdkTmqlUjWlAE1MFQUNJlw,Aizzek,https://play-lh.googleusercontent.com/a-/AOh14Gh-ZTzZdzK-agXGSHZOo2YplRVNwZWpz6MNJPl7IQ,"Really awesome app, customisable, simple and easy to use but it lacks a password/secret note. I'm still going to use this app but will have to use a different app just for the lock feature. Please add it in soon, but don't rush it. Make it work first. Thanks",3,2,6.3.0,2019-12-30 06:04:06,"Hey ye, adding some protection is on the roadmap.",2020-01-03 14:17:49
gp:AOqpTOH9Ur5NdG1fKeq7YmpE5jnmzrqTjP5Ih7gylHnW542wcgGgAkBymaUxJ48C5hf9q0RJKygDS7Y6TpJAWg,Eric Bock,https://play-lh.googleusercontent.com/-tVDBegR7M0Q/AAAAAAAAAAI/AAAAAAAAAAA/AMZuucnPzH7rARg21Jy2Pqw0vmUDIOhQZg/photo.jpg,"Obnoxious modal dialog begging for a rating displays multiple times. Easily becomes locked into tab switching with cursor keys instead of moving the cursor, after a toast or the clipboard bar is displayed. Continues to display effects after formatted text is pasted, but stores plain text.",1,1,,2019-12-29 11:36:22,"The rating dialog is shown only once after using the app for a long time, so you definitely couldn't see it multiple times. Thanks",2020-01-04 06:52:05
gp:AOqpTOFpwW_6jW-fwIQsSlc4nO4AyvtWzCTvSbXWlrdjKZG-LH5j71gF_PRolOS1SdE94LFKnEfhIvPdC2RSFQ,Saurav Joshi,https://play-lh.googleusercontent.com/a-/AOh14GgkG-sfHR_kyOLDx6DdMYxMsKUwhJlhxxaPpj3tsQ,Good,5,0,,2019-12-28 06:28:52,,
gp:AOqpTOFd4mVrh72BkefCzhKJTei_voJ6AhzDanpkg3tKcAWRyjJiDLOY1AdeB2sm_nfspufGHyWBWe2RTcAtqw,G Lgr,https://play-lh.googleusercontent.com/-VrRVWjiKnbw/AAAAAAAAAAI/AAAAAAAAAAA/AMZuucn0dY1FqE95ATJAeHovaW6e25NCUA/photo.jpg,"No list view No password, pattern or fingerprint lock No cloud sync",3,8,6.3.0,2019-12-25 02:34:59,"Hey, those will be improved soon. Thanks",2019-12-29 10:46:51
gp:AOqpTOEXHtL-3Jpzxrrk8Ga0Q-i-oeVFq7bpQXRd2hwq5WPrYaq03Dgm-t5kvWvjpzjb0wB32kguBAm5pxSGdg,Stevon Copell,https://play-lh.googleusercontent.com/-E30EapDiud8/AAAAAAAAAAI/AAAAAAAAAAA/AMZuucnuw6hzSAuELPbvnLm5ZijgAHwYZw/photo.jpg,"This is what I was looking for. Quick, easy to use and no pesky ads.",5,0,6.3.0,2019-12-24 09:20:58,,
gp:AOqpTOEvTvRAY6mx65MG12Y7iAqiAPegB7uWJWTWVm3eL-Z4q3dk4fq_SjzqLH37PYgECoziSJyy9rtYab451g,ဦးဦး သန်းထွန်းဦး,https://play-lh.googleusercontent.com/a-/AOh14GgoNteTgY8eM78UfSJEn3oXE5lEfdtznyqMc1aW,Thank you so much for your Xmas gift.,5,0,6.3.0,2019-12-24 06:28:02,,
gp:AOqpTOHJHh36FSzgfVXjE0IXwNQ2DcVd3dv3MTTwW8hiWzLvh-IAYV2-jb1Q9lvQ5f9GKZfrzbHi8XNbVJrDsw,J B,https://play-lh.googleusercontent.com/a-/AOh14Gi-qzGdHT_ZZM7lnakNyvbizESxgSum5iUc2IUx,"""Please name your note.""",2,0,6.3.0,2019-12-24 05:46:57,"Well, you have to find it somehow :)",2019-12-29 10:45:22
gp:AOqpTOH1zg8fQ5BpTUGRNA_vZiO-qVPJLggmo-Yf_JlzjNuJqsRc3V-jo01ILIa0-x2We5g0493GoYZbWEsn2g,Dirty Ramirez,https://play-lh.googleusercontent.com/a-/AOh14GgPzrzdNYwu4TwGiBrN_BHoXBcuoOc9bZJ6ju4C,"Add refund option! I tried app, I disliked it and don't wanna see it in my order list.",1,1,,2019-12-23 22:56:29,,
gp:AOqpTOFCrhTh4BSl-cibb8mDQ6NAFYvOEq4M5HJt5GmkWuziJP-imk6WjOuFbEawspFcowBnM97iip4cbJOUFA,Md Wasim Akram,https://play-lh.googleusercontent.com/a-/AOh14Gi2cJ7Bl8dbK34e6jgHz7wX25ldDRjoW_DV8mnU8A,"No synchronisation with cloud drive like Google drive, One Drive etc.",3,0,,2019-12-23 17:37:30,"Hey, you can sync via exporting notes in files, then sync the files. Simple Note itself has no internet access, it cannot sync directly.",2019-12-29 10:46:10
gp:AOqpTOGGJyOFQ0UL9w13MAhPpzPpoPTpA-w2rIqCUWeSmMCRMxynxy_nxmMHHAcphhCVHkuA3CAD8ouywfOiIA,Jon Meierding,https://play-lh.googleusercontent.com/a-/AOh14GggxfFnTfRfOe2l5059vgXSRS7FyZgUUa6BI3Rk,I love this app. I use it to do all my budgeting weekly keeping all of my various balances updated with every use. By far the best notes app on here.,5,3,6.3.0,2019-12-20 01:32:17,,
gp:AOqpTOGjEl02MyPMGB_YZMpGceiDxWO4haQ4eVUlPfCpVBKHZjnH1uhZC4pFJ7IXmSJLd8AajBw-UWGKJPfx0A,rashid,https://play-lh.googleusercontent.com/a-/AOh14Gj-muZ2iSo3BQnA93aembo-oGJHWq-Nyx6EfjUg9w,this notes app has the best notes widget for the homescreen by far. fast and intuitive,5,0,6.3.0,2019-12-19 18:16:24,,
gp:AOqpTOFtslcwkFQN6iBghP2QHy2ublZpBMfYg7VBXOyRVETw5Bt38jWHRUCVAXT4lO2e2-CY8ro6Kxs7VCRomA,Ljxjah,https://play-lh.googleusercontent.com/a-/AOh14GgzGf9ye_o0E2s5XIqJwkbc8uhZFdzeIwjHPX3e,Exactly what it says on the tin,5,0,6.3.0,2019-12-19 14:05:22,,
gp:AOqpTOFGy0TZTYUSoodlIyjd63YIECPKWUu5Y0gvbzZ_2DlkVQhtckBuGGVG0ZULpURF9nDnRBvUMIsg_nA6Vg,Josh Bauman,https://play-lh.googleusercontent.com/a-/AOh14GiXfSvZPkonZ7v0bJ0blVEnYMj5abwqs3Ktq2Mi,"Simple. No ads, no frills, no BS. I love it.",5,0,6.3.0,2019-12-15 21:26:46,,
gp:AOqpTOFeOBLyz3YgrYWbdSU09qaVsTE2KBpVg1G8kzL7lxtCV6bzfG5CHmLa2-sh_7pf2ASGOFnre8b6jL1E3A,Antoni Carlone,https://play-lh.googleusercontent.com/a-/AOh14GibazZXyroymokz_rWKILiANfzjXEXZHvv9qfb2-A,love this app its simple and straightforward. Just like the name suggest. Its the app i principally use to take notes.,4,0,6.3.0,2019-12-14 16:07:00,,
gp:AOqpTOG8DUBGdbWOXdnsmCEJvBrvYaVSBQlfUCWIwxdezWKA5bpYW4BPG8B-wslpa3-rJE0lf5eshF3cLuqJBw,Dale Ray,https://play-lh.googleusercontent.com/-zfcYBQmweOU/AAAAAAAAAAI/AAAAAAAAAAA/AMZuucl-UdC1PLian-zE5yJ6xj8DKc-T4A/photo.jpg,Does what I need.,5,0,6.3.0,2019-12-13 10:54:37,,
gp:AOqpTOFTGOTEPbUH-UYJKBENjSWC47gOLF6WycerBSK8Iwc1to1c0ks-HL1QxoedCoU_LANkni32HDDAGyhpWQ,Caleb M,https://play-lh.googleusercontent.com/a-/AOh14GgQQtJEnqW-t79KXolzSvmrYwzR6mqiASXMDEc12Q,"Exactly as it says, simple notes that can be opened up within the app or used as a simple and fast note taking widget. No ads, no annoyances, simple customization to make it work with any background or launcher and very easy to use. Had used the free version for the past 2-3 years, enjoyed it enough to want to support the developer(s) further.",5,2,6.2.1,2019-12-02 18:33:34,,
gp:AOqpTOGDTNQNf1qu26iRRuylxttLkL6ZoM-nmp3dUZ9WxSXw8UY3vAco7uq552lmYGR9yZg47pvEPIN4Wj0Wsg,Zindagi Tak,https://play-lh.googleusercontent.com/a-/AOh14GioKrbWSNCF2Ym1tdu6vyRi4c9RY_DJT1R59ruTBA,Superb App,5,0,,2019-12-01 05:26:20,,
gp:AOqpTOHFrRlCn67H9i_N1qYtObwTHDSrCNIFFG2lW5i0maiDK_J8URkBC6-hT6ae-Dnr6_U3AuuSoquFJFctog,Lina M.,https://play-lh.googleusercontent.com/a-/AOh14GgI5PKQ6aSxBqOs51Q0c6I-S1wQShbAemIBYna8270,Excellent program! Easy to Use and Very Versatile and Compatible with Other Programs! No Problems Whatsoever! No Aggravating Ads! I Love It!! ;)),5,0,6.2.1,2019-11-29 15:45:16,,
gp:AOqpTOHxcNERERe6M3KM8w7eR-9JQlwFpj8_hLRWq0FG396ubVZClsPEqkUgGSymGOrGrHhB3O3WJ8f3sG5Tfg,Juan R.,https://play-lh.googleusercontent.com/a-/AOh14Giym06TMQjoY4wM0o9KwkWof4Uoo2xodQxsFUWmfA,Excellent app for quick notes and lists creations. Simple and to the point with solid widget support. Funtionals Feature Request: Charactera counter. Ability to pin notes on notification bar. Notes-List Button Always visible on top-bar. It would make it a lot easier to navigate when dealing with multiple notes/lists.,4,1,6.2.1,2019-11-20 13:26:58,,
gp:AOqpTOGwy1J9D_UdfEC9CUFvHN2Gu0EKGwh-mJNRtDvRVFApKiQmaxkuEkVQS1UgXusF2dfLHmn-DB6I_9lGmw,Jason Thomas,https://play-lh.googleusercontent.com/a-/AOh14GhPbJz93INzOUlasBU3cXBDEklOOK0ggW-cHmY7ZQ,"I like most of the ""Simple"" apps. They're efficient and straightforward, effective and customizable, but not bloated. Does what it says on the tin. I wish more apps were like it.",5,2,6.2.1,2019-11-17 19:47:16,,
gp:AOqpTOETLiGuKJX0hXv17W8xMblO6oi1QKuwDzt8g31sick4bmyyalgRqDcq-kaNZq24RiCvIhDKyVdsmN8xZA,Hudson Dahly,https://play-lh.googleusercontent.com/a-/AOh14Gj6Ua0wb6uWrGS9LIy9rcUAvax9tt6o8dsGjo_KFA,"Simple, but the features it does have are useful.",5,0,6.2.1,2019-11-14 21:49:21,,
gp:AOqpTOEEFprhVNJbgKhjeLhlIauQ5-NuXQwiIV_H7hmiG0iAvc2gTMUiPFTd866lM7AMPJHWBo9smblZpob7aA,Digipop Thetab,https://play-lh.googleusercontent.com/-0rqpc4xiGP8/AAAAAAAAAAI/AAAAAAAAAAA/AMZuucmtExAydm-djdXRcMPz_PVFvwfgcQ/photo.jpg,I use it often for lists.,5,0,6.2.1,2019-11-14 09:29:30,,
gp:AOqpTOF2ram-IYEwdCUAgpb3__75C5w0evcKVrq6FTriTRLeHqmuO6YMClQcrz4ZBYVmYO5_mV0HE6KXdCokvA,alex v,https://play-lh.googleusercontent.com/-JPjrHy3tBu4/AAAAAAAAAAI/AAAAAAAAAAA/AMZuuckE5t-bQ5gjklhiksdx1obiu8CBtw/photo.jpg,"I enjoy the simple notes app, it's easy to use and I like the fact you can make a basic note or checklist note.",5,0,6.2.1,2019-11-09 20:33:49,,
gp:AOqpTOExFMM_ZeMwZxp_YjpIWx09q5bMZj7oPjDZIwZuDvHKGgCY-YWkfSx8Ohu4ltNEgIEzKjTjDavcr3PHLQ,M.,https://play-lh.googleusercontent.com/-gN9GmeD2VtU/AAAAAAAAAAI/AAAAAAAAAAA/AMZuucnIloraVWQX0RQavu7DFXwoug7JhQ/photo.jpg,A straightforward app to take notes. Exactly what I needed,5,0,6.2.1,2019-10-31 14:40:18,,
gp:AOqpTOHm0mA7I-xRiFc3PtBsFjSBQfmfdkAZfq3aY3c2BIeNL7PRodGZQuIfBwDnAJjrJx3_kOtAAHbWEpenWg,Sagarneel Ray,https://play-lh.googleusercontent.com/a-/AOh14GisHcQBEs2qIOBtK4_09nVQclZES4lUCtCBNPIxRUU,"Simple and effective. Auto save, multiple tabs and simple interface. Very useful for quick notes.",5,1,6.2.1,2019-10-30 21:57:57,,
gp:AOqpTOEh137Ng_u4pY4ZT-d1kYtZgtBPTVitruWCXfIw2veKTnf4QM2LNlw-2ZTFsEH70P36eedgyqUTt51oFA,Robert Goodlett,https://play-lh.googleusercontent.com/-diC0HMYgw9U/AAAAAAAAAAI/AAAAAAAAAAA/AMZuucnoxJqIpqmxy5r72Td9pUhDehyPNw/photo.jpg,I use Simple Notes Pro and appreciate the ease of use. I love all Simple tools.,5,0,6.2.1,2019-10-30 11:36:13,,
gp:AOqpTOHtDP1mnwPmEgzB2-blUVKQNYGF-firdqnKnqB-6aHJsBfKNz4iLtQcYSrAf2-qd8w81hp8EqTdurORzg,Doc Money,https://play-lh.googleusercontent.com/a-/AOh14GjvBnXWXsHWEcqDl80pP-rZceLSjbPsYVe3BofG,Easy to use and can have as many pages as you need bagoosh,5,0,6.2.1,2019-10-30 09:29:16,,
gp:AOqpTOEcVh3BktXyQ8jUoWlA-UhAkUNnivF4qnljFkJphqW9B3bA2QHKAa0x5v800T_cCP6UMzSKRS84qINOJQ,Paul Berry,https://play-lh.googleusercontent.com/-e8mAK_NdWwE/AAAAAAAAAAI/AAAAAAAAAAA/AMZuucmkJtiEyU2ViHKTDIoW8DLRbQT4AA/photo.jpg,Simple to use.,4,0,6.2.1,2019-10-30 09:24:43,,
gp:AOqpTOGGieLlnlTu0ByjouUCmWVMd0R_VfUXAHp3ygB1iAd04FZ_LrNO3w3rWwccd4Q19gACsoJSmxk5ExOm6Q,Tom Aggett,https://play-lh.googleusercontent.com/a-/AOh14GieqH0b-DF64mUITIv8_yM5zlhlwf17JFxd_ESbMg,1st rate app.,5,0,6.2.1,2019-10-30 01:57:26,,
gp:AOqpTOG8DX_ZXtnXXdohIO-sRcdikqR1cB0F_Br3Uwp6ORMUGY_jxKRY3ZrRBSfjfT-CQOkbGaSQUyQx-Eib-w,loretta brown,https://play-lh.googleusercontent.com/a-/AOh14GjToqMJxmejslcUNZzPIqv-1iPmMRnM5nvjLUQZ,I like using the notes cuz it helps me keep up with everything,5,0,6.2.1,2019-10-30 00:37:01,,
gp:AOqpTOG833RKy1A35v6zupmene_TxYiApkEWIl5W3SiLNX6CxRoTtMLuDKJF_ut9H08r6Z00TMDR2e_TbgtKNw,Robert Jackson,https://play-lh.googleusercontent.com/a-/AOh14GifjQexKyposLDLlljcQNIWqR_IMLE1MeSxZAsPeg,"Manages simple lists simply. No stuff ups or snafus, just plain reliable and straightforward.",5,0,6.2.1,2019-10-29 18:49:58,,
gp:AOqpTOH1ezgt4ElzjXpUSV-2KOY2Z3TljDIIvY9gj69tyZoyyAZRs5V9r1jnxRPa0Zxpz1clbYitRxophnUXOQ,Greg Gordon,https://play-lh.googleusercontent.com/-mX64wWhtl-k/AAAAAAAAAAI/AAAAAAAAAAA/AMZuuckmgv7ACD-l8jDcsGM4IgOB26xavA/photo.jpg,Great App. Very simple and straightforward,5,0,6.2.1,2019-10-29 16:38:14,,
gp:AOqpTOF261kQyLOsDWww2jwkPaa0v40clsLmZS5y3N2NLSZx8r6QF-jZxLGG8lMrN0qaejNVogJVdJOCW3NXfA,Ron Johnson,https://play-lh.googleusercontent.com/-OwmIWBE9hdc/AAAAAAAAAAI/AAAAAAAAAAA/AMZuuclJlS7ZLs9qU6I6hIlII2SUIfyW7w/photo.jpg,"Great app, but then again, this dev's are always near perfection. To me, the ONLY, thing missing is direct tasker/klwp functionality, but that might go against the 'simple' creed of the apps, and in no way detracts from the extreme usefulness of these apps. If I could rate 6 stars I would.",5,0,6.2.1,2019-10-29 08:11:59,,
gp:AOqpTOG7NO9tvToaXONEXz5eAMNKAAYbV42JwrWGmQ48esB6jzXQbg3H9ShAMYA8K9pi2l0DpknEDFfYEfO2Fw,Philip Twomey,https://play-lh.googleusercontent.com/-LO7lzFlEu50/AAAAAAAAAAI/AAAAAAAAAAA/AMZuuckX4iTzeNTbFKiBnyImPHmzya8EVw/photo.jpg,Simple to use for quick notes.,5,0,6.2.1,2019-10-29 07:51:45,,
gp:AOqpTOFonrPlCQ6pK3c7B0Agj4DsTPoLYPetI7EP4psMT3VEhonU54Uogg_t_E_L-8oyD06TtZ8dufzjx0FMeA,None MacIntyre9,https://play-lh.googleusercontent.com/-1R2Af8ynJcM/AAAAAAAAAAI/AAAAAAAAAAA/AMZuucnOfz4s9gb8UdmHRbL443zsL46Yrg/photo.jpg,Simple and useful!,5,0,6.2.1,2019-10-29 06:34:19,,
gp:AOqpTOFKOPvxyeaww6xAxrh-VI1PkXguRFPZNqs_NM8BaYiA2VZvY9uRms-2Y8c4gDkqT1SKyuLEVOWs3AN38g,Keziah Reed,https://play-lh.googleusercontent.com/a-/AOh14GgvSHywQYdanWhvLDQW5My-NoPeaYoXY0wh1JxaoIk,"Does the job. Very basic. However, crashed a few ds ago and just refused to open even after restarting. So i lost about 2week's information when i eventually had to reinstall it. Samsung notes on J5 prime was much better,",3,1,6.2.1,2019-10-29 03:29:45,,
gp:AOqpTOE2sirAkYFvGUmJMxVS9Kmc7L3-JAbCOxCuPylrl_M2fHUJvJKjK1cb_rdg-csC58uahn0YmQ-lSit4Bw,Max Ferretti,https://play-lh.googleusercontent.com/a-/AOh14GiM5ECGTR_EzY5gO4m4-kuiBN2xfWDA4LQiG2EqSA,Simple! Works! Perfect!,5,0,6.2.1,2019-10-28 17:09:30,,
gp:AOqpTOHkN79EjaQcOFOPq8NxobFv_e3oBzAWgfGjYf0x5uazjShavRUGxC-GeCUG48fQ_5owrbJb4LP7ScPiDA,Mike,https://play-lh.googleusercontent.com/a-/AOh14Gg6r32q37EN8jH9quUuPqdoBteM76-rlbA24OhhpFo,Great App!,5,0,6.2.1,2019-10-28 08:49:38,,
gp:AOqpTOFQ79ZBvTiEYREUzsNPYn3Ott15yK7zBqKHTqVgOc1rz_4oi5XNBIU4wKOFTKCoSVJ6GntE2wJGcVwBpQ,Parth Asari,https://play-lh.googleusercontent.com/-Yf2MfL8pTaM/AAAAAAAAAAI/AAAAAAAAAAA/AMZuucmrIuWwwtQ-nvYXelQeYT1hbj15TA/photo.jpg,Nice and simple note taking app.,5,0,6.2.0,2019-10-06 01:54:38,,
gp:AOqpTOEB6DcdCXIRHS53eWmTfjkUfqzlHeLMeAZhukclVUk31QquPWMvGpSpn5dGAGmw-ZdL0BE2NombW06FSg,Towsif_8_12,https://play-lh.googleusercontent.com/a-/AOh14GjA24Qb8mhcEB21wNATS5isEUuHW7FC1pvsETHt,Devs: Fixed a glich where notes became trimmed WHY????,5,1,6.2.0,2019-09-16 18:10:13,,
gp:AOqpTOF4L_YsYl6mYPt6KpgaRJsZrDGadfWqmVeBVy7dE4t3-MdoxaxXKueeaxpUOwJTMhA4go3-EsgOguDtFQ,Achmad Fauzi,https://play-lh.googleusercontent.com/a-/AOh14GiLZ90w8bAV0VC9EfXjqT9v03Zcyg7oc_tDUAvcYw,good,5,0,6.1.7,2019-09-08 15:44:58,,
gp:AOqpTOEeG0t9nUQwj8lA_KkamezmDouVpmATerzNh6nUuheeyV9DKmbMsQSNjRosRte6nv9lVQjPXAdu2mz5RQ,Simpetus Amorpheus,https://play-lh.googleusercontent.com/-SDLsaBhtBPg/AAAAAAAAAAI/AAAAAAAAAAA/AMZuuclqiraP0JHc8vlcQaAj71JTHDZCDw/photo.jpg,The best app and developer!,5,0,6.1.6,2019-08-26 18:49:28,"Hey, it has been changed already, please update your app version. Thanks",2019-08-26 07:13:16
gp:AOqpTOEmA7_TPc4WEczS6jJ6kkkvp1p-ZvQM0Xsn82J49Qu2NejjY9NMaqwJnL6NdIv21qoSWw_d_nBYDtSMCw,Waleed Mohammed,https://play-lh.googleusercontent.com/-615iYyKDVhI/AAAAAAAAAAI/AAAAAAAAAAA/AMZuuclTYBE-RhwOWK4_NYIDSA2DBzmP0w/photo.jpg,"Best note app. Transparent widgets on desktop. Separate note. Very low battery consumption. Just fix the issues from last update (I give it 5 stars): ✓ turning screen off then on, modifications get lost! ✓ Switching apps, modifications get lost! ✓ Renaming a saved note made it blank! ❏ & Pleaae add defining separate colors to each widget 😍.",5,2,6.1.6,2019-08-23 16:31:30,,
gp:AOqpTOFMkTEEA5gZZH-6FtyUyCYVZHqyvrESPPDw8lH4epsoJJ5Yq8dFcH9OcxwluKj2a1HK5ReAOy7HOSKU4A,Sk Anisuddin Ahmed,https://play-lh.googleusercontent.com/a-/AOh14GijzI5QgR_aJY29hGlu9xAPPSLx4v6QDLpcLZiTEw,after the update automatically file save is not working properly .,1,2,6.1.6,2019-08-13 07:16:28,"Hey, is the file on an SD card, or internal storage?",2019-08-16 15:20:15
gp:AOqpTOHtHklwGkpIIEsdct0gBDEsANHYUdmGkHH45MjOjb_A2xiNdPD3FosRAsg_5VACP9_N99vXBdn4k_EfbA,Hans Hertlen,https://play-lh.googleusercontent.com/-m181S9U-3UY/AAAAAAAAAAI/AAAAAAAAAAA/AMZuucnyAhPzbWpbobAPmjTQlTdciQzm4g/photo.jpg,"excellent,simple,home screen note app",4,0,6.1.6,2019-08-04 10:44:51,,
gp:AOqpTOH3fIZqrA_Iuw1jLh-g0ymH1NPUR4nuOYOayzYjxB327qcmBOufuF4Ma65NM_JSq-WdXC_uU8CAAMYL6Q,Harmonious One,https://play-lh.googleusercontent.com/a-/AOh14GhtZo7u81wSa54_TI9sc6Gp29bijJSMr9KjlM6J,Great easy to use and organise my notes. Loads quickly and even has a resizable widget. I'm so happy to get away from the invasive adds in the last one I was using. Thanks for the option to buy such amazing value for such a tiny amount of money.,5,4,6.1.6,2019-07-26 21:10:09,,
gp:AOqpTOHuqpCWeRYGxrWibLlnQ3rsNmnN4T-PMoDDGmtDQAZVNnaq9UOXW0JzZqeox1ZZ6Kkwue1X_wPS7ug2Rg,David Van Riper,https://play-lh.googleusercontent.com/-CIHs3gNMTls/AAAAAAAAAAI/AAAAAAAAAAA/AMZuucmP4aGGZsgqdTJGHWJtO-1ff8Tsuw/photo.jpg,Really is a great help in keeping track of things.,5,0,6.1.4,2019-07-14 06:04:11,,
gp:AOqpTOHPk1MPo-f_dTny-kMykRCEt9DTovileuSuasExGHphk8g2cAyOUD6xPJCIb2RTH6y_Cst6PWd2HuujDg,Badal Gorai,https://play-lh.googleusercontent.com/a-/AOh14Gj0PDkuDfFBSqgw1yYPUSHwxLSteEzmZLgRyLOk,nice app,4,0,6.1.4,2019-07-12 02:30:27,,
gp:AOqpTOG6cyUmeed_c4pEQgQeWewm6z_wUR7EN0GseSMjGD9QorjfYL1TGqTcBDtddg1m2051reKwrJGE47v03w,Camden Parks,https://play-lh.googleusercontent.com/-AFCu5OSnfVE/AAAAAAAAAAI/AAAAAAAAAAA/AMZuucmz9xXBvdDV6uj1WyU_RJudOIMPZQ/photo.jpg,"I recommend this app for simple text notes. I keep a variety of notes on my phone, the primary ones being my grocery list and my lists of books (fiction and non-fiction) to check out at the library. I was using S Notes, but it was frustrating to use. Today I got so fed up that I went looking for a replacement, installed several, and tried them. Simple Notes Pro was the (very nearly) perfect one for me. It does what I need without my having to wade through a bunch of features I'll likely never use.  The one request I have (right now) for a future version would be the ability to rearrange items on a checklist. I make my grocery list as I go through my week, and I like it to be in the order in which I travel through the store. The checklist feature of this app would be great for my grocery list, but as far as I can tell, there seems not to be a way to rearrange the items on the list.",5,5,6.1.4,2019-07-06 12:32:21,,
gp:AOqpTOGcPWX1RiAt12MukxVyg3PLmNKdav5oa1TN-KVsiPAQf_t0qvj5KAahuKEWNK3yCVP7gx27TfK4Ye2Gag,Erin Street,https://play-lh.googleusercontent.com/a-/AOh14Gio5Ri43nHD0T8Mmn6sR8JHElkBFGsWCNA9SSmtHA,"Im using the S8+, and Ive tapped on the 3 dots, and delete doesnt show up, even after tapping settings 😐",3,3,6.1.4,2019-06-22 09:00:40,Do you have multiple notes? Delete wont appear if you have only one.,2019-07-07 02:00:31
gp:AOqpTOG6f1YsG3nX6JWCoTx-YJb6LunBUbORVVdClv6B0YI1vS9j4lDCdffHDNi1mJjIm8B6vgnCNyI2ETnt-w,Franz Steiermark,https://play-lh.googleusercontent.com/-Fl-xSwKHO_I/AAAAAAAAAAI/AAAAAAAAAAA/AMZuucnIH3CqF9exdwft4GIogH8KXauWIw/photo.jpg,Crashes upon start since the last update... Jetzt all my notes are gone,1,1,6.1.4,2019-06-22 01:02:52,"Hey, have you maybe tried importing some very huge file? Try launching the app via some notes widget.",2019-06-22 08:00:39
gp:AOqpTOE-Z7RHaEtpABvoDVikPTnGl-Wfrnzje3Kut2esuv6lbLbsp5VzS6gDKkGL2XTG9sL4Dw4FMIW-O-CKcw,Steven Bainz,https://play-lh.googleusercontent.com/a-/AOh14GgzfHRXteq6n2csyOfRrUo3PCUYjXcRhkTjSfdA,Very Good. Great I would Say.,5,0,6.1.4,2019-06-20 14:27:48,,
gp:AOqpTOF8c28hNQG8pzqszXL0XlU7eogf8wnB02O27emJRuHhmPCmoREUW1mEjSqWWfa-gQwzpsQEkt69GToHvg,Naveen Singhania,https://play-lh.googleusercontent.com/-d9Bq7x9juOg/AAAAAAAAAAI/AAAAAAAAAAA/AMZuuclyzVAqpkwaYErPTzv0NMg9BMGL7A/photo.jpg,great simple note taking app. nice note synchronization,5,0,6.1.3,2019-06-11 00:44:47,,
gp:AOqpTOH3oLq7PhKqdgHf6oPvanl1Wv8rig1ymHVfeNvwpOAP1bwp0rO7x87dvjpo5q9oHcpjKrJeJwzGEigPbw,Waqif Ali,https://play-lh.googleusercontent.com/a-/AOh14GhPmcYyLstUhFVcZGUsj3YoCOe1VTQd8VmXm_C6vw,Nice and light thanks,5,0,6.1.3,2019-06-09 08:21:23,,
gp:AOqpTOHK07kde6RnCLtKcQ7s2ZKUleWPJiNUT5MNaoPVK9lR2Kgl7Onyje897GYIQJ39czcR98SZpgROdR49Nw,Dielle,https://play-lh.googleusercontent.com/a-/AOh14GgpaR44kR020tHZjwCFEP2Bkmv1njkHP5scRjqehGU,The items in a list should be able to be reordered.,3,0,6.1.3,2019-06-09 06:42:01,"Hey, adding it is on the roadmap.",2019-06-14 07:51:17
gp:AOqpTOFSPbLAHP8BQ72JPWzE3YrxOq5dSvt-Yz9sbRTqRgkZjshTXfiEF899MefFFLuOWPJlIkghBmqz0GHQPw,Andrew Cruickshank,https://play-lh.googleusercontent.com/-ZnjYzSohAtg/AAAAAAAAAAI/AAAAAAAAAAA/AMZuuckKi4MnPag_Heww_N9PQzKEMriToA/photo.jpg,Tracked it back to a different app,3,0,6.1.3,2019-06-06 01:12:01,,
gp:AOqpTOFiOBzTjXAEhaHp-NEEPzzQMWhekETUgBp4KwemNbAA2NlJIU9O6r_dhXowVGNz-8ihgGCxzRjhueoB0Q,Michael Phillips,https://play-lh.googleusercontent.com/a-/AOh14Gj0iPU5ROdwkfYYL5fDk24v-jne4a3GNNdS9hej7A,Amazing simple note application. Can export and share notes easily. Handy widget to show notes right on your home screen. Makes shopping lists a breeze! Disclosure: got this app for free on 3rd year anniversary. I would still definitely pay for this app. There are no unnecessary permissions.,5,0,6.1.3,2019-06-05 17:18:46,,
gp:AOqpTOHubXeSf0fUzMdzbP3OnF97YrH7Yg7o9SRJL56AQodfrn5PXjWoU34bpbeAbtUFRiBL024Vb6RCIGljGg,Eros MC,https://play-lh.googleusercontent.com/a-/AOh14Ggwzz-OddjFkT4IDsW6YlNfETHfME5Fr4Uh7uMxjQ,"complained about being installed on sd card (no widgetty) but was ok on restart. a bit unpolished - on new, had to choose between ""general note"" and ""general note"". at least make one ""admiral note"" :)",4,1,,2019-06-05 10:09:59,,
gp:AOqpTOEw1AWcBi8sfHj6pSknviC6pPfo9snRCKymNpkxyiJwz70NiOqilAUwWz_LUUiY_9cUQyM07E2NpPzNSQ,ธรรมปิติ กุศลจิต,https://play-lh.googleusercontent.com/a-/AOh14GghxWeTYGNoYF5jH9DPrjkDU-E1RgFba5YG5d-QsQ,Best of the best.,5,0,6.1.3,2019-05-29 18:37:37,,
gp:AOqpTOHXWUlvfc9fRd9jXoo6LkoScbGxSu_TYNFZbXqPAw7miuZ3iRVAdUw9UHZLIxTwH1truEZfhMiPbIvf9w,Pawel Mielcarz,https://play-lh.googleusercontent.com/-mUmLvwofhA0/AAAAAAAAAAI/AAAAAAAAAAA/AMZuuckRLuklIhpyI1b78pKF4UaFsGhxeQ/photo.jpg,Nice and easy. Love this app,5,0,6.1.3,2019-05-26 10:22:54,,
gp:AOqpTOHNeC33LN5ku2m8tyBHk4ryE9Hhu_J-V0wrtPwFomWIIppm6tmItYtS3Sp4A8otqAnaoEA6n_ZXBXf8rA,aluri suresh,https://play-lh.googleusercontent.com/a-/AOh14GguinTLvDIvqiRTWOzgrWMnnv5iwFT9UrGFC9pZRg,"when i open the app, i expected to view list of all the notes with headers. if i click on one note header it display content. Instead it is showing total content of first note. Disappointed...",1,0,6.1.3,2019-04-30 10:33:22,"Hey, you can enable showing the notepicker on startup in the app settings.",2019-06-14 07:35:56
gp:AOqpTOGcQgh1pRLTXinzcxCZHmNt5r8w326Cz-i2cqpZkzVD3N6hPo_MTROfrlcLsxrrfe8Sp-6aq8S5o7_XQA,1337haXXor,https://play-lh.googleusercontent.com/a-/AOh14GjGCwfjmeqqz3YyxSHtKk6AUMAszJRAeiA_8EFGzw,"I love all your apps, but I'm pretty upset. In trying to import plaintext files that I had exported, I selected a folder that contained the .txt files and some other files, it crashed on import AND DELETED THE .txt file, then subsequently crashed every time I opened the app, only fixing itself with a data wipe, which of course deleted the notes... I'm rating 5 stars because I really like your apps, but this needs to get fixed. If it's a problem with other files in the folder, just have the scan search for only .txt files, or issue a warning to NOT have other files in the folder or something.",5,1,6.1.3,2019-04-12 22:02:53,,
gp:AOqpTOG_VJ65cK-74iyZSP6_wD1j5qfGnM65rHQs91Ld5T_IrZcBLS2l0zzI2WbVJdfcRy7T9XnYXtUqcGSGSg,Jamie Tennant,https://play-lh.googleusercontent.com/a-/AOh14GggJrF-iqsQe18Xfpn9hZE2_D_Ksuv3lo2qdg47tt0,"When installed, doesn't appear in app drawer. Had to use convoluted Nova Launcher function just to get a home screen shortcut. THEN, 90 percent of the time I try to open the app, it crashes within a split second of me tapping the app icon, telling me to send feedback. Have had to revert back to non pro option. Please find out what's going on and fix it, not happy that I've paid for a faulty product.",1,2,6.1.3,2019-04-01 17:01:51,"Hey, the missing icon could be caused by you changing the app icon color, some launchers do not handle it properly. The icon just disappears there. Regarding the crash, do you maybe have some huge file opened in the app? That is one possible reason I see. Maybe try reinstalling the app, or clearing the data from your device settings. Thanks",2019-04-02 00:24:58
gp:AOqpTOFYLrm6ICgukkuPP9bcRgOcrUkBw4AiWXjYy-ArVJ3LAlnfz8x9ovm5I1YWwI-LSx39sHF8IyYuCZH-qA,Paul d Scott,https://play-lh.googleusercontent.com/a-/AOh14GiqyXnRMPX-K1VGBv2WifBiRqwI6eCABa1CzwQDQQ,"Really like this app, simple, light, quick and easy to set up and use, scrolling widget is great, and also some neat app theme options. Thanks for a really useful app.",5,7,6.1.3,2019-03-16 05:10:37,,
gp:AOqpTOFqFm2Wc_UVw5-ucT3BKY-IPICybERjbuShdrMi-l-aCtqG__piE0UsoQxX3SAZT-Wy7-cJ3SwMJJ2igA,A Google user,https://play-lh.googleusercontent.com/EGemoI2NTXmTsBVtJqk8jxF9rh8ApRWfsIMQSt2uE4OcpQqbFu7f7NbTK05lx80nuSijCz7sc3a277R67g,"It does what it should without dooing what it shouldn't. There are no unnecessary permissions, no subscriptions and no requirements of installing additional dubious apps like google play services or the like. Unfortunately this has become increasingly rare. A functional well designed open source app well worth the very modest price.",5,0,6.1.2,2019-02-14 02:20:22,,
gp:AOqpTOEE2_Tw0tsFlz_ZutGXJYU26xX8Sc692T6J3KJB1iro2J4vk7ozb-tqFbyDVzC59_vCL05cdG5TIcQdlQ,Jen Lamb,https://play-lh.googleusercontent.com/-pkFI8HY-2rc/AAAAAAAAAAI/AAAAAAAAAAA/AMZuuckuN2UBSA1zuuSzv3XDP5F6n8wdGA/photo.jpg,This app is quick to get to and a great note taker!,5,0,6.1.2,2019-02-06 03:56:33,,
gp:AOqpTOFVLb0B2-0FvmrfgEo1jOq4dPCjXn-sgDRrVl_UhVNhkUhpHTqhYjbj2maaiCFy-jUQcylceECh9Gq5XA,A Google user,https://play-lh.googleusercontent.com/EGemoI2NTXmTsBVtJqk8jxF9rh8ApRWfsIMQSt2uE4OcpQqbFu7f7NbTK05lx80nuSijCz7sc3a277R67g,Perfect for taking notes and viewing saved documents 💚,5,0,6.1.2,2019-01-31 08:37:27,,
gp:AOqpTOFfw4nAbLQ29Z_Mzc-Czt2aCVpx5cqm1bjAHHbUI0uPbSIR5IFSIgeJCsMMgFlUfM3DbGmd3PsvuQMgkA,A Google user,https://play-lh.googleusercontent.com/EGemoI2NTXmTsBVtJqk8jxF9rh8ApRWfsIMQSt2uE4OcpQqbFu7f7NbTK05lx80nuSijCz7sc3a277R67g,Top notch app and developer. Thank you! 5*,5,0,6.1.2,2019-01-27 14:47:02,,
gp:AOqpTOGtSXJDEgG3_yrb4K867OTI_MbajwafqDnTcrhIofCvVfw6393xF1BsV9y3mirBpvdpjPwOIBJUxsOEcA,Faz Khan M,https://play-lh.googleusercontent.com/-a0uZI8-a6W0/AAAAAAAAAAI/AAAAAAAAAAA/AMZuucm3YjDWKZ2o7b5uTvzQXteTSOf0Hw/photo.jpg,very good app just bought the pro thanks for your hard work,5,0,6.1.1,2019-01-20 16:17:18,,
gp:AOqpTOEQEuRVMDe3CNIJLDbHjiVTR4TY8q7GMz7vV5Xa8--XtS1OgEzSnX818lPerIxoXtBV-fniTUMvMXrSWQ,A Google user,https://play-lh.googleusercontent.com/EGemoI2NTXmTsBVtJqk8jxF9rh8ApRWfsIMQSt2uE4OcpQqbFu7f7NbTK05lx80nuSijCz7sc3a277R67g,Straightforward with all the features I need. Fast and easy to use.,5,0,6.1.1,2019-01-18 13:07:37,,
gp:AOqpTOGCsERmqpEBu_gme_K25khhZBQWvlaFswP_A6xowRW3X5aRjD4rVD7OT0F0nmqDhlEKtLFRrqMSjzRiOw,Play P,https://play-lh.googleusercontent.com/a-/AOh14Gj8PZMyLwLeAvyeeejUHSE6zBR4H-geAFp43wpp,"Top note app in store! well craft. I have only one suggestion, could you add a serch option on note picker ? thanks!",5,0,6.1.1,2019-01-14 16:46:26,,
gp:AOqpTOFYdHItp8YO0-lq_HacFEILk7RYE-eAWbhmCs1Dzl45FiVrnvjQFQroFn4HmLdgvNQvh5_0pCsZ3R8odA,Snotpicking Potsticker,https://play-lh.googleusercontent.com/a-/AOh14Gj3N2Kf0r8LWx5al-1aMX1cgDpDsLgfwFiOWz7C-g,"I like the way the app is structured and would use it as my normal notepad IF my cursor stayed where it's supposed to be instead of randomly jumping me to the beginning of the paragraph I'm in WHILE I'M TYPING, or randomly deleting the last word I just typed... if it's within your power please fix it. EDIT: I use Gboard, have no other problems with it, saw nothing of the sort in its reviews... 🤷 gonna try another note app and see what happens",3,1,6.1.1,2019-01-05 07:44:42,"Maybe try using a different keyboard, Im definitely not deleting words, or moving cursors while typing. Thanks",2019-01-05 02:33:38
gp:AOqpTOGO_Np8GdMIvZ72edXD87L8QZfxv4ODVCuxOB3S4NAItCbuZe_xujOVJfidM1J-9jn-xLYAFHrbks1gCA,aRvInD Gr,https://play-lh.googleusercontent.com/a-/AOh14GgGag-n-n1Iv7UoHBX9puEmML_E4VjSf_-vHNBliGo,"Superb app that exactly fulfills my need. Only one small request, when Sharing link app asks for General Notes or New note. Can we pick that as default setting? Also, new checklist feature is much needed. Thanks for that. But in checklist links dont open in browser when clicked. Can you fix that?",4,1,6.1.1,2018-12-29 23:30:19,,
gp:AOqpTOGwfk2170lb4G2wq5YGDJprKZnkOK93bQy88SjLqzMMTF7QMOmYrLOv6sZ822NK8ACxfOoSEPQoX-V4zQ,Justus 4 The ONE,https://play-lh.googleusercontent.com/a-/AOh14GhKIMD7GhJwhnSwe81e_7qIIaRhioVBqj09wS0J6w,EXCELLENT application for notes,5,0,6.1.1,2018-12-28 00:16:53,,
gp:AOqpTOH2__G6l3ZaBmYdP9r927_OCsOV8nKntZNT4rWy832oLidyUWbDo80nJCz2qJosmafUFkvA9KT5Y0mGBg,Chris Young,https://play-lh.googleusercontent.com/a-/AOh14GibEgSSjLd6iqEQhKgxzXu5GdMHBlYLUGGy6d7iBkU,good app for note taking and no Ads,5,1,6.1.0,2018-12-20 00:17:59,,
gp:AOqpTOGcBG-2XzI2nfu4PtiT8DPIMA4JyLUrA2N_Rf37pqdf7OziriXgYSRsVqaPxoj_I5MsY2NFZ9RsFu1fqA,Graham Grigg,https://play-lh.googleusercontent.com/a-/AOh14GhO73b11x5Ky8zGQ0LZjUvgTB9PmMlXFerU2yaRIA,They nickel and dime you. I paid a dollar for a very basic app to begin with. The new functions aren't available and it wants you to buy another app just to change the color. Go find ANY other notes app.,2,9,6.1.0,2018-12-18 10:27:36,,
gp:AOqpTOEOB-lEkFK3iyeYVHta99n7zyBj7JvH2nLk6rDg7ekmZ0d-2zMAffERWjvp5vkS5D9mAOiLk10fdiRlUA,Pablo R.,https://play-lh.googleusercontent.com/a-/AOh14GhBLzyrIAeqZPwRHv6IOBFuqvu21ZkrqSo8qJEv-A,"Thanks for your excellent work with all these apps. I will have to write this same review on every app, as I own them all, and they are fantastic!.",5,0,6.1.0,2018-12-10 03:38:29,,
gp:AOqpTOEppatB_Ey44FkSMd10vsSvZMD9WwJNd-oYxpIMgCbtBNitx9brMUES5rtZqczKxYUzpEGiGPu3x2vPOg,A Google user,https://play-lh.googleusercontent.com/EGemoI2NTXmTsBVtJqk8jxF9rh8ApRWfsIMQSt2uE4OcpQqbFu7f7NbTK05lx80nuSijCz7sc3a277R67g,"Checklist note is cool, but it would be cooler to be able to add an entry directly clicking on screen (type directly on screen, as a new line), instead of having a menu for it. It's just an extra (unnecessary) step. I like your apps for simplicity. Hopefully they won't become clumsy.",4,1,6.1.0,2018-12-09 17:10:08,,
gp:AOqpTOFo_oQXp716odYwWp7Hib2SOcuEfuTmeGts-rTHj04fPpV8VWrf1nswNyt-mYCp0PWy3nbSLHZEs_Ji-g,Ryan C,https://play-lh.googleusercontent.com/a-/AOh14GhIeS_TIsUivFbx35S-E8Cy3FYsYEEwJTjKNWz8qQ,Would give a five if there was separate customisation colours for the toggles in settings? 😉,4,0,6.0.1,2018-12-07 18:33:03,,
gp:AOqpTOFUg7zX4KxbCgOPCwprLeOB-4kIafyASgguKeeL9jrOZDCFFkKpeOH6ZtJRGDWkJ_wcfv2IAKmLAaq0Iw,Anne Easley,https://play-lh.googleusercontent.com/-ypH5QpnxG7k/AAAAAAAAAAI/AAAAAAAAAAA/AMZuucmlpDgDayf2iWT5Ayd6odayi4fSRw/photo.jpg,What the BROWN?!  i have to manually retype (copy and paste works but a pain!) my notes into new PRO app?  this is so lame.,1,0,6.0.1,2018-12-04 09:05:58,"You can use the ""Export all notes as files"" function, then import the whole new folder.",2018-12-04 10:20:55
gp:AOqpTOH8CRmoVf0m_TUsdcIiePUb_gPGYnvcSkylnoqbdx07TnbtfpRIU2dUbr7eluZFS573V6pkLGcJalSgaw,A M,https://play-lh.googleusercontent.com/a-/AOh14Gh17NWeWUaIC5R1STyk9yycF3eSGDOQkzxEjFJuA3g,"Great simple note taking app! But, I can't import notes from the old app and the icon disappears from the launcher after first start (tested in Nova and Pixel launcher).",3,2,6.0.1,2018-12-01 22:06:38,,
gp:AOqpTOHmbKCGQbG2s1dSxH_Zh3dIFXGbP5RCG6dTyX0G9z_yh8VmaPA3hPPQ8zuLW8j_aPgIoL77IV9z8xDoyg,Medha Mehra,https://play-lh.googleusercontent.com/a-/AOh14GjxwRCS4HBIOJ-WmTus_cRXVUBUbyRqtJh-CcX9VFk,I bought the version and that is totally a new application which doesn't even retrieve my old notes. It was definitely not expected from such a great app.,2,5,6.0.1,2018-11-30 23:19:56,,
gp:AOqpTOGfGPVfMT9c4gyCuxqtVpO_HYzL_iOTWoF-fDYJe9HdF_r9Y8n4DQvQn0kaQVpSryJpS3WEIQFfsIU1mA,Osric Wilkinson,https://play-lh.googleusercontent.com/a-/AOh14Gjg1IcFdBbqNgr_rzoLCcwmrrhu_GZ6oJ_wO_VInA,"Having bought your ""simply thanks"" app I'm disappointed that I have to pay for this ""upgrade"" to keep getting fixes. I'd have liked this new version to have picked up my old notes automatically. Shame, because it's a nice app.",3,15,6.0.1,2018-11-30 22:07:32,,
gp:AOqpTOFlE_4xNYioXznUhXBDU1EyVhjJNi6t9XqGAXtfGuMGBgbYCqsWetZMR-sqrFkisyWMWjpgmP7oZhRK7A,hard times,https://play-lh.googleusercontent.com/-ufARQKC4o6Q/AAAAAAAAAAI/AAAAAAAAAAA/AMZuuckSxlxzp3P1lAZmZK9wqrQw7_nTug/photo.jpg,Missing sd card installaBility,1,1,6.0.1,2018-11-18 15:51:15,,
gp:AOqpTOGZ1U00b7TcljLT2Va7DR0q6LpOsIbvhjWjM1XVR0i3Gkcr3ls4Uqs3xf_mgkBadZOTp3papOYQaP0QCA,A Google user,https://play-lh.googleusercontent.com/EGemoI2NTXmTsBVtJqk8jxF9rh8ApRWfsIMQSt2uE4OcpQqbFu7f7NbTK05lx80nuSijCz7sc3a277R67g,Just didn't even come Close to doing its job! Taking Notes!!,3,0,6.0.0,2018-11-18 10:09:00,,
gp:AOqpTOFIidu55SDqyMRzw2Ecqb3hSaWYQrv7E_cKyJI3BOGwkN1hTXFfia3_H4hfR01Q6oqPQf5LUHMn8S7AYQ,Agakhan A,https://play-lh.googleusercontent.com/-gsCHikw44rA/AAAAAAAAAAI/AAAAAAAAAAA/AMZuuclinHRqtktbfi5z-1I_68iglONqXA/photo.jpg,"Widget only load after restart, similiar other apps is working properly",2,0,6.0.1,2018-11-17 15:05:09,,
gp:AOqpTOEvga2GX-emECNVOd8p9es9XbW4FX-RSDu0_HVCD-tSQhINONJe6_yGggLOS-GyWEeM7zTCdUbcw26sew,A Google user,https://play-lh.googleusercontent.com/EGemoI2NTXmTsBVtJqk8jxF9rh8ApRWfsIMQSt2uE4OcpQqbFu7f7NbTK05lx80nuSijCz7sc3a277R67g,"BEST APPS YOU'LL EVER NEED, WANT & USE!!! THANK YOU for making APPS that are perfect, direct & EASY to use! Your APPS deliver everything you need without all the excess baggage! I love each & every one of them!",5,2,6.0.1,2018-11-17 10:24:44,,
gp:AOqpTOE6jGH-OEColBrJfgrJLlzDwmoqH7ponyrlU6PcG5f-3mL-z-Nf80miSZ_FxigD6ZQP2cpW1DiqzWQoqw,Debraj,https://play-lh.googleusercontent.com/a-/AOh14GgkQndE0j8lpH9LvB21Sb2ZEp9xbWyZ1uC0p4gWdw,disappointed,1,0,6.0.0,2018-11-16 01:08:34,,
gp:AOqpTOHwQOxuDcB-Pm-uMYPuLhJmM2YhcZ16sfU3XtNmT9GxXNFnVKwveJY8SO4NkGjeuXN2eZIFK2aK9K7hWA,DFKT,https://play-lh.googleusercontent.com/a-/AOh14GhD6s8ASjeWZOUlWL6CVNbdHTZZNtYYG76Rn-eWfA,"Lacks basic functionality expected from a text editor, like selecting parts of the text (it can only select all). Doesn't work too well with Gboard, the slide-delete function often doesn't do what it's supposed to do.",3,1,6.0.0,2018-11-14 01:44:11,,
gp:AOqpTOFnCuj-yMn662qDKKc5VpZi_I93YPfngALuV3Z43cFSziue8cI3TpRYoO_mOMvCCKAQvKiEEKAzbCF2iA,Ed Brown,https://play-lh.googleusercontent.com/a-/AOh14GjtMQSYVo3ePElXMwQyzsXVuRjl3979KSPel1S49y4,"Supreme in Every Way - from the widget to the options & customizations - and yet remains a simple, intuitive, small app. The developer is engaged & professional. Not only are Simple apps ad-free, they never try to access the internet. Very safe. Most no-ad apps surf like crazy. I've used note apps since 2011. Simple is simply superior. Worth every penny & these are precisely the reasons why. I've been using other Simple apps as well. A solid developer with quality applications across the board.",5,2,6.0.0,2018-11-13 01:26:48,,
gp:AOqpTOHJkluziY46PWt9pZm0x_WZQ8TMlCxTFzTp3QdslR4X1Fu_30gT1bE6M4F2tnVeUITAEZ9dDb1MBTkajg,A Google user,https://play-lh.googleusercontent.com/EGemoI2NTXmTsBVtJqk8jxF9rh8ApRWfsIMQSt2uE4OcpQqbFu7f7NbTK05lx80nuSijCz7sc3a277R67g,Great app. Thanks.,5,0,6.0.0,2018-11-11 20:20:07,,
gp:AOqpTOHEp5LfQ4lvdqUBzWFKvW4rq3_UdrBsMfhwrZmRsx_c6MmkfioGJuAaz6p_6MYmx0_KYGqWOxcyglb8Mg,Spectrum,https://play-lh.googleusercontent.com/a-/AOh14GjXw4roin_laS4eDtUlre0nSBn64CntwTXPBeUnCQ,Design is not anything special,3,0,6.0.0,2018-11-11 10:23:51,,
gp:AOqpTOHvx_ebZRNoEx1X86KSimpyP5FmP5PTtUd63dq7-lEHKSELkLkqR-PAkP9LdNAJWmqrwv5bJXCLqFJ_Kw,Muhammad Saad,https://play-lh.googleusercontent.com/a-/AOh14GgkIWFH39VZkK9c4TlGMOFW3ysB3rRCzzvsUhlhVw,Simple and reliable. Has backup and import/export. Open source and no unnecessary permissions. Love it!,5,2,6.0.0,2018-11-10 21:49:56,,
gp:AOqpTOEvqF0chWgxFf9jF-p_3IW52FLL2HKQAHVCSHVN7TfiuRwqQWU7g9sk4ks3Gd5kEkixTgjckA8onAlBVQ,Vikas,https://play-lh.googleusercontent.com/a-/AOh14GhJpEe2wN5Y2ZrnfcVhWzSEMPsTOkAH0g5Ugmnt,It's simple. It takes notes. Open source. Responsive developer.,5,0,6.0.0,2018-11-10 01:56:19,,
gp:AOqpTOHsoaLD7_rIcI0SzvS716jkBKFlUgDzLB2eiWKRy9TV2z28hm6C6QGzxCIrL36G9kHwQmc1OBSKSKBzuA,A Google user,https://play-lh.googleusercontent.com/EGemoI2NTXmTsBVtJqk8jxF9rh8ApRWfsIMQSt2uE4OcpQqbFu7f7NbTK05lx80nuSijCz7sc3a277R67g,Perfect app for notes.,5,0,,2018-11-09 02:40:48,,
