reviewId,userName,userImage,content,score,thumbsUpCount,reviewCreatedVersion,at,replyContent,repliedAt
gp:AOqpTOGreOXvpqK7ZvqUa1V1zLFdimNUVMGx5n5sl4BxCBfQ6v83bmN4Fwq741XPTv8BmN4VywEtjcyV4-7HqQ,Richard Serrano,https://play-lh.googleusercontent.com/a-/AOh14GgE0VRAOCeI5WfgBN-ReN0IiBu2PcXJKdR71Cl1WQ,It's a good app. I just rather rankings than a fantasy price check.,4,0,1.3.1,2021-01-18 16:06:58,,
gp:AOqpTOHVNq-OQhtRvfzwW-ZJ2KVtiqDfCtFZW23m9XIj8PO_RZResamWOBfa9q4a0bWKsASAZlpAWptsNLYZsg,Kevin LeFande,https://play-lh.googleusercontent.com/a-/AOh14Ggrtl56wfV9xKlbURX-OhXDf850XgGDub49fUBc8w,"The trade analyzer and price checker tools don't load most of the time, there are bad performance issues with the app.",1,1,1.3.1,2020-12-29 19:12:30,,
gp:AOqpTOE3hmKYatCSAce0_xVqcyaIkuI81Z4Dgf5bUMU6bukAItlwrxQJy_OboMYGr7lbb0Agu4nHnwSB5_xh_Q,Troy Olsen,https://play-lh.googleusercontent.com/a-/AOh14GgnZ1u20yHUtYI-NHjFHd0CBenZC3KjGtMZhzlfZrg,"Don't believe the hate. I use this loyally. Works great. No issues. Lot of people slam this app because they don't like the guy that created it. Even if he's a jerk, the app is a+++ @VoiceEnFuego",5,0,1.3.1,2020-12-07 20:58:05,,
gp:AOqpTOGomgE3cbLOjxqbW_4TzubTfQLQSvY3aFIOtMXYrvEYr-wHduR2CEmtvJEngrwZG8jQ6dfVmOXtdT98PA,Kevin Boklage,https://play-lh.googleusercontent.com/a-/AOh14GhH9ylgQRqgFix7e0MeYpjx1uQWanqccte9oT-7,Dynasty game changer 👍,5,0,1.3.1,2020-10-28 00:19:32,,
gp:AOqpTOGirlg29kBdLspVOhhmJae9erkzdrb0_U7JC3ljaTvD8D5iUzmGB0DUp6VysoO7sYn__f81kAj5klIBXg,Andrew Olsson,https://play-lh.googleusercontent.com/-AZ0OqYoHXQk/AAAAAAAAAAI/AAAAAAAAAAA/AMZuucmmLyN7i6-KhnxKCNq5XFldMiWBUw/photo.jpg,"Half the time I try using the trade analyzer it times out, super frustrating for a paid app",1,0,1.3.1,2020-10-27 10:00:00,,
gp:AOqpTOEYIzpyHzP7jBmKWffzNWkrlz0PzqTMjONpPwddyd5NYIaFJ7hEg_3VJZRM3nLGa3mHNcKm0HaImehRZA,chilli34,https://play-lh.googleusercontent.com/-mnezLOaqKAQ/AAAAAAAAAAI/AAAAAAAAAAA/AMZuuckNFGUbuZxkudzviSzncoaHEHydrQ/photo.jpg,Was really hoping this came with the dynasty guide as well.,3,0,1.3.1,2020-09-28 08:37:42,,
gp:AOqpTOF0wihj7Zn81NO0oYQO4_Y3L_2KXL2fISZUBwWC_OVMGVDkGVTQsEytbqjXeZZRJpanw-5rjVnuQcZsgg,John Busch,https://play-lh.googleusercontent.com/-lpIt0RbKTi8/AAAAAAAAAAI/AAAAAAAAAAA/AMZuucngzkGx_bNDeYs5z1wlafkIdQhCOQ/photo.jpg,It stopped loading players is there anyone who could help Ive bought it and superclex passes,2,0,1.3.1,2020-09-22 21:55:48,,
gp:AOqpTOGO155f6-rdo_pQgb2E4iUFgavpNreWSsjc054G70VqZp0yHFBDEQpVc7anMwa6vFKt1choWVYUFtcWYQ,nathaniel sonnier,https://play-lh.googleusercontent.com/-1qaIjSDfsnE/AAAAAAAAAAI/AAAAAAAAAAA/AMZuucmnvN8s4hLAQ2eKZBCnrap0QfYSdw/photo.jpg,"Bought and paid for app,, twice. Wont load players and in the off chance it does, just says analyzing whenever i try anything...",1,2,1.3.1,2020-09-22 20:25:30,,
gp:AOqpTOFe_zvcjaI6RJ_HSysf6hNQEQjKJBbR2Vd4dLrKowqKT_gP0eNJDvw-59jySDM9hrS_NoiniqunjVXuvQ,Jeff H,https://play-lh.googleusercontent.com/-C5_QNroGF7k/AAAAAAAAAAI/AAAAAAAAAAA/AMZuuclGW0U3_tajuO8wfUP_UjszmicciQ/photo.jpg,I paid money to buy this app. Then they released changes to it forcing me to pay more for it to continue to be useful. So basically its a scam. Now I have an app that I paid for... which I can now longer use in the same manner that I could at time of purchase. Rip off.,1,0,,2020-09-17 23:10:20,,
gp:AOqpTOHmkbuEnMEAyns1WduHCAkF93Ei4QTpcBVVzZjxljKCIPQQHaNI7fqZhjelwO6F0cjDUnoJmHvdxKxXDg,M. S.,https://play-lh.googleusercontent.com/a-/AOh14Ghlaf4bY58PR4_5y6_F5Hy5ZNnNGQTgt7IHmYG4-w,"This app is INSANELY priced!! It's not enough that it costs $5. But if you want access to the rookie class, it will cost an additional $5. If you play in a lot of professional dynasty leagues as I do you would need to unlock all levels. 2QB is an additional $5, and TE premium is $3. All in all, this app will end up costing $18 which is a great big RIP OFF!! Shame on you!!",1,13,1.3.1,2020-09-11 02:45:36,,
gp:AOqpTOESa88Z2Z96mRtUuUKA6q1LS8Mlanug2_t7lZS10fed_UKMqjY_7H6Bjbqg8AMg91gndLBDcZSglajoDw,Tim Sullivan,https://play-lh.googleusercontent.com/-M68rVuyrxFw/AAAAAAAAAAI/AAAAAAAAAAA/AMZuucmG5r04I4yN5R4xUmAlInVN_RoTdA/photo.jpg,Don't like the lack of transparency about what's unlocked to start. Do the rookies eventually unlock for free?,3,0,1.3.1,2020-09-10 21:09:23,,
gp:AOqpTOH49wjwi-sO4YLoItQnZX-fNvzMW28y2oLdOqRqOPj1jnVXtY7y_eGrFf1j2wp8y6mw7VFyxxjnRVthIg,Damon,https://play-lh.googleusercontent.com/-Nm-fIO9d8yU/AAAAAAAAAAI/AAAAAAAAAAA/AMZuucmMYiRPoEbUUxeKDyTxFcvBrqpu4Q/photo.jpg,"I like the values on players, but the season starts in just over a week and rookie values are still locked behind an additional $5 paywall. The price for this app is extremely deceptive, and that's the reasoning for my low rating.",2,13,1.3.1,2020-09-02 09:35:50,,
gp:AOqpTOEwsbWHJS4wGhXADkV97vTjZ0yjejYZJL1CGEALy0ymU3c1HuWhgfUm6R8lPYIcxg24syc5JPkmSNfG2g,Seth Weis,https://play-lh.googleusercontent.com/-I5rmtDsV7wE/AAAAAAAAAAI/AAAAAAAAAAA/AMZuucm4KUcsNqoEbs0QxB0rss5_veL6xQ/photo.jpg,Values do not change when change size of league. A qb in 8 man league should not have same value as 20 man league. Kinda a joke for the cost.,1,2,1.3.1,2020-08-21 20:39:43,,
gp:AOqpTOHvXWZIW5Z3dI9abWMaCMFfTk6fDpGjogmYV4mYnXmuBRvt_ZkXsB4zDSzs9hTZDT9JvXFsCqhyL7VvlQ,Jordan S,https://play-lh.googleusercontent.com/a-/AOh14GjR0r-tEgL4Q2OiHCCw5mMDJ3XAdwxrWBUoRyImDQ,It's a great app after you pay for all the additional $5 for each settings like SuperFlex and Rookie rankings. Kinda greedy for features you expect to be included,3,10,1.3.1,2020-08-12 19:45:53,,
gp:AOqpTOFJwG-hU6l-TGyTt7W9XjwdgwBRJt9Preha1O7k__JGy_R4bSjPNb49JYbURkdAFd6VNdIp-q8ByOAQtQ,Jonathan Bashlor,https://play-lh.googleusercontent.com/-rE8pyYVJ76k/AAAAAAAAAAI/AAAAAAAAAAA/AMZuuclHLubTdDx4N7cGntqlMvK0AQQtKQ/photo.jpg,Exceptional app for grading lifetime value of players within Dynasty. It's an absolute game changer in ensuring your getting the best deal possible. I was never a believer in these tools either until I used this one,5,3,1.3.1,2020-07-29 08:25:05,,
gp:AOqpTOFUa3zYmZUG9-vez9ud2CLKkuvFzS8ZN005FLLAf99zHRI8jFtaq8hakUXYfPhQHEI9ru3Ftv2p0pbmmQ,Steven B,https://play-lh.googleusercontent.com/a-/AOh14GgJfUcSYGU9UK4Xkwe2mcrjNYYHgxh6kYrDPtMu,Either the data is really out of date or they're incomplete but rookies are missing,1,0,1.3.1,2020-07-27 11:55:24,,
gp:AOqpTOEWYaO3cLsbTUhLLpnr2Ljgg77wntAf4Ti_tZQqdz8VgTc3eyOsl-FfhuDbFmM1nqj4Oeoh3Lo7NCMjhA,John Barnett,https://play-lh.googleusercontent.com/-dBGxe9PCOxI/AAAAAAAAAAI/AAAAAAAAAAA/AMZuuckEroxNp-0xQFWrl175b1OMxXlC_Q/photo.jpg,Awesome work!,5,0,1.3.1,2020-07-20 09:12:13,,
gp:AOqpTOF8f8bRAANESkde8M7UoZ2oiGIGy_wPjuU6h96FgTgzD9sKkaAtTBjNpVplBGaPpr_w3xP0tPyUKcsnqQ,James Shinn,https://play-lh.googleusercontent.com/-TDBins8wW50/AAAAAAAAAAI/AAAAAAAAAAA/AMZuucm2f9_1Xfu5ek1nbCUeIFa3eDQTiA/photo.jpg,"This dynasty apps, once purchased... does not include rookies. Again, a dynasty app that doesn't include rookies unless you pay double.",1,5,1.3,2020-07-10 21:24:59,,
gp:AOqpTOH__b7hKhWnJY60KVu7TNu2TFWiYmJegnWm9oZj6jUii0nZltZ9HJ0t6_thWzlLb9gap8XAqwjiMaolIA,Brandon Jongkind,https://play-lh.googleusercontent.com/-MXs2eW82lF4/AAAAAAAAAAI/AAAAAAAAAAA/AMZuucnSdazoZbP0evvdgnUceuxQVi8o6Q/photo.jpg,Good app. Works and looks good. Intuitive. The $5 app gets you most things but rookies. To access everything it's $18 by quick add. But that's worth it. Other calculators are about $15+ a year and web based / not as convenient,5,3,1.3,2020-07-06 18:45:06,,
gp:AOqpTOF-Voxb1Twrdy1qzdfkwhUK2IwEck1pru4QVQC-h-RZ5ooNyZ8FURhp9OpqOjOil5AkUFzzUmIfCaqf-g,Kevin Shea,https://play-lh.googleusercontent.com/a-/AOh14Gh9RrBWkMvt5JtGY9U2yZOVHi_ZGow6qlZb6n03JA,"Great tool for startup drafts, been using it to accrue assets and set up dynasty leagues for long competitive stretches. Also dig the podcast, it feels genuine and not like those talking heads. I do have a couple suggestions; Have the adp as something we can scroll through. My suggestion would be to replace the ticker at the bottom with 4 smaller menu buttons ""SF ADP, 1QB adp, SF+Rookie ADP, 1QB+R ADP"". I ran out of space for the other one. @Optimal_Hunter if you want to hear it I guess??",4,4,1.3,2020-06-22 19:30:53,,
gp:AOqpTOGMXCD-nytVyLtok9Z66ZcdTjeT6W9JOd3oqHNAPluLOMD1yZDFUwBHcYISbzYXtXkb24ubuV0gjmFuUg,Chris So,https://play-lh.googleusercontent.com/a-/AOh14GgYnIanvo0YNj_sErM5_EQ73t_A-T738crr8Xv2bw,"freakin sweet, a trade tool by someone I trust. The update is super handy",5,2,1.3,2020-06-14 18:31:24,,
gp:AOqpTOFL0jLvurvI-1scWUnH2o9oIUR4tO9ZFWt5evNP4pmeT-Ix0c14aEunfThAYKGmP1dvZSefgzZfq1pSRA,Gary Caffrey,https://play-lh.googleusercontent.com/-vYu8ZIPJG24/AAAAAAAAAAI/AAAAAAAAAAA/AMZuucnS7H06t-kUzZ1WM0ZQCaSuaF3xTQ/photo.jpg,Downloaded the app... It is 5.49 euro for it. Then if you want SF it is 5.49 more. 5.49 more for TE Premium and 5.49 more for rookies!! No thanks.,1,8,1.3,2020-06-13 10:52:35,,
gp:AOqpTOFgyFKbGx7Jfi4mWVCKE681-UxsB2nPrka15YQSO6R8P_mY7NfI-f_U7uz6C5aAqhuKBp3Qtu0W6KPiZg,Christopher LeMeilleur,https://play-lh.googleusercontent.com/a-/AOh14GgoX6AYrBI_YyJd1mU92rJ3FbBXve-jg9k8KDstvw,"New update is sick! Google Play took 3 weeks to approve, so that's something to monitor, but the QoL improvements here are A+. This competes with any app of it's kind and then some. No one has a dynasty calculator like this.",5,2,1.2,2020-06-10 21:08:41,,
gp:AOqpTOF5xP344mXUNO4hDyeMZYqjsQptPobp12OkdlqIYIjB7kFTuyofBajPtn4a3w2HdZBJJ9Yi54_1GUF2jg,Matt Wilson,https://play-lh.googleusercontent.com/-2kmivIPu3CM/AAAAAAAAAAI/AAAAAAAAAAA/AMZuuckbQSlqr4PPoHTABMhX0ZgNGejcsg/photo.jpg,The Dynasty Dominator is my go-to tool for player value and fantasy trade analysis. Appreciate you Podfather!,5,0,1.2,2020-06-06 09:34:01,,
gp:AOqpTOEsTOxF3I79oUk4tKXEx81q1dQwqDZpqxoglsBOy9dLyl0JrtyXganx0LDY8ajfifR-QeEvyw9kzY7yfg,Joshua Detlef,https://play-lh.googleusercontent.com/-kQIOOOM28sk/AAAAAAAAAAI/AAAAAAAAAAA/AMZuucljXReTsBzyhq3_2a7BTbW0pm7GLQ/photo.jpg,By far the most important tool for a Dynasty football player. With the player comparison tool on it as well for redraft leagues! Well worth the money!!! BUY THIS APP!!!!!!!! you won't be disappointed. Every additional feature offered after purchase well worth the money as well.,5,1,1.2,2020-06-06 06:51:09,,
gp:AOqpTOGM1DZ_vxiGeLK_jSqCfFB2lN6cua7xSR3M0d1sGZ3xXhq3kii90KlNeOnDWEGFycIt17HbHJx9W_yECg,Nick Beare,https://play-lh.googleusercontent.com/a-/AOh14GjLogN1rl2Jz8Dhuigaqb0PXyKa4T97WbkQ4KGkEQ,"Best trade calculator app, bar none. Great user experience, great interface. Taking roster space into account in trades is a big edge. Love it",5,1,1.2,2020-06-04 07:21:33,,
gp:AOqpTOECZFSMlzVv8NdejnioFyPoDnmwyPiFutOMDL1VuDK0aacgtNFJ2fCVzydoafQ4TE3SZxFtMhaa-mIeNQ,Craig C,https://play-lh.googleusercontent.com/a-/AOh14GgdvmskXMDZx_5_YTDsVZ7IYmigiwU3oE727BpD,Only improvement would be Podfather life hacks tab.,5,0,1.2,2020-06-02 11:48:44,,
gp:AOqpTOH1qAzsFGHZP43sfYuGJHgh3QS4jiwgdBJ5AWzV61YkaiUnvDXyta3oFjzIFdK73ypetE3YNVjjoUgQTw,Thomas Legois,https://play-lh.googleusercontent.com/-YRPbifNWuFs/AAAAAAAAAAI/AAAAAAAAAAA/AMZuucloOt7eQ6SGd68e8OI_7zzyN3FHkQ/photo.jpg,"Love the app, and very very useful for avid dynasty owners who love to trade or look for trades.",5,0,1.2,2020-06-02 11:44:24,,
gp:AOqpTOHglruZyG8-wY6ZcePKwrLM4IKEBKf_Sxh8G3viHHo5UFb4a39GGFsDZe1HrD4B-3ON8T3t9QcHAIVgeQ,Keith Ferguson,https://play-lh.googleusercontent.com/a-/AOh14GirruivFY2-2X-xZRxcRTI8grG6VpmaSHkDPS79,Always the best from rotounderworld,5,0,1.2,2020-06-02 10:19:18,,
gp:AOqpTOEQs_vrWj2m5RoRGBLxt9nUh39YGhYu2zxK6j5PMfT506XgqC6nDIULniWK4KYAou6HKqB-EXLcYB8G3g,Nick Dudley,https://play-lh.googleusercontent.com/-qiEyU-EhtDU/AAAAAAAAAAI/AAAAAAAAAAA/AMZuucnM4S15o5opoOknxONbPwLCJfMHhw/photo.jpg,"If you play dynasty, you will want this app.",5,0,1.2,2020-06-02 05:29:37,,
gp:AOqpTOH6Tmq1O2jkc8A1z6mwn_4L7kIOkRQvV5C5o2-tFaPBSHB_pVsczehaWiMfTet-W_5Kh7gptoV0iU3SBg,Allen Kennedy,https://play-lh.googleusercontent.com/a-/AOh14GipXWE0zHetAXgs7l4a3YHq2KOEdQ6KplJoC9-C,Best Dyno app. Thnx Mansion!,5,0,1.2,2020-06-01 20:38:14,,
gp:AOqpTOFeFxFf_FyJ3OHpqIsKILSfGmki_IGOs8sHtGHQk_-u1DIgddWpQrvbvpRGI5ED6XgqnuPKDF8tzHx_Nw,max b,https://play-lh.googleusercontent.com/a-/AOh14GijRteWLzk2z13cd_PsMxq5MtP-4xbvA-gN8eDGAg,i like it. lots of options. i use it with every trade because i like to win,5,0,1.2,2020-06-01 19:49:42,,
gp:AOqpTOFieRE9SPKuGo5Di9dxVrRcGxULfFyjDzhhTcwELGzQadeGHmASUl9AKEBQznTvsRSZXqfbjyJlT2unpg,Caleb Koppelmeyer,https://play-lh.googleusercontent.com/a-/AOh14GjYu24uk79BX98wCI1T87e6vdWqwQC52DiuHKJ1jQ,Love the job you've down putting this together with limited resources. Use the app all the time for dynasty and while everything can use improvements this is pretty damn solid and better than most tools out there in my opinion.,5,0,1.2,2020-06-01 17:34:04,,
gp:AOqpTOHmRlsiEm2zkeWw_t0_WNH4zw09SOdfg27rW5WSpYcyFveH9b-SiBuTM2omBL0TNhgp96egaDIqPHnsvA,Casey Johnson,https://play-lh.googleusercontent.com/a-/AOh14GiC9fjNZ_MYGF0rqK6d56mUB60lfmAED4nIVcY-7Q,The most Superior source of information for dynasty fantasy football there is. Hands down. On their own tier.,5,0,1.2,2020-06-01 15:29:35,,
gp:AOqpTOFOyiqMqnRcmaitYBgDrRJ4QHB-blNciRGOCc8RChbNU_dONpjZY9CSlICAsLUz31JmotogF9N084rsjg,Marvin Camper,https://play-lh.googleusercontent.com/-YrGsEmwoORI/AAAAAAAAAAI/AAAAAAAAAAA/AMZuuck7nJkuBhU8AU_TZlmaYWEBvEivOQ/photo.jpg,LOVE IT,5,0,,2020-06-01 14:55:53,,
gp:AOqpTOHmlmBGYw8Y17iMw4dy9xqkeyIqbncUL5SorjNiezpqb4ZxdGfLoHmLhB9_iwSzcZzjcxoE2Att1oKp3g,Mindaugas Bertys,https://play-lh.googleusercontent.com/a-/AOh14GhMs7fqPKNNUOZJ2rHxOI89EX2CQP51FUAsDchrXxc,Wonderful app! The additional cost for extra features is justified and worth it. Great for trades and quick lookups.,5,0,1.2,2020-06-01 14:39:56,,
gp:AOqpTOEKVMKKiot_CpbJl1CaEGXnA0VyTk_ot-K3u29QdhgHfsBjEyukyRmwgU3s5txm2hfqp1b2XeNx3xgliA,Christopher Lee Gallant,https://play-lh.googleusercontent.com/a-/AOh14GiitQOuoo9dTlTqHnc8cCjIPs8sHwTASQ-xAq2Irg,Incredibly useful app. The trade evaluator is THE industry standard. Well made and very easy to use. Best dynasty app available.,5,0,1.2,2020-06-01 14:39:52,,
gp:AOqpTOGcgk9J8Ttscgkn4HAvYtD8FOXPNYlpeKpKOIkX5sh2o1kPWJb2nz8gwz_0Ux5bjW2hTdDkuXdIFIep9Q,Brent Collinson,https://play-lh.googleusercontent.com/-jJ246rhdc_I/AAAAAAAAAAI/AAAAAAAAAAA/AMZuuckng4DR8HMk9vhTaN51sfGys9C40Q/photo.jpg,"Great app, even before the update. ;)",5,0,1.2,2020-06-01 14:38:14,,
gp:AOqpTOG8I8JvFyQX8VqRJ1OV4DPpSCGunPTMjc26BpPMvu6Vc9aG4Go-038pqCHYA0puPO7cmQt0djkFTS2dKw,Michael Kuty,https://play-lh.googleusercontent.com/a-/AOh14GirrmfjP-VwAeeKZayNNnCPOmTXGo-x9pm4NpR5jg,So worth the money! The Trade Calculator alone has helped me ensure I wind up on the winning end of any and every deal I make now. The Price Check feature is one I use a lot to see who is rising and who is falling in the high stakes leagues. I use this and the Breakout Finder app all the time and can't wait for the season to start so I can stomp all my leaguemates!,5,3,1.2,2020-06-01 11:21:21,,
gp:AOqpTOEAVhA8SqduBtOI_3Px7FDsIfc3UlCA6QC09o72ZQdb7rZ2wBOxttJK8mto2HJJBNkybsj4GkfEDXjTYg,Zane K,https://play-lh.googleusercontent.com/a-/AOh14Gi6VT9mrvBRSLjoicvBf37dZoEmrDIqPGwMdd_E9A,"Ive seen the one and two reviews and let me say please stop it. These guys produce the best dynasty content and show in the business. Also, all other ""dynasty apps"" are complete trash and are not apps at all. Do your research, use the tools and data and find out for yourself.",5,0,1.2,2020-05-31 09:56:57,,
gp:AOqpTOHARF7w8vLwU9Ioy9VL-foWsljut-bulkSelw1PZys6yA4W67a6mFzLeQFwVJYPIGFasRfM2UqOp_FGbg,Pedro Sg,https://play-lh.googleusercontent.com/-9paMIXiDoZ0/AAAAAAAAAAI/AAAAAAAAAAA/AMZuucmG9T3DxWQ2RavnpJA5cwuSrrUwLQ/photo.jpg,"Going to start my 2nd season with DDominator App. I've crushed all the deals I've done so far. If it only had that feature, it would still be cheap. Matt Kelly is a dick but he knows his stuff.",5,0,1.2,2020-05-28 11:32:16,,
gp:AOqpTOEtjxcDEBOml_HDIHqWrNadEJyzaPW-5CuIGcOSPjKO9SOOVk7m9AgkTa88ANxiHQY9vrpE7JULQe-RGQ,Luke Madden,https://play-lh.googleusercontent.com/-pH7PXCoqkUE/AAAAAAAAAAI/AAAAAAAAAAA/AMZuucktev7978Fnc_5f2FyxOjFqpe9JHQ/photo.jpg,My biggest issue with the app is that GOOGLE HASN'T ALLOWED THE FKN UPDATE!,5,0,1.2,2020-05-27 20:17:13,,
gp:AOqpTOH8gxhBTPL9Ny-N-MgNamSUM_QFjKFqKFGlKddZdaqYOYZg4zX1YI9UZCnJNOFeXqcL5rcExT4LfAKVjw,Nick Feipel,https://play-lh.googleusercontent.com/-dSx5rZ5Yk58/AAAAAAAAAAI/AAAAAAAAAAA/AMZuucnd-W-DVpjqU9Asu9WUwTyy1Vl74w/photo.jpg,"This app is essential if you want to start making sense of dynasty football. If you pair this app with listening to Matt Kelley and Nate Lissanski on the RotoUnderworld Bobcast, you will find success, fun and domination within dynasty league football.",5,0,1.2,2020-05-27 17:23:11,,
gp:AOqpTOGJJSXknZY__MuPVHWPa9A8DBdd_Od8WiXnDy1kTHnEXv3bpVzQ5Ev9flsObir9co08WQ8YA_i1Rac2Mg,Jordan Rammel,https://play-lh.googleusercontent.com/a-/AOh14Gik9xp6v-pXaVVaHI9-wNrCWI4ZJtaUNaKTo1UBzjw,They put a lot of effort into the app and the content is top notch.,5,0,1.2,2020-05-27 13:57:42,,
gp:AOqpTOFY9rQYoxu43rvK3N2AxhDf5lPKyku9RALgxDMNouyOS_72mQ-xieoMbOUy-8G8r6voi9oNDTKbsA_skg,Adam Beebe,https://play-lh.googleusercontent.com/a-/AOh14GhIgYTJhF_MoFrSXocfs0IB_6qRcDdCmMAGJ1c,Love this app. Get to know your favorite players better,5,0,1.2,2020-05-27 11:51:49,,
gp:AOqpTOE3_QTJR5Ki7v5ZjRuP-6SfEz0QnHSOqjpahKzVD6S1jG8JF-5r8y6n2A6oySNThzI70sefvWdT64vRMQ,Shawn Bensen,https://play-lh.googleusercontent.com/-K4mQglEwaMU/AAAAAAAAAAI/AAAAAAAAAAA/AMZuuckxXxYe7s0JI_D_vDFMaZ1aGoYOCQ/photo.jpg,Great value calculator,5,0,1.2,2020-05-27 11:46:01,,
gp:AOqpTOGkzkNHEJeNhahIas3QaVOuhdmHT-pjE6QS5YQJWQiRLZM4Ns1gR8M2u5fCKYHu0EPhdfL_zhrxpsqvbA,Mike Russill,https://play-lh.googleusercontent.com/-cJ0CujgZGgM/AAAAAAAAAAI/AAAAAAAAAAA/AMZuucnIcuXEsZ2Ob0VxX57b14Y93lS59w/photo.jpg,"I use this app for all my trades. I am in more than 40 dynasty leagues and use this app for all my trades valuation. I use it to break ties, determine if my valuations are on point. There is no doubt, this is by far the best dynasty app, and best tool. I have won numerous trades and this app has helped my teams. Love it for rookies and draft pick valuations. It's an absolute must. I am happy to support this team and will be a lifetime customer.",5,4,1.2,2020-05-27 09:24:11,,
gp:AOqpTOFGTwRw_Th1mg1b5BFFS0thr1wPBGF_lurwLER74nItjcSlK4rS1Fxz2W62WGawTvadZrMO3NC1UqfsvA,Chris Witbrodt,https://play-lh.googleusercontent.com/a-/AOh14GjjonRj2R6PSAovaIOIzG8hOQKz0Et5lDrUS6ABJw,"Such a good dynasty tool. $5 is amazingly fair, if not down right cheap. Best dynasty trade app, player profiles, compare players and prospects in both dynasty and seasonal.",5,0,1.2,2020-05-27 04:56:06,,
gp:AOqpTOHkSz-2cTJduBHucVQfwonaHdPFqpcb73L10TfJgVIQSmtsw3as7KmyNZEsZT1eJk8YzFdRdqDJ7rYzxw,Greg Fisher,https://play-lh.googleusercontent.com/-Er1S5l1hvHw/AAAAAAAAAAI/AAAAAAAAAAA/AMZuucl2hcslFNd-cCUcK43IQCofvTrIcQ/photo.jpg,"App is so good. I use this tool constantly. So cheap for the amount you get out of it. Stop being cheap, $5 updates are nothing compared to it helping win your league year after year after year after.....",5,0,1.2,2020-05-27 04:16:41,,
gp:AOqpTOGpkcwsFwhWkPzJwAz7fjntg08CuZBV38CSBLHFI07o0i63YU7vFOiXVdcG6qRcpCJaL1YeujxnDY_Nlg,Dalton Denny,https://play-lh.googleusercontent.com/a-/AOh14Givl0Qxm4SZwOc5dl7QYGaw_asBNuDDdbCFILFqPw,Great app! Player comparison tool is clean and easy to use. Trade analyzer is an awesome tool that removes the guesswork using real analytics. Can't help but appreciate all the unseen details that goes into making the tools within the app possible. Would recommend for sure- you won't get anywhere near the amount of content for such a small investment.,5,6,1.2,2020-05-27 02:50:36,,
gp:AOqpTOH7Y0fJzZ8PU--xbJYLfLAQ1-aowbFclLJh8iySer90xo_wsUxesu55Tz33bCnRRvUBrp9ORZ3buk6zVA,jacob setzer,https://play-lh.googleusercontent.com/-OjCEtQ7PbGM/AAAAAAAAAAI/AAAAAAAAAAA/AMZuucknHXSL8lOrJPsJVpVMpwtreUIO7A/photo.jpg,"Great app, best trade values on the market",5,1,1.2,2020-05-26 16:05:38,,
gp:AOqpTOFaMQhMCZd6MNDU9OuFI67NEGiXNt4d6RVf_e1qTfvVRP_qQQLlvOKuwrHusnbihN59K4NV7lIin_c4Og,John Simpson,https://play-lh.googleusercontent.com/-QM8i7IfsXuI/AAAAAAAAAAI/AAAAAAAAAAA/AMZuuckfPAb0H9crnTS8rCJa4fHN_SgAVw/photo.jpg,"I have the advantage now. I use dynasty trade calculator to see what the average dynasty player will think, and I use this app to create the advantage.",5,1,1.2,2020-05-26 13:07:51,,
gp:AOqpTOH7bdPlykwTbTHe-QXKAA6JuIUDPRv1FErkxwmJk0uk0Sw5tIdjRtNzhiMzJ8WXNpT8FwUtAaQTkzErDg,Matthew Dwyer,https://play-lh.googleusercontent.com/a-/AOh14GgY0tteYKIcYLTo7PIKpUs4XTXc_XsEpqRKyK1z,If you play fantasy football and don't use this app you are only hurting yourself. The trade calc alone should sell you but a player comp tool as well? Too good. Podfather knocked this one out of the park.,5,1,1.2,2020-05-26 11:13:27,,
gp:AOqpTOHmSLjElBFRYf_vdulr703DZUj1-BJcPGcVXGvNwnPZf9lbu_paLtTy7c3nYM5GXBZTF8MeeBjAe3hFOw,Corey Bullock,https://play-lh.googleusercontent.com/-anyv5E3SHoo/AAAAAAAAAAI/AAAAAAAAAAA/AMZuuclYuUzZwqbrNeJUMI1-TdM9RP9Xxg/photo.jpg,"It looks so slick. I agree with almost all of the evaluations but I mostly use it as a ""sanity check"" while proposing or accepting trades. The lifetime value and player comparison tools are super useful as well. Great app.",5,2,1.2,2020-05-26 10:20:59,,
gp:AOqpTOEeTIt6qOIODDhSUREsCaC56uEt3h9i6LNrpSvJ1duzreFlmWS9CQXr-7mA4OxtgCKmCuVbV0KsfubLcg,Aaron Cooper,https://play-lh.googleusercontent.com/a-/AOh14Gi2aQ7JgfAeIJcqXbOrlLQjzEa2cUZLXrrCWFfvEw,Awesome app. I use it for every trade I make.,5,1,1.2,2020-05-26 07:46:12,,
gp:AOqpTOFaqprMOCC-x7Kzajm4Rv3mEAYLRqn4DMnzVPqdLRyo_2za481rkvOLkhRhAkJ8FRzbDgp4ltbigyNvFQ,Sam Shjerven,https://play-lh.googleusercontent.com/a-/AOh14Ghv5F8k797ZJg3Mu5i0laUmwkwjyYsYeg2ebakUOw,"Took over my first dynasty team (orphan) and made some moves, going to be using this to help during the rookie draft.",5,1,1.2,2020-05-26 07:44:29,,
gp:AOqpTOFXFsOCyQROo5uORAg3Y_w6M4uA6tPfDhGiHY0OoFAKTY9wdk-vBoOriSwH9OFjJBnhTtMzAL36JFbvKg,Lee Schwartz,https://play-lh.googleusercontent.com/a-/AOh14GiEuxZNexR2SJPslYyBFRfMuLn39yAPqV-gzQUaRQ,"Great app. Matt and Nate, keep up the great work!",5,1,1.2,2020-05-26 06:52:29,,
gp:AOqpTOGRSInU_AkRs2cq47UB_Dxcl6oyID76mtDgTJXWZyG-AlIf3m4bSDaX4Dln3URVIjlqYgoOOjqcTfLT9Q,Joe Hall,https://play-lh.googleusercontent.com/a-/AOh14Gh7okRQ30Ij_J5bpbhvNfzDJMWpF8eSraT7itA0Ww,Great tool for Dynasty,5,1,1.2,2020-05-26 00:12:03,,
gp:AOqpTOH_p5hh0fU25nIhLOh10mgxTTYDRGCdztoH_VCKhYdlTzh8CVEtsEI5wxL82V8_BeWXYxYSSLN1ZxeNIg,Daniel Moore,https://play-lh.googleusercontent.com/-lYOrzbeJ7vk/AAAAAAAAAAI/AAAAAAAAAAA/AMZuuckudeanfLJQVAHv0eFgtOnJnTcgQA/photo.jpg,Great for the hardcore players,5,1,1.2,2020-05-25 23:20:48,,
gp:AOqpTOFVpF8IkvXHQMhjgUBSi1vWArKcQz8Oc4U9Iw-ziBBX8mw1ijyayLGIydv3EUH8jE0DB5FtVvBHa2iurg,Shane Hibbard,https://play-lh.googleusercontent.com/-yQSVovnTohs/AAAAAAAAAAI/AAAAAAAAAAA/AMZuucnPG7Izl1JYg2PyCVrIWVObuo643Q/photo.jpg,"Great app, worth it! As is listening to the RotoUnderworld podcast",5,1,1.2,2020-05-25 19:01:40,,
gp:AOqpTOGBLMklhu1bmgor8jgAZYqJYIZEIIodkU-CVFUWafUk0umpJGL4Hjy-M4jv7qecYeHrMTyNHHx5UKU6ig,530dynasty1,https://play-lh.googleusercontent.com/a-/AOh14GhuMijPl74xXrmhsVdSNMVTuOXZ9vJL5Uvtw72olA,App is one of a kind. Sharp to look at and a slick interface.,5,1,1.2,2020-05-25 18:35:08,,
gp:AOqpTOEzqzxixSYYjqVQUQtq4MbW6UudMEI0hrvSDH5F81we5gQzgZP4Mhav8qe6zMtr_qAZNfvDaUR1fWlnJQ,Michael Chrystal,https://play-lh.googleusercontent.com/-HrXsIT5hNe4/AAAAAAAAAAI/AAAAAAAAAAA/AMZuucmhXh3rK3uv9tEbibyULB3nM3-DeQ/photo.jpg,Love it. One of a kind. If only Google Play would get their heads out their asses and approve the new update my life would be complete.,5,1,1.2,2020-05-25 18:05:17,,
gp:AOqpTOHY-_-n1s8RQJoVZd8o7QQi8Q-sZBl8W6KQxityEsP5gURySbUHI9fviplvW2ZzrndnHK0k5IeOBLVKXg,Michael Williams,https://play-lh.googleusercontent.com/-HtgeMw_nuFU/AAAAAAAAAAI/AAAAAAAAAAA/AMZuucm0W1A2HwEdYHQK_IaAF9Ae4SLdeg/photo.jpg,This is the BFG of Trade Calculators. Buzzards are week AF.,5,1,1.2,2020-05-25 15:10:55,,
gp:AOqpTOEbX5WbXaFXY4L9URZB6TukC9SBF_SAhrQX52Bv7Sgak7vKAzrpLBq00Cw0s5MlrcUs5zox1ju234xORg,Noe Arellano,https://play-lh.googleusercontent.com/a-/AOh14GiOcu59WwqaDMzBf4RXVsHpd62hVZBnxu-yq5KIjw,Fantastic app,5,1,1.2,2020-05-25 14:59:04,,
gp:AOqpTOHlnRAc5m6jC4NojrnZLzwaIpzzXzlmQHuElovW8ShMM1iYomVkWb7DFh4MoMJMNpjTX4rBMk4Xavg3Yg,Mr Perfect,https://play-lh.googleusercontent.com/a-/AOh14Gj-oDg4RkV6x_T2H168vZBRKdeME3Kr7pLRI-HKMA,"I've been using this app for over a year and am extremely happy with it! Being able to accurately diagnose trades, comparisons, player values, all while being able to use different league settings makes this a no brainer. Get an edge, utilize this app!",5,1,1.2,2020-05-25 12:05:40,,
gp:AOqpTOErRZowKV98PhUdTxbSYqYKfm1M13YdnQw5GAX9nZAxP0lS9xoO3T30KJttRsh6Vb-BlkxQKpUkmffMXA,Josh Seymour,https://play-lh.googleusercontent.com/-OclP5nAjk3Y/AAAAAAAAAAI/AAAAAAAAAAA/AMZuucnTw3zw-zKKhl6nXJzXVuoez2lzKA/photo.jpg,"I listen to an absurd amount of fantasy football podcasts, and my favorite host is the Podfather because he excels at producing high-quality, entertaining podcasts that deliver accurate fantasy football analysis; the Dynasty Dominator is another high quality product from RotoUnderworld. My dynasty strategies and player values often align with the Podfather's, so it's nice to have this app to quickly check lifetime player values and analyze trades.",5,1,1.2,2020-05-25 11:39:19,,
gp:AOqpTOHM1nxbIzCdim7cXfQTtRM5WiR6MJW_ix-XGS1FgWGQofrT7-rxQVuF4ZnyYTO2CRS-8n_WuP8Ltl1QAw,Jim McNamee,https://play-lh.googleusercontent.com/-svFGiORZ3aY/AAAAAAAAAAI/AAAAAAAAAAA/AMZuuckvoPrVDCagtbbPnsqEoW8QTuVW_A/photo.jpg,Love the app and love the website,5,1,1.2,2020-05-25 11:13:48,,
gp:AOqpTOELtP1WZ7O4POxoUnsCze3yu2X0ung6hMiPmIoFgrvkHhDFw8ZbzHDXLOL6ZOxugBjpg8Qm5ksqBxDIfw,zech hawkins,https://play-lh.googleusercontent.com/-sVXRl5pPpJc/AAAAAAAAAAI/AAAAAAAAAAA/AMZuucmkefFo4J7xi0Ql5qKQi98TZ1VO2Q/photo.jpg,Awesome detailed information for the serious fantasy footballer,5,1,1.2,2020-05-25 10:47:14,,
gp:AOqpTOGd8mNQBRKOczV-5YXe5ZjgyiH3zZVDk3zqTIAO1xgfWzV8_yCNAUzGls1fjYQGYj-w7rl9ZmFqW9m0Xg,Chance Anderson,https://play-lh.googleusercontent.com/a-/AOh14GgeRaE24cS89kTGfAmaAdM_-ji0LovVUWKQpV2u-g,"The app creators care about the product, read reviews, continually improve the information in the app and the UX.",5,1,1.2,2020-05-25 08:47:23,,
gp:AOqpTOHgQMu3KUo0Df52V0emco2ig9j4oxN9QwhDBNNsW9lNINFAya1WIWsoPaUDytr5CDTysbYlc_v1nvi-cw,Eric Steffes,https://play-lh.googleusercontent.com/-sMyKEz84Uwc/AAAAAAAAAAI/AAAAAAAAAAA/AMZuuck3zOJ3NYRS7ztIx28CTAL-o7mlrA/photo.jpg,Damn good app considering it was concocted by a handful of people and spearheaded by a maniacal lunatic who just happens to be quite sensible when it comes to Fantasy Football.. same guys have a wildly entertaining RotoUnderworld podcast (also Matt Kelley looks like a young Joe Pesci),5,1,1.2,2020-05-25 08:22:03,,
gp:AOqpTOEszhr5JNUNlU0nWv938GyqHIVMusHahuUoAqFdN9Xeq496jI-XSkk4ZZPVE8_00US5C9S70W8wN5JrLw,Kirito HT,https://play-lh.googleusercontent.com/-dYQjxCevZFg/AAAAAAAAAAI/AAAAAAAAAAA/AMZuuclQDHerRIKvWUG8qdtPGaKnSN_lZg/photo.jpg,Great resource for dynasty trading and value checking.,5,1,1.2,2020-05-25 08:01:40,,
gp:AOqpTOHxYjtO-T6MF64LhczZhxHModQ4tyqkove8wNI2mVufNNDiYkrezbPFfp-v_P_9VjCzp-6TowFmhS2fgg,Rick S,https://play-lh.googleusercontent.com/-oRom1LHBoCk/AAAAAAAAAAI/AAAAAAAAAAA/AMZuuckr2mPwENB_aE3jJLejNFxMPB_Juw/photo.jpg,"Great app, all the nerdy stats you could ask for",5,1,1.2,2020-05-25 07:46:53,,
gp:AOqpTOEV10_9XnC7YpjiUqnO6su6uqxu9l5Q-aHL51H45nOltjEznolJjejV9soewAQGSqNI17PfKHYpDbMfrw,Chris Danzberger,https://play-lh.googleusercontent.com/a-/AOh14GgyBRYxKiy-5dLbuKllbq67I77srPux4FN8Fy97_Q,"Love the app. Understand that any time you are paying for a trade calculator you are paying for a select group of Fantasy Football analyst' belief on players and positional values. So when you buy dynasty dominator, you should also be buying into Rotounderworld's rankings and try to listen to the podcast so you understand how they value players. Otherwise, you're just a blind fantasy pig finding fantasy acorns because Matt Kelley is placing them right in front of you thanks to this app.",5,3,1.2,2020-05-25 04:21:56,,
gp:AOqpTOGvGkyG9uuP7NDlwl5_7p5vFFqbwe1QtWC-zXAA1SmeqqM2xvf2mtWpHz6drX-BSTQPBWoMHafLI7C4jw,Shawn Putnam,https://play-lh.googleusercontent.com/a-/AOh14Gj0lqCjyMNxUk8f0a_LWdSeYE1et2hOznEqfTdZ1Q,Best dynasty app in the game. Great visual tool to show fools who think James Glass Conner are worth a top 5 dynasty pick,5,1,1.2,2020-05-24 11:49:34,,
gp:AOqpTOEowXTfnJDMnxgSD2i0vq1OWAFX2q2sEf_tgLJumB1BYredd92M57wZyOEBZ5PXBcljN_4tsYv78riqNA,Gabriel Rios,https://play-lh.googleusercontent.com/-9JLP9guUOdw/AAAAAAAAAAI/AAAAAAAAAAA/AMZuucmAIILPynYniGg9dc6AS5jGAEdHxQ/photo.jpg,Best dynasty app!!!!!! Never gonna get stiffed in a trade. Dynasty lifetime values are always updated and accurate. Highly recommend,5,1,1.2,2020-05-23 21:47:57,,
gp:AOqpTOFULUIyHBLdr7d_qNDlpu5NDbploHu6DziplUehOmzQ9cAqD4LHCap-nv-aifcO-VwAoIzZHcpLlcEM_g,Will Jackson,https://play-lh.googleusercontent.com/a-/AOh14GiBUkxYbAsOsixunixlnf0K3gsRwFsSEp3HC1KUiA,Love the app! Works great,5,1,1.2,2020-05-23 20:26:38,,
gp:AOqpTOEs2rlwOR00q4XuJPCuD7hbEhj1ZsqTuTdVnVJjeLITyK64PCmBAtURaVDIlTAHlt-ZBTasQ-sbBnOKWQ,J Brian Allen,https://play-lh.googleusercontent.com/-Xvf0SQ7zUFI/AAAAAAAAAAI/AAAAAAAAAAA/AMZuuckw9dgWf42Rk9Q60LFM8ny6cNpuBg/photo.jpg,Best dynasty App on the market.,5,1,1.2,2020-05-23 15:15:02,,
gp:AOqpTOEMZdQCtf6FHQW1sjcB_DxO72d4QEn5UShZj1G63vnYTAmCVEyd1Jsonfpt29mAD-TEYBR5BG_ceXz2HA,Nick Tabs,https://play-lh.googleusercontent.com/-LJuqvDilsKo/AAAAAAAAAAI/AAAAAAAAAAA/AMZuucn8HQLQ7Uw2_ny8JkJ3Hu6Ws7sicA/photo.jpg,"Only app needed to dominate your dynasty league. Sleek, beautiful and easy to use. Highly recommended!!! #morefantasymansionlifestylehacks",5,1,1.2,2020-05-23 15:00:19,,
gp:AOqpTOECXLLzG_uS_cKFJobnEVB4S8Wz4RvsSpvnbTK-CuxMXiyKLRa8nmHUppu3btN5VvrjFnEPIEotB_Qrew,nxlxn,https://play-lh.googleusercontent.com/a-/AOh14GgbayR2EXmEDPHT4frfbS7NSb4haV5rac5uRNbYEDY,The app is just a flat out incredible value. It works flawlessly. The update is great. The cheap add ons are vital and worth it. It's fantastic. Don't hesitate. I use it every week.,5,6,1.2,2020-05-23 12:13:55,,
gp:AOqpTOG3bDyahmRK-IYliiXZLhGoptvQXvGRl9-d4vGiqi-cRVMaxYzcjRky-nVOc60AmiEm360uu_1edkcang,Benjamin Cottam,https://play-lh.googleusercontent.com/-jkPGNBQC50k/AAAAAAAAAAI/AAAAAAAAAAA/AMZuuck9ICr9zLzNJ-mrhOPD0_eH-yAGcQ/photo.jpg,"It's a great app, just a complete scam to make you have to pay again for 2020 rookies. They should tell you this up front.",1,0,1.2,2020-05-23 02:10:14,,
gp:AOqpTOEst5uXPsSMztzMZ01nxLAFMnffLLS_pNhgZVI9N9iyRvhR5kpAFgFsRDJcD1dN9iWWmXn8J9O8wvoabg,Randy Page,https://play-lh.googleusercontent.com/-zFGu0n14G5c/AAAAAAAAAAI/AAAAAAAAAAA/AMZuucnBOmfMzqWDQi7AZZJMmFA3SoTtIg/photo.jpg,I hated on it at first but realized the potential you gotta play to play,5,2,1.2,2020-05-21 07:33:35,,
gp:AOqpTOHR1UWaVi-ZR-PXM9m_rVSl59M7B6slSj-MsPzKGebBGZQJqmhGjkd1QiayP1_SgExf1ve6lAOlrsfsXA,Victor Porter,https://play-lh.googleusercontent.com/a-/AOh14GhdQ8iz5AG_IgnMI99m-HgJevlO4Fx9Na32sQU12A,Greatest app ever!!! Thank you to the best in the business and the rest of the crew that work so hard to make this a 10 star app!,5,2,1.2,2020-05-21 03:07:55,,
gp:AOqpTOF1vrBnppoeBaaQR7Wmz3YYlqxa-2Xrnr24yp8ZxOdCCibPwclRZTHtWuRUDJa8BCinwc7Exoc0heX6DQ,Colby Simonis,https://play-lh.googleusercontent.com/-1TKQqGSZCeM/AAAAAAAAAAI/AAAAAAAAAAA/AMZuuckM8YQ-7tEiuPYSXImCm2LjbGLKGg/photo.jpg,Brilliant app for all fantasy football leagues. The player comparison and trade evaluators for helped me better appreciate player values. This product along with the breakout finder and roto underworld have changed the way I view drafting.,5,1,1.2,2020-05-17 05:58:09,,
gp:AOqpTOFkHpTGp15C1-ZT0xk1MydnNkH51Wu6bUYOse7hLQo6DOVlVLteC2KCyyVhH4LTAQsljFmMrndqnC-Bsg,Kenik Hassel,https://play-lh.googleusercontent.com/-cPAEN7xx3KU/AAAAAAAAAAI/AAAAAAAAAAA/AMZuucnjoOABza2HDY-6mboQZCahx8A-vQ/photo.jpg,"Ugh, bought this app and am now getting gouged for 2QB data and 2020 rookies??? REFUND.",2,0,1.2,2020-05-16 21:22:57,,
gp:AOqpTOGAyTm3VgVBgf4kpfJy-la1nEjIP0unuk8FXAOKLKEV9AHggI0X2j-Q2UXP57myxVJ-Q-y8Zrc7BE6YTQ,Erik Shay,https://play-lh.googleusercontent.com/a-/AOh14GiZQVevNjsrBSwp2EO3KhuVfMw3byy0OwbDm31A8g,The Podfather kills it again!,5,1,1.2,2020-05-15 11:57:13,,
gp:AOqpTOF0rw-0OskTyhoGcBgyWgYvCaY5Iz86s9OidVjUBnBTtHTStBSjU4VxnuvQ9OVmAQbI4uKtm_Dqb7X2VA,Christopher Poller,https://play-lh.googleusercontent.com/a-/AOh14Gh3ajepzoG-AQRIK40DEHL7cTAx25QeFeom0yxp,Have to pay for Rookies? WTH. $5 for the App and then another $5 for Rookie info and $5 for superflex rankings and $5 for TE premium. Seems a bit much.,1,0,1.2,2020-05-14 04:43:27,,
gp:AOqpTOH_zBAkoqWcl-YUQq1j3v5TFa5yQxy7TrQttwDeVPXIBoYXJcdUC_YiUBo8f197POIk95DI9KkIjNQgUw,Mr_Joshua R,https://play-lh.googleusercontent.com/a-/AOh14GiPeeeJsrsA5oh7NP859KRVIqrJJmcltlMiBfhf,"I decided to give this a try knowing people in my leagues use it. Went to enter my first trade evaluation, 2020 rookies cost 6.49 to add. SFLEX/2QB option is 6.49 to add. Don't waste your money. For the value, subscribe to DLF and get access to all apps and paid content or try Dynasty Trade Calculator.",1,1,,2020-05-07 08:11:49,,
gp:AOqpTOF3DZHdi613ypQImvoMrvGMqn-elJ3Fkv0I76wMaR96tE4hURnJmOq1GNMyKQ-bzbOlrED1PT8ZWBBdfQ,Joseph Hatchel,https://play-lh.googleusercontent.com/-m4HIy_uUiyY/AAAAAAAAAAI/AAAAAAAAAPI/AMZuucmR7rD2wAbAP-9QBgO5yBtMgvIOOg/photo.jpg,not enough options. in a 2 qb league and cant even put that in as an option. not very good...,5,5,1.2,2020-05-06 07:45:49,,
gp:AOqpTOE_vNAxK9eoPHxkzm-248mE6HV3ukNcQ4XskRgwFL3tZWE3tS_CKp6SFBkBiio4o9h5SOXuHy1pCrZzRw,Tommy Carr,https://play-lh.googleusercontent.com/a-/AOh14GhBebyaJAmKrHrhop38aJCZWLcDLiyfmNANj_ow-BM,2020 rookies are drafted and signed yet not on the app yet? Oh wait that's because you want me to buy your other app that has the rookies on it? That's rude.,1,0,1.2,2020-05-06 06:11:28,,
gp:AOqpTOFf9qZ32h7D4Sst4kgFiJQFENn7tUOTBlyDNsv8c9zTqslDo1xjbZuwxYGG5uy0uArTJa2_8YkM52c7ZA,jeffrey thibodeaux,https://play-lh.googleusercontent.com/-tHXfkZHqGlc/AAAAAAAAAAI/AAAAAAAAAJY/AMZuucnTt7i4wcUb9_zfwBDQ6KP6ORkVOA/photo.jpg,great tool.,5,1,1.2,2020-05-02 16:05:50,,
gp:AOqpTOG-SRsJOToYH0yQDUS0d3nWJigvOlUMnx2hiiYJycZKTLjdnc_-3Pn-UJwsoYLSJz6KY-4bX8QqKn6X_w,ty wilson,https://play-lh.googleusercontent.com/-jACyrlrI_x4/AAAAAAAAAAI/AAAAAAAAAAA/AMZuuclN0Nr6NFM0eR7NTlAA34ZR_R2gSA/photo.jpg,Fantastic app for Fantasy football puts all of the most accurate fantasy information available at the touch of a button.,5,1,1.2,2020-05-01 09:48:10,,
gp:AOqpTOFjY9o7WtcgcO-mSEFn_YiBzeGnUBjFwNXyVwkobeIWcwVXHcf7waGjtRa3JKbAyL4hOu2cEaBXGxTJ7Q,Matt Hancock,https://play-lh.googleusercontent.com/-vJLTWpbqOMo/AAAAAAAAAAI/AAAAAAAAAAA/AMZuucn3gvf2T8HdvKMPdW0nQDsc6YZb5A/photo.jpg,Constantly charges you for additional features like having to upgrade for SF and now pay for rookies. Better calculators out there,1,2,1.2,2020-04-30 05:42:36,,
gp:AOqpTOH4Y8eP46uqvxlVL5iKkC5NeB6t2-lkwFgNbN8zS30bsRE_g9VahUj7IgwRJsdv5X-QWiDrzNEXAXok5Q,Gabram Burgert,https://play-lh.googleusercontent.com/-DimhiGYFoRg/AAAAAAAAAAI/AAAAAAAAAAA/AMZuucnkFJjnLuYsayRyADKRvS1GfyVbug/photo.jpg,It's a decent resource but you have to shell out another $5 for the next draft class which is ridiculous when I purchased the app in the off-season.,2,2,1.2,2020-04-30 03:27:40,,
gp:AOqpTOFrhTliJ6XtmsHoGdkCKMo0uSabAr-_eWWOZfngOpOVgTx5m8zfPuS7zte1zuSYW9eyRATP9l5F-s-HLg,joshua mcfadden,https://play-lh.googleusercontent.com/-QwQL1_ROg4o/AAAAAAAAAAI/AAAAAAAAAAA/AMZuucmB2zjEOzeSkuzS393OJTthTWbxIQ/photo.jpg,Additional purchase for superflex option. Another additional purchase for 2020 rookies. Keep adding dollars to personalize the settings to your league. Disappointing!,1,4,1.2,2020-04-27 16:14:59,,
gp:AOqpTOFbhhBh3NzTG-XKSE8Voi9DWOG1vv2eW_sWxLfciBm5TWSqFOTHXUveVqgDZAgbBoIC8jgDqhoi5V9c0g,Evan Ballard,https://play-lh.googleusercontent.com/-uTstdqADRHA/AAAAAAAAAAI/AAAAAAAAAAA/AMZuuckIAQ9wQQYHOtENqiNJLA0z2yE7uQ/photo.jpg,Amazing!,5,1,1.2,2020-04-26 09:53:26,,
gp:AOqpTOH7PdFghKe32pYtaxPVDUvfGsUgS18TDiNirISUtEAcT6sYLbOBxjSk3yo7wkv27JKdc23j9f5TNN0lhw,Scott Auton,https://play-lh.googleusercontent.com/-pQjHMqM4jzo/AAAAAAAAAAI/AAAAAAAAAAA/AMZuucn-BG8oe0umJ5m4AqpOUZoU_NfVwg/photo.jpg,"Use this app everyday, initially bought last year for the trade calculator, but love the player comparison, just spent $5 again this year for the 2020 rookie class and worth every penny. Thanks guys",5,1,1.2,2020-04-25 02:18:53,,
gp:AOqpTOGSqRwQg12htGP2d9AVM6mUBhGJwUsWEHH7vi43VDStX07x2Izd6YrCAsQBGqIw9W6DvH5BhQsNZhL4GQ,Kenneth Tyson,https://play-lh.googleusercontent.com/-QgDpsQXd1Co/AAAAAAAAAAI/AAAAAAAAAAA/AMZuucmhLOLsRe56uG_oxSsf2gLKwC9dEw/photo.jpg,"Great content, excellent functionality, and well supported app. Any dynasty fantasy football enthusiast should use this to supplement any other tools they already use to help them win their leagues.",5,2,1.2,2020-04-23 14:49:26,,
gp:AOqpTOG3PAL_BnwWlK_83HdhdEunAD5qRzYFnIaHfaA9e3JTatU1nkxq8PSeejFyg4Hi5d-RYb93hT_TYJtmwA,Thomas Schuldt,https://play-lh.googleusercontent.com/-w4ICorCWADQ/AAAAAAAAAAI/AAAAAAAAAAA/AMZuuckYO8cLW1uiXtMUl7JQBpSPuS7dDg/photo.jpg,Fantastic app at an excellent price. The Podfather hit the nail on the head and has exceeded my personal expectations for this app. This thing should easily cost 3x what it costs. Guarantee great return on investment for active fantasy footballers out there.,5,1,1.2,2020-04-23 10:38:07,,
gp:AOqpTOFndeXvWw7vGXr9csU6ZGOGM8-JXT_WcaBhPrG8nBlsnimKKvU5Eb_RxcJXjZ0f1T2K3aLiCAIa_w0b-Q,Alex,https://play-lh.googleusercontent.com/a-/AOh14GhH128lVQyyB9pKIw1D-wCyrjrCZhHCZkUA_volBg,Great app!,5,1,1.2,2020-04-22 14:12:10,,
gp:AOqpTOGlqyGABYG0dQxPAirbRBghSFVNqpZWaouJJq0eHHVoa0MSKGku7sADQ6KfaIX_PZiJsfrMPeYuq25RzQ,NM Viking,https://play-lh.googleusercontent.com/a-/AOh14GgDLubNE5-6p9k-pdgci6ob_4OhLySuBFgB5aOutMM,I love this app.,5,1,1.2,2020-04-21 06:30:54,,
gp:AOqpTOFGTgmmVdqm0umLujYGtsYiHrfIUsO_v6koSSzVXlN-fBh48Hv6Z_dowcM7mHD65ogEfqXreM_rRPqkEQ,Logan Ruhde,https://play-lh.googleusercontent.com/-VDAt8FASW3E/AAAAAAAAAAI/AAAAAAAAAAA/AMZuuckRtyVjbNCFc9XprbwmWWO9RWlcjQ/photo.jpg,Matt Kelly is the best analyst out there and damn does he know his stuff!!!!!! Would have paid a lot more than I did for what the app provides!,5,2,1.2,2020-04-20 21:39:57,,
gp:AOqpTOHFjI7Eg6xvwg-JMTJnhiz8Sz4bo4xhCng2JeojtUs9Pm0uIyTYse4LhVd62XRPg3miZRckk58vDnoBAg,Alexander Hinojosa,https://play-lh.googleusercontent.com/a-/AOh14GiVrPdfNxG1eCJDLaHamXt__q4sth0RCFZ2MxZ5,Far and away the best trade evaluator on the market. The Podfather nails it.,5,1,1.2,2020-04-20 12:25:19,,
gp:AOqpTOEGTLDH2suTG1-QRKrZNbNnURCfBNa62ojbuwlqu3JoaosVtR7VlFqozKocevbZpX_9oVMmL2VfsTvj-Q,Garrett Curry,https://play-lh.googleusercontent.com/-K3Y8IkHdSAo/AAAAAAAAAAI/AAAAAAAAAAA/AMZuuck77kpS-ApfPLPnCF4TSekv3dfJKA/photo.jpg,Don't know what I would do without this app!,5,1,1.2,2020-04-20 12:03:57,,
gp:AOqpTOHHK8sIsod3HXqzfcVg3dIJGHVlKOIu6Cs_Azob2Qmauy_3L8nclXjTlV_tzwuFSsno3iIiC4kbQ_cTwA,Johanice S,https://play-lh.googleusercontent.com/a-/AOh14Gj8EtQ99f3Us7FieK114RpGGgCuoXn227N3u19DRA,One of the best in the dynasty fantasy football game! He was given The Podfather moniker for a reason,5,1,1.2,2020-04-20 05:58:33,,
gp:AOqpTOGDnPCo2hV9IBxuTtv3z2Pw4MyxcAr-rZt2Y7Pxr1qxPYW4I6z373KI7WfZ9JPyiuYVuEq5xR3i0etNqA,Dan Buckley,https://play-lh.googleusercontent.com/-a1zO-a4kPVU/AAAAAAAAAAI/AAAAAAAAAAA/AMZuuckC8hsCXVmCydQzJNm_RyIDlHZU5w/photo.jpg,"The app charges $6.50, then another $6.50 if you want superflex, then another $6.50 if you want TE premium, then another $6.50 if you want the rookies imported. Nice app, but tries to hustle you endlessly",1,2,,2020-04-14 19:49:15,,
gp:AOqpTOHopa3jwERZ_mVQH8LFRE-NpSL7iwNkcbjNdXQGso26P5u7kcqETbfvbZQBdC9hEcfdZFZFTXDwQ-wFPw,Zach Barrett,https://play-lh.googleusercontent.com/a-/AOh14Gi4p9-QBoY-EB8IvOuLplX1E1HWwOQB4CI3e3KDBA,"Great tool for dynasty fantasy football players backed by the metrics of player profiler. Unlike the newly released breakout finder app from the same brand, this app is actually a tool, not just a set of metrics packaged into app form. If you sub to player profiler, you know that you can find the value metrics used in this app on the website. You can compare the lifetime value of the players on the website for your trades, but this apps adds the info around pick & open roster value as well.",5,2,1.2,2020-04-06 14:40:55,,
gp:AOqpTOH2yZX7hXe7vSxe8CcMB8W7me2uw2c_YhrZq-cCM4mHlAX1wbj23Vt_xtkworttfyx1izQrziUKmiS7nQ,Terry M,https://play-lh.googleusercontent.com/a-/AOh14GgfH56Y8f2G_5fZzEj4Qn8z48lnh2iIEA7N9uNqqw,"Very nice, looking forward to see where this goes.",5,1,1.2,2020-04-06 11:06:28,,
gp:AOqpTOHOogaQbm17pOKJkPB4Y5MirDVerRsgL2O7msdTGEATs07CZJPFH4P4FZtWbikpRud-dCdDMtVICrJY2A,Marky Marc,https://play-lh.googleusercontent.com/a-/AOh14GiILkpY4X2cd1UfkC7HyLxvZcUIGZU9XLV5HESEuA,"I appreciate the trade calculator. I wish it gave me a breakdown of the values, because in negotiations it helps to know individual values of each piece. You can do this with the price check, but have to leave the trade screen in order to do this. Also, my league has 7 rounds in our rookie draft. 6th and 7th round picks are not an option in the trade calc. Great app interface! With a few tweaks it could be the leading paywall trade calculator out there! In the running with DTC!",3,7,1.2,2020-04-06 08:39:24,,
gp:AOqpTOHaSYYhgi0QBWKVGJFh99xUQ5ZMbvS1DfUrPRUAd8C36kH0RfybS4vNxcjimYCXNQhSUhlSEBlbfO97vQ,Daniel Miller,https://play-lh.googleusercontent.com/a-/AOh14Ghvi9kAtRheM2UwMrYlvt7T84x4jyzO4vkwk3zzeI8,You have to pay AGAIN to access new rookie rankings... They are essentially asking you to pay for the app all over again every year. Would be nice to know up front.,1,4,1.2,2020-03-29 00:21:32,,
gp:AOqpTOFemb2sC6ZTmIqEtI-cK3QsT8I-POBhLWuDNcMiEUD7_YfTo0uy8JnbdvqFq1uQJC0JgUYq4wx5K5-ChQ,Ben Farnsworth,https://play-lh.googleusercontent.com/-iPTxYWbOESI/AAAAAAAAAAI/AAAAAAAAAAA/AMZuucnr-A9qAraqaNv8VYD6FaGHsKACQQ/photo.jpg,This app has a nice simple interface and gets regular updates. Very handy. My chief complaint is that the Price Check section used to default to descending player value starting with the most valuable player. That got totally scrambled in the offseason and now that Price Check feature is not nearly as useful for getting an overview of player valuations. I hope this gets fixed ASAP as it cuts down functionality of the app. I wish we also got an update log to see when a player value was most recently adjusted.,4,4,1.2,2020-03-28 13:28:25,,
gp:AOqpTOHAxxmSSnCDNbuaWJhd1p4sq7zx2gwrR9FMoi-KAs7SET1u8sL6QcPfj5coxcjVxIhSuTpscJSBgnKFFA,The One True Curly,https://play-lh.googleusercontent.com/-Hym5YFKLKiM/AAAAAAAAAAI/AAAAAAAAAAA/AMZuuclMgEuWIqLs-JYG2kVK5_QhQZ8OVQ/photo.jpg,Literally just bought the app and it's already asking to essentially pay the same figure again to access the 2020 rookies... absolute scam. The app is essentially out of date days after purchase unless you buy the thing again. Waste of money.,1,11,1.2,2020-03-04 18:41:03,,
gp:AOqpTOFm3MnvwVR3Ow2qZxWdymneU2NC89BQ1MZ9sDK0nmeKdmh_ckC4KgdH5lVlMlQBUSgZ6Zn3FPGSGe5TLQ,Jordan Marquardt,https://play-lh.googleusercontent.com/-_WF8hUIC8Cg/AAAAAAAAAAI/AAAAAAAAAAA/AMZuucnQLnTYTX8r1n__gy4sy_xT01SHCw/photo.jpg,Must have for anyone in competitive Dynasty leagues or anyone looking for a larger edge in there casual league.,5,1,,2019-11-09 10:07:12,,
gp:AOqpTOHUijOfNnpyBy6T_u1XiOaklTB1ZJEvH0lsLGNo4AaWQvG1tbwaYZlr5g0YZALyYVcep1OK5tgik2AKBA,Skyler Babcock,https://play-lh.googleusercontent.com/a-/AOh14GgwKWAi8y66z_CDV15BCyVyWewkLD5BUhjBFZSICw,No explanation on price value chart and trade analyzer doesnt work. Id like a refund,1,1,1.1,2019-11-09 08:16:45,,
gp:AOqpTOG3UkNA9bb3hd89CqmRXzNkRnOCxSPXRB5kUxygFrAYEv_SokT1zzuXh77TgiPplgZTOJ1724z5JB1P3g,Gregory Cohen,https://play-lh.googleusercontent.com/-lpDme08QQZM/AAAAAAAAAAI/AAAAAAAAAAA/AMZuucnbiJPPoEMd-b3N8CMu7SxmeayU6A/photo.jpg,"Works great, good info",5,1,1.1,2019-11-08 19:11:22,,
gp:AOqpTOEILgztt-8wbi8e4qU6k_e1bkOVrVPYs4Gao9iMnf-jl60uerMZCT9mjBx91HHZ7efVWSzVyBf1o3oLeA,Lonnie Leaman,https://play-lh.googleusercontent.com/-EcG1DzZXgvI/AAAAAAAAAAI/AAAAAAAAAAA/AMZuuckI_E8MA_gu9aeKMnsVbX5q2cXQIQ/photo.jpg,Doesn't even open up. Always closing itself.,1,1,1.1,2019-11-07 20:42:10,,
gp:AOqpTOHzjTjTdwWNhojuI4RqLlvzuKuUOWDA2yNxWcUjKKrSm-SMXrGKLY5p1yl3hIWtRB9_t3Ul2MmSpdvQ5w,Nathan Hayes,https://play-lh.googleusercontent.com/a-/AOh14GgrDmTJUCNLKtN516o5EIZcZNaZPN1R5GOLnU_NXg,"Running the app on a Samsung Galaxy S10e. Sometimes the players won't load after multiple attempts. And a few times the app won't even open. Otherwise, it's a great app when it works.",3,0,1.1,2019-11-07 18:06:37,,
gp:AOqpTOHMwnIq0a6fGkUH_pu9N-8Awzz4GVs4FIN93XY2UkDCLafarwbTSVNPtaoFwBVBnsn1bRHmURA15uqFvw,Michael Whitney,https://play-lh.googleusercontent.com/a-/AOh14GgxpsJlaOyUv3uYxAlOwFd-d4aZpx0_j-ZvrphK,I've downloaded the app twice and it would not open,1,2,,2019-11-07 11:07:51,,
gp:AOqpTOGcSxM3LUEhG34i3ACJLm2EUunNDj7ytypRNVdjOW78CudrAWpjvnWi4z15V9xttNZeX0AjF8G3Ev9QWw,Cody Cratsenburg,https://play-lh.googleusercontent.com/a-/AOh14GilMSsLXv9kfguMswNpMBvbrrXIl1ckbgGnZ--M,Constantly crashing,1,3,1.1,2019-11-06 21:19:47,,
gp:AOqpTOGjIavk3dgBFX-qqNI1t2osUwbr0sLgEp5lq-74Et2Jzd9REtcZQbB7yKl6aQeFb2hgqK162wDTQ6o4xw,Jeffrey Allen,https://play-lh.googleusercontent.com/-t9rS8QF3XzI/AAAAAAAAAAI/AAAAAAAAAAA/AMZuuckEe3OccyKPgm0wV8QqZq41yRiQSA/photo.jpg,The Podfather's frequently updated player lifetime values are an invaluable resource to any dynasty leaguer.,5,2,,2019-11-06 19:35:51,,
gp:AOqpTOHot2n8bpIKbv2s9aA2CZgcYP22ZXqtpGviF5WYay34YbvlR4HA6dioS7_v-6ctHGRAo5j2EYHzW-cMMQ,Neil Patel,https://play-lh.googleusercontent.com/a-/AOh14GgKqJ4kSvYjMKsLQ10r_5inC2PerhZhkGFpiW1v-g,Best way to dominate the uninformed masses. I use it with all my dynasty trades.,5,1,1.1,2019-11-06 19:25:43,,
gp:AOqpTOEYReHD_x5MXqW25mQtf3XiRvpTVFrLLo3JdRHokdCh896-zbv3KJBuz7OJh-MRAUcDK-wQqYo_ysFjwA,jeff Romberger,https://play-lh.googleusercontent.com/-Qa5v23SutqQ/AAAAAAAAAAI/AAAAAAAAAAA/AMZuucnPOlWW7JgeJDn9soRjk33zD9QgHg/photo.jpg,"Good app, pretty accurate values of players. But there are times I load the app and the player list won't populate, thus making it useless until the players decide to load up",4,3,1.1,2019-10-27 08:58:44,,
gp:AOqpTOHfS5jeUQJd6foVpMMd0hMX3_pq3OY1y4_mQ6MCRTOJeNtBdiaXlrhpP4hcQ9WeKOIWgpFTnPwS3VdztQ,Trey Shields,https://play-lh.googleusercontent.com/-7eZi2JSrHXQ/AAAAAAAAAAI/AAAAAAAAAAA/AMZuucn_Qojn2dT_wnwRjObcmSk_vrotgQ/photo.jpg,I love the features but player profiler should be integrated in the app instead of being redirected to the browser. That would be a much smoother experience,4,1,1.1,2019-08-17 09:29:30,,
gp:AOqpTOFBHJU04flIuex531RHihWnEDfElr4u4EmioodG7yFmX7n2WOJMxJd0sznP1pEkOe5MAVAjEVfPHMwLMQ,Leonard Matthews,https://play-lh.googleusercontent.com/-vw8_EvcFqdk/AAAAAAAAAAI/AAAAAAAAAAA/AMZuucl3MEvJFQGq22jqRWBcIYS56jVj8A/photo.jpg,"Calculaor is good, but without a way to look at a list of ADP or sort it to rank rookies only it doesnt work nearly as well as you'd expect for a paid app.",3,5,,2019-06-26 02:59:37,,
gp:AOqpTOGo4NeWG7LhLRQE1xRTBq8r3ut3n77MzXXRukm3yzvMwysnHWQe4z2KNs_aIG86U8zmvpyE-Rebur_FeQ,Dave Lawson,https://play-lh.googleusercontent.com/a-/AOh14GibgGqq6OhV3gYAQ80k3QapgOwNbCvLVZ_sULyQ_wQ,"No way to set # of teams, SF, TE Premium, or IDP. Just useless without that...how is Baker Mayfield worth less than Curtis Samuel in a 2QB League?!?!",1,4,,2019-06-19 21:37:57,,
gp:AOqpTOExuNSYXzsw8bjAm2NH8KSo0fNumjipW2_9zff-HuZzisYc8ATK3ItJ8zOGw6QjDuWVv9v9KW0VyzuRgQ,Ben O,https://play-lh.googleusercontent.com/-EkluA8KCpPY/AAAAAAAAAAI/AAAAAAAAAAA/AMZuucmWH9e8EjMWOU31jbOpPzhWR0iJaw/photo.jpg,I would never tell anyone I know about this app.,5,3,1.1,2019-06-13 17:58:12,,
gp:AOqpTOFKz1VLBUSgU5hvAgX77BgylMuWjsac6NjZjO1Gn1KKsbjHdoL7E16IKTMdfeZDvwvl8VR0at7nuYIwVA,Burt Ridley,https://play-lh.googleusercontent.com/a-/AOh14GgWCrtCxqmpyB6GVtf1z6zmyxCNeNUYFkvpMLVRjw,"Excellent app. The superflex option is a necessity. I know you will get all uppity that we (your customers) have asked for it, but deal with it. 5 star app with superflex. EDIT: 2 QB setting added. Rating raised to 5 star. Screw you for charging $5 for it, but I paid it because it was cheaper than a cup of coffee. You got us good, Podfather. I may have to delay my retirement plans.",5,4,1.1,2019-06-12 05:56:13,,
gp:AOqpTOHkwmlQumZjuV7wao16RyLzQJMJx5yn5G_17kd6ZC6TBMFQ3ZYNNy-MXza6UCJoCSIRpE9dUqRJEywxaA,Gordon Duby,https://play-lh.googleusercontent.com/-WbypoXbIPdE/AAAAAAAAAAI/AAAAAAAAAAA/AMZuucnJf1rkhNexZ5NelQGgdcJaR5n5yg/photo.jpg,"love it,but whem are we getting super flex as a league option",5,2,31,2019-06-07 08:21:47,,
gp:AOqpTOG-7jhQ_RBNMR3r1W2828Jy1H4m46eqPEaj6G3dKQsDe7rppReIJPFpl1NZHGVFgVm8HvP5p3z1-uwCMw,Nehul Patel,https://play-lh.googleusercontent.com/-J7i45k3h-K0/AAAAAAAAAAI/AAAAAAAAAAA/AMZuuclt1OMDL2ojJZExaqK9Jt6rYoH1aw/photo.jpg,"App is terrible! 500 characters is not enough to explain. doesnt define ratings and how they are determined. no easy way to sort/find rookies, sort information, etc.",1,7,31,2019-05-12 05:55:36,,
gp:AOqpTOGpjRVdZDwsxzyRluJkmikdCWpXTO6uDHephwhrVU4J_CgtPy-3YsohupyEgmCXO3O7g8BrhT_kqZc6lQ,Christian Turner,https://play-lh.googleusercontent.com/a-/AOh14GiAICUndoMZqHcal_OVfoPY9VvF7WjFGfE0UBovRN4,"A truly amazing and fluent application that will just keep growing! The best fantasy football application in the market place. The best part about this app, is the fact that Matt Kelly himself is leading the charge. His passion for fantasy football and his community shines through the Dynasty Dominator app.",5,3,31,2019-05-03 22:35:41,,
gp:AOqpTOElXNJY6magif-Kyw1iPWisC8KLw0x7s8KaBvbYq6D4Dr7ZQ1D7sq8Ap2X89vdBYRIU_2olhMJ8BfmRIQ,Warren Hem,https://play-lh.googleusercontent.com/a-/AOh14GgqdHsAujHObqPu1m43U8T-A-sgdNCRmg4cdNQLWQ,"Great app. The trade calculator is the best I've seen and the player value and comparison is nice. Would like for there to be a way to see the ADP all at once rather than having to watch the scroll at the bottom. I'm excited for the Superflex edition and hopefully a way to see all player values in a list format. Overall though, great app and well worth the money",5,8,31,2019-05-02 07:16:29,,
gp:AOqpTOFXvNOUJMmhARY86zYM75tnXLVK-VsafON8l3Q0Z68oys1Kty8GKVOt6QGMWwJmkSy7Z7E60Z-zqpHlSQ,Don Coco,https://play-lh.googleusercontent.com/a-/AOh14Gig3qnEHWgS3Kieg1Y9vYGvVqKDvRxjBM0-e_5u3g,finally a way to help evaluate dynasty trades,5,1,31,2019-04-25 16:15:38,,
gp:AOqpTOG8eQTHNPX5orl7qQ_wVEu9ullXvWTNVSkgfrI5pEgSoHc-8kTjFJh3JLpyrT0fusWYx3j8lWDSfuHbKQ,Alex Owen-Schubnell,https://play-lh.googleusercontent.com/-OYBxmb9Zeew/AAAAAAAAAAI/AAAAAAAAAAA/AMZuuckfYa-lCuFfttV0_oTEV7gfmwpChQ/photo.jpg,Amazing app! Another masterstroke from the genius of Matt Kelley!,5,2,31,2019-04-25 05:34:47,,
gp:AOqpTOGC4j1C7X_3YHnSQXJBjpNt92m1aw0zUvDsbprxwaNmDjtlEIHnRMHuDSG13rme49BBzQVtz6jmjD_9ag,Michael Snow,https://play-lh.googleusercontent.com/-6_Ew6gmF5BU/AAAAAAAAAAI/AAAAAAAAAAA/AMZuucmxfFIwXGBN-KX4Xk4Ntlo4QqZjeg/photo.jpg,"Really Great, be even better if you could convert draft picks to rookie dollars and add player contract price and cap limits, as in our league these variables impact the value of the trade, also need to add defensive players for completeness",4,1,31,2019-04-23 12:11:05,,
gp:AOqpTOEUpz8gz0fpss-5H3czbOjlOLnrqY6BCUHainF3ZNTR_qxIphktOR54OEBeVILmNB4YI6vPpsIr1AR6JA,Michael Runge,https://play-lh.googleusercontent.com/a-/AOh14GgBIJz7s_2dbsN_2ZxP2SRpCj-pBLnPMdfp_keJpQ,"The app is decent. Lacks a few features though that should be upcoming in future updates. Hopefully the creator doesn't charge extra for things like Superflex, but I""m not optimistic about that. If he doesn't charge an extra $5, this app goes to 5-star immediately upon the release of Superflex update.",4,3,31,2019-04-23 08:37:10,,
gp:AOqpTOHDNZwBb1UxZciNykvO2-30txgmM59bS_E_rz9boLMJnKvlKtqL1Icr9bUOEvm-aYWlHGIjW_avLd1AHQ,brian farr,https://play-lh.googleusercontent.com/-3f7JQuXxlmg/AAAAAAAAAAI/AAAAAAAAAAA/AMZuuclnjXSTWspAwL6EYUmoI__JUTGvXg/photo.jpg,been waiting for this style of football app forever!,5,1,31,2019-04-22 08:38:57,,
gp:AOqpTOFCiRxESzUjiBOxukF3HVtiXlPQidIAJNhLpAnC7c1Ak-4xGZ_DwIjkK0JPVRotw5cMOdHkIlxL1eaQMQ,Joseph Paeno,https://play-lh.googleusercontent.com/-e-OXktYDBYk/AAAAAAAAAAI/AAAAAAAASuA/AMZuuclH4YUHSOwmVe-xKn2DvpreBbnteg/photo.jpg,Excellent value for the price and the quality of the app is everything you'd expect from RotoUnderworld.,5,2,31,2019-04-21 18:54:19,,
gp:AOqpTOHnnrkDRVPxToHKvZq7fjJa6wkpGQFA2ZJzT8zhej50YI6JJpxFxNU-VFaht55WMVTnPmUB0lOdCS2JGQ,adaryl twillie,https://play-lh.googleusercontent.com/a-/AOh14GiJ-WA51fstUoDuNM-gPra0wFkJXB32Yj4uKmbbDA,Excellant app,5,1,31,2019-04-20 09:47:03,,
gp:AOqpTOEwsFUBy9f0IUlVQcKqih80kZ4NyTytENo_mwr77lLOvY1b-17cxTXxK-ktHTWB9UcztdJQSzhj_xAZ6Q,Dave Dobson,https://play-lh.googleusercontent.com/a-/AOh14GhLQoVRRlP4mlmGiqtbGnlwjpUalT6tLJxKbh63DQ,"Patreon here, excited to support THE premier fantasy football analyst in the market, looking forward to using this app and seeing it grow. 🚀",3,1,31,2019-04-17 02:11:58,,
gp:AOqpTOFR2umNEX3QRl8J4lIFrU35GqZ2pQPE1Tr1gFfZtvUrv8w60RFjhwC2oy_omHHjYMK1aRKEjzUAvKYkJw,Geoffrey Kocis,https://play-lh.googleusercontent.com/a-/AOh14GgzoEJbO2R0vLOHc0qcAczr7pmJHl7Od-fJ_tdy,$4.99 is a steal. dont overthink this one,5,1,31,2019-04-15 11:19:27,,
gp:AOqpTOE3-FwTx3WERnkjJ2DurC4y4MpVHJ1iXzDh5K_n_MjzzJSV_-jcMpQPR7XYrzINjzOkh4t3340UBihHag,Austin Merullo,https://play-lh.googleusercontent.com/-MN7SFjmBbvE/AAAAAAAAAAI/AAAAAAAAAAA/AMZuucmMtEhDqTqvDvYlPlU3sWc_TV4SFw/photo.jpg,"Started listening to the show a few months back. Matt's a funny guy and has a big personality but he knows what he's talking about. This app reflects that knowledge and is a must own for anyone in a Dynasty League. You're already investing a lot of time into Dynasty, so you should also invest in the right technology to get you to that championship. This app is extremely helpful and I'm really happy with it.",5,5,31,2019-04-14 20:42:31,,
gp:AOqpTOEbwT53kdvi3rUN_rDk3OR99K-RTC7tiLRmWZpSVNGxq37_ACf4S_N-sVqlipNuijciU90YwIuOvi37ZQ,Jason Eckert,https://play-lh.googleusercontent.com/-abcp5Hl1dgs/AAAAAAAAAAI/AAAAAAAAAAA/AMZuucnnnXMe6vkBchoRbLyco2o6IVXnDA/photo.jpg,All your wildest hopes and dreams come true with the Podfather.,5,1,31,2019-04-14 12:06:01,,
gp:AOqpTOH2TgROwJpkHNIePaZaxQsGOIXvm_4CUCOpoMJTM8_0yL7IySPCWa6Kij3EKrGiZihYhftUUOXa4HhhGA,Mario Barriga,https://play-lh.googleusercontent.com/a-/AOh14GjovEpXxi9L2AxAWj6_fq5NmxPLc0_jMH0K6XgnUw,$5 worth every penny and more.,5,1,31,2019-04-14 10:46:04,,
gp:AOqpTOGRmcAK10ei7DpnwXvPC8YT4zc4XOyG-HW-XESG7voIZO9evcBxqiFWFbhT7xVWMS0x7NvgdKbxC0tX1g,Erik Westlund,https://play-lh.googleusercontent.com/a-/AOh14GhgPucCnv9qYOauD5ZzxJFrhouWNge9UPazQR_nLXQ,This app is slick! The interface is gorgeous and it's backed up with solid rankings. Seriously a steal for 5 bucks,5,2,31,2019-04-14 08:13:36,,
gp:AOqpTOHEh0BeXVbW4XWa3bHF-8tPjW8D8oZpSN-N8iVb4ax7Ymi3wWjWm5d492T3XhuxTEFnVaEWbRCNvBgwDw,Eric Smith,https://play-lh.googleusercontent.com/-1V4XVuCDEwE/AAAAAAAAAAI/AAAAAAAAAAA/AMZuucmzZ60YWEnsg-bDXM-4_DJqhGZ8lQ/photo.jpg,Easy to use and very useful,5,2,31,2019-04-14 08:09:22,,
gp:AOqpTOFKPCYtPsGTOTGqmS1DE0DZbfvCERDum0yCzLsBr3wnSY1G_Om3JeiRqWk2RMVbc9-ij2Mgz1TA1-k0VA,Steven M,https://play-lh.googleusercontent.com/a-/AOh14GiMBfQdFUTMRjNBTfEQcQYIOGMfgsBfZrQvIsNE,I am very impressed with the slick interface and invaluable functionality. The Price Check feature which delivers a Lifetime Value metric and also references Dynasty startup ADP for each player is truly fantastic.,5,2,31,2019-04-14 07:42:11,,
gp:AOqpTOH7pT-ULEf5BD_APDtF0mHuMFOurwu02THbZyQ1WMKCVEPVy-8_6qRjLQIzMBt-ooUHHAcekBpNqaLHnw,Justin Colbon,https://play-lh.googleusercontent.com/-s4No20V0b2Y/AAAAAAAAAAI/AAAAAAAAAAA/AMZuucm2C8Ia50x1sAo_jdCE4QMG5ZZitg/photo.jpg,great tool to have at your disposal for dynasty,5,1,31,2019-04-14 07:27:50,,
gp:AOqpTOGK0b91yo5pyn7bsWBoaTrl-vBjSKyA7hKNyrATAKJx2UVhBq1G9EVN0kNo0DCqZwbCPcWLzEvgn-L-JA,FF_Spaceman,https://play-lh.googleusercontent.com/a-/AOh14Gilvhjo6uUmuVT5VlX3fg3YFNG00o8DiRTMUGwuuA,Very easy to use and very sexy to look at combined with meaningful fantasy football application. Great value considering most trade calculators have a monthly subscription. No brainer purchase.,5,2,31,2019-04-14 07:04:26,,
gp:AOqpTOG4z_WcASsIiVFp7-5pdKFce8lzGH6wa5iQmjZ2KG3O5dnPdzObmpP7GjC_EdmAt4Wc-TErGThmYyEdxQ,Dan Cecchin,https://play-lh.googleusercontent.com/-8GWx5DCbUWc/AAAAAAAAAAI/AAAAAAAAAAA/AMZuucnAdWg9fPVonweEbmdJZufPugVJjw/photo.jpg,"How is this only $5?! Almost feel guilty getting it at this price. This app is incredible. The innovation vs other trade calcs really comes through on the trade eval (background podcast was great on the exponential lifetime value scores to differentiate the elite players, give proper value to empty roster spots, and appropriate value to draft picks). The player comparison is a great tool (not to mention really nice interface). And all this in the first version with more to come (superflex!)",5,3,31,2019-04-14 05:52:40,,
gp:AOqpTOEIZ1eKJtee2XgRzeHkJ1d5EudQQt_qX6VkoJNx4wwN98ArJSHHawv2FbC3S57HaGKdL9Fjqfk8mr0krw,Paul,https://play-lh.googleusercontent.com/a-/AOh14Gi1_8e_BDt9vBybk0jDFTn_ihJ95dAUVeQ0ZiISGA,Like the app.Very easy to use.App extremely straight forward.Cant wait to see hiw it compares to the other well known app's.,4,0,31,2019-04-13 17:23:21,,
gp:AOqpTOFOC6QpN0g3ZHUzQehrlX39G2sft_vjk6dCcb3koFJgF-jVSFnWqq1quBi6_15QN8cha7hl6lqTinsHjg,Justin Crawford,https://play-lh.googleusercontent.com/a-/AOh14Gickp_p7f2yuVqD9OW6ob-_ataKLwLXh_eoeQIl-kA,"That app is cool for a trade evaluator and player comparison but for a paid app I think it should include a little more. The adp ticker is nice. I just wish I could look at a list instead of waiting for the ticker. Overall, the app looks nice, and I agree with others the trade evaluator is accurate. A few more added features or a cheaper price would change my rating to a 5. A rankings list would be great. I think the price check list might be ranked by adp, but im not sure.",3,6,31,2019-04-13 17:07:09,,
gp:AOqpTOH_QvXarRHP1-UfEIjeCNsEm6pUlZoMamm-7LTE7OWOxNiMXy1ABQPsBus9WrSb2dpwJ6CaUHlhEK_36Q,Jeffrey Hall,https://play-lh.googleusercontent.com/a-/AOh14GjvWCcxABtNBkd9kM3RbPCDamdO8cT-1brp9c7Z,"You can evaluate trades and check player value. There are also settings that allow you to change league size and choose ppr, 1/2 ppr, or standard league scoring to give a more accurate evaluation. With it being a dynasty trade evaluator, you can also add future rookie picks (up to 5 years) to your trades. The app is smoove and is well designed. I would like to see superflex or a 2 QB setting added in the future.",5,4,31,2019-04-12 22:51:15,,
gp:AOqpTOHncZxNqRVvuxVnDeKwCB_lXZcG1_SxtFaGPrDDWFvHUiUrBdMu3OH9fpA_7wRXnULV1Qrp62EcffAneg,Aaron Stewart,https://play-lh.googleusercontent.com/-h-4FNsaOPkM/AAAAAAAAAAI/AAAAAAAAAAA/AMZuucmgVbuOdrHfJ6Gq35-vNCAdT_nBmw/photo.jpg,*boner sound effect*,5,2,31,2019-04-12 20:33:00,,
gp:AOqpTOFXkhaSQHKJPGK83wNIqQavBDTyVyj4I8xSxBDZYZbW6LxFSqw_PHNGsnNSzRRolziutN9bwwuLzigrFg,Dino Giolitti,https://play-lh.googleusercontent.com/-wG4msF3Po7U/AAAAAAAAAAI/AAAAAAAAAAA/AMZuucn0WNpfpKZPBKVvC5t82AgroRp_bA/photo.jpg,Really impressed with the app. Dynasty trades can be a challenge. I feel I have a distinct advantage over my leaguemates now.,5,3,31,2019-04-12 20:31:19,,
gp:AOqpTOGNBweIRX1Cay_HU6p9P3qUwU8rbFUr3WGYK4NzqBvKLRNDUQo8MZq4_bzvQvphQBV5otg9AD8bcveeiw,Nicholas You,https://play-lh.googleusercontent.com/a-/AOh14Gh335j9V_hHmcM6rLlkuHXwDsMVcZLdWinPye9g-7M,This app is awesome. Been waiting for this for quite some time and it has not disappointed. I love the Price Check feature (even has a vibration as the meter goes up adding to the experience of watching the value of your stud rise). The Trade Evaluator uses Podfather's top secret Player Lifetime Value so you know you're getting solid value for $5. I l'm also a subscriber of the Player Profiler All-In package so this complements those resources nicely. Hit me up for more feedback @chalkwhite101,5,6,31,2019-04-12 12:47:41,,
gp:AOqpTOF0fkZ3Ni83GrhY7e5TN-Y9chs8EHUm98H5wRYqHIIapmHTc8kB4-D1XzFK2A0rVITpl9Ke9nrKAKqH3g,Matt Deering,https://play-lh.googleusercontent.com/-ataA1dhLf3o/AAAAAAAAAAI/AAAAAAAAAAA/AMZuucmdCrVtQhSjGcRUb9t0GfJpTVHFIg/photo.jpg,"Most comprehensive and user friendly dynasty app out there. Lifetime price check tool finally brings actual dynasty values to the table, unlike every other calc out there",5,5,31,2019-04-12 11:25:55,,
gp:AOqpTOHQkCt5ftxMN4VyZgp-4BdMkGYteCcwsW1YIPNW-tI_OlosyliDlDG6CxwO9vfLfhh5n-6fEfrY0O8tmw,Daniel SFBay,https://play-lh.googleusercontent.com/-GIhIqLwJp_k/AAAAAAAAAAI/AAAAAAAAAAA/AMZuucl_npHDbxB_ZyVwXfPmQGdXw0g1Uw/photo.jpg,"Now I can run my own damn team! App has a slick, minimalist interface, loads quickly and spits results out just as fast. Price Checker is great way to look at trends. Dynasty ADP ticker is a nice touch.",5,7,31,2019-04-11 13:11:58,,
gp:AOqpTOHPYBUT6_uu9oCrAQR74b1R_uHSUvuMXs1M8pVGJF2AOjcqcRkqpZOa-GkQUVWRL30A-sMoMgA-bSwn2g,Skyler Bierley,https://play-lh.googleusercontent.com/a-/AOh14Ghbaz40AA8m_k0rckFUNC6A6xfi-6FAtp1UkiKUgA,this is what we've been waiting for,5,4,31,2019-04-11 12:33:49,,
