reviewId,userName,userImage,content,score,thumbsUpCount,reviewCreatedVersion,at,replyContent,repliedAt
gp:AOqpTOEecc_67yMB6d4hpwqK5RNO-WGh_uw18uzPSrx-JSlqJpXB9Xg3lezkiDqQ_fvBsoghBbpd5x0iAqjCKfk,Cicely Crapser,https://play-lh.googleusercontent.com/-7sjjvKYGiVY/AAAAAAAAAAI/AAAAAAAAAAA/AMZuucnxAVsvpLRbnFwah1oskzhMsmlC6g/photo.jpg,Annexing cool yes yes yes,5,0,2.2,2021-02-06 09:15:28,,
gp:AOqpTOEmQJzqUsx1KA7iVa6WPBpQ40nLZaM0sYwbK-Z658P4D80LE-ClDE6Rc9BoF981_JTv_jllr6waopgfQwU,Mike Sims,https://play-lh.googleusercontent.com/a-/AOh14Gi800l4FUNnSDcftORxSUoVo0g1O3k7uD_TFA2s2Q,Ok,4,0,2.2,2021-02-06 02:35:09,,
gp:AOqpTOHUZobOPwaLB1-ax2GmjXVmEl0EqxFPpMCQagZUmP18Tv22XdnSaWVkq1XMXi95pQ61KEISKQLHvb3MCIQ,Angel Vanderpool,https://play-lh.googleusercontent.com/a-/AOh14GgdYEgzZUnCdjYKw724qb6pcsmYDJUHsEW_qsLikA,It was fun enjoyed it while passing time :),5,0,2.2,2021-02-03 23:46:17,,
gp:AOqpTOG-fQJKziiQ3XBJEOZzsjwYdmOfsxUYp3rNAp9uS6Zimuo1tx7t-B6Hi8uyg7WHpc8-BPvFKe4tKtJH5Zo,Jimmy Raimondi,https://play-lh.googleusercontent.com/-mztGa1ZK6Sw/AAAAAAAAAAI/AAAAAAAAAAA/AMZuucl_3PQWz1fSWyRCriLPcS_vglnHVA/photo.jpg,Cool so far,4,0,2.2,2021-01-31 21:01:00,,
gp:AOqpTOEmSsQOzfO8q4Ufg_kC39WYNl6KXi705zvoVm4f7QTXu5q7q9mbklfV2360VsF8Sw6dOJjahttJ90uGcaQ,Sache Fernandez,https://play-lh.googleusercontent.com/a-/AOh14Gjuo7ulYiLsq7wJrfa_8chYUZJgcdQDqdEzQXP02A,Fun and enjoy it kills time.,4,0,2.2,2021-01-28 19:14:41,,
gp:AOqpTOFJmX7d5YXB3VpZSJ4g3oXPeEZy4LqXYO6HCmUra7BgBu-j6e_RAbY7o863cq7SdZY-7e89pXwFbnBbdVA,A Google user,https://play-lh.googleusercontent.com/EGemoI2NTXmTsBVtJqk8jxF9rh8ApRWfsIMQSt2uE4OcpQqbFu7f7NbTK05lx80nuSijCz7sc3a277R67g,Just started so we shall see,3,0,2.2,2021-01-24 14:32:17,,
gp:AOqpTOHsZJLMc_YaedjNU6R8tsqop2oN_o9djH7qpogzhPJbLxSYVoMn0eGL1jUZGzQxCYcKrIcmMyjM05nmZCA,jergen quinones,https://play-lh.googleusercontent.com/-1WMP7cX5njg/AAAAAAAAAAI/AAAAAAAAAAA/AMZuucntmK7fHKRZtWolrxYAtmkCGB-dGw/photo.jpg,Solid losing,5,0,2.2,2021-01-18 23:00:37,,
gp:AOqpTOEmgU2Os0W79PI54P2Pzjo09ZDV74DpL8GgD1PLByHjgfU36PQiZz-y5SdlOGVD3BPpaOFvtoPYiv65RRY,Shelli Inwood,https://play-lh.googleusercontent.com/-PQrAgQLMBuQ/AAAAAAAAAAI/AAAAAAAAAAA/AMZuucmySk2MROUuks5oB188J7LXcoixCA/photo.jpg,Slow and boreing,1,0,2.2,2021-01-18 08:16:08,,
gp:AOqpTOEmo6sukePTmg6F_iRSpR_tcRWDhdnu6kK_XnMUGK57TpqjhF15S2yLuf17arI6PhGHWuOE-YyliAbehUQ,Kevin Davids,https://play-lh.googleusercontent.com/a-/AOh14GgRzSexP8X2NLuAEI_OmldvaUaCVhR_URx0YT78Rg,Its fun,4,0,2.2,2021-01-16 10:01:02,,
gp:AOqpTOFzEAHziIxXYovyDv7zjp9wlCe_0z3vfu5oJ8aOLu0pdbmYxCKLj97lhvF9WLVrbCoiakDtPzsDEiMpT9M,Albany Mattick,https://play-lh.googleusercontent.com/-ReNWYf3OO04/AAAAAAAAAAI/AAAAAAAAAAA/AMZuuclhzsiSfHAvkbidMSNoXlW-6j9JPA/photo.jpg,Great,5,0,2.2,2021-01-13 14:11:14,,
gp:AOqpTOGvJ0ROx3j-vakH6_FyrQVNdZAyEiKzScTMDF7M8q-IcxajdGaYcsViRLhkFeyAdX9FydiWnnzfH6nP2Xw,Sandeep Soni,https://play-lh.googleusercontent.com/-XGz1DuVp7Co/AAAAAAAAAAI/AAAAAAAAAAA/AMZuucn1R9lPLSRTdbKrMdQDwhTkFoF78g/photo.jpg,Good,5,0,2.2,2021-01-13 02:30:24,,
gp:AOqpTOEAvqTbGhrSSNLYMAdoOf_6zUM0i9FoOFR1dxa_2VrUsDAqGxakwRE_rqSP41aWcYPfR-CedCBCefQrvbc,Armando Esquivel,https://play-lh.googleusercontent.com/-KLsiTEPEWf0/AAAAAAAAAAI/AAAAAAAAAAA/AMZuuck2XOQL1IWqJkykLanZs8ESihC5eQ/photo.jpg,Its ok just to pass the time think i spent more money then winning,3,4,2.2,2021-01-11 18:01:43,,
gp:AOqpTOEN8uPCXuEDKRCF1Wvu7_DJXMtl13Av1-VOy3hmZ5my-tAujNiBit5whUdgVd5jHmU5nl5xQB2r7hR9FBk,Davie Sheets,https://play-lh.googleusercontent.com/a-/AOh14Gix5_gsHQ0YOVEQJwXFjzDpUAncZzuNYJQLOfPLLg,Having a blast!,5,1,2.2,2021-01-11 02:45:40,,
gp:AOqpTOES5MGcwOcO2Ra_Q2qivbHIBtPq8ZeGtQb9_1N5nNowc-O6Aa2gJg7UWgs3OUcrmWQzX4yE4ivbEo1TzDg,Mark Long,https://play-lh.googleusercontent.com/-FhANbg6VTw8/AAAAAAAAAAI/AAAAAAAAAAA/AMZuuckPcRCziYONoDOhwQqaPYhyccyavw/photo.jpg,Its fun,4,0,2.2,2021-01-02 07:00:46,,
gp:AOqpTOFE84qB6udinQEXbee08ekiciVMPDQkYfJPr_xlbwAY5fvPw9WDyOybUYb-EJY2f0EZ8-D0rEGeOuYCttM,Randy Medina,https://play-lh.googleusercontent.com/-MLVeQKz23yc/AAAAAAAAAAI/AAAAAAAAAAA/AMZuuclErAmREcEwdQ7kX1XCBbFxOdh0hQ/photo.jpg,Awesomeness,5,0,2.2,2020-12-31 00:30:46,,
gp:AOqpTOECsOjscJB3xThkVHk0NBX0XSLmM7M_GTp8kmsiExmZ7uOpnooOY4iltaDuBZEKwgS54-epBcC7PoiTvuc,Janese Johnson,https://play-lh.googleusercontent.com/-UcDVk75_ZU0/AAAAAAAAAAI/AAAAAAAAAAA/AMZuucn8J3s7X-CW6dEYStaKTK5EQOzaCw/photo.jpg,Good,5,0,2.2,2020-12-27 00:46:10,,
gp:AOqpTOHJ6AJ-yeIUfi_k1FOlMvIq7zd2yEP9vr8_hV3CkeYERxUk1WytO5evR_WN4ANU0-CgSXt8iKiJC_6TEUY,Daniel Mason,https://play-lh.googleusercontent.com/-HbC1GWpOaSM/AAAAAAAAAAI/AAAAAAAAAAA/AMZuucnRSvOITOqByHSjvkxEPQOfqUe2AQ/photo.jpg,Exciting,4,0,2.2,2020-12-26 22:15:41,,
gp:AOqpTOHEBRXp2_3ixeIlbo2SjdsLQ1jpt-860DjECHagEO_xU8znOKWprenqL0d85lfps_T4aGjpRWsk5jljRYI,Jess,https://play-lh.googleusercontent.com/a-/AOh14GjrCKObSS0GAAqggOwFZMbu6KaBJFrMwsRQoYh-4N0,Fun,5,0,2.1,2020-12-20 14:44:47,,
gp:AOqpTOHoODFZNByB96DG5vIFaj2QgE-gga0VLLajTlBusOeDsdLbB_wDDaA8VMQkAOW273M2GxXhpo9mKQ5D2KQ,Jason Giles,https://play-lh.googleusercontent.com/a-/AOh14GgXvhHRQxDotYzUt_b1srDyH4azRFcu0xlPKbAo,Great,5,0,2.1,2020-12-18 10:40:38,,
gp:AOqpTOGpiHNt8PUTo56WEDWe57j5iZIXngs2bGVtUgLZmOuEEetjGOt-nyUgAed73hRbsEpvQHVw61K6y0L5qiE,Rachel Appleton,https://play-lh.googleusercontent.com/a-/AOh14Gin4cG6t-0_ygVELf_WexP3cryetO7ivcZKWHrT,LIES,1,0,,2020-12-11 19:57:56,,
gp:AOqpTOFjcCc8FniCmQMMRxutSg61yQ3Gy4dknGRKec1WO59apspifdB_EuBt8P-HffXQMbwxbxkDbhTZKgy9n6w,Vishal yadav,https://play-lh.googleusercontent.com/-H4ISzMd5zlg/AAAAAAAAAAI/AAAAAAAAAAA/AMZuuck3Vs6DDBIkO2D09EG_0Y0YsGNx4A/photo.jpg,Vary bad do not use it,1,1,2.1,2020-12-10 10:21:29,,
gp:AOqpTOHEpsCEAK8ww62OO5-VurcUbe95WLJldiJ1k5fCMjNYu8jL51BiylpU62r9rr_vbdiFqBZcX5_yJI2bp90,Katie Wright,https://play-lh.googleusercontent.com/-2qVaZRGStlQ/AAAAAAAAAAI/AAAAAAAAAAA/AMZuucnie3r25jf2gc1sJJPcPh_LvJouKw/photo.jpg,Fun,5,0,2.1,2020-12-01 16:02:58,,
gp:AOqpTOEM_AcWN_Khpe6GmQ0HNiRQSMjfCXznSAOPWXr7-Ym9Mz2hv-duhhJw1Ni9I6UCEuFn66MjXj9mqhKNkhs,Nathan Hill,https://play-lh.googleusercontent.com/-RFfSEx1V-Yg/AAAAAAAAAAI/AAAAAAAAAAA/AMZuuclpsuq5BUCcdUTAFqkZVS4fkW-b_g/photo.jpg,Fun game so far went thru my coins fast.,3,1,2.1,2020-11-30 12:41:46,,
gp:AOqpTOHYLDsCpVsrNRimxzblAjUPq92yOux4QyhO8Canu0rQbcQJeNwvWk1ZqMfjd-I0wsI96_z6iOJabwABbLA,Dragonkin Zoey,https://play-lh.googleusercontent.com/-fW4ywoiVIec/AAAAAAAAAAI/AAAAAAAAAAA/AMZuucnNc3EBplHbHm_CmS5Un-6bp6Dw-g/photo.jpg,Good so far,3,1,2.1,2020-11-29 08:30:40,,
gp:AOqpTOFV1fzRRw9gjtZFbNKB2kUa4RaRKo9XtDbPGBNYaJJUJWThXK_DwhRE7QdVMubo3vtGsIUFOds6fJ9CP2g,Anunya Tuppawong,https://play-lh.googleusercontent.com/a-/AOh14GhFN5U4w-plPgSh0v6bU8l5wD6B8T06QlZfq45kyKI,Want get real money,5,1,2.1,2020-11-28 23:23:01,,
gp:AOqpTOE5PVgGIYaJbSe2ijccyP3ZPQ97pbdKP4tY-5wiS-Clktfp1wueMu_6jPw5APxeZzRiI9jIO3QxGvF1IhA,Christopher Walsh,https://play-lh.googleusercontent.com/-7FuOYm7pRIo/AAAAAAAAAAI/AAAAAAAAAAA/AMZuucnuSlX83Qhyf52n9rRsesvXFu_iow/photo.jpg,Fun and exciting!!!!!,5,1,2.1,2020-11-27 18:31:11,,
gp:AOqpTOH9GVRIWyYpMUY9SWjXh3ZSSz5Ne3H4cbWz3eTu2Q5CIi_YDvkvbEnbnUK3-vS5eA5Fa_WqXVlzBDg2L00,Terry Bruce,https://play-lh.googleusercontent.com/-1QiPWcFZVmY/AAAAAAAAAAI/AAAAAAAAAAA/AMZuucmGO8hcY0AvSYC1lkzMU9e9qad44Q/photo.jpg,Having fun and going to Tell my wife about it,5,2,2.1,2020-11-27 17:01:29,,
gp:AOqpTOGI708kf2U_X1jPjCWo0aXEVJJIXkneEeKTdApFTnt-E7iafRm8OH7DJAYgBs2FQHps8Ae8vrKjDFX9kzY,Lacy Atkins,https://play-lh.googleusercontent.com/-oaY0Pz6A4PM/AAAAAAAAAAI/AAAAAAAAAAA/AMZuuclKH23W4KYzKReL6mZ65sLKc-X4ug/photo.jpg,Cool could have better optics,4,1,2.1,2020-11-22 02:07:53,,
gp:AOqpTOH4fXSXnDm2xlbQ3OukWHDyH9VxOH4m3HetvsHefgMicNVAJS7aApxmopt5QeTZr-rn7o_7WqYsKLlUeFs,Heather Miller,https://play-lh.googleusercontent.com/a-/AOh14GjOj2MOk1RhttD0YySKUojtN_kz-SL419Zczb0rzQ,Not downloading,1,1,,2020-11-21 12:53:01,,
gp:AOqpTOFK-aXiageiU54alIg72gZLaS0AYAXKyyOQ_q7Tor9Tjjto2Pq-cz4x0XvlyaESOnukwy6eNEU9iAIqOOc,Jeannie Hill,https://play-lh.googleusercontent.com/-0QVKO3pVGtY/AAAAAAAAAAI/AAAAAAAAAAA/AMZuuckCXONmR9QlSW2DAAsBtHRIyMxvcA/photo.jpg,Fuj,5,0,,2020-11-13 11:00:20,,
gp:AOqpTOFSdjnyutHxkhHLOMranWmgyiXJkTb9v6RhjlPpDd_CFkq1ll8FmktANN7OuiA_oE0kPX_udu9AUH9YID0,Paulinne Bunnell,https://play-lh.googleusercontent.com/a-/AOh14GhaInfnECeu4Jp-MLdAe9FOWVbz0dmpMWV3cqHMQA,Awesome.,5,0,2.1,2020-11-11 16:59:21,,
gp:AOqpTOHx3UhEtrvl22TLa6fy1hCx0OyExtglqes2S4hw3vTjGwi9BtxCBvQH1VXx35yhOIKgnfs3i9wdnH5ew7g,MOISES JR OLAYBAL,https://play-lh.googleusercontent.com/a-/AOh14GgH8MciiUGukGKJw2PIQhrhi4Su7vfF-IqrOTXp2Q,Nice,5,0,2.1,2020-11-10 01:11:45,,
gp:AOqpTOEwodDgklNR-OqircNC8ZUGRG-fi6mAErHadEPGJ9FNw11PiCJnZhjBGbHZw_NqXACjoypWW1mLb4l8aj4,troy quick,https://play-lh.googleusercontent.com/-3RNhAjwiELo/AAAAAAAAAAI/AAAAAAAAAAA/AMZuucmkA9ntZmWvv6UNgEEKgCuhKP5ZCg/photo.jpg,Awesome,4,0,2.1,2020-11-09 07:30:41,,
gp:AOqpTOG9mSV8SAG-3JCiZozVMDMxw_nSgnO8s1iMGpPUZhz48aWdiaHW5v8nXtdbnqT3xf8oAkQ11HJsa2ANNb0,Kieran De Roe,https://play-lh.googleusercontent.com/-_YCYY5qH9Qo/AAAAAAAAAAI/AAAAAAAAAAA/AMZuuclIoGMEK_T_GeMsOzFXEgYrUn2whw/photo.jpg,Total scam and waste of time. Cherry wins only came up and just one boring slot,1,2,,2020-11-07 06:07:48,,
gp:AOqpTOENzgjZSf9rU_gxOfyGHs3cC1rbv1oKq6Or7qkEHMCFC-pvkfzFtPW_752DRJgC2ycxbwGeTQoE9g-7VH8,Chris Chasteen,https://play-lh.googleusercontent.com/-Fu1RGZhOvL8/AAAAAAAAAAI/AAAAAAAAAAA/AMZuucl3WS3_UeXpS_rlRafGyjXni8-1rA/photo.jpg,I enjoy the Gamez,5,1,2.1,2020-11-02 03:27:49,,
gp:AOqpTOGcYsw1IyF_UnLHLRc7XLHNAKdF1-BOQhj-csNdKM1ckcgN6U3xYCzj98HDN4NUgWU_yOLU1sJ-m8Xyjt4,Dametry Melendez-Ortiz,https://play-lh.googleusercontent.com/-IJ6NI7dHkZU/AAAAAAAAAAI/AAAAAAAAAAA/AMZuucno7uWJZ_c_GeACdL3yQ7kInh-52Q/photo.jpg,Ehh not really worth it,2,2,2.1,2020-10-26 22:09:28,,
gp:AOqpTOGVT-injpMdartztlOFicAFDrZN55HkRoL9un2WKC0_bXxuNe1wIeNiaTpX653zfraGDcSIdbxsHcCGulg,Virginia Hereford,https://play-lh.googleusercontent.com/-FjbbNQV73N4/AAAAAAAAAAI/AAAAAAAAAAA/AMZuucll2y8j-0oadHfdbDNa2J5MZFb7mw/photo.jpg,"I am enjoying, myself. At home, with my family. During the the: Corona(COVID-19). STAY SAFE VIRGINIA. HEREFORD. WAS HERE OCTOBER 15, 2020. 😂 SMH. #Left👈Brainers #NeedLove... #YES",5,1,2.1,2020-10-16 17:44:44,,
gp:AOqpTOGcK2Nw_e5dZeow_3i2Ef22G0MZGP9hR88iwi2Z4O4RLJh9drN9A33vHmpNrIVnfIjPM7aUNmdtsz8LfGo,TintOnMobile,https://play-lh.googleusercontent.com/a-/AOh14GisNrB_fTXbdHxXPtRwOQMaIGH5_HX8Swvi92tD,Time killer That's for sure,5,0,2.1,2020-10-06 20:31:14,,
gp:AOqpTOFtWHEQTybL4S0nNYSF5uZAT4Gw8HPWc_BgBGyChJmfkSIwWQT1lkApBYpvq1Xc5-LRlxAKAkplVRTdzto,David Snow,https://play-lh.googleusercontent.com/-W1dAClS_9mQ/AAAAAAAAAAI/AAAAAAAAAAA/AMZuucmnXEXkpPpflxAQL3e7KRFHNNASwA/photo.jpg,The best yet,5,1,2.1,2020-10-05 16:25:00,,
gp:AOqpTOFhYHtxZZEPzqVA7aFa81riVeqQymYtjEgk4Xhn5bnQozooX21lnGOtGJ3T5pBa5cHlTCrqoMj6ttlBwxw,Jennifer Kelchner,https://play-lh.googleusercontent.com/a-/AOh14Giiv443vaYLb16mRiC9IF019o9n4_OuCMadnpDKyK4,Sweet,5,0,2.1,2020-10-03 20:48:35,,
gp:AOqpTOGiZlWkfdv7JfPUMaJdxslMAxO6eiqySEGNeVbpnFc1xoDUotN_pLncJG1lGpXUY37PMdtUUXOsxaorQ9Y,Duke Lengsavath,https://play-lh.googleusercontent.com/-lccuSY6lroo/AAAAAAAAAAI/AAAAAAAAAAA/AMZuuckqLuk3dcdH4GrfDlWdOU1NB1KJOw/photo.jpg,Fun game,5,0,2.1,2020-10-03 02:00:29,,
gp:AOqpTOEMRLF9kBi8OqsxJFtswdDJ6JY7u2GXzHLIQP-wVLBMk6wM_3TW81vvvDipfbh061jr6GkPKG5CRqOAJZM,Mario Teran Jr,https://play-lh.googleusercontent.com/a-/AOh14Gj0eYPXojZ39sNfMpG8ENmm2gp_GkM1DrFe83LlnQ,Nice app,5,0,2.1,2020-10-02 07:15:28,,
gp:AOqpTOE5Sy3jB35_p2e0gCB0PmTvb2mF1SVRiLnbxTu3KVaHTpWgg1X7qSzjyOIIS4xqN6qLtfmm3o5jdEH2JWs,James Hernandez,https://play-lh.googleusercontent.com/a-/AOh14GisCQXfLGLQOzUa_L_Rv12AKDsUqePmto5lxlQh,Is what it is,3,0,2.1,2020-09-20 21:46:13,,
gp:AOqpTOGhYrwCNAoMbcR-wrVU2iTlSNJT_vuzEQ6XC6pqyaWy6f6gnDPTKQtUh9haHaH9DFY78vL0974m1W-ZKtg,sherri gutierrez,https://play-lh.googleusercontent.com/a-/AOh14GiLM6rIlUMBSuOXz-ORJfb5IDQ0yiH1D7rJveAlaw,"It's a lot like Vegas but not as fun as Vegas! Lol ! The only thing that I can't figure out is why do we play just 1 game? It's kinda boring playing the same game over and over! I am sure it will change as you keep playing and keep giving money!! I sure hope I can win something from this game? I do think it is worth playing, try it for yourself and see for yourself what you think of the game! Sherri G of Allen, Tx",4,33,2.1,2020-09-20 08:27:47,,
gp:AOqpTOE4Xp87AuLgK2imCLOW6uipK15nj4TJpcRiritNRlJjN4xrZgUlwVSgiY7pjB3Ba2g36tVW3LIZ86k0U60,Angela Dyer,https://play-lh.googleusercontent.com/-T75SdzZNk04/AAAAAAAAAAI/AAAAAAAAAAA/AMZuuclTuayqQg7LLU4BxhWVqDMdm1C0NA/photo.jpg,Love it really enjoyin the game,5,1,2.1,2020-09-12 14:31:37,,
gp:AOqpTOHLwuyckj6n75OkKLDfM0sySt2kDRr6C_KNQcr_BQIu07x2KLk3UJ8P4-fBZfnRNynO5EYGQqPK1btCuJU,Anitra Evans,https://play-lh.googleusercontent.com/a-/AOh14GgGb3Iy7dTx2r3_hAzJG9m6fSBMNgP4BYveeKKcqg,❤,5,0,2.1,2020-09-09 17:39:50,,
gp:AOqpTOFaryk3bA3LIH7XY4fNK_bwbbBaV8d7iq4ByVH4t_djppOaA_F_fE0acgB-zrEHkDkOyPOAcp9vCmUUmDc,cameron geeding,https://play-lh.googleusercontent.com/-yexWXD2cemg/AAAAAAAAAAI/AAAAAAAAAAA/AMZuuclpZW2OK7CQcBgcvwi1AnSKg_b3FA/photo.jpg,Real fun game. Closest to the real thing ive played yet,5,2,2.1,2020-09-08 14:20:02,,
gp:AOqpTOF798jX2K-el-mwyZCAo5uwxPyWJK0hR5mQPlxcc9pvIWmK52taK9M9lcgJxMh5aqxR1nb6FJgdwyMmNSk,Joey Powder,https://play-lh.googleusercontent.com/-hyZAvbcisww/AAAAAAAAAAI/AAAAAAAAAAA/AMZuucmsvnEDYlGfG6ayQequJeea073uWA/photo.jpg,Good,5,0,2.1,2020-09-07 22:11:02,,
gp:AOqpTOFI9V9OI4NoXEa4dloJOsHseN1h2SavE-xc7g5fz7vbz6WldiR1OpRsiYHjkMjTkADGKjRIUtVlqySsAYA,Arno Coggeshall,https://play-lh.googleusercontent.com/a-/AOh14Gi3d4qBi5G_GeLE8gn_m5RtBCjutwGCtEwee8Xr,Enjoying the game I purchased but I accidently press higher bet lost most of it,4,0,2.1,2020-09-07 03:34:30,,
gp:AOqpTOGJ_80gVSffcJGNdeaPtcHCSvpJZWQFK2dktIdboCKlytIKfNAIaiCRsRbmfbyMjzxIJ8QQRyY4fk9E1jY,mary kraics,https://play-lh.googleusercontent.com/a-/AOh14Gjbtns3wKhRNsnwN_waSCKGfi67S30Gv-nJaD4log,Fun times!,5,0,2.1,2020-09-06 03:00:27,,
gp:AOqpTOGzZFbxsx7t-URBaXUI9OhMrfWSGnZuwmWy6IsTbL_tpwayIaGj7hpPCOiDLe1Et6W0IWvCidqHAHYlP60,Melissa Dietz,https://play-lh.googleusercontent.com/a-/AOh14GgvR8GitLsA2T798W3G4-hxRsB-Bjb0LYK7HF-cG8c,Love it,5,0,2.1,2020-09-05 06:15:35,,
gp:AOqpTOEakewm8h3E-ECYBg5J3TfxtBMkaN8O71sjXxSCj2dBfIhmkXS5EU7MSi6dhO0x_ezvUFfTviaOofn0mpo,Diana Flores,https://play-lh.googleusercontent.com/-gtfyKwzx_TM/AAAAAAAAAAI/AAAAAAAAAAA/AMZuucnKTPma0U-QHqOlOJPVHlqZnt6yPw/photo.jpg,Great slot,5,0,2.1,2020-09-04 20:30:43,,
gp:AOqpTOE2eqcth_m6zKg0q13AwF6iABiKdKFrA5R5T0GDRKt9DcWfoAMf91NYaqwDd5d3FKI-JI-fVq78o7BP-As,Bradford Ventura,https://play-lh.googleusercontent.com/a-/AOh14Gj5RLSIhJIZgcFJEAQDblwJqjPBIaFu1GV0f5XXZQ,Not worth it give me back my money. I unstalled it.,1,2,,2020-09-01 14:44:49,,
gp:AOqpTOGSSsF4FfJwgMWvY_cJklBJKyn1xd7jUlpqqMdg1-ouuoca7CjdvBdepNsujvpcDV-7clbaMSmomr8-Gf4,Doreena Bobbitt,https://play-lh.googleusercontent.com/a-/AOh14GjnKCz5nt44_vnI0HlrihDH13C1newnaXVzs7Culg,I want to redeem my winnings From mobileamusents from slot machine mega money slots?,3,1,2.1,2020-08-31 12:48:11,,
gp:AOqpTOFnBL18WnOk_Oj-eCjXB5wmmQFD5vh6-7QlKJBc8SLdz44h3SHYdHUvMdEi6bvka2zINAXSguIOf4sEVG0,Kenneth Neal,https://play-lh.googleusercontent.com/-rpxr1n0TI-8/AAAAAAAAAAI/AAAAAAAAAAA/AMZuucmyzanKz1NorqlD_CpsbKErrc_0gA/photo.jpg,Great,5,0,2.1,2020-08-31 03:08:18,,
gp:AOqpTOGAqRq7XRWE_OFTrN5r30Ej_ZceS98JN2j8fxvCQtvLWJZ_uoXO6ztcu9dOMdkqgi6YgNvTvpk2-udarqg,Christy O'Neal,https://play-lh.googleusercontent.com/--QtRfq-v5vk/AAAAAAAAAAI/AAAAAAAAAAA/AMZuuckIL5CbkJ2mbqWXsRB8YWN_4UT7dA/photo.jpg,Just started playing ...let ya know when I win big..lol,3,1,2.1,2020-08-25 16:27:14,,
gp:AOqpTOH8VI21wf1tvlgechU0yWY9B6X__28EvREfiAT-1L_gFO9ZA4cJL90y2ld3vTlU0c3AcNmkbvstkpP9iuQ,Norma Delgado,https://play-lh.googleusercontent.com/a-/AOh14Gg8H_CPGw9zjuZCZ_jL0pRgD_u6nd1ia4avDCcBKw,Great,3,0,2.1,2020-08-25 15:31:08,,
gp:AOqpTOGTa4m3W125JRGPhSUSknw3bcLEdAljlnU7EFLeBV8Dxxu1vtf3SG8CPCpN4Sb6xDHT-tto-j_bcYC3B5Q,Sheresa Mcnabb,https://play-lh.googleusercontent.com/-TvMzVsg28g8/AAAAAAAAAAI/AAAAAAAAAAA/AMZuuckHd4BLAAt5hfDqWAEEqtCcMqgktQ/photo.jpg,I love this game,5,1,2.1,2020-08-24 16:22:47,,
gp:AOqpTOFbECPqUvWqLjkvbYg8kj6wr1HkpxRLSpJd0BPJ9eQLroL3O9XKK3T8KePVIyVW9AF-AuAX6hmdV6v56uo,Sherain Kimbrough,https://play-lh.googleusercontent.com/a-/AOh14Gg0JDAxksRGlS_JoAz8IeJSn61jHOtFvgaXLXvVpw,Enjoy playing but how does it work about getting money added to your account,5,3,2.1,2020-08-15 07:32:36,,
gp:AOqpTOEhzphWVNPr4M5Fnc946oyP_StZtuW8F65LBcEmQNuwcJ2dZLijhKKHFI3NhpXmU8zj5-Xsajt_PSWEhao,Sherry Baker,https://play-lh.googleusercontent.com/-BJXg52xbLXI/AAAAAAAAAAI/AAAAAAAAAAA/AMZuucmrh_K8w4WoA_FX6aPMkH27uPqzYQ/photo.jpg,Great game,5,0,2.1,2020-08-14 21:50:50,,
gp:AOqpTOG62m8SzdeFw9-ZBIqOlfxI57cY2AjNjKSMfqC2ZXkZkPqQfSVh0j8Gjf5WgTUA_ruMzZc-0S3J3EP4f0I,Enalyn M. Macabeo,https://play-lh.googleusercontent.com/a-/AOh14Gj_QDawKhibjNkvGpzpI8wMK-OF49OryriQMdt_lw,Love it😙😚,5,0,2.1,2020-08-13 18:02:38,,
gp:AOqpTOHIwH8PJUbMUlu9OAXYK_pWGNlnRNKZdactUtUvyOBWouH1AV5PxvR_aGARFl8hVOXst9CDl8-l4KYEPoM,Jon Galahan,https://play-lh.googleusercontent.com/-pADHg3TyqV4/AAAAAAAAAAI/AAAAAAAAAAA/AMZuuclVnyb_wMjGFXf7IpisAQm6RWYDSw/photo.jpg,Good game,5,0,2.1,2020-08-10 17:30:37,,
gp:AOqpTOElQelBSB7FZkKs8D1kWkJdg_WLUQea0f7toIWPtZbsXiXULqefy7gaHyYkB-QjzMdF6D4WCVmU9KBkNuI,Nicole Archila,https://play-lh.googleusercontent.com/a-/AOh14GiEf6iuoecuVSnTdJmwmmEQdgf_8ROs3N3WkCW18w,Fun so far let's see if it pays out,4,2,2.1,2020-08-09 11:30:52,,
gp:AOqpTOG7SP-ohY2G8NuXI6ZRRJOCcMrqmq_sML3PGBGX6Dy1uz4DiGWA0Klb7JZvergRhto483pV2vRji88RCMw,Carl Green,https://play-lh.googleusercontent.com/-9exvt6LLXUc/AAAAAAAAAAI/AAAAAAAAAAA/AMZuuckJ9Mxc4hA9nleNYhWvTEjgoF7Qfw/photo.jpg,Good,5,0,2.1,2020-08-07 22:01:12,,
gp:AOqpTOGgYtAwW-CLFbdHLKNAWyRImW6KQyjpC7AajXQZs67ygsBx5-td0fjadJyJAzJiXQNeZtRNoW2UbWTzkes,Jeremy Long,https://play-lh.googleusercontent.com/-FJUt-9ymo0k/AAAAAAAAAAI/AAAAAAAAAAA/AMZuucmrAK_0MAislNtpJaHWXXWd4_a_sQ/photo.jpg,Repetitive behavior and the lack bonuses all games same bonus STUPID... game,2,4,2.1,2020-08-05 23:03:42,,
gp:AOqpTOGRM6ctI62GWQekGdII_V6VCQwz3_nXdyAXdz8BmWYDt3MPGqFwXLwoFo1a9v6XiKlbrUIhbv-YK_tcLxs,Paul Bennett,https://play-lh.googleusercontent.com/a-/AOh14GhUWZ7-TfORZoAXw9KRwKjiqRiH84WhXaVUTORr,Really fun game to play,5,1,2.1,2020-08-05 22:15:54,,
gp:AOqpTOEwOqEPPa-5FyI_-Em5cZ7FE9ElStYkSi0B0py_etVpzDnGF5LnEXGVnJjEStEiQBjnr48k7W9MpxgodWY,Russell Graham,https://play-lh.googleusercontent.com/-cL5uV7nIR1c/AAAAAAAAAAI/AAAAAAAAAAA/AMZuucmu9O1AJVtySk9Ug7oM8iKuTGWZzw/photo.jpg,Good game,4,0,2.1,2020-08-04 14:17:04,,
gp:AOqpTOGmciGYjIrPmG9TiogGGFwxUHfujCUtTMyvh6EolAs-WVcuRfcZ40RwPoIdmUwnBHzqnlHhqsjEnWAxK6Q,Dave Sankey,https://play-lh.googleusercontent.com/-24l_RzL4RBs/AAAAAAAAAAI/AAAAAAAAAAA/AMZuucm7nD_g37eXZgwrCoE1PKNXB4v0KA/photo.jpg,Fun,3,0,2.1,2020-08-02 16:31:20,,
gp:AOqpTOFxVwIwGmK-KT-7Y1JFJorwYoh5zmd7NXZtVSCledPIL9mpaeaeEZTX7UY_n7--PRwXr8SEUpTh-OPOtrg,Tony Ruiz,https://play-lh.googleusercontent.com/-DlgFdYtRdM0/AAAAAAAAAAI/AAAAAAAAAAA/AMZuucn3IRqKb0nJ7J30NrSnXNIdoMDfjg/photo.jpg,Premium my ass they only give you 1million chips that's all and one slot game to play. If it's premium should have more games to play than just one. Just plain horrible change the title you idiot's,1,25,2.1,2020-08-02 14:41:47,,
gp:AOqpTOEy_x6JiqXDzZGAdz6clfQcUddqaG3ciLC2000FNkQBQnDqS5FtrAvJsMXGVUojYT1PuTipzuYKVTGHCjE,ken sutherland,https://play-lh.googleusercontent.com/-tB8V3Zq8svE/AAAAAAAAAAI/AAAAAAAAAAA/AMZuucmvyBduzSb9Uwfox_sEWgCddHwlrQ/photo.jpg,Enjoyed playing,3,0,2.1,2020-08-02 13:18:37,,
gp:AOqpTOGEAGkYHm4WXD4E-sZW1m-OPIvFvSESBoOGpVftYfWvv6fi-6EgHJDH4XQmhZbrg4QTTzrBk_oFwQJHG5s,Traci Megonnigil,https://play-lh.googleusercontent.com/a-/AOh14Gj3Bl8p2knv2wD2fW_VCjAVN4MzVv9kqNRGrCrEiA,Its a cool game,5,1,2.1,2020-08-01 06:01:06,,
gp:AOqpTOEf7y72ek3VvA2oFF4mKk6Uh1S3RX6X5nk_6SFfoE8PQruz6M6y28dnFi3UGaznxacl94yKdH7t4Cfl5Ec,Penui Thomas Maruaao,https://play-lh.googleusercontent.com/-swNL8QoVRgU/AAAAAAAAAAI/AAAAAAAAAAA/AMZuucnzQYWNbk4hGglFUsMKnaRMko7g0g/photo.jpg,Good,5,0,2.1,2020-07-31 07:00:31,,
gp:AOqpTOHylJlDKPLv0WFmw8TawUAYPiWrX_Zt_0Z_VboCLRpKQhcl4igJy9xTpky-iGSIyKQQ0khvgNNm_EgedFY,Mayah Gallegos,https://play-lh.googleusercontent.com/-kc8iO4A47ws/AAAAAAAAAAI/AAAAAAAAAAA/AMZuucmgL5LIOEpH8m-r4tYehLAyiEGwQg/photo.jpg,Great,5,0,2.1,2020-07-29 02:30:35,,
gp:AOqpTOHPHnY_IEXO0JmtY3GK6mc-pkZIYhmKhsWppqHVhcDQWgxzVrijw6Ooya5160Cjl-Q00JVJRevKbohs91I,Raul Chavez,https://play-lh.googleusercontent.com/-IqPp-luAbNA/AAAAAAAAAAI/AAAAAAAAAAA/AMZuucl2ES06czSTu8Blfmv_vuK9Qn3Rpw/photo.jpg,💪😀,5,0,,2020-07-28 16:15:35,,
gp:AOqpTOEeCylu09oLZxYe940L3epWBXFn6q4clyTTkfDd7wG5uJZURHen91rnwjVj6BUlr14dooGhTECHZe-_vFI,Johanna Scheetz,https://play-lh.googleusercontent.com/a-/AOh14Gjbbxt3bjfzmU1Idc-kv3QEGcV2CvMjrUP8vIQSxg,"You win some, you lose some.. that is slots for you people.!! Learn it!! So If you get a big win, and then shortly after lose everything, don't be surprised. That's how it works. I'm liking it pretty much.. except for the fact that its just one game 🙄",3,62,2.1,2020-07-27 16:45:37,,
gp:AOqpTOHL_RXvbvBKPeQ1s-fakpKC96-7SqkmFNL8GetByJpK1zuQQ9pJ_35EhTlGWbyQ4CAEXn-13VJNR3kjHbE,Aaron Barry,https://play-lh.googleusercontent.com/a-/AOh14GhnJ4x53Qhv1KaLIHqajaFqjt7Tiefldo0QJYprnw,It is ok so far,3,1,2.1,2020-07-27 03:01:06,,
gp:AOqpTOFssyLIYdx7ROouE2tfnwzbyCkqytKQkCD8RrCW0Z4FtyiAz2BBgh8ZjJojB3j08wdIOEkuaar9rrnNofg,Lisa Anderson,https://play-lh.googleusercontent.com/a-/AOh14GiNs5Vhk8bRDOBOV65nxhvmB0y_axEPCjrEparXVw,Great,5,0,2.1,2020-07-26 07:45:34,,
gp:AOqpTOEPPcaYaOjO9w48j6ymV0U_0Go8TOOE7wnwKJR-J4iFYse3fAF_rxEx5ubC9zbl7NPWyLcmbQo5JVE_Dh4,Rachael Lugo,https://play-lh.googleusercontent.com/a-/AOh14Gjwf-IPnJ5UNnhHuIeMCeUw0hbCdZtD59lWoMD-i_U,Awesome!!!,5,0,2.1,2020-07-24 21:46:37,,
gp:AOqpTOGyIoudmEVyQwPQAf6Ru8etegmO-la49cfqMGNq7DAQC8i0zR8TzbsbleySJmMr4GMgZc_wKJtu2rPAGe0,Bob Maschmeyer,https://play-lh.googleusercontent.com/-PUfRrXlQdOw/AAAAAAAAAAI/AAAAAAAAAAA/AMZuucks9Dnj-L3Ka70gt1IGLnOfRYVc2w/photo.jpg,Still getting my feet wet.,4,1,2.1,2020-07-24 20:31:54,,
gp:AOqpTOHU9lTQIo2D3fKIis4UgvuH4WjfCrYUs2l3WkS-CYQo8yIe8AdW-6RuATv8GSelVy_ljqv_LKajKp65gyU,Carl Morrow,https://play-lh.googleusercontent.com/a-/AOh14GhT0wwZKMdC_N3Vm3EPnQ2Wut4CW6DmSG9_Gwni,Lots of fun.,5,1,,2020-07-24 20:04:43,,
gp:AOqpTOG2ngTbftjrIa3yAtTUDKLu_i3dZs75md8go8Kv6MFdthTY_nwlsHNbnLbc9Lf_U6A6c92POgHTYQU89Vc,Dejuante Terrell,https://play-lh.googleusercontent.com/-PEiXYXojOzU/AAAAAAAAAAI/AAAAAAAAAAA/AMZuucnteaUEuUAloFhLj4gPS6VeFew8kg/photo.jpg,Fun,4,0,2.1,2020-07-20 22:53:05,,
gp:AOqpTOEpBhPeHXoWTYd4uodkYJICJlSXvA8n5Oq1vm0r2zz3fXRUIn32WTJSG6dESablivW3xPFJ-rEeCcE-4ZE,Mike Reed,https://play-lh.googleusercontent.com/a-/AOh14Gi_XCYjWfglM69y6TSTu4O6IwZ_a5AADyKH-q2LAQ,Yup,4,0,2.1,2020-07-20 11:15:45,,
gp:AOqpTOEI2B7qy8oKaclcX6rf5olfcoU0755FO5CgQomIvXn-KP2HZVddlkhmI6OY2CvznRl1iRg1tU2-U4ltxuw,Montana Nokes,https://play-lh.googleusercontent.com/a-/AOh14GhsmrmxHSmb3mJcmNbyVGWv1ss_hacKJ3DuDT5H5g,Fun and easy,5,1,2.1,2020-07-19 05:15:47,,
gp:AOqpTOEz6i6VLhZHUcDEv3lCjOFI6XwLkVbofFO5RQjT1kX9ACvgohYkawQ98UCKRaa402QV6ysPUrKl5fI3KPw,Pang Choon Ngian,https://play-lh.googleusercontent.com/a-/AOh14Gh676UIxgYtdEgMDq74r28zk0QWZAFvBNpvl8wbyw,Interesting game!,5,0,2.1,2020-07-19 04:31:10,,
gp:AOqpTOG88Qr5jC5KFv_a6BO68iYxwQMMqk4hY9MphCMsJxPnje1dILz8lkOwvubTMBaSVpFIGQ-UKN6NHlWsDUI,Barry Johnson,https://play-lh.googleusercontent.com/a-/AOh14GiBOKPR6aEgHAifcZ5rHUraIRS38z8789eHioj_6g,Cool,4,0,2.1,2020-07-17 07:34:16,,
gp:AOqpTOE_ezRaIctSxfhhh0_sgt4pHDNZ60P-e7dmFyXcgEf4A79AtAcWDdN4VLzOGI5Aqx8B2g5UZYpOBSZah20,Rea Uy,https://play-lh.googleusercontent.com/-dSbf1jtV7po/AAAAAAAAAAI/AAAAAAAAAAA/AMZuucm5GMJhKfg43bahpixhP2R0cEkT0Q/photo.jpg,Fun a nd exciting,4,0,2.1,2020-07-16 17:17:45,,
gp:AOqpTOF-xElvMO0J6j9CY2TWVmSVwYkhSPktsnOJw8HK2aWBk9lVRa4_hKhrXmBqu_FJHCqRx7YO31fmjrp3nqY,BlancaRosa Ruiz,https://play-lh.googleusercontent.com/a-/AOh14GgeZwml-KXN0VoCf2hQqYxsMqTq1-ALzdx9BY4RXA,💯💯💯💯💯💯💯💯💯💯💯💯💯,5,0,2.1,2020-07-14 00:21:04,,
gp:AOqpTOG55C1MxsYCEsPdSbjflDerUnYSk77cGsBKMk3UMTbpDVBQAou06fNyfsK3cmSGnI6S3OyrlV4lhcI98i0,Jaimie Suomumaki,https://play-lh.googleusercontent.com/-Aq-IugyMcOU/AAAAAAAAAAI/AAAAAAAAAAA/AMZuuckU1WyxBsWZ97U2ti9sNwvEp9nTrg/photo.jpg,Grest Game,5,0,2.1,2020-07-13 17:04:44,,
gp:AOqpTOF1kIW1vhCMY6gJtaa_-5CKKZwvqOjbqENJXvZeOyaLqUwLyl6U5AdJXFyW17dTDp9ewJBVxLP2iDvOVww,Mess Dagreat,https://play-lh.googleusercontent.com/-NOmKa2VbQ7k/AAAAAAAAAAI/AAAAAAAAAAA/AMZuucmZoey9thpukk0qkTk_yDcnZa5uhQ/photo.jpg,Greate,5,0,2.1,2020-07-10 04:46:12,,
gp:AOqpTOFbTsortJ-m0xVqM3feGhUZSdB0iFdkcbAoOlL_iBUVfLpw-_koDnzLmrDU1SEmRSGlMKpiNL7i6wLfoHU,Jesusa Cloud,https://play-lh.googleusercontent.com/a-/AOh14GhERbXfSrgl5O78trXzGQ6JDW2o8S3dZAVJaCL1kA,Fun,5,0,2.1,2020-07-07 12:00:48,,
gp:AOqpTOENLGsnmLOoGQL2FYg6fjk49m4Om4eFxG2D2N3DFgfjHDKXDAVynSvaL-jnEVAQU0Rb2Sqd4ItlmymJyV0,Luke Sherfe,https://play-lh.googleusercontent.com/-z9MEzE4qK3s/AAAAAAAAAAI/AAAAAAAAAAA/AMZuuclkLhSgaB35Xp9-LX6BA-j5veowKw/photo.jpg,"My first time playing top money. IV purchased some coin's, playing is fun and winning is easy, also the rewards are exciting. I don't have any regrets yet,,🤩.. trying to figure how to cash some Tokens out but have enough to keep playing 🤔",4,47,2.1,2020-07-07 00:44:00,,
gp:AOqpTOGhRXCqzMGR5fiOOy5Kt8B_dL-3wy9E8oZE7HowAB5iHfv2qejWvJMaJ0X-ROwrId4OutNPMWGYetk7r1g,Byron Umphress,https://play-lh.googleusercontent.com/a-/AOh14GgjYBd3sHovCJomWBPZfMeSJA2h_AdxIJdlcJIEVQ,Great so far,5,1,2.1,2020-07-06 19:32:24,,
gp:AOqpTOF-0QWdTddi-fsBKPk4bjFGH0gnNxn33v5jx182zAVoEv0IH_sqxHdCMifjmI7BgFpj5X_JZZVPnUrSPeA,Brenda Powers,https://play-lh.googleusercontent.com/a-/AOh14GhjA--2Ic5tCn2MKkSa2XS73IvEP_hbJatsblQQ3w,"Fun,without the smoke",5,1,2.1,2020-07-05 19:31:00,,
gp:AOqpTOHdg-AqQV7DNIV_FYtsGVacTasmd9yc_juNBGahU5PqYFuyqs3UYtEmexbncshmo5DSqmlc8r4j1ZRsPBA,Chrissy Cordon,https://play-lh.googleusercontent.com/-mzy9yFQUH5U/AAAAAAAAAAI/AAAAAAAAAAA/AMZuuclTlE85R4jFwB6nmaaJLOEvsSJKrw/photo.jpg,Awsome,5,1,2.1,2020-06-23 07:38:32,,
gp:AOqpTOF73uzaMMPw3IBg_ucBy7fJFmgaL0OcMJLXNVqOIJi94va1i6V0dIuuFMX6-KcVss9_2YOx9nNBkSjurUY,Nathan Wright,https://play-lh.googleusercontent.com/a-/AOh14GjbCt0kejTToaEqWaie0WB9wkAH5wC45sncL_Swi8E,Save ur money,1,2,,2020-06-23 02:56:04,,
gp:AOqpTOGHtMrAZXEw_2wHLfSUYsbiypDFRewsGs2zI18rhdh6Uh3V2ZXooMP47wRxNDFdN2e5d_WMqr2nnBdzmjM,Sean Mccabe,https://play-lh.googleusercontent.com/a-/AOh14Ggrm-EM0OMmHfBlFXeVv69iKR-pk756jzEFqml8Bw,Great. Passes time,5,1,2.1,2020-06-21 10:30:40,,
gp:AOqpTOEuDcd0qTiavSUEIze4EWU-VLLlNcfzzJQwurWoR6QpWdOogAPf_GTXtwlCkPuP6UNZRenwB9z5qkaW3n8,Yarzar Oo,https://play-lh.googleusercontent.com/-XBztrHxkIdM/AAAAAAAAAAI/AAAAAAAAAAA/AMZuucmAp9f5vGBwgPV2QgavbpkqpOi9Vw/photo.jpg,Ok,3,0,2.1,2020-06-21 08:00:27,,
gp:AOqpTOE-HQGjH9m1Gk1I3A297V5ndQA7wDz18NzFCLLq7VaZPbPBqo210njpjeLz3Q3oIczXj3odwBDdI77M-B8,Philip Berry,https://play-lh.googleusercontent.com/-h3lat3X1pp0/AAAAAAAAAAI/AAAAAAAAAAA/AMZuucnT4WvGsdy0wG3jyJxYXjf9u62E_g/photo.jpg,Wonderful,5,0,2.1,2020-06-21 00:36:53,,
gp:AOqpTOHhSMnahJW0jzAqt4AZ59BsWJwAp2G7v_TUcHRjwaQT7oflcoGrW_hxT6l1t41HW8U-HkgNhpAvkdEeYnA,Tara Lee,https://play-lh.googleusercontent.com/-dZ--cZAOEDk/AAAAAAAAAAI/AAAAAAAAAAA/AMZuucm1SPTg47QGZJyuFZtpfx8_NG-9kQ/photo.jpg,Enthausatic no playing,5,0,2.1,2020-06-20 22:41:00,,
gp:AOqpTOFyQD7SzAOubL57JwCyr_TWIoYviFeNNDgGNOgmf2EkUiROt8VGce9HuCnvd8WxxVhqWFVHwmS38Qg1GVM,Mithu Islam,https://play-lh.googleusercontent.com/-Vkryeae52CY/AAAAAAAAAAI/AAAAAAAAAAA/AMZuuckl9tlwA9_5KTNr79jVQZ9oflbdIQ/photo.jpg,Good apps,3,0,2.1,2020-06-19 07:17:57,,
gp:AOqpTOHwb_hIW6s9YeynB-59wy_N79sJQvUgOMwQUnK0EwMyjqO-gQnuT72wWXClRYYBVksrpJzx6QLnTfG3Y8Y,Latasha Wiley Mcfarland,https://play-lh.googleusercontent.com/-NkdsWv9E8Ps/AAAAAAAAAAI/AAAAAAAAAAA/AMZuucmuDN2y0_C0qMbfUBiEzojS25bgjQ/photo.jpg,Nice way to pass time.,3,1,2.1,2020-06-18 09:45:52,,
gp:AOqpTOGrWqbypIgeISZWjlZmmFbSdVi0wyTmsJPBjv9iAeJR1dVAzpuLEOCOCC69q3cLqdoiFifN1c98SdApC9w,Jason Romero,https://play-lh.googleusercontent.com/a-/AOh14GjRlTQsdxY7pUPZltsccXD_pTv3OQ7JrSCk_jZsMA,Noice!,5,0,2.1,2020-06-16 01:16:06,,
gp:AOqpTOGfLhGLy8SzqFjLNW1ivVteYUd66RIdyQNAmNPHE8Q45VFDv9EvJQElhVUc88cBu4CAcYlMK4sDx6u5iSk,FREDDIE DA GREAT BAEZ,https://play-lh.googleusercontent.com/a-/AOh14GhAL__theLqW9SecMo2uIQBVXh2gH4_qU-aCnurXQ,I just wish the had a cashout but they dont,5,2,2.1,2020-06-15 14:15:57,,
gp:AOqpTOFlqPm1czF0cTHpSRt5unwpBokTyk5jDppy2IVbl_zaL3pUYtm9RJztPI5l5BQfsS816l36J24pCrhcqTk,George Johnson,https://play-lh.googleusercontent.com/a-/AOh14Gh_hCxM9MHPqit8ti1loyPm4KXdqqNHvCGq4C0EnQ,Cool,5,0,2.1,2020-06-14 09:56:30,,
gp:AOqpTOHFDHkFyQF5vzvvV_5wwIxrI9kf8cmGlwtXfVeurA59qBpkJUWxArEe-x3PlDYZLBUN93gPoK74auofexo,Marshundria Hollins,https://play-lh.googleusercontent.com/a-/AOh14Gh05I3YiTVY2YEn_ZOtcHSvxGDaP73AJmmZfKg2Nw,Loved it so far,5,2,2.1,2020-06-13 19:32:59,,
gp:AOqpTOHTakaF6zUQ-cP0aeH8zO0gxPtCaIiYG8m7KMjzn9Ca_AWhTqt6kmiFskMN4J78FJRxiq8tP_g6ay8kPDE,Scott Perez,https://play-lh.googleusercontent.com/a-/AOh14GjKwCvHZNpXS3og9OR3hNcYw4zd7Ix1XBz2NaCgaQ,Ok so far,4,0,2.1,2020-06-11 04:45:34,,
gp:AOqpTOG-ERRp4ESgCSS93QSHmkg8XyylgWrBgGKWXP75VkM3UWuUw_hvu_9j47OHtzmjzQkmApIj1REeE0jp8tw,Meghan Shannon,https://play-lh.googleusercontent.com/-nGKSiYo_XG4/AAAAAAAAAAI/AAAAAAAAAAA/AMZuucnCE9kIoiRR78m19nn_BIywEnLmYw/photo.jpg,Havent won $,2,1,,2020-06-08 08:57:46,,
gp:AOqpTOGJ6o4aMwXK6H7eMrPkYvXXvjLpPs9unQnWiTig5F7o2IKyUAluNJN-frCJR4_rFW8UBB_suuy9nWqFPrA,Jester Mckay,https://play-lh.googleusercontent.com/a-/AOh14GjR0CvbmTsYATceoCMeVWhTCzVwsqOQLpthYG6hoQ,Great Game.,5,0,2.1,2020-06-05 09:15:56,,
gp:AOqpTOHP1SFWDwsy-ZzmNc328ybY08KBC7ObsfBtZj9P90sITvUgG1Uqh0WYYLw0TzKtzblvdfR4gUOV3VzqBPQ,Lisa Bird,https://play-lh.googleusercontent.com/-tDxPI3QPAcM/AAAAAAAAAAI/AAAAAAAAAAA/AMZuuckx0Ti7Go_4rOODv8eolzeGBvXWaQ/photo.jpg,Good,4,0,,2020-06-02 13:31:15,,
gp:AOqpTOGbh03KUD9CtuVTGAPSzcDbY62pG3H5pe73wMmpSbXN7AI6drhqupUgd2IYMYF-ZCTmr5Ikyi-6i_wgAFM,Latisha Paige,https://play-lh.googleusercontent.com/-NpPPwXrTnKI/AAAAAAAAAAI/AAAAAAAAAAA/AMZuucmvuY2gN5oUCO53cXd3-saC6ugvYQ/photo.jpg,Just started playing...so far its ok...haven't won any money....,3,2,2.1,2020-06-02 11:02:21,,
gp:AOqpTOHcBEwuwGZ_trM7DrbViqjqcvnKbsl13r_gzEc61JYSLe7VoEv6tfyvtImPzkSIEVV-52pq698IiqRqstg,roy Daily,https://play-lh.googleusercontent.com/a-/AOh14Ghm9y11GvOtmkwW2s7Qt0SGf7h82gXGU3l2AhLtYA,Real money what's not to like,4,3,2.1,2020-06-01 14:46:24,,
gp:AOqpTOGgB124JvzEgtz5g1iDwCinYzApJyK6--UkdqodxrjtDguWhD3Pk_LUcNyzajn3z8Zd0LNE-mpbQrgWEHo,Eva Elj,https://play-lh.googleusercontent.com/-NWctbZohESc/AAAAAAAAAAI/AAAAAAAAAAA/AMZuuckqVGVYj0cYwT2at_JSJVCxxkfA8A/photo.jpg,Slots arevtoo tight. Not high enough pay outs.,5,7,2.1,2020-06-01 13:01:43,,
gp:AOqpTOEczrwLDFJjww3xRq1g0y8dCv7j58FYPQPMLlHFXiq45LqMzbcT8DC4wbj2uC-9zXc8FE5NkQW2B992dwQ,Carla K Belt,https://play-lh.googleusercontent.com/a-/AOh14Gg3ZfsXaERoHlYctEHqqT4sAmOCH17e442Y39ag,Lots Of Fun To Play & I Got Great Pay Outs!,5,25,2.1,2020-05-31 17:40:24,,
gp:AOqpTOGNmGOmOlc48Gv3Mh8ttAtbuSGBPwZumqcU01n4vGHJdTwHi_w7dqZeQVnyyGhpkE9TVZgGsk44LFZya98,Jolene Heistand,https://play-lh.googleusercontent.com/a-/AOh14GhreRM69TqdUHZXcHGsFQKTw1_JduRkwOwoJYzHaw,Not worth a penny wth,1,4,,2020-05-30 00:27:15,,
gp:AOqpTOFD9LSA3XrWyLJgZfhiAmKpKIWz5SKikt966D_g5hlPzOKep3xzAA2y53rstyKUIa7bzvjWpoN7abF1iKc,ENZUL MENFEZZ,https://play-lh.googleusercontent.com/a-/AOh14Ggdoo85Z7wsCEWHxd6ZiVSpw5_b3AaR0pTA9IFaHQ,So far so good i just dont know how do i cash out or win anything real,1,6,2.1,2020-05-28 13:40:09,,
gp:AOqpTOHfq5hrELA1WCAN5_pdYZ1tkfSa1sQGgASfUoCRylFwmEJqg6PWBcBKqHvXnVxR9hhzkLMfvYR0qZaSx-Q,Eric Gonzalez,https://play-lh.googleusercontent.com/-tLkItGs72wg/AAAAAAAAAAI/AAAAAAAAAAA/AMZuucmvtjpAF3Xa5JLJ09JVnWMoDmzUhg/photo.jpg,Fun.,4,1,2.1,2020-05-25 10:31:48,,
gp:AOqpTOHOudWu0FnFtyDTanU26yCvTKfYoZxhHLj6CmjTRkYlRHJl0eKCkb_7oRa1UcJi1b-zybSDXHh0fvCQGA0,Gisela Wirtz,https://play-lh.googleusercontent.com/-wo-vMF4JhmY/AAAAAAAAAAI/AAAAAAAAAAA/AMZuuclPo1Q8Wp8Hu2XxMRH6Ccg0yMxgtw/photo.jpg,Having fun and great game enjoyable,5,3,2.1,2020-05-24 18:01:38,,
gp:AOqpTOHQ2LQAnY1LhEf8nSM4lagPgTwAF02uBb9bvX_er9_puThzw9P4q-abYui35nKu6itduQIIh2v7NxeBkTI,Raven Burdge,https://play-lh.googleusercontent.com/-U9chAGgPCfY/AAAAAAAAAAI/AAAAAAAAAAA/AMZuucmV8Q2ubHaY8sqKXowq6rZT9OgAkg/photo.jpg,This game is so fun i love playing it...So addictive,5,4,2.1,2020-05-24 02:00:47,,
gp:AOqpTOFru15wMra3_mmY30Xcup0_dIr_a3bpusDx5z7Pk2d5GsLrFnnrW40hUgewxKmIuDj__O31unsdmHwJjy4,Joe Gonzalez,https://play-lh.googleusercontent.com/a-/AOh14GjnVihtjCN4F4XCgmOcy47KfYwTGMulyvyNlOuy3A,Awsome,5,1,2.1,2020-05-21 07:17:09,,
gp:AOqpTOG5iizzqVI_JfOLoOTFMFJ_W7so8q6o-85F_8ahrsbgSn8XTL8RZaUjVzM4cyN_UaPlmnl5fojCK8jBZfM,Adam-Trevor-Richard Turgoen-millcoven,https://play-lh.googleusercontent.com/a-/AOh14GjpH3St6qKi5oS4_y5LJ6qoxHW3xdpgta21TLom4A,Good slot yoo,5,3,2.1,2020-05-20 19:08:35,,
gp:AOqpTOHAH9ZUjjYGP2oXO_xmzrL1GZu1rPChOC-pYNQho4CZllvg58rA51Cj3GLkMQGkTQCUNI7CRnSbbSwthhE,ROBIN WORLD,https://play-lh.googleusercontent.com/a-/AOh14GjVZvwudlsF4-oql1EPjZKd16BVq_gU0a_RCoIa,Nice game 111,5,3,2.1,2020-05-17 10:01:16,,
gp:AOqpTOHMTETM2JJo__6mVgpfCv_PMg6U8zv8bojEVtPHjKw0Vu4qpRfkuJLABbivR_qr74G3QUF8Ye9razJHtew,Lisa Bird,https://play-lh.googleusercontent.com/a-/AOh14GgAheCLUL9f7hcolkf3aON6OsvjwryQrEbeWjVtlg,Exciting,5,1,2.1,2020-05-17 02:31:42,,
gp:AOqpTOE0yijkSvsvlfaxNTIyja_ydFFTgfWp9ryrlb7P_lOkOb0YI6IWnRYgmyqlzUmUuD5ncct-CPfvbaR7vPM,Alisha Nixon,https://play-lh.googleusercontent.com/a-/AOh14GiI3vYihqnswzSDreqbFNictL3A5gSeufK9wXNASA,"Pass the time could put all slots too together,,,, but instead u have to download",4,29,2.1,2020-05-16 19:22:38,,
gp:AOqpTOGjttdBXxdoBx2WiEaMvGrDWmqiQOmDFF887iA6cREJK7ylrkqq-bRLU-0FBas9igOFrze5kfwuy1ixolM,Chris Holt,https://play-lh.googleusercontent.com/a-/AOh14Gg5VYxSm_3QVdQ_OjOSFV8WvBtEaLx-IlXirAMYCQ,Good,3,1,2.1,2020-05-16 00:30:56,,
gp:AOqpTOEYk7A4qRBbK9yMasoOM9d7QaLitfIfYTKZ_TlbC1PVEHqau_xGspdZPafhWyhcZTFdMsg2ekmyV0FNceo,Kathy Miller,https://play-lh.googleusercontent.com/a-/AOh14GgSWHnVHXyXBewq_OPs2CNoOPvL4dxsr9gBXQrhxQ,loving it,5,1,2.1,2020-05-15 14:01:09,,
gp:AOqpTOElmWRhLfMa0ZADFOEik6YBOL6jmtgyDuZHcuZx0KO7CoQXfMg79x9xRAIEmCv1vE3380RPcod9ehkBVVA,Rick Jensen,https://play-lh.googleusercontent.com/a-/AOh14GgMmmIYVxXO9F9cOGsOJ_sdgrzehPE9qpVwLG-YAqo,So far it's been fun,3,3,2.1,2020-05-12 22:31:08,,
gp:AOqpTOFD92if89K7Fxn5TWM_sYBStfcq0n91JldmBPIndUIkgfQ7dPJWOH2PmYlifmnBVvS9E60k0Po3pWWqkJQ,Edward Tauhore,https://play-lh.googleusercontent.com/a-/AOh14Ggfdwk39ND4zpX7V12wxnWo5OjLsmUgqdhTRiCF1A,👍,5,0,2,2020-05-11 18:33:10,,
gp:AOqpTOErTRDSJxLvL_nxcdCqW4t8P34d5zt5fXLhstY0CwPRfcHyWVO0t3C279aM7Yy3nu46_-7476UWocLhpHE,Shelly Heaslet,https://play-lh.googleusercontent.com/a-/AOh14Gi4-G_n0IJleTT0ZJhnE2yzrfnuRTw7hkwMKdfcug,Love it!!! 😉,5,1,2.1,2020-05-08 02:14:50,,
gp:AOqpTOF4_qV83GAJZUeeQ-G7AwYMTIxT1BIPQaEx0Fi0o_6z1h9guVqxq0J0iKQI1OUblSqKoBF8JuTSN7lDkb0,Holly Lillis,https://play-lh.googleusercontent.com/-IiQCzwBinNE/AAAAAAAAAAI/AAAAAAAAAAA/AMZuucnGGi_U3WfWt94R2PHnnsL-4TnL7Q/photo.jpg,Totally love it,5,2,2,2020-05-06 12:01:24,,
gp:AOqpTOEeuLcMgU-xS9jxpf4XkSUHcblThXDOVGuaJOCfm5-dEDDp5crPCY1j0YML-3mvWXSNsCiO5wNpV3OJcac,Joshua LeBlanc,https://play-lh.googleusercontent.com/-40r3_AQgyZo/AAAAAAAAAAI/AAAAAAAAAAA/AMZuucmokKSZcVrrn5HVpGl313JYqZ9qkQ/photo.jpg,It is what u get for $.99,4,3,2,2020-05-04 04:53:39,,
gp:AOqpTOEVJbb8erhy-h5lj_LupaY6vLn3KzrbFD-f3GCMVgIZuWllUHpUBEyFpshes17X3x5g0rpVGu7-d9JF3vU,Cole Jamieson,https://play-lh.googleusercontent.com/-S5mNiI0eIM8/AAAAAAAAAAI/AAAAAAAAAAA/AMZuucnh-lr95Uv39d-zD7CBTWfQBxz-lw/photo.jpg,WOW,5,1,2.1,2020-05-01 19:32:57,,
gp:AOqpTOGIIDnS-9O3tHgiTH5Y8B7APBfjiEZdyOQ8FX1VMINmTr6U2OLdt3HWmbJXMrzqIoi2yojtKbA6fQU6xos,Orianna Bankston,https://play-lh.googleusercontent.com/a-/AOh14Gie7fpMnPILWSjGEI09Ccs1CL2wbqwXQnRt3RjnOQ,enjoy.... worth playing,4,4,2.1,2020-04-29 22:01:02,,
gp:AOqpTOGtY3a-gFDXGb2-RJigbCe2UoSdmfgaJQnRgKtEoFcvTxexpNfwYWK8r8Ic0eqYw6AxP9KW9i4_WlOH0Vo,Jackie Coyne,https://play-lh.googleusercontent.com/a-/AOh14GgDXkpo_2NKDzAtrW47D6iM6VvQiPV7WRM9JrLeSA,So much fun!,5,2,2,2020-04-24 21:45:31,,
gp:AOqpTOF7rgjBL8HLq8Sa-wrdcNOxWSjfTHr46rPkfR6DS_BqO10sFX8yc4K0UXe4-M63cKqMOLXfIh9mb7w84x4,Penny Fletchall-Cecil,https://play-lh.googleusercontent.com/a-/AOh14GjriQFlgPonJQXlM43jqnPXaLBFPhoX9Yr1Lgx1xCs,No big $,2,1,2.1,2020-04-24 17:01:04,,
gp:AOqpTOEKeIYGIS1lMEbgmA89xfcaS6zsH9xSQJ_UbjnfDPJe7EQbvir07vbHL0UkU_dbAuRvJ_D3KMBlU-3fnS8,barb doucette,https://play-lh.googleusercontent.com/a-/AOh14GgHYzhdYT3s9G8IN5QlRm3vYKpKv4VoCdJQo-CifQ,Pretty good,3,0,2,2020-04-20 17:34:46,,
gp:AOqpTOEnh0CQoeQH8Vt0AxlpdllFSHD24ohithKn1gGZg39tOFVWEtdsYkCpYnVGDzH3HdPZu_hqMfgYV0IwO7w,Angel Sansom,https://play-lh.googleusercontent.com/a-/AOh14Gi3Jp61TBIINEOGb1oUdDQnmeQ0hWRBbLFcM2VtJQ,Very nice app. I really enjoy it.,5,3,2,2020-04-19 16:39:57,,
gp:AOqpTOEg09AD9qqdxmgOBd6IcQmClZ9AAHISNesK5tzcaejCxphXqKuFqXsQ1_Ru5KI9x9jXaAlSsduAm3hCCRU,Pearl Monroe,https://play-lh.googleusercontent.com/-LGrSYSk5kRo/AAAAAAAAAAI/AAAAAAAAAAA/AMZuucm2KNJ0fwm6ZQEGQASwi07_Vza9tQ/photo.jpg,Ok,5,0,2,2020-04-17 19:45:31,,
gp:AOqpTOFczz1lhs9A7ID1N0ypZ4Aah9V1AS1eJqaVjn0ka12kKykrCwJdCQDwlmgv9Mnt820fxEQSKPyInK0SPtw,Loretta Stahl,https://play-lh.googleusercontent.com/-8Mt0MbwSxCw/AAAAAAAAAAI/AAAAAAAAAAA/AMZuuckND4TuBPq-GyFr5J_VdydPadDCLw/photo.jpg,"You win which is fun, then you lose it all. Still fun",4,5,2,2020-04-17 15:31:32,,
gp:AOqpTOEnctdAFs_rl7G0a99Pom_mZQAwRLmmM_E9gBAvwGT2nf2w76MIY8DC67qI8bvCeQLkui0yqbRK1vJ9Nf8,Lori Gray,https://play-lh.googleusercontent.com/a-/AOh14Ghc34nNHzbmzzCW9r_vSHjZ2JkJ3TAkSxCmawK9hg,Cool,5,2,2.1,2020-04-17 02:01:03,,
gp:AOqpTOGeIny61BpTiqYUZFzbb7_ArE411CuYHt7eYZ-4T-ZQOXYpcwOV3MR5H1APMcnRFZnWJ6y2fucZpQCzdd4,nakeisha brand,https://play-lh.googleusercontent.com/-VowY_U32qJo/AAAAAAAAAAI/AAAAAAAAAAA/AMZuuclB0qRMQWsrotdP6T-4b0ZpnUoHfw/photo.jpg,Awesome😊,5,1,2,2020-04-09 06:52:16,,
gp:AOqpTOGsXiUjuEQNXnO4ZX75HCSOylwkdko0ka19TQxTj2wyj38C8rBvI4hgsACVga2z9AVnZvcVeljGYzvvPVQ,Nichole Boles,https://play-lh.googleusercontent.com/-k7L8Gh19-Ho/AAAAAAAAAAI/AAAAAAAAAAA/AMZuuck4H6N1U95qxUeg_DRupoyjn9PAxQ/photo.jpg,It's alrighty,2,3,2,2020-04-08 10:57:15,,
gp:AOqpTOEZ40opPIkAsRlGAgy0i_uNxxoIg2N0ivz8K0tY8vVPY3R-b2gMDsPI5Tp1Q5QhlCdFmKliMOmT31J5CUM,Tim Southern,https://play-lh.googleusercontent.com/-oWC62ff4GRc/AAAAAAAAAAI/AAAAAAAAAAA/AMZuucktCQ4P0maZmIsv44PGwC76PJZY8g/photo.jpg,I like that it is straight foward!!,5,4,2,2020-04-06 12:01:20,,
gp:AOqpTOEeOhjUrHl3zf8J5mwrQmniGoaK7PWCcec4_NYYS2egXqu7z6kRESiw0rC3uin1rlvwpDzjGRPw7aE3Jxg,Raymond Mosby,https://play-lh.googleusercontent.com/-Ifjwu-oins8/AAAAAAAAAAI/AAAAAAAAAAA/AMZuucny7ETQ7b4DzSbJiLEm-QqA0REtCQ/photo.jpg,Good game,5,0,2,2020-04-04 23:01:18,,
gp:AOqpTOEVBLZR9rZwZpwPNLjGLm5L8X-tzUp79ZvizUWmWAyOalXmrRZDL0rmwxUhvx1L-l9iSRd2bNzfdJy0sA8,Lashonda Burney,https://play-lh.googleusercontent.com/-Q2AjqpoeJyY/AAAAAAAAAAI/AAAAAAAAAAA/AMZuucmR0GChTPqz7HBJSK3ONVlhYHrvjQ/photo.jpg,Fun,4,0,2,2020-04-04 15:38:54,,
gp:AOqpTOEirZ05yRIbQkBxK5Mjq5dXwkh182BAK8ZBe4TrNnJl5xDjyhSi9qBm4hMmuFtlL-4j_Q9FQ6uBhuzn2BE,James Forbes,https://play-lh.googleusercontent.com/-4p7abd9hwOw/AAAAAAAAAAI/AAAAAAAAAAA/AMZuucnbnBi-yscryhrSbxxd06Oa67WmXg/photo.jpg,Hard game to play but fun....,5,4,2,2020-04-02 22:51:14,,
gp:AOqpTOEDqBPBDMZWC1R5dNDEs0ZB3YjNDmj23OOKj3x3pjd4COr6Y-5ErZDP8YTu4aiZDUiYtxxPH2aROVoykTg,Gerald Holtzhauer,https://play-lh.googleusercontent.com/-mUmQkEe9zW4/AAAAAAAAAAI/AAAAAAAAAAA/AMZuucmHpfZxNxSAXLnMy9Uj0QcAiRI3fQ/photo.jpg,yay,3,0,2,2020-04-02 17:18:43,,
gp:AOqpTOHZrxoAW0xIzi0TMuusJ0zd8wUo-MHjcAOHzFSSZX8qYdK6wRAeymnesUoG2ZJ2-pC_fM91jr2zR9IXqFQ,Marie Poissant,https://play-lh.googleusercontent.com/a-/AOh14GiZg-V5zSwkBSKgKzpFro_QjlEmkJBW_0KZi4v8qg,Cool😁💜👍👍,5,0,2,2020-04-02 14:49:37,,
gp:AOqpTOETXwlhNevPJnvFAHpwhWVfi62B7n3-XrTnCnTFIm9k7z2PQPJZuFhlt_6AAtazR5M_8SuNrGJBo1BOSRg,royce cowan,https://play-lh.googleusercontent.com/a-/AOh14Gif-xMAOKtT2cnSnc-RJuGrPR_xPx7P_gON1sah,Not worth $$,2,1,2,2020-04-01 04:14:47,,
gp:AOqpTOFTxGKsPcHHzMQbhWXQ15hOFtXhenwXHd_MOLAYjL59rmvxaL76V9gfI5m_jXMDg4WT9S9Sf-iKrNfYwMI,Johnathan Coles,https://play-lh.googleusercontent.com/a-/AOh14GiL22qCOGcwChjBaIT7CbQb1X_zEcLyHLCdndEDlQ,Gn if y,5,1,2,2020-03-29 21:45:34,,
gp:AOqpTOH7OTnWfnLXhhM09Uap1kH40kTtUcAzVQ_IixuaSYzWw9pBDsjy8Bx45-lEG5DnoJRz18MGT6uExIODN4A,Gustavo Rodriguez,https://play-lh.googleusercontent.com/a-/AOh14GhcJAM8oWj8-jqMa63MWcvqTZx9fzIuYNucfinp,Excellent,5,0,2,2020-03-28 15:31:22,,
gp:AOqpTOFW5yczcc8kUhbFXIueyLPYCT8MRmgNSUpbn9aCgkW5NBVvaWYs1v92To729TAliIxi1vOniNmNsSp0Ozs,Anthony Anyaduba,https://play-lh.googleusercontent.com/a-/AOh14Gg0Kk0CeOQhKNgZWBQXBDLjwafAKFihGrsM012Cmg,Payment is the cash source of lifestyle which brings peaceful relationship and help you help just one person who needs your help! Come to me all you that are heavy laddened with need and you will find help:cash:$: indeed!!,5,7,2,2020-03-26 05:29:09,,
gp:AOqpTOFZCXAv5HWOtRLx-9H4K543MA4pO_qv45MlAeVTsmKk5lN36c8omnxNbfxDCLge241em5eD0KSU5C6voc0,Boss Mane,https://play-lh.googleusercontent.com/-rUbpuK-ErjE/AAAAAAAAAAI/AAAAAAAAAAA/AMZuucnkr0gb5-Uo8T-3VwI7qh6fmViOvw/photo.jpg,Entertaining,5,1,2,2020-03-25 22:03:01,,
gp:AOqpTOFqrgPCXG4-6TkIV9WlpkqyNUiEOd7RkyGNmlW9aoCTQKjVwu2lNxdRNQWQVODlcxislpzRBEe3LPtysQU,Gigi Herrera B.,https://play-lh.googleusercontent.com/a-/AOh14GhNQegkkW4dd1G95KT3so6UM9WF9lmjAqc9t-PH5Q,Fun Game $$$,5,1,2,2020-03-24 02:45:10,,
gp:AOqpTOHKziBdxYW-c3oqpaHR4uAg7SJNpKbd7a9PqSs_CBZs6V1EC_VrZL81dFfkaWhQuuUEgxaLvLQPMyIukF8,Spottsville Darrius,https://play-lh.googleusercontent.com/-qcWtcinkiIY/AAAAAAAAAAI/AAAAAAAAAAA/AMZuucnzjK5SxWG5Z8WJLY_N1_bg39t3hw/photo.jpg,Awsum,5,1,2,2020-03-22 09:45:58,,
gp:AOqpTOHh8RU6fE9nlAEbApUaSKUyF0foXOqMSaty_bKfNhJwgngmVJtFzha46_YDG0sDwd7_wt19uY61vkgaBKY,MyMusicMyWay Pamela Lawson,https://play-lh.googleusercontent.com/a-/AOh14GjbYhq4JgltYzJOJAAfsDQhD_5bxjn9AZasiZRZdA,Great,5,1,2,2020-03-20 00:01:00,,
gp:AOqpTOEiS2yy8K4_9jx0fjM0xc5k0rGzk88-Ez_b4P9ng2Iq-qUu-xeavdNsoGGNaTYzXTgBjlzxflPkHPT15uA,Henry Otis,https://play-lh.googleusercontent.com/a-/AOh14Gi9vxOAxqjGgT1N0Q8-RauFhS0X2ZB0J4ixuUmvdA,Great,5,1,2,2020-03-19 13:20:06,,
gp:AOqpTOGAWsisEofEd_t-yCDrzxQ8f6LztMkco2hAB-EajdG9z8lrRt8l_bmhzqkrXYIrV84Eji0BgalUKhUNazg,Jamaula Harris,https://play-lh.googleusercontent.com/a-/AOh14GgMRzgENohOP9H10S5GoWIzfnpnC4ATghdZbiY1,Great game,5,0,2,2020-03-18 21:46:13,,
gp:AOqpTOHZLapkwDrJ4gTiy6mYrPDHDkS2ry9_bK1Mh7IEArotVT29O5CJ9CUgS1bOhpUuodKtWD5wo895KeOTmIU,Keith Foley,https://play-lh.googleusercontent.com/a-/AOh14Ggp639FevC_c-Zo3sfJoZJCBJa1IIDEzsxhoqm95Q,Nice,5,1,2,2020-03-17 21:45:52,,
gp:AOqpTOGdoAO-fG0TSoDe-grSdlNlX_lVrp714-vepKBh3BZ_H3afhM-IhFPuUBD8V9UETmswwwG5OcQ18xOz3-M,Ida Morgan,https://play-lh.googleusercontent.com/a-/AOh14Gjvz-gCmW8zQx3zyWCNtctIotUDOg-FZFmkzQ_EjA,Fun,5,2,2,2020-03-16 19:30:30,,
gp:AOqpTOGSHmeHakF8mOU7HGfdDAdR_I4ClWmQ7cCSaRAVF9z3clExuj1h6QMMX8F8HWenCgod02YD0kd9IMSc_GA,Archie Faggart,https://play-lh.googleusercontent.com/-g5O9IQFUGBg/AAAAAAAAAAI/AAAAAAAAAAA/AMZuuclol-bH4CEn7Tc-LqG0OrOkeiPxzg/photo.jpg,Having a ball,5,3,2,2020-03-14 14:15:57,,
gp:AOqpTOF9GuQ6wgQV0trS73zZaytLpbvH3tr25nZIrUKHYm9xRaR7NyVEAKlvHQ0yWZdHBwaQActf9478_TiQ7_A,Larissa Jama,https://play-lh.googleusercontent.com/a-/AOh14Gg7MMcvXyy5oWnO-MiEUpbUnjVLy_6AKb02hi9fiA,Fun,4,1,2,2020-03-14 12:00:55,,
gp:AOqpTOF4W68_Z4hh_JuPMGwHK-BzekgCOIxQ0XHGly0TqT0dY11MSuH-mOtjWdn0WzNLXlwqNIy-Z8fBVKezIIw,Gary Mcfarland,https://play-lh.googleusercontent.com/a-/AOh14GgXp0g00wfcUFs1WI7gmAbMZdxeslkbDgzRTB48PA,Just started game.seems ok,3,3,2,2020-03-14 10:16:02,,
gp:AOqpTOHXT3nAdtgAcFY-GjiQr-S4snvPbyKXpE9Lz3E6hHA8BEEr8C_-1i5n7U8LBplNVkH0N5pylmUChospVNU,Tim Hillary Balcom,https://play-lh.googleusercontent.com/a-/AOh14GiP0q8gyBzbyAdVIp5cq17077IdiYIIICUjMmiz8dk,Great. Love it,5,3,2,2020-03-13 22:37:02,,
gp:AOqpTOFv5fdP6lp1QRQyHZHaksbBXuhk3GlbTQwEfYpPqAJJgAfmJe9_N-z8dFvejguZlH8p4TPIn4rZ7TjIpEE,Louis Giongetti,https://play-lh.googleusercontent.com/-FX4Pnn1p2GY/AAAAAAAAAAI/AAAAAAAAAAA/AMZuuclnzQasHjv0lRcFkOMzEKazsW1vJg/photo.jpg,Like,5,1,2,2020-03-12 13:43:06,,
gp:AOqpTOH1BvqNQEuIDaum4gGgFLNmqmxfzFUBYNipBlkk1dEfIwuPim0_OwVY17WoenC90TaojzfX1-cveGNtT-Y,Mellissa McCarty,https://play-lh.googleusercontent.com/a-/AOh14GjQ27gB_psP8lgLyyFxH7WtHPiAtP6Tn9c1K-KqMA,Good! 😁,5,0,2,2020-03-07 22:45:35,,
gp:AOqpTOHc0O7UMz0juXTdotay8zvIoQ53h_XZ0HumgfXs7jRBodprOPjhdptbqRhqkBHaDI9BgWcwqG9yVGt0zPo,Carl Morrow,https://play-lh.googleusercontent.com/a-/AOh14Ggk7NIIs43QTtj2lcici1gO3yUOIUqPptlMus8SPg,À fun game to play but the payouts seem to be few and far between.,3,35,2,2020-03-07 05:10:29,,
gp:AOqpTOFLF9UTq0wbTLeLvZIvwZHOwwTDIfldpvQZk8nqke8-MsVieGq6EF5p0BLel632ZmRg-pKxzyY0TNshqK4,yvonne villanueva,https://play-lh.googleusercontent.com/-0-74FxCaux4/AAAAAAAAAAI/AAAAAAAAAAA/AMZuuckXH0pAfblRZ1IVr4No0b4JEZqY7w/photo.jpg,Great game,4,1,,2020-03-06 08:00:26,,
gp:AOqpTOHOwoCOdBmpL7ZGMa_xvXgMdjFUPdNe-gaq4bF7qMLWK6oN6mZFG3F8CF1_LjV9RIIyH6c1UtJxMN_1EgE,Ronald Baldwin,https://play-lh.googleusercontent.com/a-/AOh14GjEbtNIWg-YVzYkfqMelFCjIXfb1JsYme_aUPPl0Q,Ausum,5,0,2,2020-03-06 00:15:35,,
gp:AOqpTOGmTbt0wqN2wF9eQTkIlgXA9EjgejqWuoO4UKLDcGf4ix2KJqBI0EbJ25PtNf1tNCCjP4DmZzYRvKIfSVE,Bub Huffman,https://play-lh.googleusercontent.com/a-/AOh14Ghz3k60gD3Dwe-TisYvrwji2pEjlp6TcF2E8n8a,Awesome and fun,5,3,2,2020-03-05 22:46:12,,
gp:AOqpTOEp71Kwnss1qxjqoUf1UiTmK38O962tYhnYI6a33U10-cLJoCkT3KKXCISY_hm_j82jlsZ3_bojA5H0sc8,Daniel L Habhab,https://play-lh.googleusercontent.com/a-/AOh14GhiVOBJOGWLrqUuhKW43XjoQ6a7Z012CGLpQJMA7w,💜💨💜💨💜👊👍🏾,4,1,2,2020-03-03 20:45:29,,
gp:AOqpTOE-_o5QVJs3FpGp-Z9zbzDk7QBUNk8SWoS2aMqmOZXo_HrS89fyj82saaFLP-I9z50TqG7waghyA5rMRFk,Lynn Reed,https://play-lh.googleusercontent.com/a-/AOh14GjHboFTQwM-GI4vrhkYoyPtWCyHbkK8Xp3IXS5o,Surprised to find only ONE game!,4,3,2,2020-03-02 21:04:27,,
gp:AOqpTOGMrJiIOQXqtN3GauoktB8S2a2S8zM42B5ZeBVwECra4Dyqrkl9BwL-LmwkpSk8j9xbUKKw8O04Q49USr8,Marchello Stanford,https://play-lh.googleusercontent.com/a-/AOh14Gg3w7zw9xqKCe5akElzUPQ66tFeJZYLzq77Fs2ICA,Gfdb,5,0,2,2020-03-01 20:45:21,,
gp:AOqpTOFEA8zOXTmnXnyvT_SZv2dDcqUbEoYBJDfkC2Lngcj1PL-FsDm9sSehG0xZMWTy3EiNp1sOEvIiY2bTSkA,Luis Hernandez,https://play-lh.googleusercontent.com/a-/AOh14GhKtdAzZNnrEfUk-v_ZwQ9_4lU9LprGGOD5R39bww,Cool,5,1,2,2020-03-01 05:46:37,,
gp:AOqpTOHR3snh4QV8WbGwpsuYxmFONVhu_hhUnrRqFuX_HxCK_T-k6dwfePdnG6GAp-BUGS2FsiUiKDgBcwKGzRE,Rosemary Johnson,https://play-lh.googleusercontent.com/-maFlpfQ4N6Y/AAAAAAAAAAI/AAAAAAAAAAA/AMZuucmXC90AfEtP9nbtyCd991oAqaaLPg/photo.jpg,The best part is no ads!!,3,9,2,2020-02-26 08:43:43,,
gp:AOqpTOE6345lKsj_an9AZPdKfZ2TEU_Q3zxGhEm-3W2a-AfADDqdruzrPcAIz0MIgFreyYQ6LBKxkl62hO7cn9o,Pam Hebberd,https://play-lh.googleusercontent.com/-oqbmGA-cMYA/AAAAAAAAAAI/AAAAAAAAAAA/AMZuucnRMDEGZPvcmuwVVgsnqxte9fZHXQ/photo.jpg,A lot oc fun!,5,3,2,2020-02-20 16:00:13,,
gp:AOqpTOEroHzho-G6CqAvCoRgnK6XtRE5XGk6tQE7azYLwWqAAIrsbDprSgZjFwuF3dUxXNzuLmnoTDjzO5jc6Vw,Joe Gregg,https://play-lh.googleusercontent.com/a-/AOh14GhB4yMNL7ISNNGZmGliNuFa1Dgf1lBTWSZDShjY,I just started but its very fun,5,5,2,2020-02-19 10:46:20,,
gp:AOqpTOFAHHeizVgTl0C4Qy4KpQZP1ScBy7AHm2n1ZIAcULGxaSqtfhdd_oeCnJpk3y3ZjdB9Kul0nmO4KUvP5O4,Steven Reaume,https://play-lh.googleusercontent.com/-hcDSvvm5kkc/AAAAAAAAAAI/AAAAAAAAAAA/AMZuucnWYkoqxRNBYpjwIN6upORAb4vZaQ/photo.jpg,Well It's fun but I'm not sure if you can cash out. Give me a few to play with it,3,4,2,2020-02-16 10:40:22,,
gp:AOqpTOETKqsok7WJJzUlJPx0PYHI5lvMuWf2-SSvfN2ZGBT_hIoC-C4naE0FNZzjuOBzTMOHpx41SHlHTuktGgw,Travis D Heath,https://play-lh.googleusercontent.com/a-/AOh14GhFAi9zgitrBJZYs7ncfI0-noFfU__N4zvjn552,Sweet,5,0,2,2020-02-13 15:36:37,,
gp:AOqpTOHBAoQVtCGtd5C2QRpb5CHmtU-f7x7sNHciJmv8RSZfqdA9woEpNLwbIOStKV2-_Ob3yTZr6LoU89x3_L8,Ester White,https://play-lh.googleusercontent.com/a-/AOh14Gj9RUDAPzNyOra7wclSex48RdIXfZ__sgcmBJbCLQ,Awesome game,5,0,2,2020-02-11 18:31:11,,
gp:AOqpTOHFNVWocww15Sing4q8NUU8ZjPnFJgqwMj5lzzpzVSptS3jGKRM7dM4WPgqmU6DdGBj9N22BwlQpEz5Rbw,James Provancha,https://play-lh.googleusercontent.com/-4N_iLvsKr9M/AAAAAAAAAAI/AAAAAAAAAAA/AMZuuck08A6IffKRsT767CR_mvUIuJ0_3w/photo.jpg,One of the funnest games I've ever played.,5,6,2,2020-02-08 02:45:50,,
gp:AOqpTOEccBVyZ5-y9mPCaIUtbDH_zsCQtrjSXp26vg7_MR5CWg-WlcZqkwU7Zy8tHZM3Mskv2ULCqT5m-3eUKmo,N. /. A. N. / . A.,https://play-lh.googleusercontent.com/-FCWyCCqTBjo/AAAAAAAAAAI/AAAAAAAAAAA/AMZuucljV2YrlCl6TTYwFd_MrexDFqtANA/photo.jpg,Just started so hopefully it's a good game,4,4,2,2020-02-06 16:08:46,,
gp:AOqpTOGdbW_87BrFZdwZAFHnrsBiGPDUSGYfDerE5LlFZ3rsdsgaZMQpR7SFXAffVJzIZ3qzENDjxtBC7RRDEEw,Jamie Kelley,https://play-lh.googleusercontent.com/-PN5eTY_BiXI/AAAAAAAAAAI/AAAAAAAAAAA/AMZuuclfEmpz3u9_hwxj6s-Bn2tdA2eYtA/photo.jpg,Fun with your friends,3,3,2,2020-02-06 09:30:52,,
gp:AOqpTOEY8zCB9NgYJmbrgvpYrH67wq8ev6N5pVIbNRiNIjn8SGl28fekaP4JLRbR5ZNHMsEBav37CS_FGnn_RyA,Scott Spann,https://play-lh.googleusercontent.com/-7sJvmfdeUd4/AAAAAAAAAAI/AAAAAAAAAAA/AMZuucl-ctEy0FT3EnbA4eZx91kRkTl3xw/photo.jpg,Great,5,2,2,2020-01-24 23:39:35,,
gp:AOqpTOHOxp7_L84g25js23SUObRAComAXqy8_Q5bM0SbwOBnH5yy_CAA83QPN5n3TcaOiYmXfHA_i_h4qY3o9FA,TIMOTHY MERKLIN,https://play-lh.googleusercontent.com/a-/AOh14GjpxEc_X9SuvJFvKOlJcckHluD7mgQDrQj2269-,On my 3rd spin i hit a 25000000 jackpot,5,4,2,2020-01-18 17:46:09,,
gp:AOqpTOF4Yv7qXY1f_JSr0qBvEiJlpa3q4AGbnEhR7hINJ6BtKTQRCLHGqFQ4R1i0Kn8BLSc9WXaNbMEEwsxzLZs,Laura Ozuna,https://play-lh.googleusercontent.com/-Zn8Yv_qKn9I/AAAAAAAAAAI/AAAAAAAAAAA/AMZuuclm55uH5wi_0pIdBevc17hvcG4qng/photo.jpg,Like,4,0,2,2020-01-16 16:31:33,,
gp:AOqpTOEbWhLZF3H1Qo9xi6HuijsbZTpZbUV4xATEKNH_AvOktnxWpWJgpoNhBAGrBOBTA7tOyihJaQEtapEk3l4,jeremiah boyd,https://play-lh.googleusercontent.com/a-/AOh14GiSd5mnh-BrMmZ1hpQ02_pc7L13AIeIH_httK6hSQ,Game is okay. Wish there were more slots to choose from.,3,14,2,2020-01-14 09:31:54,,
gp:AOqpTOFUh2Pc8OppA84NS4w1UBeTz0kiPkRTZp59rjwRAEk_o2LFLuVJ-tSwtiDJy1R8BtK7SmaRCNPiQkgHKB8,Debra Nugent,https://play-lh.googleusercontent.com/-HQSB_qfSfkM/AAAAAAAAAAI/AAAAAAAAAAA/AMZuucnW2KiTVELmHK3ByOX234MqIi_gFg/photo.jpg,Great so for,5,3,2,2020-01-10 10:46:38,,
gp:AOqpTOHgO9pR7dvKpqhN-J-EyW-kglnJj3W0wglLtHzqbZasuZHjkjFnN6VJmZoC0SoWLgKdmgIgw4VrTxr_rgs,Mr. Wayne,https://play-lh.googleusercontent.com/a-/AOh14GhgdvqVQGmoBS2OFbHtlbosGHZPlb4KnTsiguMm6A,It only lets you seem to be on one game,2,3,,2020-01-07 20:18:03,,
gp:AOqpTOHVYht9uH6zwfDXCfGV318ouBcLFF0ZwprvUYcsAaZbn37VWqZexYW7QamegYxB41MyZqafAhTD7Fyr6Tc,MD MARQUIS,https://play-lh.googleusercontent.com/a-/AOh14GgjB25YbwKnySs5dbhUjfWf30uLwVeqWv5UHe1wtA,Fun! And great when you don't feel like getting out of the house!,4,13,2,2020-01-05 10:01:41,,
gp:AOqpTOGNutw5AHIlEd1jJR5rlSD5MAh4jQuslzL7CZqI7twJlKh061pJ3l8UMi7UKOWai1F9U7jsCHzNkdYM67E,joseph Reyes,https://play-lh.googleusercontent.com/--7yCxCkvRGU/AAAAAAAAAAI/AAAAAAAAAAA/AMZuuclSgXad65yYuqMIsMt_mKjzlj0uKA/photo.jpg,Good,5,2,2,2020-01-04 07:00:50,,
gp:AOqpTOER1jv_L2fScy-slqTzjI8XxBz6UGK0tdVyB1-No8lJHI8DZFmwOCGO9p10J0Z4Ew5T1VxrRP-aiJLWylU,Sophia Loop,https://play-lh.googleusercontent.com/a-/AOh14Gg4QWPHMH7nPIDpzKZkDwvwJ3KQtQozquvSL9pC_w,Sooooo much fun,5,5,2,2020-01-02 02:38:46,,
gp:AOqpTOGsxJG-ODCvc_6Dipimmor69UvQYBb4foJ7K2y9Mp0nxMIT-83peAYt7ygu5lgi_obK_uRSfs_ZhHG2Vos,Baldemar Andrade,https://play-lh.googleusercontent.com/-va_b_HzkTYw/AAAAAAAAAAI/AAAAAAAAAAA/AMZuucmtB1hd7D0dkf51hugdDWw1--tR0g/photo.jpg,Its grate,5,2,2,2019-12-31 16:26:07,,
gp:AOqpTOFLom1pb7w9MltgRp4YUYCwk8Ke8TGQyHVAX9WIWSauyXgDD7WkcYI1qwDFOAt7udAQzqVBJxA5kb7Dn9w,Hayden Johnston,https://play-lh.googleusercontent.com/-vnAburRSoe0/AAAAAAAAAAI/AAAAAAAAAAA/AMZuuclKkdp1J4M8zwlYR4od7L7pnoj8rQ/photo.jpg,Decent game.,3,0,2,2019-12-25 22:46:12,,
gp:AOqpTOGxcYfxJ4PZ472da7OfKUNpc-c8VhA_lrt-CNJuKa3hPcoXylGuSxgzoz03n-gCp7mJq3HX9UugPaqmQOo,Peter Olenic,https://play-lh.googleusercontent.com/-8QOqrPqi6NM/AAAAAAAAAAI/AAAAAAAAAAA/AMZuucnBdNWkVvVW8iG1mqT9OOuD7HkOsQ/photo.jpg,Its fun,5,1,2,2019-12-25 17:45:23,,
gp:AOqpTOEtYOieDcpvE5dmP1W_O4PC2ZqX574qkefIZV9ygBFcXOwum3Tw8n9RZnFg-EbvspcDyZUT7N0KKdxn6Ho,Charles Chappelle II,https://play-lh.googleusercontent.com/-agPG3zfgp0Q/AAAAAAAAAAI/AAAAAAAAAAA/AMZuucl-w0dMKQ8aDEyXP2UBD6NSa9M3EQ/photo.jpg,Awesome,5,1,2,2019-12-25 04:00:37,,
gp:AOqpTOEcvuplyRGwLhkQqVYoNOoSOAOdiREJ969r_OtTOuSK5LAcWO2WJzIP7f8DTm0HQbzGWb6hQs6lNfQZ_D4,Ade Kok,https://play-lh.googleusercontent.com/a-/AOh14Gi7oc0UiMHjSo66Bimk1RUqXcJrac5mmG0b1papXw,Nice to play Thanks,5,4,2,2019-12-24 09:30:49,,
gp:AOqpTOG3VRyg163u37Q-6I415A1UXDeNuLYW6b6lTDPfq0Gr6n9zQtXeT0jghfCD35AIcvBnrjvVhK5wTVPc8no,Westly Wong,https://play-lh.googleusercontent.com/a-/AOh14Gjv6TIuEK8kn2ymN_Blg89nHJGNfMvBPqRgOa1y1g,Ok,5,1,2,2019-12-22 14:54:25,,
gp:AOqpTOEyVuFVhySKnlwCPM64CxndyqBunivyQUeM8hHDGNNJZFwSM3xG3SNp1OpiQW_mwCIACdEuWryAPubmWIs,Joshua Wood,https://play-lh.googleusercontent.com/-Yla7ZQn49Oo/AAAAAAAAAAI/AAAAAAAAAAA/AMZuucmKG0W57gIlwSdBpQrKq_aUdaG47w/photo.jpg,Awesome 👍,5,1,,2019-12-20 10:09:40,,
gp:AOqpTOEEN6q08Xw0aVI4975Hw7csJ8B6HmvDPAl81Krh0kXetoysCcOkHcXx0QATawqLWjG7WZpN5eGzbCiCae4,Rick Freudiger,https://play-lh.googleusercontent.com/-LU33NfX24SQ/AAAAAAAAAAI/AAAAAAAAAAA/AMZuucnOwVbCv1y0ttPnSeJE2fKG3hTWGA/photo.jpg,Enjoyment,5,2,2,2019-12-17 12:09:49,,
gp:AOqpTOEzSHvyNoNNH0rvDHgf7Nk8K7IPEcLM0vIwsf5re7ElItthmYK8nD3bL4MsqHsMZ5TBRPtQszc7tgJvbBg,Shirley Martinez,https://play-lh.googleusercontent.com/-_9bXXHARAKE/AAAAAAAAAAI/AAAAAAAAAAA/AMZuuckuGwPxUHtj2VkqJju-db42qRdHJg/photo.jpg,Fun and easy to understand. Graphics are great!,5,38,2,2019-12-14 21:31:34,,
gp:AOqpTOFVDadUncZdlC0GlWvclT9bsSvh0lMzyUoxH6u5cyNQ3ovBeUWacDCKNfaXfAnzueCRerW3e8ZXCn-P32g,Muhammad Syafik Abdullah,https://play-lh.googleusercontent.com/a-/AOh14GjhjcVk1IKsgFRdLJhsRoxnJeMfsWIBtCtmIUka1Q,New player easy use. Daaa..,5,4,2,2019-12-08 04:01:53,,
gp:AOqpTOHwlbDqWGdIBtOVcaFFsiz3X7PPO1ba_f2Nk_gOz1Mdm9ewkshMh5w9-lX8GysyAD33yrWqro_UrR3R5JM,Chrisha Carter,https://play-lh.googleusercontent.com/a-/AOh14GgqBfLIlRdJ1hZ6VdMTB3kSkYiIlS1zIosa_uDXag,Fun passtime,4,1,2,2019-12-07 19:33:36,,
gp:AOqpTOEEPdJad3SAaUkXVHc-LiQ0aT8I1cGWPqRtVMYs0_rLJQzccxvS0RP6ti8XHlyLIuEvKUcnfw9HeCoFOIc,Shirley Schulz,https://play-lh.googleusercontent.com/a-/AOh14GgK4ZrIsJEpN68UwTGf5yohYcg9XArjVMFdiwyAR4s,Relaxing fun,5,0,2,2019-11-30 21:47:45,,
gp:AOqpTOHSDU2qruSye34S6N64co-TiuWet4Z9pJ6jfLMEBYSuzYINBDk8U2Eg9dhJaIj8cQv8pxpD3Xb1zv_wkR0,Jose Gonzalez,https://play-lh.googleusercontent.com/-3p8_foDC2UI/AAAAAAAAAAI/AAAAAAAAAAA/AMZuucnzWZlM-KLkC8hr_xtXV0neSpv1HQ/photo.jpg,Great app,5,0,2,2019-11-30 14:15:37,,
gp:AOqpTOGFfygg_rA5m46nhymqKjOTUCwujUi8dHNg1cxVWJxFUvt8BTHEYslBRA219hfN68tdcWLsSdxeI0FdU8g,Mark Humberstone,https://play-lh.googleusercontent.com/a-/AOh14GhYinVUTVlqgOUIU5U89AeK07Sdr6TCYsoKNBGE1g,"Just like winning, a nite out at vegas..it's a lot of fun for me, having to play this game.... Hope to win somthing big, so that i take a real nite out at vegas.",5,7,2,2019-11-30 04:52:52,,
gp:AOqpTOHp10-1UJTKgL5TtsIi3rJ2pdYsTGlMjjAuy5XyKLUbrV7SeixdJ3PGLX9SspdoqtIOpqEY5PrqGcCwjd8,John Howard,https://play-lh.googleusercontent.com/a-/AOh14GiuZbr01xtVW6FhlFDvxQi8jDMmy-ODWM9ojMyCCA,Great,5,1,2,2019-11-29 06:01:21,,
gp:AOqpTOHFYrHVIU1L5zKK0cGuaz0vvXK4NWilS-a4z8ivcTvD16uesY6AHbFpp4VW2HlEFhuMVchvpTgTmfoehGc,We need The Truth,https://play-lh.googleusercontent.com/-No6rawQCHnI/AAAAAAAAAAI/AAAAAAAAAAA/AMZuucnjpBLkQfwrK7zol2obJoGe2vJAJg/photo.jpg,Awesome entertainment,5,0,2,2019-11-27 21:09:06,,
gp:AOqpTOEj5xOLTmg5_oP-ba6G92upA408wuA7J21N5fXIK8adREbKbjm7nLUOJ0Bd6tZ6S4xmDQGqeXJ9auJmJbM,Craig Anderson,https://play-lh.googleusercontent.com/-hcQHdNsWl4Y/AAAAAAAAAAI/AAAAAAAAAAA/AMZuuclybBbVxJE04n4VjxQzrJcFNCLl-A/photo.jpg,I can't believe I paid $.99 for only one slot,2,9,2,2019-11-27 20:10:56,,
gp:AOqpTOGaM1niYwm3qJdF_yS-VaUpKXvNdBJGtHHy1cafKhWMHaPT1O4_xiiAx-4RiwQBZSi4kDjrUkApOdV0TMM,Saratate39 Tate,https://play-lh.googleusercontent.com/-Kxy0PdSp0RU/AAAAAAAAAAI/AAAAAAAAAAA/AMZuucnkCagw-HSJHn9VLP400YsYoAdJOQ/photo.jpg,Good,5,1,2,2019-11-24 12:25:05,,
gp:AOqpTOGYLns9uBpRzf5YlONnkdC3DXR4q8-Om549h7mbYbUodxYIBcvzwPrUuFDIT34H4Fo-r33KV5sKVwR04m0,Shelley Lowery,https://play-lh.googleusercontent.com/-wYctHc5F7k0/AAAAAAAAAAI/AAAAAAAAAAA/AMZuuckRyauy3txc6kRDXYoCwhihnLduYQ/photo.jpg,Finally Vegas in Washington much better than the unlucky eagle casino,5,10,2,2019-11-24 05:07:47,,
gp:AOqpTOHUlG8pvpycLO3OIYIQEupaF9919XcY68Ip-hWZD92k-isXtA2CN10iY6gSFQ6x_yx69yw7H_HC9BQdF84,Yvedeline dede natasha Daigo,https://play-lh.googleusercontent.com/-gyj0K4EF6fE/AAAAAAAAAAI/AAAAAAAAAAA/AMZuuckvTEYs078n8yWqv5f7LBGlbaBP6Q/photo.jpg,Great apps,5,0,,2019-11-22 20:47:28,,
gp:AOqpTOH0-e9lnWkmFiYjtOFVMaeF-hUz1IeJpdqeMn0IN1VIOEPjc5o_4N6wNeryezFem0dMuwo4L5TsRSqPVJM,Debbie Espinoza,https://play-lh.googleusercontent.com/-9ISlqoFZYXk/AAAAAAAAAAI/AAAAAAAAAAA/AMZuuck8vbZtu1wXNzF2OpI0qE6Z9IZqVg/photo.jpg,Fun good payouts,5,5,2,2019-11-21 10:31:28,,
gp:AOqpTOEmBhwXXI2OQdBesauW1bWtgVMrE73WCo7eTrXFFvyZbAfq8tylZNyt1MNdHpMrNJikQPmA8eCjjbIKTp0,vanessa morrison,https://play-lh.googleusercontent.com/a-/AOh14GgKOYq4wHnFUKgwtoUBuR00Yim1DX5I9amrHicGIw,Great,5,0,2,2019-11-21 08:45:18,,
gp:AOqpTOExJKOnqWt1pwudhBRTN8tt49MReNZAskc-QUBf3j7vEpE6cHLUigfm0uJShieAQkrdUGaomLH5c24BG5I,Heather Campbell,https://play-lh.googleusercontent.com/a-/AOh14GgMPMeMnMcF-Lis2kXXSb_8mqOjkcufyC-wyrCQbg,Fun,5,0,2,2019-11-21 00:17:01,,
gp:AOqpTOHpKZPVsF21BmtRRUI3h54lUMbroY5uGZH0CpoXAxwPj4joflzS6c8KNIjrDsjVGy5YPG5yP4buSm3jm88,Thomas Poe,https://play-lh.googleusercontent.com/a-/AOh14Gj-SxZ94tgDScxVx0Fanl3KQHDJADjKUZ-x7X0u,It's a go,5,1,,2019-11-20 18:53:54,,
gp:AOqpTOEloyebK_tTv4rExTh19CM8Drt-CqCj3p0X5B0Z6y-gDN8rwUc_y3AsauJcVPUn1SqvfdGlmEWHqxJcUSo,Ramona Batista,https://play-lh.googleusercontent.com/-Es7lHqyIrIo/AAAAAAAAAAI/AAAAAAAAAAA/AMZuucmgDNnZBC3-luakSXAe69s3kbT5SA/photo.jpg,It's ok want to play for real money,3,4,2,2019-11-20 00:00:50,,
gp:AOqpTOEYxBXm8SzdhoFBHPWttAoscPl6woLdnCKmvmMj5I1sC3WuzGBWdPxzeNU9OXCsm3D1rLhMxKm8Lt7ukVA,Whitney Rose,https://play-lh.googleusercontent.com/-6eeVTiMFA90/AAAAAAAAAAI/AAAAAAAAAAA/AMZuuckJaoahYmnxfjhm6PC7-JCb7hq_yA/photo.jpg,Good,4,2,2,2019-11-16 19:45:53,,
gp:AOqpTOFBaWPns7ookywmyJaWRhywvS5EQ173EZ8KjPOtNKNBadmaPBMhZGUotV9QANGF_V4Ho4FERFDCREuJN4c,carlos rivera,https://play-lh.googleusercontent.com/a-/AOh14GizJWREzFtl5rpMaTgxDR5siyKk-OwrxPOBk-KF,"Good game, and entertaining. I would like the option of switching to other ""machines""",3,35,2,2019-11-15 15:22:57,,
gp:AOqpTOHDnMr6__2JcMp3Atpb9Xvy9LYA2v4OfEA9VVBgAFHdl1-kQBT5rggxxj4bIPZZQ0AlT9Hh6o93sTFALXk,James Tuff,https://play-lh.googleusercontent.com/-p34f8V__ct4/AAAAAAAAAAI/AAAAAAAAAAA/AMZuucmyZhenbyD8ALhQAgCSrFfNPpvkzw/photo.jpg,Love it,5,1,2,2019-11-14 23:30:48,,
gp:AOqpTOFT_xVPbkOaZgje8MTjlG_WvVvntc_uAU9-VGFyGgUUAXaY5cTsKWe1qqXPnCdW-9EP1akbzhGkxDqK6L4,Monica Wads,https://play-lh.googleusercontent.com/a-/AOh14Ggk1CZ5P1SRfSVWSkUeAR3dHtt8ESd5I72cGfsO,Awesome,5,0,2,2019-11-13 19:15:47,,
gp:AOqpTOGytBSTzXHZi5XuDnEoN4HEtBCuk_S57rAzEg1X29KvklIx_k-wnwvE5wALXMZM5F8T4vALX_a0BvTWFWY,Christy Smith,https://play-lh.googleusercontent.com/a-/AOh14GgjBxJd95bGdnI2lEKOcnVoiuU_g-uGWMXNVtrSeQ,Tgia game rocks,5,3,2,2019-11-08 09:02:18,,
gp:AOqpTOFI7-6VuypY0JeXr1VijX3VtqwU0XT5xRj_gR7vvR3Ctsq_hpmeMxjIgPNh7SwZ8q4POILtuIClzF5ItrM,Duane Green,https://play-lh.googleusercontent.com/-_uZttu57D7c/AAAAAAAAAAI/AAAAAAAAAAA/AMZuucmR_nH-Ng_rTgsrSWJB95XkyVP1Dg/photo.jpg,Cool games!!,5,7,2,2019-11-07 23:26:58,,
gp:AOqpTOFyZaNZ_ccsBXtk137cGck1s6vx2YjnAbXKQHGxsNL_mCBZYbdAp3j6sX7cW3_Nvl7-XNp-Akt4ZUJ6-Ss,Lucas Pollock,https://play-lh.googleusercontent.com/-BWnYTSyNi4g/AAAAAAAAAAI/AAAAAAAAAAA/AMZuuckbtMbdUrZnYbf9f5DH-PzQtgHsjw/photo.jpg,Really good payouts and a lot of fun.,5,18,2,2019-10-30 03:30:39,,
gp:AOqpTOHhEilWThC-AYmwe_VybFsr6Wwl6aIeliegQQ_yHGsWR5Gzai_puVekuueGK5E3XuhuARwHh8W4a9xPlE4,Amanda Wickes Deal,https://play-lh.googleusercontent.com/a-/AOh14Gga1l-0R8n-BikCIisxEJKVVlLemC5AUnyiCeTp4g,All the bells and whistles,5,6,2,2019-10-27 12:01:26,,
gp:AOqpTOH1fr7DmjDajbhqcHNnNuuNx9ldxqI6JDi6dWGmAWiTfxGx8i1xtY8dGYhVNgmQzLETrC0pJYgcIocLETI,Chyna Slaughter,https://play-lh.googleusercontent.com/-dVlca0LaarQ/AAAAAAAAAAI/AAAAAAAAAAA/AMZuucmjFCAY0WnKPJ71xHML5xid1-nywQ/photo.jpg,Love it,5,2,2,2019-10-26 21:39:09,,
gp:AOqpTOFACYVLXbgQJdH8ZUQcLLclNcSvPVyZKCVmroNwx0bq1oh1ijWvK0thc7E1bUzZEAjT2N2BHJBL8Zdh4sI,Sherry Cresswell,https://play-lh.googleusercontent.com/-Q3ez0s_vejA/AAAAAAAAAAI/AAAAAAAAEp8/AMZuuckP4HkfWGcQn034dlcE3TJvnvrFYg/photo.jpg,Great game fun,5,4,2,2019-10-21 13:02:03,,
gp:AOqpTOHmjOs-BmxU8dDlOLX87WlmuAsdv5PWYKk6iccwUx22o5_PoebJ8pnWmIEsBrNWeP1XMm7TVIK6644DYPQ,tyra allred,https://play-lh.googleusercontent.com/a-/AOh14GjGEV1KPtgYPn0dJUh034zW2F6xmxPqxaqfGCSG,Fantastic,5,1,2,2019-10-20 20:00:48,,
gp:AOqpTOHYBKUrqNZKqcKkTrVTA76WJhHYePRLO9Kfz4ehWHlQ4jYBCMR-tRogw8rBZ5LlcE1jXWfdRW_oyHnohuU,Claudette Flemming,https://play-lh.googleusercontent.com/-uWPLQIFkYpM/AAAAAAAAAAI/AAAAAAAAAAA/AMZuucnPc41n4YtyFZ_zKdM86g_YKZjQ_w/photo.jpg,V good,5,1,2,2019-10-20 17:01:53,,
gp:AOqpTOGxmtr_bHBUJgvfWSScbCOKjkZd-xG6sxROOrds0RP2G0VMsYWfBGlzlhN0MZGf1Hi7D39x3K_cgCe4LXQ,Concepcion Ruiz,https://play-lh.googleusercontent.com/-M9f8n6EVGpw/AAAAAAAAAAI/AAAAAAAAAAA/AMZuucnEQZA5sBeRdfivNE_5p3KEzJSIOw/photo.jpg,Having a blast.,5,4,2,2019-10-20 04:16:19,,
gp:AOqpTOGvpkrZ-LCPh7XbRBKhQRi4eP7J4gxsFSVlou8XwkCeggybIN3pvnpCYSP9voIsJ9qLEgU08nYDETZstD8,John Little,https://play-lh.googleusercontent.com/-CmGa6GLI7dA/AAAAAAAAAAI/AAAAAAAAAAA/AMZuuclVHawnSQFBm-nXXS2MH97n3hzlzA/photo.jpg,I spent lots of money pretty short time I feel like it owns me State takes all my money in about 5 minutes and spanks my ass waiting for me quit,2,4,2,2019-10-15 02:47:35,,
gp:AOqpTOESU6BZcpSEsrIIGsAtIRfQWMkbGdv8Yd4fNYwonylM8nOi3sOJUWbwrXN9-RJ0TmseCGAgVoytxU45DcI,Ashley Rodriguez,https://play-lh.googleusercontent.com/-iV2UTGLR8sE/AAAAAAAAAAI/AAAAAAAAAAA/AMZuucn56A7qlUmJy9ZCY_AAlzZFM1j7kw/photo.jpg,Good game when bored where's the real money,5,15,2,2019-10-11 12:00:51,,
gp:AOqpTOESaApWOYzK01gkgfz0cLWh91RaYzusAFQBPNny_D23J0prht0vAgndAb_ixApAldligjrTuHVeknPehnE,Rowena Elliott,https://play-lh.googleusercontent.com/a-/AOh14GhA9ofHuouEEkoNPk0CGTY0TYds65akorXoWWCAzA,First time playing this game and I am having fun,5,9,2,2019-10-10 17:02:51,,
gp:AOqpTOGUHL2nFJy872_wx__0QXnizReGYqBNwc9lQkiQMwLbUTPS1maxMBnTvFaEoemsiA-FVJhz5Sg0YQdjfas,Dennis Stidham,https://play-lh.googleusercontent.com/-wte-L43NIao/AAAAAAAAAAI/AAAAAAAAAAA/AMZuuckmEMI6yjfRlXIp24L2kHH82r9jgA/photo.jpg,Fun game,5,1,2,2019-10-10 00:45:34,,
gp:AOqpTOHeuwmCynC5NV8rMDRGHSKeyoYqka_cTAjxjMmaqMHCsAVSjltKRsimogAzSvtfRHFVssp-EzW8STaM6OA,Satamela Smith,https://play-lh.googleusercontent.com/a-/AOh14GjOVacXWwGCLiG_f_wlItO-z-AplyvtBdphFcuLGw,It's ok for what it is.. I would have liked real $$$,3,12,2,2019-10-08 22:03:46,,
gp:AOqpTOEh84KkHZW8jtSaRX8--nXXwo1f5eh9wBFABB8lThinPYBkV8mfOcYFfKoWDjiFURml5ypSEnDcw-UweB8,Margie Beskau,https://play-lh.googleusercontent.com/-F1EFM9RHs0A/AAAAAAAAAAI/AAAAAAAAAAA/AMZuuckI2w9gIyttmruRLlakzqgjq1FbvQ/photo.jpg,"great, fun, enjoyable",5,5,2,2019-10-08 14:16:42,,
gp:AOqpTOFPskRGOXr7vv5ZN_MnamN8yVPgPsEzJt2cgYR6tW9Q3UQMdyCWaWbipdskTgGRuCE1kg_IWQxApZEMF80,Rachel Haloulos,https://play-lh.googleusercontent.com/-h0eyprhEjy8/AAAAAAAAAAI/AAAAAAAAAAA/AMZuuclY6MQzrCfr0R_9q0rows_JJ8k3zQ/photo.jpg,Very fun. Have been playing for a few hours and winning big. Have hit the Top Money on several ocassions for large amounts.,4,110,2,2019-10-02 19:32:54,,
gp:AOqpTOEY9Cd5iM9qghJQvxC2u2j2lGCP88C872mPucXSxXvf3dJW4FVaCzlxmC0yCLAmhv4Djovs0ZYxwEHOcLE,James Young,https://play-lh.googleusercontent.com/-XHfYSXOeA9I/AAAAAAAAAAI/AAAAAAAAAAA/AMZuuclmWGnEr06IgpYj1i3F5OxQLJkMKQ/photo.jpg,Fun,4,1,2,2019-09-30 20:30:40,,
gp:AOqpTOGSxf6nbxqygQSo8Ey6vGvv9m62847eb9RQFg0I1m_S4uZqZ0NeBwLoufkTU6PhufUcQcIlANSN_qoPtUI,Heath Summers,https://play-lh.googleusercontent.com/-pBiU87yiEGI/AAAAAAAAAAI/AAAAAAAAAAA/AMZuucnPcG-z7U5fOwQAWZMVmfTtkupFWg/photo.jpg,Only 1 slot....garbage!,1,9,,2019-09-30 07:32:33,,
gp:AOqpTOFTmX1mJ0KdIMqla1Zl84LSlB0OlERhGHWWM58e_miyoHy9Bv8QfckMx-XMGFpBHVGGggSknHQEPhAW1hk,My Way,https://play-lh.googleusercontent.com/-yb-WJicrN6o/AAAAAAAAAAI/AAAAAAAAAAA/AMZuucm6aTQ3UACrMX965vLcjJ0BKPGphQ/photo.jpg,Good,5,2,2,2019-09-25 23:49:05,,
gp:AOqpTOHwoKbUvct35TRM4y2jYq9QjJyIKjO0IsyBl7xx4vQTuMKC3ghJeNPjPYVRz4tLlP2Es5tC4iRouB26MSo,Jorge Rangel,https://play-lh.googleusercontent.com/-y9C77fe37xA/AAAAAAAAAAI/AAAAAAAAAAA/AMZuucmf6tWJ0mkKgxGDxk1KFxpN_pc9kg/photo.jpg,A+,4,1,,2019-09-25 22:15:58,,
gp:AOqpTOGz1EXgmnLZhbNtpnZXSocU3gEbwfCe7ZTNaSji9tOGjnCDfRWm_Xxz1aJqf3PALR6Un4MZbf_g1xrr_rU,Kleo Coyote,https://play-lh.googleusercontent.com/-tVuAmlQABEA/AAAAAAAAAAI/AAAAAAAAAAA/AMZuucnVjGz69ctj7gILD6BJtel73GKD0A/photo.jpg,Great app!,5,5,2,2019-09-21 02:00:43,,
gp:AOqpTOFUoKilRTlScc0H5Mp1PKxQnmFNcMiXGAM756hbDcxO1dQbo1npimfvWeQNZ8kiFFf91cg_upWukovukKM,Terrance Henry,https://play-lh.googleusercontent.com/a-/AOh14GjbelwduWnAzGNGvz4VDh0SQ9JedIGAWatkWHaR0A,Loving it,5,1,2,2019-09-16 01:59:13,,
gp:AOqpTOE7N2vvs6SYPW8UoAtB3q9StoWjd6YoKOD1yBXxqxRycd_uBGTi3sq3JjQ_8cfGA5CEkXXooJeIHp19omU,Jennifer Hill,https://play-lh.googleusercontent.com/a-/AOh14Gh_cEOgkgH0g0c7s5DrpN4-yoqEe0Q4Mri59vYYV7Q,This us a great game i love,5,9,2,2019-09-12 19:46:24,,
gp:AOqpTOFkV_yXDiUgDWdWGCPH0ENZ6xota1ghJP3Zh77c6Lvrg7jUOXo76IMJ_h-uAQ2bnbqCmoAalRsbG841aQ4,Thomas MOORE,https://play-lh.googleusercontent.com/a-/AOh14Gji298tpe33eb5kTFk2o--FBbCbBkfCgnljdb_fBw,Love it,4,1,2,2019-09-05 22:08:39,,
gp:AOqpTOG5VSq60zLNEQJMx9bl5xA8w21YEF5pFs9XjvaMm8uR1WfVGusfzVIubFL1gB8jaHdriYe-mexjC2yxJYY,Susie Ellington,https://play-lh.googleusercontent.com/-Aqs9Ch5V_mI/AAAAAAAAAAI/AAAAAAAAAAA/AMZuucnWKXKt7wva9d-GPCo0D9-KXEUzZw/photo.jpg,Very fun game enjoying for the first time,5,18,2,2019-09-05 16:02:13,,
gp:AOqpTOFP-VOV_KloM8tsuXsnM2ramYJHHE0YgP_3MPx6pKkxqv57dbt8Uu7oT2AXfyShLao2ZP5ZEmUZM-basQw,Larry Flint,https://play-lh.googleusercontent.com/-sx0TohIx0o4/AAAAAAAAAAI/AAAAAAAAAAA/AMZuucm282O7OrEUa6IeC4-hZOrwQNVNgQ/photo.jpg,Feel like the slot machines are live.,5,26,2,2019-09-02 15:33:24,,
gp:AOqpTOF5YEiZo9CdStWGuNPE5TMBWRQUQDsVCPFjB2fuR6Dp-trmvJRnok9jYSkpIVPFnY2ZCSvL2LK2I9998As,Martin Salas,https://play-lh.googleusercontent.com/-ChZgZgJiSnQ/AAAAAAAAAAI/AAAAAAAAAAA/AMZuucl2CfjUtcjvaU0yOjdKT4qPz-dgog/photo.jpg,Fun Fun to play,4,5,2,2019-08-31 17:47:41,,
gp:AOqpTOEhVL3MGfJ2ARYLVSDzHil42Sh8hQD6SqmLbLvAtZjqatUsHGJHnBwIkyAoZ4F9_QQGFtXJixOKvEdP-wk,Jade Brewer,https://play-lh.googleusercontent.com/-5lktWNPC5Ug/AAAAAAAAAAI/AAAAAAAAAAA/AMZuuckr4VI2tj8Z3IWCnyNXNz2CkbaCqw/photo.jpg,Awesome Thanks,5,1,2,2019-08-31 15:14:01,,
gp:AOqpTOHIPxMNRNPIdIHtqg7Imek94QYAbu23XsQEdgmHjJaTWSFMh86lOw4xjpUCg9Y8yBhAtejs0ZOpboP0NXI,Sherri McCann,https://play-lh.googleusercontent.com/-hcdY-ScQ8-E/AAAAAAAAAAI/AAAAAAAAAAA/AMZuucnkprcxFmAEFtebOmJl3j56OrwFEg/photo.jpg,Yes and so much fun!,5,10,2,2019-08-31 01:03:08,,
gp:AOqpTOH9MViAocDpC_1a8Mpx7vvv43eQqTIgZfFNFgcCRO-smuPF3Ntt-sySkqCVt6tWoVwGyifLFQ7VecW3Z_w,Dean Bell,https://play-lh.googleusercontent.com/a-/AOh14Gjh9UXKr3Npdno-5dhuvCsu1qKh4vY2t48h-Q04,Good wins,5,1,2,2019-08-27 11:46:28,,
gp:AOqpTOFcgM999j-ELVQTuqDRQdb1rMDBCV5ehkkI9V74RQljg8D-wa84hn03FeEYqkXamCt-2mfoJjNyP7lGBo0,Jennifer Womack,https://play-lh.googleusercontent.com/a-/AOh14GiOLM9WST_LpSLRCaXhfW9OFk-KM_sqHoGmPS-xcg,Needs real prizes,5,10,,2019-08-21 21:30:43,,
gp:AOqpTOGgCXKbzx5k0Hpjx7U4Mpo5RAs6o8f7z9QoVfOWoGsdj6f7T04rPbeGqcrTLSwaUE-1gbUkQYj1wBduIIE,Blaine Womack,https://play-lh.googleusercontent.com/a-/AOh14GinhfPwjZOK4PoH4nMe3tZIVlo4rMPG2-McB6ZOVA,I need real money please. lol,5,2,2,2019-08-19 14:11:04,,
gp:AOqpTOH2OADIU9wF81n2yRTRujgJyQt90LULzFL70DYdfFnPGbjXgX0HBRbZ_paE6iBNDjnpHGL1OiH45EMw7So,Veronica Aguilar,https://play-lh.googleusercontent.com/a-/AOh14GgaccmbldbplFcdpTxPSm5sDQRr41My-jPtGgbLkw,fun game exciting like the game a lot very fun and i think everuone should try out the game,4,23,2,2019-08-18 02:32:58,,
gp:AOqpTOHmdEhWx3W_o1CO9PF3OO9v_IzYWpR-84QBy6KBGwX_VKn2G8yPivWdznLU7lAX5aApjdLUOQawyV6kymA,Frank Benny,https://play-lh.googleusercontent.com/a-/AOh14GiUfz1pPfmNdFZrV785o4KwMBRNLHXf9as_xbq1NA,Cool stuff but no real paper,5,24,2,2019-08-17 06:48:31,,
gp:AOqpTOEZK1G-KWHdR5MyR34scd-sLW-_HcRbjsTIdoKFFrKAKZBynhx9xAqTZXz03g5h-h0kkGeghtORORJejDM,Chef Ogasawara,https://play-lh.googleusercontent.com/a-/AOh14GgvYQu4_uZMCH7TMQyhUNQuGW7-ZPqpiFfh1ggt2w,Froze cant even open.,1,82,,2019-08-10 00:50:02,,
gp:AOqpTOGH95iOYIgICBE1BuZ6UQMaONDyE16pARbJG_yo9GmMLVVRjF_Laq8kWsuSkU_XAoUr9Lnf0lR79_vcRlQ,Linda Guerrero,https://play-lh.googleusercontent.com/-jTx7cOjb_oo/AAAAAAAAAAI/AAAAAAAAAAA/AMZuuclfq7kU-0JF72kP0zC4Wpo60LpiwQ/photo.jpg,fun fun!!!! love it,5,16,2,2019-08-09 20:57:17,,
gp:AOqpTOGXWpclwqYHFhN-VgTZoyuRKawC4t10AtaX9wfaERLhoWL9YRKYQOwG5fj5zrzU_ZnXotSsFG4Vyu5H6mQ,Rosa's Aromatherapy,https://play-lh.googleusercontent.com/a-/AOh14Gh1kRhvPnL-C56WEBa2Rf_v4yyzdefq2Su61ASx4Z0,"Just started playing, I ike it though.",3,7,2,2019-08-08 19:33:55,,
gp:AOqpTOFYCN0UzimnwMIzNwI-eubSIjhdHoq6WKz0-UgLbgZaQgiwdnqN5gx1K5I9lLQcSP_qufSp_hGmO1wb0do,Maria Gonzales/Jaramillo,https://play-lh.googleusercontent.com/a-/AOh14Gj3EG47bhbOvn0YpB_mTH8mzkNFG1HWSMDlQyJADSg,Love it,5,1,2,2019-07-20 23:45:31,,
gp:AOqpTOGPFNY7rXIdhODV_PR9f6_rhW0qIW__h20a1EDPiISjKG6wyzm305iZnG4p5Cu1X3IMujur2PQILtd841U,Diane Lavigne,https://play-lh.googleusercontent.com/-RfcgNuesMN4/AAAAAAAAAAI/AAAAAAAAAAA/AMZuucl6A01RgueE3k52elSo4DiDMQpsAg/photo.jpg,"good game, although takes a lot turns to get top money icon y",3,28,2,2019-07-20 12:34:57,,
gp:AOqpTOGsNRph0XRODryHPuroG3WqGFDYIp3F6IKDZbRL0aTE8y2aP-uuHrN8NGXwaHku6jb65WAxcaEyz7j4Q7o,Mark Nunley,https://play-lh.googleusercontent.com/a-/AOh14Gh5WBEt9diJSokE21bicNQQhpZsWJAKHZuYU63TKg,ok,4,1,2,2019-07-14 20:46:09,,
gp:AOqpTOGG7VawLtQo5R1xtJhCFUF2S1RC28wuFZbClXURX9X3FWzVBstj0HgNY4tx0geMr5wcQxKF3WASHcyfQtA,Akram Shah,https://play-lh.googleusercontent.com/-T5djkadzHvk/AAAAAAAAAAI/AAAAAAAAAAA/AMZuucmnT6GJZAFEc3ucgygDRNsb_9rOLA/photo.jpg,amazing,3,1,2,2019-07-14 07:15:33,,
gp:AOqpTOE5oUF9-_-F5oa-jO60lIDfN83bDWbxtmPHH0rP-36oRRmgjQQrEwe3JT_Vz3_8GW2_T9-7IY4cf051r-0,John Flinn,https://play-lh.googleusercontent.com/-2lWEpolSyb0/AAAAAAAAAAI/AAAAAAAAAAA/AMZuucnJW1h4FYCjty0KyUsZZZdAvjicSw/photo.jpg,great game could pay out just a little more,3,23,2,2019-07-13 16:05:39,,
gp:AOqpTOHPVQ3bkobvtWrvr_Bp8ppMXVSsILZyCa1bl5qk_a_3-H00MMpzvzEen53GKRHjsX71SpEBi-3T5HeulWg,Debbie Leftwich,https://play-lh.googleusercontent.com/-28pVueT3aIA/AAAAAAAAAAI/AAAAAAAAAAA/AMZuucnaJQl9d3k3UvazTNwO69cOKcKY9A/photo.jpg,love it,5,1,2,2019-07-12 22:30:22,,
gp:AOqpTOHrXjZ8v7oKt7aGxEu0oIrYXJEB0Bv-HR0Fa36ogmqaDZqr5bYbRNOhjNrftQsdeJnUZi7D5ZKcE8bUrs4,Christina Marciano,https://play-lh.googleusercontent.com/a-/AOh14GiKRjhnYLqlXoy9Qhzrofy02_j7jIRQF6cuoZQc4A,ok,1,3,2,2019-07-12 22:24:44,,
gp:AOqpTOFsTjoAWUmCLrcvHryrq4ObcAhVbVNPGIQr0GxEmsBlcsK_4NIEv3IcaSWrQ1tjYLfaPeg9VsjNNhOap2M,Sandi Bennett,https://play-lh.googleusercontent.com/-2xTbO4J2mrY/AAAAAAAAAAI/AAAAAAAAAAA/AMZuuclVZywuaDJV2mfMiGzoKoH7ZUN6RQ/photo.jpg,great games,5,3,2,2019-07-03 00:00:54,,
gp:AOqpTOE-o2euKVYPLaZz87i1wYPKfL2Tl3AS1U6piiP9seqZkijDE_RtcWUtCUMXvmnbJd27TLlxYcDOoSDA6ZI,Billie Jo Blanton,https://play-lh.googleusercontent.com/a-/AOh14GieuMUhU0lXXRDNBsxiw9WijsUzxWSNFwARDVZOvxA,ehhh a little bkring and wish it was real money,3,13,2,2019-07-02 20:00:52,,
gp:AOqpTOEp2_Yqt62IlbWbVeCZ9e6hM0MWHZCVn3bXnwqMtSdwQCiybErDvpgKXrgYn_x9BG6Pazx_F91MUEWhH94,Jerry Foust,https://play-lh.googleusercontent.com/-5nloFfucHsE/AAAAAAAAAAI/AAAAAAAAAAA/AMZuucmSa-Rwe1LDQnkfACAiV-7f5W3gJg/photo.jpg,nicce,5,2,2,2019-07-02 01:42:19,,
gp:AOqpTOGX4I1MWyoYncjQOAbstMn8SSF-ZI8-3PcG_L2jMdOVRhsSjnT0dIr5vaCCoUlnHS9eGI0kQQ6_iNQ6PbM,Johnny Krebs,https://play-lh.googleusercontent.com/-nxi9zDn6R4Q/AAAAAAAAAAI/AAAAAAAAAAA/AMZuuclY9fAWHJNBPAkDzf7HUsMnDp8KJA/photo.jpg,mind-blowing experience,5,13,2,2019-06-25 03:46:13,,
gp:AOqpTOHHS2aCDAGOxSwm4_vkec_b2k7H9ym-o2Ox75mPn5cRG3MzKNXl6t-b51n6TEz31ndlPRYZd56IcVII-xo,Cornell Alderman,https://play-lh.googleusercontent.com/-8AFGXBVIZQA/AAAAAAAAAAI/AAAAAAAAAAA/AMZuucncVDv_iUuDIWvwlWXfhh2vlFENTg/photo.jpg,ok,5,2,2,2019-06-24 03:30:03,,
gp:AOqpTOF1VtBwGyBTyiIuVoxxe8KxWcrOM-zIw5s1De8EdIpg9XIbxx0I1yHTQ3qU8q2UXH22ZfQyfxWaOeX_Ydo,Gina Garcia,https://play-lh.googleusercontent.com/a-/AOh14GjthnpS5GvVnVDfh_kRXmYc7SCd6FW8KU_VbQWedw,fungame!!,4,9,2,2019-06-23 18:46:27,,
gp:AOqpTOGsgoqp0S5FF4TGXSMG_XKOOc-7I550p7LWr2MZL-7D-lrz0GAk3XWbv1EFPIa6cIUwiqrGudp44HNxSLg,Julie Asti,https://play-lh.googleusercontent.com/-WMYDmnrQRrM/AAAAAAAAAAI/AAAAAAAAAAA/AMZuuckokKw1hHQU-1tiFIeDUrjufo6llw/photo.jpg,fun game,5,1,,2019-06-21 22:13:54,,
gp:AOqpTOFjDIIAGk_aItcV863ix75eg8RZHqAt2B6_k_n3qPXLm_zmaKPoYJ2kuLsGM4Y6BXbWTX3bYdD8_zv6Yp4,Virginia Baskin,https://play-lh.googleusercontent.com/a-/AOh14GjC2inM5Hg4b9J9ceUO0gxt1KVwy3XXEfhROT9ZCg,love it,5,1,2,2019-06-19 02:45:30,,
gp:AOqpTOG5L3NuWPUyJIKfb4dOp5U9FmaHjOz2lbPeLOje1EURVBXMWbkWy0usSjxMm3VJhPmnf6jjTcFIy6mFIOU,Keith Blaylock,https://play-lh.googleusercontent.com/a-/AOh14GiLXS6-eH0ykA6jOyXRhoRf4HbuJsS8pllemNyU_g,FUN AND EXCITING,4,6,2,2019-06-15 02:01:01,,
gp:AOqpTOG88jpaKJfEJXLlTf3me-Mr5h_ZHWleHiGCg53HZfOi2XY7nlorGo7VGuo9kB5ICbWgkvQ_mjefKYDDIdI,Christie LaTraille,https://play-lh.googleusercontent.com/-GveekS0RFMI/AAAAAAAAAAI/AAAAAAAAAAA/AMZuuckqjzQ8y8Jin_coothU_D80gnSdKw/photo.jpg,fun game 😁,4,1,2,2019-06-12 16:07:44,,
gp:AOqpTOENPfGXnwyqXNvOd8KDj_YQA4vud0AU7YCCs6HMJ01_Xc-g9D4pRHSJO9q5Mj8RIv9K7Oxzj85Buo_uPtA,Anita Ballard,https://play-lh.googleusercontent.com/a-/AOh14GjvAxlfVcmIwd5S9i07IogpQPBzHLVshviGLY4Isw,i just love it!,5,10,2,2019-06-05 23:31:35,,
gp:AOqpTOFXnNAGriKPAtBfBP1eCbjn4kCTtWVf4IZObQAZF-eZ8RAjw8fj8U0Qwqx-S8NgpvoCldsSHC9Og-6tSOM,Eduardo Cortez,https://play-lh.googleusercontent.com/-HN6t1ilAOvY/AAAAAAAAAAI/AAAAAAAAAAA/AMZuuclUnYRN7x4sQkQlv7YkWMsnKPxDUA/photo.jpg,its fuu. more games though.,4,31,2,2019-06-03 06:47:23,,
gp:AOqpTOFhGNEZtE3W_TlDwu6a96ae20mXktZoOqJEKDivGtD2Nez2wGy43BK6JQetDcYRxmK5FCDl2qqZWLdhY_s,anton Saputro,https://play-lh.googleusercontent.com/-HD7SbJntDjY/AAAAAAAAAAI/AAAAAAAAAAA/AMZuucnvIUN8KuYFJ3MaqVDsH2AEhsYDaw/photo.jpg,",ipppppp",5,2,2,2019-06-02 21:17:15,,
gp:AOqpTOGhgf4tZKqC5PO8xGwfd5nHrdGv1lZ1W5Vt1KRM0dvKT9w34FJRXMg1ipcopW6Qo_nxzRVNufSRTSZKOcE,Everal Wallace,https://play-lh.googleusercontent.com/-Uduhlum3-8k/AAAAAAAAAAI/AAAAAAAAAAA/AMZuucn0RFa3qsNBc0ZyG8Mzxfw_XMKQtw/photo.jpg,great game,5,1,2,2019-05-31 15:46:22,,
gp:AOqpTOFXSLQAFKph-rvCs0LUZwdpaUWaoIhH8K0nT9YuykOVt_9MhOgCVhQsYsYiQEjZexQE7tCHCThbnqQZGrg,Anne Rowlands,https://play-lh.googleusercontent.com/-52hPidChuK8/AAAAAAAAAAI/AAAAAAAAAAA/AMZuuckToi6GMUujV37mpEOM8T2kHo4gUw/photo.jpg,great game,5,1,2,2019-05-25 14:00:58,,
gp:AOqpTOGKA9k2tvEHG_AV7ZqXNyOHbOBqlViO82GJoMqAL5J4k2Dh36PFsMM_OwEiV4VOLgvZ_hVEWyXO5mk0h00,Chris Sabin,https://play-lh.googleusercontent.com/a-/AOh14Gi4LZf4AOCCqBBr0u7EIJid0y2OoL6-y1sbffaOzA,just like any other casino games,3,12,2,2019-05-22 22:15:59,,
gp:AOqpTOGawaEpKqp43OrBnuqBk7gYVL79WhC9iRQAC2NwSILcnckrjUvZRDvmAG8Gk5pWM-Fu2lb410W_tYnouTY,John Earl Braswell 3rd,https://play-lh.googleusercontent.com/a-/AOh14GjgCH0eI-Kn3RoimM0ewsJXvbtvKJu1vDqoHL2SY7Q,ok,5,2,2,2019-05-18 21:19:32,,
gp:AOqpTOHDxU-8oENC6xjvh4fcWSVkNw4aRVrt_G3qfv3ZGhZsvuQ32cVPzYl7sFgBxe0JCtQjn1C6hncrLhDTccg,Micah Harris,https://play-lh.googleusercontent.com/-s1KwmlueA2s/AAAAAAAAAAI/AAAAAAAAAAA/AMZuucl6V5vRi5K8rBTlKqJYMNdC5oA-fQ/photo.jpg,good app,5,1,2,2019-05-14 22:16:07,,
gp:AOqpTOEf4BL_Zj5njR9mvUwGAm7ZCZ_64uTqRNRf-WA2eciNsOQK2jQs2ekuLpoDMRvuJrg86IityzKWZBggS48,Joseph Margotti,https://play-lh.googleusercontent.com/-2SG4vJh8JC4/AAAAAAAAAAI/AAAAAAAAAAA/AMZuuclraWzDQRmn8kAjK0wp5BZ4SNNTnA/photo.jpg,h ggg t,5,8,2,2019-04-29 19:45:45,,
gp:AOqpTOFv3P7t3qEMFd1jiZjTTpzlEg6OdNAqbu_7NysbDt4rl889tKq7HICbBTlWMdybZC3QewdVDQ_EOyxE5xg,Roxanne Ward,https://play-lh.googleusercontent.com/-nJh-QeQ-ePc/AAAAAAAAAAI/AAAAAAAAAAA/AMZuucmC07XI3gXstDzU8jSvn0FO6M1jdw/photo.jpg,Great Game,5,2,,2019-04-29 19:34:46,,
gp:AOqpTOG4lBcKNKZgE3ESWPz5PUQ3vB3GKWpG1gKoA5Z5m-Nk2cqZEzscYizRWVT9Sqrx9dOYZUKQQihcFL7VjmM,Robert V Rides,https://play-lh.googleusercontent.com/a-/AOh14GgsNC-TScNhu_u5Ff3M97VAV0TKYZnRKihwZx6sYw,awsome,5,3,2,2019-04-28 13:01:01,,
gp:AOqpTOFFDfs4SVr1Xx4YQeWM2iEXEapFXQ3PhdIAFO9L_pQbjnt48dB5iTTI-MFhSDRs2XEE4_0vn3nlRBcYEdQ,Buck Ornrelas,https://play-lh.googleusercontent.com/-i0o-MIRhjMQ/AAAAAAAAAAI/AAAAAAAAAAA/AMZuuclBIsk-P2G4iM-tPc1W5vyjcsc5-A/photo.jpg,kool,5,3,2,2019-04-19 15:38:32,,
gp:AOqpTOH7IZiPx7OZHF2G6eQLer31uf3qw4mB_fyaOzpqZpdgeq-2IUozc4Rblj2sICQZlL2aiIsZzKkmkwTqjIE,Manku Gumi Stewart Umpang,https://play-lh.googleusercontent.com/a-/AOh14GiTnwy60Gm3Cw-R3WBYL6Dafwo1Ep1Tl6Lum6rC,"Berisan menang, Good App",5,9,2,2019-04-14 11:34:32,,
gp:AOqpTOFp_1naxW8GM443F5vzg6ZtRyI64tZEO6dHmI-GOOrz9IIpaZ-tRwD3p-Ofy2GvCWaHa17wgErj_JB1WaY,Michael Gawlas,https://play-lh.googleusercontent.com/-8ahHRBSCgYQ/AAAAAAAAAAI/AAAAAAAAAAA/AMZuuckby0UuS12Z58x8vkDRn_gLjTUUdA/photo.jpg,good,3,2,2,2019-04-10 21:15:24,,
gp:AOqpTOGNerp9-7jdh3_9q1S_maNbwkKWeyFtxWbxf970UR8sEflRX_CFtCJwA5n1FJMWYo3IXnWHP1wYPzoc7qo,Twinkle Night,https://play-lh.googleusercontent.com/a-/AOh14Gicq5orEQjzBpUKpij2OQ2w9RhD9ufAbbP8ltSq,good slots game,5,7,2,2019-04-10 15:00:46,,
gp:AOqpTOE8gYVh4ovSVugSH3grPV3zGB6TIctph3cuQlpXkDDDVeDaLoB4wqI7_36L51UsVZNS-d3jvejb_ktxOXI,AandL Byrom,https://play-lh.googleusercontent.com/a-/AOh14Ghxk6-eWvzBJ7R8PzQLUYVh__4u7AR-WGGhGKns,awesome,5,5,2,2019-04-08 06:34:16,,
gp:AOqpTOFt47HM9yn4eEghL-bPAgvzchxxYky9gsZvPIjbdbwlrA-muhDz3cnm9fMf-JbPgdzSCFDJiugJ03d-d4c,Elizabeth Arvizo,https://play-lh.googleusercontent.com/a-/AOh14GjcBjbv1Gmhfl5LGvdtIx-_PG2aRuRh30G6xVYbNw,love it,5,1,2,2019-04-02 02:30:55,,
gp:AOqpTOH1U_sUPq6rFsZXNzptfA5Na5J-2mp1FLzPXsMCXCQ6vkzO-ZD_ptUBDsHG9vTscq65r86zQ_DIIBPnUvo,josh pipkin,https://play-lh.googleusercontent.com/a-/AOh14GiAa-uzQS6tlnq9sbmkpPNEXlAqMcaAnNNiLGcyow,good game,5,3,2,2019-03-30 03:45:41,,
gp:AOqpTOHHN4Cb6W2RfV6k1d8h1DoB6fKtm9E1RLj_a-Mb17HkjHPnbTEbCOOw6Bd1IKfSibtO5qDq-FYe8hbnPhQ,A Google user,https://play-lh.googleusercontent.com/EGemoI2NTXmTsBVtJqk8jxF9rh8ApRWfsIMQSt2uE4OcpQqbFu7f7NbTK05lx80nuSijCz7sc3a277R67g,very fun to play,4,10,2,2019-03-16 13:02:06,,
gp:AOqpTOFKE7knMF0bLovxBDpeLFD4-r4pRCn6WOoBfqTO2zI-0qxwROwp9jNMYkbMvwy_-xX7r7izJ5JweYEcfEE,just Sarah,https://play-lh.googleusercontent.com/a-/AOh14Gin9mAuNOFyEY7svRtR_2k_Gl7tJYEzXIPAuYT_v1Y,lame,1,4,,2019-03-13 04:22:22,,
gp:AOqpTOFXp4GtSeDDmB34ZH-ZPRKpz4QhWX-GyvDXchK8SqRfWa4lQ-ZAlLY9CC80PS1YHCQxlMiohbtjGLQZgzM,A Google user,https://play-lh.googleusercontent.com/EGemoI2NTXmTsBVtJqk8jxF9rh8ApRWfsIMQSt2uE4OcpQqbFu7f7NbTK05lx80nuSijCz7sc3a277R67g,good wins,5,1,2,2019-03-12 10:31:54,,
gp:AOqpTOFa2KB6kYO0THGgKw-ZH48zdEdeOVfAim7IspDx5tTHHbK_qP7EcGHU8oxrufc7ik1C7DYXmkCQwX1Sr_A,A Google user,https://play-lh.googleusercontent.com/EGemoI2NTXmTsBVtJqk8jxF9rh8ApRWfsIMQSt2uE4OcpQqbFu7f7NbTK05lx80nuSijCz7sc3a277R67g,pleasant,5,1,2,2019-03-02 06:19:20,,
gp:AOqpTOFxJJ5i4oxTH8I7oiZG99-13AdhPlec4vTs8M0-DYCiijB5BnXcVef_cPZ4r8LGd6YAAsJTlg2ERlTw0nQ,A Google user,https://play-lh.googleusercontent.com/EGemoI2NTXmTsBVtJqk8jxF9rh8ApRWfsIMQSt2uE4OcpQqbFu7f7NbTK05lx80nuSijCz7sc3a277R67g,fair,2,3,2,2019-02-24 16:00:49,,
gp:AOqpTOG-4wmSw1kAvJChUV66HX5Q8C8qb12w0FRMgNUVT68dFDZ9fshJtKIA4ipSmBSswgUum2eTht_pMSjNsl8,A Google user,https://play-lh.googleusercontent.com/EGemoI2NTXmTsBVtJqk8jxF9rh8ApRWfsIMQSt2uE4OcpQqbFu7f7NbTK05lx80nuSijCz7sc3a277R67g,awesome,5,5,,2019-02-03 21:30:51,,
gp:AOqpTOFHs4jN4BY9PhFEhf3cNfAyIzHD4ZFJ7Ah9s8D65Mxyo10M-RDYrivs4tNRSF4UqKSX4EzXxkktUDlmnCA,A Google user,https://play-lh.googleusercontent.com/EGemoI2NTXmTsBVtJqk8jxF9rh8ApRWfsIMQSt2uE4OcpQqbFu7f7NbTK05lx80nuSijCz7sc3a277R67g,its lots of fun,5,13,2,2019-01-24 08:35:56,,
gp:AOqpTOFYeYkf8zvnq5W1AMFE5Oc6_WUdZhhQDPNco-cfLKUXQKo-SwaZsc1vSGSa3G2b-QBzlJc3otJgIsyO8Pc,Olivia Rigdon,https://play-lh.googleusercontent.com/a-/AOh14GinYIwsKAjSnBqNX8ZB58TicFZHIE_Ns6Snf_eblQ,Don't like,2,33,2,2018-12-14 19:33:01,,
gp:AOqpTOHHS6gDLrgqV0xGBZoOSYzBBRogeyONtov-BlCrGtoDYy6F8aJW3AcNegO_Zb5ZT3J4DNglp7tQ78FYE24,Dave Theobald,https://play-lh.googleusercontent.com/a-/AOh14GgeEw8lZUxTScehS6MoC28Rj7vPx5h1Aa2vrraztg,Nice,4,1,2,2018-12-07 09:45:48,,
gp:AOqpTOHV6pBpaZV6_AuUw4SYMQcZbWiYLfUSRsx2eTu312OHodCNrWmBpQe1da29po1EKKgiBN4TSuyBW1c2WCE,John Rowland,https://play-lh.googleusercontent.com/a-/AOh14GhrJFrRQInm66BnxKChqJYzMs3nTwiFvTnS-Vpvow,Love it,5,2,2,2018-12-03 03:06:30,,
gp:AOqpTOGzfVPdxQQon9JIJ3bUQFsmqTiQD6pTRkyZOAUttfeYqq4TZZ3faZx-YdL9CGEzKTQD9UpcDDCVzZvIlFM,frank a,https://play-lh.googleusercontent.com/-w_Uf9NCEaNU/AAAAAAAAAAI/AAAAAAAAAAA/AMZuucl7z241tiOryT_Bb805friM0xE5Aw/photo.jpg,fun game to play.,5,8,2,2018-11-22 16:16:38,,
gp:AOqpTOFYCddG0GkdWIeKEHDkfOW082xX_DhkLxbpZIdyKJhwl6rkxUO-6gG0e4XLYdhThfbvAH7jZcpi-Ug0WxI,Tashaye baldwin,https://play-lh.googleusercontent.com/a-/AOh14GhfY15jLuxA80hf0F2qnRf4VyRrcN4b-4hmseSECQ,Super fun,5,1,2,2018-10-29 22:17:58,,
gp:AOqpTOEnoWfAnBwebMzuLQYEnvVK1cTWpWsD3bzoLIXjNvTPyP6Z1TMUy9wLa13-JGuAAOaBc4AV5jIfvoJH9p0,Lena Ford,https://play-lh.googleusercontent.com/a-/AOh14GgdTTYV-lJ_aOLBAQxYo5fUrSswY_lVC-8-y5PjCw,Love it,5,1,2,2018-10-28 03:29:56,,
gp:AOqpTOFLkNWJi2LmFyxayNOymyBI1VxLrX23twWQjNb-zQKRpG49fMxiZ5jFOOZIwdfIgywUFj2cyLAiVK3uFeI,Kevin Leachman,https://play-lh.googleusercontent.com/a-/AOh14Gh8YfFcP1o3y2kAVjaZ9Epx8VjzMeRbvjBCuwixFD0,its ok,5,2,2,2018-10-27 21:10:36,,
gp:AOqpTOG-2gQuDIJeQx0o0GwxMq4lL-LHcbeE1ErZY9i9lcIvlnud9Y9t8CxkZzaQs7rycUKrLbPcvHqZ77mM1gI,Paige Watts,https://play-lh.googleusercontent.com/a-/AOh14GiTOP9g84o0FHijGWyNbo8-yTgUBSvIsTF_1OPVyw,Hup Thanks,5,4,2,2018-10-11 09:55:33,,
gp:AOqpTOGSFtFeGxXwpYTt_yKJjPaiJEMLOY4WjTJIPSNaJD1aWs4RmFmcY8aFV7MX1sUodJ2m1zyh29gff7wYcs0,Margie Nazario,https://play-lh.googleusercontent.com/-CqSgYw92nLk/AAAAAAAAAAI/AAAAAAAAAAA/AMZuucn8bz2KuNeKuhLlJX5xNnfZFx45hw/photo.jpg,Feels like Vegas,5,12,2,2018-10-02 03:03:23,,
gp:AOqpTOH2IFf6NFdo8xREiZMD1g56IDGGK7-PSbwho9fa8shMwLRlyeC3GzJOFVXI7tyq7HHaJ1Ltg-MGr1U1Xas,Donna Merelli,https://play-lh.googleusercontent.com/-6MSVwlLwdxg/AAAAAAAAAAI/AAAAAAAAAAA/AMZuuckqLYGSVlVhefVRyc7WvQlLyur6nQ/photo.jpg,Been playing for a year. Never get the 200 bar in bonus play. Not enough winnings.,2,8,2,2018-09-09 04:01:55,,
gp:AOqpTOGnnIAgAE_WHp7CbD5Em5Kk40I--7mgsGr175fJga6C9N51UBdC-RuFlVM3uEgeBesPP0orFfQU8OK5NZQ,Jake Greco,https://play-lh.googleusercontent.com/-s9lf8XmsNHA/AAAAAAAAAAI/AAAAAAAAAAA/AMZuuckvRWu8-zr0cUC2Zovcm2NIDZfYkA/photo.jpg,More varietie,3,1,2,2018-07-29 00:45:05,,
gp:AOqpTOGou7zwu4jvX4FG71SNOg29Z9Mi11IQ0P-yD7qSBHuX2HCGyHImJAUROXn2eJgy6ekneY0Md2E-V8qup5g,Gail Andrews,https://play-lh.googleusercontent.com/a-/AOh14GiW7IrI42035yTLuVa_ynl71TMGtt9ythf-vxjFNQ,"So far only played one, but it's a good one!!",4,6,2,2018-06-27 21:00:29,,
gp:AOqpTOHQ00ihAp38yW0ENBGoexDd6dn_3RyHNjaDjQzgfZjH3Ljv3sRSmkbigpvW0v8lvyW4cS3VB4gtlzKeIdQ,A Google user,https://play-lh.googleusercontent.com/EGemoI2NTXmTsBVtJqk8jxF9rh8ApRWfsIMQSt2uE4OcpQqbFu7f7NbTK05lx80nuSijCz7sc3a277R67g,Fun,3,2,2,2018-06-20 08:51:20,,
gp:AOqpTOGd9bvFUDet4Frf3_Lg3ujbip0Lq-gb0KWNf7n-pu2raPrux5TT_DnKkgRgFjydST97nze3EV_S0QCuPU8,Martin Vaiz,https://play-lh.googleusercontent.com/a-/AOh14GiKyeXHiIvxCD9tYIE1UPzZQbIaC9ejwD6e6DpGWw,I really liked this game,4,8,2,2018-06-06 19:23:46,,
gp:AOqpTOGnbMsRbczwqm-DKKq4DUDtDIfGZIZEetcg5sKEn4ebYZgGAWQHfd78B50I7DMgoYyg-gkgVaLbk663npM,rob perez,https://play-lh.googleusercontent.com/-SK33PnUC3Ls/AAAAAAAAAAI/AAAAAAAAAAA/AMZuucmC3P4Eg7-8CW9ICSXRsiLgCBJHKw/photo.jpg,Awesome,5,3,2,2018-06-05 16:44:49,,
gp:AOqpTOEFtJyeChJRG8f788VthM9e4-qW85S6IK5N7kEaR3YM3dnz_iiOAUlBHmHZPUYUsERuKB4ti9GwU-CHm9Q,A Google user,https://play-lh.googleusercontent.com/EGemoI2NTXmTsBVtJqk8jxF9rh8ApRWfsIMQSt2uE4OcpQqbFu7f7NbTK05lx80nuSijCz7sc3a277R67g,Awesome,5,2,2,2018-06-02 11:14:55,,
gp:AOqpTOE6znjas_eo1hD_eFOC6wQajbpQuWyAx6k-KoI5tLDyJTt3Ulp_0El-IqeJUv5u5yY6A6GqVJ0HNWENM1g,Cody Lone wolf,https://play-lh.googleusercontent.com/-1TwesL6KnXo/AAAAAAAAAAI/AAAAAAAAAAA/AMZuucmm-UCqr6m7RbunnjIsFTSlIWSHFA/photo.jpg,"I love the game! A casino here has this game and I only play just this one! 
Thanx guys! !!",5,7,2,2018-06-02 00:50:38,,
gp:AOqpTOGamp5ngutLJaQN0IYEvHUesr4ZSwMUcW0C6w6HYIXtRFfpSLlC9Wtf3y8MoWUue7Md7c6-piXNq5-RdY8,Jon C,https://play-lh.googleusercontent.com/a-/AOh14GjbdSN6-RFjoFbZofJVaVgBjmOaFTTYnAu4m7OTuQ,Good game,4,2,2,2018-05-06 01:59:46,,
gp:AOqpTOEgQ7wMsOvC4pocKmJabhe1TAWxDvxNN7f-4nZ0lNpOlVgGy5jEGwkfoECfVRjeNQ3rFy_XzH3IyIM0cQE,Ashley Yott,https://play-lh.googleusercontent.com/a-/AOh14GiSNKFPFYo3uxbCvE8rSQZX5oU5nCJWhIbU2ZOVZ40,It never gives me my winning keeps robbing me of my winnings poor game cant keep up with loading,1,24,2,2018-04-08 23:33:42,,
gp:AOqpTOFWSUvoSYqKPJVOtGISXRlIdZodrxCxQYxGPDKE2dU7mIJU9gVYucxv6IjoCAQaR9VvGrNVYZOuF5SUftI,Grace Bristol,https://play-lh.googleusercontent.com/a-/AOh14GgBjuVH2F-hiis8-7QRy_kMLeiBj7Uya3Q9kmFsBw,Feels like real ones. No glitches.,5,7,2,2018-04-02 21:16:00,,
gp:AOqpTOEZAPj-JoDNQo8NCr374HkEIAPo2DTaO9uI_BqFcEr7jFdqsYU5Dg8MQ7LlltZpoJ9eJ0nOqsU0KNGzink,Gregory Slate,https://play-lh.googleusercontent.com/a-/AOh14Giasv9YH-BK5n5lE_1xPsC6WEhBlc6Sm92SLQLEfQ,Great app,5,6,2,2018-04-01 07:02:10,,
gp:AOqpTOHw8_dtsOonfn8GPCFQIIzN_VitAZPSLOtTUKgrUG65HbZvJ8rloy8I4ko_LGKP3HEfLQUQl6P2jJvRSfc,A Google user,https://play-lh.googleusercontent.com/EGemoI2NTXmTsBVtJqk8jxF9rh8ApRWfsIMQSt2uE4OcpQqbFu7f7NbTK05lx80nuSijCz7sc3a277R67g,Fun,5,5,2,2018-01-19 21:01:36,,
gp:AOqpTOG-QNa_wQd0BHWsw99rfG7Ks8HbfGUpav5hGF_8tV6FPqUC5vNpZrHDEppHo1mD-HVx7mfIZ7yAGnTevvE,A Google user,https://play-lh.googleusercontent.com/EGemoI2NTXmTsBVtJqk8jxF9rh8ApRWfsIMQSt2uE4OcpQqbFu7f7NbTK05lx80nuSijCz7sc3a277R67g,Love to play on these slots.  Real Vegas slot machines.love,5,17,2,2018-01-18 06:16:54,,
gp:AOqpTOF8lCF6zOfguxkpptwFsdsTqGxQWY5VVXL6gePWKwnsIVZtCpy4KI8RXzpTal23h26bXxN0ScJOK6jVaI0,A Google user,https://play-lh.googleusercontent.com/EGemoI2NTXmTsBVtJqk8jxF9rh8ApRWfsIMQSt2uE4OcpQqbFu7f7NbTK05lx80nuSijCz7sc3a277R67g,Great features but need to pay more,5,7,2,2018-01-04 13:33:10,,
gp:AOqpTOGzYykfkl51MZAZnT013VUbCQeXrMqRvWQ6bKwI2yn4q8xkgd0ZeoUNsbb25On4pPIKK8Dbp5F_PxfUGRY,Katie Thomas,https://play-lh.googleusercontent.com/a-/AOh14Gi7oSYJzUvv59SK7Y-dhYYQ0VT3TcGn9xqAXHdmEHw,FUN FUN,5,4,2,2017-12-29 06:45:34,,
gp:AOqpTOHhyFeqPMC7XZHvmOnz76_6Xk2iaX2Q7TzwPvvWOmwQyY8Twd8odlPLopYqT-1OA7Wd1JF9yk_h7C7p1BE,Kaitlyn Reynolds,https://play-lh.googleusercontent.com/a-/AOh14Ggp_K3ou-viG8V5g9leOkKlA4-RZ_OKBVSptOWXWg,Great,5,3,,2017-11-18 04:42:49,,
gp:AOqpTOEMTzLfRBTCapiiH5TxbyqC2u3BeP1-Pxgi6hnltR7xCjeojyEDlGoA7RRK_gM_xekk-n8h_0CzO6jumJ8,dorothy neelys,https://play-lh.googleusercontent.com/-N6MABKnI0gI/AAAAAAAAAAI/AAAAAAAAAAA/AMZuucmMmDVAQgp3U2hoGXxJCQBMbyIAXg/photo.jpg,It sucks wish I could had got my 1dollar back.,1,18,2,2017-11-13 23:51:24,,
gp:AOqpTOEeV3YbSxUlBmIwbyU-wTu1IvNleYKRKqgoua4NW8U3v8w2hvWeoZ-nWvH9bwwgSaWJC4SuP0eXOuLoalI,Brandy McKinsey,https://play-lh.googleusercontent.com/a-/AOh14Gj0nQDMBJjW6bXfQM1PR7z6trCWDfUUnsjq4fD6-g,This is way more fun than the other games love it im so addicted!!!,5,19,2,2017-10-25 23:31:02,,
gp:AOqpTOG1hH0tiYNPVBqVw6kwCEsdNP18BkGE6FwIctaMTReecphzppuI9R81lt5tEwmOBiWOLY_kNubte7_8bWs,sallye edwards,https://play-lh.googleusercontent.com/a-/AOh14GiBNQlSS4AbnWNu9_mWMvYhLC3StEM1EnYMy8bDjQ,Like,5,11,2,2017-10-21 15:08:23,,
gp:AOqpTOFlak61CzhLm1UsHj6yGIWeQXq0gx4ZT35SsoFPKEtgsSgDHxe1iKV0yFR6echGSt5QX7cYfI9RxgceILQ,Nicholas Robertson,https://play-lh.googleusercontent.com/a-/AOh14GiLbDc9eQNk87Lt8mrvcnmcQun3Ea0QN8nJm8aPog,Good so far,5,6,2,2017-09-27 23:44:20,,
gp:AOqpTOFtWYDaraVqNsW_RjhVXvsJMaBEzJ1XgkUaCwskF0zSXdmxe11vreXgn94kuXLiV0m2PPP2LL-HRAmtweI,Bruce Miner,https://play-lh.googleusercontent.com/a-/AOh14GgoqVisVPtJNfJTI0n_OI6ecixegH5deXcFEApBXLw,"So much better than the free one, play it daily",5,10,2,2017-09-13 11:11:34,,
gp:AOqpTOFkCI5Nwg8cDTmuBwfKDCVaaLjgfZWVLfYOBDkS1-d0Gei77OEHHl6Z22vjjsGkByOyus4R0IaSyw5ys4M,Tonya Urban,https://play-lh.googleusercontent.com/-Y_ORpINQO5Q/AAAAAAAAAAI/AAAAAAAAAAA/AMZuuckIZ_7gcfLeD8TIw43ZQzeVLxFEcA/photo.jpg,Super easy to play,4,10,2,2017-08-13 15:51:44,,
gp:AOqpTOH4piv8WtH8oST1gQfn5vPRsQplCDspZgTHC-fn0bwMmN_1KK1Pwavx0BgyDdZdlmrAWJLnFk5tcGZp23k,Tina Gillespie,https://play-lh.googleusercontent.com/-ZLTH2IsflUE/AAAAAAAAAAI/AAAAAAAAAAA/AMZuucknkKwjpnZw91JfcemZh7H7JWJarA/photo.jpg,I wish it had more than one slot machine to play.,3,14,2,2017-07-26 07:09:32,,
gp:AOqpTOFdhMa6nJU_44y9v-__HiIkuwXrS4CMgJYY-s_Fo7JWcNdPvfA7sbPUgztnYCZLVULy3YFSxSR9U4Q1oLA,Mona Katz,https://play-lh.googleusercontent.com/-ZYI7uLF5NA0/AAAAAAAAAAI/AAAAAAAAAAA/AMZuucmYuAhrH-3bKP94MAwk6FQivOFkvA/photo.jpg,It's fun to play.,5,8,2,2017-06-05 09:05:24,,
gp:AOqpTOEM7Kz-azxcaYpjrFEk7vQfBSxjMTJxh5rOlnpoMvNcMAH9EwfcVSc98YPO6lpIA1tXavJaGA3S1PcsYZc,A Google user,https://play-lh.googleusercontent.com/EGemoI2NTXmTsBVtJqk8jxF9rh8ApRWfsIMQSt2uE4OcpQqbFu7f7NbTK05lx80nuSijCz7sc3a277R67g,Cool,5,6,2,2017-05-18 19:30:56,,
gp:AOqpTOGYkORwEqKPhlY8do-P44nNO1SHsEUNgJ7FYJJnnE1EvoboRaDd2vwEyNhYURluJbWn-i7YuC03HauB6pU,Meagan Smith,https://play-lh.googleusercontent.com/-PtH5txl7Fbc/AAAAAAAAAAI/AAAAAAAAAAA/AMZuuclgIJFCur5THUrcfeJ-3snjIPgcBA/photo.jpg,LOVE it wish to get for Free,5,11,2,2017-01-27 22:02:39,,
gp:AOqpTOEmeNyoaRScudXZe0xkhdLbprEx_AHcHcesoij-vOr5ZDeWb5QjWBW_AMZtk9T-86qnRzF9rmMT5ztcLXc,John Gonzales,https://play-lh.googleusercontent.com/-4Kq6ug3M8Ng/AAAAAAAAAAI/AAAAAAAAAAA/AMZuucnIKOeoHJfYOdclk38YHY7VZcINOg/photo.jpg,I love this game.,5,14,2,2017-01-23 13:30:39,,
gp:AOqpTOHNVs9491QRTkTBwboDvnJZfdhB-WJ68ePtbjoZkzB9L54-dAUDMWEQm9ueWyWvjaon6gAAFpbx_dC39Ps,A Google user,https://play-lh.googleusercontent.com/EGemoI2NTXmTsBVtJqk8jxF9rh8ApRWfsIMQSt2uE4OcpQqbFu7f7NbTK05lx80nuSijCz7sc3a277R67g,"I really like this slot machine. One of the better ones on here. The premium version is the way to go, there are no ads and you start off with more money. I'll be playing this for a while.",5,11,1,2016-10-12 14:52:45,,
