reviewId,userName,userImage,content,score,thumbsUpCount,reviewCreatedVersion,at,replyContent,repliedAt
gp:AOqpTOFtJyvCldmddfqcaYVF2kW5I7CG_Lr2AZw7NQSF36-GPI8Xwe-FvB9ytKnvI14IwBtbrooL4cgzXAJkEhA,James Dejarnett,https://play-lh.googleusercontent.com/-bsET-cxvqEI/AAAAAAAAAAI/AAAAAAAAAAA/AMZuuck_9Yi6aQifFb4CEUHwYcYCJ8Q-Cw/photo.jpg,Cool,5,0,1.0.0,2021-01-15 08:43:04,,
gp:AOqpTOGFsmDfIOuz_ajqLwUEKq7Vq6NbeL2FdjzavtZsoic2YEykV2SSDZNWnJMrNVfxfknR7sSLSYWx-pW-iIk,Marcelo H,https://play-lh.googleusercontent.com/a-/AOh14Giy5JZNIjjMSCD_DSFUyM674ko-hZ_dC6jN6EV-3A,Impossible to play. Do you even test on Android?,1,0,,2020-12-19 03:38:14,,
gp:AOqpTOFFjLhuq8oBvJYz2Lcp5abEU0juJAFgz0UORBYbjenjw5MngIMnN6RaHM-vhGB-q1dLqPJDjp9omgCyo3Q,Michelle Land,https://play-lh.googleusercontent.com/-h9hIEUKdv9g/AAAAAAAAAAI/AAAAAAAAAAA/AMZuucm9GIYHFZ5KOAy5Vs5FRPPZ0_4pWw/photo.jpg,I love this game,5,1,,2020-01-22 14:37:46,,
gp:AOqpTOHs_LuzmAnck4GNYKeFbXHWAyheMNSWWjUfzbRFFphnsDzb55hi0jgz3Vh4PKK7PMFQoaf_z-h_o4IVyCQ,Michelle D.,https://play-lh.googleusercontent.com/a-/AOh14Gj3XLyntNPEIO4p9z5dBHmf2Y2GPBlAmpdCHrcTPA,screen just flickers then goes black,1,9,,2019-08-04 08:13:21,,
gp:AOqpTOHeuMxY8A0PT67EME_e1xx1aMK4SamYUWpmhEhDg9vv8auy5CyOQ4sPw_D9t3MgmY7C2m7_Y_-kEVlXGY8,Awesome Cat,https://play-lh.googleusercontent.com/a-/AOh14GhrFVIQE1Zd5NLUpUC0YT75Uk-Iqh5yiMoI0v2X_A,Very fun and educational. Is there a way to adjust the game screen to the phone when I tilt the phone so the size could adjust to the phone. Instead of being a small game screen.,4,2,1.0.0,2019-05-11 12:02:40,,
gp:AOqpTOElzsCZA6-DolIdsP8sP2CIp6kjzTqfiIPSMgPr_lTFg4T3hdzAHL9TMD0yzPCPVqBgNNqi0OlMQilTPdg,Correy Henshaw,https://play-lh.googleusercontent.com/-Im7FZYFbNSI/AAAAAAAAAAI/AAAAAAAAAAA/AMZuucnalWi74muVv3OR5-4lcrDEt0FEBg/photo.jpg,does not work dont bother i wont refund,1,1,,2019-05-09 11:05:25,,
gp:AOqpTOF-0az6YHWfOK85ytSahFX-dTwG7oruW4PuFpjMpGUrqBcC7_XNNuZhjV-RFYoo1a4gIGRis2WNitYtQ44,Heidi Klahn,https://play-lh.googleusercontent.com/-QQnQnO_rou0/AAAAAAAAAAI/AAAAAAAAAAA/AMZuucnE88zYTvTwVu2hhhIIClNQ2_oddA/photo.jpg,My kid loves it but it keeps freezing on the experiment with the quilled dinosaur. She hides but then cant do anything and the thing stops coming out of the hole. She cant move to the next experiment until she finishes that one!,2,9,1.0.0,2019-04-05 06:58:13,,
gp:AOqpTOHG-DaUS4TL-eFUZC_uV6kJUGBKAe48OJmcwLHPTQZJsPWBn2uF3qtqdRFoIn9ozXMwR5WrWD-DXsljo84,Susmita Augni,https://play-lh.googleusercontent.com/-fP2ElOvmMBk/AAAAAAAAAAI/AAAAAAAAAAA/AMZuucloFGvcYDONzFmK8tXQTsM_bZQ9Qg/photo.jpg,Bought the game but didnt work. Requested for refund,1,11,,2019-03-15 20:29:57,,
gp:AOqpTOGON4APrguEqOCI7dOr4aVrndRtMvsq6YoNgzv1JG-aV4RCmhJLjk9wYyXgfofPomNkIkDOMAGpnbFkQKw,A Google user,https://play-lh.googleusercontent.com/EGemoI2NTXmTsBVtJqk8jxF9rh8ApRWfsIMQSt2uE4OcpQqbFu7f7NbTK05lx80nuSijCz7sc3a277R67g,Ugly,1,2,1.0.0,2018-07-18 01:06:06,,
