reviewId,userName,userImage,content,score,thumbsUpCount,reviewCreatedVersion,at,replyContent,repliedAt
gp:AOqpTOEVLImMdNJL_U43_WpxxF3o9FsUDendDhBYwirbCZHTigVXRqskPM3iEmNtnG2PyGCTnkCAEiUjsT8dFA,baleigh,https://play-lh.googleusercontent.com/a-/AOh14GhZMdCEA43es9t3CNZvhSB9KQH_KYA0XwYy_WXqVg,I like it a lot though but can you just make a landing pad and well and make more cities will you could just fly off and you don't even have to like go a few inches away pictures press a button take off and go to your city and can you please make all of the San Diego many games free around the world cuz I'm tired of paying for them and I don't and I 1 which is San Diego mini Airport and I just wish you could just like I don't like more stuff like the cafe cuz all you do is the cafe you check in,4,32,,2020-06-20 19:00:10,,
gp:AOqpTOFv3PzTxLfACOPKpOxTtuJPjJbNIiKsI--ZrxTBT1hiDfD0UUM3C5ynVIHNFYwNzvv-i_6pw6iqHImvpA,Todd Meyer,https://play-lh.googleusercontent.com/a-/AOh14Ghpik08NM9h1DQBAydHhnq93K7OrL2GRyp2QXcLHw,"Really fun, but runs pretty slow/choppy compared to the farm game",4,31,1.0,2020-05-29 13:04:11,,
gp:AOqpTOHrmenUVAp6c0xbNGFF-gHZuJ0A9aejJrnXyA-lqY1kU7bSpW6iUknzy9CUxf7kGHw-T5QlFlS_dMPtjA,marsh corpse,https://play-lh.googleusercontent.com/a-/AOh14GgxH2yBWYjk3R1KAeYNtw2RiIquoiwFa6iQLYGkeg,FUN,5,20,,2020-03-07 09:53:16,,
gp:AOqpTOH1extKgohz9dMTYJrqrryeEQaut0K9YI7tqf218stJ8Q9Le07R46xNkj_LuTMVsPhNLltRR8BtKcaEhA,Kevin Soibel,https://play-lh.googleusercontent.com/-1DGYqXjLYp8/AAAAAAAAAAI/AAAAAAAAAAA/AMZuuckR3bt-Ql_jdyNHJy5z_FZP6Ev1gA/photo.jpg,Please make it so the plane can go to real cities and not just a few inches away?????????? That's the problem now fix it or I am giving this one star!!!!!!!!!!!!,3,67,,2019-10-17 16:12:08,,
gp:AOqpTOFaSs-mriv1ndormngwuXIRWnvs2gzlhyfpBOl0Q3Kf-x6dRo6meVP6os_uBMMpnuSsGe62UfKz2zhubw,Bailey Flewelling,https://play-lh.googleusercontent.com/-1Utr5ekf4GQ/AAAAAAAAAAI/AAAAAAAAAAA/AMZuuclWb-vfDZs3QEyKTd60mSwfn2OYHQ/photo.jpg,I love it 😘😘😘☺☺☺😁😁😁😂😂😂🙌,5,84,1.0,2019-07-24 12:46:02,We're so glad you love it! &lt;3,2019-07-29 08:00:24
